id,time,frame_num,class,conf,x,y,w,h
1,0.0,0,2.0,0.7446503043174744,535,660,134,157
2,0.0,0,2.0,0.6778250336647034,645,588,117,111
3,0.0,0,2.0,0.5939706563949585,1882,550,74,33
4,0.0,0,2.0,0.4215564727783203,967,356,38,36
5,0.0,0,2.0,0.4160758852958679,1776,592,82,41
6,0.0,0,2.0,0.36621713638305664,339,271,40,30
7,0.0,0,9.0,0.30915752053260803,982,82,34,54
8,0.0,0,2.0,0.2503396272659302,950,353,76,41
1,0.03333487661465809,1,2.0,0.7446503043174744,535,660,134,157
2,0.03333487661465809,1,2.0,0.6778250336647034,645,588,117,111
3,0.03333487661465809,1,2.0,0.5939706563949585,1882,550,74,33
4,0.03333487661465809,1,2.0,0.4215564727783203,967,356,38,36
5,0.03333487661465809,1,2.0,0.4160758852958679,1776,592,82,41
6,0.03333487661465809,1,2.0,0.36621713638305664,339,271,40,30
7,0.03333487661465809,1,9.0,0.30915752053260803,982,82,34,54
8,0.03333487661465809,1,2.0,0.2503396272659302,950,353,76,41
1,0.06666975322931618,2,2.0,0.7719598412513733,542,672,135,161
2,0.06666975322931618,2,2.0,0.7414003610610962,653,597,118,115
3,0.06666975322931618,2,2.0,0.5772749781608582,1879,551,78,32
5,0.06666975322931618,2,2.0,0.34409165382385254,1774,593,77,41
6,0.06666975322931618,2,2.0,0.28814011812210083,340,273,41,30
7,0.06666975322931618,2,9.0,0.2914777100086212,982,82,35,54
8,0.06666975322931618,2,2.0,0.5530364513397217,945,352,73,37
1,0.10000462984397426,3,2.0,0.6935319304466248,550,686,138,165
2,0.10000462984397426,3,2.0,0.6765852570533752,663,608,124,119
3,0.10000462984397426,3,2.0,0.5671074986457825,1876,551,84,33
5,0.10000462984397426,3,2.0,0.2869464159011841,1772,593,72,42
6,0.10000462984397426,3,2.0,0.3271002471446991,341,274,41,30
7,0.10000462984397426,3,9.0,0.287038117647171,982,82,35,54
8,0.10000462984397426,3,2.0,0.48858195543289185,939,349,65,36
1,0.13333950645863235,4,2.0,0.8433361053466797,559,700,145,169
2,0.13333950645863235,4,2.0,0.7668083310127258,676,621,126,121
3,0.13333950645863235,4,2.0,0.6888874173164368,1873,552,87,33
5,0.13333950645863235,4,2.0,0.3617616891860962,1767,593,69,41
6,0.13333950645863235,4,2.0,0.2263028919696808,344,276,41,30
7,0.13333950645863235,4,9.0,0.302555650472641,982,81,35,54
8,0.13333950645863235,4,2.0,0.41823509335517883,932,346,58,36
1,0.16667438307329044,5,2.0,0.7892236709594727,569,715,152,175
2,0.16667438307329044,5,2.0,0.7918910384178162,689,634,129,124
3,0.16667438307329044,5,2.0,0.6305036544799805,1868,552,87,33
5,0.16667438307329044,5,2.0,0.38232046365737915,1764,592,67,39
6,0.16667438307329044,5,2.0,0.2721089720726013,345,278,42,30
7,0.16667438307329044,5,9.0,0.323250949382782,982,81,35,54
8,0.16667438307329044,5,2.0,0.4342328906059265,919,342,63,38
1,0.20000925968794853,6,2.0,0.7525629997253418,580,731,157,182
2,0.20000925968794853,6,2.0,0.7835585474967957,702,648,131,127
3,0.20000925968794853,6,2.0,0.6730965971946716,1864,552,87,33
5,0.20000925968794853,6,2.0,0.3025166094303131,1760,592,64,36
6,0.20000925968794853,6,2.0,0.4554254114627838,347,280,42,31
7,0.20000925968794853,6,9.0,0.3094725012779236,982,81,35,55
8,0.20000925968794853,6,2.0,0.4823964536190033,911,339,64,37
1,0.23334413630260661,7,2.0,0.5720402598381042,590,747,159,188
2,0.23334413630260661,7,2.0,0.633517861366272,716,662,135,131
3,0.23334413630260661,7,2.0,0.7020900249481201,1860,553,84,33
5,0.23334413630260661,7,2.0,0.3853755593299866,1757,592,57,32
6,0.23334413630260661,7,2.0,0.5617560744285583,349,282,43,31
7,0.23334413630260661,7,9.0,0.2975514829158783,982,81,35,55
8,0.23334413630260661,7,2.0,0.3888659179210663,904,337,63,34
10,0.23334413630260661,7,2.0,0.4963977634906769,1904,602,28,32
1,0.2666790129172647,8,2.0,0.7259472012519836,603,762,164,197
2,0.2666790129172647,8,2.0,0.6626425385475159,730,676,141,137
3,0.2666790129172647,8,2.0,0.7372754216194153,1855,553,87,35
5,0.2666790129172647,8,2.0,0.330502450466156,1750,591,56,30
6,0.2666790129172647,8,2.0,0.5198662877082825,351,284,44,32
7,0.2666790129172647,8,9.0,0.27583611011505127,982,81,35,55
8,0.2666790129172647,8,2.0,0.38574180006980896,895,334,63,34
10,0.2666790129172647,8,2.0,0.6242156624794006,1902,602,32,34
1,0.30001388953192276,9,2.0,0.8110963106155396,613,780,170,204
2,0.30001388953192276,9,2.0,0.7708566784858704,744,691,143,139
3,0.30001388953192276,9,2.0,0.7543573975563049,1850,554,88,35
5,0.30001388953192276,9,2.0,0.2893611192703247,1746,590,56,29
6,0.30001388953192276,9,2.0,0.6574215888977051,354,286,42,33
7,0.30001388953192276,9,9.0,0.29334455728530884,982,81,35,55
8,0.30001388953192276,9,2.0,0.21835815906524658,887,331,62,36
10,0.30001388953192276,9,2.0,0.617324948310852,1900,602,36,38
1,0.3333487661465809,10,2.0,0.8380770087242126,625,800,177,209
2,0.3333487661465809,10,2.0,0.7905548214912415,759,706,150,142
3,0.3333487661465809,10,2.0,0.6952436566352844,1845,553,89,36
6,0.3333487661465809,10,2.0,0.5557608604431152,357,289,43,33
7,0.3333487661465809,10,9.0,0.31627005338668823,982,81,35,55
8,0.3333487661465809,10,2.0,0.2608569860458374,881,329,60,34
10,0.3333487661465809,10,2.0,0.6514703035354614,1897,602,43,42
1,0.36668364276123894,11,2.0,0.7725548148155212,638,820,182,215
2,0.36668364276123894,11,2.0,0.7879934310913086,777,723,154,150
3,0.36668364276123894,11,2.0,0.7109255194664001,1840,553,88,37
6,0.36668364276123894,11,2.0,0.5066114664077759,359,292,46,34
7,0.36668364276123894,11,9.0,0.2842012345790863,982,81,35,55
8,0.36668364276123894,11,2.0,0.17348051071166992,874,325,62,36
10,0.36668364276123894,11,2.0,0.6716956496238708,1894,603,49,46
11,0.36668364276123894,11,2.0,0.41397103667259216,263,257,29,26
1,0.40001851937589705,12,2.0,0.8153034448623657,651,842,188,227
2,0.40001851937589705,12,2.0,0.829187273979187,793,740,160,158
3,0.40001851937589705,12,2.0,0.7142770290374756,1836,553,86,38
6,0.40001851937589705,12,2.0,0.4883010685443878,362,294,48,35
7,0.40001851937589705,12,9.0,0.2710690498352051,982,81,35,55
8,0.40001851937589705,12,2.0,0.28462567925453186,866,323,61,37
10,0.40001851937589705,12,2.0,0.6954357624053955,1891,603,55,47
11,0.40001851937589705,12,2.0,0.552189290523529,264,259,29,26
1,0.4333533959905551,13,2.0,0.7016971111297607,667,856,194,221
2,0.4333533959905551,13,2.0,0.7894737720489502,811,758,165,161
3,0.4333533959905551,13,2.0,0.6678969264030457,1831,553,86,38
6,0.4333533959905551,13,2.0,0.569758415222168,364,295,47,35
7,0.4333533959905551,13,9.0,0.2762851417064667,982,81,35,55
8,0.4333533959905551,13,2.0,0.33943232893943787,860,321,59,35
10,0.4333533959905551,13,2.0,0.7354632019996643,1888,603,61,48
11,0.4333533959905551,13,2.0,0.48711323738098145,265,259,30,26
1,0.46668827260521323,14,2.0,0.3961738049983978,682,865,201,204
2,0.46668827260521323,14,2.0,0.717780590057373,829,775,169,166
3,0.46668827260521323,14,2.0,0.5646162033081055,1827,553,86,38
6,0.46668827260521323,14,2.0,0.527716338634491,367,297,46,36
7,0.46668827260521323,14,9.0,0.28255602717399597,982,81,35,55
8,0.46668827260521323,14,2.0,0.2075090855360031,854,319,54,36
10,0.46668827260521323,14,2.0,0.723084568977356,1885,605,67,49
11,0.46668827260521323,14,2.0,0.4197538495063782,265,261,30,26
1,0.5000231492198713,15,2.0,0.7829018235206604,696,901,210,237
2,0.5000231492198713,15,2.0,0.7968125343322754,849,795,176,174
3,0.5000231492198713,15,2.0,0.6768028736114502,1821,553,83,39
6,0.5000231492198713,15,2.0,0.4882069528102875,369,300,46,37
7,0.5000231492198713,15,9.0,0.304244726896286,982,81,35,55
8,0.5000231492198713,15,2.0,0.32241368293762207,847,316,58,36
10,0.5000231492198713,15,2.0,0.7540647387504578,1883,605,71,50
11,0.5000231492198713,15,2.0,0.46261200308799744,265,261,30,26
1,0.5333580258345294,16,2.0,0.6818443536758423,713,928,218,256
2,0.5333580258345294,16,2.0,0.8125569224357605,868,816,184,179
3,0.5333580258345294,16,2.0,0.6148943305015564,1817,553,86,40
6,0.5333580258345294,16,2.0,0.47679662704467773,370,302,46,37
7,0.5333580258345294,16,9.0,0.32160791754722595,982,81,35,55
8,0.5333580258345294,16,2.0,0.28704845905303955,841,313,56,33
10,0.5333580258345294,16,2.0,0.7540950179100037,1880,605,77,49
11,0.5333580258345294,16,2.0,0.332290917634964,266,262,32,26
1,0.5666929024491875,17,2.0,0.753790020942688,731,950,228,254
2,0.5666929024491875,17,2.0,0.6916860938072205,890,838,190,185
3,0.5666929024491875,17,2.0,0.7025320529937744,1813,554,84,40
6,0.5666929024491875,17,2.0,0.46012231707572937,373,305,48,36
7,0.5666929024491875,17,9.0,0.27674224972724915,982,81,35,55
8,0.5666929024491875,17,2.0,0.21920526027679443,837,312,49,31
10,0.5666929024491875,17,2.0,0.7519510388374329,1878,607,81,49
11,0.5666929024491875,17,2.0,0.4591135084629059,267,264,31,27
1,0.6000277790638455,18,2.0,0.6982054710388184,745,962,240,235
2,0.6000277790638455,18,2.0,0.8146604895591736,913,861,197,193
3,0.6000277790638455,18,2.0,0.7498776316642761,1809,555,83,40
6,0.6000277790638455,18,2.0,0.4275958240032196,374,307,48,36
7,0.6000277790638455,18,9.0,0.2717515528202057,982,81,35,55
8,0.6000277790638455,18,2.0,0.17712178826332092,832,309,44,30
10,0.6000277790638455,18,2.0,0.732530951499939,1875,608,86,49
11,0.6000277790638455,18,2.0,0.30931520462036133,269,267,32,29
1,0.6333626556785037,19,2.0,0.7342042326927185,760,974,243,210
2,0.6333626556785037,19,2.0,0.8044422268867493,937,886,205,201
3,0.6333626556785037,19,2.0,0.7403196096420288,1804,556,84,39
6,0.6333626556785037,19,2.0,0.49100354313850403,377,309,48,38
7,0.6333626556785037,19,9.0,0.2712518870830536,982,81,35,55
8,0.6333626556785037,19,2.0,0.2259916067123413,823,307,53,32
10,0.6333626556785037,19,2.0,0.7671957612037659,1871,609,91,49
14,0.6333626556785037,19,2.0,0.3991982340812683,304,233,31,23
1,0.6666975322931618,20,2.0,0.5849826335906982,777,987,234,185
2,0.6666975322931618,20,2.0,0.7685642838478088,962,908,213,205
3,0.6666975322931618,20,2.0,0.7016568183898926,1800,555,85,41
6,0.6666975322931618,20,2.0,0.6320158243179321,380,311,49,40
7,0.6666975322931618,20,9.0,0.2433585524559021,982,81,35,55
8,0.6666975322931618,20,2.0,0.3415713310241699,817,305,53,31
10,0.6666975322931618,20,2.0,0.7568761110305786,1866,609,88,49
14,0.6666975322931618,20,2.0,0.362700879573822,304,233,30,24
11,0.6666975322931618,20,2.0,0.27696582674980164,272,272,33,28
1,0.7000324089078198,21,2.0,0.20387087762355804,798,1000,230,159
2,0.7000324089078198,21,2.0,0.7637227177619934,988,932,223,205
3,0.7000324089078198,21,2.0,0.6684860587120056,1795,556,88,40
6,0.7000324089078198,21,2.0,0.712517499923706,383,314,47,41
7,0.7000324089078198,21,9.0,0.25934356451034546,982,81,35,55
8,0.7000324089078198,21,2.0,0.2580200433731079,813,303,48,30
10,0.7000324089078198,21,2.0,0.7405886650085449,1860,610,88,50
14,0.7000324089078198,21,2.0,0.3645800054073334,305,234,29,23
11,0.7000324089078198,21,2.0,0.3429412543773651,273,274,34,27
2,0.7333672855224779,22,2.0,0.644463062286377,1016,959,233,214
3,0.7333672855224779,22,2.0,0.6169919371604919,1790,556,88,43
6,0.7333672855224779,22,2.0,0.7491764426231384,387,317,49,41
7,0.7333672855224779,22,9.0,0.2596881091594696,982,81,35,55
8,0.7333672855224779,22,2.0,0.11020715534687042,807,301,50,29
10,0.7333672855224779,22,2.0,0.7585670351982117,1853,610,89,48
14,0.7333672855224779,22,2.0,0.41736772656440735,305,235,30,23
11,0.7333672855224779,22,2.0,0.2500353157520294,273,276,34,26
2,0.766702162137136,23,2.0,0.4334701597690582,1055,978,264,202
3,0.766702162137136,23,2.0,0.6906574964523315,1784,557,88,42
6,0.766702162137136,23,2.0,0.752147912979126,390,320,50,41
7,0.766702162137136,23,9.0,0.23870855569839478,982,81,35,55
8,0.766702162137136,23,2.0,0.11974538862705231,800,299,51,31
10,0.766702162137136,23,2.0,0.7254980206489563,1850,611,87,47
14,0.766702162137136,23,2.0,0.4293506443500519,308,236,31,23
11,0.766702162137136,23,2.0,0.2642990052700043,275,277,36,26
2,0.8000370387517941,24,2.0,0.10668860375881195,1077,992,263,175
3,0.8000370387517941,24,2.0,0.7414587140083313,1778,559,87,41
6,0.8000370387517941,24,2.0,0.7135831117630005,392,323,50,43
7,0.8000370387517941,24,9.0,0.24528710544109344,982,81,35,55
8,0.8000370387517941,24,2.0,0.3230396509170532,793,297,50,31
10,0.8000370387517941,24,2.0,0.7200711369514465,1844,612,86,46
14,0.8000370387517941,24,2.0,0.4516802728176117,309,238,31,23
11,0.8000370387517941,24,2.0,0.43826529383659363,276,278,37,26
3,0.8333719153664522,25,2.0,0.6787132620811462,1773,560,85,39
6,0.8333719153664522,25,2.0,0.6462572813034058,394,326,50,42
7,0.8333719153664522,25,9.0,0.2452399730682373,982,81,35,54
8,0.8333719153664522,25,2.0,0.2826644778251648,790,295,46,29
10,0.8333719153664522,25,2.0,0.6794724464416504,1839,612,83,45
14,0.8333719153664522,25,2.0,0.31853175163269043,312,240,32,24
11,0.8333719153664522,25,2.0,0.373157262802124,276,278,37,27
3,0.8667067919811102,26,2.0,0.6847056150436401,1768,561,84,38
6,0.8667067919811102,26,2.0,0.6541371941566467,397,330,51,41
7,0.8667067919811102,26,9.0,0.2692940831184387,982,81,35,54
8,0.8667067919811102,26,2.0,0.15356950461864471,783,293,46,28
10,0.8667067919811102,26,2.0,0.6797089576721191,1833,612,81,42
14,0.8667067919811102,26,2.0,0.43368399143218994,313,242,31,25
11,0.8667067919811102,26,2.0,0.5019123554229736,278,279,37,28
3,0.9000416685957684,27,2.0,0.6805369853973389,1763,560,84,39
6,0.9000416685957684,27,2.0,0.5309483408927917,400,334,53,42
7,0.9000416685957684,27,9.0,0.2669770121574402,982,81,35,54
8,0.9000416685957684,27,2.0,0.211369127035141,776,292,46,27
10,0.9000416685957684,27,2.0,0.5371943116188049,1828,611,80,40
14,0.9000416685957684,27,2.0,0.5556362867355347,314,243,31,27
11,0.9000416685957684,27,2.0,0.4571332037448883,278,280,39,27
3,0.9333765452104265,28,2.0,0.7554823756217957,1758,561,87,39
6,0.9333765452104265,28,2.0,0.5010106563568115,404,336,55,45
7,0.9333765452104265,28,9.0,0.2703936696052551,982,81,35,54
8,0.9333765452104265,28,2.0,0.29482588171958923,770,289,46,27
10,0.9333765452104265,28,2.0,0.5952998399734497,1824,613,77,41
14,0.9333765452104265,28,2.0,0.4834640622138977,315,244,30,28
11,0.9333765452104265,28,2.0,0.4339247941970825,279,282,39,28
3,0.9667114218250845,29,2.0,0.7134717702865601,1753,562,88,39
6,0.9667114218250845,29,2.0,0.6929507255554199,407,339,52,45
7,0.9667114218250845,29,9.0,0.2478913962841034,982,81,35,54
8,0.9667114218250845,29,2.0,0.1687917858362198,764,287,47,27
10,0.9667114218250845,29,2.0,0.5708140730857849,1821,613,73,41
14,0.9667114218250845,29,2.0,0.47190171480178833,316,246,31,28
11,0.9667114218250845,29,2.0,0.5012595653533936,281,284,39,31
3,1.0000462984397427,30,2.0,0.7023736238479614,1748,563,89,39
6,1.0000462984397427,30,2.0,0.7276497483253479,411,342,52,42
7,1.0000462984397427,30,9.0,0.239471435546875,982,81,35,54
10,1.0000462984397427,30,2.0,0.5604404211044312,1815,611,72,38
14,1.0000462984397427,30,2.0,0.557330310344696,317,247,31,28
11,1.0000462984397427,30,2.0,0.4171578586101532,281,288,39,34
3,1.0333811750544006,31,2.0,0.6758082509040833,1743,563,90,38
6,1.0333811750544006,31,2.0,0.7097650170326233,414,346,55,45
7,1.0333811750544006,31,9.0,0.23517923057079315,982,81,35,54
10,1.0333811750544006,31,2.0,0.42995333671569824,1810,610,69,36
14,1.0333811750544006,31,2.0,0.4213069975376129,319,248,32,27
11,1.0333811750544006,31,2.0,0.4966259300708771,282,290,39,37
3,1.0667160516690588,32,2.0,0.6531180739402771,1739,563,89,36
6,1.0667160516690588,32,2.0,0.7359427213668823,418,348,56,47
7,1.0667160516690588,32,9.0,0.23942524194717407,982,81,35,54
10,1.0667160516690588,32,2.0,0.3475111722946167,1804,609,68,34
14,1.0667160516690588,32,2.0,0.6358296871185303,320,249,34,26
11,1.0667160516690588,32,2.0,0.467160165309906,284,293,40,37
3,1.100050928283717,33,2.0,0.7349905371665955,1735,563,88,36
6,1.100050928283717,33,2.0,0.6721274852752686,422,351,56,49
7,1.100050928283717,33,9.0,0.23940353095531464,982,81,35,54
10,1.100050928283717,33,2.0,0.3520257771015167,1797,608,62,32
14,1.100050928283717,33,2.0,0.30056190490722656,322,251,36,27
11,1.100050928283717,33,2.0,0.37075409293174744,286,296,40,34
3,1.133385804898375,34,2.0,0.7736513614654541,1728,564,87,37
6,1.133385804898375,34,2.0,0.6539420485496521,426,355,58,50
7,1.133385804898375,34,9.0,0.22486859560012817,982,81,35,54
10,1.133385804898375,34,2.0,0.4644664525985718,1794,608,59,30
14,1.133385804898375,34,2.0,0.5248135328292847,324,253,37,27
11,1.133385804898375,34,2.0,0.3665372431278229,288,297,41,33
3,1.166720681513033,35,2.0,0.7141285538673401,1723,565,87,36
6,1.166720681513033,35,2.0,0.7541452646255493,428,359,60,51
7,1.166720681513033,35,9.0,0.19362162053585052,982,81,35,54
10,1.166720681513033,35,2.0,0.14008963108062744,1790,607,54,31
14,1.166720681513033,35,2.0,0.5209342837333679,325,254,38,27
11,1.166720681513033,35,2.0,0.5388526320457458,291,299,38,33
3,1.200055558127691,36,2.0,0.6471120715141296,1718,565,86,34
6,1.200055558127691,36,2.0,0.8063022494316101,433,363,59,52
7,1.200055558127691,36,9.0,0.19179940223693848,982,81,35,54
14,1.200055558127691,36,2.0,0.6053874492645264,327,255,38,28
11,1.200055558127691,36,2.0,0.5369223356246948,293,301,35,31
3,1.2333904347423492,37,2.0,0.7075021862983704,1715,565,84,33
6,1.2333904347423492,37,2.0,0.7936985492706299,437,367,59,50
7,1.2333904347423492,37,9.0,0.20228233933448792,982,81,35,54
14,1.2333904347423492,37,2.0,0.5473598837852478,328,256,37,27
11,1.2333904347423492,37,2.0,0.6110060214996338,294,302,34,29
3,1.2667253113570074,38,2.0,0.6937345862388611,1710,565,80,33
6,1.2667253113570074,38,2.0,0.7835933566093445,439,372,59,51
7,1.2667253113570074,38,9.0,0.20294177532196045,982,81,35,54
14,1.2667253113570074,38,2.0,0.5696551203727722,330,257,35,27
11,1.2667253113570074,38,2.0,0.6644020676612854,295,302,34,29
3,1.3000601879716653,39,2.0,0.7209933400154114,1705,565,81,36
6,1.3000601879716653,39,2.0,0.7713490128517151,443,376,58,51
7,1.3000601879716653,39,9.0,0.19770997762680054,982,81,35,54
14,1.3000601879716653,39,2.0,0.5145606398582458,332,259,36,26
11,1.3000601879716653,39,2.0,0.6568437814712524,295,304,35,31
3,1.3333950645863235,40,2.0,0.717089056968689,1701,565,81,38
6,1.3333950645863235,40,2.0,0.6585935950279236,450,381,62,51
7,1.3333950645863235,40,9.0,0.20401430130004883,982,81,35,54
14,1.3333950645863235,40,2.0,0.5036138892173767,333,260,35,27
11,1.3333950645863235,40,2.0,0.6872894167900085,296,307,37,34
23,1.3333950645863235,40,2.0,0.4404883086681366,259,1042,275,67
3,1.3667299412009817,41,2.0,0.6314405202865601,1698,565,77,37
6,1.3667299412009817,41,2.0,0.718557596206665,453,386,63,53
7,1.3667299412009817,41,9.0,0.19050538539886475,983,81,35,54
14,1.3667299412009817,41,2.0,0.6216945648193359,334,262,36,31
11,1.3667299412009817,41,2.0,0.6668686866760254,298,310,39,37
23,1.3667299412009817,41,2.0,0.5156123042106628,276,1042,269,67
3,1.4000648178156396,42,2.0,0.647354006767273,1695,565,74,36
6,1.4000648178156396,42,2.0,0.7621413469314575,457,390,65,56
7,1.4000648178156396,42,9.0,0.18507267534732819,982,81,35,54
14,1.4000648178156396,42,2.0,0.6018273830413818,336,265,38,31
11,1.4000648178156396,42,2.0,0.5495669841766357,300,313,40,37
23,1.4000648178156396,42,2.0,0.28586795926094055,292,1041,250,69
3,1.4333996944302978,43,2.0,0.5386078357696533,1691,565,72,35
6,1.4333996944302978,43,2.0,0.6745455861091614,463,395,69,58
7,1.4333996944302978,43,9.0,0.19794698059558868,982,81,35,54
14,1.4333996944302978,43,2.0,0.6157266497612,337,267,37,32
11,1.4333996944302978,43,2.0,0.4930814802646637,301,317,43,38
23,1.4333996944302978,43,2.0,0.2076934278011322,302,1040,221,70
3,1.4667345710449557,44,2.0,0.49877527356147766,1688,566,64,32
6,1.4667345710449557,44,2.0,0.7465378046035767,467,399,70,60
7,1.4667345710449557,44,9.0,0.19537495076656342,982,81,35,54
14,1.4667345710449557,44,2.0,0.7519822120666504,339,269,36,34
11,1.4667345710449557,44,2.0,0.40352001786231995,303,320,44,37
23,1.4667345710449557,44,2.0,0.12523087859153748,314,1040,198,73
26,1.4667345710449557,44,2.0,0.7144757509231567,1847,711,142,85
3,1.500069447659614,45,2.0,0.5093210935592651,1684,568,58,28
6,1.500069447659614,45,2.0,0.7890443205833435,473,403,70,61
7,1.500069447659614,45,9.0,0.19348125159740448,982,81,35,54
14,1.500069447659614,45,2.0,0.680919885635376,341,272,37,32
11,1.500069447659614,45,2.0,0.30225107073783875,305,323,42,36
23,1.500069447659614,45,2.0,0.13531474769115448,323,1039,174,72
26,1.500069447659614,45,2.0,0.8164059519767761,1832,701,171,87
3,1.533404324274272,46,2.0,0.5095694661140442,1681,567,53,28
6,1.533404324274272,46,2.0,0.6647054553031921,476,409,69,62
7,1.533404324274272,46,9.0,0.1963527798652649,982,81,35,54
14,1.533404324274272,46,2.0,0.6434667110443115,342,273,38,31
11,1.533404324274272,46,2.0,0.38446947932243347,308,325,43,36
23,1.533404324274272,46,2.0,0.4862617254257202,320,1039,128,70
26,1.533404324274272,46,2.0,0.7487321496009827,1808,688,186,87
3,1.56673920088893,47,2.0,0.3044353127479553,1680,566,45,30
6,1.56673920088893,47,2.0,0.7555347084999084,481,414,68,61
7,1.56673920088893,47,9.0,0.20006592571735382,982,81,35,54
14,1.56673920088893,47,2.0,0.5726723670959473,344,275,41,31
11,1.56673920088893,47,2.0,0.41838058829307556,310,327,43,34
23,1.56673920088893,47,2.0,0.5676382184028625,332,1041,110,70
26,1.56673920088893,47,2.0,0.7975357174873352,1774,673,187,84
32,1.56673920088893,47,2.0,0.4317966103553772,1902,548,33,26
3,1.6000740775035882,48,2.0,0.13733631372451782,1681,569,37,24
6,1.6000740775035882,48,2.0,0.7910547256469727,488,422,71,60
7,1.6000740775035882,48,9.0,0.21953730285167694,982,81,35,54
14,1.6000740775035882,48,2.0,0.534854531288147,346,276,42,31
11,1.6000740775035882,48,2.0,0.44051507115364075,311,331,43,38
23,1.6000740775035882,48,2.0,0.5099371671676636,351,1042,110,71
26,1.6000740775035882,48,2.0,0.8137415051460266,1740,659,181,80
32,1.6000740775035882,48,2.0,0.45895224809646606,1900,548,37,30
6,1.6334089541182464,49,2.0,0.799710214138031,494,428,71,60
7,1.6334089541182464,49,9.0,0.2190166413784027,982,81,35,54
14,1.6334089541182464,49,2.0,0.5888378620147705,348,277,41,29
11,1.6334089541182464,49,2.0,0.5786800384521484,312,334,44,42
23,1.6334089541182464,49,2.0,0.42964881658554077,361,1042,90,72
26,1.6334089541182464,49,2.0,0.8048840165138245,1705,645,174,79
32,1.6334089541182464,49,2.0,0.5970950126647949,1899,549,39,36
6,1.6667438307329043,50,2.0,0.709007740020752,498,434,73,62
7,1.6667438307329043,50,9.0,0.20985114574432373,982,81,35,54
14,1.6667438307329043,50,2.0,0.639223575592041,350,279,40,29
11,1.6667438307329043,50,2.0,0.46926209330558777,313,337,47,43
23,1.6667438307329043,50,2.0,0.17852120101451874,374,1041,75,73
26,1.6667438307329043,50,2.0,0.7589057087898254,1673,634,165,74
32,1.6667438307329043,50,2.0,0.5634793043136597,1898,553,41,43
6,1.7000787073475625,51,2.0,0.8222229480743408,504,440,75,64
7,1.7000787073475625,51,9.0,0.20276227593421936,982,81,35,54
14,1.7000787073475625,51,2.0,0.6723634600639343,351,280,39,29
11,1.7000787073475625,51,2.0,0.3613145649433136,316,340,45,42
26,1.7000787073475625,51,2.0,0.7856511473655701,1643,622,159,74
32,1.7000787073475625,51,2.0,0.617641031742096,1896,555,45,49
6,1.7334135839622205,52,2.0,0.7747012972831726,510,446,77,64
7,1.7334135839622205,52,9.0,0.20124419033527374,982,81,35,54
14,1.7334135839622205,52,2.0,0.716801106929779,353,282,38,28
11,1.7334135839622205,52,2.0,0.6109309792518616,319,343,45,41
26,1.7334135839622205,52,2.0,0.8069120645523071,1614,610,157,73
32,1.7334135839622205,52,2.0,0.6031418442726135,1896,559,45,56
6,1.7667484605768786,53,2.0,0.7717195153236389,517,453,76,63
7,1.7667484605768786,53,9.0,0.2012983113527298,982,81,35,54
14,1.7667484605768786,53,2.0,0.6491454243659973,356,285,36,29
11,1.7667484605768786,53,2.0,0.7264307141304016,322,346,46,42
26,1.7667484605768786,53,2.0,0.7724470496177673,1586,599,152,72
32,1.7667484605768786,53,2.0,0.6002392172813416,1896,561,46,61
36,1.7667484605768786,53,2.0,0.3205561935901642,1307,333,66,26
6,1.8000833371915368,54,2.0,0.8221734166145325,523,459,78,64
7,1.8000833371915368,54,9.0,0.20832359790802002,982,81,35,54
14,1.8000833371915368,54,2.0,0.5776175260543823,359,289,39,34
11,1.8000833371915368,54,2.0,0.6778752207756042,323,349,46,41
26,1.8000833371915368,54,2.0,0.8094591498374939,1560,589,148,69
32,1.8000833371915368,54,2.0,0.619053304195404,1893,563,51,66
36,1.8000833371915368,54,2.0,0.34412673115730286,1305,333,63,26
37,1.8000833371915368,54,2.0,0.55008864402771,1902,566,34,59
6,1.8334182138061947,55,2.0,0.8411905765533447,529,466,79,66
7,1.8334182138061947,55,9.0,0.19461509585380554,982,81,35,54
14,1.8334182138061947,55,2.0,0.620904266834259,361,291,42,34
11,1.8334182138061947,55,2.0,0.7192863821983337,324,353,46,39
26,1.8334182138061947,55,2.0,0.6681446433067322,1534,578,145,68
32,1.8334182138061947,55,2.0,0.6127042174339294,1893,564,50,67
36,1.8334182138061947,55,2.0,0.4045172929763794,1303,332,62,28
6,1.866753090420853,56,2.0,0.7879764437675476,536,473,83,67
7,1.866753090420853,56,9.0,0.2004498988389969,982,81,35,54
14,1.866753090420853,56,2.0,0.6685016751289368,363,294,42,35
11,1.866753090420853,56,2.0,0.7932026386260986,325,357,47,42
26,1.866753090420853,56,2.0,0.7220859527587891,1511,570,140,67
32,1.866753090420853,56,2.0,0.5779606699943542,1895,566,47,66
36,1.866753090420853,56,2.0,0.39655736088752747,1300,331,55,27
6,1.900087967035511,57,2.0,0.7590894103050232,544,480,84,69
7,1.900087967035511,57,9.0,0.21138757467269897,982,81,35,54
14,1.900087967035511,57,2.0,0.7324724197387695,365,295,42,37
11,1.900087967035511,57,2.0,0.7871694564819336,326,359,50,44
26,1.900087967035511,57,2.0,0.6336954236030579,1487,560,138,66
32,1.900087967035511,57,2.0,0.42474985122680664,1896,570,46,63
36,1.900087967035511,57,2.0,0.3407122492790222,1298,330,53,26
6,1.933422843650169,58,2.0,0.8296141624450684,551,488,87,71
7,1.933422843650169,58,9.0,0.1956121027469635,982,81,35,54
14,1.933422843650169,58,2.0,0.6690322756767273,367,298,42,38
11,1.933422843650169,58,2.0,0.6336250305175781,328,362,52,46
26,1.933422843650169,58,2.0,0.6095581650733948,1463,550,137,66
32,1.933422843650169,58,2.0,0.4434010088443756,1895,571,48,60
36,1.933422843650169,58,2.0,0.24314822256565094,1296,330,49,26
6,1.9667577202648272,59,2.0,0.774651825428009,558,496,88,76
7,1.9667577202648272,59,9.0,0.18767990171909332,982,81,35,54
14,1.9667577202648272,59,2.0,0.698496401309967,369,300,43,36
11,1.9667577202648272,59,2.0,0.7530698180198669,332,367,51,46
26,1.9667577202648272,59,2.0,0.7641651630401611,1441,541,130,64
32,1.9667577202648272,59,2.0,0.4365030825138092,1894,575,49,54
36,1.9667577202648272,59,2.0,0.2813599109649658,1294,330,45,26
6,2.0000925968794854,60,2.0,0.6431711316108704,565,503,92,75
7,2.0000925968794854,60,9.0,0.19847255945205688,982,81,35,54
14,2.0000925968794854,60,2.0,0.6232223510742188,371,301,46,36
11,2.0000925968794854,60,2.0,0.7919094562530518,334,371,51,46
26,2.0000925968794854,60,2.0,0.6313004493713379,1420,533,129,62
32,2.0000925968794854,60,2.0,0.4934643507003784,1891,574,56,57
36,2.0000925968794854,60,2.0,0.23314268887043,1293,330,42,25
6,2.033427473494143,61,2.0,0.7334260940551758,574,512,92,79
7,2.033427473494143,61,9.0,0.22489967942237854,982,81,35,54
14,2.033427473494143,61,2.0,0.6455597281455994,373,304,45,35
11,2.033427473494143,61,2.0,0.793883740901947,337,374,51,45
26,2.033427473494143,61,2.0,0.607569694519043,1398,525,125,60
32,2.033427473494143,61,2.0,0.4931613802909851,1887,572,63,62
36,2.033427473494143,61,2.0,0.15447723865509033,1291,329,40,25
6,2.0667623501088013,62,2.0,0.7705892324447632,583,523,95,82
7,2.0667623501088013,62,9.0,0.22487805783748627,982,81,35,54
14,2.0667623501088013,62,2.0,0.66949462890625,375,307,44,36
11,2.0667623501088013,62,2.0,0.7156572937965393,339,379,53,48
26,2.0667623501088013,62,2.0,0.7688262462615967,1380,517,120,61
32,2.0667623501088013,62,2.0,0.40480750799179077,1885,573,68,63
6,2.1000972267234594,63,2.0,0.8018742203712463,591,531,99,82
7,2.1000972267234594,63,9.0,0.21182668209075928,982,81,35,54
14,2.1000972267234594,63,2.0,0.6263715028762817,377,309,42,37
11,2.1000972267234594,63,2.0,0.6171776056289673,341,383,55,48
26,2.1000972267234594,63,2.0,0.4815795421600342,1359,508,117,60
32,2.1000972267234594,63,2.0,0.401880145072937,1884,581,69,48
6,2.1334321033381176,64,2.0,0.7907742261886597,600,541,103,86
7,2.1334321033381176,64,9.0,0.21195760369300842,982,81,35,54
14,2.1334321033381176,64,2.0,0.7022603750228882,382,312,42,38
11,2.1334321033381176,64,2.0,0.5751916766166687,345,387,53,48
26,2.1334321033381176,64,2.0,0.5478028655052185,1340,500,115,58
32,2.1334321033381176,64,2.0,0.3428839147090912,1882,584,72,44
6,2.166766979952776,65,2.0,0.8115233182907104,610,551,104,88
7,2.166766979952776,65,9.0,0.19807356595993042,982,81,35,54
14,2.166766979952776,65,2.0,0.6942241191864014,384,316,44,39
11,2.166766979952776,65,2.0,0.7152053117752075,347,390,53,50
26,2.166766979952776,65,2.0,0.7114863395690918,1321,494,114,55
32,2.166766979952776,65,2.0,0.370780348777771,1878,584,81,45
6,2.200101856567434,66,2.0,0.7727180123329163,620,562,109,91
7,2.200101856567434,66,9.0,0.233254075050354,982,81,35,54
14,2.200101856567434,66,2.0,0.763251006603241,387,318,45,41
11,2.200101856567434,66,2.0,0.7192315459251404,351,394,53,49
26,2.200101856567434,66,2.0,0.5196298956871033,1303,487,113,53
32,2.200101856567434,66,2.0,0.39012226462364197,1875,584,87,46
6,2.2334367331820917,67,2.0,0.8382723927497864,630,573,111,95
7,2.2334367331820917,67,9.0,0.24478024244308472,982,81,35,54
14,2.2334367331820917,67,2.0,0.7613750100135803,390,321,45,43
11,2.2334367331820917,67,2.0,0.6020453572273254,353,400,54,49
26,2.2334367331820917,67,2.0,0.6031278967857361,1286,480,109,54
32,2.2334367331820917,67,2.0,0.35349205136299133,1869,583,87,48
43,2.2334367331820917,67,2.0,0.4548424184322357,1859,572,102,70
6,2.26677160979675,68,2.0,0.8348466753959656,640,584,115,97
7,2.26677160979675,68,9.0,0.24356387555599213,982,81,35,54
14,2.26677160979675,68,2.0,0.7500506639480591,393,324,48,43
11,2.26677160979675,68,2.0,0.6709094643592834,356,405,55,51
26,2.26677160979675,68,2.0,0.732062041759491,1268,473,109,55
43,2.26677160979675,68,2.0,0.5838754773139954,1853,573,102,69
6,2.300106486411408,69,2.0,0.815027117729187,651,595,117,98
7,2.300106486411408,69,9.0,0.24958957731723785,982,81,35,54
14,2.300106486411408,69,2.0,0.7165577411651611,395,327,49,43
11,2.300106486411408,69,2.0,0.5253338813781738,359,409,59,53
26,2.300106486411408,69,2.0,0.7098973989486694,1252,468,104,54
43,2.300106486411408,69,2.0,0.5666307806968689,1848,573,103,71
6,2.333441363026066,70,2.0,0.7631869316101074,663,608,121,102
7,2.333441363026066,70,9.0,0.2589876055717468,982,81,35,54
14,2.333441363026066,70,2.0,0.7152610421180725,397,330,50,44
11,2.333441363026066,70,2.0,0.7787597179412842,361,413,58,54
26,2.333441363026066,70,2.0,0.7916207313537598,1235,462,104,52
43,2.333441363026066,70,2.0,0.6076288223266602,1844,574,101,71
6,2.3667762396407244,71,2.0,0.7767651677131653,676,620,127,105
7,2.3667762396407244,71,9.0,0.2728220522403717,982,81,35,54
14,2.3667762396407244,71,2.0,0.6919931173324585,400,333,52,45
11,2.3667762396407244,71,2.0,0.7398360371589661,364,418,59,56
26,2.3667762396407244,71,2.0,0.7015382051467896,1221,455,105,52
43,2.3667762396407244,71,2.0,0.5641840696334839,1844,574,96,71
6,2.400111116255382,72,2.0,0.7611894607543945,688,632,129,109
7,2.400111116255382,72,9.0,0.24985955655574799,982,81,35,54
14,2.400111116255382,72,2.0,0.7187201380729675,404,338,51,46
11,2.400111116255382,72,2.0,0.7268743515014648,367,424,59,58
26,2.400111116255382,72,2.0,0.632305920124054,1206,449,99,50
43,2.400111116255382,72,2.0,0.39223018288612366,1840,577,92,67
6,2.4334459928700403,73,2.0,0.8111037611961365,701,647,131,114
7,2.4334459928700403,73,9.0,0.2587459087371826,982,81,35,54
14,2.4334459928700403,73,2.0,0.669877290725708,407,341,49,45
11,2.4334459928700403,73,2.0,0.7049856781959534,370,430,59,56
26,2.4334459928700403,73,2.0,0.4918539226055145,1190,442,99,50
43,2.4334459928700403,73,2.0,0.5059294104576111,1834,577,91,65
45,2.4334459928700403,73,2.0,0.7234423160552979,1860,770,118,104
6,2.4667808694846984,74,2.0,0.7761335372924805,716,661,135,117
7,2.4667808694846984,74,9.0,0.2583548426628113,982,81,35,54
14,2.4667808694846984,74,2.0,0.7299068570137024,410,344,50,48
11,2.4667808694846984,74,2.0,0.7923220992088318,374,436,59,58
26,2.4667808694846984,74,2.0,0.5338377356529236,1177,438,94,49
43,2.4667808694846984,74,2.0,0.5477535128593445,1826,576,95,67
45,2.4667808694846984,74,2.0,0.5930095911026001,1844,763,150,112
6,2.5001157460993566,75,2.0,0.812543511390686,730,677,140,119
7,2.5001157460993566,75,9.0,0.24887722730636597,982,81,36,54
14,2.5001157460993566,75,2.0,0.700362503528595,415,347,50,46
11,2.5001157460993566,75,2.0,0.7131521105766296,378,441,61,59
26,2.5001157460993566,75,2.0,0.5406889319419861,1162,431,94,50
43,2.5001157460993566,75,2.0,0.4646420180797577,1821,574,94,71
45,2.5001157460993566,75,7.0,0.36228877305984497,1826,757,186,133
47,2.5001157460993566,75,2.0,0.3858913779258728,1816,555,97,46
6,2.5334506227140148,76,2.0,0.825714111328125,745,693,143,124
7,2.5334506227140148,76,9.0,0.2827969491481781,982,81,35,54
14,2.5334506227140148,76,2.0,0.6797089576721191,419,350,52,46
11,2.5334506227140148,76,2.0,0.7350133657455444,382,446,63,59
26,2.5334506227140148,76,2.0,0.5293028354644775,1154,427,80,49
43,2.5334506227140148,76,2.0,0.3496639132499695,1816,580,93,62
45,2.5334506227140148,76,2.0,0.6255322098731995,1807,742,223,136
47,2.5334506227140148,76,2.0,0.32314643263816833,1811,560,96,53
48,2.5334506227140148,76,2.0,0.4055579602718353,1822,590,84,42
6,2.5667854993286725,77,2.0,0.6503334045410156,761,710,150,130
7,2.5667854993286725,77,9.0,0.27233192324638367,982,81,35,54
14,2.5667854993286725,77,2.0,0.7450255751609802,422,353,53,49
11,2.5667854993286725,77,2.0,0.7013646364212036,386,453,64,60
26,2.5667854993286725,77,2.0,0.5120930671691895,1137,421,82,49
43,2.5667854993286725,77,2.0,0.3207510709762573,1810,574,94,72
45,2.5667854993286725,77,2.0,0.8454235792160034,1785,726,252,128
47,2.5667854993286725,77,2.0,0.34300941228866577,1805,561,94,56
48,2.5667854993286725,77,2.0,0.4551447033882141,1817,589,84,45
49,2.5667854993286725,77,2.0,0.4351388216018677,266,256,31,28
6,2.6001203759433307,78,2.0,0.7999643087387085,780,728,154,136
7,2.6001203759433307,78,9.0,0.25780558586120605,982,81,35,54
14,2.6001203759433307,78,2.0,0.7032273411750793,425,357,55,50
11,2.6001203759433307,78,2.0,0.7126172780990601,389,458,65,61
26,2.6001203759433307,78,2.0,0.45770666003227234,1122,415,85,49
43,2.6001203759433307,78,2.0,0.4142579734325409,1804,576,98,72
45,2.6001203759433307,78,2.0,0.5889960527420044,1755,709,256,129
47,2.6001203759433307,78,2.0,0.16768240928649902,1799,563,97,62
48,2.6001203759433307,78,2.0,0.2473473697900772,1812,590,83,42
49,2.6001203759433307,78,2.0,0.5238109230995178,267,257,33,28
6,2.633455252557989,79,2.0,0.7755930423736572,798,747,159,142
7,2.633455252557989,79,9.0,0.23122729361057281,982,81,36,54
14,2.633455252557989,79,2.0,0.7045475840568542,428,361,55,52
11,2.633455252557989,79,2.0,0.7151631712913513,393,463,66,61
26,2.633455252557989,79,2.0,0.5689239501953125,1109,410,89,50
43,2.633455252557989,79,2.0,0.31803902983665466,1797,573,94,75
45,2.633455252557989,79,2.0,0.8241314888000488,1719,694,251,124
47,2.633455252557989,79,2.0,0.29497620463371277,1794,559,96,56
48,2.633455252557989,79,2.0,0.47133588790893555,1805,588,85,47
49,2.633455252557989,79,2.0,0.5551320910453796,267,258,35,29
6,2.666790129172647,80,2.0,0.743049681186676,816,766,168,146
7,2.666790129172647,80,9.0,0.23336802423000336,982,81,36,54
14,2.666790129172647,80,2.0,0.7691010236740112,432,365,54,52
11,2.666790129172647,80,2.0,0.7088912725448608,398,470,67,64
26,2.666790129172647,80,2.0,0.6202031970024109,1098,405,86,49
43,2.666790129172647,80,2.0,0.5255119800567627,1794,574,96,76
45,2.666790129172647,80,2.0,0.6287186741828918,1686,679,242,118
47,2.666790129172647,80,2.0,0.12432645261287689,1791,561,101,59
49,2.666790129172647,80,2.0,0.608832836151123,267,259,35,28
6,2.700125005787305,81,2.0,0.6847888231277466,836,786,173,152
7,2.700125005787305,81,9.0,0.23464787006378174,982,81,36,55
14,2.700125005787305,81,2.0,0.7529200911521912,436,369,56,52
11,2.700125005787305,81,2.0,0.6494312286376953,402,477,69,65
26,2.700125005787305,81,2.0,0.45133617520332336,1090,402,77,45
43,2.700125005787305,81,2.0,0.4687802195549011,1789,575,97,76
45,2.700125005787305,81,2.0,0.7442044019699097,1652,665,234,113
49,2.700125005787305,81,2.0,0.5995604991912842,269,260,35,31
48,2.700125005787305,81,2.0,0.3724447786808014,1799,589,76,48
6,2.7334598824019634,82,2.0,0.7699710726737976,857,807,181,159
7,2.7334598824019634,82,9.0,0.2218320220708847,982,81,36,54
14,2.7334598824019634,82,2.0,0.6698922514915466,439,374,57,51
11,2.7334598824019634,82,2.0,0.6368184089660645,406,484,70,65
26,2.7334598824019634,82,2.0,0.4722121059894562,1077,398,71,42
43,2.7334598824019634,82,2.0,0.6032522916793823,1782,576,98,74
45,2.7334598824019634,82,2.0,0.7486851215362549,1619,651,227,111
49,2.7334598824019634,82,2.0,0.5757045149803162,270,261,35,33
6,2.766794759016621,83,2.0,0.8028106689453125,878,831,187,167
7,2.766794759016621,83,9.0,0.21067431569099426,982,81,36,55
14,2.766794759016621,83,2.0,0.6946824193000793,444,378,56,51
11,2.766794759016621,83,2.0,0.750744104385376,411,490,72,67
26,2.766794759016621,83,2.0,0.3981093466281891,1065,392,76,43
43,2.766794759016621,83,2.0,0.6109871864318848,1777,577,97,75
45,2.766794759016621,83,2.0,0.8059266805648804,1588,639,219,105
49,2.766794759016621,83,2.0,0.596140444278717,270,264,37,37
6,2.8001296356312793,84,2.0,0.8044998049736023,902,855,194,175
7,2.8001296356312793,84,9.0,0.21438832581043243,982,81,35,54
14,2.8001296356312793,84,2.0,0.6235346794128418,449,383,59,53
11,2.8001296356312793,84,2.0,0.789104700088501,414,497,73,71
26,2.8001296356312793,84,2.0,0.5238953828811646,1055,388,71,43
43,2.8001296356312793,84,2.0,0.6684132814407349,1772,575,96,74
45,2.8001296356312793,84,2.0,0.7150002717971802,1558,627,208,99
49,2.8001296356312793,84,2.0,0.46952715516090393,272,266,37,37
6,2.8334645122459374,85,2.0,0.7271732687950134,926,880,202,183
7,2.8334645122459374,85,9.0,0.207017719745636,982,81,35,55
14,2.8334645122459374,85,2.0,0.6319612264633179,453,387,61,55
11,2.8334645122459374,85,2.0,0.7487894892692566,418,505,75,71
26,2.8334645122459374,85,2.0,0.6032504439353943,1041,384,77,43
43,2.8334645122459374,85,2.0,0.6503291130065918,1766,575,96,75
45,2.8334645122459374,85,2.0,0.5734465718269348,1530,615,200,99
49,2.8334645122459374,85,2.0,0.574978232383728,272,268,37,36
53,2.8334645122459374,85,2.0,0.42183738946914673,1905,548,26,28
6,2.8667993888605956,86,2.0,0.6805911064147949,954,906,210,190
7,2.8667993888605956,86,9.0,0.1882687360048294,982,81,36,55
14,2.8667993888605956,86,2.0,0.6926627159118652,457,392,64,58
11,2.8667993888605956,86,2.0,0.6518300771713257,423,513,77,73
26,2.8667993888605956,86,2.0,0.6772276759147644,1032,380,68,41
43,2.8667993888605956,86,2.0,0.5247923731803894,1763,575,93,75
45,2.8667993888605956,86,2.0,0.4085145592689514,1502,602,198,101
49,2.8667993888605956,86,2.0,0.36137861013412476,274,271,41,37
53,2.8667993888605956,86,2.0,0.4923037588596344,1905,548,27,28
48,2.8667993888605956,86,2.0,0.41767898201942444,1772,589,77,46
6,2.9001342654752538,87,2.0,0.6815779805183411,979,924,219,179
7,2.9001342654752538,87,9.0,0.20351764559745789,982,81,35,54
14,2.9001342654752538,87,2.0,0.6534861326217651,462,397,62,59
11,2.9001342654752538,87,2.0,0.72027987241745,429,521,79,74
26,2.9001342654752538,87,2.0,0.5920388698577881,1019,376,75,41
43,2.9001342654752538,87,2.0,0.556444525718689,1759,576,91,70
45,2.9001342654752538,87,7.0,0.39010685682296753,1476,591,191,99
49,2.9001342654752538,87,2.0,0.27960848808288574,275,273,41,36
53,2.9001342654752538,87,2.0,0.5639448761940002,1904,548,30,30
48,2.9001342654752538,87,2.0,0.49544253945350647,1769,588,72,48
6,2.9334691420899115,88,2.0,0.6505663394927979,1008,958,231,198
7,2.9334691420899115,88,9.0,0.20390671491622925,982,81,35,54
14,2.9334691420899115,88,2.0,0.6744009256362915,467,401,65,60
11,2.9334691420899115,88,2.0,0.7871766686439514,434,528,81,76
26,2.9334691420899115,88,2.0,0.5408364534378052,1006,372,76,41
43,2.9334691420899115,88,2.0,0.6555880308151245,1752,575,91,66
45,2.9334691420899115,88,7.0,0.4509415626525879,1449,579,189,96
49,2.9334691420899115,88,2.0,0.3240331709384918,276,276,44,33
53,2.9334691420899115,88,2.0,0.6719552874565125,1901,550,34,32
6,2.9668040187045697,89,2.0,0.570675790309906,1045,981,285,191
7,2.9668040187045697,89,9.0,0.2003004550933838,982,81,35,54
14,2.9668040187045697,89,2.0,0.688568651676178,472,406,66,62
11,2.9668040187045697,89,2.0,0.7811145186424255,439,538,82,79
26,2.9668040187045697,89,2.0,0.4898233115673065,996,368,72,41
43,2.9668040187045697,89,2.0,0.6991096138954163,1746,574,94,64
45,2.9668040187045697,89,7.0,0.37009018659591675,1425,569,183,90
49,2.9668040187045697,89,2.0,0.36954501271247864,277,277,43,32
53,2.9668040187045697,89,2.0,0.6884860396385193,1900,551,37,34
6,3.000138895319228,90,2.0,0.5760317444801331,1073,996,269,166
7,3.000138895319228,90,9.0,0.19525055587291718,982,81,35,54
14,3.000138895319228,90,2.0,0.6446449160575867,477,411,66,63
11,3.000138895319228,90,2.0,0.7490028142929077,444,546,84,78
26,3.000138895319228,90,2.0,0.4715723395347595,991,364,65,41
43,3.000138895319228,90,2.0,0.6329889893531799,1741,573,91,63
45,3.000138895319228,90,2.0,0.4415293037891388,1402,558,177,86
49,3.000138895319228,90,2.0,0.3183719515800476,278,279,43,32
53,3.000138895319228,90,2.0,0.6992965340614319,1897,551,42,36
6,3.033473771933886,91,2.0,0.49432870745658875,1074,1011,294,137
7,3.033473771933886,91,9.0,0.23973780870437622,983,81,36,54
14,3.033473771933886,91,2.0,0.7066368460655212,481,417,67,62
11,3.033473771933886,91,2.0,0.6890809535980225,448,555,89,84
26,3.033473771933886,91,2.0,0.5833352208137512,977,361,71,40
43,3.033473771933886,91,2.0,0.6113176345825195,1737,573,90,62
45,3.033473771933886,91,2.0,0.7848925590515137,1380,549,174,86
49,3.033473771933886,91,2.0,0.41395968198776245,279,280,44,33
53,3.033473771933886,91,2.0,0.7633225321769714,1895,552,46,39
6,3.066808648548544,92,2.0,0.4916825592517853,1082,1027,309,105
7,3.066808648548544,92,9.0,0.21601185202598572,983,81,36,54
14,3.066808648548544,92,2.0,0.6817296743392944,487,423,67,63
11,3.066808648548544,92,2.0,0.6828794479370117,455,565,90,84
26,3.066808648548544,92,2.0,0.41281792521476746,967,357,71,40
43,3.066808648548544,92,2.0,0.6641921997070312,1732,573,86,59
45,3.066808648548544,92,2.0,0.5048883557319641,1358,541,169,86
49,3.066808648548544,92,2.0,0.43886762857437134,280,282,46,32
53,3.066808648548544,92,2.0,0.7248187065124512,1893,552,50,39
6,3.100143525163202,93,2.0,0.20812179148197174,1077,1037,340,85
7,3.100143525163202,93,9.0,0.21657879650592804,983,81,36,54
14,3.100143525163202,93,2.0,0.5949528217315674,492,430,69,63
11,3.100143525163202,93,2.0,0.7739858627319336,460,574,91,86
26,3.100143525163202,93,2.0,0.5662944316864014,958,354,70,39
43,3.100143525163202,93,2.0,0.625343382358551,1727,574,84,56
45,3.100143525163202,93,2.0,0.7662366032600403,1336,532,161,84
49,3.100143525163202,93,2.0,0.4361477792263031,281,283,48,33
53,3.100143525163202,93,2.0,0.7658766508102417,1891,552,56,39
7,3.13347840177786,94,9.0,0.19808265566825867,983,81,36,54
14,3.13347840177786,94,2.0,0.6666127443313599,498,435,71,64
11,3.13347840177786,94,2.0,0.5773396492004395,467,585,95,89
26,3.13347840177786,94,2.0,0.5397331118583679,948,351,72,39
43,3.13347840177786,94,2.0,0.5778077840805054,1724,573,80,58
45,3.13347840177786,94,2.0,0.48637890815734863,1316,523,158,82
49,3.13347840177786,94,2.0,0.3896730840206146,284,285,49,37
53,3.13347840177786,94,2.0,0.7684597373008728,1889,552,59,39
63,3.13347840177786,94,2.0,0.3684631884098053,1186,306,49,32
7,3.1668132783925182,95,9.0,0.16944211721420288,982,81,36,54
14,3.1668132783925182,95,2.0,0.7188284397125244,503,441,71,68
11,3.1668132783925182,95,2.0,0.6644201874732971,474,595,99,93
26,3.1668132783925182,95,2.0,0.40190738439559937,939,348,71,38
43,3.1668132783925182,95,2.0,0.6075026392936707,1719,572,79,52
45,3.1668132783925182,95,7.0,0.5304561853408813,1295,516,154,81
49,3.1668132783925182,95,2.0,0.3167225122451782,287,288,44,35
53,3.1668132783925182,95,2.0,0.7233636379241943,1888,552,62,37
63,3.1668132783925182,95,2.0,0.3584245443344116,1184,306,49,32
7,3.2001481550071764,96,9.0,0.17932091653347015,982,81,36,54
14,3.2001481550071764,96,2.0,0.7253742218017578,508,448,73,68
11,3.2001481550071764,96,2.0,0.6868726015090942,480,606,99,94
26,3.2001481550071764,96,2.0,0.4948992133140564,934,345,63,38
43,3.2001481550071764,96,2.0,0.47200867533683777,1715,571,74,49
45,3.2001481550071764,96,2.0,0.6764894723892212,1276,507,150,79
49,3.2001481550071764,96,2.0,0.3344488739967346,287,290,46,40
53,3.2001481550071764,96,2.0,0.7041329145431519,1885,553,66,36
63,3.2001481550071764,96,2.0,0.31386077404022217,1183,305,47,32
7,3.2334830316218346,97,9.0,0.186903715133667,983,81,36,54
14,3.2334830316218346,97,2.0,0.504963219165802,516,454,75,67
11,3.2334830316218346,97,2.0,0.7190097570419312,489,617,103,97
26,3.2334830316218346,97,2.0,0.3310394883155823,923,341,65,38
43,3.2334830316218346,97,2.0,0.41881832480430603,1711,568,73,44
45,3.2334830316218346,97,2.0,0.5264773368835449,1257,501,148,76
49,3.2334830316218346,97,2.0,0.3807339668273926,289,292,44,39
53,3.2334830316218346,97,2.0,0.6867291927337646,1883,553,71,36
63,3.2334830316218346,97,2.0,0.20302264392375946,1182,303,46,32
7,3.2668179082364928,98,9.0,0.17857787013053894,983,81,36,54
14,3.2668179082364928,98,2.0,0.7118260264396667,522,462,77,68
11,3.2668179082364928,98,2.0,0.7466870546340942,495,629,104,99
26,3.2668179082364928,98,2.0,0.518400251865387,913,338,64,37
43,3.2668179082364928,98,2.0,0.5296373963356018,1706,566,72,41
45,3.2668179082364928,98,2.0,0.5568159222602844,1238,492,144,75
49,3.2668179082364928,98,2.0,0.33518826961517334,290,293,44,40
53,3.2668179082364928,98,2.0,0.7152827978134155,1880,553,76,37
63,3.2668179082364928,98,2.0,0.21717242896556854,1181,302,43,31
65,3.2668179082364928,98,2.0,0.6896976232528687,1879,739,79,62
7,3.3001527848511505,99,9.0,0.17490366101264954,983,81,36,54
14,3.3001527848511505,99,2.0,0.7597349286079407,529,468,78,69
11,3.3001527848511505,99,2.0,0.7412087917327881,503,642,108,103
26,3.3001527848511505,99,2.0,0.5565669536590576,905,335,62,35
43,3.3001527848511505,99,2.0,0.5027164816856384,1702,565,71,40
45,3.3001527848511505,99,2.0,0.3935263752937317,1222,484,143,74
49,3.3001527848511505,99,2.0,0.3684684932231903,290,295,47,40
53,3.3001527848511505,99,2.0,0.6570509672164917,1876,553,81,37
63,3.3001527848511505,99,2.0,0.16702553629875183,1181,302,40,31
65,3.3001527848511505,99,2.0,0.5747531056404114,1865,733,106,79
7,3.3334876614658087,100,9.0,0.17894819378852844,983,81,36,54
14,3.3334876614658087,100,2.0,0.6622742414474487,534,475,79,72
11,3.3334876614658087,100,2.0,0.7941375374794006,511,654,111,106
26,3.3334876614658087,100,2.0,0.40845489501953125,896,331,65,37
43,3.3334876614658087,100,2.0,0.5729134678840637,1698,565,69,38
45,3.3334876614658087,100,7.0,0.4089939296245575,1204,478,138,72
49,3.3334876614658087,100,2.0,0.4259440302848816,292,296,45,39
53,3.3334876614658087,100,2.0,0.641330897808075,1871,553,80,38
65,3.3334876614658087,100,2.0,0.7325977683067322,1849,725,138,87
7,3.366822538080467,101,9.0,0.15569213032722473,983,81,36,54
14,3.366822538080467,101,2.0,0.6923412084579468,543,484,81,75
11,3.366822538080467,101,2.0,0.6554549336433411,518,668,112,111
26,3.366822538080467,101,2.0,0.37320899963378906,888,330,63,36
43,3.366822538080467,101,2.0,0.48976731300354004,1694,565,64,39
45,3.366822538080467,101,2.0,0.5617391467094421,1188,472,134,71
49,3.366822538080467,101,2.0,0.4613243639469147,293,298,44,39
53,3.366822538080467,101,2.0,0.6494337916374207,1867,554,77,38
65,3.366822538080467,101,2.0,0.842566728591919,1833,713,169,91
7,3.400157414695125,102,9.0,0.16647718846797943,983,81,36,54
14,3.400157414695125,102,2.0,0.7634949684143066,551,491,83,78
11,3.400157414695125,102,2.0,0.66923588514328,529,681,118,115
26,3.400157414695125,102,2.0,0.420969158411026,882,326,63,37
43,3.400157414695125,102,2.0,0.4649326205253601,1689,565,64,37
45,3.400157414695125,102,2.0,0.6911244988441467,1172,465,132,70
49,3.400157414695125,102,2.0,0.4766683578491211,294,300,44,41
53,3.400157414695125,102,2.0,0.7342924475669861,1863,554,80,38
65,3.400157414695125,102,2.0,0.7673557996749878,1814,699,191,88
7,3.433492291309783,103,9.0,0.16869640350341797,983,81,36,54
14,3.433492291309783,103,2.0,0.6418033242225647,559,498,85,80
11,3.433492291309783,103,2.0,0.8316888213157654,539,695,119,118
26,3.433492291309783,103,2.0,0.19749176502227783,873,323,64,37
43,3.433492291309783,103,2.0,0.45972058176994324,1685,565,60,34
45,3.433492291309783,103,2.0,0.45977506041526794,1156,457,131,68
49,3.433492291309783,103,2.0,0.46220874786376953,296,301,46,42
53,3.433492291309783,103,2.0,0.757575511932373,1859,555,78,39
65,3.433492291309783,103,2.0,0.759408712387085,1782,685,191,84
70,3.433492291309783,103,2.0,0.5731950998306274,261,674,71,56
7,3.466827167924441,104,9.0,0.17502495646476746,983,81,36,54
14,3.466827167924441,104,2.0,0.6646901965141296,565,506,86,81
11,3.466827167924441,104,2.0,0.8551185131072998,548,711,124,121
26,3.466827167924441,104,2.0,0.5279133915901184,866,321,61,37
43,3.466827167924441,104,2.0,0.3042300045490265,1683,564,56,34
45,3.466827167924441,104,2.0,0.587898313999176,1140,451,128,66
49,3.466827167924441,104,2.0,0.5315753221511841,297,303,45,41
53,3.466827167924441,104,2.0,0.6971742510795593,1853,556,77,39
65,3.466827167924441,104,2.0,0.7977306246757507,1749,672,190,81
70,3.466827167924441,104,2.0,0.48231813311576843,255,673,83,62
7,3.500162044539099,105,9.0,0.17849603295326233,983,81,35,54
14,3.500162044539099,105,2.0,0.6830157041549683,574,516,88,84
11,3.500162044539099,105,2.0,0.7464084029197693,557,728,127,126
26,3.500162044539099,105,2.0,0.5919879674911499,861,318,57,36
43,3.500162044539099,105,2.0,0.1967969536781311,1681,564,50,34
45,3.500162044539099,105,2.0,0.5177666544914246,1126,445,124,68
49,3.500162044539099,105,2.0,0.596677839756012,299,306,45,41
53,3.500162044539099,105,2.0,0.7125354409217834,1849,556,77,39
65,3.500162044539099,105,2.0,0.8271361589431763,1718,658,183,75
70,3.500162044539099,105,2.0,0.7054347991943359,248,675,96,64
7,3.5334969211537572,106,9.0,0.15641054511070251,983,81,35,54
14,3.5334969211537572,106,2.0,0.6654307246208191,583,526,91,87
11,3.5334969211537572,106,2.0,0.7146087884902954,570,743,130,130
26,3.5334969211537572,106,2.0,0.43942102789878845,852,316,57,36
45,3.5334969211537572,106,2.0,0.5993332862854004,1113,439,122,65
49,3.5334969211537572,106,2.0,0.5269530415534973,301,308,46,43
53,3.5334969211537572,106,2.0,0.6683338284492493,1846,556,78,38
65,3.5334969211537572,106,2.0,0.7872833609580994,1691,647,178,73
70,3.5334969211537572,106,2.0,0.6579673886299133,242,675,110,64
7,3.5668317977684154,107,9.0,0.15553724765777588,983,81,36,54
14,3.5668317977684154,107,2.0,0.6972567439079285,591,534,94,88
11,3.5668317977684154,107,2.0,0.7051923871040344,580,759,133,136
26,3.5668317977684154,107,2.0,0.4586295187473297,844,313,57,35
45,3.5668317977684154,107,2.0,0.3862033188343048,1098,432,117,67
49,3.5668317977684154,107,2.0,0.3798185884952545,302,309,47,45
53,3.5668317977684154,107,2.0,0.6891524195671082,1843,557,78,38
65,3.5668317977684154,107,2.0,0.7397565245628357,1661,635,172,71
70,3.5668317977684154,107,2.0,0.7174426317214966,236,674,119,64
7,3.6001666743830736,108,9.0,0.15245801210403442,983,81,36,54
14,3.6001666743830736,108,2.0,0.646561324596405,602,543,98,91
11,3.6001666743830736,108,2.0,0.7383869290351868,593,778,140,140
26,3.6001666743830736,108,2.0,0.5248591899871826,837,312,56,33
45,3.6001666743830736,108,2.0,0.46183061599731445,1084,427,118,66
49,3.6001666743830736,108,2.0,0.5840809345245361,303,311,49,45
53,3.6001666743830736,108,2.0,0.7906782627105713,1839,557,79,39
65,3.6001666743830736,108,2.0,0.7924808859825134,1633,623,167,70
70,3.6001666743830736,108,2.0,0.7104660868644714,229,674,130,64
7,3.6335015509977313,109,9.0,0.17615090310573578,983,81,36,54
14,3.6335015509977313,109,2.0,0.7630348205566406,611,554,100,92
11,3.6335015509977313,109,2.0,0.7339197397232056,605,798,144,147
26,3.6335015509977313,109,2.0,0.4791938364505768,832,308,57,32
45,3.6335015509977313,109,2.0,0.36532795429229736,1073,421,110,64
49,3.6335015509977313,109,2.0,0.5279489755630493,305,313,51,48
53,3.6335015509977313,109,2.0,0.8092879056930542,1834,557,76,38
65,3.6335015509977313,109,2.0,0.8467363119125366,1606,613,163,68
70,3.6335015509977313,109,2.0,0.7210121750831604,222,675,139,62
7,3.6668364276123895,110,9.0,0.15708671510219574,983,81,36,54
14,3.6668364276123895,110,2.0,0.6577566266059875,621,565,104,94
11,3.6668364276123895,110,2.0,0.6474950313568115,616,817,148,155
26,3.6668364276123895,110,2.0,0.4584358036518097,825,306,56,33
45,3.6668364276123895,110,2.0,0.5876722931861877,1058,417,112,60
49,3.6668364276123895,110,2.0,0.43917298316955566,308,316,51,49
53,3.6668364276123895,110,2.0,0.757562518119812,1828,558,75,39
65,3.6668364276123895,110,2.0,0.8342827558517456,1580,603,158,66
70,3.6668364276123895,110,2.0,0.6869980692863464,212,675,143,63
7,3.7001713042270477,111,9.0,0.18901433050632477,983,81,36,54
14,3.7001713042270477,111,2.0,0.7381423711776733,630,575,105,97
11,3.7001713042270477,111,2.0,0.6262215375900269,630,838,154,160
26,3.7001713042270477,111,2.0,0.4371640384197235,819,305,56,32
45,3.7001713042270477,111,7.0,0.35216042399406433,1046,414,112,57
49,3.7001713042270477,111,2.0,0.5153438448905945,310,319,51,47
53,3.7001713042270477,111,2.0,0.7300565242767334,1825,559,75,40
65,3.7001713042270477,111,2.0,0.7238797545433044,1557,593,150,66
70,3.7001713042270477,111,2.0,0.7614930868148804,200,677,143,66
77,3.7001713042270477,111,2.0,0.5470876693725586,1895,593,48,57
7,3.733506180841706,112,9.0,0.1922752857208252,983,81,36,54
14,3.733506180841706,112,2.0,0.7525995969772339,641,586,108,100
11,3.733506180841706,112,2.0,0.832097589969635,644,861,159,168
26,3.733506180841706,112,2.0,0.3532673716545105,813,303,53,30
45,3.733506180841706,112,7.0,0.2742900550365448,1034,409,109,57
49,3.733506180841706,112,2.0,0.5107705593109131,312,321,50,47
53,3.733506180841706,112,2.0,0.7558348774909973,1821,559,75,40
65,3.733506180841706,112,2.0,0.7142136096954346,1533,582,148,64
70,3.733506180841706,112,2.0,0.700131893157959,190,677,147,65
77,3.733506180841706,112,2.0,0.572733998298645,1892,595,54,56
7,3.766841057456364,113,9.0,0.21027511358261108,983,81,36,54
14,3.766841057456364,113,2.0,0.6897851824760437,652,597,109,106
11,3.766841057456364,113,2.0,0.7750935554504395,659,881,163,167
26,3.766841057456364,113,2.0,0.2536899745464325,807,300,55,32
45,3.766841057456364,113,2.0,0.3013116419315338,1023,403,109,60
49,3.766841057456364,113,2.0,0.3945492208003998,314,325,49,46
53,3.766841057456364,113,2.0,0.7256132960319519,1817,561,77,40
65,3.766841057456364,113,2.0,0.6644784212112427,1510,574,143,64
70,3.766841057456364,113,2.0,0.7225142121315002,179,678,149,65
77,3.766841057456364,113,2.0,0.6459421515464783,1888,597,60,56
82,3.766841057456364,113,2.0,0.5215466022491455,268,823,72,77
7,3.800175934071022,114,9.0,0.22418297827243805,983,81,36,54
14,3.800175934071022,114,2.0,0.6283965110778809,664,610,115,109
11,3.800175934071022,114,2.0,0.46485716104507446,678,908,179,181
26,3.800175934071022,114,2.0,0.3126548230648041,800,298,53,31
45,3.800175934071022,114,7.0,0.3086983859539032,1009,397,105,61
49,3.800175934071022,114,2.0,0.5038616061210632,315,329,50,47
53,3.800175934071022,114,2.0,0.764373779296875,1813,561,77,39
65,3.800175934071022,114,2.0,0.7379572987556458,1487,564,135,62
70,3.800175934071022,114,2.0,0.6730970740318298,167,679,152,67
77,3.800175934071022,114,2.0,0.5980609655380249,1886,599,65,57
82,3.800175934071022,114,2.0,0.6268603801727295,263,823,82,78
7,3.83351081068568,115,9.0,0.20141547918319702,983,81,36,54
14,3.83351081068568,115,2.0,0.6931513547897339,678,623,117,110
11,3.83351081068568,115,2.0,0.5079946517944336,700,935,195,190
26,3.83351081068568,115,2.0,0.41606518626213074,795,296,52,31
45,3.83351081068568,115,2.0,0.3096524775028229,998,391,100,61
49,3.83351081068568,115,2.0,0.5042358636856079,315,333,50,48
53,3.83351081068568,115,2.0,0.7708554863929749,1808,560,77,39
65,3.83351081068568,115,2.0,0.751948356628418,1466,556,134,60
70,3.83351081068568,115,2.0,0.7907097935676575,156,679,152,66
77,3.83351081068568,115,2.0,0.5890828371047974,1883,600,70,58
82,3.83351081068568,115,2.0,0.6005059480667114,257,826,93,88
85,3.83351081068568,115,2.0,0.7084717154502869,1864,784,108,101
7,3.866845687300338,116,9.0,0.1943478137254715,983,81,36,54
14,3.866845687300338,116,2.0,0.7267507314682007,691,636,119,113
11,3.866845687300338,116,2.0,0.5954645276069641,713,962,195,199
26,3.866845687300338,116,2.0,0.5022330284118652,791,293,49,31
45,3.866845687300338,116,7.0,0.37601253390312195,986,386,99,62
49,3.866845687300338,116,2.0,0.4648780822753906,316,335,52,48
53,3.866845687300338,116,2.0,0.7483330965042114,1803,563,79,41
65,3.866845687300338,116,2.0,0.7117674946784973,1444,548,130,59
70,3.866845687300338,116,2.0,0.8353899121284485,145,680,157,66
77,3.866845687300338,116,2.0,0.5632479786872864,1880,601,76,58
82,3.866845687300338,116,2.0,0.7164230346679688,250,824,103,87
85,3.866845687300338,116,2.0,0.7949333190917969,1848,779,140,117
7,3.9001805639149962,117,9.0,0.18272340297698975,983,81,36,54
14,3.9001805639149962,117,2.0,0.6099993586540222,705,651,122,119
11,3.9001805639149962,117,2.0,0.476269006729126,723,965,186,159
26,3.9001805639149962,117,2.0,0.3635394275188446,785,291,48,30
45,3.9001805639149962,117,7.0,0.3274899423122406,974,383,99,60
49,3.9001805639149962,117,2.0,0.506306529045105,317,337,54,50
53,3.9001805639149962,117,2.0,0.7517529726028442,1799,563,79,42
65,3.9001805639149962,117,2.0,0.6548802852630615,1424,541,129,56
70,3.9001805639149962,117,2.0,0.7134116888046265,135,682,160,67
77,3.9001805639149962,117,2.0,0.37624210119247437,1876,601,79,55
82,3.9001805639149962,117,2.0,0.7151586413383484,245,823,112,86
85,3.9001805639149962,117,2.0,0.7258470058441162,1830,766,176,122
7,3.9335154405296544,118,9.0,0.16386118531227112,983,81,36,54
14,3.9335154405296544,118,2.0,0.6781705021858215,720,666,128,124
11,3.9335154405296544,118,2.0,0.3879871368408203,731,985,185,145
26,3.9335154405296544,118,2.0,0.34643805027008057,778,290,49,29
45,3.9335154405296544,118,2.0,0.6161929368972778,964,375,99,64
49,3.9335154405296544,118,2.0,0.6000668406486511,321,340,53,50
53,3.9335154405296544,118,2.0,0.748580813407898,1795,564,79,41
65,3.9335154405296544,118,2.0,0.780200183391571,1403,532,128,57
70,3.9335154405296544,118,2.0,0.7141312956809998,122,683,162,69
77,3.9335154405296544,118,2.0,0.4850008189678192,1874,602,85,55
82,3.9335154405296544,118,2.0,0.7068748474121094,241,824,121,85
85,3.9335154405296544,118,2.0,0.8892604112625122,1811,748,214,120
7,3.9668503171443126,119,9.0,0.18094484508037567,983,81,36,54
14,3.9668503171443126,119,2.0,0.64960116147995,735,682,132,127
11,3.9668503171443126,119,2.0,0.35001620650291443,759,1009,184,138
26,3.9668503171443126,119,2.0,0.39514032006263733,771,288,50,30
45,3.9668503171443126,119,2.0,0.49148881435394287,955,372,100,64
49,3.9668503171443126,119,2.0,0.6283524036407471,324,342,51,52
53,3.9668503171443126,119,2.0,0.7696654200553894,1791,564,80,41
65,3.9668503171443126,119,2.0,0.6621012687683105,1388,525,121,55
70,3.9668503171443126,119,2.0,0.6716688871383667,109,684,163,70
77,3.9668503171443126,119,2.0,0.3094986081123352,1872,604,91,56
82,3.9668503171443126,119,2.0,0.7259178161621094,234,826,132,86
85,3.9668503171443126,119,2.0,0.8524733781814575,1781,729,227,114
7,4.000185193758971,120,9.0,0.2075042426586151,983,81,35,54
14,4.000185193758971,120,2.0,0.73414146900177,750,698,136,130
26,4.000185193758971,120,2.0,0.3798069357872009,766,286,50,30
45,4.000185193758971,120,2.0,0.40860673785209656,943,370,97,61
49,4.000185193758971,120,2.0,0.6115890741348267,326,344,54,53
53,4.000185193758971,120,2.0,0.7670665979385376,1785,563,79,39
65,4.000185193758971,120,2.0,0.6392536759376526,1367,517,118,56
70,4.000185193758971,120,2.0,0.7214339971542358,97,686,163,73
77,4.000185193758971,120,2.0,0.4334457814693451,1869,604,98,57
82,4.000185193758971,120,2.0,0.7924046516418457,228,827,142,85
85,4.000185193758971,120,2.0,0.8548203110694885,1744,714,225,107
94,4.000185193758971,120,2.0,0.48971179127693176,256,729,79,67
7,4.033520070373629,121,9.0,0.21118810772895813,983,81,35,54
14,4.033520070373629,121,2.0,0.652972400188446,766,716,142,133
26,4.033520070373629,121,2.0,0.2975130081176758,759,283,52,29
45,4.033520070373629,121,2.0,0.4014696180820465,936,366,92,56
49,4.033520070373629,121,2.0,0.5881050229072571,327,347,54,54
53,4.033520070373629,121,2.0,0.7275537252426147,1780,563,80,40
65,4.033520070373629,121,2.0,0.7721248269081116,1350,510,118,55
70,4.033520070373629,121,2.0,0.7272937297821045,85,686,162,70
77,4.033520070373629,121,2.0,0.4485432803630829,1866,604,104,56
82,4.033520070373629,121,2.0,0.8163384199142456,224,828,154,87
85,4.033520070373629,121,2.0,0.8161344528198242,1708,697,220,106
94,4.033520070373629,121,2.0,0.616595447063446,249,729,92,70
11,4.033520070373629,121,2.0,0.5871757864952087,791,1042,170,74
7,4.066854946988286,122,9.0,0.18601244688034058,983,81,35,54
14,4.066854946988286,122,2.0,0.7007645964622498,783,733,147,140
26,4.066854946988286,122,2.0,0.2637345790863037,754,281,51,29
45,4.066854946988286,122,2.0,0.32033875584602356,924,365,92,53
49,4.066854946988286,122,2.0,0.6879144906997681,330,354,57,50
53,4.066854946988286,122,2.0,0.690014123916626,1776,563,81,40
65,4.066854946988286,122,2.0,0.5610353946685791,1331,504,115,55
70,4.066854946988286,122,2.0,0.7006571888923645,76,688,152,70
77,4.066854946988286,122,2.0,0.390889436006546,1864,605,109,58
82,4.066854946988286,122,2.0,0.8188843727111816,219,830,163,89
85,4.066854946988286,122,2.0,0.8222091794013977,1672,682,209,100
94,4.066854946988286,122,2.0,0.6310935616493225,240,730,106,67
7,4.100189823602944,123,9.0,0.17937426269054413,983,81,35,54
14,4.100189823602944,123,2.0,0.6102005839347839,802,752,152,144
26,4.100189823602944,123,2.0,0.30287009477615356,748,280,52,28
45,4.100189823602944,123,2.0,0.4734867811203003,916,364,92,49
49,4.100189823602944,123,2.0,0.6702028512954712,333,358,59,49
53,4.100189823602944,123,2.0,0.6749690175056458,1772,563,79,39
65,4.100189823602944,123,2.0,0.7053937315940857,1315,497,107,52
70,4.100189823602944,123,2.0,0.6159624457359314,70,687,140,67
77,4.100189823602944,123,2.0,0.37116533517837524,1861,604,114,57
82,4.100189823602944,123,2.0,0.8363769054412842,213,831,171,93
85,4.100189823602944,123,2.0,0.8145506381988525,1638,667,202,97
94,4.100189823602944,123,2.0,0.6961380839347839,234,730,123,69
7,4.1335247002176025,124,9.0,0.17900338768959045,983,81,35,54
14,4.1335247002176025,124,2.0,0.7329216599464417,822,773,160,148
26,4.1335247002176025,124,2.0,0.21790045499801636,744,279,50,28
45,4.1335247002176025,124,2.0,0.459632933139801,908,361,90,43
49,4.1335247002176025,124,2.0,0.7318614721298218,334,360,57,51
53,4.1335247002176025,124,2.0,0.6313000321388245,1767,564,77,40
65,4.1335247002176025,124,2.0,0.6875873804092407,1296,490,107,51
70,4.1335247002176025,124,2.0,0.6307007074356079,63,688,127,66
77,4.1335247002176025,124,2.0,0.5599011182785034,1857,604,116,58
82,4.1335247002176025,124,2.0,0.8470480442047119,204,833,170,92
85,4.1335247002176025,124,2.0,0.8058372735977173,1607,654,195,96
94,4.1335247002176025,124,2.0,0.6994170546531677,227,731,142,67
100,4.1335247002176025,124,2.0,0.3777619004249573,1104,287,47,28
7,4.166859576832261,125,9.0,0.19671136140823364,983,81,35,54
14,4.166859576832261,125,2.0,0.7068342566490173,843,793,166,155
45,4.166859576832261,125,2.0,0.21095070242881775,899,356,88,44
49,4.166859576832261,125,2.0,0.7326387166976929,337,363,56,53
53,4.166859576832261,125,2.0,0.6745688319206238,1762,564,77,40
65,4.166859576832261,125,2.0,0.652267575263977,1280,485,111,51
70,4.166859576832261,125,2.0,0.6527093648910522,58,688,116,63
77,4.166859576832261,125,2.0,0.44227421283721924,1850,605,114,57
82,4.166859576832261,125,2.0,0.8121302723884583,193,834,171,90
85,4.166859576832261,125,2.0,0.7356237769126892,1575,640,186,93
94,4.166859576832261,125,2.0,0.7047125697135925,218,732,155,69
100,4.166859576832261,125,2.0,0.3124634325504303,1104,287,48,28
7,4.200194453446919,126,9.0,0.20416998863220215,983,81,36,54
14,4.200194453446919,126,2.0,0.6684671640396118,864,815,172,162
45,4.200194453446919,126,2.0,0.38388440012931824,898,354,72,41
49,4.200194453446919,126,2.0,0.7552065849304199,339,366,57,54
53,4.200194453446919,126,2.0,0.7366992235183716,1759,565,76,40
65,4.200194453446919,126,2.0,0.7315746545791626,1266,477,102,50
70,4.200194453446919,126,2.0,0.6701450943946838,52,688,105,63
77,4.200194453446919,126,2.0,0.2251865714788437,1846,605,111,57
82,4.200194453446919,126,2.0,0.7867000102996826,184,833,172,91
85,4.200194453446919,126,2.0,0.7131337523460388,1548,628,178,90
94,4.200194453446919,126,2.0,0.6624523997306824,203,734,158,69
100,4.200194453446919,126,2.0,0.20801188051700592,1104,286,47,27
7,4.233529330061577,127,9.0,0.20031283795833588,983,81,36,54
14,4.233529330061577,127,2.0,0.6069701313972473,887,839,178,168
45,4.233529330061577,127,2.0,0.4353005886077881,882,349,78,44
49,4.233529330061577,127,2.0,0.801960825920105,341,369,57,55
53,4.233529330061577,127,2.0,0.6957100629806519,1755,565,77,39
65,4.233529330061577,127,2.0,0.7181318998336792,1251,470,102,50
70,4.233529330061577,127,2.0,0.5421974658966064,45,689,91,64
77,4.233529330061577,127,2.0,0.17704743146896362,1841,605,108,58
82,4.233529330061577,127,2.0,0.7569845914840698,177,834,181,92
85,4.233529330061577,127,2.0,0.8132258057594299,1518,617,170,87
94,4.233529330061577,127,2.0,0.72719407081604,187,737,158,67
100,4.233529330061577,127,2.0,0.3031059503555298,1101,285,47,26
26,4.233529330061577,127,2.0,0.32857316732406616,729,274,46,27
7,4.266864206676235,128,9.0,0.19830815494060516,983,81,36,54
14,4.266864206676235,128,2.0,0.7373068928718567,911,864,183,176
45,4.266864206676235,128,2.0,0.32617250084877014,871,345,82,45
49,4.266864206676235,128,2.0,0.8019819855690002,343,374,59,56
53,4.266864206676235,128,2.0,0.7359753251075745,1751,566,75,38
65,4.266864206676235,128,2.0,0.7719812393188477,1235,465,103,49
70,4.266864206676235,128,2.0,0.4549819529056549,40,689,80,63
77,4.266864206676235,128,2.0,0.16031430661678314,1835,606,110,59
82,4.266864206676235,128,2.0,0.755012035369873,171,836,188,91
85,4.266864206676235,128,2.0,0.7867409586906433,1489,606,167,84
94,4.266864206676235,128,2.0,0.7862924337387085,172,737,163,68
100,4.266864206676235,128,2.0,0.31501588225364685,1098,284,51,28
26,4.266864206676235,128,2.0,0.459138423204422,724,273,43,28
7,4.300199083290893,129,9.0,0.1955556720495224,983,81,36,54
14,4.300199083290893,129,2.0,0.6251093745231628,936,891,190,182
45,4.300199083290893,129,2.0,0.3240625858306885,869,343,74,43
49,4.300199083290893,129,2.0,0.7872932553291321,345,378,60,56
53,4.300199083290893,129,2.0,0.6654196977615356,1747,566,76,38
65,4.300199083290893,129,2.0,0.7177531719207764,1219,460,99,47
70,4.300199083290893,129,2.0,0.5548563003540039,33,691,66,62
77,4.300199083290893,129,2.0,0.16117514669895172,1828,605,112,54
82,4.300199083290893,129,2.0,0.7702223658561707,165,835,193,92
85,4.300199083290893,129,2.0,0.7404706478118896,1464,595,162,81
94,4.300199083290893,129,2.0,0.7514300346374512,156,739,167,67
100,4.300199083290893,129,2.0,0.25502899289131165,1094,284,52,28
26,4.300199083290893,129,2.0,0.43660303950309753,722,269,42,26
7,4.333533959905552,130,9.0,0.2056162804365158,983,81,36,54
14,4.333533959905552,130,2.0,0.5494664311408997,965,918,200,189
45,4.333533959905552,130,2.0,0.3761810064315796,857,340,74,38
49,4.333533959905552,130,2.0,0.6861380338668823,348,381,60,58
53,4.333533959905552,130,2.0,0.7178953886032104,1742,566,78,38
65,4.333533959905552,130,2.0,0.6612609624862671,1206,454,97,45
70,4.333533959905552,130,2.0,0.5118631720542908,26,691,53,62
77,4.333533959905552,130,2.0,0.16674840450286865,1822,606,112,56
82,4.333533959905552,130,2.0,0.7726722359657288,157,837,197,96
85,4.333533959905552,130,2.0,0.7282012104988098,1438,583,160,80
94,4.333533959905552,130,2.0,0.8138028979301453,142,741,171,68
100,4.333533959905552,130,2.0,0.24382509291172028,1093,284,50,28
26,4.333533959905552,130,2.0,0.3710438013076782,715,267,44,27
7,4.36686883652021,131,9.0,0.19026607275009155,983,81,36,54
14,4.36686883652021,131,2.0,0.6849517822265625,986,935,196,172
45,4.36686883652021,131,2.0,0.49275830388069153,847,337,77,38
49,4.36686883652021,131,2.0,0.6620221138000488,350,384,60,62
53,4.36686883652021,131,2.0,0.7333064079284668,1737,568,75,39
65,4.36686883652021,131,2.0,0.6396665573120117,1191,448,95,45
70,4.36686883652021,131,2.0,0.5099822282791138,20,691,41,61
77,4.36686883652021,131,2.0,0.10517454147338867,1826,606,94,53
82,4.36686883652021,131,2.0,0.7953807711601257,148,838,199,94
85,4.36686883652021,131,2.0,0.6108894944190979,1415,570,156,74
94,4.36686883652021,131,2.0,0.7473414540290833,125,742,172,68
100,4.36686883652021,131,2.0,0.30112478137016296,1091,284,45,27
26,4.36686883652021,131,2.0,0.43347883224487305,710,266,44,27
7,4.400203713134868,132,9.0,0.1896689385175705,983,81,36,54
14,4.400203713134868,132,2.0,0.3575300872325897,1021,970,213,189
45,4.400203713134868,132,2.0,0.45685604214668274,839,333,77,44
49,4.400203713134868,132,2.0,0.6184807419776917,353,387,61,62
53,4.400203713134868,132,2.0,0.6903273463249207,1733,568,77,39
65,4.400203713134868,132,2.0,0.6929184794425964,1181,443,87,43
70,4.400203713134868,132,2.0,0.5587881207466125,14,689,28,57
77,4.400203713134868,132,2.0,0.10255222767591476,1817,605,100,51
82,4.400203713134868,132,2.0,0.7575222253799438,138,840,200,96
85,4.400203713134868,132,2.0,0.7756506204605103,1391,560,152,73
94,4.400203713134868,132,2.0,0.8827432990074158,109,744,173,68
100,4.400203713134868,132,2.0,0.26948121190071106,1087,283,45,26
26,4.400203713134868,132,2.0,0.5118760466575623,705,264,41,25
7,4.433538589749525,133,9.0,0.1834648698568344,983,81,35,54
14,4.433538589749525,133,2.0,0.5983591675758362,1044,984,204,159
45,4.433538589749525,133,2.0,0.44684121012687683,832,329,77,45
49,4.433538589749525,133,2.0,0.6193588972091675,356,392,61,61
53,4.433538589749525,133,2.0,0.7120615243911743,1730,569,75,38
65,4.433538589749525,133,2.0,0.5552517771720886,1168,439,83,43
70,4.433538589749525,133,2.0,0.2332758754491806,8,686,16,50
77,4.433538589749525,133,2.0,0.12192405015230179,1812,605,97,49
82,4.433538589749525,133,2.0,0.8212713003158569,129,841,201,96
85,4.433538589749525,133,2.0,0.7915376424789429,1369,553,148,71
94,4.433538589749525,133,2.0,0.8296806216239929,93,746,172,70
100,4.433538589749525,133,2.0,0.21502412855625153,1083,282,47,24
26,4.433538589749525,133,2.0,0.5051639676094055,701,263,41,24
7,4.466873466364183,134,9.0,0.19883312284946442,983,81,35,54
14,4.466873466364183,134,2.0,0.5260379314422607,1080,1007,214,141
45,4.466873466364183,134,2.0,0.5029601454734802,824,326,78,42
49,4.466873466364183,134,2.0,0.60030597448349,358,397,63,63
53,4.466873466364183,134,2.0,0.6676371097564697,1726,569,74,38
65,4.466873466364183,134,2.0,0.3771418333053589,1160,435,75,41
77,4.466873466364183,134,2.0,0.15663163363933563,1807,604,96,50
82,4.466873466364183,134,2.0,0.8422057032585144,120,842,202,96
85,4.466873466364183,134,2.0,0.7040275931358337,1345,544,142,73
94,4.466873466364183,134,2.0,0.7732700109481812,83,749,166,72
100,4.466873466364183,134,2.0,0.1006123423576355,1080,282,42,24
26,4.466873466364183,134,2.0,0.48035773634910583,699,261,43,24
7,4.5002083429788415,135,9.0,0.21721328794956207,983,81,35,54
14,4.5002083429788415,135,2.0,0.43070730566978455,1113,1023,207,112
45,4.5002083429788415,135,2.0,0.31118497252464294,817,323,76,46
49,4.5002083429788415,135,2.0,0.6578407287597656,361,402,63,60
53,4.5002083429788415,135,2.0,0.5540984272956848,1722,569,72,37
65,4.5002083429788415,135,2.0,0.594794511795044,1146,430,70,38
77,4.5002083429788415,135,2.0,0.1150994747877121,1801,603,95,50
82,4.5002083429788415,135,2.0,0.8465055227279663,111,844,204,96
85,4.5002083429788415,135,2.0,0.6489801406860352,1324,535,139,72
94,4.5002083429788415,135,2.0,0.76633620262146,75,749,150,69
100,4.5002083429788415,135,2.0,0.11516717821359634,1080,281,37,24
26,4.5002083429788415,135,2.0,0.4165741205215454,694,260,41,25
109,4.5002083429788415,135,2.0,0.42633509635925293,272,256,32,26
7,4.5335432195935,136,9.0,0.20881980657577515,983,81,35,54
45,4.5335432195935,136,2.0,0.4634605944156647,809,320,77,45
49,4.5335432195935,136,2.0,0.6640062928199768,364,408,63,60
53,4.5335432195935,136,2.0,0.6012929677963257,1719,568,69,36
65,4.5335432195935,136,2.0,0.6213008761405945,1133,424,75,39
77,4.5335432195935,136,2.0,0.31700798869132996,1792,602,98,46
82,4.5335432195935,136,2.0,0.8193758130073547,102,845,202,96
85,4.5335432195935,136,2.0,0.7296200394630432,1304,527,139,74
94,4.5335432195935,136,2.0,0.73322993516922,65,749,130,62
100,4.5335432195935,136,2.0,0.1624203771352768,1079,281,35,24
26,4.5335432195935,136,2.0,0.3857124149799347,689,257,43,25
109,4.5335432195935,136,2.0,0.3620730936527252,272,257,31,26
7,4.566878096208158,137,9.0,0.2116689532995224,983,81,35,54
45,4.566878096208158,137,2.0,0.3632025420665741,803,318,75,45
49,4.566878096208158,137,2.0,0.7615534067153931,367,412,64,61
53,4.566878096208158,137,2.0,0.5043085813522339,1716,569,68,37
65,4.566878096208158,137,2.0,0.6173589825630188,1115,419,83,42
77,4.566878096208158,137,2.0,0.1544848382472992,1790,600,89,47
82,4.566878096208158,137,2.0,0.8043253421783447,96,846,193,96
85,4.566878096208158,137,2.0,0.7914592623710632,1283,518,134,70
94,4.566878096208158,137,2.0,0.6690226197242737,57,748,115,59
100,4.566878096208158,137,2.0,0.16177377104759216,1076,280,40,23
26,4.566878096208158,137,2.0,0.3005049526691437,684,255,40,25
109,4.566878096208158,137,2.0,0.3240174949169159,273,258,31,27
7,4.600212972822816,138,9.0,0.20916931331157684,983,81,35,54
45,4.600212972822816,138,2.0,0.4122987985610962,795,315,76,45
49,4.600212972822816,138,2.0,0.7656689882278442,369,416,67,64
53,4.600212972822816,138,2.0,0.5273821353912354,1711,569,71,37
65,4.600212972822816,138,2.0,0.58554607629776,1103,414,87,44
77,4.600212972822816,138,2.0,0.12532566487789154,1780,601,94,47
82,4.600212972822816,138,2.0,0.8077974319458008,92,846,184,95
85,4.600212972822816,138,2.0,0.8251722455024719,1264,510,129,68
94,4.600212972822816,138,2.0,0.6592757701873779,49,750,98,59
26,4.600212972822816,138,2.0,0.26058512926101685,681,255,42,25
109,4.600212972822816,138,2.0,0.14212964475154877,273,260,32,27
7,4.633547849437474,139,9.0,0.21078281104564667,983,81,35,54
45,4.633547849437474,139,2.0,0.5945239663124084,789,312,72,43
49,4.633547849437474,139,2.0,0.7560864090919495,373,420,70,68
53,4.633547849437474,139,2.0,0.5205370187759399,1705,569,72,37
65,4.633547849437474,139,2.0,0.6644337773323059,1091,409,85,41
77,4.633547849437474,139,2.0,0.15021085739135742,1777,600,87,44
82,4.633547849437474,139,2.0,0.7796405553817749,87,845,174,91
85,4.633547849437474,139,2.0,0.7869896292686462,1244,503,124,65
94,4.633547849437474,139,2.0,0.6606460809707642,40,751,81,61
26,4.633547849437474,139,2.0,0.3004891276359558,677,254,40,26
109,4.633547849437474,139,2.0,0.13825896382331848,274,264,34,27
115,4.633547849437474,139,2.0,0.5258802771568298,1902,549,34,29
116,4.633547849437474,139,2.0,0.727324366569519,1841,788,154,99
7,4.666882726052132,140,9.0,0.22451786696910858,983,81,36,54
45,4.666882726052132,140,2.0,0.4103673994541168,785,311,65,40
49,4.666882726052132,140,2.0,0.6779831051826477,377,426,72,70
53,4.666882726052132,140,2.0,0.5076948404312134,1703,569,69,36
65,4.666882726052132,140,2.0,0.3157516121864319,1079,406,83,38
82,4.666882726052132,140,2.0,0.8032072186470032,82,845,165,85
85,4.666882726052132,140,2.0,0.6498010754585266,1227,495,124,65
94,4.666882726052132,140,2.0,0.546290934085846,34,754,69,61
26,4.666882726052132,140,2.0,0.21625001728534698,674,254,40,25
109,4.666882726052132,140,2.0,0.1893720030784607,276,266,35,29
115,4.666882726052132,140,2.0,0.5035774111747742,1900,551,37,33
116,4.666882726052132,140,2.0,0.7099481225013733,1826,771,184,94
7,4.700217602666791,141,9.0,0.22722893953323364,983,81,36,54
45,4.700217602666791,141,2.0,0.3738490343093872,775,309,66,39
49,4.700217602666791,141,2.0,0.7901902794837952,380,431,71,69
53,4.700217602666791,141,2.0,0.4256618916988373,1699,569,67,36
65,4.700217602666791,141,2.0,0.5259972810745239,1069,402,78,36
82,4.700217602666791,141,2.0,0.8513802886009216,78,843,156,81
85,4.700217602666791,141,2.0,0.7612879872322083,1209,487,120,65
94,4.700217602666791,141,2.0,0.5711005330085754,24,754,48,58
26,4.700217602666791,141,2.0,0.13295994699001312,671,253,42,25
109,4.700217602666791,141,2.0,0.20276106894016266,277,269,37,28
115,4.700217602666791,141,2.0,0.5987647771835327,1898,552,41,36
116,4.700217602666791,141,2.0,0.7318032383918762,1796,753,199,101
7,4.733552479281449,142,9.0,0.24145743250846863,983,81,36,54
45,4.733552479281449,142,2.0,0.3362625241279602,768,307,67,38
49,4.733552479281449,142,2.0,0.7334022521972656,383,435,72,70
53,4.733552479281449,142,2.0,0.42193347215652466,1698,569,62,33
65,4.733552479281449,142,2.0,0.4676727056503296,1059,398,78,36
82,4.733552479281449,142,2.0,0.8077535629272461,74,843,148,76
85,4.733552479281449,142,2.0,0.7093456387519836,1193,479,119,65
26,4.733552479281449,142,2.0,0.10236454010009766,667,251,41,27
109,4.733552479281449,142,2.0,0.3732040822505951,278,271,37,27
115,4.733552479281449,142,2.0,0.4726632535457611,1897,551,44,37
116,4.733552479281449,142,2.0,0.8283855319023132,1759,735,201,96
7,4.766887355896107,143,9.0,0.2329666167497635,983,81,36,54
45,4.766887355896107,143,2.0,0.6344951391220093,764,305,65,35
49,4.766887355896107,143,2.0,0.7649213075637817,387,439,74,73
53,4.766887355896107,143,2.0,0.2984194755554199,1695,569,61,31
65,4.766887355896107,143,2.0,0.35604268312454224,1054,393,62,35
82,4.766887355896107,143,2.0,0.8359832763671875,70,845,140,78
85,4.766887355896107,143,2.0,0.7923681139945984,1175,473,116,61
26,4.766887355896107,143,2.0,0.1433539241552353,662,250,37,26
109,4.766887355896107,143,2.0,0.20918036997318268,280,272,37,27
115,4.766887355896107,143,2.0,0.5639127492904663,1893,552,50,39
116,4.766887355896107,143,2.0,0.77940833568573,1721,718,194,91
7,4.800222232510764,144,9.0,0.21573776006698608,983,81,36,54
45,4.800222232510764,144,2.0,0.5876854658126831,761,304,59,33
49,4.800222232510764,144,2.0,0.7898377776145935,391,445,72,76
53,4.800222232510764,144,2.0,0.1594797968864441,1691,568,57,30
65,4.800222232510764,144,2.0,0.19338469207286835,1047,387,56,37
82,4.800222232510764,144,2.0,0.8209343552589417,65,845,130,78
85,4.800222232510764,144,2.0,0.7826043963432312,1160,466,111,61
26,4.800222232510764,144,2.0,0.16020354628562927,659,248,33,25
109,4.800222232510764,144,2.0,0.2315095067024231,281,274,36,27
115,4.800222232510764,144,2.0,0.631615400314331,1891,551,55,40
116,4.800222232510764,144,2.0,0.7788392305374146,1683,701,186,87
7,4.833557109125422,145,9.0,0.22960741817951202,983,81,36,54
45,4.833557109125422,145,2.0,0.37310126423835754,752,299,65,40
49,4.833557109125422,145,2.0,0.7371250987052917,395,450,74,77
53,4.833557109125422,145,2.0,0.20120249688625336,1687,568,53,28
65,4.833557109125422,145,2.0,0.4728280007839203,1035,383,54,35
82,4.833557109125422,145,2.0,0.7675753831863403,61,846,123,83
85,4.833557109125422,145,2.0,0.7045117020606995,1145,460,108,59
115,4.833557109125422,145,2.0,0.7438374757766724,1889,551,59,40
116,4.833557109125422,145,2.0,0.7739977240562439,1649,686,180,81
7,4.8668919857400805,146,9.0,0.25008073449134827,983,81,36,54
45,4.8668919857400805,146,2.0,0.26537632942199707,745,297,66,41
49,4.8668919857400805,146,2.0,0.6140697598457336,398,457,74,74
65,4.8668919857400805,146,2.0,0.498119592666626,1017,379,69,35
82,4.8668919857400805,146,2.0,0.7883154153823853,57,847,114,87
85,4.8668919857400805,146,2.0,0.7199773192405701,1127,453,109,56
115,4.8668919857400805,146,2.0,0.7304427027702332,1888,551,62,40
116,4.8668919857400805,146,2.0,0.7316956520080566,1614,673,173,78
109,4.8668919857400805,146,2.0,0.2514505386352539,284,278,40,27
7,4.900226862354739,147,9.0,0.2432646006345749,983,81,36,54
45,4.900226862354739,147,2.0,0.580725908279419,738,294,64,41
49,4.900226862354739,147,2.0,0.6928818821907043,401,464,78,74
65,4.900226862354739,147,2.0,0.3811369836330414,1011,377,60,30
82,4.900226862354739,147,2.0,0.7286097407341003,53,848,106,86
85,4.900226862354739,147,2.0,0.7691623568534851,1113,447,104,57
115,4.900226862354739,147,2.0,0.6814721822738647,1886,551,65,41
116,4.900226862354739,147,2.0,0.6869226694107056,1583,660,167,77
109,4.900226862354739,147,2.0,0.24726693332195282,286,280,39,27
7,4.933561738969397,148,9.0,0.2354910671710968,983,81,36,54
45,4.933561738969397,148,2.0,0.432054728269577,733,292,62,40
49,4.933561738969397,148,2.0,0.7506582736968994,406,472,79,75
65,4.933561738969397,148,2.0,0.45440050959587097,1007,374,58,32
82,4.933561738969397,148,2.0,0.6037383675575256,49,845,98,94
85,4.933561738969397,148,2.0,0.7329980134963989,1098,440,104,59
115,4.933561738969397,148,2.0,0.6409807205200195,1884,552,69,42
116,4.933561738969397,148,2.0,0.7618415951728821,1554,647,161,76
109,4.933561738969397,148,2.0,0.40647560358047485,289,281,37,27
7,4.966896615584055,149,9.0,0.24949651956558228,983,81,36,54
45,4.966896615584055,149,2.0,0.40326985716819763,726,289,61,40
49,4.966896615584055,149,2.0,0.6234368681907654,411,477,79,76
65,4.966896615584055,149,2.0,0.2911641001701355,992,370,65,34
82,4.966896615584055,149,2.0,0.6460152268409729,44,843,89,99
85,4.966896615584055,149,2.0,0.6155535578727722,1085,434,101,58
115,4.966896615584055,149,2.0,0.5187804698944092,1881,553,74,40
116,4.966896615584055,149,2.0,0.5253347754478455,1527,633,149,72
109,4.966896615584055,149,2.0,0.34952712059020996,290,283,36,27
122,4.966896615584055,149,7.0,0.37521785497665405,45,839,90,104
7,5.000231492198713,150,9.0,0.24468979239463806,983,81,36,54
45,5.000231492198713,150,2.0,0.329725056886673,720,288,60,42
49,5.000231492198713,150,2.0,0.5733461976051331,415,483,80,80
65,5.000231492198713,150,2.0,0.5465417504310608,979,365,68,36
82,5.000231492198713,150,2.0,0.6181374788284302,41,847,83,94
85,5.000231492198713,150,2.0,0.6140913963317871,1071,428,100,58
115,5.000231492198713,150,2.0,0.6213164925575256,1879,552,79,41
116,5.000231492198713,150,2.0,0.582457423210144,1497,621,147,70
109,5.000231492198713,150,2.0,0.32530784606933594,291,285,35,27
122,5.000231492198713,150,7.0,0.23683203756809235,42,840,84,105
7,5.033566368813371,151,9.0,0.24850639700889587,983,81,35,54
45,5.033566368813371,151,2.0,0.5131984353065491,715,287,61,43
49,5.033566368813371,151,2.0,0.6324865818023682,419,491,79,83
65,5.033566368813371,151,2.0,0.5912794470787048,969,361,73,38
82,5.033566368813371,151,2.0,0.524625837802887,37,851,75,88
85,5.033566368813371,151,2.0,0.7109740972518921,1059,424,98,54
115,5.033566368813371,151,2.0,0.6270853877067566,1876,552,84,41
116,5.033566368813371,151,2.0,0.7292470335960388,1468,610,148,73
109,5.033566368813371,151,2.0,0.39487186074256897,291,286,36,29
122,5.033566368813371,151,7.0,0.22253376245498657,37,841,74,106
124,5.033566368813371,151,2.0,0.4208141267299652,1901,607,36,38
7,5.0669012454280296,152,9.0,0.23792815208435059,983,81,35,54
45,5.0669012454280296,152,2.0,0.503123939037323,711,284,61,39
49,5.0669012454280296,152,2.0,0.6521185636520386,424,497,79,84
65,5.0669012454280296,152,2.0,0.5820920467376709,957,359,71,38
82,5.0669012454280296,152,2.0,0.5287101864814758,32,851,64,81
85,5.0669012454280296,152,2.0,0.6261311173439026,1044,418,98,54
115,5.0669012454280296,152,2.0,0.589195728302002,1873,552,84,41
116,5.0669012454280296,152,2.0,0.6514337062835693,1444,604,143,78
109,5.0669012454280296,152,2.0,0.4344971477985382,293,289,36,29
124,5.0669012454280296,152,2.0,0.5169593691825867,1898,609,40,38
7,5.100236122042688,153,9.0,0.22480793297290802,983,81,35,54
45,5.100236122042688,153,2.0,0.5646705627441406,706,281,63,37
49,5.100236122042688,153,2.0,0.5694268941879272,428,503,81,87
65,5.100236122042688,153,2.0,0.5026509761810303,951,356,63,34
82,5.100236122042688,153,2.0,0.5179182887077332,28,851,56,76
85,5.100236122042688,153,2.0,0.7098435759544373,1032,414,95,52
115,5.100236122042688,153,2.0,0.6360496282577515,1869,552,87,43
116,5.100236122042688,153,2.0,0.5968801975250244,1419,599,141,88
109,5.100236122042688,153,2.0,0.42417556047439575,294,292,36,31
124,5.100236122042688,153,2.0,0.5204872488975525,1895,610,47,38
7,5.133570998657345,154,9.0,0.2328857034444809,983,81,36,55
45,5.133570998657345,154,2.0,0.5468482971191406,700,279,61,39
49,5.133570998657345,154,2.0,0.6609819531440735,432,510,83,91
65,5.133570998657345,154,2.0,0.37410712242126465,943,353,64,31
82,5.133570998657345,154,2.0,0.5856048464775085,24,853,49,77
85,5.133570998657345,154,2.0,0.7214025259017944,1019,408,92,50
115,5.133570998657345,154,2.0,0.6843309998512268,1864,552,85,42
116,5.133570998657345,154,2.0,0.5032903552055359,1396,580,135,70
109,5.133570998657345,154,2.0,0.41903558373451233,295,294,35,31
124,5.133570998657345,154,2.0,0.5952083468437195,1891,609,55,40
7,5.166905875272003,155,9.0,0.22556619346141815,983,81,36,55
45,5.166905875272003,155,2.0,0.5818139314651489,695,278,58,38
49,5.166905875272003,155,2.0,0.6436533331871033,439,518,87,90
65,5.166905875272003,155,2.0,0.4158884584903717,936,351,63,30
82,5.166905875272003,155,2.0,0.6133654713630676,19,851,39,70
85,5.166905875272003,155,2.0,0.7208811044692993,1008,405,91,49
115,5.166905875272003,155,2.0,0.6260538101196289,1860,553,85,42
116,5.166905875272003,155,2.0,0.7535864114761353,1374,567,132,62
109,5.166905875272003,155,2.0,0.3735722303390503,297,296,37,31
124,5.166905875272003,155,2.0,0.46439507603645325,1887,611,63,40
7,5.200240751886661,156,9.0,0.20546507835388184,983,81,36,55
45,5.200240751886661,156,2.0,0.4356904625892639,690,276,58,40
49,5.200240751886661,156,2.0,0.6914185881614685,443,527,88,93
65,5.200240751886661,156,2.0,0.42950063943862915,931,347,55,31
82,5.200240751886661,156,2.0,0.5788590312004089,16,850,32,70
85,5.200240751886661,156,2.0,0.7433330416679382,996,401,87,45
115,5.200240751886661,156,2.0,0.6723890900611877,1856,553,86,42
116,5.200240751886661,156,2.0,0.765487015247345,1350,557,128,62
109,5.200240751886661,156,2.0,0.3321000933647156,299,297,39,32
124,5.200240751886661,156,2.0,0.5624595880508423,1884,610,69,43
7,5.2335756285013195,157,9.0,0.1998111605644226,983,81,36,55
45,5.2335756285013195,157,2.0,0.12980292737483978,687,276,52,37
49,5.2335756285013195,157,2.0,0.6585976481437683,450,535,95,98
65,5.2335756285013195,157,2.0,0.28234997391700745,921,343,57,34
82,5.2335756285013195,157,2.0,0.3447605073451996,13,851,26,71
85,5.2335756285013195,157,2.0,0.5825821757316589,985,396,87,44
115,5.2335756285013195,157,2.0,0.6327263712882996,1851,554,83,40
116,5.2335756285013195,157,2.0,0.6970422267913818,1330,548,122,61
109,5.2335756285013195,157,2.0,0.41592085361480713,300,299,40,32
124,5.2335756285013195,157,2.0,0.6624376177787781,1882,610,74,44
7,5.266910505115978,158,9.0,0.1963433027267456,983,81,36,55
45,5.266910505115978,158,2.0,0.3445989489555359,683,275,51,38
49,5.266910505115978,158,2.0,0.6974696516990662,455,543,95,99
65,5.266910505115978,158,2.0,0.41064271330833435,911,338,57,32
82,5.266910505115978,158,2.0,0.22899310290813446,10,853,20,74
85,5.266910505115978,158,2.0,0.5028035044670105,973,390,86,46
115,5.266910505115978,158,2.0,0.5473095774650574,1847,556,83,39
116,5.266910505115978,158,2.0,0.6153896450996399,1309,539,121,60
109,5.266910505115978,158,2.0,0.4870595932006836,301,302,41,31
124,5.266910505115978,158,2.0,0.587979793548584,1879,611,80,46
128,5.266910505115978,158,2.0,0.4959315061569214,268,774,53,57
7,5.300245381730636,159,9.0,0.18587501347064972,983,81,36,55
45,5.300245381730636,159,2.0,0.20457473397254944,679,273,50,37
49,5.300245381730636,159,2.0,0.6726677417755127,461,552,98,102
65,5.300245381730636,159,2.0,0.36831626296043396,906,336,54,30
82,5.300245381730636,159,2.0,0.12706279754638672,8,858,15,61
85,5.300245381730636,159,2.0,0.4988572597503662,963,386,85,46
115,5.300245381730636,159,2.0,0.6151081919670105,1843,557,85,39
116,5.300245381730636,159,2.0,0.7750622630119324,1289,530,119,60
109,5.300245381730636,159,2.0,0.4272884130477905,303,304,41,32
124,5.300245381730636,159,2.0,0.5390656590461731,1876,612,84,45
128,5.300245381730636,159,2.0,0.5043507814407349,264,769,66,67
7,5.333580258345294,160,9.0,0.20428438484668732,983,81,36,55
45,5.333580258345294,160,2.0,0.41490301489830017,676,269,45,34
49,5.333580258345294,160,2.0,0.6027886271476746,467,561,99,103
65,5.333580258345294,160,2.0,0.45800140500068665,896,333,57,29
85,5.333580258345294,160,2.0,0.6051292419433594,953,380,82,49
115,5.333580258345294,160,2.0,0.597806453704834,1837,557,85,42
116,5.333580258345294,160,2.0,0.767299234867096,1269,522,117,58
109,5.333580258345294,160,2.0,0.546183168888092,304,305,42,33
124,5.333580258345294,160,2.0,0.28135237097740173,1873,613,91,44
128,5.333580258345294,160,2.0,0.5866439938545227,257,766,82,73
7,5.366915134959952,161,9.0,0.20178988575935364,983,81,35,54
45,5.366915134959952,161,2.0,0.4233602285385132,668,266,54,38
49,5.366915134959952,161,2.0,0.5198943614959717,473,571,102,104
65,5.366915134959952,161,2.0,0.4040552079677582,888,330,60,29
85,5.366915134959952,161,2.0,0.6816887259483337,943,374,80,50
115,5.366915134959952,161,2.0,0.6469123363494873,1833,557,85,43
116,5.366915134959952,161,2.0,0.6145347356796265,1251,513,114,58
109,5.366915134959952,161,2.0,0.5546191334724426,307,307,44,33
124,5.366915134959952,161,2.0,0.5887746214866638,1869,613,97,46
128,5.366915134959952,161,2.0,0.5139707922935486,249,764,96,75
7,5.40025001157461,162,9.0,0.17356382310390472,983,81,35,54
45,5.40025001157461,162,2.0,0.26413828134536743,663,265,53,38
49,5.40025001157461,162,2.0,0.5001847743988037,480,581,102,106
65,5.40025001157461,162,2.0,0.21285147964954376,882,327,59,28
85,5.40025001157461,162,2.0,0.637999415397644,932,371,78,49
115,5.40025001157461,162,2.0,0.6741193532943726,1829,556,84,43
116,5.40025001157461,162,2.0,0.6694245338439941,1233,506,113,58
109,5.40025001157461,162,2.0,0.4729875326156616,309,310,44,34
124,5.40025001157461,162,2.0,0.6782039403915405,1866,614,100,46
128,5.40025001157461,162,2.0,0.6088598370552063,241,765,110,77
7,5.4335848881892685,163,9.0,0.1770261824131012,983,81,35,55
45,5.4335848881892685,163,2.0,0.2981671690940857,658,263,53,35
49,5.4335848881892685,163,2.0,0.6456535458564758,487,591,106,111
85,5.4335848881892685,163,2.0,0.6408663392066956,922,367,77,48
115,5.4335848881892685,163,2.0,0.610245943069458,1824,557,83,44
116,5.4335848881892685,163,2.0,0.6371707916259766,1215,498,108,54
109,5.4335848881892685,163,2.0,0.44251933693885803,311,312,44,36
124,5.4335848881892685,163,2.0,0.6864110827445984,1861,614,97,47
128,5.4335848881892685,163,2.0,0.7067103385925293,233,767,122,79
7,5.466919764803927,164,9.0,0.17358309030532837,983,81,35,54
45,5.466919764803927,164,2.0,0.35302186012268066,655,262,50,33
49,5.466919764803927,164,2.0,0.6309112310409546,494,601,109,113
85,5.466919764803927,164,2.0,0.5988385081291199,913,365,76,45
115,5.466919764803927,164,2.0,0.6273193359375,1820,557,86,45
116,5.466919764803927,164,2.0,0.6208838820457458,1197,491,108,53
109,5.466919764803927,164,2.0,0.5137913823127747,313,315,44,36
124,5.466919764803927,164,2.0,0.5721014142036438,1857,615,94,45
128,5.466919764803927,164,2.0,0.7843713164329529,225,770,137,80
7,5.500254641418584,165,9.0,0.1692352592945099,983,81,35,54
45,5.500254641418584,165,2.0,0.3795245885848999,652,260,47,30
49,5.500254641418584,165,2.0,0.5916865468025208,500,612,113,117
85,5.500254641418584,165,2.0,0.5468965172767639,904,362,75,43
115,5.500254641418584,165,2.0,0.6797662377357483,1815,557,85,45
116,5.500254641418584,165,2.0,0.551145613193512,1180,484,105,52
109,5.500254641418584,165,2.0,0.5291839838027954,314,318,44,36
124,5.500254641418584,165,2.0,0.5739202499389648,1853,616,90,44
128,5.500254641418584,165,2.0,0.7494138479232788,217,771,152,84
7,5.533589518033242,166,9.0,0.1743106096982956,983,81,35,54
45,5.533589518033242,166,2.0,0.1964256316423416,652,259,39,28
49,5.533589518033242,166,2.0,0.531681478023529,508,623,115,121
85,5.533589518033242,166,2.0,0.6734327077865601,895,359,77,40
115,5.533589518033242,166,2.0,0.7181535363197327,1811,557,85,46
116,5.533589518033242,166,2.0,0.6911263465881348,1166,476,104,51
109,5.533589518033242,166,2.0,0.3012056350708008,316,321,43,37
124,5.533589518033242,166,2.0,0.554222822189331,1849,617,88,44
128,5.533589518033242,166,2.0,0.7156097292900085,209,773,166,81
100,5.533589518033242,166,2.0,0.33049842715263367,1012,261,37,19
7,5.5669243946479,167,9.0,0.19011138379573822,983,81,35,54
45,5.5669243946479,167,2.0,0.3129516541957855,648,258,43,25
49,5.5669243946479,167,2.0,0.6366216540336609,516,636,118,127
85,5.5669243946479,167,2.0,0.7276846766471863,885,356,73,38
115,5.5669243946479,167,2.0,0.6606773138046265,1807,557,85,47
116,5.5669243946479,167,2.0,0.7214414477348328,1151,469,96,50
109,5.5669243946479,167,2.0,0.411014586687088,317,324,43,37
124,5.5669243946479,167,2.0,0.5083934664726257,1844,618,84,44
128,5.5669243946479,167,2.0,0.7672533392906189,198,776,172,79
100,5.5669243946479,167,2.0,0.16616395115852356,1015,261,29,20
7,5.6002592712625585,168,9.0,0.20185069739818573,983,81,35,55
49,5.6002592712625585,168,2.0,0.630812406539917,523,648,120,131
85,5.6002592712625585,168,2.0,0.5474857687950134,875,352,72,40
115,5.6002592712625585,168,2.0,0.6651582717895508,1802,558,84,47
116,5.6002592712625585,168,2.0,0.6778512597084045,1135,463,95,50
109,5.6002592712625585,168,2.0,0.2726041376590729,320,326,43,37
124,5.6002592712625585,168,2.0,0.4462656080722809,1840,618,81,44
128,5.6002592712625585,168,2.0,0.7595153450965881,181,778,168,80
100,5.6002592712625585,168,2.0,0.1698312759399414,1015,260,25,21
7,5.633594147877217,169,9.0,0.22475957870483398,983,81,35,55
49,5.633594147877217,169,2.0,0.6479603052139282,532,660,123,134
85,5.633594147877217,169,2.0,0.4588717520236969,867,348,70,43
115,5.633594147877217,169,2.0,0.6455916166305542,1798,558,85,47
116,5.633594147877217,169,2.0,0.669658362865448,1119,457,98,50
109,5.633594147877217,169,2.0,0.44628211855888367,321,329,43,36
124,5.633594147877217,169,2.0,0.47377634048461914,1836,619,74,42
128,5.633594147877217,169,2.0,0.7857250571250916,171,778,177,82
100,5.633594147877217,169,2.0,0.19878649711608887,1011,260,30,21
7,5.666929024491875,170,9.0,0.20996947586536407,983,81,35,55
49,5.666929024491875,170,2.0,0.6634010672569275,541,674,126,138
85,5.666929024491875,170,2.0,0.5599400997161865,859,347,69,42
115,5.666929024491875,170,2.0,0.6876267194747925,1793,558,85,46
116,5.666929024491875,170,2.0,0.7811817526817322,1104,450,94,47
109,5.666929024491875,170,2.0,0.4597721993923187,322,332,44,40
124,5.666929024491875,170,2.0,0.4845389723777771,1834,618,67,41
128,5.666929024491875,170,2.0,0.7648125886917114,156,779,182,84
100,5.666929024491875,170,2.0,0.13742752373218536,1006,260,36,22
7,5.700263901106533,171,9.0,0.21372729539871216,983,81,35,55
49,5.700263901106533,171,2.0,0.7223759293556213,551,689,129,140
85,5.700263901106533,171,2.0,0.5786083936691284,852,342,69,41
115,5.700263901106533,171,2.0,0.6661791801452637,1788,558,85,46
116,5.700263901106533,171,2.0,0.6393259763717651,1090,443,94,48
109,5.700263901106533,171,2.0,0.4986780285835266,323,335,45,41
124,5.700263901106533,171,2.0,0.5274230241775513,1832,618,61,38
128,5.700263901106533,171,2.0,0.8043469190597534,141,780,183,82
100,5.700263901106533,171,2.0,0.23746779561042786,1003,260,39,23
7,5.733598777721191,172,9.0,0.22230598330497742,983,81,35,55
49,5.733598777721191,172,2.0,0.66301429271698,560,703,133,145
85,5.733598777721191,172,2.0,0.5603995323181152,842,338,69,43
115,5.733598777721191,172,2.0,0.7220482230186462,1782,558,86,47
116,5.733598777721191,172,2.0,0.7319576740264893,1077,438,92,50
109,5.733598777721191,172,2.0,0.6194926500320435,325,337,46,43
124,5.733598777721191,172,2.0,0.4423118233680725,1828,617,60,35
128,5.733598777721191,172,2.0,0.8044677376747131,125,782,184,83
100,5.733598777721191,172,2.0,0.23308028280735016,1003,259,37,24
7,5.766933654335849,173,9.0,0.23092298209667206,983,81,35,55
49,5.766933654335849,173,2.0,0.5359027981758118,571,719,138,152
85,5.766933654335849,173,2.0,0.6338177919387817,835,334,69,40
115,5.766933654335849,173,2.0,0.7245374917984009,1777,559,87,48
116,5.766933654335849,173,2.0,0.7817844152450562,1064,431,91,50
109,5.766933654335849,173,2.0,0.630270779132843,329,341,48,43
124,5.766933654335849,173,2.0,0.24668022990226746,1825,618,55,31
128,5.766933654335849,173,2.0,0.787427544593811,109,785,184,84
100,5.766933654335849,173,2.0,0.23853960633277893,1001,259,35,24
7,5.8002685309505075,174,9.0,0.2289838194847107,983,81,35,54
49,5.8002685309505075,174,2.0,0.7451512217521667,583,735,142,155
85,5.8002685309505075,174,2.0,0.5442001223564148,826,331,68,40
115,5.8002685309505075,174,2.0,0.7442398071289062,1773,560,86,48
116,5.8002685309505075,174,2.0,0.6865469813346863,1051,427,89,47
109,5.8002685309505075,174,2.0,0.638098955154419,333,344,51,44
124,5.8002685309505075,174,2.0,0.13739530742168427,1823,617,50,28
128,5.8002685309505075,174,2.0,0.8064821362495422,95,787,184,84
7,5.833603407565166,175,9.0,0.2428305298089981,983,81,35,54
49,5.833603407565166,175,2.0,0.7043712735176086,593,751,148,159
85,5.833603407565166,175,2.0,0.5011816024780273,817,323,66,51
115,5.833603407565166,175,2.0,0.7252033948898315,1768,561,88,48
116,5.833603407565166,175,2.0,0.6566126942634583,1037,421,87,46
109,5.833603407565166,175,2.0,0.6797106266021729,334,348,52,42
128,5.833603407565166,175,2.0,0.6733472943305969,86,788,172,82
7,5.866938284179823,176,9.0,0.23005950450897217,983,81,35,54
49,5.866938284179823,176,2.0,0.656329870223999,605,769,153,163
85,5.866938284179823,176,2.0,0.5427250266075134,812,321,66,51
115,5.866938284179823,176,2.0,0.7449635863304138,1764,561,86,48
116,5.866938284179823,176,2.0,0.7026059627532959,1026,416,83,47
109,5.866938284179823,176,2.0,0.756912350654602,337,352,50,40
128,5.866938284179823,176,2.0,0.7071665525436401,78,789,156,76
7,5.900273160794481,177,9.0,0.24388329684734344,983,81,35,54
49,5.900273160794481,177,2.0,0.6625247001647949,618,788,158,171
85,5.900273160794481,177,2.0,0.48129045963287354,804,319,67,51
115,5.900273160794481,177,2.0,0.76665860414505,1759,560,86,49
116,5.900273160794481,177,2.0,0.613033652305603,1012,411,85,47
109,5.900273160794481,177,2.0,0.7303236722946167,338,356,50,41
128,5.900273160794481,177,2.0,0.714813768863678,70,787,141,73
7,5.933608037409139,178,9.0,0.209193617105484,983,81,36,55
49,5.933608037409139,178,2.0,0.6619467735290527,631,808,164,177
85,5.933608037409139,178,2.0,0.5483433604240417,798,316,64,49
115,5.933608037409139,178,2.0,0.7047170400619507,1755,561,85,49
116,5.933608037409139,178,2.0,0.5906016230583191,1000,408,80,44
109,5.933608037409139,178,2.0,0.7864683270454407,340,359,50,44
128,5.933608037409139,178,2.0,0.7158930897712708,62,787,125,70
7,5.9669429140237975,179,9.0,0.19765642285346985,983,81,36,55
49,5.9669429140237975,179,2.0,0.7676646709442139,645,828,170,185
85,5.9669429140237975,179,2.0,0.599596381187439,791,314,63,45
115,5.9669429140237975,179,2.0,0.5803724527359009,1750,564,85,48
116,5.9669429140237975,179,2.0,0.6519041061401367,990,403,79,40
109,5.9669429140237975,179,2.0,0.7455863952636719,342,362,52,45
128,5.9669429140237975,179,2.0,0.6667157411575317,54,787,108,72
7,6.000277790638456,180,9.0,0.20307709276676178,983,81,36,55
49,6.000277790638456,180,2.0,0.8595107793807983,659,849,172,191
85,6.000277790638456,180,2.0,0.44966286420822144,784,313,63,43
115,6.000277790638456,180,2.0,0.7165234088897705,1745,565,88,46
116,6.000277790638456,180,2.0,0.5983745455741882,979,399,75,40
109,6.000277790638456,180,2.0,0.6092240214347839,344,366,54,45
128,6.000277790638456,180,2.0,0.6722086071968079,46,788,92,78
7,6.033612667253114,181,9.0,0.2075090855360031,983,81,36,55
49,6.033612667253114,181,2.0,0.744057834148407,674,867,180,188
85,6.033612667253114,181,2.0,0.6435373425483704,776,310,62,44
115,6.033612667253114,181,2.0,0.6741646528244019,1740,566,87,44
116,6.033612667253114,181,2.0,0.5006988048553467,968,394,77,40
109,6.033612667253114,181,2.0,0.6619187593460083,347,370,53,46
128,6.033612667253114,181,2.0,0.6119500994682312,38,792,77,76
7,6.066947543867772,182,9.0,0.19000673294067383,982,81,36,55
49,6.066947543867772,182,2.0,0.5390353798866272,695,898,197,214
85,6.066947543867772,182,2.0,0.6247467994689941,769,305,60,45
115,6.066947543867772,182,2.0,0.7245955467224121,1736,566,89,45
116,6.066947543867772,182,2.0,0.6315579414367676,958,389,74,40
109,6.066947543867772,182,2.0,0.6372506022453308,349,374,53,47
128,6.066947543867772,182,2.0,0.5184259414672852,30,794,61,76
7,6.10028242048243,183,9.0,0.18614578247070312,982,81,36,54
49,6.10028242048243,183,2.0,0.736821174621582,709,923,196,220
85,6.10028242048243,183,2.0,0.6145051717758179,764,304,60,40
115,6.10028242048243,183,2.0,0.7055386304855347,1730,568,85,44
116,6.10028242048243,183,2.0,0.6427437663078308,947,385,72,41
109,6.10028242048243,183,2.0,0.6047955751419067,351,378,52,49
128,6.10028242048243,183,2.0,0.4538279175758362,23,795,47,75
7,6.133617297097088,184,9.0,0.1523704081773758,982,81,36,55
49,6.133617297097088,184,2.0,0.562397837638855,727,948,205,228
85,6.133617297097088,184,2.0,0.535961389541626,759,303,59,37
115,6.133617297097088,184,2.0,0.5881385803222656,1728,567,83,43
116,6.133617297097088,184,2.0,0.6994114518165588,937,381,71,40
109,6.133617297097088,184,2.0,0.6219226121902466,353,382,52,48
128,6.133617297097088,184,2.0,0.23805145919322968,14,794,29,69
7,6.1669521737117465,185,9.0,0.15251272916793823,982,81,36,55
49,6.1669521737117465,185,12.0,0.1471925675868988,743,968,221,223
85,6.1669521737117465,185,2.0,0.629483699798584,752,299,59,43
115,6.1669521737117465,185,2.0,0.6322890520095825,1724,567,85,42
116,6.1669521737117465,185,2.0,0.6895049214363098,928,377,71,42
109,6.1669521737117465,185,2.0,0.4727524220943451,356,384,52,49
128,6.1669521737117465,185,2.0,0.15329091250896454,7,797,15,63
7,6.200287050326404,186,9.0,0.15569113194942474,982,81,36,54
49,6.200287050326404,186,2.0,0.11273849755525589,760,981,228,197
85,6.200287050326404,186,2.0,0.573980450630188,745,296,57,46
115,6.200287050326404,186,2.0,0.5682669878005981,1721,568,79,40
116,6.200287050326404,186,2.0,0.6677488088607788,921,373,69,38
109,6.200287050326404,186,2.0,0.6840214729309082,360,388,52,50
7,6.233621926941062,187,9.0,0.15895727276802063,982,81,36,55
49,6.233621926941062,187,2.0,0.14301368594169617,781,995,220,169
85,6.233621926941062,187,2.0,0.5892439484596252,738,294,55,46
115,6.233621926941062,187,2.0,0.583012044429779,1718,568,77,42
116,6.233621926941062,187,2.0,0.5794461965560913,910,370,68,39
109,6.233621926941062,187,2.0,0.7525373697280884,362,393,53,49
7,6.26695680355572,188,9.0,0.16112357378005981,982,81,35,55
85,6.26695680355572,188,2.0,0.6088305115699768,733,291,55,45
115,6.26695680355572,188,2.0,0.33963465690612793,1712,568,77,41
116,6.26695680355572,188,2.0,0.4977602958679199,901,366,67,38
109,6.26695680355572,188,2.0,0.679301917552948,364,399,54,50
7,6.300291680170378,189,9.0,0.18881793320178986,982,81,36,55
85,6.300291680170378,189,2.0,0.7206624746322632,727,290,55,44
115,6.300291680170378,189,2.0,0.3772430717945099,1708,568,77,43
116,6.300291680170378,189,2.0,0.48898327350616455,891,363,66,38
109,6.300291680170378,189,2.0,0.603833019733429,368,405,56,52
7,6.3336265567850365,190,9.0,0.18074409663677216,982,81,36,55
85,6.3336265567850365,190,2.0,0.706190824508667,721,289,53,44
115,6.3336265567850365,190,2.0,0.47029802203178406,1706,568,75,43
116,6.3336265567850365,190,2.0,0.6906868815422058,882,359,64,36
109,6.3336265567850365,190,2.0,0.616520345211029,371,410,59,53
7,6.366961433399695,191,9.0,0.18557533621788025,982,81,36,55
85,6.366961433399695,191,2.0,0.7676068544387817,716,287,53,44
115,6.366961433399695,191,2.0,0.4960077404975891,1703,568,70,41
116,6.366961433399695,191,2.0,0.6132238507270813,876,355,65,35
109,6.366961433399695,191,2.0,0.7054973840713501,376,413,61,55
7,6.400296310014353,192,9.0,0.17573221027851105,982,81,36,55
85,6.400296310014353,192,2.0,0.6931468844413757,711,285,52,41
115,6.400296310014353,192,2.0,0.5184818506240845,1700,567,67,42
116,6.400296310014353,192,2.0,0.4971235394477844,867,352,62,36
109,6.400296310014353,192,2.0,0.757278323173523,380,418,62,57
7,6.433631186629011,193,9.0,0.16183507442474365,982,81,35,55
85,6.433631186629011,193,2.0,0.718347430229187,706,284,53,40
115,6.433631186629011,193,2.0,0.21545454859733582,1696,567,66,40
116,6.433631186629011,193,2.0,0.6041471362113953,858,350,59,36
109,6.433631186629011,193,2.0,0.7664535045623779,384,424,65,56
7,6.466966063243669,194,9.0,0.14725027978420258,983,81,36,55
85,6.466966063243669,194,2.0,0.7330334186553955,701,281,53,38
115,6.466966063243669,194,2.0,0.33654096722602844,1692,567,66,39
116,6.466966063243669,194,2.0,0.5035139918327332,850,346,59,38
109,6.466966063243669,194,2.0,0.6953080892562866,387,429,65,55
7,6.500300939858327,195,9.0,0.16566124558448792,982,81,35,55
85,6.500300939858327,195,2.0,0.6596302390098572,696,279,51,39
115,6.500300939858327,195,2.0,0.4087362289428711,1687,567,62,37
116,6.500300939858327,195,2.0,0.5909824967384338,841,342,60,39
109,6.500300939858327,195,2.0,0.7161608338356018,391,434,66,57
138,6.500300939858327,195,2.0,0.42923611402511597,275,692,52,39
7,6.5336358164729855,196,9.0,0.15368717908859253,982,81,35,55
85,6.5336358164729855,196,2.0,0.6699753403663635,692,278,54,38
115,6.5336358164729855,196,2.0,0.3261550962924957,1684,567,56,33
116,6.5336358164729855,196,2.0,0.5807517170906067,834,338,59,37
109,6.5336358164729855,196,2.0,0.6838623285293579,394,438,67,60
138,6.5336358164729855,196,2.0,0.49458450078964233,269,690,64,48
7,6.566970693087643,197,9.0,0.16756823658943176,982,81,35,55
85,6.566970693087643,197,2.0,0.6505325436592102,687,277,52,41
115,6.566970693087643,197,2.0,0.10696754604578018,1679,567,58,34
116,6.566970693087643,197,2.0,0.5279556512832642,828,336,59,36
109,6.566970693087643,197,2.0,0.8096159100532532,398,445,67,61
138,6.566970693087643,197,2.0,0.660190761089325,263,687,77,60
7,6.600305569702301,198,9.0,0.16622447967529297,982,81,35,54
85,6.600305569702301,198,2.0,0.6522209048271179,683,276,49,42
115,6.600305569702301,198,2.0,0.11974257230758667,1678,568,49,27
116,6.600305569702301,198,2.0,0.6721988916397095,820,333,57,36
109,6.600305569702301,198,2.0,0.7873031497001648,402,451,67,59
138,6.600305569702301,198,2.0,0.6985923647880554,256,687,90,63
7,6.633640446316959,199,9.0,0.17899680137634277,982,81,35,54
85,6.633640446316959,199,2.0,0.7073261737823486,679,272,47,38
116,6.633640446316959,199,2.0,0.5605677366256714,812,330,57,36
109,6.633640446316959,199,2.0,0.6559503674507141,407,458,66,58
138,6.633640446316959,199,2.0,0.7336002588272095,249,686,102,64
7,6.666975322931617,200,9.0,0.1784241646528244,982,81,35,54
85,6.666975322931617,200,2.0,0.7014093995094299,674,270,47,36
116,6.666975322931617,200,2.0,0.29958805441856384,805,328,57,37
109,6.666975322931617,200,2.0,0.7211605906486511,411,465,67,60
138,6.666975322931617,200,2.0,0.7160661816596985,243,686,115,65
7,6.7003101995462755,201,9.0,0.18254971504211426,982,81,35,54
85,6.7003101995462755,201,2.0,0.7365155816078186,670,268,48,36
116,6.7003101995462755,201,2.0,0.46912431716918945,797,325,57,36
109,6.7003101995462755,201,2.0,0.6658605337142944,415,471,69,61
138,6.7003101995462755,201,2.0,0.7241250872612,236,685,127,66
7,6.733645076160934,202,9.0,0.18952050805091858,982,81,35,54
85,6.733645076160934,202,2.0,0.7398657202720642,665,266,47,35
116,6.733645076160934,202,2.0,0.4937599301338196,790,322,57,34
109,6.733645076160934,202,2.0,0.6471242904663086,419,480,71,61
138,6.733645076160934,202,2.0,0.7423887252807617,229,684,142,69
139,6.733645076160934,202,2.0,0.5037841200828552,272,817,64,68
7,6.766979952775592,203,9.0,0.18434253334999084,983,81,35,54
85,6.766979952775592,203,2.0,0.6246281266212463,662,265,47,34
116,6.766979952775592,203,2.0,0.523834764957428,784,320,56,32
109,6.766979952775592,203,2.0,0.5999047756195068,423,486,71,63
138,6.766979952775592,203,2.0,0.732774555683136,222,686,152,70
139,6.766979952775592,203,2.0,0.6120626330375671,269,817,70,69
141,6.766979952775592,203,2.0,0.3994331657886505,1907,545,23,26
7,6.80031482939025,204,9.0,0.19221796095371246,983,81,35,55
85,6.80031482939025,204,2.0,0.7153851985931396,658,262,46,31
116,6.80031482939025,204,2.0,0.45397353172302246,779,317,57,34
109,6.80031482939025,204,2.0,0.7349093556404114,428,493,72,64
138,6.80031482939025,204,2.0,0.6957789063453674,211,689,155,68
139,6.80031482939025,204,2.0,0.7037658095359802,265,817,77,72
141,6.80031482939025,204,2.0,0.5193225741386414,1905,546,27,30
142,6.80031482939025,204,2.0,0.6039626002311707,1873,732,90,76
7,6.833649706004908,205,9.0,0.1994684487581253,983,81,35,55
85,6.833649706004908,205,2.0,0.5365559458732605,654,261,45,29
116,6.833649706004908,205,2.0,0.5948739647865295,771,316,55,34
109,6.833649706004908,205,2.0,0.629025399684906,432,501,73,67
138,6.833649706004908,205,2.0,0.7048426866531372,198,691,156,65
139,6.833649706004908,205,2.0,0.7222887277603149,260,815,88,79
141,6.833649706004908,205,2.0,0.6617000102996826,1903,547,31,34
142,6.833649706004908,205,2.0,0.4090174734592438,1859,725,119,87
7,6.866984582619566,206,9.0,0.21503733098506927,982,81,35,55
85,6.866984582619566,206,2.0,0.4698449373245239,649,260,47,28
116,6.866984582619566,206,2.0,0.5582700967788696,765,314,54,34
109,6.866984582619566,206,2.0,0.6260440349578857,437,508,74,68
138,6.866984582619566,206,2.0,0.7797083854675293,184,691,155,64
139,6.866984582619566,206,2.0,0.7345755100250244,255,815,98,82
141,6.866984582619566,206,2.0,0.5789443850517273,1900,548,36,35
142,6.866984582619566,206,2.0,0.3689102232456207,1844,721,148,98
7,6.900319459234224,207,9.0,0.21701715886592865,982,81,35,55
85,6.900319459234224,207,2.0,0.6014696359634399,644,259,49,28
116,6.900319459234224,207,2.0,0.5368114113807678,760,311,54,34
109,6.900319459234224,207,2.0,0.6667951941490173,442,516,75,70
138,6.900319459234224,207,2.0,0.7076876759529114,172,692,157,61
139,6.900319459234224,207,2.0,0.7398238778114319,251,815,108,82
141,6.900319459234224,207,2.0,0.7067115306854248,1897,548,42,38
142,6.900319459234224,207,2.0,0.5895735621452332,1829,709,178,102
7,6.933654335848882,208,9.0,0.23222731053829193,982,81,35,55
85,6.933654335848882,208,2.0,0.547084629535675,641,256,49,29
116,6.933654335848882,208,2.0,0.5795010328292847,753,308,51,31
109,6.933654335848882,208,2.0,0.6391949653625488,449,525,80,70
138,6.933654335848882,208,2.0,0.7914037108421326,160,693,159,61
139,6.933654335848882,208,2.0,0.8062540292739868,246,815,117,84
141,6.933654335848882,208,2.0,0.6846022605895996,1894,549,49,39
142,6.933654335848882,208,2.0,0.7403922080993652,1814,696,207,98
7,6.96698921246354,209,9.0,0.22448433935642242,982,81,35,55
85,6.96698921246354,209,2.0,0.38984888792037964,638,254,48,28
116,6.96698921246354,209,2.0,0.5094149708747864,747,306,51,30
109,6.96698921246354,209,2.0,0.5867156982421875,458,533,87,74
138,6.96698921246354,209,2.0,0.7718005180358887,148,695,160,60
139,6.96698921246354,209,2.0,0.7705919146537781,242,815,127,85
141,6.96698921246354,209,2.0,0.7332032322883606,1891,549,54,40
142,6.96698921246354,209,2.0,0.699454128742218,1789,682,211,97
7,7.000324089078198,210,9.0,0.23618316650390625,982,81,35,55
85,7.000324089078198,210,2.0,0.5308141708374023,634,254,45,27
116,7.000324089078198,210,2.0,0.4963439702987671,742,304,49,30
109,7.000324089078198,210,2.0,0.7753474116325378,464,541,88,75
138,7.000324089078198,210,2.0,0.792084276676178,135,695,159,61
139,7.000324089078198,210,2.0,0.8436276912689209,237,815,135,85
141,7.000324089078198,210,2.0,0.7428526282310486,1890,550,57,42
142,7.000324089078198,210,2.0,0.6480196714401245,1759,671,211,95
7,7.033658965692856,211,9.0,0.22583648562431335,982,81,36,55
85,7.033658965692856,211,2.0,0.2958267331123352,628,254,44,27
116,7.033658965692856,211,2.0,0.19131971895694733,737,302,49,31
109,7.033658965692856,211,2.0,0.7441616654396057,469,549,89,78
138,7.033658965692856,211,2.0,0.8424755930900574,121,697,160,63
139,7.033658965692856,211,2.0,0.7932242155075073,233,816,143,85
141,7.033658965692856,211,2.0,0.7575662136077881,1888,551,61,47
142,7.033658965692856,211,2.0,0.8153221011161804,1731,657,205,92
7,7.0669938423075145,212,9.0,0.22419971227645874,982,81,36,55
85,7.0669938423075145,212,2.0,0.4177246689796448,625,251,46,29
116,7.0669938423075145,212,2.0,0.18106642365455627,730,299,48,31
109,7.0669938423075145,212,2.0,0.6961580514907837,475,559,89,81
138,7.0669938423075145,212,2.0,0.8305050730705261,108,699,162,63
139,7.0669938423075145,212,2.0,0.8262129426002502,228,817,153,89
141,7.0669938423075145,212,2.0,0.6541613340377808,1886,551,65,48
142,7.0669938423075145,212,2.0,0.7509933710098267,1702,647,202,88
7,7.100328718922173,213,9.0,0.22389549016952515,982,81,36,55
85,7.100328718922173,213,2.0,0.3025938868522644,621,250,50,31
116,7.100328718922173,213,2.0,0.5396139621734619,725,296,45,30
109,7.100328718922173,213,2.0,0.6663780212402344,483,568,90,82
138,7.100328718922173,213,2.0,0.8354098796844482,95,699,161,64
139,7.100328718922173,213,2.0,0.8098746538162231,222,816,163,91
141,7.100328718922173,213,2.0,0.5646785497665405,1882,551,72,49
142,7.100328718922173,213,2.0,0.6996403336524963,1674,636,193,86
7,7.133663595536831,214,9.0,0.22083599865436554,982,81,36,55
85,7.133663595536831,214,2.0,0.39046674966812134,618,249,51,31
116,7.133663595536831,214,2.0,0.498219758272171,720,294,47,33
109,7.133663595536831,214,2.0,0.7091550827026367,489,579,90,83
138,7.133663595536831,214,2.0,0.7596290707588196,82,700,161,64
139,7.133663595536831,214,2.0,0.8003109693527222,218,817,170,94
141,7.133663595536831,214,2.0,0.6177294850349426,1879,550,78,49
142,7.133663595536831,214,2.0,0.7166091799736023,1648,625,187,85
7,7.166998472151489,215,9.0,0.2274383306503296,983,81,36,55
85,7.166998472151489,215,2.0,0.27243947982788086,614,248,53,29
116,7.166998472151489,215,2.0,0.4594275653362274,715,292,47,33
109,7.166998472151489,215,2.0,0.6398884057998657,495,590,92,84
138,7.166998472151489,215,2.0,0.6436051726341248,75,700,151,62
139,7.166998472151489,215,2.0,0.8055328726768494,213,818,176,93
141,7.166998472151489,215,2.0,0.654690146446228,1876,552,85,53
142,7.166998472151489,215,2.0,0.7050580978393555,1623,616,182,84
7,7.200333348766147,216,9.0,0.23964914679527283,983,81,36,55
85,7.200333348766147,216,2.0,0.38627228140830994,610,247,50,28
116,7.200333348766147,216,2.0,0.5395798683166504,711,289,47,34
109,7.200333348766147,216,2.0,0.7891248464584351,503,602,94,86
138,7.200333348766147,216,2.0,0.658602774143219,68,701,136,61
139,7.200333348766147,216,2.0,0.7997626662254333,206,819,184,94
141,7.200333348766147,216,2.0,0.6396861672401428,1873,555,90,58
142,7.200333348766147,216,2.0,0.803886353969574,1596,606,177,81
7,7.233668225380805,217,9.0,0.23244215548038483,982,81,36,55
85,7.233668225380805,217,2.0,0.3320474326610565,607,246,52,30
116,7.233668225380805,217,2.0,0.5717871189117432,706,287,45,33
109,7.233668225380805,217,2.0,0.6172756552696228,510,613,99,89
138,7.233668225380805,217,2.0,0.6842858195304871,60,701,121,61
139,7.233668225380805,217,2.0,0.7792103290557861,201,819,188,96
141,7.233668225380805,217,2.0,0.6561562418937683,1871,551,94,51
142,7.233668225380805,217,2.0,0.7718562483787537,1573,596,169,80
7,7.267003101995463,218,9.0,0.18587474524974823,982,81,36,55
85,7.267003101995463,218,2.0,0.33386388421058655,604,245,47,28
116,7.267003101995463,218,2.0,0.6213392615318298,699,285,46,31
109,7.267003101995463,218,2.0,0.6379377245903015,521,624,100,93
138,7.267003101995463,218,2.0,0.5072514414787292,53,703,107,59
139,7.267003101995463,218,2.0,0.7057915925979614,189,820,183,97
141,7.267003101995463,218,2.0,0.6646379232406616,1866,549,97,45
142,7.267003101995463,218,2.0,0.5616585612297058,1550,587,167,77
7,7.300337978610121,219,9.0,0.19743205606937408,982,81,36,55
85,7.300337978610121,219,2.0,0.3114223778247833,601,242,43,27
116,7.300337978610121,219,2.0,0.47381487488746643,695,284,47,30
109,7.300337978610121,219,2.0,0.5887607336044312,530,637,103,95
138,7.300337978610121,219,2.0,0.3971611261367798,48,704,96,57
139,7.300337978610121,219,2.0,0.7427403926849365,180,823,181,92
141,7.300337978610121,219,2.0,0.6161958575248718,1862,549,96,44
142,7.300337978610121,219,2.0,0.6969138383865356,1526,578,163,77
149,7.300337978610121,219,2.0,0.44904837012290955,1894,576,48,46
7,7.333672855224779,220,9.0,0.196918323636055,982,81,36,55
85,7.333672855224779,220,2.0,0.3018304705619812,600,238,44,26
116,7.333672855224779,220,2.0,0.16989919543266296,692,283,45,28
109,7.333672855224779,220,2.0,0.7161517143249512,539,650,106,99
138,7.333672855224779,220,2.0,0.44596847891807556,41,706,82,56
139,7.333672855224779,220,2.0,0.7660129070281982,172,823,183,94
141,7.333672855224779,220,2.0,0.6735602021217346,1855,549,95,43
142,7.333672855224779,220,2.0,0.6295911073684692,1506,570,158,75
7,7.367007731839437,221,9.0,0.21375150978565216,982,81,36,55
85,7.367007731839437,221,2.0,0.22234129905700684,596,239,43,24
116,7.367007731839437,221,2.0,0.3696363568305969,686,281,44,31
109,7.367007731839437,221,2.0,0.7524402737617493,548,664,108,102
138,7.367007731839437,221,2.0,0.41817569732666016,33,706,67,56
139,7.367007731839437,221,2.0,0.7431567311286926,163,826,183,92
141,7.367007731839437,221,2.0,0.5900200009346008,1848,549,94,40
142,7.367007731839437,221,2.0,0.5027818083763123,1485,562,156,74
149,7.367007731839437,221,2.0,0.40787065029144287,1890,578,56,42
7,7.400342608454095,222,9.0,0.19038306176662445,982,81,36,55
116,7.400342608454095,222,2.0,0.10460522025823593,681,279,43,29
109,7.400342608454095,222,2.0,0.7022322416305542,558,677,110,106
138,7.400342608454095,222,2.0,0.5005128383636475,27,707,54,54
139,7.400342608454095,222,2.0,0.7639257311820984,154,827,182,92
141,7.400342608454095,222,2.0,0.6577666997909546,1843,549,95,41
142,7.400342608454095,222,2.0,0.621239423751831,1466,552,150,74
149,7.400342608454095,222,2.0,0.3628303110599518,1888,580,60,39
7,7.4336774850687535,223,9.0,0.19298188388347626,982,81,35,55
116,7.4336774850687535,223,2.0,0.20157352089881897,677,278,40,27
109,7.4336774850687535,223,2.0,0.680564820766449,568,692,115,111
138,7.4336774850687535,223,2.0,0.6615960597991943,20,708,41,48
139,7.4336774850687535,223,2.0,0.7114940881729126,147,828,183,91
141,7.4336774850687535,223,2.0,0.7214310765266418,1837,549,93,41
142,7.4336774850687535,223,2.0,0.6137441992759705,1446,544,145,73
149,7.4336774850687535,223,2.0,0.3591773211956024,1886,580,65,39
85,7.4336774850687535,223,2.0,0.3930899202823639,589,234,48,26
7,7.467012361683412,224,9.0,0.20428529381752014,982,81,35,55
109,7.467012361683412,224,2.0,0.7418831586837769,581,708,120,113
138,7.467012361683412,224,2.0,0.5637648105621338,14,708,28,45
139,7.467012361683412,224,2.0,0.7813826203346252,140,831,185,91
141,7.467012361683412,224,2.0,0.6927923560142517,1831,550,92,42
142,7.467012361683412,224,2.0,0.6442863345146179,1424,537,143,71
149,7.467012361683412,224,2.0,0.3707498610019684,1884,581,69,43
85,7.467012361683412,224,2.0,0.38596418499946594,587,233,48,25
7,7.50034723829807,225,9.0,0.18877455592155457,982,81,36,55
109,7.50034723829807,225,2.0,0.7779237627983093,594,724,127,121
138,7.50034723829807,225,2.0,0.14402547478675842,9,710,18,40
139,7.50034723829807,225,2.0,0.7835386395454407,130,830,186,91
141,7.50034723829807,225,2.0,0.6595250964164734,1825,551,91,44
142,7.50034723829807,225,2.0,0.4564031660556793,1407,530,140,68
149,7.50034723829807,225,2.0,0.4777064919471741,1882,581,74,46
85,7.50034723829807,225,2.0,0.23185837268829346,584,233,47,25
7,7.533682114912728,226,9.0,0.21015509963035583,982,81,36,55
109,7.533682114912728,226,2.0,0.7789767384529114,605,737,130,129
139,7.533682114912728,226,2.0,0.7457852959632874,123,832,189,95
141,7.533682114912728,226,2.0,0.6739628911018372,1819,551,90,43
142,7.533682114912728,226,2.0,0.531112015247345,1390,523,139,69
149,7.533682114912728,226,2.0,0.2061559110879898,1879,582,79,45
85,7.533682114912728,226,2.0,0.22795671224594116,581,232,45,25
153,7.533682114912728,226,2.0,0.8210102319717407,1871,802,94,75
7,7.567016991527386,227,9.0,0.21282432973384857,982,81,35,55
109,7.567016991527386,227,2.0,0.6590803861618042,618,757,135,131
139,7.567016991527386,227,2.0,0.8149074912071228,115,832,189,93
141,7.567016991527386,227,2.0,0.6792032122612,1814,551,92,43
142,7.567016991527386,227,2.0,0.6574409008026123,1372,516,138,67
149,7.567016991527386,227,2.0,0.26225391030311584,1877,583,83,43
85,7.567016991527386,227,2.0,0.21726356446743011,578,232,45,25
153,7.567016991527386,227,2.0,0.7156141996383667,1856,796,125,93
7,7.600351868142044,228,9.0,0.20778636634349823,982,81,36,55
109,7.600351868142044,228,2.0,0.7903125882148743,631,776,137,136
139,7.600351868142044,228,2.0,0.7928333282470703,107,834,189,92
141,7.600351868142044,228,2.0,0.7232138514518738,1809,551,92,43
142,7.600351868142044,228,2.0,0.5345042943954468,1354,509,135,64
149,7.600351868142044,228,2.0,0.4221023917198181,1874,585,87,42
85,7.600351868142044,228,2.0,0.13265933096408844,576,231,43,24
153,7.600351868142044,228,2.0,0.7428061366081238,1838,785,162,105
7,7.633686744756702,229,9.0,0.2224031239748001,982,81,36,55
109,7.633686744756702,229,2.0,0.729742169380188,646,797,143,140
139,7.633686744756702,229,2.0,0.7475726008415222,99,836,187,92
141,7.633686744756702,229,2.0,0.7312074303627014,1804,552,94,43
142,7.633686744756702,229,2.0,0.6662237048149109,1337,503,132,63
149,7.633686744756702,229,2.0,0.46654510498046875,1870,584,88,44
153,7.633686744756702,229,2.0,0.8079647421836853,1819,769,200,109
7,7.66702162137136,230,9.0,0.23661354184150696,982,81,35,55
109,7.66702162137136,230,2.0,0.7681882977485657,660,816,148,146
139,7.66702162137136,230,2.0,0.7713096737861633,93,836,187,91
141,7.66702162137136,230,2.0,0.6789401173591614,1799,552,94,43
142,7.66702162137136,230,2.0,0.6429547667503357,1322,496,129,64
149,7.66702162137136,230,2.0,0.4259251058101654,1866,584,91,48
153,7.66702162137136,230,2.0,0.8323451280593872,1792,751,217,109
7,7.700356497986018,231,9.0,0.23468933999538422,982,81,36,55
109,7.700356497986018,231,2.0,0.7740326523780823,677,839,152,153
139,7.700356497986018,231,2.0,0.6911296248435974,89,839,178,88
141,7.700356497986018,231,2.0,0.724965512752533,1792,552,96,44
142,7.700356497986018,231,2.0,0.676754891872406,1304,490,128,63
149,7.700356497986018,231,2.0,0.3702700734138489,1860,584,93,47
153,7.700356497986018,231,2.0,0.7900645136833191,1757,734,216,105
7,7.733691374600676,232,9.0,0.23983880877494812,982,81,36,55
109,7.733691374600676,232,2.0,0.7842914462089539,694,860,159,158
139,7.733691374600676,232,2.0,0.774420976638794,85,839,170,92
141,7.733691374600676,232,2.0,0.6847412586212158,1786,553,97,44
142,7.733691374600676,232,2.0,0.7451726198196411,1289,482,124,64
149,7.733691374600676,232,2.0,0.5382009148597717,1856,585,91,48
153,7.733691374600676,232,2.0,0.8201263546943665,1720,717,212,100
7,7.767026251215334,233,9.0,0.25264739990234375,982,81,36,55
109,7.767026251215334,233,2.0,0.737228512763977,711,880,161,158
139,7.767026251215334,233,2.0,0.7368178367614746,81,838,163,92
141,7.767026251215334,233,2.0,0.6724850535392761,1780,554,95,45
142,7.767026251215334,233,2.0,0.5805926322937012,1275,476,123,64
149,7.767026251215334,233,2.0,0.49149289727211,1851,586,92,47
153,7.767026251215334,233,2.0,0.8242984414100647,1684,701,206,95
7,7.8003611278299925,234,9.0,0.2579139769077301,982,81,36,56
109,7.8003611278299925,234,2.0,0.5032641291618347,729,909,167,171
139,7.8003611278299925,234,2.0,0.7161637544631958,77,838,154,88
141,7.8003611278299925,234,2.0,0.6858027577400208,1774,554,94,44
142,7.8003611278299925,234,2.0,0.7434948086738586,1260,470,119,62
149,7.8003611278299925,234,2.0,0.44108232855796814,1847,587,93,48
153,7.8003611278299925,234,2.0,0.7831218838691711,1650,686,199,92
7,7.833696004444651,235,9.0,0.2586590349674225,982,81,36,55
109,7.833696004444651,235,2.0,0.7010223269462585,750,937,177,180
139,7.833696004444651,235,2.0,0.699702262878418,73,837,146,88
141,7.833696004444651,235,2.0,0.6909502148628235,1768,554,94,45
142,7.833696004444651,235,2.0,0.7454593777656555,1245,465,116,59
149,7.833696004444651,235,2.0,0.54328453540802,1843,587,93,48
153,7.833696004444651,235,2.0,0.8606112599372864,1615,672,190,88
7,7.867030881059309,236,9.0,0.25028520822525024,982,81,36,55
109,7.867030881059309,236,2.0,0.6039800047874451,771,964,185,188
139,7.867030881059309,236,2.0,0.7245038151741028,70,836,140,86
141,7.867030881059309,236,2.0,0.7358090877532959,1762,553,95,46
142,7.867030881059309,236,2.0,0.6871744394302368,1230,460,118,59
149,7.867030881059309,236,2.0,0.6395736336708069,1838,588,92,48
153,7.867030881059309,236,2.0,0.8267484307289124,1584,660,182,84
7,7.900365757673967,237,9.0,0.259141743183136,982,81,36,55
109,7.900365757673967,237,2.0,0.26193925738334656,794,987,194,182
139,7.900365757673967,237,2.0,0.6776663661003113,67,836,134,85
141,7.900365757673967,237,2.0,0.7462903261184692,1758,554,95,46
142,7.900365757673967,237,2.0,0.7331392765045166,1216,454,112,59
149,7.900365757673967,237,2.0,0.5466554164886475,1835,589,90,46
153,7.900365757673967,237,2.0,0.77086341381073,1555,647,175,83
7,7.933700634288625,238,9.0,0.23838722705841064,983,81,36,55
109,7.933700634288625,238,2.0,0.45280933380126953,818,1001,204,157
139,7.933700634288625,238,2.0,0.7009967565536499,62,836,125,84
141,7.933700634288625,238,2.0,0.7394754886627197,1751,555,96,47
142,7.933700634288625,238,2.0,0.6647360920906067,1202,449,109,56
149,7.933700634288625,238,2.0,0.5752192139625549,1830,589,92,46
153,7.933700634288625,238,2.0,0.8199539184570312,1527,633,168,79
7,7.967035510903282,239,9.0,0.22590786218643188,983,81,36,55
109,7.967035510903282,239,2.0,0.42007651925086975,834,1016,192,127
139,7.967035510903282,239,2.0,0.6811458468437195,59,836,118,85
141,7.967035510903282,239,2.0,0.7023797631263733,1746,556,98,48
142,7.967035510903282,239,2.0,0.6654115915298462,1190,443,110,57
149,7.967035510903282,239,2.0,0.4891081750392914,1823,591,92,46
153,7.967035510903282,239,2.0,0.8390312194824219,1500,622,158,76
7,8.000370387517941,240,9.0,0.23057053983211517,982,81,36,55
109,8.000370387517941,240,2.0,0.6543384194374084,849,1030,172,98
139,8.000370387517941,240,2.0,0.700180172920227,55,835,111,85
141,8.000370387517941,240,2.0,0.7241570949554443,1740,556,97,48
142,8.000370387517941,240,2.0,0.6384029984474182,1179,438,104,55
149,8.000370387517941,240,2.0,0.4947938323020935,1819,592,91,44
153,8.000370387517941,240,2.0,0.8140859603881836,1472,610,155,73
157,8.000370387517941,240,2.0,0.5290184020996094,262,770,66,63
7,8.0337052641326,241,9.0,0.24348272383213043,982,81,36,55
109,8.0337052641326,241,2.0,0.2461632639169693,862,1041,146,77
139,8.0337052641326,241,2.0,0.6815208196640015,52,835,105,87
141,8.0337052641326,241,2.0,0.681466817855835,1734,557,95,48
142,8.0337052641326,241,2.0,0.5650362372398376,1166,434,106,56
149,8.0337052641326,241,2.0,0.40309134125709534,1815,593,92,45
153,8.0337052641326,241,2.0,0.8106254935264587,1445,600,154,74
157,8.0337052641326,241,2.0,0.6023377776145935,256,766,86,78
7,8.067040140747258,242,9.0,0.23534616827964783,982,81,36,55
139,8.067040140747258,242,2.0,0.5978137850761414,49,835,99,88
141,8.067040140747258,242,2.0,0.6667522192001343,1728,558,95,48
142,8.067040140747258,242,2.0,0.6948438286781311,1153,429,105,55
149,8.067040140747258,242,2.0,0.43993696570396423,1810,594,92,45
153,8.067040140747258,242,2.0,0.7354273796081543,1420,589,150,72
157,8.067040140747258,242,2.0,0.5882406234741211,246,765,103,77
7,8.100375017361916,243,9.0,0.22654607892036438,982,81,36,55
139,8.100375017361916,243,2.0,0.674703061580658,45,835,91,90
141,8.100375017361916,243,2.0,0.6789515614509583,1722,558,97,49
142,8.100375017361916,243,2.0,0.533042848110199,1141,423,104,56
149,8.100375017361916,243,2.0,0.47156333923339844,1807,593,92,44
153,8.100375017361916,243,2.0,0.7993332743644714,1396,576,147,65
157,8.100375017361916,243,2.0,0.7541708946228027,237,767,121,75
158,8.100375017361916,243,7.0,0.35324451327323914,45,835,91,89
7,8.133709893976572,244,9.0,0.2259182333946228,982,81,36,55
139,8.133709893976572,244,2.0,0.684643030166626,43,836,86,90
141,8.133709893976572,244,2.0,0.6610283255577087,1715,557,97,47
142,8.133709893976572,244,2.0,0.6858652234077454,1129,419,103,56
149,8.133709893976572,244,2.0,0.5196822285652161,1803,593,89,43
153,8.133709893976572,244,2.0,0.8298848271369934,1374,565,142,65
157,8.133709893976572,244,2.0,0.6824073791503906,226,770,138,76
7,8.16704477059123,245,9.0,0.2065165489912033,982,81,36,55
139,8.16704477059123,245,2.0,0.5887547135353088,39,838,78,90
141,8.16704477059123,245,2.0,0.7000003457069397,1710,557,96,47
142,8.16704477059123,245,2.0,0.55254727602005,1117,414,103,56
149,8.16704477059123,245,2.0,0.5397921204566956,1799,594,87,42
153,8.16704477059123,245,2.0,0.8482233881950378,1352,558,139,66
157,8.16704477059123,245,2.0,0.6290456652641296,215,773,154,79
160,8.16704477059123,245,2.0,0.5784392952919006,134,1046,257,63
7,8.200379647205889,246,9.0,0.2040146291255951,982,81,36,55
139,8.200379647205889,246,2.0,0.5537091493606567,35,839,70,89
141,8.200379647205889,246,2.0,0.7774451375007629,1704,558,93,47
142,8.200379647205889,246,2.0,0.6629384160041809,1106,409,101,57
149,8.200379647205889,246,2.0,0.5699218511581421,1796,594,86,41
153,8.200379647205889,246,2.0,0.6856659054756165,1330,550,136,64
157,8.200379647205889,246,2.0,0.7343560457229614,199,775,159,77
160,8.200379647205889,246,2.0,0.4406382441520691,151,1045,269,63
7,8.233714523820547,247,9.0,0.19214054942131042,982,81,36,55
139,8.233714523820547,247,2.0,0.5191199779510498,31,839,63,88
141,8.233714523820547,247,2.0,0.8021641373634338,1700,558,93,47
142,8.233714523820547,247,2.0,0.5364677906036377,1097,406,102,55
149,8.233714523820547,247,2.0,0.5942631363868713,1792,595,83,41
153,8.233714523820547,247,2.0,0.7483620047569275,1309,541,133,64
157,8.233714523820547,247,2.0,0.7420042157173157,184,776,164,80
160,8.233714523820547,247,2.0,0.5468135476112366,189,1045,240,63
7,8.267049400435205,248,9.0,0.17096196115016937,983,81,36,55
139,8.267049400435205,248,2.0,0.5271872282028198,27,841,54,88
141,8.267049400435205,248,2.0,0.6720713973045349,1693,559,93,47
142,8.267049400435205,248,2.0,0.6141347885131836,1088,402,95,52
149,8.267049400435205,248,2.0,0.4859701097011566,1788,596,81,42
153,8.267049400435205,248,2.0,0.6908881068229675,1288,531,129,62
157,8.267049400435205,248,2.0,0.6518467664718628,168,777,172,80
160,8.267049400435205,248,2.0,0.47630512714385986,217,1044,223,63
7,8.300384277049863,249,9.0,0.17592735588550568,983,81,36,55
139,8.300384277049863,249,2.0,0.4701678156852722,25,843,50,85
141,8.300384277049863,249,2.0,0.7105070948600769,1687,559,92,46
142,8.300384277049863,249,2.0,0.49519339203834534,1077,399,91,50
149,8.300384277049863,249,2.0,0.44695714116096497,1785,596,77,41
153,8.300384277049863,249,2.0,0.7833623290061951,1271,522,126,61
157,8.300384277049863,249,2.0,0.6652570366859436,152,779,178,82
160,8.300384277049863,249,2.0,0.48656165599823,235,1044,225,65
161,8.300384277049863,249,2.0,0.5863264799118042,275,721,49,40
7,8.333719153664521,250,9.0,0.16079102456569672,983,81,36,55
139,8.333719153664521,250,2.0,0.5786060690879822,21,844,43,85
141,8.333719153664521,250,2.0,0.7208825945854187,1681,559,91,45
142,8.333719153664521,250,2.0,0.47562646865844727,1064,395,92,49
149,8.333719153664521,250,2.0,0.4534693658351898,1781,597,77,42
153,8.333719153664521,250,2.0,0.8108426332473755,1251,515,124,61
157,8.333719153664521,250,2.0,0.544287919998169,137,777,168,76
160,8.333719153664521,250,2.0,0.33871233463287354,250,1044,214,66
161,8.333719153664521,250,2.0,0.5547263026237488,269,719,66,48
7,8.36705403027918,251,9.0,0.1492660939693451,982,81,36,55
139,8.36705403027918,251,2.0,0.33963531255722046,19,844,37,80
141,8.36705403027918,251,2.0,0.6663036346435547,1676,559,89,44
142,8.36705403027918,251,2.0,0.482642263174057,1054,391,93,50
149,8.36705403027918,251,2.0,0.60334312915802,1778,596,72,40
153,8.36705403027918,251,2.0,0.6844632625579834,1234,507,123,58
157,8.36705403027918,251,2.0,0.5849747657775879,121,777,163,74
160,8.36705403027918,251,2.0,0.35371676087379456,273,1044,213,63
161,8.36705403027918,251,2.0,0.5153512358665466,263,719,80,58
7,8.400388906893838,252,9.0,0.14349709451198578,982,81,36,55
139,8.400388906893838,252,2.0,0.2775706946849823,14,842,29,77
141,8.400388906893838,252,2.0,0.6486269235610962,1671,559,87,43
142,8.400388906893838,252,2.0,0.4875165820121765,1042,387,90,52
149,8.400388906893838,252,2.0,0.5534240007400513,1776,596,67,40
153,8.400388906893838,252,2.0,0.7163645625114441,1216,501,117,56
157,8.400388906893838,252,2.0,0.5939699411392212,103,779,161,73
160,8.400388906893838,252,2.0,0.569599449634552,297,1043,209,66
161,8.400388906893838,252,2.0,0.5191663503646851,254,716,94,60
7,8.433723783508496,253,9.0,0.1334734410047531,982,81,36,55
139,8.433723783508496,253,2.0,0.17242372035980225,12,843,24,72
141,8.433723783508496,253,2.0,0.720414400100708,1667,559,83,43
142,8.433723783508496,253,2.0,0.6689904928207397,1035,383,91,50
149,8.433723783508496,253,2.0,0.5606886744499207,1773,596,65,39
153,8.433723783508496,253,2.0,0.7196577191352844,1197,493,114,56
157,8.433723783508496,253,2.0,0.6268392205238342,85,782,159,73
160,8.433723783508496,253,2.0,0.6666695475578308,314,1043,194,65
161,8.433723783508496,253,2.0,0.5572752952575684,246,716,111,65
7,8.467058660123154,254,9.0,0.14364413917064667,982,81,36,55
139,8.467058660123154,254,2.0,0.12698833644390106,9,842,19,69
141,8.467058660123154,254,2.0,0.7446808815002441,1662,556,79,39
142,8.467058660123154,254,2.0,0.5104300379753113,1022,379,87,46
149,8.467058660123154,254,2.0,0.5819190144538879,1770,596,66,38
153,8.467058660123154,254,2.0,0.6696682572364807,1181,484,111,56
157,8.467058660123154,254,2.0,0.6405396461486816,73,783,146,70
160,8.467058660123154,254,2.0,0.5191999673843384,328,1045,173,66
161,8.467058660123154,254,2.0,0.6402052044868469,238,717,126,67
7,8.500393536737812,255,9.0,0.14056189358234406,982,81,36,55
141,8.500393536737812,255,2.0,0.7431076169013977,1659,556,74,37
142,8.500393536737812,255,2.0,0.5165764093399048,1014,375,86,47
149,8.500393536737812,255,2.0,0.6160082221031189,1767,596,65,36
153,8.500393536737812,255,2.0,0.6963953971862793,1167,477,107,55
157,8.500393536737812,255,2.0,0.7241882681846619,62,784,125,69
160,8.500393536737812,255,2.0,0.5529244542121887,338,1044,153,68
161,8.500393536737812,255,2.0,0.5981258749961853,230,719,139,69
7,8.53372841335247,256,9.0,0.14137908816337585,982,81,35,55
141,8.53372841335247,256,2.0,0.7386723756790161,1654,556,69,35
142,8.53372841335247,256,2.0,0.6286109089851379,1006,372,85,46
149,8.53372841335247,256,2.0,0.547159731388092,1766,595,64,33
153,8.53372841335247,256,2.0,0.7930862307548523,1150,471,104,55
157,8.53372841335247,256,2.0,0.5616344213485718,52,786,104,70
160,8.53372841335247,256,2.0,0.5121028423309326,360,1043,152,68
161,8.53372841335247,256,2.0,0.4359237849712372,221,721,155,71
7,8.567063289967129,257,9.0,0.15083898603916168,983,81,35,55
141,8.567063289967129,257,2.0,0.7067750096321106,1650,554,65,32
142,8.567063289967129,257,2.0,0.6300358176231384,999,369,82,46
149,8.567063289967129,257,2.0,0.4557303190231323,1761,595,56,30
153,8.567063289967129,257,2.0,0.7167242765426636,1134,463,101,53
157,8.567063289967129,257,2.0,0.6122532486915588,42,788,84,68
160,8.567063289967129,257,2.0,0.43459343910217285,368,1042,121,71
161,8.567063289967129,257,2.0,0.5439593195915222,208,722,159,68
7,8.600398166581787,258,9.0,0.15490072965621948,983,81,35,55
141,8.600398166581787,258,2.0,0.6323868036270142,1645,552,65,28
142,8.600398166581787,258,2.0,0.6753547191619873,987,365,85,45
149,8.600398166581787,258,2.0,0.33291923999786377,1754,593,52,26
153,8.600398166581787,258,2.0,0.788421630859375,1119,457,104,53
157,8.600398166581787,258,2.0,0.619120717048645,31,791,63,73
160,8.600398166581787,258,2.0,0.461005836725235,374,1041,96,74
161,8.600398166581787,258,2.0,0.5725001096725464,196,723,165,69
7,8.633733043196445,259,9.0,0.15214121341705322,983,81,35,55
141,8.633733043196445,259,2.0,0.476605087518692,1638,551,60,24
142,8.633733043196445,259,2.0,0.6317194700241089,979,361,82,43
149,8.633733043196445,259,2.0,0.14943739771842957,1753,593,46,25
153,8.633733043196445,259,2.0,0.7995209097862244,1105,451,99,51
157,8.633733043196445,259,2.0,0.5551455616950989,23,793,46,73
160,8.633733043196445,259,2.0,0.17022114992141724,382,1040,66,75
161,8.633733043196445,259,2.0,0.731464147567749,184,723,168,70
7,8.667067919811103,260,9.0,0.16318129003047943,983,81,35,55
141,8.667067919811103,260,2.0,0.3851831257343292,1634,551,55,21
142,8.667067919811103,260,2.0,0.6132440567016602,970,359,83,43
153,8.667067919811103,260,2.0,0.7513954639434814,1090,445,99,52
161,8.667067919811103,260,2.0,0.7753821015357971,168,725,172,69
7,8.700402796425761,261,9.0,0.15749400854110718,983,81,36,55
141,8.700402796425761,261,2.0,0.12955912947654724,1631,551,48,18
142,8.700402796425761,261,2.0,0.5563593506813049,963,356,84,43
153,8.700402796425761,261,2.0,0.7232325673103333,1077,439,97,53
161,8.700402796425761,261,2.0,0.756130039691925,152,725,176,71
7,8.73373767304042,262,9.0,0.1606469452381134,982,81,35,55
142,8.73373767304042,262,2.0,0.6224257349967957,954,353,80,41
153,8.73373767304042,262,2.0,0.7343174815177917,1063,433,95,50
161,8.73373767304042,262,2.0,0.7598604559898376,139,728,179,72
170,8.73373767304042,262,2.0,0.42641395330429077,1903,545,30,28
7,8.767072549655078,263,9.0,0.1949116736650467,983,81,35,55
142,8.767072549655078,263,2.0,0.7153317332267761,946,350,78,41
153,8.767072549655078,263,2.0,0.781926691532135,1050,427,95,49
161,8.767072549655078,263,2.0,0.724412202835083,122,729,181,72
170,8.767072549655078,263,2.0,0.49044862389564514,1901,546,34,32
7,8.800407426269736,264,9.0,0.20895926654338837,982,81,35,55
142,8.800407426269736,264,2.0,0.4727105498313904,940,348,76,41
153,8.800407426269736,264,2.0,0.7558199167251587,1036,423,93,48
161,8.800407426269736,264,2.0,0.7511586546897888,107,730,180,71
170,8.800407426269736,264,2.0,0.6648949980735779,1899,547,39,34
7,8.833742302884394,265,9.0,0.214043989777565,982,81,35,55
142,8.833742302884394,265,2.0,0.7319017052650452,932,345,73,42
153,8.833742302884394,265,2.0,0.7421900033950806,1025,417,91,47
161,8.833742302884394,265,2.0,0.6603304743766785,91,730,178,72
170,8.833742302884394,265,2.0,0.6365276575088501,1896,548,45,38
7,8.86707717949905,266,9.0,0.21500496566295624,982,81,35,55
142,8.86707717949905,266,2.0,0.736253559589386,924,342,74,42
153,8.86707717949905,266,2.0,0.7538259029388428,1013,412,89,48
161,8.86707717949905,266,2.0,0.6477992534637451,82,731,165,70
170,8.86707717949905,266,2.0,0.609046459197998,1893,549,51,40
7,8.900412056113709,267,9.0,0.21058470010757446,982,81,35,55
142,8.900412056113709,267,2.0,0.7032510042190552,915,339,74,41
153,8.900412056113709,267,2.0,0.7422254085540771,1002,407,83,46
161,8.900412056113709,267,2.0,0.6363158822059631,74,732,149,66
170,8.900412056113709,267,2.0,0.575043261051178,1891,548,56,42
7,8.933746932728367,268,9.0,0.185854971408844,982,81,35,55
142,8.933746932728367,268,2.0,0.6245943307876587,907,336,73,40
153,8.933746932728367,268,2.0,0.822486162185669,990,403,82,44
161,8.933746932728367,268,2.0,0.6362094283103943,65,733,130,63
170,8.933746932728367,268,2.0,0.5455254912376404,1889,548,59,43
7,8.967081809343025,269,9.0,0.18115141987800598,983,81,36,55
142,8.967081809343025,269,2.0,0.5352927446365356,901,334,71,37
153,8.967081809343025,269,2.0,0.6817373037338257,978,399,82,41
161,8.967081809343025,269,2.0,0.3665042519569397,56,733,113,63
170,8.967081809343025,269,2.0,0.5235980153083801,1887,548,63,43
174,8.967081809343025,269,2.0,0.5608136653900146,1859,795,118,93
7,9.000416685957683,270,9.0,0.1857026368379593,983,81,36,55
142,9.000416685957683,270,2.0,0.41826528310775757,895,332,71,37
153,9.000416685957683,270,2.0,0.6839087009429932,966,394,81,43
161,9.000416685957683,270,7.0,0.28429242968559265,49,735,98,64
170,9.000416685957683,270,2.0,0.5696784853935242,1884,548,68,42
174,9.000416685957683,270,2.0,0.6893678903579712,1845,783,147,99
7,9.033751562572341,271,9.0,0.1626606583595276,983,81,36,55
142,9.033751562572341,271,2.0,0.310060977935791,888,329,71,38
153,9.033751562572341,271,2.0,0.7057202458381653,957,389,78,45
161,9.033751562572341,271,2.0,0.36206406354904175,41,737,82,68
170,9.033751562572341,271,2.0,0.550317108631134,1880,548,77,43
174,9.033751562572341,271,2.0,0.745281994342804,1826,765,186,100
7,9.067086439187,272,9.0,0.14723829925060272,982,81,36,55
142,9.067086439187,272,2.0,0.4488867521286011,881,325,70,38
153,9.067086439187,272,2.0,0.7914586067199707,947,385,81,44
161,9.067086439187,272,2.0,0.3884302079677582,32,737,65,62
170,9.067086439187,272,2.0,0.4763619303703308,1876,549,83,43
174,9.067086439187,272,2.0,0.8025464415550232,1796,746,198,94
7,9.100421315801658,273,9.0,0.12649857997894287,982,81,36,55
142,9.100421315801658,273,2.0,0.581745445728302,873,322,67,37
153,9.100421315801658,273,2.0,0.7166440486907959,937,380,79,46
161,9.100421315801658,273,2.0,0.5470070838928223,23,739,47,62
170,9.100421315801658,273,2.0,0.5450754761695862,1874,549,88,44
174,9.100421315801658,273,2.0,0.8146369457244873,1761,730,198,91
7,9.133756192416316,274,9.0,0.1404486894607544,982,81,36,55
142,9.133756192416316,274,2.0,0.4647971987724304,868,320,67,38
153,9.133756192416316,274,2.0,0.8265042901039124,928,376,75,43
161,9.133756192416316,274,2.0,0.47370901703834534,13,738,27,57
170,9.133756192416316,274,2.0,0.4375935196876526,1870,549,88,44
174,9.133756192416316,274,2.0,0.8212039470672607,1724,713,192,89
7,9.167091069030974,275,9.0,0.1485416442155838,982,81,36,55
142,9.167091069030974,275,2.0,0.5537034869194031,862,318,65,39
153,9.167091069030974,275,2.0,0.7199960350990295,917,372,77,40
170,9.167091069030974,275,2.0,0.6108863353729248,1866,550,90,44
174,9.167091069030974,275,2.0,0.8077757954597473,1688,696,185,87
7,9.200425945645632,276,9.0,0.15183109045028687,982,81,36,55
142,9.200425945645632,276,2.0,0.34544265270233154,858,316,56,35
153,9.200425945645632,276,2.0,0.6822746992111206,908,369,75,41
170,9.200425945645632,276,2.0,0.6248195171356201,1860,550,90,43
174,9.200425945645632,276,2.0,0.7740921378135681,1653,682,180,83
7,9.23376082226029,277,9.0,0.1449221521615982,982,81,36,55
142,9.23376082226029,277,2.0,0.5126129984855652,850,314,62,35
153,9.23376082226029,277,2.0,0.7099229693412781,899,365,72,41
170,9.23376082226029,277,2.0,0.6975696682929993,1854,550,90,43
174,9.23376082226029,277,2.0,0.7876449823379517,1620,669,175,78
7,9.267095698874948,278,9.0,0.15952380001544952,982,81,36,55
142,9.267095698874948,278,2.0,0.52324378490448,843,312,62,35
153,9.267095698874948,278,2.0,0.7216712236404419,888,361,69,40
170,9.267095698874948,278,2.0,0.6967838406562805,1850,550,89,44
174,9.267095698874948,278,2.0,0.8622835874557495,1587,656,169,73
7,9.300430575489607,279,9.0,0.14247453212738037,982,81,36,55
142,9.300430575489607,279,2.0,0.5330518484115601,836,310,64,34
153,9.300430575489607,279,2.0,0.7797530293464661,880,358,67,39
170,9.300430575489607,279,2.0,0.6085027456283569,1846,550,90,44
174,9.300430575489607,279,2.0,0.7467331886291504,1558,643,163,75
7,9.333765452104265,280,9.0,0.1620381474494934,982,81,36,55
142,9.333765452104265,280,2.0,0.520218551158905,830,308,64,33
153,9.333765452104265,280,2.0,0.69942307472229,873,353,68,41
170,9.333765452104265,280,2.0,0.5938259959220886,1841,550,90,44
174,9.333765452104265,280,2.0,0.7962327003479004,1532,631,153,69
7,9.367100328718923,281,9.0,0.18223457038402557,982,81,36,55
142,9.367100328718923,281,2.0,0.47541412711143494,825,305,62,35
153,9.367100328718923,281,2.0,0.6531761288642883,864,349,67,42
170,9.367100328718923,281,2.0,0.5945613384246826,1836,552,90,46
174,9.367100328718923,281,2.0,0.7076813578605652,1505,620,149,71
7,9.400435205333581,282,9.0,0.15597490966320038,982,81,36,55
142,9.400435205333581,282,2.0,0.3626510798931122,820,303,62,35
153,9.400435205333581,282,2.0,0.7674112915992737,855,347,64,42
170,9.400435205333581,282,2.0,0.7072080969810486,1831,552,90,45
174,9.400435205333581,282,2.0,0.7098497152328491,1478,608,147,71
7,9.43377008194824,283,9.0,0.15060080587863922,982,81,36,55
142,9.43377008194824,283,2.0,0.32076624035835266,816,301,60,34
153,9.43377008194824,283,2.0,0.42777395248413086,848,345,64,40
170,9.43377008194824,283,2.0,0.6776930093765259,1825,553,87,44
174,9.43377008194824,283,2.0,0.7157991528511047,1452,603,143,78
7,9.467104958562897,284,9.0,0.16366788744926453,982,81,36,54
142,9.467104958562897,284,2.0,0.3556695282459259,810,299,59,33
153,9.467104958562897,284,2.0,0.5782893300056458,840,340,62,40
170,9.467104958562897,284,2.0,0.6625738739967346,1820,553,87,46
174,9.467104958562897,284,2.0,0.6934500336647034,1428,598,140,90
7,9.500439835177556,285,9.0,0.15942688286304474,982,81,36,54
142,9.500439835177556,285,2.0,0.2824319303035736,805,298,56,33
153,9.500439835177556,285,2.0,0.6712481379508972,833,337,61,38
170,9.500439835177556,285,2.0,0.5050173401832581,1815,554,88,48
174,9.500439835177556,285,2.0,0.5508990287780762,1405,581,137,75
7,9.533774711792214,286,9.0,0.15411387383937836,982,81,36,54
142,9.533774711792214,286,2.0,0.18863029778003693,799,297,54,31
153,9.533774711792214,286,2.0,0.69679856300354,826,335,60,38
170,9.533774711792214,286,2.0,0.676843523979187,1810,554,87,49
174,9.533774711792214,286,2.0,0.7246962189674377,1382,569,134,66
7,9.56710958840687,287,9.0,0.13851435482501984,982,81,36,54
142,9.56710958840687,287,2.0,0.37696194648742676,793,294,54,32
153,9.56710958840687,287,2.0,0.7005084156990051,818,332,59,37
170,9.56710958840687,287,2.0,0.7840373516082764,1805,555,86,48
174,9.56710958840687,287,2.0,0.8277223706245422,1359,558,128,63
7,9.600444465021528,288,9.0,0.14311598241329193,982,81,36,54
142,9.600444465021528,288,2.0,0.17037531733512878,787,292,56,32
153,9.600444465021528,288,2.0,0.6375817060470581,810,329,60,38
170,9.600444465021528,288,2.0,0.7475295662879944,1799,556,87,48
174,9.600444465021528,288,2.0,0.7750083804130554,1337,549,124,59
7,9.633779341636187,289,9.0,0.1281186044216156,982,81,36,54
142,9.633779341636187,289,2.0,0.2331681102514267,784,289,51,31
153,9.633779341636187,289,2.0,0.5030276775360107,803,327,58,37
170,9.633779341636187,289,2.0,0.7250108122825623,1795,556,88,48
174,9.633779341636187,289,2.0,0.7932760119438171,1317,539,120,58
7,9.667114218250845,290,9.0,0.11779127269983292,983,81,36,54
142,9.667114218250845,290,2.0,0.1252875030040741,778,287,55,29
153,9.667114218250845,290,2.0,0.5148558020591736,796,325,61,39
170,9.667114218250845,290,2.0,0.6679896116256714,1788,556,90,50
174,9.667114218250845,290,2.0,0.8129628896713257,1298,530,122,58
7,9.700449094865503,291,9.0,0.13420699536800385,983,81,36,54
142,9.700449094865503,291,2.0,0.3163069784641266,770,286,54,30
153,9.700449094865503,291,2.0,0.5273017883300781,788,321,58,35
170,9.700449094865503,291,2.0,0.7379322052001953,1782,557,89,52
174,9.700449094865503,291,2.0,0.7171050906181335,1279,523,120,57
7,9.733783971480161,292,9.0,0.15171335637569427,983,81,36,55
142,9.733783971480161,292,2.0,0.12485629320144653,766,284,54,27
153,9.733783971480161,292,2.0,0.6069496870040894,782,319,59,34
170,9.733783971480161,292,2.0,0.7487344145774841,1776,558,89,52
174,9.733783971480161,292,2.0,0.8128175735473633,1260,514,116,57
7,9.76711884809482,293,9.0,0.15592797100543976,983,81,36,55
153,9.76711884809482,293,2.0,0.6340575218200684,775,316,57,35
170,9.76711884809482,293,2.0,0.7151390314102173,1771,558,90,52
174,9.76711884809482,293,2.0,0.8102639317512512,1242,506,113,58
182,9.76711884809482,293,2.0,0.4912504255771637,271,720,58,54
7,9.800453724709477,294,9.0,0.1683075726032257,982,81,36,55
153,9.800453724709477,294,2.0,0.5945259928703308,767,313,56,36
170,9.800453724709477,294,2.0,0.7753536105155945,1765,558,89,52
174,9.800453724709477,294,2.0,0.6412613391876221,1223,499,110,53
182,9.800453724709477,294,2.0,0.5979926586151123,265,719,69,61
7,9.833788601324136,295,9.0,0.19938577711582184,982,81,36,55
153,9.833788601324136,295,2.0,0.6009039878845215,762,311,55,37
170,9.833788601324136,295,2.0,0.75541752576828,1759,559,89,52
174,9.833788601324136,295,2.0,0.7055231332778931,1206,492,107,53
182,9.833788601324136,295,2.0,0.6648621559143066,257,719,85,66
7,9.867123477938794,296,9.0,0.20330652594566345,982,81,36,55
153,9.867123477938794,296,2.0,0.6477612257003784,757,310,55,37
170,9.867123477938794,296,2.0,0.7449034452438354,1754,560,89,51
174,9.867123477938794,296,2.0,0.7005073428153992,1191,485,107,54
182,9.867123477938794,296,2.0,0.7057471871376038,250,719,100,68
7,9.900458354553452,297,9.0,0.19898463785648346,982,81,36,55
153,9.900458354553452,297,2.0,0.5603224039077759,750,306,56,34
170,9.900458354553452,297,2.0,0.7286013960838318,1749,561,88,50
174,9.900458354553452,297,2.0,0.6923984885215759,1174,478,104,51
182,9.900458354553452,297,2.0,0.7434096932411194,243,720,114,68
7,9.93379323116811,298,9.0,0.19211463630199432,982,81,36,55
153,9.93379323116811,298,2.0,0.47062942385673523,744,295,55,51
170,9.93379323116811,298,2.0,0.7853844165802002,1743,561,87,49
174,9.93379323116811,298,2.0,0.7331198453903198,1158,471,103,49
182,9.93379323116811,298,2.0,0.7562325596809387,233,720,129,70
7,9.967128107782768,299,9.0,0.20245875418186188,982,81,36,55
153,9.967128107782768,299,2.0,0.3944847583770752,738,293,54,51
170,9.967128107782768,299,2.0,0.7381628155708313,1738,562,88,46
174,9.967128107782768,299,2.0,0.7390639781951904,1143,465,102,49
182,9.967128107782768,299,2.0,0.8393009305000305,224,722,139,71
184,9.967128107782768,299,2.0,0.560236930847168,1907,604,23,29
7,10.000462984397426,300,9.0,0.1839621216058731,982,81,36,55
153,10.000462984397426,300,2.0,0.7381940484046936,731,288,54,53
170,10.000462984397426,300,2.0,0.6557266712188721,1733,563,87,49
174,10.000462984397426,300,2.0,0.6725171804428101,1128,458,100,48
182,10.000462984397426,300,2.0,0.7641480565071106,211,724,146,69
184,10.000462984397426,300,2.0,0.6944611668586731,1904,604,29,32
7,10.033797861012085,301,9.0,0.1980912983417511,982,81,36,55
153,10.033797861012085,301,2.0,0.6419100761413574,726,286,54,52
170,10.033797861012085,301,2.0,0.61845463514328,1727,563,87,48
174,10.033797861012085,301,2.0,0.6999134421348572,1112,452,96,47
182,10.033797861012085,301,2.0,0.8377450108528137,198,726,146,69
184,10.033797861012085,301,2.0,0.7425379157066345,1901,606,34,33
7,10.067132737626743,302,9.0,0.21310293674468994,982,81,36,55
153,10.067132737626743,302,2.0,0.5717551708221436,721,284,52,52
170,10.067132737626743,302,2.0,0.6284464001655579,1721,564,89,45
174,10.067132737626743,302,2.0,0.6948761940002441,1100,446,94,45
182,10.067132737626743,302,2.0,0.7876704335212708,184,727,149,71
184,10.067132737626743,302,2.0,0.7319645285606384,1899,605,39,42
7,10.100467614241401,303,9.0,0.19413062930107117,982,81,36,55
153,10.100467614241401,303,2.0,0.6497946381568909,717,282,51,52
170,10.100467614241401,303,2.0,0.5788248777389526,1716,565,87,44
174,10.100467614241401,303,2.0,0.6282917857170105,1087,440,94,46
182,10.100467614241401,303,2.0,0.7497888803482056,172,728,148,70
184,10.100467614241401,303,2.0,0.7406538724899292,1896,606,44,46
7,10.133802490856059,304,9.0,0.2207554280757904,982,81,36,54
153,10.133802490856059,304,2.0,0.6904287934303284,712,281,52,53
170,10.133802490856059,304,2.0,0.5950537323951721,1710,564,85,43
174,10.133802490856059,304,2.0,0.7251991629600525,1072,434,92,46
182,10.133802490856059,304,2.0,0.8115755319595337,155,729,150,70
184,10.133802490856059,304,2.0,0.7069177031517029,1894,606,48,47
7,10.167137367470717,305,9.0,0.1966812014579773,982,81,36,54
153,10.167137367470717,305,2.0,0.5983174443244934,707,279,51,52
170,10.167137367470717,305,2.0,0.6426820158958435,1705,564,83,43
174,10.167137367470717,305,2.0,0.7295718789100647,1060,429,88,44
182,10.167137367470717,305,2.0,0.7816386222839355,139,730,158,72
184,10.167137367470717,305,2.0,0.7207853198051453,1892,607,52,49
7,10.200472244085375,306,9.0,0.21855908632278442,982,81,36,54
153,10.200472244085375,306,2.0,0.721845269203186,701,278,52,48
170,10.200472244085375,306,2.0,0.6276397109031677,1702,565,81,43
174,10.200472244085375,306,2.0,0.6910271644592285,1046,424,88,42
182,10.200472244085375,306,2.0,0.7574164271354675,126,732,152,73
184,10.200472244085375,306,2.0,0.7452771067619324,1890,608,57,49
7,10.233807120700034,307,9.0,0.2342170625925064,982,81,36,54
153,10.233807120700034,307,2.0,0.6251659393310547,698,274,52,48
170,10.233807120700034,307,2.0,0.5561159253120422,1699,566,75,41
174,10.233807120700034,307,2.0,0.5844562649726868,1034,421,86,39
182,10.233807120700034,307,2.0,0.8071906566619873,108,734,155,72
184,10.233807120700034,307,2.0,0.7268310189247131,1888,609,61,49
7,10.26714199731469,308,9.0,0.23372361063957214,982,81,36,54
153,10.26714199731469,308,2.0,0.5312825441360474,693,272,52,48
170,10.26714199731469,308,2.0,0.570632815361023,1697,565,69,39
174,10.26714199731469,308,2.0,0.5747071504592896,1023,416,82,42
182,10.26714199731469,308,2.0,0.78496915102005,92,734,158,70
184,10.26714199731469,308,2.0,0.7370006442070007,1885,610,67,47
7,10.300476873929348,309,9.0,0.23149120807647705,982,81,36,54
153,10.300476873929348,309,2.0,0.6837587952613831,689,272,51,45
170,10.300476873929348,309,2.0,0.5194289088249207,1693,564,65,39
174,10.300476873929348,309,2.0,0.6175824999809265,1011,411,81,42
182,10.300476873929348,309,2.0,0.7199623584747314,79,737,156,68
184,10.300476873929348,309,2.0,0.704060435295105,1883,611,71,48
7,10.333811750544006,310,9.0,0.21628913283348083,982,81,36,54
153,10.333811750544006,310,2.0,0.636078953742981,685,271,49,48
170,10.333811750544006,310,2.0,0.5288824439048767,1688,565,61,37
174,10.333811750544006,310,2.0,0.650206983089447,999,407,82,40
182,10.333811750544006,310,2.0,0.6756091117858887,68,739,136,67
184,10.333811750544006,310,2.0,0.7040032148361206,1880,612,75,48
7,10.367146627158665,311,9.0,0.21193097531795502,982,81,36,54
153,10.367146627158665,311,2.0,0.6112412810325623,680,269,48,46
170,10.367146627158665,311,2.0,0.440411239862442,1683,564,59,37
174,10.367146627158665,311,2.0,0.6308897137641907,987,402,81,38
182,10.367146627158665,311,2.0,0.7397278547286987,60,738,121,62
184,10.367146627158665,311,2.0,0.6782557964324951,1879,612,79,48
189,10.367146627158665,311,2.0,0.5947112441062927,262,812,79,105
7,10.400481503773323,312,9.0,0.21046394109725952,982,81,36,54
153,10.400481503773323,312,2.0,0.6986353397369385,676,266,48,44
170,10.400481503773323,312,2.0,0.14347529411315918,1677,562,60,38
174,10.400481503773323,312,2.0,0.6678667068481445,976,399,78,36
182,10.400481503773323,312,2.0,0.6528196334838867,52,740,105,62
184,10.400481503773323,312,2.0,0.5973871946334839,1876,612,85,48
189,10.400481503773323,312,2.0,0.5389180779457092,257,810,87,109
190,10.400481503773323,312,2.0,0.5361955165863037,244,213,31,28
7,10.43381638038798,313,9.0,0.20778071880340576,982,81,36,54
153,10.43381638038798,313,2.0,0.7396001219749451,672,265,49,43
170,10.43381638038798,313,2.0,0.11669537425041199,1671,562,58,36
174,10.43381638038798,313,2.0,0.4052768051624298,966,393,80,36
182,10.43381638038798,313,2.0,0.40499868988990784,45,741,90,63
184,10.43381638038798,313,2.0,0.5823861956596375,1874,614,88,49
189,10.43381638038798,313,2.0,0.5113043785095215,252,810,97,108
190,10.43381638038798,313,2.0,0.5585955381393433,245,215,32,28
7,10.467151257002639,314,9.0,0.21258829534053802,982,81,36,54
153,10.467151257002639,314,2.0,0.7207382917404175,669,265,48,40
174,10.467151257002639,314,2.0,0.4805327355861664,956,388,76,39
182,10.467151257002639,314,2.0,0.5882547497749329,36,741,73,62
184,10.467151257002639,314,2.0,0.6721968054771423,1871,615,91,49
189,10.467151257002639,314,2.0,0.5794487595558167,247,812,106,109
190,10.467151257002639,314,2.0,0.3862878680229187,245,218,34,29
7,10.500486133617297,315,9.0,0.2200707644224167,982,81,36,54
153,10.500486133617297,315,2.0,0.625252902507782,665,264,46,37
174,10.500486133617297,315,2.0,0.4997139275074005,946,385,74,37
182,10.500486133617297,315,2.0,0.40487802028656006,30,744,61,63
184,10.500486133617297,315,2.0,0.6473790407180786,1868,615,92,48
189,10.500486133617297,315,2.0,0.6285585761070251,242,814,117,113
190,10.500486133617297,315,2.0,0.3720153570175171,246,220,34,30
7,10.533821010231955,316,9.0,0.22524897754192352,982,81,36,54
153,10.533821010231955,316,2.0,0.6597321629524231,661,263,46,37
174,10.533821010231955,316,2.0,0.6334268450737,936,380,73,39
182,10.533821010231955,316,2.0,0.530742883682251,21,744,42,64
184,10.533821010231955,316,2.0,0.7054411172866821,1863,616,93,48
189,10.533821010231955,316,2.0,0.7565892934799194,238,815,125,117
190,10.533821010231955,316,2.0,0.35112595558166504,246,221,34,30
7,10.567155886846614,317,9.0,0.23371709883213043,982,81,36,54
153,10.567155886846614,317,2.0,0.5664125084877014,657,261,45,37
174,10.567155886846614,317,2.0,0.6602382659912109,927,375,71,39
182,10.567155886846614,317,2.0,0.4080178141593933,11,744,23,63
184,10.567155886846614,317,2.0,0.6580924987792969,1859,617,93,47
189,10.567155886846614,317,2.0,0.7300403118133545,233,815,134,120
190,10.567155886846614,317,2.0,0.2792649567127228,247,223,33,30
7,10.600490763461272,318,9.0,0.2179892212152481,982,81,36,54
153,10.600490763461272,318,2.0,0.515765905380249,653,259,46,36
174,10.600490763461272,318,2.0,0.5023074150085449,917,373,71,38
184,10.600490763461272,318,2.0,0.6677657961845398,1856,617,91,46
189,10.600490763461272,318,2.0,0.7396153211593628,228,816,144,120
190,10.600490763461272,318,2.0,0.35027116537094116,248,223,33,29
7,10.63382564007593,319,9.0,0.2251664400100708,982,81,36,54
153,10.63382564007593,319,2.0,0.34615784883499146,649,257,50,35
174,10.63382564007593,319,2.0,0.5779611468315125,908,369,72,36
184,10.63382564007593,319,2.0,0.6718873977661133,1851,617,89,45
189,10.63382564007593,319,2.0,0.7525092959403992,224,816,153,118
190,10.63382564007593,319,2.0,0.159502312541008,248,225,33,30
7,10.667160516690588,320,9.0,0.23988281190395355,982,81,36,54
153,10.667160516690588,320,2.0,0.2753869593143463,644,256,47,33
174,10.667160516690588,320,2.0,0.5870093703269958,900,365,68,37
184,10.667160516690588,320,2.0,0.6386653780937195,1848,618,90,45
189,10.667160516690588,320,2.0,0.8126616477966309,219,817,163,119
190,10.667160516690588,320,2.0,0.15069648623466492,249,226,33,31
7,10.700495393305246,321,9.0,0.2336607575416565,982,81,36,54
153,10.700495393305246,321,2.0,0.3621596693992615,642,252,49,33
174,10.700495393305246,321,2.0,0.5617804527282715,888,361,67,36
184,10.700495393305246,321,2.0,0.6280463337898254,1844,618,89,44
189,10.700495393305246,321,2.0,0.8167052268981934,215,817,171,120
190,10.700495393305246,321,2.0,0.12724409997463226,250,227,34,31
7,10.733830269919904,322,9.0,0.233590230345726,982,81,35,54
153,10.733830269919904,322,2.0,0.28989049792289734,639,251,49,34
174,10.733830269919904,322,2.0,0.6996141076087952,880,358,66,33
184,10.733830269919904,322,2.0,0.7074323296546936,1841,618,86,43
189,10.733830269919904,322,2.0,0.8121805787086487,211,817,183,121
7,10.767165146534563,323,9.0,0.21825890243053436,982,81,36,54
153,10.767165146534563,323,2.0,0.3112514317035675,635,250,51,34
174,10.767165146534563,323,2.0,0.5743875503540039,873,355,65,33
184,10.767165146534563,323,2.0,0.7185426950454712,1838,618,80,42
189,10.767165146534563,323,2.0,0.7974684238433838,207,817,193,123
200,10.767165146534563,323,2.0,0.4304807484149933,316,244,30,27
7,10.80050002314922,324,9.0,0.2249891310930252,982,81,36,54
153,10.80050002314922,324,2.0,0.2944871485233307,630,250,51,35
174,10.80050002314922,324,2.0,0.48904353380203247,864,352,65,36
184,10.80050002314922,324,2.0,0.678006649017334,1834,619,79,41
189,10.80050002314922,324,2.0,0.7549386620521545,202,818,202,123
200,10.80050002314922,324,2.0,0.5593461990356445,317,246,32,27
7,10.833834899763879,325,9.0,0.21631677448749542,982,81,36,54
153,10.833834899763879,325,2.0,0.38429614901542664,625,248,52,32
174,10.833834899763879,325,2.0,0.11992212384939194,856,348,65,35
184,10.833834899763879,325,2.0,0.5868819952011108,1832,618,75,39
189,10.833834899763879,325,2.0,0.7812981605529785,196,819,212,125
200,10.833834899763879,325,2.0,0.560245156288147,318,247,35,27
202,10.833834899763879,325,2.0,0.5093818306922913,1906,544,24,24
190,10.833834899763879,325,2.0,0.321047842502594,254,231,37,28
7,10.867169776378537,326,9.0,0.2111755609512329,982,81,36,54
153,10.867169776378537,326,2.0,0.40934666991233826,621,248,53,33
174,10.867169776378537,326,2.0,0.4459562301635742,848,343,65,35
184,10.867169776378537,326,2.0,0.5784430503845215,1828,617,70,37
189,10.867169776378537,326,2.0,0.8055280447006226,192,819,220,126
200,10.867169776378537,326,2.0,0.3253089189529419,319,248,34,25
202,10.867169776378537,326,2.0,0.6080630421638489,1905,545,28,28
190,10.867169776378537,326,2.0,0.1236979067325592,255,231,36,27
7,10.900504652993195,327,9.0,0.21928036212921143,982,81,36,54
153,10.900504652993195,327,2.0,0.5516246557235718,619,246,55,32
174,10.900504652993195,327,2.0,0.5070688724517822,840,341,63,35
184,10.900504652993195,327,2.0,0.5401462912559509,1825,617,67,37
189,10.900504652993195,327,2.0,0.777280867099762,186,819,229,127
200,10.900504652993195,327,2.0,0.39729905128479004,320,250,34,26
202,10.900504652993195,327,2.0,0.6367266774177551,1902,547,33,30
190,10.900504652993195,327,2.0,0.2356550693511963,256,232,35,28
7,10.933839529607853,328,9.0,0.22778454422950745,982,81,36,54
153,10.933839529607853,328,2.0,0.461779922246933,615,246,53,27
174,10.933839529607853,328,2.0,0.5888468623161316,834,338,57,34
184,10.933839529607853,328,2.0,0.5454829335212708,1823,618,65,35
189,10.933839529607853,328,2.0,0.7327027916908264,179,820,234,127
200,10.933839529607853,328,2.0,0.14213348925113678,322,251,35,27
202,10.933839529607853,328,2.0,0.7203361988067627,1900,548,37,32
190,10.933839529607853,328,2.0,0.20120495557785034,257,233,36,28
7,10.96717440622251,329,9.0,0.21546177566051483,982,81,36,54
153,10.96717440622251,329,2.0,0.4198189079761505,613,243,53,28
174,10.96717440622251,329,2.0,0.5448186993598938,828,336,60,34
184,10.96717440622251,329,2.0,0.5689096450805664,1820,619,64,33
189,10.96717440622251,329,2.0,0.773344099521637,174,821,241,128
200,10.96717440622251,329,2.0,0.3877928853034973,322,253,34,28
202,10.96717440622251,329,2.0,0.7299550175666809,1897,548,42,35
190,10.96717440622251,329,2.0,0.2578013837337494,258,234,35,28
7,11.000509282837168,330,9.0,0.21817901730537415,982,81,36,54
153,11.000509282837168,330,2.0,0.5013298988342285,610,242,57,27
174,11.000509282837168,330,2.0,0.45291754603385925,819,334,57,33
189,11.000509282837168,330,2.0,0.7251799702644348,163,823,237,128
200,11.000509282837168,330,2.0,0.2698386311531067,323,255,35,28
202,11.000509282837168,330,2.0,0.7076989412307739,1895,548,46,35
190,11.000509282837168,330,2.0,0.2793780267238617,259,235,34,29
7,11.033844159451826,331,9.0,0.19920818507671356,982,81,36,54
153,11.033844159451826,331,2.0,0.35050928592681885,608,240,54,25
174,11.033844159451826,331,2.0,0.5161005854606628,812,333,61,35
189,11.033844159451826,331,2.0,0.6522845029830933,152,823,239,129
200,11.033844159451826,331,2.0,0.41842493414878845,324,256,32,29
202,11.033844159451826,331,2.0,0.753213107585907,1892,548,53,36
190,11.033844159451826,331,2.0,0.31147900223731995,260,238,34,31
7,11.067179036066484,332,9.0,0.21625728905200958,982,81,36,54
153,11.067179036066484,332,2.0,0.2997809648513794,604,238,56,27
174,11.067179036066484,332,2.0,0.3613916337490082,810,332,48,31
189,11.067179036066484,332,2.0,0.7347555160522461,142,823,237,130
200,11.067179036066484,332,2.0,0.45616352558135986,326,258,34,29
202,11.067179036066484,332,2.0,0.784321665763855,1890,548,58,38
190,11.067179036066484,332,2.0,0.30841293931007385,261,240,33,33
7,11.100513912681143,333,9.0,0.20544889569282532,982,81,36,54
153,11.100513912681143,333,2.0,0.25723156332969666,603,236,55,27
174,11.100513912681143,333,2.0,0.16344191133975983,799,327,58,36
189,11.100513912681143,333,2.0,0.6988937258720398,131,824,235,130
200,11.100513912681143,333,2.0,0.6174229979515076,328,259,34,29
202,11.100513912681143,333,2.0,0.7285673022270203,1888,548,60,39
190,11.100513912681143,333,2.0,0.30890563130378723,262,242,34,36
7,11.1338487892958,334,9.0,0.22656863927841187,982,81,36,54
174,11.1338487892958,334,2.0,0.364282488822937,791,323,58,33
189,11.1338487892958,334,2.0,0.6834079027175903,121,825,237,130
200,11.1338487892958,334,2.0,0.49460887908935547,330,260,36,28
202,11.1338487892958,334,2.0,0.6375395655632019,1886,549,64,40
190,11.1338487892958,334,2.0,0.4508693516254425,264,244,33,35
7,11.167183665910459,335,9.0,0.22655713558197021,982,81,36,54
174,11.167183665910459,335,2.0,0.31563296914100647,788,321,52,30
189,11.167183665910459,335,2.0,0.6828321218490601,115,827,231,130
200,11.167183665910459,335,2.0,0.529403567314148,331,261,34,28
202,11.167183665910459,335,2.0,0.6116701364517212,1883,548,70,41
190,11.167183665910459,335,2.0,0.45837047696113586,266,246,34,35
7,11.200518542525117,336,9.0,0.2363296002149582,982,81,36,55
174,11.200518542525117,336,2.0,0.49363312125205994,780,318,54,31
189,11.200518542525117,336,2.0,0.6253703832626343,111,828,222,132
200,11.200518542525117,336,2.0,0.3075700104236603,332,263,34,30
202,11.200518542525117,336,2.0,0.6236045956611633,1880,548,76,43
190,11.200518542525117,336,2.0,0.4041481912136078,266,247,35,36
7,11.233853419139775,337,9.0,0.22310073673725128,982,81,36,55
174,11.233853419139775,337,2.0,0.573307991027832,771,314,54,33
189,11.233853419139775,337,7.0,0.5385391116142273,106,829,212,129
200,11.233853419139775,337,2.0,0.5090414881706238,335,265,35,32
202,11.233853419139775,337,2.0,0.6484270095825195,1877,548,82,44
190,11.233853419139775,337,2.0,0.48853790760040283,267,248,37,37
210,11.233853419139775,337,2.0,0.48808753490448,106,830,212,130
153,11.233853419139775,337,2.0,0.3835853338241577,584,233,45,26
7,11.267188295754433,338,9.0,0.21796518564224243,982,81,36,55
174,11.267188295754433,338,2.0,0.4952341616153717,766,313,54,36
189,11.267188295754433,338,2.0,0.4179965853691101,101,829,202,128
200,11.267188295754433,338,2.0,0.5917460322380066,337,266,33,33
202,11.267188295754433,338,2.0,0.6728832125663757,1875,548,86,45
190,11.267188295754433,338,2.0,0.5020620822906494,268,248,36,37
210,11.267188295754433,338,7.0,0.6235895752906799,102,827,204,126
153,11.267188295754433,338,2.0,0.21646054089069366,583,231,48,26
7,11.300523172369092,339,9.0,0.210701584815979,982,81,36,55
174,11.300523172369092,339,2.0,0.5388734936714172,760,311,54,34
189,11.300523172369092,339,2.0,0.49463576078414917,97,829,194,127
200,11.300523172369092,339,2.0,0.6603067517280579,339,268,33,32
202,11.300523172369092,339,2.0,0.7145348787307739,1871,549,89,45
190,11.300523172369092,339,2.0,0.4470821022987366,269,250,38,36
210,11.300523172369092,339,7.0,0.5528813004493713,97,826,195,124
153,11.300523172369092,339,2.0,0.13133275508880615,584,230,53,27
7,11.33385804898375,340,9.0,0.20895437896251678,982,81,36,55
174,11.33385804898375,340,2.0,0.5020697116851807,754,308,52,31
200,11.33385804898375,340,2.0,0.7023705840110779,341,270,34,31
202,11.33385804898375,340,2.0,0.6860924363136292,1867,549,93,45
190,11.33385804898375,340,2.0,0.4744485914707184,270,251,38,35
215,11.33385804898375,340,2.0,0.36224204301834106,1901,606,36,35
7,11.367192925598408,341,9.0,0.2161567509174347,982,81,36,55
174,11.367192925598408,341,2.0,0.505587100982666,747,306,53,29
200,11.367192925598408,341,2.0,0.5510268807411194,343,272,35,31
202,11.367192925598408,341,2.0,0.6171093583106995,1862,550,93,44
190,11.367192925598408,341,2.0,0.5204934477806091,271,253,36,33
215,11.367192925598408,341,2.0,0.34178048372268677,1897,608,42,35
189,11.367192925598408,341,7.0,0.48023825883865356,87,826,175,120
7,11.400527802213066,342,9.0,0.22325052320957184,982,81,36,55
174,11.400527802213066,342,2.0,0.2525375783443451,741,305,51,29
200,11.400527802213066,342,2.0,0.49892210960388184,344,274,36,30
202,11.400527802213066,342,2.0,0.6523618698120117,1857,549,91,43
190,11.400527802213066,342,2.0,0.6071744561195374,272,254,36,32
215,11.400527802213066,342,2.0,0.5615776181221008,1896,609,46,36
189,11.400527802213066,342,7.0,0.4886520206928253,82,826,165,117
7,11.433862678827724,343,9.0,0.21902216970920563,982,81,36,54
200,11.433862678827724,343,2.0,0.40089845657348633,346,275,37,32
202,11.433862678827724,343,2.0,0.7431733012199402,1852,550,92,43
190,11.433862678827724,343,2.0,0.6641611456871033,272,255,35,31
215,11.433862678827724,343,2.0,0.5647008419036865,1894,608,50,39
189,11.433862678827724,343,7.0,0.5690993070602417,78,826,156,116
7,11.467197555442382,344,9.0,0.20732802152633667,982,81,36,54
200,11.467197555442382,344,2.0,0.4804750978946686,347,278,37,30
202,11.467197555442382,344,2.0,0.7181413769721985,1846,551,94,43
190,11.467197555442382,344,2.0,0.7449015974998474,273,256,36,31
215,11.467197555442382,344,2.0,0.585978090763092,1891,608,55,41
189,11.467197555442382,344,7.0,0.5218091011047363,74,826,148,115
174,11.467197555442382,344,2.0,0.3111553490161896,732,298,48,30
7,11.50053243205704,345,9.0,0.18812929093837738,982,81,36,54
200,11.50053243205704,345,2.0,0.6754109263420105,349,280,39,29
202,11.50053243205704,345,2.0,0.7172436714172363,1842,551,95,43
190,11.50053243205704,345,2.0,0.6341438293457031,274,257,38,32
215,11.50053243205704,345,2.0,0.673974871635437,1888,608,60,44
189,11.50053243205704,345,7.0,0.608433187007904,69,827,139,115
174,11.50053243205704,345,2.0,0.2562161386013031,726,296,45,29
7,11.533867308671699,346,9.0,0.17219306528568268,982,81,36,54
200,11.533867308671699,346,2.0,0.6432413458824158,351,281,39,30
202,11.533867308671699,346,2.0,0.7231901288032532,1836,551,92,44
190,11.533867308671699,346,2.0,0.7102541923522949,275,258,40,35
215,11.533867308671699,346,2.0,0.6735900044441223,1886,608,64,45
189,11.533867308671699,346,7.0,0.615347683429718,65,828,130,115
174,11.533867308671699,346,2.0,0.3496689200401306,721,293,44,29
217,11.533867308671699,346,2.0,0.6438836455345154,1858,779,122,106
218,11.533867308671699,346,2.0,0.4655941426753998,268,714,72,54
7,11.567202185286357,347,9.0,0.16729772090911865,982,81,36,54
200,11.567202185286357,347,2.0,0.6151975989341736,354,283,38,30
202,11.567202185286357,347,2.0,0.7312272787094116,1830,551,90,43
190,11.567202185286357,347,2.0,0.7778370976448059,276,260,41,36
215,11.567202185286357,347,2.0,0.6861298084259033,1885,609,68,47
189,11.567202185286357,347,7.0,0.6226348280906677,60,828,120,116
174,11.567202185286357,347,2.0,0.34892433881759644,715,290,49,32
217,11.567202185286357,347,2.0,0.6152657270431519,1843,773,151,114
218,11.567202185286357,347,2.0,0.5098437666893005,261,712,83,62
7,11.600537061901015,348,9.0,0.16069182753562927,982,81,36,54
200,11.600537061901015,348,2.0,0.6252589225769043,356,286,39,33
202,11.600537061901015,348,2.0,0.6826865673065186,1824,552,90,44
190,11.600537061901015,348,2.0,0.6412389874458313,277,263,43,40
215,11.600537061901015,348,2.0,0.7312003374099731,1882,609,74,46
189,11.600537061901015,348,7.0,0.6960515379905701,55,830,111,118
174,11.600537061901015,348,2.0,0.5000653266906738,711,288,50,30
217,11.600537061901015,348,2.0,0.7835106253623962,1824,754,188,117
218,11.600537061901015,348,2.0,0.6240120530128479,253,714,99,73
7,11.633871938515673,349,9.0,0.16499704122543335,982,81,36,54
200,11.633871938515673,349,2.0,0.6266263723373413,358,288,41,36
202,11.633871938515673,349,2.0,0.6739664077758789,1820,553,92,45
190,11.633871938515673,349,2.0,0.6549861431121826,278,265,44,41
215,11.633871938515673,349,2.0,0.7189523577690125,1879,609,78,46
189,11.633871938515673,349,7.0,0.5627491474151611,52,831,104,117
174,11.633871938515673,349,2.0,0.4059562385082245,705,286,48,32
217,11.633871938515673,349,2.0,0.8672179579734802,1802,739,211,114
218,11.633871938515673,349,2.0,0.6808825731277466,243,715,115,76
7,11.667206815130331,350,9.0,0.18417423963546753,982,81,36,55
200,11.667206815130331,350,2.0,0.48101481795310974,360,290,42,37
202,11.667206815130331,350,2.0,0.7405005693435669,1815,553,94,46
190,11.667206815130331,350,2.0,0.6331232190132141,279,267,43,40
215,11.667206815130331,350,2.0,0.5954360365867615,1877,608,82,46
189,11.667206815130331,350,7.0,0.6002487540245056,46,832,92,117
174,11.667206815130331,350,2.0,0.4908050298690796,700,284,48,30
217,11.667206815130331,350,2.0,0.821781575679779,1768,723,217,109
218,11.667206815130331,350,2.0,0.6523177623748779,235,716,132,77
7,11.700541691744988,351,9.0,0.18520230054855347,982,81,36,55
200,11.700541691744988,351,2.0,0.6149887442588806,363,292,41,39
202,11.700541691744988,351,2.0,0.7529456615447998,1809,553,92,45
190,11.700541691744988,351,2.0,0.6102532148361206,280,269,42,41
215,11.700541691744988,351,2.0,0.653195858001709,1875,610,86,47
189,11.700541691744988,351,7.0,0.6503705382347107,41,834,83,118
174,11.700541691744988,351,2.0,0.48555395007133484,695,283,48,29
217,11.700541691744988,351,2.0,0.8611382842063904,1733,709,211,104
218,11.700541691744988,351,2.0,0.6958606243133545,226,718,148,79
7,11.733876568359646,352,9.0,0.18469886481761932,982,81,36,55
200,11.733876568359646,352,2.0,0.5780676603317261,365,295,40,37
202,11.733876568359646,352,2.0,0.7672015428543091,1803,553,91,46
190,11.733876568359646,352,2.0,0.5583224892616272,282,271,41,42
215,11.733876568359646,352,2.0,0.7231443524360657,1871,611,88,47
189,11.733876568359646,352,7.0,0.5119041204452515,36,835,72,117
174,11.733876568359646,352,2.0,0.3564518988132477,691,282,44,30
217,11.733876568359646,352,2.0,0.8200839161872864,1698,693,205,101
218,11.733876568359646,352,2.0,0.6786904335021973,208,719,142,81
7,11.767211444974304,353,9.0,0.19232164323329926,982,81,36,55
200,11.767211444974304,353,2.0,0.548109233379364,367,297,41,37
202,11.767211444974304,353,2.0,0.7489716410636902,1798,554,92,48
190,11.767211444974304,353,2.0,0.5249550342559814,284,274,43,38
215,11.767211444974304,353,2.0,0.6996009945869446,1868,611,88,48
189,11.767211444974304,353,7.0,0.5239955186843872,31,836,63,118
174,11.767211444974304,353,2.0,0.17849548161029816,688,281,41,29
217,11.767211444974304,353,2.0,0.7835754156112671,1664,678,197,95
218,11.767211444974304,353,2.0,0.6940352320671082,197,720,150,81
7,11.800546321588962,354,9.0,0.1842401772737503,982,81,36,55
200,11.800546321588962,354,2.0,0.5211862921714783,369,299,43,37
202,11.800546321588962,354,2.0,0.7459785342216492,1792,555,95,48
190,11.800546321588962,354,2.0,0.5188947319984436,286,276,42,37
215,11.800546321588962,354,2.0,0.6867862939834595,1862,612,88,47
189,11.800546321588962,354,2.0,0.5223497152328491,27,837,54,116
174,11.800546321588962,354,2.0,0.1464896947145462,684,280,39,29
217,11.800546321588962,354,2.0,0.7933374047279358,1634,666,189,90
218,11.800546321588962,354,2.0,0.7361626625061035,182,722,154,81
220,11.800546321588962,354,7.0,0.4178736209869385,28,836,56,114
7,11.83388119820362,355,9.0,0.18657900393009186,982,81,36,55
200,11.83388119820362,355,2.0,0.4792611598968506,371,302,42,38
202,11.83388119820362,355,2.0,0.7509196996688843,1787,555,98,49
190,11.83388119820362,355,2.0,0.522802472114563,287,277,43,38
215,11.83388119820362,355,2.0,0.6918306946754456,1858,612,88,46
189,11.83388119820362,355,7.0,0.5540364980697632,21,835,41,110
174,11.83388119820362,355,2.0,0.15528389811515808,680,280,37,27
217,11.83388119820362,355,2.0,0.7922188639640808,1602,654,186,90
218,11.83388119820362,355,2.0,0.7575306296348572,169,723,162,80
7,11.867216074818279,356,9.0,0.17285144329071045,982,81,36,55
200,11.867216074818279,356,2.0,0.6141240000724792,373,305,43,36
202,11.867216074818279,356,2.0,0.7817993760108948,1781,556,96,48
190,11.867216074818279,356,2.0,0.5585196018218994,289,279,43,38
215,11.867216074818279,356,2.0,0.6633730530738831,1854,613,87,45
189,11.867216074818279,356,2.0,0.3944508135318756,16,834,31,105
217,11.867216074818279,356,2.0,0.6927341222763062,1573,639,176,89
218,11.867216074818279,356,2.0,0.7428255081176758,154,724,167,81
220,11.867216074818279,356,7.0,0.4884323179721832,17,831,35,106
7,11.900550951432937,357,9.0,0.18005569279193878,982,81,36,55
200,11.900550951432937,357,2.0,0.5266297459602356,375,306,43,35
202,11.900550951432937,357,2.0,0.776858389377594,1775,557,94,48
190,11.900550951432937,357,2.0,0.5253873467445374,289,280,44,39
215,11.900550951432937,357,2.0,0.6715666651725769,1851,613,85,45
189,11.900550951432937,357,2.0,0.3201764225959778,9,832,19,104
217,11.900550951432937,357,2.0,0.7604493498802185,1546,628,166,86
218,11.900550951432937,357,2.0,0.8114434480667114,139,726,167,79
7,11.933885828047595,358,9.0,0.1719016432762146,982,81,36,55
200,11.933885828047595,358,2.0,0.568790853023529,378,309,42,34
202,11.933885828047595,358,2.0,0.7533252239227295,1770,557,91,48
190,11.933885828047595,358,2.0,0.5228074789047241,289,282,46,39
215,11.933885828047595,358,2.0,0.6362672448158264,1847,614,85,46
217,11.933885828047595,358,2.0,0.728657603263855,1518,618,164,83
218,11.933885828047595,358,2.0,0.7777151465415955,121,727,168,77
223,11.933885828047595,358,2.0,0.5106216073036194,276,831,55,61
7,11.967220704662253,359,9.0,0.16762597858905792,982,81,36,55
200,11.967220704662253,359,2.0,0.5929352641105652,380,312,41,37
202,11.967220704662253,359,2.0,0.7698688507080078,1765,558,92,50
190,11.967220704662253,359,2.0,0.5990117192268372,291,286,44,41
215,11.967220704662253,359,2.0,0.7104856967926025,1843,614,83,45
217,11.967220704662253,359,2.0,0.8208085894584656,1493,607,161,81
218,11.967220704662253,359,2.0,0.7690057158470154,105,728,168,75
223,11.967220704662253,359,2.0,0.3894553482532501,272,832,65,75
225,11.967220704662253,359,2.0,0.4620015323162079,1892,581,52,27
7,12.000555581276911,360,9.0,0.18318216502666473,982,81,36,55
200,12.000555581276911,360,2.0,0.597528338432312,384,315,45,38
202,12.000555581276911,360,2.0,0.7893854379653931,1759,558,93,49
190,12.000555581276911,360,2.0,0.5860865712165833,293,288,45,41
215,12.000555581276911,360,2.0,0.7458865642547607,1839,614,82,44
217,12.000555581276911,360,2.0,0.7518549561500549,1469,597,156,79
218,12.000555581276911,360,2.0,0.729417622089386,89,729,168,75
223,12.000555581276911,360,2.0,0.35284653306007385,268,834,74,94
225,12.000555581276911,360,2.0,0.44363710284233093,1891,581,54,26
7,12.03389045789157,361,9.0,0.19159695506095886,982,81,36,55
200,12.03389045789157,361,2.0,0.7000938653945923,387,317,46,39
202,12.03389045789157,361,2.0,0.7737113833427429,1753,559,95,51
190,12.03389045789157,361,2.0,0.5579805374145508,295,289,48,43
215,12.03389045789157,361,2.0,0.6945924162864685,1836,614,79,43
217,12.03389045789157,361,2.0,0.5310782790184021,1445,586,153,77
218,12.03389045789157,361,2.0,0.6817548871040344,78,730,156,75
223,12.03389045789157,361,2.0,0.3536263406276703,264,837,82,105
225,12.03389045789157,361,2.0,0.3170631229877472,1891,581,55,25
7,12.067225334506228,362,9.0,0.1998494267463684,982,81,36,55
200,12.067225334506228,362,2.0,0.6148850917816162,391,320,46,41
202,12.067225334506228,362,2.0,0.7755300998687744,1747,560,96,51
190,12.067225334506228,362,2.0,0.5160067081451416,297,290,48,45
215,12.067225334506228,362,2.0,0.5773715972900391,1832,614,78,42
217,12.067225334506228,362,2.0,0.7249467372894287,1422,573,149,74
218,12.067225334506228,362,2.0,0.6911234855651855,70,730,141,76
223,12.067225334506228,362,2.0,0.2848554849624634,259,837,92,111
225,12.067225334506228,362,2.0,0.5078116655349731,1886,583,64,30
7,12.100560211120886,363,9.0,0.1855829805135727,982,81,36,55
200,12.100560211120886,363,2.0,0.6692795753479004,393,323,46,43
202,12.100560211120886,363,2.0,0.7897933125495911,1741,560,95,51
190,12.100560211120886,363,2.0,0.5448976755142212,299,293,48,45
215,12.100560211120886,363,2.0,0.5349850058555603,1829,613,74,39
217,12.100560211120886,363,2.0,0.829935610294342,1399,564,146,71
218,12.100560211120886,363,2.0,0.6282343864440918,62,732,125,72
223,12.100560211120886,363,2.0,0.5510011315345764,253,835,99,107
225,12.100560211120886,363,2.0,0.48362672328948975,1885,584,67,30
7,12.133895087735544,364,9.0,0.18318244814872742,982,81,36,55
200,12.133895087735544,364,2.0,0.6580293774604797,395,326,48,42
202,12.133895087735544,364,2.0,0.7701936364173889,1736,561,94,49
190,12.133895087735544,364,2.0,0.6913042664527893,301,296,47,44
215,12.133895087735544,364,2.0,0.41514453291893005,1828,614,68,36
217,12.133895087735544,364,2.0,0.8053648471832275,1377,556,142,70
218,12.133895087735544,364,2.0,0.32534343004226685,53,735,106,67
223,12.133895087735544,364,2.0,0.44805243611335754,248,836,108,107
225,12.133895087735544,364,2.0,0.4359169900417328,1879,583,78,33
7,12.167229964350202,365,9.0,0.2021237164735794,982,81,36,55
200,12.167229964350202,365,2.0,0.6175279021263123,398,328,48,41
202,12.167229964350202,365,2.0,0.7068068385124207,1730,562,94,47
190,12.167229964350202,365,2.0,0.677980363368988,302,300,46,40
215,12.167229964350202,365,2.0,0.452275812625885,1826,614,64,34
217,12.167229964350202,365,2.0,0.677376925945282,1356,548,141,70
218,12.167229964350202,365,2.0,0.274429589509964,43,737,87,66
223,12.167229964350202,365,2.0,0.605620265007019,244,836,117,106
225,12.167229964350202,365,2.0,0.42588290572166443,1875,585,84,34
7,12.20056484096486,366,9.0,0.22614528238773346,982,81,36,55
200,12.20056484096486,366,2.0,0.6618328094482422,401,331,49,42
202,12.20056484096486,366,2.0,0.7734293937683105,1725,563,92,46
190,12.20056484096486,366,2.0,0.6724944710731506,303,302,46,41
215,12.20056484096486,366,2.0,0.37954211235046387,1821,614,64,33
217,12.20056484096486,366,2.0,0.6423866748809814,1334,539,133,69
218,12.20056484096486,366,2.0,0.4793727993965149,36,740,72,67
223,12.20056484096486,366,2.0,0.7001222968101501,239,837,126,103
225,12.20056484096486,366,2.0,0.49261218309402466,1868,586,83,34
7,12.233899717579519,367,9.0,0.204684779047966,982,81,36,55
200,12.233899717579519,367,2.0,0.6676684617996216,405,334,49,43
202,12.233899717579519,367,2.0,0.7045772075653076,1719,563,94,46
190,12.233899717579519,367,2.0,0.609169065952301,306,303,48,44
215,12.233899717579519,367,2.0,0.43259307742118835,1820,613,54,33
217,12.233899717579519,367,2.0,0.7065771222114563,1315,530,127,69
218,12.233899717579519,367,2.0,0.4515222907066345,27,741,54,67
223,12.233899717579519,367,2.0,0.6421597003936768,235,835,133,95
225,12.233899717579519,367,2.0,0.5283939242362976,1863,587,80,34
7,12.267234594194177,368,9.0,0.20822344720363617,982,81,36,55
200,12.267234594194177,368,2.0,0.7314437627792358,408,337,48,45
202,12.267234594194177,368,2.0,0.752483606338501,1712,562,94,46
190,12.267234594194177,368,2.0,0.6222667694091797,307,305,51,48
215,12.267234594194177,368,2.0,0.3482629954814911,1814,612,57,34
217,12.267234594194177,368,2.0,0.7730497717857361,1297,522,128,67
218,12.267234594194177,368,2.0,0.5446921586990356,17,736,35,62
223,12.267234594194177,368,2.0,0.7216624021530151,230,837,144,97
225,12.267234594194177,368,2.0,0.4647822678089142,1857,587,80,35
7,12.300569470808835,369,9.0,0.21435731649398804,982,81,36,55
200,12.300569470808835,369,2.0,0.7431445121765137,410,340,48,45
202,12.300569470808835,369,2.0,0.7349225282669067,1708,563,92,45
190,12.300569470808835,369,2.0,0.6413008570671082,309,308,51,48
215,12.300569470808835,369,2.0,0.316328227519989,1813,613,50,33
217,12.300569470808835,369,2.0,0.8418720960617065,1277,515,125,65
223,12.300569470808835,369,2.0,0.7311976552009583,226,834,153,96
225,12.300569470808835,369,2.0,0.4215341806411743,1851,588,82,35
7,12.333904347423493,370,9.0,0.23346459865570068,982,81,36,55
200,12.333904347423493,370,2.0,0.7709324955940247,412,344,48,46
202,12.333904347423493,370,2.0,0.7576616406440735,1703,563,90,45
190,12.333904347423493,370,2.0,0.5917801856994629,311,313,51,44
215,12.333904347423493,370,2.0,0.19007925689220428,1811,613,41,30
217,12.333904347423493,370,2.0,0.7544540166854858,1260,507,123,64
223,12.333904347423493,370,2.0,0.7404325008392334,222,835,160,95
225,12.333904347423493,370,2.0,0.5426597595214844,1849,590,73,35
7,12.367239224038151,371,9.0,0.21686825156211853,982,81,36,55
200,12.367239224038151,371,2.0,0.6772145628929138,416,347,49,47
202,12.367239224038151,371,2.0,0.7772087454795837,1699,564,89,45
190,12.367239224038151,371,2.0,0.585123598575592,312,313,50,50
217,12.367239224038151,371,2.0,0.7050598859786987,1242,500,118,60
223,12.367239224038151,371,2.0,0.7607450485229492,217,835,169,95
225,12.367239224038151,371,2.0,0.5574564337730408,1843,592,75,36
232,12.367239224038151,371,2.0,0.4740445613861084,1831,592,98,42
7,12.400574100652808,372,9.0,0.20637591183185577,982,81,36,55
200,12.400574100652808,372,2.0,0.5194965600967407,420,350,51,47
202,12.400574100652808,372,2.0,0.5787104964256287,1696,563,82,43
190,12.400574100652808,372,2.0,0.5207976698875427,313,314,49,53
217,12.400574100652808,372,2.0,0.6742463707923889,1224,492,113,60
223,12.400574100652808,372,2.0,0.7842357754707336,212,836,179,95
225,12.400574100652808,372,2.0,0.3981127440929413,1838,593,74,36
232,12.400574100652808,372,2.0,0.3385521173477173,1829,592,95,40
7,12.433908977267466,373,9.0,0.20536451041698456,982,81,36,55
200,12.433908977267466,373,2.0,0.7185535430908203,424,355,52,48
202,12.433908977267466,373,2.0,0.687070906162262,1691,563,79,42
190,12.433908977267466,373,2.0,0.5101311802864075,317,320,49,49
217,12.433908977267466,373,2.0,0.7455883622169495,1208,484,113,62
223,12.433908977267466,373,2.0,0.7542042136192322,207,836,189,94
232,12.433908977267466,373,2.0,0.49415162205696106,1822,592,93,39
237,12.433908977267466,373,2.0,0.523129403591156,1799,596,52,42
7,12.467243853882124,374,9.0,0.22325319051742554,982,81,36,55
200,12.467243853882124,374,2.0,0.7691152691841125,427,358,54,49
202,12.467243853882124,374,2.0,0.6981889605522156,1684,563,80,42
190,12.467243853882124,374,2.0,0.5771944522857666,319,324,51,45
217,12.467243853882124,374,2.0,0.7481383085250854,1195,477,112,61
223,12.467243853882124,374,2.0,0.7741883397102356,203,837,198,95
232,12.467243853882124,374,2.0,0.6323167681694031,1816,591,91,36
238,12.467243853882124,374,2.0,0.6918459534645081,1843,791,149,102
7,12.500578730496782,375,9.0,0.21529468894004822,982,81,36,55
200,12.500578730496782,375,2.0,0.6918774247169495,431,361,55,51
202,12.500578730496782,375,2.0,0.6125149726867676,1680,563,77,40
190,12.500578730496782,375,2.0,0.6428858041763306,321,327,51,45
217,12.500578730496782,375,2.0,0.7480481266975403,1178,472,109,57
223,12.500578730496782,375,2.0,0.7268904447555542,195,837,199,94
232,12.500578730496782,375,2.0,0.7120601534843445,1811,592,90,36
238,12.500578730496782,375,2.0,0.7781715989112854,1828,779,181,103
7,12.53391360711144,376,9.0,0.1970243901014328,982,81,36,55
200,12.53391360711144,376,2.0,0.8204455971717834,435,365,55,51
202,12.53391360711144,376,2.0,0.6754920482635498,1676,562,76,40
190,12.53391360711144,376,2.0,0.6888175010681152,323,327,51,53
217,12.53391360711144,376,2.0,0.7439290285110474,1163,465,104,58
223,12.53391360711144,376,2.0,0.7062838077545166,183,839,197,93
232,12.53391360711144,376,2.0,0.72859787940979,1804,593,88,39
238,12.53391360711144,376,2.0,0.8048980236053467,1804,760,208,104
7,12.567248483726098,377,9.0,0.19444996118545532,982,81,36,55
200,12.567248483726098,377,2.0,0.8412062525749207,438,368,56,51
202,12.567248483726098,377,2.0,0.6329938769340515,1672,562,74,40
190,12.567248483726098,377,2.0,0.6608601212501526,325,333,52,49
217,12.567248483726098,377,2.0,0.6608834266662598,1147,459,103,57
223,12.567248483726098,377,2.0,0.760591447353363,173,841,198,93
232,12.567248483726098,377,2.0,0.7578681707382202,1799,593,86,38
238,12.567248483726098,377,2.0,0.8027366995811462,1771,742,210,99
7,12.600583360340757,378,9.0,0.21183879673480988,982,81,36,55
200,12.600583360340757,378,2.0,0.6372803449630737,442,373,55,52
202,12.600583360340757,378,2.0,0.5749348998069763,1667,562,68,38
190,12.600583360340757,378,2.0,0.6417158246040344,329,341,55,42
217,12.600583360340757,378,2.0,0.62486332654953,1134,453,101,56
223,12.600583360340757,378,2.0,0.7980346083641052,164,841,198,94
232,12.600583360340757,378,2.0,0.7642061114311218,1794,593,85,37
238,12.600583360340757,378,2.0,0.79665207862854,1734,726,205,95
7,12.633918236955415,379,9.0,0.20804770290851593,982,81,36,55
200,12.633918236955415,379,2.0,0.7377442717552185,448,378,58,49
202,12.633918236955415,379,2.0,0.3552229404449463,1662,562,66,37
190,12.633918236955415,379,2.0,0.7467326521873474,331,342,59,48
217,12.633918236955415,379,2.0,0.7101395726203918,1118,447,100,55
223,12.633918236955415,379,2.0,0.7612205743789673,155,843,198,96
232,12.633918236955415,379,2.0,0.7283763885498047,1788,593,85,37
238,12.633918236955415,379,2.0,0.8196708559989929,1698,711,199,90
7,12.667253113570073,380,9.0,0.2055661380290985,982,81,36,55
200,12.667253113570073,380,2.0,0.7284790277481079,451,383,59,49
190,12.667253113570073,380,2.0,0.7320220470428467,332,341,61,57
217,12.667253113570073,380,2.0,0.6467666029930115,1105,441,97,57
223,12.667253113570073,380,2.0,0.7600350975990295,145,843,199,96
232,12.667253113570073,380,2.0,0.7020565271377563,1783,594,82,37
238,12.667253113570073,380,2.0,0.8275066018104553,1665,695,193,89
7,12.700587990184731,381,9.0,0.18998940289020538,982,81,36,55
200,12.700587990184731,381,2.0,0.7593103051185608,455,387,59,54
190,12.700587990184731,381,2.0,0.6798999309539795,335,346,58,52
217,12.700587990184731,381,2.0,0.6970400810241699,1092,434,96,56
223,12.700587990184731,381,2.0,0.717580258846283,135,844,201,94
232,12.700587990184731,381,2.0,0.6747547388076782,1779,595,80,38
238,12.700587990184731,381,2.0,0.8382993340492249,1631,681,186,86
7,12.73392286679939,382,9.0,0.1976872682571411,982,81,37,55
200,12.73392286679939,382,2.0,0.6899700164794922,459,390,59,56
190,12.73392286679939,382,2.0,0.718177855014801,336,347,58,59
217,12.73392286679939,382,2.0,0.6128852367401123,1080,429,94,56
223,12.73392286679939,382,2.0,0.775752604007721,125,845,202,93
232,12.73392286679939,382,2.0,0.6009002923965454,1775,595,77,38
238,12.73392286679939,382,2.0,0.7679104208946228,1601,667,180,82
7,12.767257743414048,383,9.0,0.17421948909759521,982,81,37,55
200,12.767257743414048,383,2.0,0.7991903424263,465,396,63,58
190,12.767257743414048,383,2.0,0.714520275592804,338,350,60,62
217,12.767257743414048,383,2.0,0.7254889607429504,1066,424,93,55
223,12.767257743414048,383,2.0,0.7929960489273071,115,847,204,94
232,12.767257743414048,383,2.0,0.6669684648513794,1772,596,72,37
238,12.767257743414048,383,2.0,0.7890908718109131,1571,655,174,79
7,12.800592620028706,384,9.0,0.16878630220890045,982,81,37,55
200,12.800592620028706,384,2.0,0.6893724203109741,470,400,63,59
190,12.800592620028706,384,2.0,0.7187411189079285,341,352,59,66
217,12.800592620028706,384,2.0,0.49717453122138977,1056,420,91,54
223,12.800592620028706,384,2.0,0.7098485231399536,105,845,206,87
232,12.800592620028706,384,2.0,0.6148857474327087,1769,596,70,37
238,12.800592620028706,384,2.0,0.8037806749343872,1542,642,167,79
7,12.833927496643364,385,9.0,0.17614120244979858,982,81,37,55
200,12.833927496643364,385,2.0,0.7504453063011169,473,404,63,62
190,12.833927496643364,385,2.0,0.6152278184890747,342,353,59,71
217,12.833927496643364,385,2.0,0.6054792404174805,1043,415,91,52
223,12.833927496643364,385,2.0,0.642988920211792,98,843,197,79
232,12.833927496643364,385,2.0,0.6045006513595581,1767,595,65,33
238,12.833927496643364,385,2.0,0.6695347428321838,1513,631,160,77
7,12.867262373258022,386,9.0,0.16942371428012848,982,81,37,55
200,12.867262373258022,386,2.0,0.6300942897796631,477,410,62,62
190,12.867262373258022,386,2.0,0.6038407683372498,344,355,60,76
217,12.867262373258022,386,2.0,0.5188409090042114,1030,411,88,51
223,12.867262373258022,386,2.0,0.6618955731391907,94,843,189,76
232,12.867262373258022,386,2.0,0.5849642753601074,1760,595,58,29
238,12.867262373258022,386,2.0,0.7444697022438049,1486,619,160,76
7,12.90059724987268,387,9.0,0.1644105762243271,982,81,37,55
200,12.90059724987268,387,2.0,0.7105125784873962,483,415,63,60
190,12.90059724987268,387,2.0,0.6163280606269836,346,358,61,76
217,12.90059724987268,387,2.0,0.552741289138794,1018,406,89,48
223,12.90059724987268,387,2.0,0.604166567325592,88,843,177,72
232,12.90059724987268,387,2.0,0.47933775186538696,1753,594,55,27
238,12.90059724987268,387,2.0,0.7442049384117126,1461,608,154,72
243,12.90059724987268,387,2.0,0.4956596791744232,347,370,61,52
244,12.90059724987268,387,2.0,0.35993343591690063,315,240,29,26
7,12.933932126487338,388,9.0,0.16022458672523499,982,81,37,55
200,12.933932126487338,388,2.0,0.7416005730628967,488,420,65,64
190,12.933932126487338,388,2.0,0.6350491642951965,349,366,62,71
217,12.933932126487338,388,2.0,0.5118247866630554,1007,402,86,48
223,12.933932126487338,388,2.0,0.7302811741828918,83,845,167,75
232,12.933932126487338,388,2.0,0.1287483423948288,1750,594,55,28
238,12.933932126487338,388,2.0,0.7420690059661865,1437,602,148,80
244,12.933932126487338,388,2.0,0.5024566650390625,316,242,30,25
7,12.967267003101997,389,9.0,0.17993856966495514,982,81,37,55
200,12.967267003101997,389,2.0,0.7788083553314209,494,426,68,63
190,12.967267003101997,389,2.0,0.5313295722007751,352,371,64,72
217,12.967267003101997,389,2.0,0.6069565415382385,997,397,85,47
223,12.967267003101997,389,2.0,0.7077679634094238,78,846,157,77
238,12.967267003101997,389,2.0,0.6156984567642212,1414,597,143,90
244,12.967267003101997,389,2.0,0.5265401005744934,317,245,32,26
245,12.967267003101997,389,2.0,0.5024285316467285,270,679,56,56
7,13.000601879716655,390,9.0,0.18281914293766022,982,81,37,55
200,13.000601879716655,390,2.0,0.7164759635925293,499,432,66,65
190,13.000601879716655,390,2.0,0.5033957362174988,356,376,67,75
217,13.000601879716655,390,2.0,0.5472445487976074,985,391,83,48
223,13.000601879716655,390,2.0,0.7824878692626953,73,843,146,66
238,13.000601879716655,390,2.0,0.7297060489654541,1391,579,139,71
244,13.000601879716655,390,2.0,0.47431114315986633,318,247,32,26
245,13.000601879716655,390,2.0,0.635421097278595,264,679,67,61
7,13.033936756331313,391,9.0,0.19336222112178802,982,81,36,55
200,13.033936756331313,391,2.0,0.801529586315155,504,436,68,68
190,13.033936756331313,391,2.0,0.6871688961982727,361,386,65,63
217,13.033936756331313,391,2.0,0.6036596894264221,975,386,82,49
223,13.033936756331313,391,2.0,0.811869204044342,67,841,135,65
238,13.033936756331313,391,2.0,0.7512932419776917,1370,567,136,67
244,13.033936756331313,391,2.0,0.3768318295478821,320,248,32,26
245,13.033936756331313,391,2.0,0.6425722241401672,256,678,83,68
7,13.067271632945971,392,9.0,0.1709727644920349,982,81,36,55
200,13.067271632945971,392,2.0,0.789355993270874,509,443,70,70
190,13.067271632945971,392,2.0,0.5779213309288025,362,387,67,70
217,13.067271632945971,392,2.0,0.5818020701408386,965,382,83,49
223,13.067271632945971,392,2.0,0.6532222032546997,62,840,125,60
238,13.067271632945971,392,2.0,0.847454309463501,1347,558,130,65
244,13.067271632945971,392,2.0,0.41807499527931213,321,249,33,26
245,13.067271632945971,392,2.0,0.6650422811508179,250,676,98,71
7,13.100606509560627,393,9.0,0.1804465800523758,982,81,36,55
200,13.100606509560627,393,2.0,0.7669273614883423,516,449,71,69
190,13.100606509560627,393,2.0,0.6061497330665588,365,392,70,77
217,13.100606509560627,393,2.0,0.47287458181381226,955,378,78,50
223,13.100606509560627,393,2.0,0.6433509588241577,57,842,114,62
238,13.100606509560627,393,2.0,0.7050955891609192,1326,550,130,63
244,13.100606509560627,393,2.0,0.37213435769081116,322,250,35,26
245,13.100606509560627,393,2.0,0.6648359894752502,241,675,113,71
7,13.133941386175286,394,9.0,0.16949889063835144,982,81,36,55
200,13.133941386175286,394,2.0,0.737413227558136,522,456,73,67
190,13.133941386175286,394,2.0,0.5285752415657043,369,397,72,76
217,13.133941386175286,394,2.0,0.6471033692359924,944,375,78,50
223,13.133941386175286,394,2.0,0.5368630886077881,53,849,107,72
238,13.133941386175286,394,2.0,0.7518579959869385,1306,540,127,61
244,13.133941386175286,394,2.0,0.4076076149940491,324,252,36,25
245,13.133941386175286,394,2.0,0.6502532362937927,234,675,126,73
7,13.167276262789944,395,9.0,0.16772127151489258,983,81,36,54
200,13.167276262789944,395,2.0,0.7556384205818176,527,463,73,70
190,13.167276262789944,395,2.0,0.4259246289730072,372,400,74,81
217,13.167276262789944,395,2.0,0.5888877511024475,936,371,76,52
223,13.167276262789944,395,2.0,0.4397226870059967,47,853,94,77
238,13.167276262789944,395,2.0,0.7508019208908081,1287,531,124,61
244,13.167276262789944,395,2.0,0.5217908024787903,325,253,36,26
245,13.167276262789944,395,2.0,0.6095307469367981,227,677,143,75
251,13.167276262789944,395,2.0,0.41109147667884827,373,413,71,55
7,13.200611139404602,396,9.0,0.1645411103963852,983,81,37,54
200,13.200611139404602,396,2.0,0.8032390475273132,534,469,76,71
190,13.200611139404602,396,2.0,0.2714692950248718,374,399,72,81
217,13.200611139404602,396,2.0,0.7399302124977112,928,366,75,50
223,13.200611139404602,396,2.0,0.6201737523078918,43,851,86,71
238,13.200611139404602,396,2.0,0.7498416304588318,1269,523,123,58
244,13.200611139404602,396,2.0,0.52981036901474,327,255,34,26
245,13.200611139404602,396,2.0,0.545071005821228,218,678,156,75
251,13.200611139404602,396,2.0,0.5362311005592346,380,420,64,49
7,13.23394601601926,397,9.0,0.16394351422786713,983,81,37,55
200,13.23394601601926,397,2.0,0.7144327759742737,541,476,78,71
190,13.23394601601926,397,2.0,0.283222496509552,377,400,72,72
217,13.23394601601926,397,2.0,0.7306967377662659,918,364,74,47
223,13.23394601601926,397,2.0,0.5559181571006775,38,853,76,73
238,13.23394601601926,397,2.0,0.8032267093658447,1250,515,121,58
244,13.23394601601926,397,2.0,0.6067779064178467,328,256,34,26
245,13.23394601601926,397,2.0,0.5458205342292786,210,679,168,76
251,13.23394601601926,397,2.0,0.549079179763794,382,425,73,57
256,13.23394601601926,397,2.0,0.3528493642807007,1895,577,47,34
7,13.267280892633918,398,9.0,0.1562487930059433,982,81,37,55
200,13.267280892633918,398,2.0,0.8120445609092712,548,484,78,77
190,13.267280892633918,398,2.0,0.1523456573486328,379,395,69,54
217,13.267280892633918,398,2.0,0.6101420521736145,908,361,73,46
223,13.267280892633918,398,2.0,0.6827211976051331,32,858,65,82
238,13.267280892633918,398,2.0,0.6979337334632874,1233,508,118,59
244,13.267280892633918,398,2.0,0.6363291144371033,330,258,35,27
245,13.267280892633918,398,2.0,0.6407566070556641,195,682,169,77
251,13.267280892633918,398,2.0,0.5512179732322693,384,429,74,62
256,13.267280892633918,398,2.0,0.33670687675476074,1893,577,51,36
7,13.300615769248576,399,9.0,0.13509920239448547,983,81,37,55
200,13.300615769248576,399,2.0,0.8423151969909668,555,491,80,76
190,13.300615769248576,399,2.0,0.1394387185573578,381,396,68,41
217,13.300615769248576,399,2.0,0.7289228439331055,899,357,72,41
223,13.300615769248576,399,2.0,0.6445063948631287,27,860,55,82
238,13.300615769248576,399,2.0,0.6700088977813721,1215,500,115,54
244,13.300615769248576,399,2.0,0.5397030711174011,331,259,35,28
245,13.300615769248576,399,2.0,0.5601711273193359,182,681,165,75
251,13.300615769248576,399,2.0,0.4651660919189453,388,432,77,69
256,13.300615769248576,399,2.0,0.33121034502983093,1889,576,58,39
7,13.333950645863235,400,9.0,0.15565891563892365,982,81,37,54
200,13.333950645863235,400,2.0,0.6565711498260498,563,498,82,78
217,13.333950645863235,400,2.0,0.5884358286857605,889,353,69,42
223,13.333950645863235,400,2.0,0.4437701404094696,20,862,41,82
238,13.333950645863235,400,2.0,0.7174879908561707,1198,493,113,54
244,13.333950645863235,400,2.0,0.5408575534820557,333,260,35,28
245,13.333950645863235,400,2.0,0.6698374152183533,166,682,169,73
251,13.333950645863235,400,2.0,0.5096433162689209,391,431,80,85
256,13.333950645863235,400,2.0,0.5790234208106995,1887,576,62,40
7,13.367285522477893,401,9.0,0.1715785264968872,983,81,37,54
200,13.367285522477893,401,2.0,0.6800429224967957,570,507,82,81
217,13.367285522477893,401,2.0,0.6809005737304688,883,351,68,39
223,13.367285522477893,401,2.0,0.3751794099807739,15,860,30,77
238,13.367285522477893,401,2.0,0.6156086325645447,1182,486,112,54
244,13.367285522477893,401,2.0,0.5552847385406494,335,261,34,28
245,13.367285522477893,401,2.0,0.6416488885879517,150,683,173,73
251,13.367285522477893,401,2.0,0.5046588182449341,395,433,84,95
256,13.367285522477893,401,2.0,0.4581512212753296,1885,577,67,39
7,13.400620399092551,402,9.0,0.16632136702537537,983,81,37,54
200,13.400620399092551,402,2.0,0.7519919276237488,578,515,85,85
217,13.400620399092551,402,2.0,0.5815215110778809,875,348,70,41
223,13.400620399092551,402,2.0,0.3032248318195343,9,862,18,75
238,13.400620399092551,402,2.0,0.7743545174598694,1167,478,109,55
244,13.400620399092551,402,2.0,0.6646385192871094,337,262,31,28
245,13.400620399092551,402,2.0,0.7054258584976196,134,685,177,76
251,13.400620399092551,402,2.0,0.4901629090309143,400,438,86,101
256,13.400620399092551,402,2.0,0.4284571409225464,1883,577,71,36
7,13.43395527570721,403,9.0,0.17931923270225525,983,81,37,55
200,13.43395527570721,403,2.0,0.7367323637008667,586,524,87,85
217,13.43395527570721,403,2.0,0.5781474709510803,865,344,70,46
238,13.43395527570721,403,2.0,0.7542511224746704,1151,471,104,54
244,13.43395527570721,403,2.0,0.5931023955345154,339,265,31,29
245,13.43395527570721,403,2.0,0.7670984268188477,118,688,178,79
251,13.43395527570721,403,2.0,0.5046225786209106,404,444,85,101
256,13.43395527570721,403,2.0,0.25765544176101685,1880,578,78,37
7,13.467290152321867,404,9.0,0.17579397559165955,983,81,37,55
200,13.467290152321867,404,2.0,0.8072997331619263,595,533,88,88
217,13.467290152321867,404,2.0,0.51402747631073,859,341,68,45
238,13.467290152321867,404,2.0,0.7359534502029419,1136,466,102,51
244,13.467290152321867,404,2.0,0.6288976669311523,339,265,31,29
245,13.467290152321867,404,2.0,0.7350562810897827,103,689,180,80
251,13.467290152321867,404,7.0,0.40957680344581604,408,451,87,104
256,13.467290152321867,404,2.0,0.4451182782649994,1876,581,84,41
7,13.500625028936525,405,9.0,0.17825116217136383,983,81,37,55
200,13.500625028936525,405,2.0,0.7748027443885803,603,541,91,90
217,13.500625028936525,405,2.0,0.506020724773407,850,338,66,42
238,13.500625028936525,405,2.0,0.564059317111969,1120,460,103,52
244,13.500625028936525,405,2.0,0.6841034889221191,341,268,34,30
245,13.500625028936525,405,2.0,0.6540223956108093,89,690,177,78
251,13.500625028936525,405,7.0,0.3498467803001404,412,457,87,107
256,13.500625028936525,405,2.0,0.4791809022426605,1875,581,88,44
7,13.533959905551184,406,9.0,0.1623382717370987,983,81,37,55
200,13.533959905551184,406,2.0,0.6993410587310791,612,552,93,92
217,13.533959905551184,406,2.0,0.6205537915229797,842,335,64,40
238,13.533959905551184,406,2.0,0.7817663550376892,1106,453,100,50
244,13.533959905551184,406,2.0,0.6536055207252502,342,270,35,30
245,13.533959905551184,406,2.0,0.6547207236289978,80,691,161,75
251,13.533959905551184,406,7.0,0.31362298130989075,417,462,90,111
256,13.533959905551184,406,2.0,0.5302961468696594,1871,581,90,44
7,13.567294782165842,407,9.0,0.16291724145412445,983,81,37,54
200,13.567294782165842,407,2.0,0.7081000208854675,623,562,94,93
217,13.567294782165842,407,2.0,0.7109220027923584,835,332,65,39
238,13.567294782165842,407,2.0,0.6673735976219177,1090,448,100,49
244,13.567294782165842,407,2.0,0.6827842593193054,343,272,37,31
245,13.567294782165842,407,2.0,0.7095209956169128,73,691,146,71
251,13.567294782165842,407,2.0,0.39555269479751587,423,478,89,96
256,13.567294782165842,407,2.0,0.523871123790741,1865,582,90,43
7,13.6006296587805,408,9.0,0.1830855756998062,983,81,37,54
200,13.6006296587805,408,2.0,0.6755894422531128,632,573,100,97
217,13.6006296587805,408,2.0,0.6303614377975464,827,329,62,41
238,13.6006296587805,408,2.0,0.6713148355484009,1077,441,95,48
244,13.6006296587805,408,2.0,0.43292033672332764,346,275,37,29
245,13.6006296587805,408,2.0,0.6213685870170593,65,691,130,69
251,13.6006296587805,408,7.0,0.136294424533844,427,484,91,104
256,13.6006296587805,408,2.0,0.44621166586875916,1858,583,93,43
7,13.633964535395158,409,9.0,0.18546709418296814,983,81,37,54
200,13.633964535395158,409,2.0,0.7145438194274902,642,584,103,99
217,13.633964535395158,409,2.0,0.6991328597068787,820,325,61,43
238,13.633964535395158,409,2.0,0.6405067443847656,1064,435,95,48
244,13.633964535395158,409,2.0,0.5376682281494141,348,276,38,28
245,13.633964535395158,409,2.0,0.6740148067474365,57,692,114,71
251,13.633964535395158,409,2.0,0.4341932237148285,435,503,89,86
256,13.633964535395158,409,2.0,0.5908274054527283,1854,583,93,42
7,13.667299412009816,410,9.0,0.15864795446395874,983,81,37,54
200,13.667299412009816,410,2.0,0.7161284685134888,652,594,104,104
217,13.667299412009816,410,2.0,0.5785186290740967,814,323,61,44
238,13.667299412009816,410,2.0,0.6336671113967896,1052,429,96,48
244,13.667299412009816,410,2.0,0.601222038269043,350,278,38,27
245,13.667299412009816,410,2.0,0.6842560172080994,49,693,99,70
251,13.667299412009816,410,7.0,0.3578278422355652,437,502,93,110
256,13.667299412009816,410,2.0,0.6174096465110779,1849,585,93,41
7,13.700634288624475,411,9.0,0.14218012988567352,983,81,37,54
200,13.700634288624475,411,2.0,0.6604453325271606,664,606,108,105
217,13.700634288624475,411,2.0,0.5401936769485474,808,322,63,44
238,13.700634288624475,411,2.0,0.7064988017082214,1040,425,92,46
244,13.700634288624475,411,2.0,0.6776677370071411,351,279,38,28
245,13.700634288624475,411,2.0,0.5041977167129517,42,694,84,69
251,13.700634288624475,411,7.0,0.36810415983200073,445,507,104,115
256,13.700634288624475,411,2.0,0.6533427238464355,1843,586,93,40
7,13.733969165239133,412,9.0,0.16325241327285767,983,81,36,54
200,13.733969165239133,412,2.0,0.7495205998420715,676,618,110,109
217,13.733969165239133,412,2.0,0.671880841255188,800,319,63,42
238,13.733969165239133,412,2.0,0.7061342597007751,1028,420,89,46
244,13.733969165239133,412,2.0,0.6139273643493652,354,280,37,28
245,13.733969165239133,412,2.0,0.5563830733299255,34,695,69,68
251,13.733969165239133,412,7.0,0.39389851689338684,451,515,110,122
256,13.733969165239133,412,2.0,0.4989492893218994,1837,587,94,41
7,13.76730404185379,413,9.0,0.15786968171596527,983,81,36,54
200,13.76730404185379,413,2.0,0.7930746674537659,688,631,114,112
217,13.76730404185379,413,2.0,0.6279578804969788,794,316,63,40
238,13.76730404185379,413,2.0,0.7327616214752197,1015,415,90,48
244,13.76730404185379,413,2.0,0.6670131683349609,356,282,37,28
245,13.76730404185379,413,2.0,0.6089712977409363,25,695,50,65
251,13.76730404185379,413,2.0,0.49115538597106934,457,524,110,123
256,13.76730404185379,413,2.0,0.5777270793914795,1831,587,94,41
268,13.76730404185379,413,2.0,0.6040880680084229,1877,717,83,100
7,13.800638918468447,414,9.0,0.16278669238090515,983,81,36,54
200,13.800638918468447,414,2.0,0.77919602394104,701,645,117,115
217,13.800638918468447,414,2.0,0.6671021580696106,787,313,60,38
238,13.800638918468447,414,2.0,0.5995643734931946,1003,411,91,48
244,13.800638918468447,414,2.0,0.6769313812255859,358,284,38,29
245,13.800638918468447,414,2.0,0.5547820925712585,15,695,31,66
251,13.800638918468447,414,2.0,0.5547112226486206,463,533,111,126
256,13.800638918468447,414,2.0,0.47355762124061584,1825,588,95,40
268,13.800638918468447,414,2.0,0.5475219488143921,1865,705,107,116
7,13.833973795083105,415,9.0,0.15049105882644653,983,81,36,54
200,13.833973795083105,415,2.0,0.7375792264938354,715,658,120,119
217,13.833973795083105,415,2.0,0.6361566781997681,781,311,59,37
238,13.833973795083105,415,2.0,0.5951182842254639,992,407,88,44
244,13.833973795083105,415,2.0,0.594195544719696,360,287,39,33
245,13.833973795083105,415,2.0,0.17424239218235016,8,696,16,59
251,13.833973795083105,415,7.0,0.3728093206882477,468,543,115,132
256,13.833973795083105,415,2.0,0.6312878131866455,1819,589,94,40
268,13.833973795083105,415,2.0,0.20521795749664307,1852,682,134,131
7,13.867308671697764,416,9.0,0.16527000069618225,983,81,36,54
200,13.867308671697764,416,2.0,0.7973065972328186,729,673,124,122
217,13.867308671697764,416,2.0,0.6427485942840576,773,310,57,35
238,13.867308671697764,416,2.0,0.7233352065086365,981,402,85,43
244,13.867308671697764,416,2.0,0.6622986197471619,362,289,41,37
251,13.867308671697764,416,2.0,0.3465706706047058,477,555,115,133
256,13.867308671697764,416,2.0,0.44011345505714417,1814,590,95,39
268,13.867308671697764,416,2.0,0.41588589549064636,1839,668,160,146
7,13.900643548312422,417,9.0,0.18862737715244293,983,81,36,55
200,13.900643548312422,417,2.0,0.8404902815818787,744,690,127,124
217,13.900643548312422,417,2.0,0.7564032673835754,768,308,56,33
238,13.900643548312422,417,2.0,0.5991230607032776,972,399,78,39
244,13.900643548312422,417,2.0,0.6476437449455261,365,291,41,38
251,13.900643548312422,417,7.0,0.4816912114620209,484,564,119,141
256,13.900643548312422,417,2.0,0.111115962266922,1809,591,94,42
268,13.900643548312422,417,7.0,0.4490453004837036,1826,678,184,206
7,13.93397842492708,418,9.0,0.17194809019565582,983,81,36,55
200,13.93397842492708,418,2.0,0.6117790937423706,759,706,132,131
217,13.93397842492708,418,2.0,0.7330299019813538,763,306,57,35
238,13.93397842492708,418,2.0,0.6232781410217285,961,393,77,42
244,13.93397842492708,418,2.0,0.6931288242340088,366,293,42,37
251,13.93397842492708,418,7.0,0.4756441116333008,491,574,121,145
268,13.93397842492708,418,7.0,0.6632481813430786,1814,683,209,235
7,13.967313301541738,419,9.0,0.17118306457996368,983,81,36,54
200,13.967313301541738,419,2.0,0.8226679563522339,775,723,137,135
217,13.967313301541738,419,2.0,0.6140516400337219,758,304,55,35
238,13.967313301541738,419,2.0,0.5244622230529785,952,388,77,42
244,13.967313301541738,419,2.0,0.6854249238967896,368,295,43,36
251,13.967313301541738,419,7.0,0.5936362147331238,499,583,127,153
268,13.967313301541738,419,7.0,0.41608941555023193,1799,677,227,240
7,14.000648178156396,420,9.0,0.1551554650068283,983,81,36,54
200,14.000648178156396,420,2.0,0.7460585832595825,792,741,142,139
217,14.000648178156396,420,2.0,0.5796936750411987,751,300,57,36
238,14.000648178156396,420,2.0,0.5240816473960876,940,385,75,42
244,14.000648178156396,420,2.0,0.6284238696098328,370,298,43,37
251,14.000648178156396,420,7.0,0.4977562129497528,506,598,127,155
268,14.000648178156396,420,7.0,0.6310799717903137,1788,668,255,234
7,14.033983054771054,421,9.0,0.18052883446216583,982,81,36,54
200,14.033983054771054,421,2.0,0.7488738894462585,810,760,145,144
217,14.033983054771054,421,2.0,0.5588652491569519,746,298,55,36
238,14.033983054771054,421,2.0,0.4954472780227661,931,378,74,45
244,14.033983054771054,421,2.0,0.589693546295166,372,300,43,35
251,14.033983054771054,421,7.0,0.5009474754333496,514,610,132,160
268,14.033983054771054,421,7.0,0.2907262146472931,1773,656,288,231
7,14.067317931385713,422,9.0,0.16962513327598572,982,81,36,54
200,14.067317931385713,422,2.0,0.8019662499427795,829,779,151,149
217,14.067317931385713,422,2.0,0.569652795791626,740,295,55,38
238,14.067317931385713,422,2.0,0.7385876774787903,923,375,71,42
244,14.067317931385713,422,2.0,0.6970592141151428,373,303,44,35
251,14.067317931385713,422,7.0,0.5367992520332336,523,624,138,163
7,14.10065280800037,423,9.0,0.17432186007499695,982,81,36,54
200,14.10065280800037,423,2.0,0.7782784104347229,849,800,157,152
217,14.10065280800037,423,2.0,0.576490044593811,735,293,55,38
238,14.10065280800037,423,2.0,0.4839082658290863,913,373,74,39
244,14.10065280800037,423,2.0,0.682387113571167,377,305,44,33
251,14.10065280800037,423,7.0,0.3459843397140503,532,639,141,166
288,14.10065280800037,423,2.0,0.38648438453674316,1851,457,84,32
7,14.133987684615029,424,9.0,0.16888560354709625,982,81,36,54
200,14.133987684615029,424,2.0,0.820888340473175,870,822,163,159
217,14.133987684615029,424,2.0,0.5485327243804932,730,291,52,37
238,14.133987684615029,424,2.0,0.5426495671272278,905,369,72,40
244,14.133987684615029,424,2.0,0.6835071444511414,379,307,41,33
251,14.133987684615029,424,7.0,0.5831196904182434,543,653,143,172
288,14.133987684615029,424,2.0,0.37870901823043823,1847,456,77,33
7,14.167322561229687,425,9.0,0.19471794366836548,982,81,36,54
200,14.167322561229687,425,2.0,0.7506096959114075,892,845,170,167
217,14.167322561229687,425,2.0,0.7675186991691589,724,288,51,37
238,14.167322561229687,425,2.0,0.5277243852615356,897,365,73,40
244,14.167322561229687,425,2.0,0.6984739303588867,382,309,42,33
251,14.167322561229687,425,7.0,0.5093153119087219,553,668,147,179
288,14.167322561229687,425,2.0,0.2803344130516052,1843,456,75,34
7,14.200657437844345,426,9.0,0.1885978877544403,982,81,36,54
200,14.200657437844345,426,2.0,0.8300909996032715,914,869,175,174
217,14.200657437844345,426,2.0,0.7520976066589355,719,288,50,37
238,14.200657437844345,426,2.0,0.7570024728775024,887,362,68,38
244,14.200657437844345,426,2.0,0.7904764413833618,384,313,42,36
251,14.200657437844345,426,7.0,0.26108044385910034,566,683,157,186
288,14.200657437844345,426,2.0,0.36453184485435486,1841,456,72,34
292,14.200657437844345,426,2.0,0.5637511610984802,1565,643,165,89
7,14.233992314459003,427,9.0,0.19558854401111603,982,81,36,54
200,14.233992314459003,427,2.0,0.8386378288269043,940,895,184,185
217,14.233992314459003,427,2.0,0.7122054100036621,714,286,51,35
238,14.233992314459003,427,2.0,0.6342453956604004,878,358,67,37
244,14.233992314459003,427,2.0,0.7312420606613159,386,315,44,38
251,14.233992314459003,427,7.0,0.4983839988708496,577,702,162,193
288,14.233992314459003,427,2.0,0.3014791011810303,1839,455,66,32
292,14.233992314459003,427,2.0,0.19099146127700806,1546,632,168,82
7,14.267327191073662,428,9.0,0.20785747468471527,982,81,36,54
200,14.267327191073662,428,2.0,0.7828612923622131,967,918,193,184
217,14.267327191073662,428,2.0,0.7670219540596008,709,283,49,33
238,14.267327191073662,428,2.0,0.4846208691596985,869,355,68,39
244,14.267327191073662,428,2.0,0.7529287934303284,389,317,46,39
251,14.267327191073662,428,7.0,0.5178790092468262,589,720,167,204
288,14.267327191073662,428,2.0,0.19397476315498352,1837,455,67,32
292,14.267327191073662,428,2.0,0.19924423098564148,1512,621,157,77
7,14.30066206768832,429,9.0,0.18328522145748138,982,81,36,54
200,14.30066206768832,429,2.0,0.7908145189285278,994,938,200,176
217,14.30066206768832,429,2.0,0.7128298878669739,704,282,48,32
238,14.30066206768832,429,2.0,0.6055405139923096,862,352,65,37
244,14.30066206768832,429,2.0,0.7227418422698975,392,320,48,41
251,14.30066206768832,429,7.0,0.6162547469139099,602,738,175,212
288,14.30066206768832,429,2.0,0.21450206637382507,1835,454,61,31
292,14.30066206768832,429,7.0,0.31593483686447144,1482,611,151,77
268,14.30066206768832,429,6.0,0.41662684082984924,1669,617,489,255
7,14.333996944302978,430,9.0,0.18045955896377563,982,81,36,54
200,14.333996944302978,430,2.0,0.7260155081748962,1024,972,211,188
217,14.333996944302978,430,2.0,0.6698988080024719,699,281,50,33
238,14.333996944302978,430,2.0,0.465503990650177,854,351,64,37
244,14.333996944302978,430,2.0,0.6761459708213806,394,323,49,43
251,14.333996944302978,430,7.0,0.2829894721508026,614,759,181,222
288,14.333996944302978,430,2.0,0.1273786723613739,1823,455,76,35
292,14.333996944302978,430,7.0,0.20673947036266327,1456,601,147,78
268,14.333996944302978,430,6.0,0.4373749792575836,1654,621,520,278
7,14.367331820917636,431,9.0,0.1666117012500763,982,81,36,54
200,14.367331820917636,431,2.0,0.5859577059745789,1066,993,243,173
217,14.367331820917636,431,2.0,0.5798068046569824,695,279,48,33
238,14.367331820917636,431,2.0,0.3106876313686371,846,348,63,39
244,14.367331820917636,431,2.0,0.658143937587738,396,325,49,43
251,14.367331820917636,431,7.0,0.47143474221229553,629,780,189,229
268,14.367331820917636,431,6.0,0.47025594115257263,1641,620,548,288
7,14.400666697532294,432,9.0,0.16159488260746002,982,81,36,54
200,14.400666697532294,432,2.0,0.5159355401992798,1060,1007,302,144
217,14.400666697532294,432,2.0,0.4604630470275879,690,276,50,34
238,14.400666697532294,432,2.0,0.42629966139793396,838,343,63,38
244,14.400666697532294,432,2.0,0.6262387037277222,399,328,50,40
251,14.400666697532294,432,7.0,0.520453929901123,645,800,199,242
268,14.400666697532294,432,6.0,0.49652963876724243,1634,619,563,298
7,14.434001574146953,433,9.0,0.159066304564476,982,81,36,54
200,14.434001574146953,433,2.0,0.5575053691864014,1059,1024,327,111
217,14.434001574146953,433,2.0,0.4941118359565735,685,275,48,34
238,14.434001574146953,433,2.0,0.5031141638755798,831,339,62,38
244,14.434001574146953,433,2.0,0.5779165029525757,403,332,49,39
251,14.434001574146953,433,7.0,0.324636310338974,660,825,202,247
268,14.434001574146953,433,6.0,0.5706337094306946,1627,614,576,309
288,14.434001574146953,433,2.0,0.3105085492134094,1805,451,75,31
292,14.434001574146953,433,7.0,0.3004339933395386,1385,564,136,71
7,14.46733645076161,434,9.0,0.1542617529630661,982,81,36,54
217,14.46733645076161,434,2.0,0.6198304295539856,681,274,47,34
238,14.46733645076161,434,2.0,0.6916720867156982,823,335,60,36
244,14.46733645076161,434,2.0,0.597563624382019,406,334,51,42
251,14.46733645076161,434,7.0,0.41011497378349304,679,846,210,243
268,14.46733645076161,434,6.0,0.3770672082901001,1642,607,546,309
288,14.46733645076161,434,2.0,0.2827308177947998,1803,450,77,30
292,14.46733645076161,434,7.0,0.4627601206302643,1363,557,132,72
7,14.500671327376267,435,9.0,0.15683457255363464,982,81,36,54
217,14.500671327376267,435,2.0,0.6559364795684814,677,272,45,32
238,14.500671327376267,435,2.0,0.6306533813476562,817,334,60,37
244,14.500671327376267,435,2.0,0.6553007364273071,408,337,51,45
251,14.500671327376267,435,7.0,0.3266587555408478,698,877,224,265
268,14.500671327376267,435,6.0,0.5663905143737793,1619,602,594,306
288,14.500671327376267,435,2.0,0.2707614600658417,1800,450,83,30
292,14.500671327376267,435,2.0,0.2935919463634491,1342,548,131,72
7,14.534006203990925,436,9.0,0.15049214661121368,982,81,36,54
217,14.534006203990925,436,2.0,0.5918460488319397,675,270,41,29
238,14.534006203990925,436,2.0,0.6535969376564026,810,332,59,36
244,14.534006203990925,436,2.0,0.6702700257301331,410,340,49,42
251,14.534006203990925,436,7.0,0.6387864351272583,718,905,235,280
268,14.534006203990925,436,6.0,0.5399676561355591,1618,598,596,305
288,14.534006203990925,436,2.0,0.2387685328722,1796,449,81,31
292,14.534006203990925,436,7.0,0.40160369873046875,1322,536,130,72
7,14.567341080605583,437,9.0,0.17185115814208984,982,81,36,54
217,14.567341080605583,437,2.0,0.6621198058128357,668,267,44,32
238,14.567341080605583,437,2.0,0.4356330335140228,804,331,59,36
244,14.567341080605583,437,2.0,0.6815817356109619,414,345,52,43
251,14.567341080605583,437,7.0,0.3682359457015991,739,931,243,284
268,14.567341080605583,437,6.0,0.5202954411506653,1599,588,634,300
288,14.567341080605583,437,2.0,0.37945160269737244,1792,448,80,32
292,14.567341080605583,437,2.0,0.3480552136898041,1302,529,128,69
7,14.600675957220242,438,9.0,0.18365710973739624,982,81,36,54
217,14.600675957220242,438,2.0,0.7187151312828064,664,265,44,31
238,14.600675957220242,438,2.0,0.4422306716442108,795,325,59,37
244,14.600675957220242,438,2.0,0.7394097447395325,419,346,53,46
251,14.600675957220242,438,7.0,0.5047332048416138,760,946,254,267
268,14.600675957220242,438,6.0,0.6173028945922852,1617,582,600,295
288,14.600675957220242,438,2.0,0.37640705704689026,1788,448,79,31
292,14.600675957220242,438,2.0,0.4085320830345154,1283,520,126,69
7,14.6340108338349,439,9.0,0.15709644556045532,982,81,36,54
217,14.6340108338349,439,2.0,0.5613937377929688,660,264,43,29
238,14.6340108338349,439,2.0,0.40402719378471375,787,323,60,36
244,14.6340108338349,439,2.0,0.740880012512207,422,348,53,47
251,14.6340108338349,439,7.0,0.3871828615665436,777,959,257,241
268,14.6340108338349,439,6.0,0.6412596106529236,1614,573,590,287
288,14.6340108338349,439,2.0,0.21308743953704834,1784,447,78,31
292,14.6340108338349,439,2.0,0.41220566630363464,1265,512,122,69
7,14.667345710449558,440,9.0,0.14621862769126892,982,81,36,54
217,14.667345710449558,440,2.0,0.6630089282989502,656,261,42,29
238,14.667345710449558,440,2.0,0.46252450346946716,781,321,61,36
244,14.667345710449558,440,2.0,0.7580313086509705,425,353,55,47
251,14.667345710449558,440,7.0,0.5707395672798157,798,972,254,214
268,14.667345710449558,440,6.0,0.41989952325820923,1600,569,575,281
288,14.667345710449558,440,2.0,0.26262253522872925,1783,446,80,32
292,14.667345710449558,440,2.0,0.5842503309249878,1246,504,120,66
316,14.667345710449558,440,2.0,0.6174160242080688,253,719,97,77
7,14.700680587064216,441,9.0,0.1451340615749359,982,81,36,54
217,14.700680587064216,441,2.0,0.6363537907600403,652,260,41,29
238,14.700680587064216,441,2.0,0.44322267174720764,775,318,60,37
244,14.700680587064216,441,2.0,0.7548476457595825,428,357,56,48
251,14.700680587064216,441,7.0,0.4507380425930023,815,988,236,182
268,14.700680587064216,441,7.0,0.3314662277698517,1583,561,552,274
288,14.700680587064216,441,2.0,0.30279862880706787,1781,446,82,34
292,14.700680587064216,441,2.0,0.5429667234420776,1225,497,116,63
316,14.700680587064216,441,2.0,0.6381513476371765,245,719,112,76
317,14.700680587064216,441,2.0,0.6372188925743103,257,838,96,109
7,14.734015463678874,442,9.0,0.13586802780628204,982,81,36,54
217,14.734015463678874,442,2.0,0.6017169952392578,649,258,40,28
238,14.734015463678874,442,2.0,0.4954370856285095,768,315,57,39
244,14.734015463678874,442,2.0,0.7172278165817261,432,361,55,49
251,14.734015463678874,442,2.0,0.17934183776378632,827,1005,221,149
268,14.734015463678874,442,7.0,0.36712512373924255,1563,550,539,273
288,14.734015463678874,442,2.0,0.3829362094402313,1779,446,82,35
292,14.734015463678874,442,2.0,0.5452954173088074,1210,489,112,64
316,14.734015463678874,442,2.0,0.5888046622276306,236,720,131,78
317,14.734015463678874,442,2.0,0.7137043476104736,253,833,102,100
7,14.767350340293532,443,9.0,0.16450755298137665,982,81,35,54
217,14.767350340293532,443,2.0,0.5248066186904907,644,258,45,28
238,14.767350340293532,443,2.0,0.4676470458507538,763,313,55,37
244,14.767350340293532,443,2.0,0.76192706823349,435,365,55,48
251,14.767350340293532,443,2.0,0.1492009460926056,843,1023,188,112
268,14.767350340293532,443,7.0,0.18846125900745392,1543,543,527,269
288,14.767350340293532,443,2.0,0.32248035073280334,1776,445,72,35
292,14.767350340293532,443,2.0,0.7133386135101318,1192,482,110,63
316,14.767350340293532,443,2.0,0.7127118110656738,225,722,148,79
317,14.767350340293532,443,2.0,0.7283926010131836,246,834,114,102
7,14.80068521690819,444,9.0,0.16750332713127136,982,81,35,54
217,14.80068521690819,444,2.0,0.5574783086776733,639,255,45,27
238,14.80068521690819,444,2.0,0.3416652977466583,758,311,55,37
244,14.80068521690819,444,2.0,0.8003170490264893,438,369,57,49
268,14.80068521690819,444,5.0,0.6156354546546936,1523,536,517,259
288,14.80068521690819,444,2.0,0.3399512767791748,1773,444,64,33
292,14.80068521690819,444,2.0,0.6753877401351929,1176,475,106,61
316,14.80068521690819,444,2.0,0.7118661403656006,214,724,161,78
317,14.80068521690819,444,2.0,0.7760035991668701,241,834,126,99
7,14.834020093522849,445,9.0,0.18622104823589325,982,81,36,54
217,14.834020093522849,445,2.0,0.4922577738761902,636,254,45,28
238,14.834020093522849,445,2.0,0.41391825675964355,751,308,56,33
244,14.834020093522849,445,2.0,0.7762498259544373,442,373,55,48
268,14.834020093522849,445,5.0,0.5667689442634583,1504,530,504,258
288,14.834020093522849,445,2.0,0.39803093671798706,1771,442,61,32
292,14.834020093522849,445,2.0,0.6925398707389832,1161,468,103,59
316,14.834020093522849,445,2.0,0.7444862127304077,196,727,159,78
317,14.834020093522849,445,2.0,0.7654567360877991,235,829,136,88
7,14.867354970137507,446,9.0,0.1670474261045456,982,81,36,54
217,14.867354970137507,446,2.0,0.5339117646217346,633,253,41,28
238,14.867354970137507,446,2.0,0.31779974699020386,746,307,56,33
244,14.867354970137507,446,2.0,0.6932511329650879,446,378,54,48
268,14.867354970137507,446,6.0,0.5002474784851074,1484,523,491,250
288,14.867354970137507,446,2.0,0.3162873685359955,1769,440,55,31
292,14.867354970137507,446,2.0,0.5881900787353516,1145,461,104,59
316,14.867354970137507,446,2.0,0.7089343070983887,180,729,166,79
317,14.867354970137507,446,2.0,0.7871155738830566,230,831,147,92
326,14.867354970137507,446,2.0,0.46646156907081604,1903,547,30,31
7,14.900689846752165,447,9.0,0.17217810451984406,982,81,36,54
217,14.900689846752165,447,2.0,0.31654709577560425,629,254,39,26
238,14.900689846752165,447,2.0,0.34362128376960754,741,305,52,32
244,14.900689846752165,447,2.0,0.6775009036064148,451,382,57,48
268,14.900689846752165,447,6.0,0.512990415096283,1468,515,481,242
288,14.900689846752165,447,2.0,0.1344488561153412,1768,439,50,29
292,14.900689846752165,447,2.0,0.5074607133865356,1130,455,100,58
316,14.900689846752165,447,2.0,0.7568310499191284,164,729,170,80
317,14.900689846752165,447,2.0,0.8174367547035217,224,832,157,90
326,14.900689846752165,447,2.0,0.5069692134857178,1901,547,34,34
7,14.934024723366823,448,9.0,0.1539105921983719,982,81,36,54
217,14.934024723366823,448,2.0,0.391433447599411,626,252,40,31
238,14.934024723366823,448,2.0,0.19151897728443146,736,301,51,34
244,14.934024723366823,448,2.0,0.6758529543876648,455,385,59,52
268,14.934024723366823,448,6.0,0.4190463125705719,1451,508,473,239
288,14.934024723366823,448,2.0,0.11881235986948013,1765,439,45,29
292,14.934024723366823,448,2.0,0.5980201363563538,1116,449,100,56
316,14.934024723366823,448,2.0,0.7555806040763855,147,731,176,79
317,14.934024723366823,448,2.0,0.8173137903213501,218,832,167,90
326,14.934024723366823,448,2.0,0.6252461671829224,1898,548,41,38
331,14.934024723366823,448,2.0,0.7468516826629639,1851,786,134,108
332,14.934024723366823,448,5.0,0.387198269367218,1453,509,471,239
7,14.967359599981481,449,9.0,0.15648934245109558,982,81,36,54
217,14.967359599981481,449,2.0,0.3757532238960266,622,250,41,32
238,14.967359599981481,449,2.0,0.23458106815814972,730,299,51,35
244,14.967359599981481,449,2.0,0.7204541563987732,459,390,60,54
268,14.967359599981481,449,5.0,0.3084084689617157,1435,502,464,236
288,14.967359599981481,449,2.0,0.14127770066261292,1762,438,40,29
292,14.967359599981481,449,2.0,0.6432062983512878,1102,443,97,56
316,14.967359599981481,449,2.0,0.8060103058815002,127,732,175,78
317,14.967359599981481,449,2.0,0.7936524748802185,213,833,175,92
326,14.967359599981481,449,2.0,0.5551415681838989,1894,548,48,39
331,14.967359599981481,449,2.0,0.7413418889045715,1836,775,165,106
332,14.967359599981481,449,7.0,0.16161580383777618,1439,504,464,237
336,14.967359599981481,449,2.0,0.36885225772857666,315,251,36,28
337,14.967359599981481,449,2.0,0.4625967741012573,268,258,33,25
7,15.00069447659614,450,9.0,0.14836393296718597,982,81,36,54
217,15.00069447659614,450,2.0,0.47578397393226624,617,249,44,32
238,15.00069447659614,450,2.0,0.32864347100257874,724,296,49,33
244,15.00069447659614,450,2.0,0.6998839974403381,462,395,60,55
268,15.00069447659614,450,5.0,0.2824806272983551,1418,495,453,229
292,15.00069447659614,450,2.0,0.5166147351264954,1088,437,96,57
316,15.00069447659614,450,2.0,0.7741536498069763,110,732,176,76
317,15.00069447659614,450,2.0,0.8284106254577637,206,833,186,94
326,15.00069447659614,450,2.0,0.6609590649604797,1892,548,53,39
331,15.00069447659614,450,2.0,0.7825268507003784,1818,757,200,105
332,15.00069447659614,450,6.0,0.1610821932554245,1421,497,455,226
336,15.00069447659614,450,2.0,0.22149883210659027,317,250,36,27
337,15.00069447659614,450,2.0,0.3778762221336365,268,258,32,25
7,15.034029353210798,451,9.0,0.14972104132175446,982,81,37,53
217,15.034029353210798,451,2.0,0.3708295226097107,613,247,41,30
238,15.034029353210798,451,2.0,0.38146501779556274,720,295,47,33
244,15.034029353210798,451,2.0,0.6871650218963623,467,399,62,57
268,15.034029353210798,451,7.0,0.3392229378223419,1403,490,445,229
292,15.034029353210798,451,2.0,0.5635695457458496,1077,433,94,57
316,15.034029353210798,451,2.0,0.6961520314216614,93,733,177,76
317,15.034029353210798,451,2.0,0.8329778909683228,196,834,189,91
326,15.034029353210798,451,2.0,0.7070368528366089,1890,548,56,39
331,15.034029353210798,451,2.0,0.8461794257164001,1787,739,212,101
337,15.034029353210798,451,2.0,0.6125686168670654,268,260,33,29
339,15.034029353210798,451,2.0,0.40120792388916016,333,330,72,76
7,15.067364229825456,452,9.0,0.16368837654590607,982,81,37,54
217,15.067364229825456,452,2.0,0.31543830037117004,608,246,41,27
238,15.067364229825456,452,2.0,0.3186696171760559,714,294,49,34
244,15.067364229825456,452,2.0,0.7558510303497314,473,403,65,59
268,15.067364229825456,452,7.0,0.35442742705345154,1386,483,437,226
292,15.067364229825456,452,2.0,0.702028214931488,1063,426,93,54
316,15.067364229825456,452,2.0,0.6884113550186157,81,732,163,72
317,15.067364229825456,452,2.0,0.8218901753425598,188,835,191,91
326,15.067364229825456,452,2.0,0.6970402598381042,1889,548,59,40
331,15.067364229825456,452,2.0,0.813686728477478,1750,724,208,100
337,15.067364229825456,452,2.0,0.5568700432777405,269,262,37,32
339,15.067364229825456,452,2.0,0.31002509593963623,335,333,71,75
7,15.100699106440114,453,9.0,0.16597943007946014,982,81,36,55
217,15.100699106440114,453,2.0,0.39095941185951233,606,244,39,27
238,15.100699106440114,453,2.0,0.4722251892089844,710,290,51,34
244,15.100699106440114,453,2.0,0.6826632022857666,476,408,65,62
268,15.100699106440114,453,7.0,0.5543434619903564,1371,476,425,221
292,15.100699106440114,453,2.0,0.6212097406387329,1050,422,90,53
316,15.100699106440114,453,2.0,0.6179999709129333,73,736,147,73
317,15.100699106440114,453,2.0,0.8067143559455872,177,836,195,92
326,15.100699106440114,453,2.0,0.6246008276939392,1887,549,63,41
331,15.100699106440114,453,2.0,0.8203448057174683,1715,709,201,97
337,15.100699106440114,453,2.0,0.6064203977584839,271,263,36,33
339,15.100699106440114,453,2.0,0.4860823452472687,335,334,72,78
336,15.100699106440114,453,2.0,0.4099237024784088,324,255,34,27
7,15.134033983054772,454,9.0,0.15165874361991882,982,81,36,55
217,15.134033983054772,454,2.0,0.3668690025806427,604,244,39,25
238,15.134033983054772,454,2.0,0.39487478137016296,704,288,49,34
244,15.134033983054772,454,2.0,0.7134671211242676,480,413,66,62
268,15.134033983054772,454,7.0,0.3718419075012207,1357,474,416,221
292,15.134033983054772,454,2.0,0.5237324237823486,1037,417,90,51
316,15.134033983054772,454,2.0,0.5256855487823486,64,734,128,66
317,15.134033983054772,454,2.0,0.748858630657196,168,836,196,93
326,15.134033983054772,454,2.0,0.5486865043640137,1886,549,64,41
331,15.134033983054772,454,2.0,0.8074637651443481,1678,694,193,93
337,15.134033983054772,454,2.0,0.539788544178009,273,265,36,33
339,15.134033983054772,454,2.0,0.3968796133995056,339,336,70,82
336,15.134033983054772,454,2.0,0.33348965644836426,325,256,33,27
7,15.16736885966943,455,9.0,0.1523481160402298,982,81,36,55
217,15.16736885966943,455,2.0,0.3746582269668579,601,243,37,26
238,15.16736885966943,455,2.0,0.5482020974159241,699,286,48,31
244,15.16736885966943,455,2.0,0.6558359861373901,486,420,62,61
268,15.16736885966943,455,7.0,0.3939785957336426,1343,469,409,213
292,15.16736885966943,455,2.0,0.5599460005760193,1026,413,87,51
316,15.16736885966943,455,2.0,0.6170951128005981,54,736,108,66
317,15.16736885966943,455,2.0,0.8053209781646729,158,837,198,93
326,15.16736885966943,455,2.0,0.6598601341247559,1884,548,69,43
331,15.16736885966943,455,2.0,0.7915624976158142,1645,679,188,89
337,15.16736885966943,455,2.0,0.6091244220733643,273,266,36,36
339,15.16736885966943,455,2.0,0.4036595821380615,339,339,74,83
336,15.16736885966943,455,2.0,0.35873883962631226,326,258,32,27
7,15.200703736284089,456,9.0,0.1347731351852417,982,81,36,55
217,15.200703736284089,456,2.0,0.1141163632273674,596,240,37,24
238,15.200703736284089,456,2.0,0.46023038029670715,695,284,48,29
244,15.200703736284089,456,2.0,0.6654094457626343,491,426,65,60
268,15.200703736284089,456,7.0,0.387114554643631,1330,462,399,206
292,15.200703736284089,456,2.0,0.4619041383266449,1013,408,86,50
316,15.200703736284089,456,2.0,0.6190487742424011,44,739,89,67
317,15.200703736284089,456,2.0,0.8010326623916626,147,837,199,93
326,15.200703736284089,456,2.0,0.6687822341918945,1882,549,73,43
331,15.200703736284089,456,2.0,0.8089815378189087,1614,666,180,87
337,15.200703736284089,456,2.0,0.41827312111854553,274,268,40,36
339,15.200703736284089,456,2.0,0.3767841160297394,341,342,74,84
336,15.200703736284089,456,2.0,0.3743668794631958,328,259,34,27
7,15.234038612898745,457,9.0,0.1445738673210144,982,81,36,55
217,15.234038612898745,457,2.0,0.16082718968391418,593,239,38,23
238,15.234038612898745,457,2.0,0.3181925117969513,691,283,48,29
244,15.234038612898745,457,2.0,0.7623078227043152,495,431,66,61
268,15.234038612898745,457,7.0,0.45953604578971863,1316,457,390,204
292,15.234038612898745,457,2.0,0.544642448425293,1002,402,82,50
316,15.234038612898745,457,2.0,0.49577417969703674,35,736,71,58
317,15.234038612898745,457,2.0,0.7736979722976685,135,839,198,94
326,15.234038612898745,457,2.0,0.7070194482803345,1879,549,78,43
331,15.234038612898745,457,2.0,0.7494317889213562,1583,652,172,84
337,15.234038612898745,457,2.0,0.4514181613922119,275,271,41,37
339,15.234038612898745,457,2.0,0.3316403925418854,343,345,75,87
336,15.234038612898745,457,2.0,0.44246241450309753,329,260,35,27
343,15.234038612898745,457,5.0,0.35221046209335327,1320,459,391,204
7,15.267373489513403,458,9.0,0.16043385863304138,982,81,36,55
217,15.267373489513403,458,2.0,0.24728204309940338,590,235,37,25
238,15.267373489513403,458,2.0,0.3621889650821686,686,282,46,30
244,15.267373489513403,458,2.0,0.680583655834198,500,436,68,62
268,15.267373489513403,458,7.0,0.29186221957206726,1304,452,383,199
292,15.267373489513403,458,2.0,0.3342260420322418,990,399,83,49
316,15.267373489513403,458,2.0,0.5488829612731934,25,740,51,63
317,15.267373489513403,458,2.0,0.7691152691841125,123,841,200,93
326,15.267373489513403,458,2.0,0.7000468373298645,1875,550,85,43
331,15.267373489513403,458,2.0,0.6834166049957275,1554,640,164,82
337,15.267373489513403,458,2.0,0.23664763569831848,276,273,42,35
339,15.267373489513403,458,7.0,0.21008150279521942,344,348,77,88
336,15.267373489513403,458,2.0,0.4120749533176422,332,261,37,29
7,15.300708366128061,459,9.0,0.18725615739822388,982,81,36,55
217,15.300708366128061,459,2.0,0.4020844101905823,586,234,39,26
238,15.300708366128061,459,2.0,0.1512661576271057,681,281,44,28
244,15.300708366128061,459,2.0,0.7788127660751343,505,443,69,65
268,15.300708366128061,459,7.0,0.28586408495903015,1291,448,375,195
292,15.300708366128061,459,2.0,0.5196922421455383,979,394,80,48
316,15.300708366128061,459,2.0,0.5610024929046631,15,740,30,58
317,15.300708366128061,459,2.0,0.80176842212677,113,843,203,94
326,15.300708366128061,459,2.0,0.6981560587882996,1869,549,88,45
331,15.300708366128061,459,2.0,0.712348222732544,1526,627,160,79
337,15.300708366128061,459,2.0,0.5333907604217529,277,274,43,35
339,15.300708366128061,459,2.0,0.2221614420413971,345,350,80,90
336,15.300708366128061,459,2.0,0.34110647439956665,333,263,37,30
7,15.33404324274272,460,9.0,0.1706920564174652,982,81,36,54
217,15.33404324274272,460,2.0,0.437118262052536,583,234,38,26
238,15.33404324274272,460,2.0,0.1262507289648056,677,279,40,26
244,15.33404324274272,460,2.0,0.7370775938034058,510,449,70,65
268,15.33404324274272,460,7.0,0.4081721603870392,1276,444,364,196
292,15.33404324274272,460,2.0,0.49390941858291626,967,389,80,49
316,15.33404324274272,460,2.0,0.24091549217700958,7,746,15,52
317,15.33404324274272,460,2.0,0.8335135579109192,102,844,204,95
326,15.33404324274272,460,2.0,0.6689117550849915,1863,549,88,45
331,15.33404324274272,460,2.0,0.7731311917304993,1500,616,155,79
337,15.33404324274272,460,2.0,0.6148963570594788,277,274,44,35
339,15.33404324274272,460,2.0,0.1656620353460312,347,354,80,90
336,15.33404324274272,460,2.0,0.4968726634979248,336,266,35,30
7,15.367378119357378,461,9.0,0.16842588782310486,982,81,36,54
217,15.367378119357378,461,2.0,0.34933850169181824,580,233,36,25
244,15.367378119357378,461,2.0,0.7118052840232849,518,456,70,65
268,15.367378119357378,461,5.0,0.46267813444137573,1261,439,363,195
292,15.367378119357378,461,2.0,0.5778318047523499,958,385,79,49
317,15.367378119357378,461,2.0,0.7889208197593689,97,844,194,93
326,15.367378119357378,461,2.0,0.6645428538322449,1857,550,91,45
331,15.367378119357378,461,2.0,0.8381720781326294,1475,606,149,75
337,15.367378119357378,461,2.0,0.6636163592338562,278,275,44,37
339,15.367378119357378,461,2.0,0.2777518332004547,349,357,84,92
336,15.367378119357378,461,2.0,0.48352909088134766,337,269,36,29
7,15.400712995972036,462,9.0,0.16763941943645477,982,81,36,54
217,15.400712995972036,462,2.0,0.3560755252838135,577,233,34,26
244,15.400712995972036,462,2.0,0.7584047317504883,524,461,73,67
268,15.400712995972036,462,7.0,0.28707557916641235,1249,435,364,192
292,15.400712995972036,462,2.0,0.7224938869476318,948,380,77,49
317,15.400712995972036,462,2.0,0.7900063395500183,91,846,183,92
326,15.400712995972036,462,2.0,0.7396709322929382,1853,551,90,44
331,15.400712995972036,462,2.0,0.7129255533218384,1449,598,147,80
337,15.400712995972036,462,2.0,0.5642117857933044,280,277,45,33
339,15.400712995972036,462,7.0,0.17220555245876312,351,360,87,94
336,15.400712995972036,462,2.0,0.5575644373893738,339,271,36,28
7,15.434047872586694,463,9.0,0.16829383373260498,982,81,36,54
217,15.434047872586694,463,2.0,0.24092578887939453,574,233,34,26
244,15.434047872586694,463,2.0,0.8070293068885803,529,469,73,67
268,15.434047872586694,463,7.0,0.31338509917259216,1240,431,353,190
292,15.434047872586694,463,2.0,0.4808517098426819,939,375,77,52
317,15.434047872586694,463,2.0,0.8194253444671631,86,848,172,94
326,15.434047872586694,463,2.0,0.7278918027877808,1848,552,92,44
331,15.434047872586694,463,2.0,0.7559158205986023,1424,582,145,71
337,15.434047872586694,463,2.0,0.7580393552780151,280,279,45,34
339,15.434047872586694,463,2.0,0.21671295166015625,353,364,86,97
336,15.434047872586694,463,2.0,0.6431934237480164,340,273,38,28
7,15.467382749201352,464,9.0,0.1591557413339615,982,81,36,54
217,15.467382749201352,464,2.0,0.11289536952972412,572,232,35,26
244,15.467382749201352,464,2.0,0.7275866270065308,536,476,74,70
268,15.467382749201352,464,7.0,0.5116258263587952,1228,426,344,187
292,15.467382749201352,464,2.0,0.554733157157898,930,371,75,53
317,15.467382749201352,464,2.0,0.7691345810890198,81,846,162,86
326,15.467382749201352,464,2.0,0.7448092103004456,1843,552,91,44
331,15.467382749201352,464,2.0,0.766916811466217,1402,572,141,68
337,15.467382749201352,464,2.0,0.6556351780891418,281,281,47,36
339,15.467382749201352,464,7.0,0.27608609199523926,356,367,83,96
336,15.467382749201352,464,2.0,0.5344440340995789,342,274,38,27
349,15.467382749201352,464,5.0,0.43472984433174133,1230,426,349,188
7,15.50071762581601,465,9.0,0.14909251034259796,982,81,36,54
244,15.50071762581601,465,2.0,0.7064594626426697,544,482,75,73
268,15.50071762581601,465,7.0,0.3625527620315552,1220,421,333,184
292,15.50071762581601,465,2.0,0.5616875290870667,921,368,73,49
317,15.50071762581601,465,2.0,0.7851055860519409,75,845,150,83
326,15.50071762581601,465,2.0,0.7416834831237793,1838,552,92,44
331,15.50071762581601,465,2.0,0.7762115001678467,1380,562,134,67
337,15.50071762581601,465,2.0,0.7465201616287231,282,282,47,36
339,15.50071762581601,465,7.0,0.31358909606933594,360,370,87,98
336,15.50071762581601,465,2.0,0.5073601603507996,342,275,39,28
7,15.534052502430669,466,9.0,0.15805375576019287,982,81,36,54
244,15.534052502430669,466,2.0,0.7812344431877136,551,490,79,74
268,15.534052502430669,466,7.0,0.28073516488075256,1207,417,330,181
292,15.534052502430669,466,2.0,0.3489650785923004,911,364,71,47
317,15.534052502430669,466,2.0,0.7092785835266113,70,847,140,82
326,15.534052502430669,466,2.0,0.7649452686309814,1832,553,93,45
331,15.534052502430669,466,2.0,0.7881188988685608,1357,554,135,69
337,15.534052502430669,466,2.0,0.5638968348503113,285,284,49,38
339,15.534052502430669,466,7.0,0.34680676460266113,363,376,87,102
336,15.534052502430669,466,2.0,0.3518397808074951,346,277,39,27
7,15.567387379045327,467,9.0,0.1380559206008911,982,81,36,54
244,15.567387379045327,467,2.0,0.6832430362701416,558,498,83,75
268,15.567387379045327,467,7.0,0.49149829149246216,1194,413,329,177
292,15.567387379045327,467,2.0,0.512699544429779,902,362,70,46
317,15.567387379045327,467,2.0,0.7468982338905334,64,848,128,82
326,15.567387379045327,467,2.0,0.7254222631454468,1827,553,92,46
331,15.567387379045327,467,2.0,0.6594387888908386,1335,547,129,70
337,15.567387379045327,467,2.0,0.6019476056098938,288,286,49,39
339,15.567387379045327,467,7.0,0.38494694232940674,366,381,90,102
336,15.567387379045327,467,2.0,0.4896298050880432,348,279,38,27
7,15.600722255659985,468,9.0,0.14780713617801666,982,81,36,54
244,15.600722255659985,468,2.0,0.6974165439605713,565,506,83,79
268,15.600722255659985,468,7.0,0.5250237584114075,1185,409,319,174
292,15.600722255659985,468,2.0,0.5881466269493103,894,359,72,42
317,15.600722255659985,468,2.0,0.6171066164970398,58,849,117,83
326,15.600722255659985,468,2.0,0.7601766586303711,1822,554,93,48
331,15.600722255659985,468,2.0,0.5919960141181946,1315,538,127,66
337,15.600722255659985,468,2.0,0.5439049005508423,289,289,46,40
339,15.600722255659985,468,7.0,0.5234724283218384,368,384,93,103
336,15.600722255659985,468,2.0,0.5530157089233398,349,280,40,26
7,15.634057132274643,469,9.0,0.15619951486587524,982,81,36,54
244,15.634057132274643,469,2.0,0.7139063477516174,573,515,84,81
268,15.634057132274643,469,7.0,0.5276554822921753,1174,405,313,172
292,15.634057132274643,469,2.0,0.6463034749031067,885,355,70,40
317,15.634057132274643,469,2.0,0.5130709409713745,53,851,107,84
326,15.634057132274643,469,2.0,0.76043301820755,1817,554,92,48
331,15.634057132274643,469,2.0,0.6795970797538757,1296,530,125,67
337,15.634057132274643,469,2.0,0.5660213232040405,290,290,46,41
339,15.634057132274643,469,7.0,0.4697338044643402,371,388,95,104
336,15.634057132274643,469,2.0,0.5951555371284485,351,282,39,26
7,15.667392008889301,470,9.0,0.13982412219047546,982,81,36,54
244,15.667392008889301,470,2.0,0.6371403932571411,581,523,87,81
268,15.667392008889301,470,7.0,0.5350172519683838,1162,401,311,169
292,15.667392008889301,470,2.0,0.42890486121177673,876,352,69,43
317,15.667392008889301,470,2.0,0.5996687412261963,48,852,96,83
326,15.667392008889301,470,2.0,0.7907819151878357,1811,554,93,47
331,15.667392008889301,470,2.0,0.5640586018562317,1277,522,123,66
337,15.667392008889301,470,2.0,0.5162651538848877,291,291,46,41
339,15.667392008889301,470,7.0,0.4820919334888458,374,390,99,107
336,15.667392008889301,470,2.0,0.6270084977149963,353,283,39,27
7,15.70072688550396,471,9.0,0.1541663557291031,982,81,36,54
244,15.70072688550396,471,2.0,0.7184844613075256,590,531,92,84
268,15.70072688550396,471,7.0,0.5140501260757446,1150,399,309,166
292,15.70072688550396,471,2.0,0.3617808520793915,868,349,67,44
317,15.70072688550396,471,2.0,0.5650385618209839,43,853,87,82
326,15.70072688550396,471,2.0,0.8357817530632019,1805,555,91,48
331,15.70072688550396,471,2.0,0.4740695059299469,1260,513,118,64
337,15.70072688550396,471,2.0,0.4630441963672638,291,292,46,41
339,15.70072688550396,471,7.0,0.5041309595108032,375,395,101,111
336,15.70072688550396,471,2.0,0.6131329536437988,357,286,40,29
7,15.734061762118618,472,9.0,0.15123897790908813,982,81,36,54
244,15.734061762118618,472,2.0,0.7273082733154297,599,541,94,86
268,15.734061762118618,472,7.0,0.5982333421707153,1141,395,303,165
292,15.734061762118618,472,2.0,0.4623737335205078,860,345,67,46
317,15.734061762118618,472,7.0,0.44404157996177673,38,852,76,89
326,15.734061762118618,472,2.0,0.8257353901863098,1800,556,93,50
331,15.734061762118618,472,2.0,0.611717939376831,1242,506,114,61
337,15.734061762118618,472,2.0,0.3507944345474243,291,295,50,41
339,15.734061762118618,472,7.0,0.5447030067443848,377,400,104,114
336,15.734061762118618,472,2.0,0.6014033555984497,360,290,40,32
356,15.734061762118618,472,5.0,0.37994441390037537,1143,396,306,165
7,15.767396638733276,473,9.0,0.14114217460155487,982,81,36,54
244,15.767396638733276,473,2.0,0.7723215818405151,608,551,97,88
268,15.767396638733276,473,5.0,0.47733718156814575,1129,392,299,168
292,15.767396638733276,473,2.0,0.4511250853538513,852,342,66,45
317,15.767396638733276,473,2.0,0.4575270414352417,31,856,63,89
326,15.767396638733276,473,2.0,0.8009812831878662,1795,557,93,51
331,15.767396638733276,473,2.0,0.4345055818557739,1224,500,111,59
337,15.767396638733276,473,2.0,0.48610973358154297,295,297,49,40
339,15.767396638733276,473,7.0,0.42295005917549133,380,404,104,117
336,15.767396638733276,473,2.0,0.6195414066314697,362,292,40,33
356,15.767396638733276,473,7.0,0.25499945878982544,1133,395,302,172
7,15.800731515347934,474,9.0,0.13267678022384644,982,81,36,54
244,15.800731515347934,474,2.0,0.7159264087677002,618,562,98,91
268,15.800731515347934,474,7.0,0.5500961542129517,1117,391,296,168
292,15.800731515347934,474,2.0,0.466123104095459,843,339,64,43
317,15.800731515347934,474,2.0,0.5658592581748962,26,856,53,89
326,15.800731515347934,474,2.0,0.7808825373649597,1789,557,96,52
331,15.800731515347934,474,2.0,0.4464516043663025,1207,492,108,60
337,15.800731515347934,474,2.0,0.5346630811691284,296,298,51,43
339,15.800731515347934,474,7.0,0.4053986072540283,383,409,104,116
336,15.800731515347934,474,2.0,0.6038357615470886,363,295,42,33
356,15.800731515347934,474,5.0,0.26969605684280396,1122,390,299,166
358,15.800731515347934,474,2.0,0.7867148518562317,1876,730,85,77
359,15.800731515347934,474,2.0,0.4690178632736206,1658,414,51,25
7,15.834066391962592,475,9.0,0.15111452341079712,982,81,36,54
244,15.834066391962592,475,2.0,0.7661073803901672,628,572,102,93
268,15.834066391962592,475,7.0,0.4492017328739166,1108,394,289,178
292,15.834066391962592,475,2.0,0.6198540925979614,836,335,63,40
317,15.834066391962592,475,2.0,0.38803496956825256,20,855,41,82
326,15.834066391962592,475,2.0,0.7978804707527161,1783,557,98,51
331,15.834066391962592,475,2.0,0.46532297134399414,1190,483,109,60
337,15.834066391962592,475,2.0,0.5631484985351562,297,300,51,43
339,15.834066391962592,475,7.0,0.4050430357456207,386,413,103,117
336,15.834066391962592,475,2.0,0.6578793525695801,365,297,41,32
356,15.834066391962592,475,5.0,0.2693088948726654,1114,385,296,158
358,15.834066391962592,475,2.0,0.7510848045349121,1865,725,107,86
359,15.834066391962592,475,2.0,0.10962653905153275,1649,414,65,28
7,15.86740126857725,476,9.0,0.1404252052307129,982,81,36,54
244,15.86740126857725,476,2.0,0.7965670824050903,639,583,104,97
268,15.86740126857725,476,7.0,0.2636156976222992,1102,387,279,168
292,15.86740126857725,476,2.0,0.5706736445426941,830,333,62,38
317,15.86740126857725,476,2.0,0.38571780920028687,15,855,30,76
326,15.86740126857725,476,2.0,0.8004505634307861,1777,557,97,52
331,15.86740126857725,476,2.0,0.5039090514183044,1175,477,106,56
337,15.86740126857725,476,2.0,0.6369355320930481,298,301,51,44
339,15.86740126857725,476,7.0,0.5108446478843689,390,417,107,119
336,15.86740126857725,476,2.0,0.5715311765670776,367,299,42,32
356,15.86740126857725,476,5.0,0.26110899448394775,1104,382,285,158
358,15.86740126857725,476,2.0,0.8136163353919983,1851,720,134,95
359,15.86740126857725,476,2.0,0.41749781370162964,1652,413,53,24
7,15.900736145191908,477,9.0,0.152633935213089,982,81,36,54
244,15.900736145191908,477,2.0,0.7706193923950195,649,594,109,99
268,15.900736145191908,477,7.0,0.4278930127620697,1097,393,266,186
292,15.900736145191908,477,2.0,0.5436933636665344,822,330,61,42
317,15.900736145191908,477,2.0,0.30640706419944763,9,854,19,72
326,15.900736145191908,477,2.0,0.7785196304321289,1771,558,96,53
331,15.900736145191908,477,2.0,0.3126465976238251,1158,470,103,58
337,15.900736145191908,477,2.0,0.664230465888977,300,303,51,43
339,15.900736145191908,477,7.0,0.42755287885665894,394,423,107,122
336,15.900736145191908,477,2.0,0.5240412354469299,369,301,44,34
356,15.900736145191908,477,5.0,0.2500927150249481,1095,388,276,172
358,15.900736145191908,477,2.0,0.8024435043334961,1838,711,161,94
359,15.900736145191908,477,2.0,0.3831899166107178,1646,412,59,24
7,15.934071021806565,478,9.0,0.14739593863487244,982,81,36,54
244,15.934071021806565,478,2.0,0.7154502272605896,661,605,109,103
268,15.934071021806565,478,7.0,0.5295161604881287,1086,391,262,191
292,15.934071021806565,478,2.0,0.5041323900222778,815,326,62,46
326,15.934071021806565,478,2.0,0.7934670448303223,1766,559,96,54
331,15.934071021806565,478,7.0,0.2514234483242035,1142,463,104,57
337,15.934071021806565,478,2.0,0.6520928144454956,301,305,50,45
339,15.934071021806565,478,7.0,0.4945933520793915,397,428,110,125
336,15.934071021806565,478,2.0,0.5562270283699036,371,303,43,32
358,15.934071021806565,478,2.0,0.8412907123565674,1824,699,187,94
359,15.934071021806565,478,2.0,0.31233271956443787,1641,410,62,26
7,15.967405898421223,479,9.0,0.1616753786802292,982,81,36,55
244,15.967405898421223,479,2.0,0.7681163549423218,673,617,114,105
268,15.967405898421223,479,7.0,0.2877415120601654,1074,384,266,183
292,15.967405898421223,479,2.0,0.49124473333358765,808,324,62,45
326,15.967405898421223,479,2.0,0.7597062587738037,1762,559,96,53
331,15.967405898421223,479,2.0,0.34758424758911133,1129,457,100,57
337,15.967405898421223,479,2.0,0.7319426536560059,303,308,52,44
339,15.967405898421223,479,7.0,0.38614118099212646,400,434,112,126
336,15.967405898421223,479,2.0,0.5642890930175781,373,304,43,32
358,15.967405898421223,479,2.0,0.8474952578544617,1803,687,195,92
359,15.967405898421223,479,2.0,0.3391997516155243,1636,409,60,27
7,16.000740775035883,480,9.0,0.15094222128391266,982,81,36,55
244,16.000740775035883,480,2.0,0.8255683183670044,686,630,116,107
268,16.000740775035883,480,7.0,0.27542844414711,1067,371,260,159
292,16.000740775035883,480,2.0,0.4065389037132263,801,321,61,39
326,16.000740775035883,480,2.0,0.8177860379219055,1756,560,96,52
331,16.000740775035883,480,2.0,0.5461030602455139,1113,448,97,61
337,16.000740775035883,480,2.0,0.6941777467727661,305,310,54,46
339,16.000740775035883,480,7.0,0.3994295299053192,404,439,114,126
336,16.000740775035883,480,2.0,0.7137534022331238,375,306,45,32
358,16.000740775035883,480,2.0,0.8525488972663879,1778,677,195,86
359,16.000740775035883,480,2.0,0.3330721855163574,1634,409,56,27
7,16.03407565165054,481,9.0,0.1938447803258896,982,81,36,55
244,16.03407565165054,481,2.0,0.8271879553794861,698,644,118,111
268,16.03407565165054,481,5.0,0.3122936189174652,1059,372,259,166
292,16.03407565165054,481,2.0,0.33736446499824524,794,318,60,41
326,16.03407565165054,481,2.0,0.8007081747055054,1750,561,94,52
331,16.03407565165054,481,2.0,0.4541490077972412,1099,444,98,57
337,16.03407565165054,481,2.0,0.6646549105644226,306,312,56,49
339,16.03407565165054,481,5.0,0.5990005135536194,407,445,116,130
336,16.03407565165054,481,2.0,0.747097909450531,378,308,47,31
358,16.03407565165054,481,2.0,0.8046191930770874,1751,666,192,87
359,16.03407565165054,481,2.0,0.14836598932743073,1625,409,66,28
7,16.0674105282652,482,9.0,0.2043929249048233,982,81,37,55
244,16.0674105282652,482,2.0,0.7649651765823364,713,657,122,115
268,16.0674105282652,482,5.0,0.5128507614135742,1048,369,260,162
292,16.0674105282652,482,2.0,0.45012617111206055,787,314,60,40
326,16.0674105282652,482,2.0,0.8125172257423401,1745,562,93,49
331,16.0674105282652,482,7.0,0.32196423411369324,1086,436,95,61
337,16.0674105282652,482,2.0,0.47600871324539185,307,314,57,50
339,16.0674105282652,482,5.0,0.4939890503883362,411,450,119,132
336,16.0674105282652,482,2.0,0.6992407441139221,381,311,46,33
358,16.0674105282652,482,2.0,0.7963710427284241,1726,655,184,83
359,16.0674105282652,482,2.0,0.14664320647716522,1622,408,68,28
365,16.0674105282652,482,7.0,0.3815852105617523,1050,363,261,148
7,16.100745404879856,483,9.0,0.19074124097824097,982,81,36,55
244,16.100745404879856,483,2.0,0.8243128061294556,727,672,127,117
268,16.100745404879856,483,5.0,0.5981570482254028,1040,359,261,146
292,16.100745404879856,483,2.0,0.5759742259979248,782,311,58,40
326,16.100745404879856,483,2.0,0.7562918066978455,1739,562,94,48
331,16.100745404879856,483,2.0,0.4559912383556366,1072,430,94,62
337,16.100745404879856,483,2.0,0.5615836977958679,309,316,55,50
339,16.100745404879856,483,5.0,0.4847049415111542,414,454,118,135
336,16.100745404879856,483,2.0,0.7227303981781006,384,314,46,35
358,16.100745404879856,483,2.0,0.8191369771957397,1701,646,179,82
365,16.100745404879856,483,7.0,0.4219341576099396,1043,355,259,135
7,16.134080281494516,484,9.0,0.18913087248802185,982,81,37,55
244,16.134080281494516,484,2.0,0.8853468298912048,742,688,131,121
268,16.134080281494516,484,5.0,0.5384189486503601,1032,355,256,142
292,16.134080281494516,484,2.0,0.5082488059997559,774,311,56,37
326,16.134080281494516,484,2.0,0.7265857458114624,1734,561,94,47
331,16.134080281494516,484,2.0,0.6295662522315979,1059,425,93,58
337,16.134080281494516,484,2.0,0.6179614663124084,311,320,57,50
339,16.134080281494516,484,5.0,0.4514235556125641,418,461,121,140
336,16.134080281494516,484,2.0,0.6934352517127991,386,317,47,36
358,16.134080281494516,484,2.0,0.8563718795776367,1677,637,174,79
365,16.134080281494516,484,7.0,0.3107113242149353,1034,353,249,130
7,16.167415158109172,485,9.0,0.20422206819057465,982,81,37,55
244,16.167415158109172,485,2.0,0.7878177165985107,758,704,138,125
268,16.167415158109172,485,5.0,0.5415729284286499,1023,358,253,153
292,16.167415158109172,485,2.0,0.44308358430862427,768,310,56,37
326,16.167415158109172,485,2.0,0.7662948369979858,1730,563,89,47
331,16.167415158109172,485,2.0,0.48236149549484253,1047,423,92,54
337,16.167415158109172,485,2.0,0.6754456162452698,312,323,56,48
339,16.167415158109172,485,7.0,0.4620579183101654,422,468,123,145
336,16.167415158109172,485,2.0,0.7079620361328125,390,320,49,35
358,16.167415158109172,485,2.0,0.8574318885803223,1654,627,170,78
365,16.167415158109172,485,7.0,0.38584551215171814,1025,359,247,145
371,16.167415158109172,485,2.0,0.48700079321861267,270,254,30,25
359,16.167415158109172,485,2.0,0.34750401973724365,1609,405,65,27
7,16.200750034723832,486,9.0,0.20590679347515106,982,81,36,55
244,16.200750034723832,486,2.0,0.7994190454483032,775,721,140,127
268,16.200750034723832,486,5.0,0.6449751257896423,1015,357,247,156
292,16.200750034723832,486,2.0,0.4782794415950775,762,309,56,36
326,16.200750034723832,486,2.0,0.6996463537216187,1727,564,84,45
331,16.200750034723832,486,2.0,0.15138128399848938,1035,419,88,50
337,16.200750034723832,486,2.0,0.6691495180130005,313,325,56,47
339,16.200750034723832,486,7.0,0.3978988826274872,426,475,125,146
336,16.200750034723832,486,2.0,0.6876044273376465,393,323,49,36
358,16.200750034723832,486,2.0,0.8308596014976501,1631,618,165,76
365,16.200750034723832,486,7.0,0.400176465511322,1017,358,246,152
371,16.200750034723832,486,2.0,0.5849046111106873,271,255,32,25
359,16.200750034723832,486,2.0,0.31521841883659363,1609,404,60,25
7,16.23408491133849,487,9.0,0.22324985265731812,982,81,36,55
244,16.23408491133849,487,2.0,0.8281092047691345,791,740,145,134
268,16.23408491133849,487,5.0,0.5864604115486145,1009,354,247,153
292,16.23408491133849,487,2.0,0.515137791633606,758,305,55,37
326,16.23408491133849,487,2.0,0.7191523313522339,1723,564,79,44
331,16.23408491133849,487,2.0,0.4542480707168579,1025,414,84,51
337,16.23408491133849,487,2.0,0.5936702489852905,314,327,56,48
339,16.23408491133849,487,5.0,0.5123994946479797,430,480,127,149
336,16.23408491133849,487,2.0,0.6528393030166626,395,325,48,35
358,16.23408491133849,487,2.0,0.8022868633270264,1610,611,163,76
365,16.23408491133849,487,7.0,0.2902349531650543,1009,356,248,151
371,16.23408491133849,487,2.0,0.566098153591156,273,256,33,26
359,16.23408491133849,487,2.0,0.23555850982666016,1609,404,54,24
7,16.267419787953145,488,9.0,0.2111026495695114,982,81,36,55
244,16.267419787953145,488,2.0,0.7590895891189575,808,757,149,140
268,16.267419787953145,488,7.0,0.2582413852214813,999,353,243,150
292,16.267419787953145,488,2.0,0.22461234033107758,751,300,56,38
326,16.267419787953145,488,2.0,0.6133326888084412,1719,564,79,44
331,16.267419787953145,488,2.0,0.37324824929237366,1013,407,85,52
337,16.267419787953145,488,2.0,0.6088066697120667,316,329,57,50
339,16.267419787953145,488,7.0,0.38548964262008667,437,487,131,150
336,16.267419787953145,488,2.0,0.6759449243545532,397,328,50,34
358,16.267419787953145,488,2.0,0.8473808765411377,1590,601,151,74
365,16.267419787953145,488,5.0,0.399076372385025,1001,354,246,151
371,16.267419787953145,488,2.0,0.598434329032898,273,257,34,26
359,16.267419787953145,488,2.0,0.23913289606571198,1608,403,51,24
7,16.300754664567805,489,9.0,0.23961491882801056,982,81,36,55
244,16.300754664567805,489,2.0,0.8493481874465942,828,777,153,144
268,16.300754664567805,489,7.0,0.27521833777427673,990,347,240,148
292,16.300754664567805,489,2.0,0.48153403401374817,746,299,57,38
326,16.300754664567805,489,2.0,0.6848305463790894,1712,564,78,44
331,16.300754664567805,489,2.0,0.3569200038909912,1000,402,83,52
337,16.300754664567805,489,2.0,0.6408077478408813,317,332,59,52
339,16.300754664567805,489,5.0,0.4204350709915161,442,494,135,152
336,16.300754664567805,489,2.0,0.772337019443512,400,330,52,34
358,16.300754664567805,489,2.0,0.8072231411933899,1569,594,149,71
365,16.300754664567805,489,5.0,0.4545610547065735,993,348,242,149
371,16.300754664567805,489,2.0,0.6508511304855347,273,258,35,27
359,16.300754664567805,489,2.0,0.2160627394914627,1609,403,44,24
7,16.33408954118246,490,9.0,0.21759198606014252,982,81,36,55
244,16.33408954118246,490,2.0,0.8472468256950378,848,798,161,148
268,16.33408954118246,490,5.0,0.477896124124527,984,344,234,147
292,16.33408954118246,490,2.0,0.38925856351852417,741,298,56,36
326,16.33408954118246,490,2.0,0.7011522650718689,1706,564,78,44
331,16.33408954118246,490,2.0,0.40109750628471375,990,397,85,52
337,16.33408954118246,490,2.0,0.6341057419776917,319,335,60,50
339,16.33408954118246,490,5.0,0.41233280301094055,447,502,136,158
336,16.33408954118246,490,2.0,0.7518421411514282,402,334,53,37
358,16.33408954118246,490,2.0,0.8164939880371094,1550,587,149,72
365,16.33408954118246,490,7.0,0.4981972873210907,985,345,236,147
371,16.33408954118246,490,2.0,0.4326642155647278,274,260,35,27
359,16.33408954118246,490,2.0,0.12958139181137085,1607,403,41,24
374,16.33408954118246,490,7.0,0.4070979058742523,446,502,134,155
7,16.36742441779712,491,9.0,0.2195330262184143,982,81,36,55
244,16.36742441779712,491,2.0,0.8351513743400574,868,820,169,155
268,16.36742441779712,491,5.0,0.4540177583694458,977,342,233,145
292,16.36742441779712,491,2.0,0.4080459177494049,736,295,57,37
326,16.36742441779712,491,2.0,0.6977973580360413,1700,564,79,45
331,16.36742441779712,491,2.0,0.2654332220554352,978,394,81,51
337,16.36742441779712,491,2.0,0.6696273684501648,323,337,58,50
339,16.36742441779712,491,5.0,0.48193666338920593,451,509,137,161
336,16.36742441779712,491,2.0,0.6933497190475464,405,337,51,39
358,16.36742441779712,491,2.0,0.864745020866394,1529,579,144,70
365,16.36742441779712,491,7.0,0.5911118388175964,978,342,234,143
371,16.36742441779712,491,2.0,0.34757083654403687,275,261,35,28
374,16.36742441779712,491,7.0,0.4387272000312805,450,508,136,157
7,16.400759294411777,492,9.0,0.22409623861312866,982,81,36,55
244,16.400759294411777,492,2.0,0.8499641418457031,891,842,174,162
268,16.400759294411777,492,5.0,0.46334749460220337,971,339,230,142
292,16.400759294411777,492,2.0,0.5516558289527893,730,292,53,37
326,16.400759294411777,492,2.0,0.6800944209098816,1696,563,76,43
331,16.400759294411777,492,2.0,0.1007717177271843,970,390,74,47
337,16.400759294411777,492,2.0,0.717962920665741,326,339,58,53
339,16.400759294411777,492,5.0,0.6473320126533508,456,517,140,166
336,16.400759294411777,492,2.0,0.6933085322380066,409,339,50,39
358,16.400759294411777,492,2.0,0.7482236623764038,1511,572,140,69
365,16.400759294411777,492,7.0,0.47637319564819336,972,340,231,142
371,16.400759294411777,492,2.0,0.4766141474246979,276,262,36,29
7,16.434094171026437,493,9.0,0.23834601044654846,982,81,36,55
244,16.434094171026437,493,2.0,0.8567737936973572,915,867,182,169
268,16.434094171026437,493,5.0,0.36592939496040344,964,336,225,140
292,16.434094171026437,493,2.0,0.46702054142951965,723,288,52,38
326,16.434094171026437,493,2.0,0.6525078415870667,1691,561,75,39
331,16.434094171026437,493,2.0,0.1545523703098297,960,386,80,49
337,16.434094171026437,493,2.0,0.6840519905090332,328,341,61,56
339,16.434094171026437,493,7.0,0.49498409032821655,460,524,143,170
336,16.434094171026437,493,2.0,0.7045320868492126,412,342,52,40
358,16.434094171026437,493,2.0,0.7205979824066162,1494,564,137,67
365,16.434094171026437,493,7.0,0.4591164290904999,965,337,224,141
371,16.434094171026437,493,2.0,0.555639386177063,277,264,36,30
7,16.467429047641094,494,9.0,0.24373893439769745,982,81,36,55
244,16.467429047641094,494,2.0,0.8336844444274902,942,893,189,178
268,16.467429047641094,494,5.0,0.4142412841320038,957,333,220,138
292,16.467429047641094,494,2.0,0.43642479181289673,719,287,51,39
326,16.467429047641094,494,2.0,0.6366637945175171,1687,563,70,38
331,16.467429047641094,494,2.0,0.3735843300819397,950,382,78,48
337,16.467429047641094,494,2.0,0.7068226337432861,330,344,60,56
339,16.467429047641094,494,7.0,0.36222225427627563,464,531,145,171
336,16.467429047641094,494,2.0,0.7165704369544983,415,347,54,42
358,16.467429047641094,494,2.0,0.8169240951538086,1474,557,138,64
365,16.467429047641094,494,7.0,0.33218154311180115,957,334,219,137
371,16.467429047641094,494,2.0,0.6102611422538757,278,267,38,29
7,16.500763924255754,495,9.0,0.24593544006347656,982,81,36,55
244,16.500763924255754,495,2.0,0.8298134207725525,968,918,197,179
292,16.500763924255754,495,2.0,0.554239809513092,713,286,53,39
326,16.500763924255754,495,2.0,0.6251994967460632,1682,563,70,36
331,16.500763924255754,495,2.0,0.2123817801475525,939,378,76,47
337,16.500763924255754,495,2.0,0.7281765341758728,333,347,59,55
339,16.500763924255754,495,5.0,0.5319802165031433,471,541,151,177
336,16.500763924255754,495,2.0,0.7288278341293335,420,351,52,40
358,16.500763924255754,495,2.0,0.8096150755882263,1457,551,134,65
371,16.500763924255754,495,2.0,0.4749470055103302,279,270,37,29
380,16.500763924255754,495,2.0,0.6961671710014343,257,716,96,73
7,16.53409880087041,496,9.0,0.23742687702178955,982,81,36,55
244,16.53409880087041,496,2.0,0.7294616103172302,996,942,205,178
292,16.53409880087041,496,2.0,0.6569149494171143,709,285,53,37
326,16.53409880087041,496,2.0,0.550338089466095,1676,562,69,36
331,16.53409880087041,496,2.0,0.3113959729671478,929,374,73,46
337,16.53409880087041,496,2.0,0.720565140247345,334,351,58,55
339,16.53409880087041,496,5.0,0.6733213067054749,477,549,157,181
336,16.53409880087041,496,2.0,0.8020430207252502,423,353,54,38
358,16.53409880087041,496,2.0,0.803758442401886,1439,543,131,63
371,16.53409880087041,496,2.0,0.5929372906684875,280,272,39,28
380,16.53409880087041,496,2.0,0.6693893074989319,248,716,113,76
268,16.53409880087041,496,7.0,0.3969545066356659,948,326,205,131
7,16.56743367748507,497,9.0,0.2413501739501953,982,81,36,55
244,16.56743367748507,497,2.0,0.6509287357330322,1025,974,213,187
292,16.56743367748507,497,2.0,0.5603501796722412,703,283,52,33
326,16.56743367748507,497,2.0,0.5218595266342163,1671,560,67,33
331,16.56743367748507,497,2.0,0.14769701659679413,920,370,72,42
337,16.56743367748507,497,2.0,0.7506114840507507,336,354,59,54
339,16.56743367748507,497,7.0,0.5273314714431763,483,558,160,185
336,16.56743367748507,497,2.0,0.7754441499710083,426,356,55,42
358,16.56743367748507,497,2.0,0.7453187704086304,1422,536,132,63
371,16.56743367748507,497,2.0,0.41237276792526245,282,273,39,27
380,16.56743367748507,497,2.0,0.7357217073440552,238,716,132,80
268,16.56743367748507,497,7.0,0.4539078176021576,946,324,196,131
7,16.600768554099727,498,9.0,0.2446907013654709,982,81,36,55
244,16.600768554099727,498,2.0,0.664694607257843,1065,994,240,170
292,16.600768554099727,498,2.0,0.47363224625587463,698,282,51,32
326,16.600768554099727,498,2.0,0.24592465162277222,1667,561,63,32
337,16.600768554099727,498,2.0,0.7410385012626648,338,357,59,52
339,16.600768554099727,498,7.0,0.642474353313446,489,568,164,189
336,16.600768554099727,498,2.0,0.7799068093299866,430,359,56,43
358,16.600768554099727,498,2.0,0.8072390556335449,1405,530,130,62
371,16.600768554099727,498,2.0,0.43775755167007446,283,274,40,28
380,16.600768554099727,498,2.0,0.767322838306427,228,717,152,81
268,16.600768554099727,498,7.0,0.48845142126083374,936,322,199,132
7,16.634103430714386,499,9.0,0.2348749041557312,982,81,36,55
244,16.634103430714386,499,2.0,0.6454615592956543,1090,1010,219,139
292,16.634103430714386,499,2.0,0.5560401082038879,694,281,49,33
326,16.634103430714386,499,2.0,0.16020482778549194,1665,561,55,31
337,16.634103430714386,499,2.0,0.7114773392677307,339,361,63,53
339,16.634103430714386,499,7.0,0.6037160158157349,497,577,168,195
336,16.634103430714386,499,2.0,0.7778534293174744,434,364,55,44
358,16.634103430714386,499,2.0,0.764004111289978,1389,523,128,61
371,16.634103430714386,499,2.0,0.3178611695766449,285,276,42,28
380,16.634103430714386,499,2.0,0.7693535089492798,219,717,167,85
268,16.634103430714386,499,7.0,0.5301754474639893,928,320,198,128
386,16.634103430714386,499,2.0,0.40488678216934204,1901,608,34,31
7,16.667438307329043,500,9.0,0.23862609267234802,982,81,36,55
244,16.667438307329043,500,2.0,0.24158215522766113,1070,1026,304,106
292,16.667438307329043,500,2.0,0.26410824060440063,690,278,49,36
337,16.667438307329043,500,2.0,0.7421411275863647,342,364,63,55
339,16.667438307329043,500,7.0,0.5910583734512329,503,587,173,200
336,16.667438307329043,500,2.0,0.8091577291488647,437,369,56,43
358,16.667438307329043,500,2.0,0.7593242526054382,1372,517,122,61
371,16.667438307329043,500,2.0,0.4562462866306305,287,277,43,28
380,16.667438307329043,500,2.0,0.7938459515571594,208,720,183,86
268,16.667438307329043,500,7.0,0.5826014280319214,921,318,195,123
386,16.667438307329043,500,2.0,0.46526217460632324,1900,608,36,33
7,16.700773183943703,501,9.0,0.24268800020217896,982,81,36,55
292,16.700773183943703,501,2.0,0.3754349648952484,684,275,48,35
337,16.700773183943703,501,2.0,0.7748041152954102,344,366,65,55
339,16.700773183943703,501,7.0,0.6208057403564453,509,598,177,205
336,16.700773183943703,501,2.0,0.797612726688385,441,373,56,43
358,16.700773183943703,501,2.0,0.7083920836448669,1356,512,121,59
371,16.700773183943703,501,2.0,0.5607485771179199,289,278,41,28
380,16.700773183943703,501,2.0,0.7692788243293762,193,720,193,86
268,16.700773183943703,501,7.0,0.5994551181793213,913,316,193,121
386,16.700773183943703,501,2.0,0.5056889057159424,1899,610,39,38
7,16.73410806055836,502,9.0,0.2529738247394562,982,81,36,55
292,16.73410806055836,502,2.0,0.519719123840332,681,274,46,34
337,16.73410806055836,502,2.0,0.7754841446876526,346,370,67,56
339,16.73410806055836,502,7.0,0.5826918482780457,517,609,181,210
336,16.73410806055836,502,2.0,0.7327027916908264,446,378,57,43
358,16.73410806055836,502,2.0,0.7357599139213562,1343,506,120,59
371,16.73410806055836,502,2.0,0.6016345024108887,289,280,42,29
380,16.73410806055836,502,2.0,0.7275310754776001,175,722,193,85
268,16.73410806055836,502,7.0,0.6422635316848755,907,313,192,118
386,16.73410806055836,502,2.0,0.5147140026092529,1897,610,44,39
7,16.76744293717302,503,9.0,0.22603166103363037,982,81,36,55
292,16.76744293717302,503,2.0,0.4145495295524597,677,272,45,34
337,16.76744293717302,503,2.0,0.726023256778717,347,374,67,57
339,16.76744293717302,503,7.0,0.6523923873901367,525,621,185,219
336,16.76744293717302,503,2.0,0.6801321506500244,450,381,58,44
358,16.76744293717302,503,2.0,0.7735280990600586,1328,500,117,57
371,16.76744293717302,503,2.0,0.5875877141952515,291,282,40,29
380,16.76744293717302,503,2.0,0.7590173482894897,156,723,194,87
268,16.76744293717302,503,7.0,0.6396195888519287,901,311,189,116
386,16.76744293717302,503,2.0,0.6200720071792603,1895,610,47,40
7,16.800777813787676,504,9.0,0.2254512459039688,982,81,36,54
292,16.800777813787676,504,2.0,0.5304303169250488,673,269,44,35
337,16.800777813787676,504,2.0,0.6985943913459778,350,378,66,57
339,16.800777813787676,504,7.0,0.5512913465499878,533,631,190,228
336,16.800777813787676,504,2.0,0.6632720232009888,454,386,61,45
358,16.800777813787676,504,2.0,0.6750503778457642,1313,496,114,56
371,16.800777813787676,504,2.0,0.5526272058486938,291,284,39,29
380,16.800777813787676,504,2.0,0.7593041658401489,138,725,196,85
268,16.800777813787676,504,7.0,0.6513301730155945,895,309,190,114
386,16.800777813787676,504,2.0,0.5560014843940735,1893,609,51,43
393,16.800777813787676,504,5.0,0.43748244643211365,895,309,193,116
394,16.800777813787676,504,5.0,0.5523765683174133,533,630,190,229
7,16.834112690402335,505,9.0,0.21914958953857422,982,81,36,54
292,16.834112690402335,505,2.0,0.42452728748321533,668,266,46,35
337,16.834112690402335,505,2.0,0.7602858543395996,353,381,65,57
339,16.834112690402335,505,7.0,0.5214430689811707,542,643,196,232
336,16.834112690402335,505,2.0,0.6788159608840942,459,389,61,46
358,16.834112690402335,505,2.0,0.7101719379425049,1298,490,113,54
371,16.834112690402335,505,2.0,0.5688410997390747,292,285,38,29
380,16.834112690402335,505,2.0,0.6773435473442078,119,728,196,84
268,16.834112690402335,505,5.0,0.5936276912689209,890,307,184,116
386,16.834112690402335,505,2.0,0.601222038269043,1891,610,55,45
393,16.834112690402335,505,7.0,0.47220689058303833,893,308,183,115
394,16.834112690402335,505,7.0,0.23440462350845337,530,613,175,175
7,16.867447567016992,506,9.0,0.23075401782989502,982,81,36,54
292,16.867447567016992,506,2.0,0.3688995838165283,664,265,45,35
337,16.867447567016992,506,2.0,0.7603247761726379,355,384,66,59
339,16.867447567016992,506,7.0,0.6928579807281494,552,657,203,240
336,16.867447567016992,506,2.0,0.7753466963768005,464,393,62,47
358,16.867447567016992,506,2.0,0.7326021194458008,1284,483,110,56
371,16.867447567016992,506,2.0,0.545533299446106,292,286,38,30
380,16.867447567016992,506,2.0,0.7531852126121521,101,729,192,82
268,16.867447567016992,506,5.0,0.3301583528518677,886,304,178,114
386,16.867447567016992,506,2.0,0.6675854921340942,1889,610,59,46
393,16.867447567016992,506,7.0,0.61715167760849,890,305,174,113
7,16.900782443631652,507,9.0,0.24117054045200348,982,81,36,54
292,16.900782443631652,507,2.0,0.4273661673069,659,262,46,35
337,16.900782443631652,507,2.0,0.7217943668365479,358,387,66,60
339,16.900782443631652,507,7.0,0.6186425089836121,560,670,207,247
336,16.900782443631652,507,2.0,0.6953606605529785,467,398,67,51
358,16.900782443631652,507,2.0,0.567992091178894,1265,477,96,55
371,16.900782443631652,507,2.0,0.5889561176300049,293,287,37,30
380,16.900782443631652,507,2.0,0.7996047139167786,92,729,176,78
268,16.900782443631652,507,5.0,0.622512698173523,878,302,182,112
386,16.900782443631652,507,2.0,0.6392078995704651,1886,611,65,45
393,16.900782443631652,507,7.0,0.45200321078300476,880,303,180,112
7,16.93411732024631,508,9.0,0.239645317196846,982,81,36,54
292,16.93411732024631,508,2.0,0.46823522448539734,655,260,45,33
337,16.93411732024631,508,2.0,0.6913634538650513,360,390,67,62
339,16.93411732024631,508,7.0,0.7145072221755981,568,684,213,254
336,16.93411732024631,508,2.0,0.7790407538414001,472,402,65,53
358,16.93411732024631,508,2.0,0.6967572569847107,1255,472,105,54
371,16.93411732024631,508,2.0,0.5816890597343445,294,290,37,31
380,16.93411732024631,508,2.0,0.756797194480896,81,729,162,75
268,16.93411732024631,508,5.0,0.5965047478675842,873,300,178,109
386,16.93411732024631,508,2.0,0.6770467162132263,1884,611,68,46
393,16.93411732024631,508,7.0,0.26963913440704346,878,302,170,109
7,16.967452196860968,509,9.0,0.22906365990638733,982,81,36,54
292,16.967452196860968,509,2.0,0.46547263860702515,651,260,44,32
337,16.967452196860968,509,2.0,0.6658518314361572,362,395,68,65
339,16.967452196860968,509,7.0,0.5668815970420837,579,699,223,262
336,16.967452196860968,509,2.0,0.7298162579536438,476,406,65,56
358,16.967452196860968,509,2.0,0.7066827416419983,1243,467,107,51
371,16.967452196860968,509,2.0,0.6031322479248047,296,291,37,34
380,16.967452196860968,509,2.0,0.5305450558662415,72,730,144,75
268,16.967452196860968,509,7.0,0.5250729918479919,867,299,174,107
386,16.967452196860968,509,2.0,0.6814862489700317,1882,611,73,45
393,16.967452196860968,509,5.0,0.12255417555570602,869,300,171,106
7,17.000787073475625,510,9.0,0.20686276257038116,982,81,36,54
292,17.000787073475625,510,2.0,0.377353310585022,649,259,43,30
337,17.000787073475625,510,2.0,0.6732535362243652,365,400,71,65
339,17.000787073475625,510,7.0,0.6424074769020081,589,714,227,271
336,17.000787073475625,510,2.0,0.7574094533920288,482,412,62,55
358,17.000787073475625,510,2.0,0.6703377366065979,1230,463,108,51
371,17.000787073475625,510,2.0,0.5068331360816956,298,294,40,33
380,17.000787073475625,510,2.0,0.6081337332725525,62,730,124,76
268,17.000787073475625,510,7.0,0.5185621380805969,862,298,175,105
386,17.000787073475625,510,2.0,0.673999547958374,1880,613,77,44
393,17.000787073475625,510,5.0,0.24350906908512115,863,298,173,107
7,17.03412195009028,511,9.0,0.23277872800827026,982,81,36,54
292,17.03412195009028,511,2.0,0.36367136240005493,644,257,42,28
337,17.03412195009028,511,2.0,0.6922473907470703,367,404,71,64
339,17.03412195009028,511,7.0,0.7385445833206177,600,731,233,282
336,17.03412195009028,511,2.0,0.7441731691360474,487,418,66,53
358,17.03412195009028,511,2.0,0.6488067507743835,1218,457,104,51
371,17.03412195009028,511,2.0,0.46207761764526367,299,297,42,31
380,17.03412195009028,511,2.0,0.6544103026390076,52,731,105,75
268,17.03412195009028,511,7.0,0.5333829522132874,856,296,171,103
386,17.03412195009028,511,2.0,0.6431780457496643,1878,613,81,44
393,17.03412195009028,511,5.0,0.11073274910449982,857,296,169,107
7,17.06745682670494,512,9.0,0.21118509769439697,982,81,36,55
292,17.06745682670494,512,2.0,0.2796907126903534,638,256,43,27
337,17.06745682670494,512,2.0,0.7631381154060364,370,409,70,64
339,17.06745682670494,512,5.0,0.5666982531547546,611,749,241,292
336,17.06745682670494,512,2.0,0.7980195879936218,491,425,67,54
358,17.06745682670494,512,2.0,0.7165573239326477,1205,454,104,51
371,17.06745682670494,512,2.0,0.48739340901374817,301,299,43,31
380,17.06745682670494,512,2.0,0.6201638579368591,42,733,84,73
268,17.06745682670494,512,7.0,0.43162116408348083,851,294,170,102
386,17.06745682670494,512,2.0,0.6248610615730286,1876,614,84,44
393,17.06745682670494,512,5.0,0.27720654010772705,851,294,169,104
7,17.100791703319597,513,9.0,0.22754056751728058,982,81,36,55
292,17.100791703319597,513,2.0,0.34712696075439453,634,255,43,27
337,17.100791703319597,513,2.0,0.7191023230552673,374,413,72,63
339,17.100791703319597,513,7.0,0.7019323706626892,621,766,250,304
336,17.100791703319597,513,2.0,0.7869518995285034,496,430,69,55
358,17.100791703319597,513,2.0,0.6163131594657898,1193,449,99,49
371,17.100791703319597,513,2.0,0.5476670265197754,302,300,42,32
380,17.100791703319597,513,2.0,0.6170616149902344,33,734,67,68
268,17.100791703319597,513,7.0,0.3346395492553711,845,292,170,103
386,17.100791703319597,513,2.0,0.48364701867103577,1874,615,88,44
393,17.100791703319597,513,5.0,0.38069236278533936,845,292,170,104
7,17.134126579934257,514,9.0,0.21786195039749146,982,81,36,55
292,17.134126579934257,514,2.0,0.24242502450942993,631,255,39,28
337,17.134126579934257,514,2.0,0.6910001039505005,377,417,74,64
339,17.134126579934257,514,7.0,0.6667076945304871,634,784,259,318
336,17.134126579934257,514,2.0,0.7661795616149902,501,435,70,57
358,17.134126579934257,514,2.0,0.6470691561698914,1182,443,98,49
371,17.134126579934257,514,2.0,0.6875943541526794,304,302,43,32
380,17.134126579934257,514,2.0,0.6993887424468994,24,736,48,67
268,17.134126579934257,514,7.0,0.5216765403747559,839,290,169,104
386,17.134126579934257,514,2.0,0.626155436038971,1871,615,91,45
393,17.134126579934257,514,5.0,0.31634512543678284,840,290,168,107
7,17.167461456548914,515,9.0,0.21959593892097473,982,81,36,55
292,17.167461456548914,515,2.0,0.22766630351543427,628,254,37,28
337,17.167461456548914,515,2.0,0.7061911821365356,380,421,78,66
339,17.167461456548914,515,7.0,0.5922030210494995,648,803,268,326
336,17.167461456548914,515,2.0,0.7962621450424194,506,441,72,58
358,17.167461456548914,515,2.0,0.6546144485473633,1171,440,95,48
371,17.167461456548914,515,2.0,0.7469578385353088,304,304,43,32
380,17.167461456548914,515,2.0,0.6048646569252014,13,737,26,64
268,17.167461456548914,515,5.0,0.2884320616722107,834,289,162,104
386,17.167461456548914,515,2.0,0.6816750764846802,1867,616,90,46
393,17.167461456548914,515,7.0,0.2449219971895218,835,289,164,103
7,17.200796333163574,516,9.0,0.23523995280265808,982,81,36,55
337,17.200796333163574,516,2.0,0.7013500332832336,383,428,76,68
339,17.200796333163574,516,7.0,0.6112475991249084,663,830,279,353
336,17.200796333163574,516,2.0,0.8317767977714539,511,447,75,59
358,17.200796333163574,516,2.0,0.6002916097640991,1157,434,95,48
371,17.200796333163574,516,2.0,0.8101869225502014,306,305,45,34
268,17.200796333163574,516,5.0,0.24358971416950226,830,287,163,103
386,17.200796333163574,516,2.0,0.6167588829994202,1862,616,87,45
393,17.200796333163574,516,7.0,0.3127605617046356,830,286,163,103
7,17.23413120977823,517,9.0,0.20501255989074707,982,81,36,55
337,17.23413120977823,517,2.0,0.7210736870765686,386,432,77,67
339,17.23413120977823,517,7.0,0.6983720064163208,676,846,289,359
336,17.23413120977823,517,2.0,0.7666572332382202,519,455,75,59
358,17.23413120977823,517,2.0,0.6181546449661255,1147,430,94,47
371,17.23413120977823,517,2.0,0.7521452307701111,309,307,47,33
268,17.23413120977823,517,5.0,0.17363427579402924,827,284,158,104
386,17.23413120977823,517,2.0,0.6249260902404785,1860,616,84,43
393,17.23413120977823,517,7.0,0.2520156800746918,825,284,162,101
400,17.23413120977823,517,2.0,0.5650566220283508,261,774,75,67
7,17.26746608639289,518,9.0,0.2165284901857376,982,81,36,55
337,17.26746608639289,518,2.0,0.7003827095031738,389,436,77,69
339,17.26746608639289,518,7.0,0.6221141219139099,691,867,300,373
336,17.26746608639289,518,2.0,0.7752851247787476,525,461,74,58
358,17.26746608639289,518,2.0,0.6061025857925415,1138,427,89,46
371,17.26746608639289,518,2.0,0.65419602394104,311,310,46,34
268,17.26746608639289,518,5.0,0.23171624541282654,824,283,151,106
386,17.26746608639289,518,2.0,0.5751532316207886,1856,617,83,42
393,17.26746608639289,518,7.0,0.3335926830768585,818,284,163,101
400,17.26746608639289,518,2.0,0.6735600233078003,253,773,91,70
292,17.26746608639289,518,2.0,0.2964489459991455,615,249,44,32
7,17.300800963007546,519,9.0,0.2213970422744751,982,81,36,55
337,17.300800963007546,519,2.0,0.6956598162651062,391,441,80,71
339,17.300800963007546,519,7.0,0.38752496242523193,707,884,311,372
336,17.300800963007546,519,2.0,0.7804247736930847,531,468,76,61
358,17.300800963007546,519,2.0,0.5251013040542603,1130,423,77,46
371,17.300800963007546,519,2.0,0.6065248250961304,312,312,44,37
268,17.300800963007546,519,5.0,0.2664860785007477,820,281,146,104
386,17.300800963007546,519,2.0,0.4964299499988556,1853,617,82,41
393,17.300800963007546,519,7.0,0.28102219104766846,812,281,161,102
400,17.300800963007546,519,2.0,0.6888388991355896,244,774,111,71
292,17.300800963007546,519,2.0,0.4514528512954712,610,247,44,30
7,17.334135839622206,520,9.0,0.20179955661296844,982,81,36,55
337,17.334135839622206,520,2.0,0.6396268010139465,394,445,82,73
339,17.334135839622206,520,7.0,0.5152907371520996,724,897,321,364
336,17.334135839622206,520,2.0,0.7933961153030396,537,474,82,62
358,17.334135839622206,520,2.0,0.4748268723487854,1114,417,87,49
371,17.334135839622206,520,2.0,0.6269801259040833,314,315,43,37
268,17.334135839622206,520,5.0,0.14819243550300598,810,275,157,106
386,17.334135839622206,520,2.0,0.44215258955955505,1853,617,75,40
393,17.334135839622206,520,7.0,0.29249441623687744,806,276,163,101
400,17.334135839622206,520,2.0,0.7017743587493896,234,776,127,69
292,17.334135839622206,520,2.0,0.35534244775772095,606,246,44,29
403,17.334135839622206,520,2.0,0.5453103184700012,751,302,53,33
7,17.367470716236863,521,9.0,0.18850086629390717,982,81,36,55
337,17.367470716236863,521,2.0,0.6239407062530518,398,450,83,74
339,17.367470716236863,521,7.0,0.6445072293281555,743,907,335,345
336,17.367470716236863,521,2.0,0.8085914254188538,545,482,81,62
358,17.367470716236863,521,2.0,0.5913582444190979,1102,414,88,48
371,17.367470716236863,521,2.0,0.5503730177879333,315,318,45,36
386,17.367470716236863,521,2.0,0.4908292591571808,1850,618,73,39
400,17.367470716236863,521,2.0,0.7546133399009705,223,778,145,70
292,17.367470716236863,521,2.0,0.41092637181282043,604,246,41,30
403,17.367470716236863,521,2.0,0.4815562069416046,746,301,52,35
7,17.400805592851523,522,9.0,0.19962626695632935,982,81,36,55
337,17.400805592851523,522,2.0,0.4047585427761078,401,456,83,75
339,17.400805592851523,522,7.0,0.4133840799331665,747,911,320,312
336,17.400805592851523,522,2.0,0.7768592834472656,552,490,83,67
358,17.400805592851523,522,2.0,0.3969937860965729,1092,411,91,45
371,17.400805592851523,522,2.0,0.46788325905799866,316,319,45,36
386,17.400805592851523,522,2.0,0.5352621078491211,1846,619,70,39
400,17.400805592851523,522,2.0,0.8098676204681396,214,781,164,72
292,17.400805592851523,522,2.0,0.45239439606666565,603,245,39,29
403,17.400805592851523,522,2.0,0.31292232871055603,739,297,53,33
7,17.43414046946618,523,9.0,0.18999557197093964,982,81,36,55
337,17.43414046946618,523,2.0,0.3388639986515045,405,462,82,76
339,17.43414046946618,523,7.0,0.4222193658351898,760,924,322,296
336,17.43414046946618,523,2.0,0.7712461352348328,559,497,86,67
358,17.43414046946618,523,2.0,0.3101617395877838,1079,407,89,43
371,17.43414046946618,523,2.0,0.5568759441375732,318,322,44,36
386,17.43414046946618,523,2.0,0.44257718324661255,1842,618,68,38
400,17.43414046946618,523,2.0,0.7949458956718445,204,783,181,76
292,17.43414046946618,523,2.0,0.2448319047689438,600,243,37,28
403,17.43414046946618,523,2.0,0.5584949254989624,735,295,54,33
404,17.43414046946618,523,2.0,0.4903889000415802,1102,410,54,40
268,17.43414046946618,523,7.0,0.3767494261264801,795,273,153,99
7,17.46747534608084,524,9.0,0.1806933879852295,982,81,36,55
337,17.46747534608084,524,2.0,0.4308207035064697,410,468,85,76
339,17.46747534608084,524,7.0,0.615997850894928,775,937,321,281
336,17.46747534608084,524,2.0,0.6985835433006287,567,505,87,66
358,17.46747534608084,524,2.0,0.42832332849502563,1067,404,83,40
371,17.46747534608084,524,2.0,0.5001115798950195,320,325,43,36
386,17.46747534608084,524,2.0,0.5045491456985474,1839,618,66,38
400,17.46747534608084,524,2.0,0.8075248003005981,185,784,181,75
292,17.46747534608084,524,2.0,0.18982452154159546,596,240,35,25
403,17.46747534608084,524,2.0,0.5006387233734131,729,292,52,34
404,17.46747534608084,524,2.0,0.5920798182487488,1091,407,52,37
268,17.46747534608084,524,7.0,0.29955562949180603,791,273,154,95
7,17.500810222695495,525,9.0,0.1796741634607315,982,81,36,55
337,17.500810222695495,525,2.0,0.4376251995563507,413,473,85,76
339,17.500810222695495,525,7.0,0.3763021230697632,787,948,323,261
336,17.500810222695495,525,2.0,0.72491055727005,575,513,88,70
358,17.500810222695495,525,2.0,0.4540560841560364,1061,399,82,39
371,17.500810222695495,525,2.0,0.5324020981788635,321,327,45,36
386,17.500810222695495,525,2.0,0.24980345368385315,1835,617,65,35
400,17.500810222695495,525,2.0,0.8192991614341736,167,785,185,75
292,17.500810222695495,525,2.0,0.1268255114555359,593,237,36,26
403,17.500810222695495,525,2.0,0.263950914144516,723,290,51,36
404,17.500810222695495,525,2.0,0.5633099675178528,1077,403,59,36
268,17.500810222695495,525,7.0,0.2882416546344757,785,274,155,92
7,17.534145099310155,526,9.0,0.1859074980020523,982,81,36,55
337,17.534145099310155,526,2.0,0.3361890912055969,417,479,87,78
336,17.534145099310155,526,2.0,0.7099822759628296,583,522,90,73
358,17.534145099310155,526,2.0,0.5416771173477173,1052,396,82,41
371,17.534145099310155,526,2.0,0.5584502220153809,323,329,45,35
386,17.534145099310155,526,2.0,0.2799413204193115,1830,617,66,34
400,17.534145099310155,526,2.0,0.8297768235206604,148,787,181,73
403,17.534145099310155,526,2.0,0.44464316964149475,718,289,53,37
268,17.534145099310155,526,7.0,0.24783183634281158,778,273,159,92
408,17.534145099310155,526,2.0,0.5265299081802368,1902,578,33,32
7,17.56747997592481,527,9.0,0.17291118204593658,982,81,36,55
337,17.56747997592481,527,2.0,0.5225900411605835,422,486,87,79
336,17.56747997592481,527,2.0,0.7702677845954895,590,531,93,74
358,17.56747997592481,527,2.0,0.5029801726341248,1041,392,81,41
371,17.56747997592481,527,2.0,0.5763294100761414,324,332,46,39
386,17.56747997592481,527,2.0,0.2372847944498062,1828,616,66,33
400,17.56747997592481,527,2.0,0.8154116868972778,130,788,184,71
403,17.56747997592481,527,2.0,0.6168414354324341,714,286,53,39
268,17.56747997592481,527,5.0,0.3530203402042389,782,272,140,91
408,17.56747997592481,527,2.0,0.5547307729721069,1900,578,37,35
7,17.60081485253947,528,9.0,0.1610017865896225,982,81,36,55
337,17.60081485253947,528,2.0,0.3616791069507599,425,493,86,81
336,17.60081485253947,528,2.0,0.7474842071533203,600,540,97,77
358,17.60081485253947,528,2.0,0.3968880772590637,1036,389,75,41
371,17.60081485253947,528,2.0,0.6134265661239624,325,334,46,41
386,17.60081485253947,528,2.0,0.19167156517505646,1826,616,64,32
400,17.60081485253947,528,2.0,0.8565765023231506,110,791,183,72
403,17.60081485253947,528,2.0,0.4798959493637085,708,285,51,36
268,17.60081485253947,528,5.0,0.13009610772132874,779,270,136,87
408,17.60081485253947,528,2.0,0.5562402009963989,1897,577,42,38
7,17.634149729154128,529,9.0,0.16607357561588287,982,81,36,55
337,17.634149729154128,529,2.0,0.33411484956741333,430,498,90,82
336,17.634149729154128,529,2.0,0.709337592124939,609,549,98,78
358,17.634149729154128,529,2.0,0.5237119793891907,1026,385,73,39
371,17.634149729154128,529,2.0,0.6524598598480225,327,336,45,42
400,17.634149729154128,529,2.0,0.7910285592079163,92,793,182,72
403,17.634149729154128,529,2.0,0.49443313479423523,703,283,54,34
268,17.634149729154128,529,5.0,0.14943049848079681,776,270,135,85
408,17.634149729154128,529,2.0,0.4482913613319397,1894,575,48,43
410,17.634149729154128,529,2.0,0.4378286600112915,273,829,63,72
7,17.667484605768788,530,9.0,0.16888654232025146,982,81,36,55
337,17.667484605768788,530,2.0,0.37643754482269287,434,505,90,85
336,17.667484605768788,530,2.0,0.7042074203491211,617,559,99,80
358,17.667484605768788,530,2.0,0.4223119914531708,1017,381,70,39
371,17.667484605768788,530,2.0,0.6558831930160522,329,338,47,43
400,17.667484605768788,530,2.0,0.7913684248924255,83,795,167,73
403,17.667484605768788,530,2.0,0.5787901878356934,698,281,53,33
268,17.667484605768788,530,5.0,0.17097020149230957,769,269,134,83
408,17.667484605768788,530,2.0,0.5185652375221252,1891,575,54,45
410,17.667484605768788,530,2.0,0.6366604566574097,269,827,71,71
7,17.700819482383444,531,9.0,0.17383085191249847,982,81,38,54
337,17.700819482383444,531,2.0,0.47651877999305725,438,512,93,88
336,17.700819482383444,531,2.0,0.7939261794090271,628,569,102,82
358,17.700819482383444,531,2.0,0.40210044384002686,1003,378,76,42
371,17.700819482383444,531,2.0,0.6710656881332397,334,342,52,43
400,17.700819482383444,531,2.0,0.7631925940513611,74,794,148,68
268,17.700819482383444,531,5.0,0.1996062994003296,765,268,134,83
408,17.700819482383444,531,2.0,0.5986529588699341,1889,574,59,49
410,17.700819482383444,531,2.0,0.7232019901275635,264,830,81,76
404,17.700819482383444,531,2.0,0.5524562001228333,1014,379,55,40
7,17.7341543589981,532,9.0,0.15647675096988678,982,81,38,53
337,17.7341543589981,532,2.0,0.5379951596260071,442,520,94,89
336,17.7341543589981,532,2.0,0.7958590984344482,637,581,105,83
358,17.7341543589981,532,2.0,0.4327407777309418,996,374,77,40
371,17.7341543589981,532,2.0,0.7810941338539124,337,345,53,44
400,17.7341543589981,532,2.0,0.7084328532218933,63,795,127,64
268,17.7341543589981,532,5.0,0.2366836667060852,762,267,129,83
408,17.7341543589981,532,2.0,0.5640395879745483,1886,574,64,53
410,17.7341543589981,532,2.0,0.6703284382820129,257,830,91,83
403,17.7341543589981,532,2.0,0.44294118881225586,690,278,53,33
7,17.76748923561276,533,9.0,0.15258854627609253,982,81,37,54
337,17.76748923561276,533,2.0,0.5189361572265625,447,527,98,93
336,17.76748923561276,533,2.0,0.7486527562141418,648,591,108,86
358,17.76748923561276,533,2.0,0.4779415428638458,987,372,72,40
371,17.76748923561276,533,2.0,0.8151744604110718,339,348,51,43
400,17.76748923561276,533,2.0,0.7359534502029419,54,796,108,63
268,17.76748923561276,533,5.0,0.1330515593290329,752,266,141,81
408,17.76748923561276,533,2.0,0.5459890961647034,1884,574,69,55
410,17.76748923561276,533,2.0,0.7049909234046936,252,831,103,92
403,17.76748923561276,533,2.0,0.26527053117752075,686,275,49,30
7,17.800824112227417,534,9.0,0.1361493170261383,982,81,36,54
337,17.800824112227417,534,2.0,0.6516895890235901,453,534,104,95
336,17.800824112227417,534,2.0,0.7429249286651611,659,602,108,89
371,17.800824112227417,534,2.0,0.7816958427429199,340,351,51,41
400,17.800824112227417,534,2.0,0.7289673089981079,44,798,88,64
268,17.800824112227417,534,5.0,0.11124865710735321,743,264,149,79
408,17.800824112227417,534,2.0,0.5329533815383911,1881,572,75,61
410,17.800824112227417,534,2.0,0.7436498999595642,246,831,116,92
403,17.800824112227417,534,2.0,0.4988386332988739,681,272,45,31
404,17.800824112227417,534,2.0,0.49683311581611633,984,369,64,39
7,17.834158988842077,535,9.0,0.1297573745250702,982,81,36,54
337,17.834158988842077,535,2.0,0.6100070476531982,458,542,105,96
336,17.834158988842077,535,2.0,0.7692914009094238,671,615,114,92
371,17.834158988842077,535,2.0,0.8014355301856995,342,356,52,41
400,17.834158988842077,535,2.0,0.7279227375984192,34,799,68,67
268,17.834158988842077,535,5.0,0.17081007361412048,746,258,131,88
408,17.834158988842077,535,2.0,0.39291447401046753,1878,571,82,62
410,17.834158988842077,535,2.0,0.7486280798912048,241,831,125,89
403,17.834158988842077,535,2.0,0.6982004046440125,677,270,44,31
358,17.834158988842077,535,2.0,0.4024870693683624,969,366,76,41
7,17.867493865456733,536,9.0,0.13832202553749084,982,81,36,54
337,17.867493865456733,536,2.0,0.6344261169433594,462,549,105,96
336,17.867493865456733,536,2.0,0.850525438785553,683,627,116,96
371,17.867493865456733,536,2.0,0.7744396328926086,344,359,52,44
400,17.867493865456733,536,2.0,0.6819382309913635,26,801,53,65
268,17.867493865456733,536,5.0,0.11235208809375763,739,254,139,89
408,17.867493865456733,536,2.0,0.4116228222846985,1875,570,88,68
410,17.867493865456733,536,2.0,0.7783660888671875,236,831,136,86
403,17.867493865456733,536,2.0,0.3143787384033203,673,268,42,31
358,17.867493865456733,536,2.0,0.5220441818237305,960,363,80,40
7,17.900828742071393,537,9.0,0.1729055941104889,982,81,36,55
337,17.900828742071393,537,2.0,0.6096677780151367,467,557,107,100
336,17.900828742071393,537,2.0,0.777359127998352,696,639,119,98
371,17.900828742071393,537,2.0,0.6915768980979919,346,361,55,44
400,17.900828742071393,537,2.0,0.42945975065231323,16,803,32,58
268,17.900828742071393,537,5.0,0.16246411204338074,738,251,130,92
408,17.900828742071393,537,2.0,0.3120032548904419,1872,573,93,61
410,17.900828742071393,537,2.0,0.8222670555114746,230,829,147,87
403,17.900828742071393,537,2.0,0.3806919455528259,668,266,43,31
404,17.900828742071393,537,2.0,0.5984916687011719,952,359,71,38
7,17.93416361868605,538,9.0,0.18672306835651398,982,81,37,54
337,17.93416361868605,538,2.0,0.5201966762542725,474,565,112,106
336,17.93416361868605,538,2.0,0.727612316608429,708,653,122,103
371,17.93416361868605,538,2.0,0.7020339369773865,349,364,54,44
400,17.93416361868605,538,2.0,0.12804606556892395,9,807,18,51
268,17.93416361868605,538,5.0,0.1760328710079193,736,251,125,89
408,17.93416361868605,538,2.0,0.4701524078845978,1869,574,99,62
410,17.93416361868605,538,2.0,0.8181537985801697,225,831,157,86
7,17.96749849530071,539,9.0,0.1941474825143814,982,81,36,54
337,17.96749849530071,539,2.0,0.5988653898239136,478,573,113,112
336,17.96749849530071,539,2.0,0.8165313005447388,722,668,126,105
371,17.96749849530071,539,2.0,0.7267204523086548,351,367,54,45
268,17.96749849530071,539,7.0,0.1334226131439209,735,250,120,88
408,17.96749849530071,539,2.0,0.4833064079284668,1862,575,101,59
410,17.96749849530071,539,2.0,0.7973000407218933,218,832,169,86
358,17.96749849530071,539,2.0,0.6486630439758301,936,353,71,34
7,18.000833371915366,540,9.0,0.20267656445503235,982,81,36,55
337,18.000833371915366,540,2.0,0.37572145462036133,484,584,114,110
336,18.000833371915366,540,2.0,0.8203281164169312,736,683,131,108
371,18.000833371915366,540,2.0,0.7253629565238953,353,370,53,46
268,18.000833371915366,540,5.0,0.15566933155059814,732,248,116,93
408,18.000833371915366,540,2.0,0.532795250415802,1857,577,100,56
410,18.000833371915366,540,2.0,0.8411667943000793,214,834,181,88
358,18.000833371915366,540,2.0,0.536037802696228,932,352,69,36
403,18.000833371915366,540,2.0,0.3080660104751587,653,261,39,29
7,18.034168248530026,541,9.0,0.2966460883617401,982,81,37,54
337,18.034168248530026,541,2.0,0.41018831729888916,491,594,118,112
336,18.034168248530026,541,2.0,0.8204526901245117,751,698,137,114
371,18.034168248530026,541,2.0,0.7328442931175232,354,374,54,46
268,18.034168248530026,541,5.0,0.32008880376815796,730,246,113,96
408,18.034168248530026,541,2.0,0.5890230536460876,1852,581,99,54
410,18.034168248530026,541,2.0,0.8192409873008728,208,835,195,87
358,18.034168248530026,541,2.0,0.5895649790763855,920,348,71,38
403,18.034168248530026,541,2.0,0.37645700573921204,649,259,43,29
7,18.067503125144682,542,9.0,0.26833996176719666,982,81,36,55
337,18.067503125144682,542,2.0,0.4416349232196808,498,603,119,113
336,18.067503125144682,542,2.0,0.7610996961593628,767,715,142,117
371,18.067503125144682,542,2.0,0.6822457313537598,356,377,54,48
268,18.067503125144682,542,5.0,0.20020608603954315,726,243,112,92
408,18.067503125144682,542,2.0,0.4012402594089508,1846,583,98,51
410,18.067503125144682,542,2.0,0.8172089457511902,201,836,200,88
358,18.067503125144682,542,2.0,0.4746071994304657,913,346,72,37
403,18.067503125144682,542,2.0,0.2806367576122284,646,258,48,31
422,18.067503125144682,542,2.0,0.6368808150291443,1864,781,109,79
423,18.067503125144682,542,7.0,0.39603421092033386,498,603,117,114
7,18.100838001759342,543,9.0,0.27291154861450195,982,81,36,55
337,18.100838001759342,543,7.0,0.4563002288341522,505,614,120,117
336,18.100838001759342,543,2.0,0.8122329711914062,783,733,146,123
371,18.100838001759342,543,2.0,0.670811116695404,358,380,53,47
268,18.100838001759342,543,5.0,0.3893224895000458,723,243,111,93
408,18.100838001759342,543,2.0,0.5457179546356201,1840,584,97,50
410,18.100838001759342,543,2.0,0.7922528982162476,194,837,210,89
358,18.100838001759342,543,2.0,0.5104984045028687,910,344,63,36
403,18.100838001759342,543,2.0,0.4144442081451416,641,256,50,29
422,18.100838001759342,543,2.0,0.7036721706390381,1849,780,138,104
423,18.100838001759342,543,2.0,0.4092044234275818,505,613,119,116
7,18.134172878374,544,9.0,0.2745213210582733,982,81,36,55
337,18.134172878374,544,2.0,0.511814296245575,511,624,125,120
336,18.134172878374,544,2.0,0.800277590751648,801,749,152,129
371,18.134172878374,544,2.0,0.5799151062965393,361,383,52,51
408,18.134172878374,544,2.0,0.44000133872032166,1833,585,99,50
410,18.134172878374,544,2.0,0.7691699862480164,184,838,210,89
358,18.134172878374,544,2.0,0.39613407850265503,900,341,64,36
403,18.134172878374,544,2.0,0.43942973017692566,638,256,49,29
422,18.134172878374,544,2.0,0.7279616594314575,1831,769,174,111
423,18.134172878374,544,7.0,0.32968080043792725,511,623,127,119
431,18.134172878374,544,2.0,0.3905641436576843,1877,466,70,29
7,18.16750775498866,545,9.0,0.25488024950027466,982,81,36,55
337,18.16750775498866,545,2.0,0.4831830859184265,518,633,128,122
336,18.16750775498866,545,2.0,0.8363972902297974,819,768,160,134
371,18.16750775498866,545,2.0,0.6442290544509888,364,388,54,49
408,18.16750775498866,545,2.0,0.5561557412147522,1827,586,97,47
410,18.16750775498866,545,2.0,0.8050910234451294,172,840,208,88
358,18.16750775498866,545,2.0,0.460781991481781,891,338,61,34
422,18.16750775498866,545,2.0,0.827142596244812,1813,754,207,113
431,18.16750775498866,545,2.0,0.33068665862083435,1872,464,66,29
7,18.200842631603315,546,9.0,0.25130948424339294,982,81,36,55
337,18.200842631603315,546,7.0,0.4721272587776184,526,645,131,127
336,18.200842631603315,546,2.0,0.8391498327255249,840,789,165,138
371,18.200842631603315,546,2.0,0.7030744552612305,366,392,56,45
408,18.200842631603315,546,2.0,0.326253205537796,1821,586,97,50
410,18.200842631603315,546,2.0,0.7840784192085266,160,841,208,89
358,18.200842631603315,546,2.0,0.5911835432052612,885,335,58,35
422,18.200842631603315,546,2.0,0.82644122838974,1782,737,212,106
431,18.200842631603315,546,2.0,0.38938212394714355,1871,461,59,28
435,18.200842631603315,546,2.0,0.3882061541080475,1875,552,87,39
7,18.234177508217975,547,9.0,0.24855411052703857,982,81,36,55
337,18.234177508217975,547,2.0,0.36908188462257385,534,657,134,132
336,18.234177508217975,547,2.0,0.8305861949920654,860,808,171,145
371,18.234177508217975,547,2.0,0.7530999779701233,367,395,56,47
408,18.234177508217975,547,2.0,0.34372347593307495,1816,585,99,52
410,18.234177508217975,547,2.0,0.8232622146606445,149,842,210,90
358,18.234177508217975,547,2.0,0.4897277355194092,876,332,62,34
422,18.234177508217975,547,2.0,0.7327078580856323,1748,721,210,100
431,18.234177508217975,547,2.0,0.23381976783275604,1869,459,55,29
435,18.234177508217975,547,2.0,0.3355623483657837,1871,551,87,39
403,18.234177508217975,547,2.0,0.31656771898269653,625,254,46,27
7,18.26751238483263,548,9.0,0.23554669320583344,982,81,36,55
337,18.26751238483263,548,7.0,0.4141753315925598,542,669,137,138
336,18.26751238483263,548,2.0,0.8346227407455444,881,831,179,152
371,18.26751238483263,548,2.0,0.6540206074714661,369,401,59,50
408,18.26751238483263,548,2.0,0.4766991138458252,1810,587,98,49
410,18.26751238483263,548,2.0,0.7999354600906372,136,843,211,92
358,18.26751238483263,548,2.0,0.4469602406024933,869,330,65,33
422,18.26751238483263,548,2.0,0.8131678700447083,1715,707,205,100
431,18.26751238483263,548,2.0,0.4217057526111603,1856,459,73,30
435,18.26751238483263,548,2.0,0.5007822513580322,1866,553,83,41
403,18.26751238483263,548,2.0,0.40222862362861633,622,254,44,27
7,18.30084726144729,549,9.0,0.22909213602542877,982,81,36,55
337,18.30084726144729,549,2.0,0.5520850419998169,550,682,139,141
336,18.30084726144729,549,2.0,0.7588180899620056,904,853,186,159
371,18.30084726144729,549,2.0,0.6543698906898499,376,406,63,50
408,18.30084726144729,549,2.0,0.6858795881271362,1804,588,97,47
410,18.30084726144729,549,2.0,0.7930240631103516,125,844,211,93
358,18.30084726144729,549,2.0,0.4981114864349365,862,328,65,34
422,18.30084726144729,549,2.0,0.8238304257392883,1680,692,197,96
431,18.30084726144729,549,2.0,0.4003218412399292,1849,458,73,30
435,18.30084726144729,549,2.0,0.5364620685577393,1859,553,84,41
7,18.334182138061948,550,9.0,0.2403680980205536,982,81,36,55
337,18.334182138061948,550,2.0,0.49191975593566895,558,697,145,145
336,18.334182138061948,550,2.0,0.8468468189239502,926,879,193,168
371,18.334182138061948,550,2.0,0.7106520533561707,379,409,64,51
408,18.334182138061948,550,2.0,0.7237827181816101,1798,589,95,48
410,18.334182138061948,550,2.0,0.8468879461288452,114,846,211,93
358,18.334182138061948,550,2.0,0.43753406405448914,856,326,60,33
422,18.334182138061948,550,2.0,0.8258265852928162,1648,677,191,91
431,18.334182138061948,550,2.0,0.4364156126976013,1842,457,72,31
435,18.334182138061948,550,2.0,0.5879560708999634,1855,553,84,41
268,18.334182138061948,550,7.0,0.30380621552467346,700,237,109,86
403,18.334182138061948,550,2.0,0.27318015694618225,614,249,44,29
7,18.367517014676608,551,9.0,0.2708495855331421,982,81,36,55
337,18.367517014676608,551,2.0,0.4852187931537628,568,710,153,149
336,18.367517014676608,551,2.0,0.8666669130325317,952,904,200,173
371,18.367517014676608,551,2.0,0.7447406053543091,382,414,64,53
408,18.367517014676608,551,2.0,0.6034325957298279,1793,589,96,47
410,18.367517014676608,551,2.0,0.8665664196014404,106,848,212,92
358,18.367517014676608,551,2.0,0.4200907051563263,850,324,58,32
422,18.367517014676608,551,2.0,0.7559320330619812,1617,665,183,88
431,18.367517014676608,551,2.0,0.23695893585681915,1834,454,75,28
435,18.367517014676608,551,2.0,0.46045663952827454,1850,554,83,41
268,18.367517014676608,551,7.0,0.20506618916988373,696,237,109,84
403,18.367517014676608,551,2.0,0.1486712396144867,609,247,45,28
7,18.400851891291264,552,9.0,0.2668502926826477,982,81,36,55
337,18.400851891291264,552,2.0,0.42307668924331665,578,725,157,155
336,18.400851891291264,552,2.0,0.8402555584907532,977,924,207,168
371,18.400851891291264,552,2.0,0.7666420340538025,385,418,65,52
408,18.400851891291264,552,2.0,0.604746401309967,1788,589,94,48
410,18.400851891291264,552,2.0,0.7899850010871887,99,850,198,92
358,18.400851891291264,552,2.0,0.4453928768634796,842,320,60,35
422,18.400851891291264,552,2.0,0.7547305226325989,1587,651,179,87
431,18.400851891291264,552,2.0,0.18906842172145844,1824,453,70,26
435,18.400851891291264,552,2.0,0.4377518892288208,1845,554,81,40
403,18.400851891291264,552,2.0,0.5101812481880188,606,247,41,28
7,18.43418676790592,553,9.0,0.26714837551116943,982,81,36,55
337,18.43418676790592,553,7.0,0.4620259702205658,588,740,160,162
336,18.43418676790592,553,2.0,0.8063773512840271,1005,953,217,178
371,18.43418676790592,553,2.0,0.6975572109222412,388,423,67,52
408,18.43418676790592,553,2.0,0.6362970471382141,1784,590,92,47
410,18.43418676790592,553,2.0,0.7835285067558289,94,851,188,91
358,18.43418676790592,553,2.0,0.4505411684513092,839,319,52,34
422,18.43418676790592,553,2.0,0.7411046624183655,1559,640,172,85
431,18.43418676790592,553,2.0,0.19287732243537903,1818,453,69,26
435,18.43418676790592,553,2.0,0.49458882212638855,1839,555,81,41
403,18.43418676790592,553,2.0,0.22443418204784393,604,246,40,27
7,18.46752164452058,554,9.0,0.24715888500213623,982,81,36,55
337,18.46752164452058,554,7.0,0.5244056582450867,598,755,164,170
336,18.46752164452058,554,2.0,0.6558125615119934,1037,980,237,181
371,18.46752164452058,554,2.0,0.6859720349311829,391,428,66,54
408,18.46752164452058,554,2.0,0.6676051616668701,1780,591,88,48
410,18.46752164452058,554,2.0,0.807728111743927,89,851,178,87
358,18.46752164452058,554,2.0,0.3043363690376282,837,316,47,35
422,18.46752164452058,554,2.0,0.5911065340042114,1533,627,163,81
431,18.46752164452058,554,2.0,0.21796254813671112,1814,452,72,26
435,18.46752164452058,554,2.0,0.5443255305290222,1833,555,83,41
403,18.46752164452058,554,2.0,0.40101805329322815,599,244,39,28
7,18.500856521135237,555,9.0,0.27117064595222473,982,81,36,55
337,18.500856521135237,555,7.0,0.549612283706665,609,770,169,174
336,18.500856521135237,555,2.0,0.48220881819725037,1070,997,248,163
371,18.500856521135237,555,2.0,0.7968486547470093,394,433,64,55
408,18.500856521135237,555,2.0,0.5038504004478455,1777,590,83,48
410,18.500856521135237,555,2.0,0.7777924537658691,82,851,165,85
358,18.500856521135237,555,2.0,0.4413360357284546,827,315,54,34
422,18.500856521135237,555,2.0,0.725405752658844,1507,617,160,80
431,18.500856521135237,555,2.0,0.3010479211807251,1805,451,68,26
435,18.500856521135237,555,2.0,0.4860842227935791,1827,556,85,40
403,18.500856521135237,555,2.0,0.24957886338233948,596,242,40,27
7,18.534191397749897,556,9.0,0.2608470618724823,982,81,36,55
337,18.534191397749897,556,7.0,0.4220542311668396,621,789,172,173
336,18.534191397749897,556,2.0,0.5336744785308838,1090,1011,243,136
371,18.534191397749897,556,2.0,0.8375500440597534,396,436,66,58
408,18.534191397749897,556,2.0,0.3295617401599884,1775,588,77,50
410,18.534191397749897,556,2.0,0.8583085536956787,77,848,154,78
358,18.534191397749897,556,2.0,0.388802707195282,820,312,56,34
422,18.534191397749897,556,2.0,0.7433292269706726,1483,607,158,80
431,18.534191397749897,556,2.0,0.463474839925766,1800,450,69,26
435,18.534191397749897,556,2.0,0.39384689927101135,1821,558,87,45
7,18.567526274364553,557,9.0,0.25298914313316345,982,81,36,55
337,18.567526274364553,557,7.0,0.6467459201812744,632,806,177,183
371,18.567526274364553,557,2.0,0.7405988574028015,398,440,67,62
408,18.567526274364553,557,2.0,0.34524083137512207,1770,591,72,44
410,18.567526274364553,557,2.0,0.870577871799469,71,849,143,75
358,18.567526274364553,557,2.0,0.602599561214447,813,310,57,33
422,18.567526274364553,557,2.0,0.5008007884025574,1458,598,154,81
431,18.567526274364553,557,2.0,0.47234901785850525,1795,450,74,27
435,18.567526274364553,557,2.0,0.5165897607803345,1814,557,90,47
7,18.600861150979213,558,9.0,0.24455836415290833,982,81,36,55
337,18.600861150979213,558,7.0,0.4521768093109131,644,825,187,190
371,18.600861150979213,558,2.0,0.7376578450202942,402,445,66,63
408,18.600861150979213,558,2.0,0.3773748278617859,1767,592,68,40
410,18.600861150979213,558,2.0,0.8011964559555054,65,851,130,75
358,18.600861150979213,558,2.0,0.5238558650016785,806,309,57,31
422,18.600861150979213,558,2.0,0.7199800610542297,1434,588,151,80
431,18.600861150979213,558,2.0,0.5463982820510864,1792,450,73,28
435,18.600861150979213,558,2.0,0.5133029818534851,1810,557,87,47
460,18.600861150979213,558,2.0,0.6050456166267395,271,770,52,50
7,18.63419602759387,559,9.0,0.2296566516160965,982,81,36,55
337,18.63419602759387,559,2.0,0.49140968918800354,658,846,192,197
371,18.63419602759387,559,2.0,0.6691623330116272,407,452,65,60
408,18.63419602759387,559,2.0,0.4124220013618469,1764,591,62,35
410,18.63419602759387,559,2.0,0.7624068260192871,59,852,119,75
358,18.63419602759387,559,2.0,0.49861815571784973,800,306,55,32
422,18.63419602759387,559,2.0,0.6092646718025208,1412,575,145,73
431,18.63419602759387,559,2.0,0.4866348206996918,1786,449,73,30
435,18.63419602759387,559,2.0,0.47870421409606934,1806,558,86,47
460,18.63419602759387,559,2.0,0.5146656632423401,265,768,65,59
466,18.63419602759387,559,7.0,0.4813978672027588,658,846,192,198
403,18.63419602759387,559,2.0,0.3107125461101532,584,236,41,28
7,18.66753090420853,560,9.0,0.23881013691425323,982,81,36,55
337,18.66753090420853,560,2.0,0.5123604536056519,672,862,198,198
371,18.66753090420853,560,2.0,0.6783950328826904,411,459,64,59
408,18.66753090420853,560,2.0,0.455615371465683,1763,586,57,41
410,18.66753090420853,560,2.0,0.7405642867088318,54,853,109,75
358,18.66753090420853,560,2.0,0.46678149700164795,795,305,58,30
422,18.66753090420853,560,2.0,0.7162695527076721,1390,566,140,69
431,18.66753090420853,560,2.0,0.4543437659740448,1784,449,78,30
435,18.66753090420853,560,2.0,0.4199373424053192,1801,559,84,44
460,18.66753090420853,560,2.0,0.6324225068092346,255,764,85,69
466,18.66753090420853,560,7.0,0.3066367506980896,671,859,197,198
403,18.66753090420853,560,2.0,0.47629135847091675,581,235,41,28
7,18.700865780823186,561,9.0,0.2481405884027481,982,81,36,55
337,18.700865780823186,561,2.0,0.285400927066803,687,879,207,198
371,18.700865780823186,561,2.0,0.7313657402992249,415,464,65,58
408,18.700865780823186,561,2.0,0.2621281147003174,1758,585,52,41
410,18.700865780823186,561,2.0,0.6146765947341919,48,854,96,76
358,18.700865780823186,561,2.0,0.4862893521785736,789,304,55,29
422,18.700865780823186,561,2.0,0.6605580449104309,1370,558,139,68
431,18.700865780823186,561,2.0,0.16314132511615753,1782,448,72,31
435,18.700865780823186,561,2.0,0.4544017016887665,1794,559,87,47
460,18.700865780823186,561,2.0,0.6253920793533325,247,763,100,73
466,18.700865780823186,561,7.0,0.2231830507516861,687,887,211,215
403,18.700865780823186,561,2.0,0.2619927227497101,578,235,39,28
7,18.734200657437846,562,9.0,0.273927241563797,982,81,36,55
337,18.734200657437846,562,2.0,0.33660465478897095,701,907,218,218
371,18.734200657437846,562,2.0,0.7594942450523376,418,471,68,60
408,18.734200657437846,562,2.0,0.18526434898376465,1755,585,44,39
410,18.734200657437846,562,2.0,0.710483968257904,42,855,85,76
358,18.734200657437846,562,2.0,0.4237963557243347,785,302,52,29
422,18.734200657437846,562,2.0,0.7816216945648193,1347,550,136,68
431,18.734200657437846,562,2.0,0.26327186822891235,1780,448,70,32
435,18.734200657437846,562,2.0,0.5257366895675659,1788,560,89,49
460,18.734200657437846,562,2.0,0.6932612657546997,236,767,116,68
466,18.734200657437846,562,7.0,0.3601885437965393,702,910,220,225
403,18.734200657437846,562,2.0,0.17243516445159912,574,234,38,27
7,18.767535534052502,563,9.0,0.2646501958370209,982,81,36,55
371,18.767535534052502,563,2.0,0.7464703321456909,422,477,70,62
410,18.767535534052502,563,2.0,0.6677443981170654,38,858,76,78
358,18.767535534052502,563,2.0,0.44592395424842834,779,300,54,28
422,18.767535534052502,563,2.0,0.6296312212944031,1326,542,131,66
431,18.767535534052502,563,2.0,0.19969895482063293,1773,446,70,31
435,18.767535534052502,563,2.0,0.5553862452507019,1780,562,90,50
460,18.767535534052502,563,2.0,0.694710373878479,226,769,130,69
466,18.767535534052502,563,2.0,0.44515663385391235,719,936,225,235
403,18.767535534052502,563,2.0,0.126458540558815,571,233,39,26
7,18.800870410667162,564,9.0,0.27702122926712036,982,81,36,55
371,18.800870410667162,564,2.0,0.5880618095397949,425,483,70,62
410,18.800870410667162,564,2.0,0.6357123851776123,31,858,62,76
358,18.800870410667162,564,2.0,0.4315214455127716,774,299,52,29
422,18.800870410667162,564,2.0,0.6374880075454712,1308,532,130,66
431,18.800870410667162,564,2.0,0.16762956976890564,1771,446,62,31
435,18.800870410667162,564,2.0,0.5516135692596436,1771,564,98,49
460,18.800870410667162,564,2.0,0.6588795781135559,209,772,135,67
466,18.800870410667162,564,2.0,0.3539296090602875,738,959,234,234
7,18.83420528728182,565,9.0,0.29324930906295776,982,81,36,55
371,18.83420528728182,565,2.0,0.5984891057014465,428,489,71,65
410,18.83420528728182,565,2.0,0.658121645450592,25,858,51,71
358,18.83420528728182,565,2.0,0.33617734909057617,767,297,52,29
422,18.83420528728182,565,2.0,0.7272564768791199,1290,525,127,66
435,18.83420528728182,565,2.0,0.6770172715187073,1767,564,97,49
460,18.83420528728182,565,2.0,0.800016462802887,195,775,142,66
466,18.83420528728182,565,2.0,0.1888887733221054,754,971,244,216
7,18.86754016389648,566,9.0,0.3033648431301117,982,81,36,55
371,18.86754016389648,566,2.0,0.6287941336631775,433,495,73,66
410,18.86754016389648,566,2.0,0.712235689163208,19,858,38,67
358,18.86754016389648,566,2.0,0.4363476037979126,760,294,54,31
422,18.86754016389648,566,2.0,0.7385812401771545,1272,517,124,65
435,18.86754016389648,566,2.0,0.7109367251396179,1763,565,93,48
460,18.86754016389648,566,2.0,0.6617559790611267,180,776,151,66
466,18.86754016389648,566,2.0,0.35296088457107544,769,983,253,193
479,18.86754016389648,566,2.0,0.6388887763023376,1843,711,150,88
480,18.86754016389648,566,9.0,0.34651991724967957,522,157,19,32
7,18.900875040511135,567,9.0,0.30601927638053894,982,81,36,55
371,18.900875040511135,567,2.0,0.626415491104126,438,502,75,68
410,18.900875040511135,567,2.0,0.6211556792259216,13,858,26,63
358,18.900875040511135,567,2.0,0.41535383462905884,755,292,54,32
422,18.900875040511135,567,2.0,0.7360399961471558,1253,510,122,64
435,18.900875040511135,567,2.0,0.7339927554130554,1758,564,93,48
460,18.900875040511135,567,2.0,0.6738570332527161,172,776,168,68
466,18.900875040511135,567,2.0,0.24045611917972565,785,994,253,171
479,18.900875040511135,567,2.0,0.6809766292572021,1826,700,169,86
480,18.900875040511135,567,9.0,0.3441106081008911,522,157,19,32
7,18.934209917125795,568,9.0,0.2786616384983063,982,81,36,55
371,18.934209917125795,568,2.0,0.6019818186759949,443,509,77,69
410,18.934209917125795,568,2.0,0.4093780517578125,9,857,18,60
358,18.934209917125795,568,2.0,0.4397623836994171,750,290,52,32
422,18.934209917125795,568,2.0,0.6525165438652039,1236,503,118,62
435,18.934209917125795,568,2.0,0.6478719711303711,1753,565,91,48
460,18.934209917125795,568,2.0,0.6369457244873047,151,781,166,68
479,18.934209917125795,568,2.0,0.6517965197563171,1797,686,168,83
480,18.934209917125795,568,9.0,0.2855176627635956,522,158,19,31
7,18.96754479374045,569,9.0,0.2951991558074951,982,81,36,55
371,18.96754479374045,569,2.0,0.6644635796546936,447,516,80,72
358,18.96754479374045,569,2.0,0.4173496663570404,747,289,50,31
422,18.96754479374045,569,2.0,0.7359076738357544,1219,496,115,59
435,18.96754479374045,569,2.0,0.7116307616233826,1749,567,90,49
460,18.96754479374045,569,2.0,0.6366203427314758,139,780,177,70
479,18.96754479374045,569,2.0,0.5763936042785645,1767,675,163,78
480,18.96754479374045,569,9.0,0.3459019064903259,522,157,19,31
7,19.00087967035511,570,9.0,0.30352672934532166,982,81,36,55
371,19.00087967035511,570,2.0,0.7142225503921509,454,524,85,72
358,19.00087967035511,570,2.0,0.48761123418807983,742,286,52,30
422,19.00087967035511,570,2.0,0.6663623452186584,1205,489,112,60
435,19.00087967035511,570,2.0,0.6677033305168152,1742,567,89,48
460,19.00087967035511,570,2.0,0.6791903376579285,123,783,188,72
479,19.00087967035511,570,2.0,0.7295650839805603,1738,666,161,77
480,19.00087967035511,570,9.0,0.3700889050960541,522,157,20,32
7,19.034214546969768,571,9.0,0.31251445412635803,982,81,36,55
371,19.034214546969768,571,2.0,0.7555572390556335,461,530,91,73
358,19.034214546969768,571,2.0,0.47779136896133423,737,285,51,30
422,19.034214546969768,571,2.0,0.6825053095817566,1189,482,112,60
435,19.034214546969768,571,2.0,0.6558490991592407,1738,566,89,45
460,19.034214546969768,571,2.0,0.7242781519889832,101,785,184,71
479,19.034214546969768,571,2.0,0.7969815731048584,1710,652,156,75
480,19.034214546969768,571,9.0,0.4215313494205475,522,157,20,32
483,19.034214546969768,571,2.0,0.40503841638565063,1908,575,22,25
7,19.067549423584428,572,9.0,0.327202707529068,982,81,36,55
371,19.067549423584428,572,2.0,0.7377857565879822,466,538,90,74
358,19.067549423584428,572,2.0,0.4032563269138336,732,284,50,29
422,19.067549423584428,572,2.0,0.7592219114303589,1174,476,109,58
435,19.067549423584428,572,2.0,0.51426762342453,1732,567,87,45
460,19.067549423584428,572,2.0,0.7065992951393127,83,787,167,69
479,19.067549423584428,572,2.0,0.6986070275306702,1684,641,149,72
480,19.067549423584428,572,9.0,0.3651515245437622,522,157,20,32
483,19.067549423584428,572,2.0,0.6020264029502869,1904,576,29,31
7,19.100884300199084,573,9.0,0.31674498319625854,982,81,36,55
371,19.100884300199084,573,2.0,0.7129378914833069,469,547,90,76
358,19.100884300199084,573,2.0,0.5132791996002197,726,282,51,30
422,19.100884300199084,573,2.0,0.8302671313285828,1160,469,105,57
435,19.100884300199084,573,2.0,0.5478135347366333,1726,568,88,46
460,19.100884300199084,573,2.0,0.7117211818695068,79,787,158,68
479,19.100884300199084,573,2.0,0.6459460854530334,1658,631,147,73
480,19.100884300199084,573,9.0,0.4429287314414978,522,157,21,32
483,19.100884300199084,573,2.0,0.68708336353302,1901,577,35,33
7,19.13421917681374,574,9.0,0.3109491467475891,982,81,36,55
371,19.13421917681374,574,2.0,0.6209359169006348,475,553,89,79
358,19.13421917681374,574,2.0,0.5039886832237244,722,281,52,30
422,19.13421917681374,574,2.0,0.7233936190605164,1144,463,107,55
435,19.13421917681374,574,2.0,0.6420785784721375,1721,568,87,44
460,19.13421917681374,574,2.0,0.615685760974884,70,787,141,64
479,19.13421917681374,574,2.0,0.5805575847625732,1635,622,146,72
480,19.13421917681374,574,9.0,0.4064827859401703,522,157,21,32
483,19.13421917681374,574,2.0,0.6177709698677063,1898,577,40,37
486,19.13421917681374,574,2.0,0.3701055347919464,1300,332,55,26
7,19.1675540534284,575,9.0,0.33061447739601135,982,81,36,55
371,19.1675540534284,575,2.0,0.6869170665740967,480,562,90,83
358,19.1675540534284,575,2.0,0.5895133018493652,718,279,50,28
422,19.1675540534284,575,2.0,0.6148394346237183,1130,457,105,55
435,19.1675540534284,575,2.0,0.46683159470558167,1718,569,81,43
460,19.1675540534284,575,2.0,0.5354905724525452,61,788,122,62
479,19.1675540534284,575,2.0,0.6564410924911499,1612,614,140,72
480,19.1675540534284,575,9.0,0.3538295030593872,522,157,21,31
483,19.1675540534284,575,2.0,0.6373220682144165,1895,579,47,37
486,19.1675540534284,575,2.0,0.30770552158355713,1299,332,53,25
7,19.200888930043057,576,9.0,0.33298957347869873,982,81,36,55
371,19.200888930043057,576,2.0,0.6345324516296387,486,571,90,83
358,19.200888930043057,576,2.0,0.5314938426017761,714,278,51,28
422,19.200888930043057,576,2.0,0.6778208613395691,1117,452,103,53
435,19.200888930043057,576,2.0,0.37361419200897217,1711,569,82,46
460,19.200888930043057,576,2.0,0.6705162525177002,51,790,103,61
479,19.200888930043057,576,2.0,0.6806218028068542,1590,603,134,70
480,19.200888930043057,576,9.0,0.35893237590789795,522,157,21,31
483,19.200888930043057,576,2.0,0.7024502754211426,1892,580,53,40
486,19.200888930043057,576,2.0,0.3048357367515564,1297,332,49,23
7,19.234223806657717,577,9.0,0.3263959586620331,982,81,36,55
371,19.234223806657717,577,2.0,0.5585875511169434,491,581,90,85
358,19.234223806657717,577,2.0,0.4585854709148407,712,276,52,28
422,19.234223806657717,577,2.0,0.8112965822219849,1103,447,98,52
435,19.234223806657717,577,2.0,0.3002552390098572,1706,568,83,46
460,19.234223806657717,577,2.0,0.4685215353965759,41,791,83,61
479,19.234223806657717,577,2.0,0.4551416337490082,1567,595,134,66
480,19.234223806657717,577,9.0,0.3833008408546448,522,157,20,31
483,19.234223806657717,577,2.0,0.6785293817520142,1889,581,58,39
486,19.234223806657717,577,2.0,0.2554566264152527,1296,332,45,23
7,19.267558683272373,578,9.0,0.3180057108402252,982,81,36,55
371,19.267558683272373,578,2.0,0.5095522403717041,497,590,95,86
358,19.267558683272373,578,2.0,0.27968186140060425,709,276,46,28
422,19.267558683272373,578,2.0,0.6065726280212402,1089,439,97,54
435,19.267558683272373,578,2.0,0.5152109265327454,1701,568,81,46
460,19.267558683272373,578,2.0,0.6360849142074585,31,794,63,61
479,19.267558683272373,578,2.0,0.5323061943054199,1546,586,130,67
480,19.267558683272373,578,9.0,0.39972949028015137,522,157,20,31
483,19.267558683272373,578,2.0,0.7186684608459473,1887,581,64,43
486,19.267558683272373,578,2.0,0.2284848392009735,1295,331,43,23
7,19.300893559887033,579,9.0,0.32281050086021423,982,81,36,55
371,19.300893559887033,579,2.0,0.7264770865440369,504,601,96,89
358,19.300893559887033,579,2.0,0.515870213508606,703,274,47,29
422,19.300893559887033,579,2.0,0.7072262167930603,1077,434,97,55
435,19.300893559887033,579,2.0,0.6169477701187134,1697,567,78,44
460,19.300893559887033,579,2.0,0.5797459483146667,23,797,46,57
479,19.300893559887033,579,2.0,0.449777752161026,1525,578,126,66
480,19.300893559887033,579,9.0,0.41613033413887024,522,158,20,31
483,19.300893559887033,579,2.0,0.6375102996826172,1883,580,70,46
486,19.300893559887033,579,2.0,0.19104409217834473,1294,331,41,24
7,19.33422843650169,580,9.0,0.3187955319881439,982,81,36,55
371,19.33422843650169,580,2.0,0.5487856268882751,510,611,98,92
358,19.33422843650169,580,2.0,0.40929868817329407,699,273,47,28
422,19.33422843650169,580,2.0,0.7286161780357361,1064,428,96,52
435,19.33422843650169,580,2.0,0.4946398437023163,1693,566,74,43
479,19.33422843650169,580,2.0,0.10084061324596405,1505,570,127,63
480,19.33422843650169,580,9.0,0.36244437098503113,522,158,20,31
483,19.33422843650169,580,2.0,0.5658875703811646,1880,579,77,50
494,19.33422843650169,580,2.0,0.4387938380241394,1871,584,58,39
7,19.36756331311635,581,9.0,0.3091994822025299,982,81,36,55
371,19.36756331311635,581,2.0,0.7360329627990723,518,620,101,93
358,19.36756331311635,581,2.0,0.5281360745429993,692,270,47,30
422,19.36756331311635,581,2.0,0.6923243403434753,1053,425,92,50
435,19.36756331311635,581,2.0,0.4317086338996887,1689,564,72,42
479,19.36756331311635,581,2.0,0.43238964676856995,1485,562,122,61
480,19.36756331311635,581,9.0,0.39236506819725037,522,158,20,31
483,19.36756331311635,581,2.0,0.6170232892036438,1877,580,83,50
7,19.400898189731006,582,9.0,0.28024476766586304,982,82,36,55
371,19.400898189731006,582,2.0,0.5491212010383606,525,631,104,98
358,19.400898189731006,582,2.0,0.5946990847587585,689,270,47,30
422,19.400898189731006,582,2.0,0.6768733859062195,1041,421,92,49
435,19.400898189731006,582,2.0,0.3214115500450134,1684,566,65,38
479,19.400898189731006,582,2.0,0.3489384055137634,1468,554,123,61
480,19.400898189731006,582,9.0,0.37064129114151,522,158,20,31
483,19.400898189731006,582,2.0,0.42267143726348877,1874,582,90,50
7,19.434233066345666,583,9.0,0.2701500952243805,982,81,36,55
371,19.434233066345666,583,2.0,0.6730390787124634,533,642,106,100
358,19.434233066345666,583,2.0,0.4902837574481964,685,268,43,27
422,19.434233066345666,583,2.0,0.5774832963943481,1030,416,89,50
435,19.434233066345666,583,2.0,0.23792815208435059,1681,566,58,34
479,19.434233066345666,583,2.0,0.1878713220357895,1449,547,122,61
480,19.434233066345666,583,9.0,0.3696887791156769,522,158,21,31
483,19.434233066345666,583,2.0,0.301633358001709,1870,581,97,52
494,19.434233066345666,583,2.0,0.37578991055488586,1864,588,82,38
7,19.467567942960322,584,9.0,0.2685393989086151,982,81,36,55
371,19.467567942960322,584,2.0,0.7456755042076111,541,654,110,102
358,19.467567942960322,584,2.0,0.5887148380279541,682,267,41,25
422,19.467567942960322,584,2.0,0.6819925904273987,1018,411,90,50
435,19.467567942960322,584,2.0,0.11407732963562012,1674,565,60,35
479,19.467567942960322,584,2.0,0.46825605630874634,1430,538,118,58
480,19.467567942960322,584,9.0,0.4050873816013336,522,158,21,31
483,19.467567942960322,584,2.0,0.4505437910556793,1866,582,102,51
494,19.467567942960322,584,2.0,0.3474309742450714,1856,585,79,44
7,19.500902819574982,585,9.0,0.278481125831604,982,81,36,55
371,19.500902819574982,585,2.0,0.7723948955535889,547,666,115,104
358,19.500902819574982,585,2.0,0.5451802611351013,680,266,38,23
422,19.500902819574982,585,2.0,0.5441707968711853,1007,407,89,48
479,19.500902819574982,585,2.0,0.28998491168022156,1412,533,113,56
480,19.500902819574982,585,9.0,0.3248625695705414,522,158,21,31
494,19.500902819574982,585,2.0,0.6305601000785828,1857,584,92,46
506,19.500902819574982,585,2.0,0.42576679587364197,269,826,73,72
7,19.53423769618964,586,9.0,0.2777043879032135,982,81,36,55
371,19.53423769618964,586,2.0,0.809842050075531,558,678,118,109
358,19.53423769618964,586,2.0,0.5556652545928955,676,264,36,24
422,19.53423769618964,586,2.0,0.6667866706848145,995,403,86,45
479,19.53423769618964,586,2.0,0.1509716957807541,1396,526,110,55
480,19.53423769618964,586,9.0,0.3477053940296173,522,158,22,31
494,19.53423769618964,586,2.0,0.5179966688156128,1853,584,98,49
506,19.53423769618964,586,2.0,0.6583748459815979,264,828,80,82
509,19.53423769618964,586,2.0,0.4666113257408142,1859,529,60,26
7,19.5675725728043,587,9.0,0.2886691689491272,982,81,36,55
371,19.5675725728043,587,2.0,0.6485776305198669,566,691,118,112
358,19.5675725728043,587,2.0,0.5817168951034546,673,262,40,25
422,19.5675725728043,587,2.0,0.4924834668636322,986,399,83,44
479,19.5675725728043,587,2.0,0.23790600895881653,1378,519,109,56
480,19.5675725728043,587,9.0,0.33185771107673645,522,158,22,31
494,19.5675725728043,587,2.0,0.4760850965976715,1847,585,102,47
506,19.5675725728043,587,2.0,0.6643849015235901,257,833,92,93
509,19.5675725728043,587,2.0,0.3357091248035431,1852,531,58,25
511,19.5675725728043,587,2.0,0.3392927348613739,1644,414,58,25
7,19.600907449418955,588,9.0,0.28679949045181274,982,82,36,55
371,19.600907449418955,588,2.0,0.687717854976654,580,704,129,115
358,19.600907449418955,588,2.0,0.5757009983062744,667,260,42,26
422,19.600907449418955,588,2.0,0.5732081532478333,976,393,81,47
479,19.600907449418955,588,2.0,0.4447682201862335,1361,512,107,54
480,19.600907449418955,588,9.0,0.3044932782649994,523,158,22,31
494,19.600907449418955,588,2.0,0.47708097100257874,1841,585,104,47
506,19.600907449418955,588,2.0,0.7862454056739807,252,836,103,101
509,19.600907449418955,588,2.0,0.36219272017478943,1847,532,62,26
511,19.600907449418955,588,2.0,0.33280956745147705,1639,413,53,24
513,19.600907449418955,588,2.0,0.46024057269096375,1893,548,50,40
7,19.634242326033615,589,9.0,0.29154449701309204,982,81,36,55
371,19.634242326033615,589,2.0,0.7533847689628601,590,719,133,119
358,19.634242326033615,589,2.0,0.6298190951347351,662,257,42,26
422,19.634242326033615,589,2.0,0.33775556087493896,965,389,84,48
479,19.634242326033615,589,2.0,0.37157878279685974,1345,507,104,52
480,19.634242326033615,589,9.0,0.2708224654197693,523,158,21,30
494,19.634242326033615,589,2.0,0.6305540800094604,1833,585,104,48
506,19.634242326033615,589,2.0,0.7422772645950317,247,831,116,96
509,19.634242326033615,589,2.0,0.3469383418560028,1839,533,75,28
511,19.634242326033615,589,2.0,0.34202316403388977,1636,411,44,24
513,19.634242326033615,589,2.0,0.5061301589012146,1891,547,54,43
7,19.66757720264827,590,9.0,0.289080947637558,982,81,36,55
371,19.66757720264827,590,2.0,0.7994265556335449,599,732,133,127
358,19.66757720264827,590,2.0,0.4755953550338745,659,256,42,26
422,19.66757720264827,590,2.0,0.434301495552063,955,385,81,46
479,19.66757720264827,590,2.0,0.27195224165916443,1330,501,102,52
480,19.66757720264827,590,9.0,0.3052944839000702,522,158,21,30
494,19.66757720264827,590,2.0,0.5989618301391602,1827,586,105,48
506,19.66757720264827,590,2.0,0.7377599477767944,241,831,127,95
509,19.66757720264827,590,2.0,0.4624806344509125,1832,534,76,29
511,19.66757720264827,590,2.0,0.2817833423614502,1634,410,42,25
513,19.66757720264827,590,2.0,0.5260122418403625,1889,547,57,43
7,19.70091207926293,591,9.0,0.28222283720970154,982,82,36,55
371,19.70091207926293,591,2.0,0.7739344835281372,607,745,136,136
358,19.70091207926293,591,2.0,0.5428216457366943,656,255,43,26
422,19.70091207926293,591,2.0,0.7235472202301025,944,382,80,46
479,19.70091207926293,591,2.0,0.35485783219337463,1313,494,102,50
480,19.70091207926293,591,9.0,0.31146836280822754,522,158,21,30
494,19.70091207926293,591,2.0,0.501533031463623,1820,587,106,46
506,19.70091207926293,591,2.0,0.7623822689056396,234,829,140,90
509,19.70091207926293,591,2.0,0.5194089412689209,1822,535,73,27
511,19.70091207926293,591,2.0,0.1968556046485901,1632,408,36,23
513,19.70091207926293,591,2.0,0.5639697313308716,1885,547,64,43
7,19.734246955877587,592,9.0,0.2669689953327179,982,82,36,55
371,19.734246955877587,592,2.0,0.5035130381584167,618,764,137,136
358,19.734246955877587,592,2.0,0.5266188383102417,653,255,42,25
422,19.734246955877587,592,2.0,0.6247106194496155,936,377,79,48
479,19.734246955877587,592,2.0,0.19574929773807526,1297,488,100,48
480,19.734246955877587,592,9.0,0.23350216448307037,522,158,20,29
494,19.734246955877587,592,2.0,0.5843543410301208,1815,588,105,46
506,19.734246955877587,592,2.0,0.7695693969726562,229,830,150,90
509,19.734246955877587,592,2.0,0.41865354776382446,1816,536,76,27
513,19.734246955877587,592,2.0,0.47637027502059937,1882,547,70,43
7,19.767581832492247,593,9.0,0.25183919072151184,982,81,38,54
371,19.767581832492247,593,2.0,0.6631700396537781,630,781,139,139
358,19.767581832492247,593,2.0,0.4159319996833801,650,254,39,24
422,19.767581832492247,593,2.0,0.7017928957939148,929,372,76,48
479,19.767581832492247,593,2.0,0.20035302639007568,1285,484,100,49
480,19.767581832492247,593,9.0,0.25142183899879456,522,158,21,30
494,19.767581832492247,593,2.0,0.6506105661392212,1807,590,102,47
506,19.767581832492247,593,2.0,0.7875103950500488,222,830,160,86
509,19.767581832492247,593,2.0,0.3707340359687805,1812,536,80,28
513,19.767581832492247,593,2.0,0.5216598510742188,1881,547,75,46
7,19.800916709106904,594,9.0,0.2432604283094406,982,81,37,55
371,19.800916709106904,594,2.0,0.6763266324996948,641,799,145,142
358,19.800916709106904,594,2.0,0.2782098650932312,647,254,39,24
422,19.800916709106904,594,2.0,0.5188011527061462,920,369,75,47
479,19.800916709106904,594,2.0,0.25074252486228943,1271,478,98,48
480,19.800916709106904,594,9.0,0.2749066948890686,522,158,21,30
494,19.800916709106904,594,2.0,0.5801634788513184,1800,590,100,47
506,19.800916709106904,594,2.0,0.7890027761459351,217,831,172,84
509,19.800916709106904,594,2.0,0.41742849349975586,1805,536,78,28
513,19.800916709106904,594,2.0,0.2931338846683502,1874,547,71,45
7,19.83425158572156,595,9.0,0.24197132885456085,982,81,38,54
371,19.83425158572156,595,2.0,0.749500036239624,653,817,146,149
358,19.83425158572156,595,2.0,0.19407856464385986,643,252,40,27
422,19.83425158572156,595,2.0,0.39095619320869446,910,365,72,48
479,19.83425158572156,595,2.0,0.5394983291625977,1256,473,95,48
480,19.83425158572156,595,9.0,0.21615110337734222,521,158,21,29
494,19.83425158572156,595,2.0,0.6777127385139465,1794,590,100,45
506,19.83425158572156,595,2.0,0.7738597393035889,211,833,184,85
509,19.83425158572156,595,2.0,0.37450894713401794,1798,537,78,28
513,19.83425158572156,595,2.0,0.5151097178459167,1872,547,75,44
7,19.86758646233622,596,9.0,0.25999054312705994,982,81,36,54
371,19.86758646233622,596,2.0,0.6052416563034058,667,837,153,153
358,19.86758646233622,596,2.0,0.3078869581222534,639,249,35,26
422,19.86758646233622,596,2.0,0.5179213881492615,902,362,71,47
479,19.86758646233622,596,2.0,0.6446210741996765,1242,467,91,48
480,19.86758646233622,596,9.0,0.2170579731464386,522,159,20,30
494,19.86758646233622,596,2.0,0.6613451838493347,1789,590,97,42
506,19.86758646233622,596,2.0,0.781062126159668,203,834,190,86
509,19.86758646233622,596,2.0,0.3699325919151306,1792,537,76,30
513,19.86758646233622,596,2.0,0.45079684257507324,1865,548,78,45
7,19.900921338950877,597,9.0,0.24622806906700134,982,81,36,55
371,19.900921338950877,597,2.0,0.7283744812011719,681,856,159,160
358,19.900921338950877,597,2.0,0.2807507812976837,636,249,36,26
422,19.900921338950877,597,2.0,0.4657232463359833,893,360,70,43
479,19.900921338950877,597,2.0,0.4839525520801544,1227,461,93,49
480,19.900921338950877,597,9.0,0.2247273176908493,522,159,20,30
494,19.900921338950877,597,2.0,0.5401642918586731,1785,591,90,40
506,19.900921338950877,597,2.0,0.7399936318397522,192,835,192,86
509,19.900921338950877,597,2.0,0.5094786286354065,1785,537,80,30
513,19.900921338950877,597,2.0,0.45398014783859253,1866,548,91,45
7,19.934256215565537,598,9.0,0.246505007147789,982,81,36,55
371,19.934256215565537,598,2.0,0.5650168061256409,696,878,164,162
358,19.934256215565537,598,2.0,0.23650693893432617,632,248,37,26
422,19.934256215565537,598,2.0,0.6748658418655396,884,357,68,42
479,19.934256215565537,598,2.0,0.3809235692024231,1215,457,92,46
480,19.934256215565537,598,9.0,0.19846224784851074,522,159,21,31
494,19.934256215565537,598,2.0,0.5243687629699707,1783,591,83,43
506,19.934256215565537,598,2.0,0.7885006666183472,179,835,190,86
509,19.934256215565537,598,2.0,0.4418284595012665,1776,538,81,32
513,19.934256215565537,598,2.0,0.5237828493118286,1865,548,99,45
520,19.934256215565537,598,2.0,0.45954224467277527,1845,548,60,42
7,19.967591092180193,599,9.0,0.2340458780527115,982,81,38,54
371,19.967591092180193,599,2.0,0.5164978504180908,710,893,167,158
358,19.967591092180193,599,2.0,0.3047322928905487,629,247,35,25
422,19.967591092180193,599,2.0,0.535450279712677,877,355,67,41
479,19.967591092180193,599,2.0,0.30199992656707764,1204,454,89,43
480,19.967591092180193,599,9.0,0.14665085077285767,522,159,21,32
494,19.967591092180193,599,2.0,0.7192211151123047,1778,592,82,42
506,19.967591092180193,599,2.0,0.7638511061668396,168,836,193,85
509,19.967591092180193,599,2.0,0.4381636381149292,1769,539,85,34
513,19.967591092180193,599,2.0,0.4611293077468872,1864,549,101,46
520,19.967591092180193,599,2.0,0.40699708461761475,1841,550,58,42
7,20.000925968794853,600,9.0,0.23231014609336853,982,81,39,53
371,20.000925968794853,600,2.0,0.7142356038093567,725,921,173,177
358,20.000925968794853,600,2.0,0.21312277019023895,625,246,35,27
422,20.000925968794853,600,2.0,0.42265287041664124,869,350,68,42
479,20.000925968794853,600,2.0,0.24640460312366486,1190,447,87,43
480,20.000925968794853,600,9.0,0.14737126231193542,521,159,20,32
494,20.000925968794853,600,2.0,0.6624233722686768,1773,592,78,42
506,20.000925968794853,600,2.0,0.7338334918022156,156,839,192,86
509,20.000925968794853,600,2.0,0.39615756273269653,1762,539,84,33
513,20.000925968794853,600,2.0,0.6436618566513062,1859,549,109,47
7,20.03426084540951,601,9.0,0.24710512161254883,982,81,37,55
371,20.03426084540951,601,2.0,0.6877291798591614,743,946,181,186
358,20.03426084540951,601,2.0,0.1579374074935913,623,245,33,27
422,20.03426084540951,601,2.0,0.5934268236160278,862,348,64,42
479,20.03426084540951,601,2.0,0.34540578722953796,1177,441,89,46
480,20.03426084540951,601,9.0,0.1486481875181198,521,159,19,32
494,20.03426084540951,601,2.0,0.5857154726982117,1769,592,69,40
506,20.03426084540951,601,2.0,0.7613704800605774,144,840,194,87
509,20.03426084540951,601,2.0,0.5027105212211609,1756,540,83,34
513,20.03426084540951,601,2.0,0.5321152806282043,1855,549,110,46
520,20.03426084540951,601,2.0,0.48755404353141785,1821,552,51,43
7,20.06759572202417,602,9.0,0.22962647676467896,982,81,37,55
371,20.06759572202417,602,2.0,0.620201826095581,763,970,190,196
358,20.06759572202417,602,2.0,0.3896762728691101,616,243,37,28
422,20.06759572202417,602,2.0,0.44655904173851013,854,346,65,43
479,20.06759572202417,602,2.0,0.43614962697029114,1166,437,84,44
480,20.06759572202417,602,9.0,0.1373089700937271,521,159,18,33
494,20.06759572202417,602,2.0,0.7077547311782837,1766,592,64,37
506,20.06759572202417,602,2.0,0.7633840441703796,132,843,193,89
509,20.06759572202417,602,2.0,0.4237726330757141,1747,541,85,31
513,20.06759572202417,602,2.0,0.4452390968799591,1843,550,99,45
520,20.06759572202417,602,2.0,0.48644423484802246,1817,552,53,44
7,20.100930598638826,603,9.0,0.2190275490283966,982,81,37,55
371,20.100930598638826,603,2.0,0.5637645125389099,779,988,197,183
358,20.100930598638826,603,2.0,0.32342684268951416,612,241,36,28
422,20.100930598638826,603,2.0,0.3952714204788208,848,342,65,41
479,20.100930598638826,603,2.0,0.3660566210746765,1153,434,85,42
480,20.100930598638826,603,9.0,0.16178566217422485,521,159,18,33
494,20.100930598638826,603,2.0,0.5571836829185486,1761,592,63,35
506,20.100930598638826,603,2.0,0.7753005623817444,120,844,195,91
509,20.100930598638826,603,2.0,0.36375370621681213,1740,542,85,30
513,20.100930598638826,603,2.0,0.5687028169631958,1842,551,109,47
520,20.100930598638826,603,2.0,0.10426785796880722,1815,551,52,45
7,20.134265475253486,604,9.0,0.21828003227710724,982,81,37,55
371,20.134265475253486,604,2.0,0.48321807384490967,795,999,200,160
358,20.134265475253486,604,2.0,0.2766977846622467,609,239,38,28
422,20.134265475253486,604,2.0,0.5661947131156921,839,338,65,39
479,20.134265475253486,604,2.0,0.33747896552085876,1147,431,70,37
480,20.134265475253486,604,9.0,0.18593016266822815,521,160,17,34
494,20.134265475253486,604,2.0,0.4428160488605499,1757,591,60,34
506,20.134265475253486,604,2.0,0.8097355961799622,107,846,200,90
509,20.134265475253486,604,2.0,0.42969810962677,1734,542,84,29
513,20.134265475253486,604,2.0,0.51296067237854,1832,552,106,46
520,20.134265475253486,604,2.0,0.24588236212730408,1803,552,53,44
7,20.167600351868142,605,9.0,0.22854183614253998,982,81,37,55
371,20.167600351868142,605,2.0,0.17562676966190338,812,1013,195,132
358,20.167600351868142,605,2.0,0.17731645703315735,606,238,37,27
422,20.167600351868142,605,2.0,0.6324129700660706,832,336,63,37
479,20.167600351868142,605,2.0,0.21859851479530334,1135,426,73,33
480,20.167600351868142,605,9.0,0.1427980661392212,521,160,18,34
494,20.167600351868142,605,2.0,0.2788967490196228,1752,590,56,31
506,20.167600351868142,605,2.0,0.8381752371788025,96,847,193,90
509,20.167600351868142,605,2.0,0.46323081851005554,1730,543,77,30
513,20.167600351868142,605,2.0,0.59574955701828,1829,552,117,48
520,20.167600351868142,605,2.0,0.4368111193180084,1801,553,62,46
7,20.200935228482802,606,9.0,0.23537106812000275,982,81,37,55
371,20.200935228482802,606,2.0,0.47407761216163635,825,1027,178,105
358,20.200935228482802,606,2.0,0.255939781665802,604,236,37,27
422,20.200935228482802,606,2.0,0.6770886182785034,824,335,64,40
479,20.200935228482802,606,2.0,0.37798652052879333,1121,420,80,41
480,20.200935228482802,606,9.0,0.17138098180294037,521,161,18,36
494,20.200935228482802,606,2.0,0.2419193834066391,1745,590,55,32
506,20.200935228482802,606,2.0,0.7680507302284241,91,850,182,89
509,20.200935228482802,606,2.0,0.5240074396133423,1716,543,76,27
513,20.200935228482802,606,2.0,0.6303138732910156,1826,553,115,50
7,20.23427010509746,607,9.0,0.23541997373104095,982,81,38,54
371,20.23427010509746,607,2.0,0.6208541989326477,837,1039,165,81
422,20.23427010509746,607,2.0,0.6437698602676392,817,331,62,41
479,20.23427010509746,607,2.0,0.3655814230442047,1110,415,82,42
480,20.23427010509746,607,9.0,0.21843662858009338,521,160,18,35
494,20.23427010509746,607,2.0,0.16783833503723145,1743,590,49,31
506,20.23427010509746,607,2.0,0.7779141664505005,85,850,171,87
509,20.23427010509746,607,2.0,0.7046003937721252,1710,544,79,28
513,20.23427010509746,607,2.0,0.746147632598877,1823,554,112,49
7,20.267604981712118,608,9.0,0.23242291808128357,982,81,37,54
371,20.267604981712118,608,2.0,0.10538757592439651,846,1049,144,60
422,20.267604981712118,608,2.0,0.6384699940681458,810,328,60,41
479,20.267604981712118,608,2.0,0.1823669970035553,1098,413,80,38
480,20.267604981712118,608,9.0,0.22693534195423126,521,161,18,35
506,20.267604981712118,608,2.0,0.7625370025634766,80,851,160,84
509,20.267604981712118,608,2.0,0.7535133957862854,1703,545,81,29
513,20.267604981712118,608,2.0,0.6540504097938538,1820,554,109,48
358,20.267604981712118,608,2.0,0.2925601601600647,600,235,35,26
7,20.300939858326775,609,9.0,0.22821007668972015,982,81,37,55
422,20.300939858326775,609,2.0,0.31507745385169983,804,325,59,39
479,20.300939858326775,609,2.0,0.15934255719184875,1089,412,75,33
480,20.300939858326775,609,9.0,0.31701189279556274,521,161,18,37
506,20.300939858326775,609,2.0,0.8465514779090881,74,848,148,77
509,20.300939858326775,609,2.0,0.7084661722183228,1696,546,81,29
513,20.300939858326775,609,2.0,0.6876969337463379,1815,555,109,47
358,20.300939858326775,609,2.0,0.3116360902786255,598,234,35,25
520,20.300939858326775,609,2.0,0.31977590918540955,1783,556,49,44
7,20.334274734941435,610,9.0,0.25260600447654724,982,81,36,55
422,20.334274734941435,610,2.0,0.3730802834033966,798,324,59,39
479,20.334274734941435,610,2.0,0.1772339791059494,1082,407,66,34
480,20.334274734941435,610,9.0,0.2170971930027008,522,161,18,36
506,20.334274734941435,610,2.0,0.7177335023880005,67,847,135,75
509,20.334274734941435,610,2.0,0.7697762846946716,1688,546,82,29
513,20.334274734941435,610,2.0,0.572880744934082,1810,554,107,49
358,20.334274734941435,610,2.0,0.29863476753234863,593,233,36,25
520,20.334274734941435,610,2.0,0.504461407661438,1777,556,54,45
7,20.36760961155609,611,9.0,0.24743810296058655,982,81,36,55
422,20.36760961155609,611,2.0,0.4297820031642914,792,321,60,38
479,20.36760961155609,611,2.0,0.21367506682872772,1068,398,72,37
480,20.36760961155609,611,9.0,0.24977287650108337,522,162,18,37
506,20.36760961155609,611,2.0,0.7089280486106873,61,850,122,74
509,20.36760961155609,611,2.0,0.7866948246955872,1680,547,85,30
513,20.36760961155609,611,2.0,0.6398642063140869,1803,554,110,49
358,20.36760961155609,611,2.0,0.23948757350444794,590,232,34,26
7,20.40094448817075,612,9.0,0.22602146863937378,982,81,38,54
422,20.40094448817075,612,2.0,0.3902665972709656,786,318,59,37
479,20.40094448817075,612,2.0,0.1402577906847,1057,394,76,41
480,20.40094448817075,612,9.0,0.16292491555213928,522,162,18,33
506,20.40094448817075,612,2.0,0.5576620697975159,54,851,109,74
509,20.40094448817075,612,2.0,0.6515489220619202,1674,548,89,30
513,20.40094448817075,612,2.0,0.7092355489730835,1797,556,111,50
358,20.40094448817075,612,2.0,0.22145062685012817,587,232,32,25
7,20.434279364785407,613,9.0,0.227713942527771,982,81,37,54
422,20.434279364785407,613,2.0,0.48935240507125854,780,315,59,38
479,20.434279364785407,613,2.0,0.4056301414966583,1047,389,74,42
480,20.434279364785407,613,9.0,0.15119418501853943,522,163,19,35
506,20.434279364785407,613,2.0,0.6846158504486084,49,852,98,75
509,20.434279364785407,613,2.0,0.7791375517845154,1667,548,82,30
513,20.434279364785407,613,2.0,0.7723140716552734,1792,556,112,51
358,20.434279364785407,613,2.0,0.26989445090293884,583,232,32,25
7,20.467614241400067,614,9.0,0.21803393959999084,982,81,36,55
422,20.467614241400067,614,2.0,0.5060476660728455,772,314,58,37
479,20.467614241400067,614,2.0,0.4089950919151306,1039,386,73,40
480,20.467614241400067,614,9.0,0.128093883395195,522,163,20,35
506,20.467614241400067,614,2.0,0.4772196412086487,41,853,83,74
509,20.467614241400067,614,2.0,0.759406328201294,1660,548,83,31
513,20.467614241400067,614,2.0,0.6623597741127014,1787,557,112,53
358,20.467614241400067,614,2.0,0.2822214961051941,580,231,33,26
520,20.467614241400067,614,2.0,0.5366031527519226,1754,557,48,46
7,20.500949118014724,615,9.0,0.24241101741790771,982,81,36,55
422,20.500949118014724,615,2.0,0.4874546527862549,767,313,57,37
479,20.500949118014724,615,2.0,0.2299145758152008,1027,383,71,37
506,20.500949118014724,615,2.0,0.5870465636253357,35,855,71,76
509,20.500949118014724,615,2.0,0.7255409359931946,1657,548,77,32
513,20.500949118014724,615,2.0,0.6326586008071899,1781,557,114,50
358,20.500949118014724,615,2.0,0.2221742868423462,578,231,33,25
529,20.500949118014724,615,2.0,0.4208076298236847,302,236,29,27
520,20.500949118014724,615,2.0,0.45928525924682617,1749,558,50,46
7,20.53428399462938,616,9.0,0.22731250524520874,982,81,36,55
422,20.53428399462938,616,2.0,0.569654643535614,761,311,57,36
479,20.53428399462938,616,2.0,0.23477651178836823,1017,378,72,38
506,20.53428399462938,616,2.0,0.6173238754272461,30,855,60,76
509,20.53428399462938,616,2.0,0.7114684581756592,1650,548,73,32
513,20.53428399462938,616,2.0,0.7505230903625488,1775,558,113,52
358,20.53428399462938,616,2.0,0.22020404040813446,577,231,34,25
529,20.53428399462938,616,2.0,0.3214523196220398,303,237,29,26
7,20.56761887124404,617,9.0,0.24042783677577972,982,81,36,55
422,20.56761887124404,617,2.0,0.5342056155204773,757,308,57,35
479,20.56761887124404,617,2.0,0.2798154354095459,1009,375,69,39
506,20.56761887124404,617,2.0,0.6144922971725464,22,854,45,71
509,20.56761887124404,617,2.0,0.7313016653060913,1648,548,69,30
513,20.56761887124404,617,2.0,0.7589304447174072,1770,558,112,54
358,20.56761887124404,617,2.0,0.10798981040716171,575,230,34,26
529,20.56761887124404,617,2.0,0.2642439603805542,304,237,29,27
7,20.600953747858696,618,9.0,0.24915114045143127,982,81,36,55
422,20.600953747858696,618,2.0,0.2967386245727539,751,306,55,33
479,20.600953747858696,618,2.0,0.5029623508453369,1001,372,68,39
506,20.600953747858696,618,2.0,0.48891106247901917,15,854,31,68
509,20.600953747858696,618,2.0,0.6922794580459595,1644,548,60,28
513,20.600953747858696,618,2.0,0.786516547203064,1764,559,113,53
529,20.600953747858696,618,2.0,0.32530009746551514,305,239,29,26
7,20.634288624473356,619,9.0,0.25733762979507446,982,81,36,55
422,20.634288624473356,619,2.0,0.37260353565216064,745,303,54,34
479,20.634288624473356,619,2.0,0.31049221754074097,993,368,68,40
506,20.634288624473356,619,2.0,0.3164103031158447,9,855,18,66
509,20.634288624473356,619,2.0,0.5584006309509277,1638,548,53,26
513,20.634288624473356,619,2.0,0.7286485433578491,1759,559,114,54
529,20.634288624473356,619,2.0,0.27811816334724426,306,239,29,27
7,20.667623501088013,620,9.0,0.25431233644485474,982,81,36,55
422,20.667623501088013,620,2.0,0.30790382623672485,739,302,54,34
479,20.667623501088013,620,2.0,0.28277239203453064,984,365,66,40
509,20.667623501088013,620,2.0,0.539864182472229,1632,548,48,24
513,20.667623501088013,620,2.0,0.7837620973587036,1752,559,114,52
529,20.667623501088013,620,2.0,0.30126145482063293,308,242,30,27
7,20.700958377702673,621,9.0,0.27378520369529724,982,81,36,55
422,20.700958377702673,621,2.0,0.30419525504112244,735,299,55,35
479,20.700958377702673,621,2.0,0.4911019802093506,977,362,64,39
509,20.700958377702673,621,2.0,0.36008456349372864,1629,548,37,21
513,20.700958377702673,621,2.0,0.6954234838485718,1747,560,113,52
529,20.700958377702673,621,2.0,0.308305948972702,308,243,32,28
7,20.73429325431733,622,9.0,0.25994816422462463,982,81,36,55
422,20.73429325431733,622,2.0,0.48490241169929504,729,296,51,35
479,20.73429325431733,622,2.0,0.5750243663787842,968,361,64,39
513,20.73429325431733,622,2.0,0.6240385174751282,1741,561,113,53
529,20.73429325431733,622,2.0,0.3781639039516449,309,245,34,28
7,20.76762813093199,623,9.0,0.24567323923110962,982,81,36,55
422,20.76762813093199,623,2.0,0.4835965037345886,723,292,52,39
479,20.76762813093199,623,2.0,0.44525793194770813,960,358,60,38
513,20.76762813093199,623,2.0,0.46396028995513916,1739,562,105,50
529,20.76762813093199,623,2.0,0.3487389385700226,312,246,33,30
7,20.800963007546645,624,9.0,0.24600987136363983,982,81,36,55
422,20.800963007546645,624,2.0,0.4878718852996826,719,291,51,41
479,20.800963007546645,624,2.0,0.2998516857624054,955,354,58,38
513,20.800963007546645,624,2.0,0.6347343921661377,1731,562,111,50
529,20.800963007546645,624,2.0,0.4378267824649811,314,247,33,29
531,20.800963007546645,624,2.0,0.6128562092781067,264,716,78,67
7,20.834297884161305,625,9.0,0.24237476289272308,982,81,36,55
422,20.834297884161305,625,2.0,0.5242013335227966,714,289,53,40
479,20.834297884161305,625,2.0,0.4442014694213867,945,352,61,36
513,20.834297884161305,625,2.0,0.6333519816398621,1723,562,114,48
529,20.834297884161305,625,2.0,0.42576563358306885,315,248,34,30
531,20.834297884161305,625,2.0,0.6517595648765564,256,717,92,75
533,20.834297884161305,625,2.0,0.7499974370002747,1881,724,74,74
7,20.86763276077596,626,9.0,0.24725930392742157,982,81,36,55
422,20.86763276077596,626,2.0,0.4901495575904846,708,287,52,37
479,20.86763276077596,626,2.0,0.2110067456960678,937,349,62,37
513,20.86763276077596,626,2.0,0.5985856056213379,1718,562,113,48
529,20.86763276077596,626,2.0,0.36363011598587036,317,250,35,28
531,20.86763276077596,626,2.0,0.6175344586372375,247,716,108,76
533,20.86763276077596,626,2.0,0.7487735748291016,1868,717,102,78
7,20.90096763739062,627,9.0,0.22545209527015686,982,81,36,55
422,20.90096763739062,627,2.0,0.5503522753715515,704,286,51,35
479,20.90096763739062,627,2.0,0.4916490316390991,931,346,59,35
513,20.90096763739062,627,2.0,0.6254369616508484,1713,562,112,48
529,20.90096763739062,627,2.0,0.44305792450904846,318,252,36,29
531,20.90096763739062,627,2.0,0.6751338243484497,239,717,125,77
533,20.90096763739062,627,2.0,0.6879130005836487,1853,714,131,95
7,20.934302514005278,628,9.0,0.217484712600708,982,81,36,55
422,20.934302514005278,628,2.0,0.6449031233787537,698,284,50,33
479,20.934302514005278,628,2.0,0.3700292706489563,923,343,57,36
513,20.934302514005278,628,2.0,0.6657705903053284,1709,563,110,49
529,20.934302514005278,628,2.0,0.46692508459091187,318,253,36,29
531,20.934302514005278,628,2.0,0.7244727611541748,230,717,144,78
533,20.934302514005278,628,2.0,0.7918459177017212,1838,705,162,102
7,20.967637390619938,629,9.0,0.22831742465496063,982,81,36,55
422,20.967637390619938,629,2.0,0.29660430550575256,695,283,48,31
479,20.967637390619938,629,2.0,0.4428402781486511,916,341,55,33
513,20.967637390619938,629,2.0,0.7359271049499512,1706,563,105,48
529,20.967637390619938,629,2.0,0.6288743019104004,319,255,35,30
531,20.967637390619938,629,2.0,0.768641471862793,220,718,161,82
533,20.967637390619938,629,2.0,0.846807599067688,1823,694,190,101
7,21.000972267234594,630,9.0,0.2292277216911316,982,81,36,55
422,21.000972267234594,630,2.0,0.4742262065410614,692,282,46,31
479,21.000972267234594,630,2.0,0.5204077959060669,909,338,58,34
513,21.000972267234594,630,2.0,0.6548011898994446,1703,564,99,49
529,21.000972267234594,630,2.0,0.542345404624939,320,257,36,32
531,21.000972267234594,630,2.0,0.788989245891571,209,721,174,80
533,21.000972267234594,630,2.0,0.8118569850921631,1806,683,212,100
7,21.034307143849254,631,9.0,0.2649541199207306,982,82,36,55
422,21.034307143849254,631,2.0,0.3126830756664276,688,279,49,34
479,21.034307143849254,631,2.0,0.17612224817276,902,335,56,34
513,21.034307143849254,631,2.0,0.6563999652862549,1700,564,94,46
529,21.034307143849254,631,2.0,0.6785836815834045,321,258,35,31
531,21.034307143849254,631,2.0,0.7499170899391174,193,723,179,80
533,21.034307143849254,631,2.0,0.8088592886924744,1780,671,217,99
7,21.06764202046391,632,9.0,0.24757948517799377,982,82,36,55
422,21.06764202046391,632,2.0,0.42453473806381226,683,276,47,36
479,21.06764202046391,632,2.0,0.167162224650383,894,332,58,35
513,21.06764202046391,632,2.0,0.6245654821395874,1697,565,89,45
529,21.06764202046391,632,2.0,0.6971270442008972,322,258,36,32
531,21.06764202046391,632,2.0,0.7534555196762085,179,722,184,84
533,21.06764202046391,632,2.0,0.8272524476051331,1751,660,215,98
7,21.10097689707857,633,9.0,0.2511769235134125,982,82,36,55
422,21.10097689707857,633,2.0,0.19734004139900208,679,275,47,36
479,21.10097689707857,633,2.0,0.1586899757385254,888,329,55,36
513,21.10097689707857,633,2.0,0.5935430526733398,1692,564,89,44
529,21.10097689707857,633,2.0,0.6573330760002136,323,259,36,31
531,21.10097689707857,633,2.0,0.8002452850341797,164,724,190,84
533,21.10097689707857,633,2.0,0.821169912815094,1724,647,210,95
7,21.134311773693227,634,9.0,0.2681514322757721,982,82,36,55
422,21.134311773693227,634,2.0,0.30362653732299805,675,274,45,35
513,21.134311773693227,634,2.0,0.4465849995613098,1685,562,96,44
529,21.134311773693227,634,2.0,0.5628029108047485,325,260,38,32
531,21.134311773693227,634,2.0,0.7393205761909485,147,726,191,82
533,21.134311773693227,634,2.0,0.7511996626853943,1695,637,203,92
7,21.167646650307887,635,9.0,0.25969746708869934,982,82,36,55
422,21.167646650307887,635,2.0,0.21520541608333588,672,273,44,33
513,21.167646650307887,635,2.0,0.46122485399246216,1680,562,93,43
529,21.167646650307887,635,2.0,0.545732319355011,326,262,38,34
531,21.167646650307887,635,2.0,0.7560440301895142,129,728,194,82
533,21.167646650307887,635,2.0,0.7263607978820801,1668,627,196,89
7,21.200981526922543,636,9.0,0.2514819800853729,982,82,36,55
422,21.200981526922543,636,2.0,0.30159398913383484,668,270,46,32
513,21.200981526922543,636,2.0,0.44052544236183167,1674,561,89,43
529,21.200981526922543,636,2.0,0.5596240758895874,327,263,37,34
531,21.200981526922543,636,2.0,0.7393604516983032,112,729,191,81
533,21.200981526922543,636,2.0,0.49711376428604126,1643,617,193,87
479,21.200981526922543,636,2.0,0.3282736539840698,869,322,56,35
7,21.2343164035372,637,9.0,0.24495871365070343,982,82,36,55
422,21.2343164035372,637,2.0,0.291511207818985,662,268,46,32
513,21.2343164035372,637,2.0,0.46796944737434387,1669,561,86,42
529,21.2343164035372,637,2.0,0.41199731826782227,329,265,39,34
531,21.2343164035372,637,2.0,0.6858444809913635,96,730,189,81
533,21.2343164035372,637,2.0,0.6678400635719299,1619,608,184,86
479,21.2343164035372,637,2.0,0.41080591082572937,864,321,55,34
7,21.26765128015186,638,9.0,0.24797677993774414,982,81,38,54
422,21.26765128015186,638,2.0,0.3235046863555908,658,265,45,30
513,21.26765128015186,638,2.0,0.4013747572898865,1666,561,81,41
529,21.26765128015186,638,2.0,0.504581093788147,330,267,39,35
531,21.26765128015186,638,2.0,0.7047633528709412,86,732,173,78
533,21.26765128015186,638,2.0,0.7071503400802612,1593,598,181,84
479,21.26765128015186,638,2.0,0.214231938123703,858,319,54,36
7,21.300986156766516,639,9.0,0.2430519014596939,982,81,37,55
422,21.300986156766516,639,2.0,0.3372204005718231,655,264,42,29
513,21.300986156766516,639,2.0,0.20771634578704834,1661,562,80,40
529,21.300986156766516,639,2.0,0.45345327258110046,332,268,39,35
531,21.300986156766516,639,2.0,0.6949805021286011,78,731,157,75
533,21.300986156766516,639,2.0,0.5277968645095825,1569,590,175,82
479,21.300986156766516,639,2.0,0.36941084265708923,851,316,52,34
7,21.334321033381176,640,9.0,0.2549130320549011,982,82,36,55
422,21.334321033381176,640,2.0,0.4389396905899048,652,262,40,30
529,21.334321033381176,640,2.0,0.41764533519744873,334,270,41,34
531,21.334321033381176,640,2.0,0.5453963875770569,69,732,138,71
533,21.334321033381176,640,2.0,0.3354667127132416,1545,580,173,80
479,21.334321033381176,640,2.0,0.40844956040382385,845,315,52,32
7,21.367655909995833,641,9.0,0.2614266574382782,982,82,36,55
422,21.367655909995833,641,2.0,0.2960401475429535,648,261,38,29
529,21.367655909995833,641,2.0,0.5056288242340088,336,272,41,36
531,21.367655909995833,641,2.0,0.5749794244766235,60,734,121,71
533,21.367655909995833,641,2.0,0.5493641495704651,1526,573,167,77
479,21.367655909995833,641,2.0,0.3222253620624542,840,312,54,34
7,21.400990786610492,642,9.0,0.2536872625350952,982,81,36,55
422,21.400990786610492,642,2.0,0.3804026246070862,642,258,43,28
529,21.400990786610492,642,2.0,0.5496425032615662,338,274,42,35
531,21.400990786610492,642,2.0,0.49121901392936707,52,737,104,72
533,21.400990786610492,642,2.0,0.42676904797554016,1504,564,162,79
479,21.400990786610492,642,2.0,0.3246442377567291,834,309,50,32
7,21.43432566322515,643,9.0,0.2523021697998047,982,82,36,55
422,21.43432566322515,643,2.0,0.45441681146621704,637,257,43,28
529,21.43432566322515,643,2.0,0.6880524158477783,340,276,40,34
531,21.43432566322515,643,2.0,0.34455305337905884,41,738,82,68
533,21.43432566322515,643,2.0,0.32654863595962524,1484,556,158,75
479,21.43432566322515,643,2.0,0.40715086460113525,827,308,52,30
537,21.43432566322515,643,2.0,0.4464402496814728,1905,594,27,28
7,21.46766053983981,644,9.0,0.2627668082714081,982,82,36,55
422,21.46766053983981,644,2.0,0.3387426435947418,633,257,43,27
529,21.46766053983981,644,2.0,0.6786723136901855,341,278,40,36
531,21.46766053983981,644,2.0,0.39838773012161255,32,734,65,61
533,21.46766053983981,644,7.0,0.4382779598236084,1464,548,153,75
479,21.46766053983981,644,2.0,0.17318399250507355,822,306,53,31
537,21.46766053983981,644,2.0,0.5172132253646851,1903,596,31,30
539,21.46766053983981,644,2.0,0.5837318301200867,1863,793,111,95
7,21.500995416454465,645,9.0,0.262778639793396,982,82,36,55
422,21.500995416454465,645,2.0,0.17537733912467957,630,256,41,26
529,21.500995416454465,645,2.0,0.731828510761261,343,279,39,34
531,21.500995416454465,645,2.0,0.45352160930633545,24,738,48,66
533,21.500995416454465,645,7.0,0.3030352294445038,1443,541,150,73
479,21.500995416454465,645,2.0,0.2458144873380661,816,303,52,33
537,21.500995416454465,645,2.0,0.4600285589694977,1900,596,38,33
539,21.500995416454465,645,2.0,0.3648635149002075,1848,786,140,108
7,21.534330293069125,646,9.0,0.25837770104408264,982,82,36,55
422,21.534330293069125,646,2.0,0.32416999340057373,628,256,39,26
529,21.534330293069125,646,2.0,0.7540761232376099,344,281,39,34
531,21.534330293069125,646,2.0,0.4064871072769165,13,738,27,65
533,21.534330293069125,646,2.0,0.5401171445846558,1424,533,144,70
479,21.534330293069125,646,2.0,0.25676992535591125,812,301,51,32
537,21.534330293069125,646,2.0,0.5779697299003601,1896,596,44,36
539,21.534330293069125,646,2.0,0.7527981996536255,1832,771,173,110
7,21.56766516968378,647,9.0,0.2529044449329376,982,81,36,55
422,21.56766516968378,647,2.0,0.15140052139759064,625,256,37,25
529,21.56766516968378,647,2.0,0.7185855507850647,346,282,40,35
533,21.56766516968378,647,2.0,0.43224990367889404,1406,526,145,71
479,21.56766516968378,647,2.0,0.16182447969913483,807,299,49,31
537,21.56766516968378,647,2.0,0.6950147151947021,1892,596,53,39
539,21.56766516968378,647,2.0,0.8538712859153748,1814,753,205,111
7,21.60100004629844,648,9.0,0.2531566023826599,982,81,36,55
529,21.60100004629844,648,2.0,0.6990064978599548,348,285,42,37
533,21.60100004629844,648,2.0,0.5372751355171204,1389,519,139,69
479,21.60100004629844,648,2.0,0.3294399678707123,801,298,49,32
537,21.60100004629844,648,2.0,0.7509691119194031,1889,597,58,41
539,21.60100004629844,648,2.0,0.8564168214797974,1784,737,211,105
7,21.634334922913098,649,9.0,0.2575604021549225,982,82,36,55
529,21.634334922913098,649,2.0,0.6255310773849487,349,287,42,39
533,21.634334922913098,649,7.0,0.385891854763031,1372,513,140,68
479,21.634334922913098,649,2.0,0.41285932064056396,796,297,49,30
537,21.634334922913098,649,2.0,0.7558494806289673,1886,598,64,43
539,21.634334922913098,649,2.0,0.7626422047615051,1750,723,207,104
7,21.667669799527758,650,9.0,0.26829782128334045,982,81,36,55
529,21.667669799527758,650,2.0,0.541113555431366,351,289,43,40
533,21.667669799527758,650,2.0,0.38153862953186035,1354,506,134,67
479,21.667669799527758,650,2.0,0.33574822545051575,791,295,49,29
537,21.667669799527758,650,2.0,0.7228654623031616,1883,599,72,44
539,21.667669799527758,650,2.0,0.8444227576255798,1717,709,201,100
7,21.701004676142414,651,9.0,0.2832362651824951,982,81,36,55
529,21.701004676142414,651,2.0,0.4907420873641968,353,290,44,39
533,21.701004676142414,651,2.0,0.6430360078811646,1338,498,135,66
479,21.701004676142414,651,2.0,0.2613508105278015,786,293,45,30
537,21.701004676142414,651,2.0,0.7527484893798828,1879,600,79,45
539,21.701004676142414,651,2.0,0.8419233560562134,1685,694,192,97
7,21.734339552757074,652,9.0,0.2893452048301697,982,82,36,55
529,21.734339552757074,652,2.0,0.5104340314865112,355,292,46,39
533,21.734339552757074,652,2.0,0.6776461005210876,1321,492,130,66
479,21.734339552757074,652,2.0,0.28811800479888916,783,292,41,27
537,21.734339552757074,652,2.0,0.7722309827804565,1875,600,85,46
539,21.734339552757074,652,2.0,0.8423866033554077,1654,680,188,95
7,21.76767442937173,653,9.0,0.27109280228614807,982,82,36,55
529,21.76767442937173,653,2.0,0.5066841244697571,357,294,45,40
533,21.76767442937173,653,2.0,0.6012282371520996,1304,485,131,64
537,21.76767442937173,653,2.0,0.798751175403595,1870,601,89,48
539,21.76767442937173,653,2.0,0.7826567888259888,1623,668,181,88
7,21.80100930598639,654,9.0,0.2631424069404602,982,82,36,55
529,21.80100930598639,654,2.0,0.6273617148399353,359,296,45,41
533,21.80100930598639,654,2.0,0.7433285117149353,1288,479,123,64
537,21.80100930598639,654,2.0,0.7736517190933228,1863,601,91,49
539,21.80100930598639,654,2.0,0.8654008507728577,1595,656,179,87
7,21.834344182601047,655,9.0,0.2497226744890213,982,81,36,55
529,21.834344182601047,655,2.0,0.5358231067657471,361,298,47,41
533,21.834344182601047,655,2.0,0.6985307335853577,1274,474,125,63
537,21.834344182601047,655,2.0,0.7164180278778076,1855,602,91,50
539,21.834344182601047,655,2.0,0.7851895689964294,1567,643,172,86
544,21.834344182601047,655,2.0,0.7385540008544922,1882,726,73,69
479,21.834344182601047,655,2.0,0.31567704677581787,764,285,42,28
7,21.867679059215707,656,9.0,0.23689426481723785,982,81,36,55
529,21.867679059215707,656,2.0,0.6002153754234314,362,301,45,41
533,21.867679059215707,656,2.0,0.6469809412956238,1261,469,123,62
537,21.867679059215707,656,2.0,0.7647006511688232,1849,603,90,49
539,21.867679059215707,656,2.0,0.8333513736724854,1540,631,165,86
544,21.867679059215707,656,2.0,0.5760829448699951,1870,719,98,75
546,21.867679059215707,656,2.0,0.43948987126350403,1303,331,54,26
479,21.867679059215707,656,2.0,0.26521536707878113,761,283,42,29
7,21.901013935830363,657,9.0,0.24404458701610565,982,82,36,55
529,21.901013935830363,657,2.0,0.6026715040206909,364,303,46,40
533,21.901013935830363,657,2.0,0.6169599294662476,1246,465,120,59
537,21.901013935830363,657,2.0,0.7354869246482849,1844,604,91,49
539,21.901013935830363,657,2.0,0.7506838440895081,1515,622,160,81
544,21.901013935830363,657,2.0,0.6079496145248413,1855,716,127,91
546,21.901013935830363,657,2.0,0.41835877299308777,1303,330,52,26
479,21.901013935830363,657,2.0,0.24352295696735382,756,282,44,28
7,21.93434881244502,658,9.0,0.25516217947006226,982,82,36,55
529,21.93434881244502,658,2.0,0.5917001962661743,367,306,45,39
533,21.93434881244502,658,2.0,0.6496534943580627,1231,460,120,58
537,21.93434881244502,658,2.0,0.7177114486694336,1837,605,87,48
539,21.93434881244502,658,2.0,0.84043949842453,1492,612,157,80
544,21.93434881244502,658,2.0,0.7542458176612854,1840,707,157,101
546,21.93434881244502,658,2.0,0.39188969135284424,1300,330,51,26
479,21.93434881244502,658,2.0,0.10200145095586777,752,280,44,28
7,21.96768368905968,659,9.0,0.25868043303489685,982,82,36,55
529,21.96768368905968,659,2.0,0.6929525136947632,370,307,44,40
533,21.96768368905968,659,2.0,0.5407758355140686,1218,454,113,58
537,21.96768368905968,659,2.0,0.639184832572937,1831,605,86,46
539,21.96768368905968,659,2.0,0.8255070447921753,1467,603,152,81
544,21.96768368905968,659,2.0,0.7720808982849121,1825,693,187,99
546,21.96768368905968,659,2.0,0.4063049256801605,1297,330,47,26
479,21.96768368905968,659,2.0,0.18216878175735474,748,278,43,28
7,22.001018565674336,660,9.0,0.24404597282409668,982,81,36,55
529,22.001018565674336,660,2.0,0.612824559211731,371,309,46,43
533,22.001018565674336,660,2.0,0.6120234727859497,1205,449,110,58
537,22.001018565674336,660,2.0,0.5704547166824341,1825,606,83,46
539,22.001018565674336,660,2.0,0.8359088897705078,1445,594,147,80
544,22.001018565674336,660,2.0,0.8024266362190247,1806,683,203,99
546,22.001018565674336,660,2.0,0.2582949101924896,1294,329,44,26
479,22.001018565674336,660,2.0,0.10285428911447525,744,277,43,28
422,22.001018565674336,660,2.0,0.4926212728023529,581,234,38,28
7,22.034353442288996,661,9.0,0.25575369596481323,982,81,36,55
529,22.034353442288996,661,2.0,0.5332840085029602,373,312,47,43
533,22.034353442288996,661,2.0,0.6676910519599915,1193,443,105,58
537,22.034353442288996,661,2.0,0.5538630485534668,1818,607,82,45
539,22.034353442288996,661,2.0,0.7805663347244263,1423,582,145,72
544,22.034353442288996,661,2.0,0.8340340852737427,1779,671,205,95
546,22.034353442288996,661,2.0,0.11537482589483261,1290,329,40,26
479,22.034353442288996,661,2.0,0.17605845630168915,739,277,43,28
422,22.034353442288996,661,2.0,0.21850550174713135,578,234,36,28
7,22.067688318903652,662,9.0,0.26137953996658325,982,82,36,55
529,22.067688318903652,662,2.0,0.41849732398986816,376,315,47,44
533,22.067688318903652,662,2.0,0.4811502993106842,1181,439,106,55
537,22.067688318903652,662,2.0,0.5754218697547913,1811,608,80,45
539,22.067688318903652,662,2.0,0.8144065141677856,1401,572,143,71
544,22.067688318903652,662,2.0,0.8427973389625549,1750,660,202,94
479,22.067688318903652,662,2.0,0.15737611055374146,735,277,42,27
422,22.067688318903652,662,2.0,0.14402830600738525,576,234,34,29
7,22.101023195518312,663,9.0,0.2579278349876404,982,82,36,55
529,22.101023195518312,663,2.0,0.471383661031723,379,318,50,46
533,22.101023195518312,663,2.0,0.7077030539512634,1168,434,105,56
537,22.101023195518312,663,2.0,0.5928753614425659,1805,607,77,42
539,22.101023195518312,663,2.0,0.8115146160125732,1378,563,140,69
544,22.101023195518312,663,2.0,0.8217391967773438,1720,648,196,90
479,22.101023195518312,663,2.0,0.31364762783050537,730,274,40,27
422,22.101023195518312,663,2.0,0.23643015325069427,574,234,35,28
7,22.13435807213297,664,9.0,0.25000813603401184,982,82,36,55
529,22.13435807213297,664,2.0,0.5252140164375305,382,321,51,47
533,22.13435807213297,664,2.0,0.6556687951087952,1155,430,101,54
537,22.13435807213297,664,2.0,0.6514768004417419,1799,607,76,41
539,22.13435807213297,664,2.0,0.8101966381072998,1359,555,134,69
544,22.13435807213297,664,2.0,0.7229718565940857,1693,638,190,87
479,22.13435807213297,664,2.0,0.3984960615634918,727,273,40,27
7,22.16769294874763,665,9.0,0.2546939253807068,982,82,36,55
529,22.16769294874763,665,2.0,0.7271889448165894,386,323,51,47
533,22.16769294874763,665,2.0,0.46667706966400146,1143,423,103,58
537,22.16769294874763,665,2.0,0.5925328135490417,1795,607,70,40
539,22.16769294874763,665,2.0,0.7472830414772034,1339,546,131,69
544,22.16769294874763,665,2.0,0.7698715925216675,1666,626,183,86
479,22.16769294874763,665,2.0,0.361970454454422,722,271,40,24
7,22.201027825362285,666,9.0,0.2478218823671341,982,82,36,55
529,22.201027825362285,666,2.0,0.7452921271324158,387,325,51,46
533,22.201027825362285,666,2.0,0.600853681564331,1131,420,104,57
537,22.201027825362285,666,2.0,0.632587194442749,1791,605,65,36
539,22.201027825362285,666,2.0,0.8412829637527466,1321,537,128,68
544,22.201027825362285,666,2.0,0.8291198015213013,1641,616,179,85
479,22.201027825362285,666,2.0,0.3065161108970642,717,268,42,25
549,22.201027825362285,666,2.0,0.747719407081604,1863,782,111,88
7,22.234362701976945,667,9.0,0.25077909231185913,982,82,36,55
529,22.234362701976945,667,2.0,0.7436653971672058,388,329,52,45
533,22.234362701976945,667,2.0,0.6408793330192566,1119,415,101,56
537,22.234362701976945,667,2.0,0.6273351907730103,1786,605,60,34
539,22.234362701976945,667,2.0,0.7606679797172546,1302,529,127,67
544,22.234362701976945,667,2.0,0.8299088478088379,1616,607,175,83
479,22.234362701976945,667,2.0,0.31351131200790405,714,267,41,25
549,22.234362701976945,667,2.0,0.7542164325714111,1849,776,139,110
7,22.2676975785916,668,9.0,0.2611676752567291,982,82,36,55
529,22.2676975785916,668,2.0,0.7012034058570862,390,331,52,46
533,22.2676975785916,668,2.0,0.6083484292030334,1107,410,99,55
537,22.2676975785916,668,2.0,0.3963373601436615,1781,603,52,32
539,22.2676975785916,668,2.0,0.7932387590408325,1285,523,124,66
544,22.2676975785916,668,2.0,0.7865200042724609,1592,596,170,81
479,22.2676975785916,668,2.0,0.421141654253006,709,265,39,23
549,22.2676975785916,668,2.0,0.7568680644035339,1832,766,173,114
7,22.30103245520626,669,9.0,0.2596594989299774,982,82,36,55
529,22.30103245520626,669,2.0,0.6272098422050476,392,334,53,49
533,22.30103245520626,669,2.0,0.5349188446998596,1097,406,100,54
537,22.30103245520626,669,2.0,0.3112052083015442,1776,603,48,28
539,22.30103245520626,669,2.0,0.8245871663093567,1268,515,120,66
544,22.30103245520626,669,2.0,0.7665011286735535,1569,587,167,80
479,22.30103245520626,669,2.0,0.3492732048034668,706,264,36,25
549,22.30103245520626,669,2.0,0.8625050187110901,1816,751,205,115
7,22.334367331820918,670,9.0,0.24774883687496185,982,82,36,55
529,22.334367331820918,670,2.0,0.6273806691169739,395,335,54,50
533,22.334367331820918,670,2.0,0.5199710130691528,1086,403,98,52
539,22.334367331820918,670,2.0,0.8108660578727722,1250,509,119,65
544,22.334367331820918,670,2.0,0.7420586347579956,1546,577,163,78
549,22.334367331820918,670,2.0,0.8793467879295349,1788,736,215,108
7,22.367702208435578,671,9.0,0.2398861050605774,982,81,36,55
529,22.367702208435578,671,2.0,0.6467404365539551,398,339,55,49
533,22.367702208435578,671,2.0,0.4467414915561676,1076,398,89,51
539,22.367702208435578,671,2.0,0.7341047525405884,1233,502,115,63
544,22.367702208435578,671,2.0,0.7169786095619202,1525,571,157,77
549,22.367702208435578,671,2.0,0.8288931846618652,1757,722,213,105
7,22.401037085050234,672,9.0,0.23587827384471893,982,81,36,55
529,22.401037085050234,672,2.0,0.6412988901138306,401,342,55,52
533,22.401037085050234,672,2.0,0.5252570509910583,1065,394,87,50
539,22.401037085050234,672,2.0,0.7522860169410706,1216,494,112,61
544,22.401037085050234,672,2.0,0.6548305153846741,1503,561,153,75
549,22.401037085050234,672,2.0,0.8619845509529114,1725,708,206,102
479,22.401037085050234,672,2.0,0.2912892699241638,694,260,36,25
7,22.434371961664894,673,9.0,0.2350090891122818,982,81,36,55
529,22.434371961664894,673,2.0,0.7007900476455688,403,344,54,52
533,22.434371961664894,673,2.0,0.48514610528945923,1056,390,92,50
539,22.434371961664894,673,2.0,0.7716840505599976,1200,487,111,61
544,22.434371961664894,673,2.0,0.6110801100730896,1482,552,150,74
549,22.434371961664894,673,2.0,0.8113743662834167,1694,693,200,99
479,22.434371961664894,673,2.0,0.4236629605293274,691,258,36,26
7,22.46770683827955,674,9.0,0.22886112332344055,982,81,36,55
529,22.46770683827955,674,2.0,0.669010579586029,406,347,53,53
533,22.46770683827955,674,2.0,0.4906519651412964,1043,386,86,46
539,22.46770683827955,674,2.0,0.7788137793540955,1186,480,110,61
544,22.46770683827955,674,2.0,0.7314862012863159,1465,545,145,76
549,22.46770683827955,674,2.0,0.8200665712356567,1664,680,193,98
479,22.46770683827955,674,2.0,0.3234739899635315,686,257,35,24
7,22.50104171489421,675,9.0,0.21551354229450226,982,81,36,55
529,22.50104171489421,675,2.0,0.7202752828598022,410,349,52,53
533,22.50104171489421,675,2.0,0.6004574298858643,1034,384,89,49
539,22.50104171489421,675,2.0,0.7673494815826416,1171,474,105,59
544,22.50104171489421,675,2.0,0.7567253708839417,1444,538,142,72
549,22.50104171489421,675,2.0,0.7716716527938843,1634,667,186,93
479,22.50104171489421,675,2.0,0.23246310651302338,684,255,34,24
7,22.534376591508867,676,9.0,0.2192741483449936,982,81,36,55
529,22.534376591508867,676,2.0,0.6673107147216797,413,354,55,53
533,22.534376591508867,676,2.0,0.6499334573745728,1026,379,92,48
539,22.534376591508867,676,2.0,0.8345721960067749,1156,468,105,58
544,22.534376591508867,676,2.0,0.8086603879928589,1425,530,140,70
549,22.534376591508867,676,2.0,0.8662384152412415,1607,657,180,90
479,22.534376591508867,676,2.0,0.18979239463806152,682,254,33,24
7,22.567711468123527,677,9.0,0.2230524718761444,982,81,36,55
529,22.567711468123527,677,2.0,0.6871010661125183,416,358,60,51
533,22.567711468123527,677,2.0,0.41097813844680786,1017,378,89,44
539,22.567711468123527,677,2.0,0.7105461359024048,1143,462,103,58
544,22.567711468123527,677,2.0,0.643362283706665,1406,524,139,72
549,22.567711468123527,677,2.0,0.7778461575508118,1580,645,174,87
479,22.567711468123527,677,2.0,0.1332446187734604,681,254,33,24
7,22.601046344738183,678,9.0,0.25900572538375854,982,81,36,55
529,22.601046344738183,678,2.0,0.6493515372276306,420,362,63,54
533,22.601046344738183,678,2.0,0.6327031254768372,1008,372,85,46
539,22.601046344738183,678,2.0,0.75372713804245,1129,457,100,57
544,22.601046344738183,678,2.0,0.7402543425559998,1390,516,136,67
549,22.601046344738183,678,2.0,0.8014222979545593,1554,635,168,85
7,22.63438122135284,679,9.0,0.23059877753257751,982,81,36,55
529,22.63438122135284,679,2.0,0.6417590379714966,424,366,63,54
533,22.63438122135284,679,2.0,0.5598597526550293,1001,369,85,45
539,22.63438122135284,679,2.0,0.7423920035362244,1114,451,100,54
544,22.63438122135284,679,2.0,0.5959868431091309,1371,511,135,67
549,22.63438122135284,679,2.0,0.7038869261741638,1528,623,165,83
559,22.63438122135284,679,2.0,0.4531245529651642,1893,473,50,30
7,22.6677160979675,680,9.0,0.21056348085403442,982,82,36,55
529,22.6677160979675,680,2.0,0.681087076663971,427,368,62,54
533,22.6677160979675,680,2.0,0.6743952631950378,991,366,87,45
539,22.6677160979675,680,2.0,0.7834389805793762,1102,446,97,53
544,22.6677160979675,680,2.0,0.7071554660797119,1354,503,131,67
549,22.6677160979675,680,2.0,0.8128955960273743,1504,615,159,82
559,22.6677160979675,680,2.0,0.42752647399902344,1891,472,54,30
7,22.701050974582156,681,9.0,0.2148815393447876,982,82,36,55
529,22.701050974582156,681,2.0,0.6888867616653442,430,373,61,53
533,22.701050974582156,681,2.0,0.5756555199623108,982,363,86,44
539,22.701050974582156,681,2.0,0.7608859539031982,1090,438,96,56
544,22.701050974582156,681,2.0,0.7295901775360107,1339,496,127,66
549,22.701050974582156,681,2.0,0.8280288577079773,1483,605,158,79
559,22.701050974582156,681,2.0,0.2671849727630615,1889,471,59,29
7,22.734385851196816,682,9.0,0.21606726944446564,982,82,36,55
529,22.734385851196816,682,2.0,0.6338363885879517,433,376,62,56
533,22.734385851196816,682,2.0,0.6477375030517578,974,359,79,43
539,22.734385851196816,682,2.0,0.7130566835403442,1078,433,97,57
544,22.734385851196816,682,2.0,0.6989952325820923,1323,489,126,69
549,22.734385851196816,682,2.0,0.6677278876304626,1460,595,155,79
559,22.734385851196816,682,2.0,0.35925546288490295,1887,470,62,29
7,22.767720727811472,683,9.0,0.21929113566875458,982,82,36,55
529,22.767720727811472,683,2.0,0.6774190068244934,436,381,63,55
533,22.767720727811472,683,2.0,0.5656921863555908,963,356,82,43
539,22.767720727811472,683,2.0,0.6758893728256226,1065,428,93,55
544,22.767720727811472,683,2.0,0.7623183131217957,1305,483,126,65
549,22.767720727811472,683,2.0,0.7377360463142395,1439,584,149,78
559,22.767720727811472,683,2.0,0.4214272201061249,1885,470,66,31
479,22.767720727811472,683,2.0,0.34818702936172485,658,248,34,24
7,22.801055604426132,684,9.0,0.20869675278663635,982,81,38,54
529,22.801055604426132,684,2.0,0.6265350580215454,440,385,65,57
533,22.801055604426132,684,2.0,0.6472769379615784,956,354,79,44
539,22.801055604426132,684,2.0,0.6742664575576782,1054,424,91,52
544,22.801055604426132,684,2.0,0.7064639925956726,1291,478,120,64
549,22.801055604426132,684,2.0,0.755332350730896,1417,575,148,74
559,22.801055604426132,684,2.0,0.3117654323577881,1882,470,70,32
479,22.801055604426132,684,2.0,0.2001681923866272,654,246,30,21
7,22.83439048104079,685,9.0,0.2153903990983963,982,82,36,54
529,22.83439048104079,685,2.0,0.7478039264678955,443,389,65,59
533,22.83439048104079,685,2.0,0.7354474067687988,948,351,78,45
539,22.83439048104079,685,2.0,0.6768896579742432,1041,419,90,51
544,22.83439048104079,685,2.0,0.6135570406913757,1277,472,121,64
549,22.83439048104079,685,2.0,0.7639217376708984,1397,567,144,72
559,22.83439048104079,685,2.0,0.48349547386169434,1878,470,69,33
479,22.83439048104079,685,2.0,0.13009794056415558,651,245,29,21
7,22.86772535765545,686,9.0,0.20406293869018555,982,81,38,54
529,22.86772535765545,686,2.0,0.5970045924186707,447,393,66,62
533,22.86772535765545,686,2.0,0.7202383875846863,941,349,74,43
539,22.86772535765545,686,2.0,0.723000705242157,1031,414,87,52
544,22.86772535765545,686,2.0,0.6609165668487549,1263,467,118,63
549,22.86772535765545,686,2.0,0.7281512022018433,1377,559,142,71
559,22.86772535765545,686,2.0,0.43548789620399475,1876,469,69,32
7,22.901060234270105,687,9.0,0.21931560337543488,982,81,37,54
529,22.901060234270105,687,2.0,0.6902630925178528,451,396,65,62
533,22.901060234270105,687,2.0,0.6536992192268372,936,346,72,43
539,22.901060234270105,687,2.0,0.7170869708061218,1018,410,88,51
544,22.901060234270105,687,2.0,0.549742579460144,1247,462,117,60
549,22.901060234270105,687,2.0,0.6892463564872742,1357,551,138,70
559,22.901060234270105,687,2.0,0.45719537138938904,1874,468,70,32
7,22.934395110884765,688,9.0,0.2235124409198761,982,81,38,54
529,22.934395110884765,688,2.0,0.7718332409858704,455,400,68,64
533,22.934395110884765,688,2.0,0.7409618496894836,927,342,74,43
539,22.934395110884765,688,2.0,0.6866592168807983,1008,406,85,50
544,22.934395110884765,688,2.0,0.7120658159255981,1233,456,115,60
549,22.934395110884765,688,2.0,0.6521574854850769,1338,543,132,70
559,22.934395110884765,688,2.0,0.4528357684612274,1865,465,72,33
7,22.96772998749942,689,9.0,0.2220568060874939,982,81,37,54
529,22.96772998749942,689,2.0,0.6531417965888977,459,405,70,62
533,22.96772998749942,689,2.0,0.6389003992080688,919,340,74,42
539,22.96772998749942,689,2.0,0.76155024766922,996,403,84,47
544,22.96772998749942,689,2.0,0.7219517230987549,1221,450,110,63
549,22.96772998749942,689,2.0,0.7386758923530579,1321,534,131,72
559,22.96772998749942,689,2.0,0.41820982098579407,1855,464,80,36
7,23.00106486411408,690,9.0,0.21071286499500275,982,81,38,54
529,23.00106486411408,690,2.0,0.571864664554596,465,409,72,63
533,23.00106486411408,690,2.0,0.6745535731315613,912,337,74,41
539,23.00106486411408,690,2.0,0.673043966293335,986,399,83,45
544,23.00106486411408,690,2.0,0.7117626070976257,1206,445,110,61
549,23.00106486411408,690,2.0,0.7199802398681641,1303,527,130,70
559,23.00106486411408,690,2.0,0.5152032971382141,1850,463,79,38
7,23.034399740728738,691,9.0,0.2355058193206787,982,81,37,54
529,23.034399740728738,691,2.0,0.6979751586914062,470,415,71,64
533,23.034399740728738,691,2.0,0.646253764629364,904,334,73,41
539,23.034399740728738,691,2.0,0.7176032066345215,976,392,80,48
544,23.034399740728738,691,2.0,0.7813175320625305,1194,441,108,60
549,23.034399740728738,691,2.0,0.837868332862854,1287,520,126,68
559,23.034399740728738,691,2.0,0.4192882180213928,1848,462,71,36
7,23.067734617343397,692,9.0,0.2364821434020996,982,81,36,55
529,23.067734617343397,692,2.0,0.6701226830482483,475,419,70,66
533,23.067734617343397,692,2.0,0.45262759923934937,898,332,76,42
539,23.067734617343397,692,2.0,0.6031442880630493,966,385,81,55
544,23.067734617343397,692,2.0,0.6299828886985779,1181,434,108,63
549,23.067734617343397,692,2.0,0.7913177013397217,1270,513,122,66
559,23.067734617343397,692,2.0,0.5410656929016113,1842,460,72,35
567,23.067734617343397,692,2.0,0.5982551574707031,256,766,87,80
7,23.101069493958054,693,9.0,0.21987998485565186,982,81,36,54
529,23.101069493958054,693,2.0,0.7321787476539612,479,425,71,66
533,23.101069493958054,693,2.0,0.5450326800346375,891,329,74,39
539,23.101069493958054,693,2.0,0.6932040452957153,956,381,77,54
544,23.101069493958054,693,2.0,0.5710338950157166,1170,430,106,59
549,23.101069493958054,693,2.0,0.7148236632347107,1253,507,121,63
559,23.101069493958054,693,2.0,0.40386325120925903,1839,460,69,33
567,23.101069493958054,693,2.0,0.7878607511520386,248,766,101,83
7,23.134404370572714,694,9.0,0.22971013188362122,982,81,36,54
529,23.134404370572714,694,2.0,0.6587889194488525,485,431,74,67
533,23.134404370572714,694,2.0,0.536827027797699,884,327,69,38
539,23.134404370572714,694,2.0,0.7626463770866394,947,378,75,51
544,23.134404370572714,694,2.0,0.4833528399467468,1158,424,105,59
549,23.134404370572714,694,2.0,0.6983005404472351,1237,501,118,63
559,23.134404370572714,694,2.0,0.29217976331710815,1833,459,70,34
567,23.134404370572714,694,2.0,0.765860915184021,239,769,117,79
7,23.16773924718737,695,9.0,0.23613518476486206,982,81,36,54
529,23.16773924718737,695,2.0,0.6533690690994263,489,436,76,66
533,23.16773924718737,695,2.0,0.5494909286499023,877,323,67,39
539,23.16773924718737,695,2.0,0.6433509588241577,938,374,74,54
544,23.16773924718737,695,2.0,0.39302778244018555,1145,420,102,61
549,23.16773924718737,695,2.0,0.7150683403015137,1220,495,115,60
559,23.16773924718737,695,2.0,0.13328847289085388,1825,457,68,32
567,23.16773924718737,695,2.0,0.7858770489692688,229,769,135,82
7,23.20107412380203,696,9.0,0.2513464689254761,982,81,36,55
529,23.20107412380203,696,2.0,0.688863217830658,494,441,77,67
533,23.20107412380203,696,2.0,0.4470682144165039,871,321,67,39
539,23.20107412380203,696,2.0,0.7478974461555481,929,371,74,51
544,23.20107412380203,696,2.0,0.35955891013145447,1137,416,92,58
549,23.20107412380203,696,2.0,0.703879177570343,1207,487,113,62
559,23.20107412380203,696,2.0,0.26815032958984375,1819,455,67,29
567,23.20107412380203,696,2.0,0.7108680605888367,219,771,152,83
7,23.234409000416687,697,9.0,0.2308330535888672,982,81,36,55
529,23.234409000416687,697,2.0,0.7534581422805786,498,446,79,69
533,23.234409000416687,697,2.0,0.41917353868484497,866,319,64,38
539,23.234409000416687,697,2.0,0.6759874820709229,921,368,73,47
544,23.234409000416687,697,2.0,0.5170436501502991,1122,411,99,56
549,23.234409000416687,697,2.0,0.6952204704284668,1193,480,111,63
559,23.234409000416687,697,2.0,0.35589489340782166,1817,456,64,30
567,23.234409000416687,697,2.0,0.7298839688301086,210,775,168,79
7,23.267743877031346,698,9.0,0.23737041652202606,982,81,36,55
529,23.267743877031346,698,2.0,0.6610032916069031,505,452,78,70
533,23.267743877031346,698,2.0,0.41622644662857056,859,319,62,37
539,23.267743877031346,698,2.0,0.5912711024284363,911,364,72,48
544,23.267743877031346,698,2.0,0.6186902523040771,1109,407,99,56
549,23.267743877031346,698,2.0,0.7024517059326172,1179,474,107,61
559,23.267743877031346,698,2.0,0.23097972571849823,1811,455,66,29
567,23.267743877031346,698,2.0,0.74776291847229,200,777,186,81
570,23.267743877031346,698,2.0,0.4736255705356598,1902,544,33,29
7,23.301078753646003,699,9.0,0.2192336618900299,982,81,38,53
529,23.301078753646003,699,2.0,0.6981396079063416,510,459,81,70
533,23.301078753646003,699,2.0,0.49378353357315063,852,316,63,37
539,23.301078753646003,699,2.0,0.6703967452049255,903,362,70,48
544,23.301078753646003,699,2.0,0.5541628003120422,1100,403,94,55
549,23.301078753646003,699,2.0,0.7088924050331116,1165,469,107,60
559,23.301078753646003,699,2.0,0.29614806175231934,1808,453,65,30
567,23.301078753646003,699,2.0,0.7454081773757935,181,776,187,85
570,23.301078753646003,699,2.0,0.5570074915885925,1899,547,39,36
7,23.334413630260663,700,9.0,0.215521439909935,982,81,39,53
529,23.334413630260663,700,2.0,0.7528388500213623,516,465,83,71
533,23.334413630260663,700,2.0,0.5549522042274475,846,314,62,37
539,23.334413630260663,700,2.0,0.5887106657028198,893,358,71,46
544,23.334413630260663,700,2.0,0.4115188717842102,1094,401,86,52
549,23.334413630260663,700,2.0,0.7354579567909241,1151,463,105,59
559,23.334413630260663,700,2.0,0.4719851315021515,1800,454,62,31
567,23.334413630260663,700,2.0,0.7958217859268188,162,778,188,84
570,23.334413630260663,700,2.0,0.4188666045665741,1895,549,47,39
7,23.36774850687532,701,9.0,0.23943983018398285,982,81,39,53
529,23.36774850687532,701,2.0,0.734786331653595,522,471,83,72
533,23.36774850687532,701,2.0,0.46160784363746643,838,311,61,36
539,23.36774850687532,701,2.0,0.707023024559021,885,354,68,46
544,23.36774850687532,701,2.0,0.49726298451423645,1085,398,84,50
549,23.36774850687532,701,2.0,0.6337310671806335,1139,458,104,58
559,23.36774850687532,701,2.0,0.49274829030036926,1796,452,62,29
567,23.36774850687532,701,2.0,0.7801564931869507,145,779,187,83
570,23.36774850687532,701,2.0,0.40343764424324036,1892,548,53,40
575,23.36774850687532,701,2.0,0.4680979251861572,274,826,61,73
576,23.36774850687532,701,2.0,0.43693992495536804,1900,593,36,38
7,23.401083383489976,702,9.0,0.23176632821559906,982,81,39,53
529,23.401083383489976,702,2.0,0.6738193035125732,528,477,85,73
533,23.401083383489976,702,2.0,0.41297420859336853,832,309,63,36
539,23.401083383489976,702,2.0,0.4914773404598236,878,352,66,45
544,23.401083383489976,702,2.0,0.5270372033119202,1070,393,87,48
549,23.401083383489976,702,2.0,0.6215552687644958,1125,452,104,58
559,23.401083383489976,702,2.0,0.6730879545211792,1793,452,61,29
567,23.401083383489976,702,2.0,0.8099718689918518,125,783,191,80
570,23.401083383489976,702,2.0,0.34854164719581604,1889,547,58,39
575,23.401083383489976,702,2.0,0.4982779026031494,269,831,72,88
576,23.401083383489976,702,2.0,0.48976564407348633,1898,596,40,36
7,23.434418260104636,703,9.0,0.25429677963256836,982,81,39,53
529,23.434418260104636,703,2.0,0.6144712567329407,534,484,87,77
533,23.434418260104636,703,2.0,0.37222281098365784,827,306,63,37
539,23.434418260104636,703,2.0,0.5187525749206543,869,349,67,47
544,23.434418260104636,703,2.0,0.5341358184814453,1060,390,89,48
549,23.434418260104636,703,2.0,0.6894530057907104,1111,448,100,53
559,23.434418260104636,703,2.0,0.38012638688087463,1788,452,65,30
567,23.434418260104636,703,2.0,0.7908604741096497,105,786,189,82
570,23.434418260104636,703,2.0,0.4377613067626953,1885,548,62,39
575,23.434418260104636,703,2.0,0.6765255928039551,261,836,86,99
576,23.434418260104636,703,2.0,0.3890654146671295,1894,593,48,52
7,23.467753136719292,704,9.0,0.22850635647773743,982,81,39,53
529,23.467753136719292,704,2.0,0.6207271218299866,539,492,90,82
533,23.467753136719292,704,2.0,0.34801799058914185,821,305,63,35
539,23.467753136719292,704,2.0,0.6179747581481934,861,346,66,48
544,23.467753136719292,704,2.0,0.3351317048072815,1050,388,85,48
549,23.467753136719292,704,2.0,0.6148001551628113,1100,442,99,56
559,23.467753136719292,704,2.0,0.42855799198150635,1781,451,68,31
567,23.467753136719292,704,2.0,0.6648585200309753,90,789,181,81
570,23.467753136719292,704,2.0,0.43554604053497314,1883,548,70,40
575,23.467753136719292,704,2.0,0.7111688852310181,254,836,101,96
576,23.467753136719292,704,2.0,0.5329347848892212,1890,593,56,54
7,23.501088013333952,705,9.0,0.205082967877388,982,81,39,53
529,23.501088013333952,705,2.0,0.5692319273948669,546,498,92,85
533,23.501088013333952,705,2.0,0.3477073311805725,816,302,61,35
539,23.501088013333952,705,2.0,0.5378898978233337,854,343,65,45
544,23.501088013333952,705,2.0,0.4729579985141754,1039,382,86,46
549,23.501088013333952,705,2.0,0.6844972372055054,1089,435,96,58
559,23.501088013333952,705,2.0,0.5824933648109436,1776,449,69,32
567,23.501088013333952,705,2.0,0.6884784698486328,82,789,164,79
570,23.501088013333952,705,2.0,0.37052208185195923,1879,548,78,40
575,23.501088013333952,705,2.0,0.741296648979187,246,832,116,88
576,23.501088013333952,705,2.0,0.5893349051475525,1888,590,61,59
7,23.53442288994861,706,9.0,0.20394137501716614,982,81,39,53
529,23.53442288994861,706,2.0,0.6227568984031677,553,505,95,87
533,23.53442288994861,706,2.0,0.5107922554016113,812,301,62,35
539,23.53442288994861,706,2.0,0.49181342124938965,847,341,64,47
544,23.53442288994861,706,2.0,0.5706082582473755,1029,380,87,45
549,23.53442288994861,706,2.0,0.7382717728614807,1077,432,95,56
559,23.53442288994861,706,2.0,0.5183488130569458,1772,448,63,31
567,23.53442288994861,706,2.0,0.6890447735786438,73,788,147,78
570,23.53442288994861,706,2.0,0.40637367963790894,1875,548,86,42
575,23.53442288994861,706,2.0,0.786555290222168,239,831,130,83
576,23.53442288994861,706,2.0,0.5416441559791565,1885,591,68,59
7,23.56775776656327,707,9.0,0.20446862280368805,982,81,39,53
529,23.56775776656327,707,2.0,0.5850645899772644,560,513,95,89
533,23.56775776656327,707,2.0,0.259706050157547,806,299,62,34
539,23.56775776656327,707,2.0,0.5788992643356323,839,338,64,47
544,23.56775776656327,707,2.0,0.5144741535186768,1019,375,87,44
549,23.56775776656327,707,2.0,0.7089537978172302,1065,427,92,53
559,23.56775776656327,707,2.0,0.37456080317497253,1771,448,56,31
567,23.56775776656327,707,2.0,0.5767554640769958,63,787,127,74
570,23.56775776656327,707,2.0,0.475053995847702,1870,549,89,42
575,23.56775776656327,707,2.0,0.7647013664245605,232,832,141,80
576,23.56775776656327,707,2.0,0.5471479296684265,1881,594,75,58
7,23.601092643177925,708,9.0,0.19186519086360931,982,81,39,53
529,23.601092643177925,708,2.0,0.4722786545753479,567,521,97,86
533,23.601092643177925,708,2.0,0.427964448928833,802,297,59,34
539,23.601092643177925,708,2.0,0.5613672137260437,833,335,62,42
544,23.601092643177925,708,2.0,0.6210319995880127,1011,372,85,44
549,23.601092643177925,708,2.0,0.5504202246665955,1055,423,88,52
559,23.601092643177925,708,2.0,0.34062525629997253,1762,448,69,34
567,23.601092643177925,708,2.0,0.492497056722641,53,789,106,70
570,23.601092643177925,708,2.0,0.5038468241691589,1865,550,92,41
575,23.601092643177925,708,2.0,0.7076770067214966,224,835,155,77
576,23.601092643177925,708,2.0,0.4938214421272278,1878,596,80,54
7,23.634427519792585,709,9.0,0.2028663456439972,982,81,39,53
529,23.634427519792585,709,2.0,0.5745899081230164,576,529,98,89
533,23.634427519792585,709,2.0,0.23866073787212372,795,294,53,36
539,23.634427519792585,709,2.0,0.5649570226669312,826,332,63,41
544,23.634427519792585,709,2.0,0.5211353302001953,1003,369,85,46
549,23.634427519792585,709,2.0,0.6804943084716797,1043,418,90,52
559,23.634427519792585,709,2.0,0.34507378935813904,1760,447,60,34
567,23.634427519792585,709,2.0,0.5552781224250793,43,791,87,70
570,23.634427519792585,709,2.0,0.5395883917808533,1859,550,94,39
575,23.634427519792585,709,2.0,0.6895169615745544,217,836,169,79
576,23.634427519792585,709,2.0,0.6524998545646667,1875,599,86,54
7,23.66776239640724,710,9.0,0.21694213151931763,982,81,38,53
529,23.66776239640724,710,2.0,0.5087840557098389,585,537,100,93
533,23.66776239640724,710,2.0,0.275674968957901,790,294,55,35
539,23.66776239640724,710,2.0,0.4308396279811859,818,329,61,43
544,23.66776239640724,710,2.0,0.35771211981773376,995,367,79,45
549,23.66776239640724,710,2.0,0.4443872272968292,1033,414,88,52
559,23.66776239640724,710,2.0,0.22729609906673431,1755,447,57,32
567,23.66776239640724,710,2.0,0.6268978714942932,35,794,70,75
570,23.66776239640724,710,2.0,0.5056867599487305,1853,550,93,40
575,23.66776239640724,710,2.0,0.7777737975120544,204,838,172,78
576,23.66776239640724,710,2.0,0.5931879878044128,1872,601,93,55
7,23.7010972730219,711,9.0,0.20742551982402802,982,81,39,53
529,23.7010972730219,711,2.0,0.5702932476997375,593,546,102,94
533,23.7010972730219,711,2.0,0.18315091729164124,784,292,55,35
539,23.7010972730219,711,2.0,0.5459933280944824,812,327,59,43
544,23.7010972730219,711,2.0,0.3496682643890381,984,363,82,42
549,23.7010972730219,711,2.0,0.3762315809726715,1024,410,83,50
559,23.7010972730219,711,2.0,0.26743993163108826,1748,446,63,32
567,23.7010972730219,711,2.0,0.597389280796051,26,795,52,74
570,23.7010972730219,711,2.0,0.5475342273712158,1846,551,92,42
575,23.7010972730219,711,2.0,0.6366763114929199,192,838,176,79
576,23.7010972730219,711,2.0,0.5817784070968628,1869,602,98,55
7,23.734432149636557,712,9.0,0.1903248429298401,982,81,39,53
529,23.734432149636557,712,2.0,0.5527476668357849,602,555,103,96
533,23.734432149636557,712,2.0,0.2770838737487793,779,290,58,36
539,23.734432149636557,712,2.0,0.3355885446071625,808,325,58,41
544,23.734432149636557,712,2.0,0.39151111245155334,974,360,80,40
549,23.734432149636557,712,7.0,0.19548951089382172,1013,405,82,52
559,23.734432149636557,712,2.0,0.10538815706968307,1743,445,62,32
567,23.734432149636557,712,2.0,0.4934653043746948,14,795,29,71
570,23.734432149636557,712,2.0,0.6847025156021118,1839,552,92,43
575,23.734432149636557,712,2.0,0.737155020236969,180,840,181,79
576,23.734432149636557,712,2.0,0.4788346290588379,1862,603,100,56
7,23.767767026251217,713,9.0,0.21455879509449005,982,81,39,53
529,23.767767026251217,713,2.0,0.5405470728874207,610,563,106,100
533,23.767767026251217,713,2.0,0.19584809243679047,773,290,58,41
539,23.767767026251217,713,2.0,0.15200385451316833,798,322,57,40
544,23.767767026251217,713,2.0,0.10079444199800491,967,355,80,42
549,23.767767026251217,713,2.0,0.3172886371612549,1002,401,81,50
570,23.767767026251217,713,2.0,0.6495505571365356,1833,552,92,42
575,23.767767026251217,713,2.0,0.776202917098999,168,841,187,81
576,23.767767026251217,713,2.0,0.45327484607696533,1856,603,99,56
590,23.767767026251217,713,2.0,0.5354884266853333,263,719,77,69
7,23.801101902865874,714,9.0,0.22267931699752808,982,81,39,53
529,23.801101902865874,714,2.0,0.515356719493866,619,574,112,100
533,23.801101902865874,714,2.0,0.28524479269981384,768,287,57,35
539,23.801101902865874,714,2.0,0.43296346068382263,792,318,57,44
544,23.801101902865874,714,2.0,0.36166125535964966,958,354,78,40
549,23.801101902865874,714,2.0,0.37590712308883667,991,398,82,46
570,23.801101902865874,714,2.0,0.6484930515289307,1826,553,89,43
575,23.801101902865874,714,2.0,0.7892634868621826,155,842,191,84
576,23.801101902865874,714,2.0,0.5474454164505005,1851,603,101,56
590,23.801101902865874,714,2.0,0.5546932816505432,255,719,93,72
7,23.834436779480534,715,9.0,0.22585336863994598,982,81,39,53
529,23.834436779480534,715,2.0,0.49639472365379333,629,583,115,103
533,23.834436779480534,715,2.0,0.2207101434469223,765,287,62,38
539,23.834436779480534,715,2.0,0.45521894097328186,785,317,58,37
544,23.834436779480534,715,2.0,0.42818158864974976,950,349,77,38
549,23.834436779480534,715,2.0,0.43229061365127563,983,395,81,45
570,23.834436779480534,715,2.0,0.6296578645706177,1820,553,92,45
575,23.834436779480534,715,2.0,0.7687045335769653,139,844,191,85
576,23.834436779480534,715,2.0,0.6196470260620117,1845,603,102,56
590,23.834436779480534,715,2.0,0.5415026545524597,246,719,111,72
7,23.86777165609519,716,9.0,0.23109713196754456,982,81,39,53
529,23.86777165609519,716,2.0,0.6192388534545898,639,593,118,108
539,23.86777165609519,716,2.0,0.3094814717769623,779,314,57,40
544,23.86777165609519,716,2.0,0.4473329782485962,944,347,76,39
549,23.86777165609519,716,2.0,0.5781863331794739,976,390,76,47
570,23.86777165609519,716,2.0,0.6844539642333984,1813,554,92,46
575,23.86777165609519,716,2.0,0.8084012866020203,125,846,193,85
576,23.86777165609519,716,2.0,0.5624426603317261,1840,604,99,55
590,23.86777165609519,716,2.0,0.6321741938591003,238,720,130,76
7,23.90110653270985,717,9.0,0.2553490996360779,982,81,39,53
529,23.90110653270985,717,2.0,0.5829872488975525,649,603,120,110
539,23.90110653270985,717,2.0,0.31613314151763916,772,312,56,40
544,23.90110653270985,717,2.0,0.3327491879463196,940,345,69,40
549,23.90110653270985,717,2.0,0.3574025630950928,964,387,81,48
570,23.90110653270985,717,2.0,0.6177243590354919,1807,555,93,47
575,23.90110653270985,717,2.0,0.799247145652771,110,848,197,86
576,23.90110653270985,717,2.0,0.6143053770065308,1834,604,98,54
590,23.90110653270985,717,2.0,0.6937615275382996,227,722,146,76
7,23.934441409324506,718,9.0,0.26976028084754944,982,81,38,53
529,23.934441409324506,718,2.0,0.6361067891120911,660,615,121,113
539,23.934441409324506,718,2.0,0.46657997369766235,765,310,56,39
544,23.934441409324506,718,2.0,0.1566610038280487,927,339,65,34
549,23.934441409324506,718,7.0,0.12862685322761536,953,383,81,45
570,23.934441409324506,718,2.0,0.5539778470993042,1799,555,91,48
575,23.934441409324506,718,2.0,0.8213937282562256,96,850,193,85
576,23.934441409324506,718,2.0,0.4544747769832611,1829,604,95,53
590,23.934441409324506,718,2.0,0.6753628849983215,211,724,144,74
7,23.967776285939166,719,9.0,0.2644273638725281,982,81,38,53
529,23.967776285939166,719,2.0,0.5450745820999146,672,626,126,115
539,23.967776285939166,719,2.0,0.5101421475410461,760,307,60,44
549,23.967776285939166,719,2.0,0.433056116104126,944,378,79,47
570,23.967776285939166,719,2.0,0.6407228112220764,1793,554,93,49
575,23.967776285939166,719,2.0,0.7938907146453857,90,852,180,85
576,23.967776285939166,719,2.0,0.2916916608810425,1825,605,88,52
590,23.967776285939166,719,2.0,0.6902475953102112,195,726,147,74
7,24.001111162553823,720,9.0,0.24682876467704773,981,81,38,53
529,24.001111162553823,720,2.0,0.6518181562423706,682,637,132,122
539,24.001111162553823,720,2.0,0.44458335638046265,753,299,62,55
549,24.001111162553823,720,2.0,0.4373965561389923,938,375,76,47
570,24.001111162553823,720,2.0,0.7147151827812195,1786,555,92,50
575,24.001111162553823,720,2.0,0.8272730112075806,82,853,165,83
576,24.001111162553823,720,2.0,0.4236990511417389,1822,607,82,50
590,24.001111162553823,720,2.0,0.6661087870597839,185,727,161,76
7,24.034446039168483,721,9.0,0.299452006816864,981,81,38,53
529,24.034446039168483,721,2.0,0.593317985534668,694,651,134,128
539,24.034446039168483,721,2.0,0.5999173521995544,746,294,61,60
549,24.034446039168483,721,2.0,0.51518714427948,930,371,74,47
570,24.034446039168483,721,2.0,0.5966535210609436,1778,557,93,52
575,24.034446039168483,721,2.0,0.7598324418067932,75,853,151,79
576,24.034446039168483,721,2.0,0.38958102464675903,1818,607,77,47
590,24.034446039168483,721,2.0,0.722761332988739,171,729,167,78
7,24.06778091578314,722,9.0,0.2845449447631836,982,81,38,53
529,24.06778091578314,722,7.0,0.5103775858879089,707,664,137,130
539,24.06778091578314,722,2.0,0.6641028523445129,742,290,59,61
549,24.06778091578314,722,2.0,0.4623875021934509,921,368,76,43
570,24.06778091578314,722,2.0,0.6390711069107056,1772,556,93,51
575,24.06778091578314,722,2.0,0.7232632637023926,68,853,137,76
576,24.06778091578314,722,2.0,0.29914599657058716,1813,608,78,44
590,24.06778091578314,722,2.0,0.7377543449401855,154,730,171,80
600,24.06778091578314,722,2.0,0.6595854759216309,275,691,49,36
7,24.101115792397795,723,9.0,0.2863551378250122,982,81,38,53
529,24.101115792397795,723,7.0,0.5037316679954529,720,677,139,136
539,24.101115792397795,723,2.0,0.5333020091056824,735,287,61,60
549,24.101115792397795,723,2.0,0.5506767630577087,913,365,71,45
570,24.101115792397795,723,2.0,0.6739788055419922,1765,557,92,52
575,24.101115792397795,723,2.0,0.7744826078414917,61,853,122,75
576,24.101115792397795,723,2.0,0.2423628568649292,1806,608,76,43
590,24.101115792397795,723,2.0,0.7660278081893921,139,731,173,80
600,24.101115792397795,723,2.0,0.4974827468395233,266,687,67,47
559,24.101115792397795,723,2.0,0.4113752543926239,1689,430,69,29
7,24.134450669012455,724,9.0,0.2900630831718445,982,81,38,53
529,24.134450669012455,724,2.0,0.6365848183631897,735,691,144,137
539,24.134450669012455,724,2.0,0.479040265083313,729,286,60,61
549,24.134450669012455,724,2.0,0.39464741945266724,909,361,66,44
570,24.134450669012455,724,2.0,0.6601316928863525,1758,558,90,52
575,24.134450669012455,724,2.0,0.688086211681366,54,854,109,78
576,24.134450669012455,724,2.0,0.23457032442092896,1799,606,73,43
590,24.134450669012455,724,2.0,0.8029472231864929,120,731,174,79
600,24.134450669012455,724,2.0,0.5788897275924683,257,686,85,56
559,24.134450669012455,724,2.0,0.38209259510040283,1684,428,65,27
7,24.167785545627112,725,9.0,0.30847418308258057,982,81,38,53
529,24.167785545627112,725,2.0,0.5252760648727417,749,705,148,142
539,24.167785545627112,725,2.0,0.6403747200965881,724,283,57,61
549,24.167785545627112,725,2.0,0.4052903354167938,900,359,67,41
570,24.167785545627112,725,2.0,0.6608838438987732,1750,560,91,52
575,24.167785545627112,725,2.0,0.7595798373222351,46,856,93,76
576,24.167785545627112,725,2.0,0.23828889429569244,1794,607,69,41
590,24.167785545627112,725,2.0,0.8015883564949036,102,733,176,78
600,24.167785545627112,725,2.0,0.662635087966919,249,683,103,65
559,24.167785545627112,725,2.0,0.33848637342453003,1678,427,63,27
7,24.20112042224177,726,9.0,0.32490232586860657,982,81,38,53
529,24.20112042224177,726,2.0,0.4708770215511322,764,723,152,146
539,24.20112042224177,726,2.0,0.6978472471237183,719,281,55,58
570,24.20112042224177,726,2.0,0.6881797313690186,1743,561,92,49
575,24.20112042224177,726,2.0,0.7752651572227478,40,858,80,74
576,24.20112042224177,726,2.0,0.26699885725975037,1789,606,68,39
590,24.20112042224177,726,2.0,0.6209150552749634,86,734,173,76
600,24.20112042224177,726,2.0,0.6650104522705078,239,682,124,70
559,24.20112042224177,726,2.0,0.4253273606300354,1674,426,62,27
7,24.234455298856428,727,9.0,0.29138949513435364,982,81,38,53
529,24.234455298856428,727,7.0,0.45281100273132324,780,739,156,150
539,24.234455298856428,727,2.0,0.6032314896583557,715,280,54,56
570,24.234455298856428,727,2.0,0.6283296942710876,1735,560,91,49
575,24.234455298856428,727,2.0,0.6252217888832092,32,859,65,73
590,24.234455298856428,727,2.0,0.49971917271614075,78,735,156,71
600,24.234455298856428,727,2.0,0.5968164205551147,226,683,138,69
559,24.234455298856428,727,2.0,0.3635047674179077,1671,426,63,28
549,24.234455298856428,727,2.0,0.4303252398967743,883,352,67,43
7,24.267790175471088,728,9.0,0.2917955219745636,982,81,38,53
529,24.267790175471088,728,7.0,0.6267276406288147,797,756,162,154
539,24.267790175471088,728,2.0,0.6762539744377136,712,279,53,56
570,24.267790175471088,728,2.0,0.5784830451011658,1729,561,91,47
575,24.267790175471088,728,2.0,0.6530821919441223,24,860,49,69
590,24.267790175471088,728,2.0,0.6683900356292725,69,738,138,70
600,24.267790175471088,728,2.0,0.7542189359664917,207,684,138,68
559,24.267790175471088,728,2.0,0.19784298539161682,1666,424,61,28
610,24.267790175471088,728,2.0,0.7848265767097473,1868,728,100,81
549,24.267790175471088,728,2.0,0.5160946249961853,873,340,72,61
7,24.301125052085744,729,9.0,0.3097599148750305,982,81,38,53
529,24.301125052085744,729,7.0,0.3114143908023834,815,774,167,160
539,24.301125052085744,729,2.0,0.7348959445953369,706,277,52,55
570,24.301125052085744,729,2.0,0.6277350187301636,1720,562,93,48
575,24.301125052085744,729,2.0,0.6197699904441833,16,860,32,66
590,24.301125052085744,729,2.0,0.5816003680229187,59,738,119,68
600,24.301125052085744,729,2.0,0.6609938740730286,187,685,138,67
559,24.301125052085744,729,2.0,0.306185781955719,1660,423,62,28
610,24.301125052085744,729,2.0,0.7741718292236328,1856,726,124,90
549,24.301125052085744,729,2.0,0.6050540804862976,866,335,68,67
7,24.334459928700404,730,9.0,0.30269655585289,982,81,38,53
529,24.334459928700404,730,2.0,0.6870969533920288,833,793,173,164
539,24.334459928700404,730,2.0,0.7173364758491516,702,276,51,54
570,24.334459928700404,730,2.0,0.5052502155303955,1714,562,94,47
575,24.334459928700404,730,2.0,0.3057912588119507,9,858,18,61
590,24.334459928700404,730,2.0,0.640986442565918,51,740,103,68
600,24.334459928700404,730,2.0,0.7405012249946594,175,688,158,70
559,24.334459928700404,730,2.0,0.32473859190940857,1657,423,61,28
610,24.334459928700404,730,2.0,0.7859446406364441,1841,715,154,94
549,24.334459928700404,730,2.0,0.5656441450119019,858,333,72,70
7,24.36779480531506,731,9.0,0.3041357398033142,982,81,38,53
529,24.36779480531506,731,2.0,0.6243612766265869,851,813,177,169
539,24.36779480531506,731,2.0,0.6439844369888306,697,273,51,52
570,24.36779480531506,731,2.0,0.47905218601226807,1709,562,87,45
590,24.36779480531506,731,2.0,0.5247331261634827,41,740,83,66
600,24.36779480531506,731,2.0,0.6684830784797668,158,688,166,69
559,24.36779480531506,731,2.0,0.2714708149433136,1653,422,58,28
610,24.36779480531506,731,2.0,0.8286791443824768,1826,702,181,92
549,24.36779480531506,731,2.0,0.3407786190509796,851,332,70,67
617,24.36779480531506,731,2.0,0.6105623245239258,268,774,61,71
7,24.40112968192972,732,9.0,0.35115134716033936,982,81,38,53
529,24.40112968192972,732,2.0,0.6121348738670349,871,833,185,176
539,24.40112968192972,732,2.0,0.6067619919776917,693,272,50,51
570,24.40112968192972,732,2.0,0.4547507166862488,1704,563,84,46
590,24.40112968192972,732,2.0,0.4772322475910187,31,741,63,69
600,24.40112968192972,732,2.0,0.7585543394088745,141,690,173,71
559,24.40112968192972,732,2.0,0.3253415524959564,1650,420,58,29
610,24.40112968192972,732,2.0,0.8602539300918579,1799,688,189,89
549,24.40112968192972,732,2.0,0.4701630771160126,843,327,70,68
617,24.40112968192972,732,2.0,0.6548736095428467,260,769,79,83
7,24.434464558544377,733,9.0,0.3541182577610016,982,81,38,53
529,24.434464558544377,733,2.0,0.5630394220352173,892,853,190,183
539,24.434464558544377,733,2.0,0.5466330051422119,689,269,50,51
570,24.434464558544377,733,2.0,0.5905659198760986,1700,563,79,46
590,24.434464558544377,733,2.0,0.3335719108581543,21,743,43,64
600,24.434464558544377,733,2.0,0.6996012330055237,119,695,178,75
559,24.434464558544377,733,2.0,0.24376071989536285,1645,419,59,29
610,24.434464558544377,733,2.0,0.8608125448226929,1768,677,189,86
549,24.434464558544377,733,2.0,0.5031251311302185,837,324,70,68
617,24.434464558544377,733,2.0,0.7273281812667847,251,767,98,86
7,24.467799435159037,734,9.0,0.34828245639801025,982,81,38,53
529,24.467799435159037,734,2.0,0.28602334856987,908,859,184,161
539,24.467799435159037,734,2.0,0.3599206805229187,685,268,48,50
570,24.467799435159037,734,2.0,0.5603388547897339,1696,563,78,45
590,24.467799435159037,734,2.0,0.17015866935253143,15,741,31,54
600,24.467799435159037,734,2.0,0.6702551245689392,100,695,178,72
559,24.467799435159037,734,2.0,0.29523131251335144,1642,418,60,30
610,24.467799435159037,734,2.0,0.8349920511245728,1740,665,183,83
549,24.467799435159037,734,2.0,0.5304398536682129,830,320,69,66
617,24.467799435159037,734,2.0,0.7154991626739502,240,767,117,86
7,24.501134311773693,735,9.0,0.34020426869392395,982,81,38,53
529,24.501134311773693,735,2.0,0.6467384696006775,936,894,200,186
539,24.501134311773693,735,2.0,0.6174096465110779,681,267,45,49
570,24.501134311773693,735,2.0,0.42816683650016785,1692,563,71,42
600,24.501134311773693,735,2.0,0.7575923800468445,85,697,171,74
559,24.501134311773693,735,2.0,0.18267330527305603,1637,418,60,30
610,24.501134311773693,735,2.0,0.9055590033531189,1711,653,179,81
549,24.501134311773693,735,2.0,0.5250818133354187,823,318,66,65
617,24.501134311773693,735,2.0,0.7553552985191345,230,770,136,88
7,24.534469188388353,736,9.0,0.3327324688434601,981,81,38,53
529,24.534469188388353,736,2.0,0.8192607164382935,961,915,209,185
539,24.534469188388353,736,2.0,0.6204888820648193,677,267,45,46
570,24.534469188388353,736,2.0,0.3216409981250763,1683,562,70,41
600,24.534469188388353,736,2.0,0.6526916027069092,76,697,152,67
559,24.534469188388353,736,2.0,0.3001698851585388,1632,417,56,28
610,24.534469188388353,736,2.0,0.8455842733383179,1684,642,173,78
549,24.534469188388353,736,2.0,0.5732540488243103,818,316,62,63
617,24.534469188388353,736,2.0,0.7468510270118713,221,770,156,91
7,24.56780406500301,737,9.0,0.3240855932235718,981,81,38,53
529,24.56780406500301,737,2.0,0.7509651184082031,984,932,214,172
539,24.56780406500301,737,2.0,0.6238334774971008,673,265,43,44
570,24.56780406500301,737,2.0,0.4418387711048126,1678,561,63,39
600,24.56780406500301,737,2.0,0.7220931649208069,64,696,129,65
559,24.56780406500301,737,2.0,0.21993541717529297,1631,415,49,26
610,24.56780406500301,737,2.0,0.839367687702179,1657,632,169,78
549,24.56780406500301,737,2.0,0.5239948034286499,813,315,63,64
617,24.56780406500301,737,2.0,0.7484537363052368,210,773,172,91
7,24.60113894161767,738,9.0,0.32931357622146606,982,81,38,53
529,24.60113894161767,738,2.0,0.6075142025947571,1013,966,228,192
539,24.60113894161767,738,2.0,0.5472941994667053,669,263,46,44
570,24.60113894161767,738,2.0,0.35366949439048767,1669,561,63,37
600,24.60113894161767,738,2.0,0.6328750848770142,55,696,111,63
559,24.60113894161767,738,2.0,0.2848851978778839,1626,415,46,27
610,24.60113894161767,738,2.0,0.8364747762680054,1633,621,165,75
549,24.60113894161767,738,2.0,0.5697228908538818,806,313,62,63
617,24.60113894161767,738,2.0,0.7913657426834106,193,776,175,88
7,24.634473818232326,739,9.0,0.3295939862728119,982,81,38,53
529,24.634473818232326,739,2.0,0.5151876211166382,1051,987,270,184
539,24.634473818232326,739,2.0,0.5188851952552795,666,261,46,40
570,24.634473818232326,739,2.0,0.1278037130832672,1662,558,61,32
600,24.634473818232326,739,2.0,0.6044335961341858,45,698,91,60
559,24.634473818232326,739,2.0,0.36208808422088623,1623,414,45,27
610,24.634473818232326,739,2.0,0.8190872073173523,1608,612,162,75
549,24.634473818232326,739,7.0,0.3457176685333252,801,312,61,60
617,24.634473818232326,739,2.0,0.7915246486663818,177,777,186,88
7,24.667808694846986,740,9.0,0.3311474025249481,982,81,38,53
529,24.667808694846986,740,2.0,0.5981441736221313,1075,999,264,161
539,24.667808694846986,740,2.0,0.6401441097259521,662,260,43,40
600,24.667808694846986,740,2.0,0.6370338797569275,35,699,70,56
559,24.667808694846986,740,2.0,0.33590564131736755,1621,412,37,25
610,24.667808694846986,740,2.0,0.8280942440032959,1585,603,154,72
549,24.667808694846986,740,2.0,0.4499897360801697,795,309,60,60
617,24.667808694846986,740,2.0,0.8219791054725647,164,778,197,91
634,24.667808694846986,740,2.0,0.7908923625946045,1879,789,79,84
7,24.701143571461643,741,9.0,0.3044494688510895,982,81,38,53
529,24.701143571461643,741,2.0,0.4535677134990692,1061,1012,306,135
539,24.701143571461643,741,2.0,0.534375011920929,659,259,44,39
600,24.701143571461643,741,2.0,0.63704514503479,24,701,49,51
559,24.701143571461643,741,2.0,0.37540319561958313,1617,411,36,24
610,24.701143571461643,741,2.0,0.7360144257545471,1562,594,147,71
549,24.701143571461643,741,2.0,0.4985203444957733,790,305,60,60
617,24.701143571461643,741,2.0,0.774195671081543,147,779,203,91
634,24.701143571461643,741,2.0,0.6743758320808411,1866,782,106,99
7,24.734478448076302,742,9.0,0.3151755928993225,982,81,38,53
529,24.734478448076302,742,2.0,0.48209670186042786,1058,1027,329,105
539,24.734478448076302,742,2.0,0.5625048875808716,655,258,44,39
600,24.734478448076302,742,2.0,0.5823007822036743,14,702,29,45
559,24.734478448076302,742,2.0,0.419302374124527,1616,409,32,24
610,24.734478448076302,742,2.0,0.7861642241477966,1540,585,144,71
549,24.734478448076302,742,2.0,0.43936556577682495,784,304,60,59
617,24.734478448076302,742,2.0,0.8058174252510071,128,781,207,92
634,24.734478448076302,742,2.0,0.8434576392173767,1848,774,140,113
7,24.76781332469096,743,9.0,0.3187822699546814,982,81,38,53
529,24.76781332469096,743,2.0,0.19448618590831757,1060,1036,345,87
539,24.76781332469096,743,2.0,0.3512067496776581,650,255,46,40
559,24.76781332469096,743,2.0,0.23633892834186554,1610,408,36,25
610,24.76781332469096,743,2.0,0.8232384324073792,1520,577,139,68
549,24.76781332469096,743,2.0,0.27959465980529785,779,301,59,59
617,24.76781332469096,743,2.0,0.7992708086967468,110,784,206,96
634,24.76781332469096,743,2.0,0.7395036220550537,1832,761,174,116
7,24.801148201305615,744,9.0,0.32958006858825684,982,81,38,53
529,24.801148201305615,744,2.0,0.23795592784881592,1058,1037,351,85
539,24.801148201305615,744,2.0,0.356683611869812,647,255,47,38
610,24.801148201305615,744,2.0,0.7951257228851318,1498,569,138,65
549,24.801148201305615,744,2.0,0.3066949248313904,772,299,58,58
617,24.801148201305615,744,2.0,0.7697003483772278,96,787,193,95
634,24.801148201305615,744,2.0,0.8205040097236633,1813,745,208,118
637,24.801148201305615,744,2.0,0.41974174976348877,1884,468,68,34
639,24.801148201305615,744,2.0,0.35060006380081177,1598,407,56,27
7,24.834483077920275,745,9.0,0.3310162425041199,982,81,38,53
539,24.834483077920275,745,2.0,0.4117267429828644,642,253,49,38
610,24.834483077920275,745,2.0,0.8464211821556091,1478,561,135,63
549,24.834483077920275,745,2.0,0.4047729969024658,767,298,56,58
617,24.834483077920275,745,2.0,0.7644196152687073,87,786,175,90
634,24.834483077920275,745,2.0,0.84281325340271,1784,730,219,111
637,24.834483077920275,745,2.0,0.41633912920951843,1881,467,73,32
639,24.834483077920275,745,2.0,0.2752901017665863,1595,406,54,26
7,24.86781795453493,746,9.0,0.32540184259414673,982,81,38,53
539,24.86781795453493,746,2.0,0.2686941623687744,639,252,49,38
610,24.86781795453493,746,2.0,0.7973408699035645,1459,552,133,64
549,24.86781795453493,746,2.0,0.5567114353179932,762,298,56,55
617,24.86781795453493,746,2.0,0.7988606691360474,77,785,155,86
634,24.86781795453493,746,2.0,0.8195450901985168,1751,716,215,106
637,24.86781795453493,746,2.0,0.4011225402355194,1880,467,76,34
639,24.86781795453493,746,2.0,0.4238094091415405,1590,405,52,26
7,24.90115283114959,747,9.0,0.31549185514450073,982,81,38,53
539,24.90115283114959,747,2.0,0.38491731882095337,637,252,48,38
610,24.90115283114959,747,2.0,0.8509963750839233,1439,544,129,62
549,24.90115283114959,747,2.0,0.5362697243690491,758,295,55,57
617,24.90115283114959,747,2.0,0.7202814221382141,67,788,134,78
634,24.90115283114959,747,2.0,0.8227550387382507,1716,699,211,105
637,24.90115283114959,747,2.0,0.16041876375675201,1879,465,77,34
639,24.90115283114959,747,2.0,0.48935458064079285,1582,404,55,26
7,24.934487707764248,748,9.0,0.30600085854530334,982,81,38,53
539,24.934487707764248,748,2.0,0.4758074879646301,631,251,44,39
610,24.934487707764248,748,2.0,0.7720993757247925,1421,538,128,61
549,24.934487707764248,748,2.0,0.5915941596031189,752,293,56,55
617,24.934487707764248,748,2.0,0.5997452735900879,57,790,114,77
634,24.934487707764248,748,2.0,0.8207056522369385,1682,685,203,100
637,24.934487707764248,748,2.0,0.32545939087867737,1872,464,83,33
639,24.934487707764248,748,2.0,0.4279053211212158,1579,404,56,26
7,24.967822584378908,749,9.0,0.29972535371780396,982,81,38,53
539,24.967822584378908,749,2.0,0.3607454299926758,628,249,45,39
610,24.967822584378908,749,2.0,0.7742478251457214,1403,530,128,59
549,24.967822584378908,749,2.0,0.6521453261375427,747,292,57,53
617,24.967822584378908,749,2.0,0.6033568382263184,47,791,95,79
634,24.967822584378908,749,2.0,0.8195305466651917,1650,672,196,95
637,24.967822584378908,749,2.0,0.3029482364654541,1867,462,75,31
639,24.967822584378908,749,2.0,0.3497354984283447,1575,403,59,26
7,25.001157460993564,750,9.0,0.2935468554496765,982,81,38,53
539,25.001157460993564,750,2.0,0.3849690556526184,625,248,49,38
610,25.001157460993564,750,2.0,0.8375805616378784,1385,523,124,59
549,25.001157460993564,750,2.0,0.5131776928901672,743,290,55,52
617,25.001157460993564,750,2.0,0.6202324032783508,37,795,74,80
634,25.001157460993564,750,2.0,0.8454623222351074,1619,660,191,92
637,25.001157460993564,750,2.0,0.363701194524765,1856,460,88,35
639,25.001157460993564,750,2.0,0.31615376472473145,1570,401,61,26
7,25.034492337608224,751,9.0,0.2910650670528412,982,81,38,53
539,25.034492337608224,751,2.0,0.46907731890678406,621,246,50,39
610,25.034492337608224,751,2.0,0.7246237397193909,1368,517,123,58
549,25.034492337608224,751,2.0,0.48153403401374817,738,288,56,55
617,25.034492337608224,751,2.0,0.6329845190048218,28,795,56,80
634,25.034492337608224,751,2.0,0.824397087097168,1591,647,184,89
637,25.034492337608224,751,2.0,0.5858415961265564,1853,458,89,36
639,25.034492337608224,751,2.0,0.3469947278499603,1564,401,59,27
7,25.06782721422288,752,9.0,0.3040435016155243,982,81,37,54
539,25.06782721422288,752,2.0,0.48449844121932983,619,245,51,38
610,25.06782721422288,752,2.0,0.7968242764472961,1351,511,121,58
549,25.06782721422288,752,2.0,0.5553916692733765,734,286,56,53
617,25.06782721422288,752,2.0,0.40045368671417236,16,794,33,74
634,25.06782721422288,752,2.0,0.8163203001022339,1562,635,178,86
637,25.06782721422288,752,2.0,0.4907432496547699,1848,458,89,36
639,25.06782721422288,752,2.0,0.25047048926353455,1561,399,58,27
7,25.10116209083754,753,9.0,0.3013692796230316,982,82,36,55
539,25.10116209083754,753,2.0,0.36278489232063293,614,244,51,34
610,25.10116209083754,753,2.0,0.6401014924049377,1334,503,115,56
549,25.10116209083754,753,2.0,0.5767370462417603,729,285,55,50
617,25.10116209083754,753,2.0,0.1398475170135498,7,796,15,59
634,25.10116209083754,753,2.0,0.6742760539054871,1535,623,174,85
637,25.10116209083754,753,2.0,0.30559107661247253,1845,457,81,36
639,25.10116209083754,753,2.0,0.2647998034954071,1556,398,57,28
7,25.134496967452197,754,9.0,0.30913814902305603,982,82,35,55
539,25.134496967452197,754,2.0,0.5514076948165894,611,242,49,34
610,25.134496967452197,754,2.0,0.6594286561012268,1318,497,111,54
549,25.134496967452197,754,2.0,0.718812882900238,724,284,54,49
634,25.134496967452197,754,2.0,0.8389703631401062,1509,612,168,83
637,25.134496967452197,754,2.0,0.34373703598976135,1837,456,84,33
7,25.167831844066857,755,9.0,0.30899113416671753,982,81,37,54
539,25.167831844066857,755,2.0,0.48974916338920593,610,240,51,34
610,25.167831844066857,755,2.0,0.816861629486084,1302,492,110,55
549,25.167831844066857,755,2.0,0.59635990858078,720,282,55,49
634,25.167831844066857,755,2.0,0.8429729342460632,1486,601,163,82
637,25.167831844066857,755,2.0,0.4055960774421692,1831,455,89,32
7,25.201166720681513,756,9.0,0.31846609711647034,982,81,38,53
539,25.201166720681513,756,2.0,0.4451333284378052,607,239,47,34
610,25.201166720681513,756,2.0,0.7456695437431335,1287,485,110,54
549,25.201166720681513,756,2.0,0.5777012705802917,715,281,56,51
634,25.201166720681513,756,2.0,0.8227577209472656,1462,592,158,82
637,25.201166720681513,756,2.0,0.41513359546661377,1818,454,70,31
7,25.234501597296173,757,9.0,0.3279883563518524,982,81,38,53
539,25.234501597296173,757,2.0,0.3592115640640259,604,238,45,31
610,25.234501597296173,757,2.0,0.7341347932815552,1274,479,109,53
549,25.234501597296173,757,2.0,0.6580650806427002,712,279,56,49
634,25.234501597296173,757,2.0,0.7053059935569763,1437,580,154,77
637,25.234501597296173,757,2.0,0.3449110984802246,1807,453,60,30
7,25.26783647391083,758,9.0,0.3208339810371399,982,81,38,53
539,25.26783647391083,758,2.0,0.253126859664917,602,236,49,31
610,25.26783647391083,758,2.0,0.7372281551361084,1259,474,104,53
549,25.26783647391083,758,2.0,0.7287194728851318,708,278,56,49
634,25.26783647391083,758,2.0,0.7020872235298157,1415,570,149,74
637,25.26783647391083,758,2.0,0.4066348075866699,1807,453,75,31
639,25.26783647391083,758,2.0,0.27876442670822144,1534,393,54,27
7,25.30117135052549,759,9.0,0.32891201972961426,982,81,38,53
539,25.30117135052549,759,2.0,0.35985589027404785,599,235,50,31
610,25.30117135052549,759,2.0,0.7448684573173523,1243,468,106,52
549,25.30117135052549,759,2.0,0.6882607340812683,703,277,57,48
634,25.30117135052549,759,2.0,0.7905666828155518,1393,561,144,73
637,25.30117135052549,759,2.0,0.2936936020851135,1801,453,71,32
639,25.30117135052549,759,2.0,0.3286537528038025,1530,392,56,26
7,25.334506227140146,760,9.0,0.31355705857276917,982,81,38,53
539,25.334506227140146,760,2.0,0.13861440122127533,598,234,50,29
610,25.334506227140146,760,2.0,0.7062370777130127,1228,463,105,52
549,25.334506227140146,760,2.0,0.6679267883300781,699,275,55,47
634,25.334506227140146,760,2.0,0.7353614568710327,1372,554,141,70
637,25.334506227140146,760,2.0,0.14501576125621796,1799,451,76,31
639,25.334506227140146,760,2.0,0.2650178372859955,1527,391,55,27
7,25.367841103754806,761,9.0,0.30676448345184326,982,81,38,53
539,25.367841103754806,761,2.0,0.3668428957462311,593,233,53,30
610,25.367841103754806,761,2.0,0.7170271277427673,1217,457,105,50
549,25.367841103754806,761,2.0,0.6062612533569336,695,272,55,48
634,25.367841103754806,761,2.0,0.6800419092178345,1351,545,139,73
637,25.367841103754806,761,2.0,0.1905505210161209,1798,451,83,31
639,25.367841103754806,761,2.0,0.3594846725463867,1525,390,53,28
7,25.401175980369462,762,9.0,0.33030325174331665,982,81,38,53
539,25.401175980369462,762,2.0,0.5332647562026978,590,232,52,29
610,25.401175980369462,762,2.0,0.7929378151893616,1204,452,100,48
549,25.401175980369462,762,2.0,0.6616765260696411,692,271,56,46
634,25.401175980369462,762,2.0,0.7059022784233093,1331,536,136,72
637,25.401175980369462,762,2.0,0.300310343503952,1796,450,91,34
639,25.401175980369462,762,2.0,0.4193595349788666,1522,389,50,27
7,25.434510856984122,763,9.0,0.32665812969207764,982,81,38,53
539,25.434510856984122,763,2.0,0.25791123509407043,586,232,52,29
610,25.434510856984122,763,2.0,0.7165468335151672,1191,447,97,49
549,25.434510856984122,763,2.0,0.6398764848709106,688,270,55,46
634,25.434510856984122,763,2.0,0.7411668300628662,1313,529,132,69
637,25.434510856984122,763,2.0,0.13141284883022308,1793,450,94,36
639,25.434510856984122,763,2.0,0.3272606432437897,1519,388,44,26
652,25.434510856984122,763,2.0,0.7400690913200378,1881,738,75,65
7,25.46784573359878,764,9.0,0.3325372636318207,982,81,38,53
539,25.46784573359878,764,2.0,0.3215307295322418,584,232,51,28
610,25.46784573359878,764,2.0,0.6915740370750427,1178,443,96,47
549,25.46784573359878,764,2.0,0.6437200307846069,685,269,54,46
634,25.46784573359878,764,2.0,0.7648581862449646,1294,520,129,69
637,25.46784573359878,764,2.0,0.31165289878845215,1787,448,88,34
639,25.46784573359878,764,2.0,0.34492358565330505,1516,386,39,25
652,25.46784573359878,764,2.0,0.7667500376701355,1868,733,101,79
7,25.501180610213435,765,9.0,0.3293108344078064,982,81,38,53
539,25.501180610213435,765,2.0,0.21972393989562988,578,231,49,28
610,25.501180610213435,765,2.0,0.7057946920394897,1166,437,95,49
549,25.501180610213435,765,2.0,0.6524172425270081,682,266,53,45
634,25.501180610213435,765,2.0,0.7843741178512573,1276,513,126,67
637,25.501180610213435,765,2.0,0.28354787826538086,1785,447,83,36
639,25.501180610213435,765,2.0,0.2884044647216797,1514,385,35,24
652,25.501180610213435,765,2.0,0.83635014295578,1853,726,131,89
7,25.534515486828095,766,9.0,0.3260366916656494,982,81,38,53
539,25.534515486828095,766,2.0,0.10266107320785522,574,230,45,28
610,25.534515486828095,766,2.0,0.654022753238678,1153,432,95,49
549,25.534515486828095,766,2.0,0.6048614978790283,678,264,52,42
634,25.534515486828095,766,2.0,0.6677782535552979,1259,506,123,66
637,25.534515486828095,766,2.0,0.48730984330177307,1781,447,84,37
639,25.534515486828095,766,2.0,0.1752181053161621,1513,384,33,25
652,25.534515486828095,766,2.0,0.8597648739814758,1836,714,164,91
7,25.56785036344275,767,9.0,0.32425522804260254,982,81,38,53
610,25.56785036344275,767,2.0,0.6500118374824524,1142,429,92,48
549,25.56785036344275,767,2.0,0.5735312700271606,674,262,52,40
634,25.56785036344275,767,2.0,0.7052494287490845,1241,499,118,63
637,25.56785036344275,767,2.0,0.43832963705062866,1778,446,81,36
652,25.56785036344275,767,2.0,0.8113937973976135,1816,701,185,89
660,25.56785036344275,767,2.0,0.5129098892211914,263,710,80,71
7,25.60118524005741,768,9.0,0.317154198884964,982,81,38,53
610,25.60118524005741,768,2.0,0.6242852210998535,1129,423,90,43
549,25.60118524005741,768,2.0,0.5414770245552063,670,262,53,39
634,25.60118524005741,768,2.0,0.6242673993110657,1224,490,117,63
637,25.60118524005741,768,2.0,0.25209787487983704,1776,446,77,38
652,25.60118524005741,768,2.0,0.8416033387184143,1787,686,188,87
660,25.60118524005741,768,2.0,0.4834033250808716,255,711,96,78
7,25.634520116672068,769,9.0,0.33643579483032227,982,82,37,54
610,25.634520116672068,769,2.0,0.6210634112358093,1118,418,89,44
549,25.634520116672068,769,2.0,0.5130981206893921,668,260,55,39
634,25.634520116672068,769,2.0,0.7520433664321899,1208,484,114,65
637,25.634520116672068,769,2.0,0.3332628905773163,1772,444,67,36
652,25.634520116672068,769,2.0,0.7740209102630615,1757,675,186,86
660,25.634520116672068,769,2.0,0.679543673992157,246,711,114,81
7,25.667854993286728,770,9.0,0.31429487466812134,982,82,36,55
610,25.667854993286728,770,2.0,0.6922028064727783,1106,413,87,45
549,25.667854993286728,770,2.0,0.4987204074859619,664,260,54,38
634,25.667854993286728,770,2.0,0.729619562625885,1194,477,114,63
637,25.667854993286728,770,2.0,0.3119066059589386,1771,444,61,35
652,25.667854993286728,770,2.0,0.7530772686004639,1726,662,181,79
660,25.667854993286728,770,2.0,0.6910432577133179,238,712,130,83
668,25.667854993286728,770,9.0,0.3394937515258789,523,157,19,31
7,25.701189869901384,771,9.0,0.3219471871852875,982,82,36,55
610,25.701189869901384,771,2.0,0.6460523009300232,1097,410,87,43
549,25.701189869901384,771,2.0,0.5079272389411926,661,258,50,36
634,25.701189869901384,771,2.0,0.5271701216697693,1178,471,109,64
637,25.701189869901384,771,2.0,0.21106772124767303,1770,443,54,33
652,25.701189869901384,771,2.0,0.7900024056434631,1698,650,174,75
660,25.701189869901384,771,2.0,0.6944728493690491,229,714,147,84
668,25.701189869901384,771,9.0,0.33499443531036377,522,156,19,31
669,25.701189869901384,771,2.0,0.4582400321960449,289,213,32,25
7,25.734524746516044,772,9.0,0.3121553659439087,982,82,36,55
610,25.734524746516044,772,2.0,0.6619553565979004,1086,407,84,41
549,25.734524746516044,772,2.0,0.3716734051704407,657,257,49,35
634,25.734524746516044,772,2.0,0.5982745885848999,1163,465,107,61
652,25.734524746516044,772,2.0,0.7702115178108215,1669,639,167,72
660,25.734524746516044,772,2.0,0.6743510961532593,221,714,165,86
668,25.734524746516044,772,9.0,0.3291570842266083,522,156,19,30
669,25.734524746516044,772,2.0,0.5285372138023376,290,213,31,25
7,25.7678596231307,773,9.0,0.3082422912120819,982,82,36,55
610,25.7678596231307,773,2.0,0.6280791163444519,1075,402,84,39
549,25.7678596231307,773,2.0,0.37000906467437744,653,256,49,34
634,25.7678596231307,773,2.0,0.39341503381729126,1149,459,105,59
652,25.7678596231307,773,2.0,0.7395790815353394,1643,627,159,71
660,25.7678596231307,773,2.0,0.6514859199523926,214,714,181,86
668,25.7678596231307,773,9.0,0.342806339263916,522,156,18,30
669,25.7678596231307,773,2.0,0.4362352192401886,291,214,31,24
7,25.80119449974536,774,9.0,0.30391255021095276,982,82,36,55
610,25.80119449974536,774,2.0,0.5229031443595886,1062,397,81,40
549,25.80119449974536,774,2.0,0.4958246946334839,648,253,53,35
634,25.80119449974536,774,2.0,0.5633861422538757,1134,453,106,57
652,25.80119449974536,774,2.0,0.7917463779449463,1615,616,156,70
660,25.80119449974536,774,2.0,0.6360880136489868,205,716,197,93
668,25.80119449974536,774,9.0,0.35338178277015686,522,156,18,30
669,25.80119449974536,774,2.0,0.4339357912540436,292,216,33,24
7,25.834529376360017,775,9.0,0.29717308282852173,982,82,36,55
610,25.834529376360017,775,2.0,0.5211594104766846,1054,394,80,40
549,25.834529376360017,775,2.0,0.5177465677261353,645,252,55,36
634,25.834529376360017,775,2.0,0.6114189028739929,1121,447,105,57
652,25.834529376360017,775,2.0,0.7168971300125122,1592,607,145,68
660,25.834529376360017,775,2.0,0.7673787474632263,196,716,213,93
668,25.834529376360017,775,9.0,0.3281014561653137,522,156,18,30
669,25.834529376360017,775,2.0,0.5240024328231812,293,217,32,23
7,25.867864252974677,776,9.0,0.3010176122188568,982,82,36,55
610,25.867864252974677,776,2.0,0.5959796905517578,1045,390,78,43
549,25.867864252974677,776,2.0,0.2969026267528534,643,250,55,37
634,25.867864252974677,776,2.0,0.6947965621948242,1107,440,102,62
652,25.867864252974677,776,2.0,0.8315274715423584,1569,598,145,68
660,25.867864252974677,776,2.0,0.5911747813224792,184,718,223,92
668,25.867864252974677,776,9.0,0.38440805673599243,522,156,18,30
669,25.867864252974677,776,2.0,0.40222838521003723,293,218,31,25
7,25.901199129589333,777,9.0,0.3051901161670685,982,82,36,55
610,25.901199129589333,777,2.0,0.6348754167556763,1036,385,80,42
549,25.901199129589333,777,2.0,0.30219194293022156,641,249,51,35
634,25.901199129589333,777,2.0,0.6934046149253845,1094,435,99,59
652,25.901199129589333,777,2.0,0.8006902933120728,1543,588,142,67
660,25.901199129589333,777,2.0,0.7554798722267151,165,721,221,90
668,25.901199129589333,777,9.0,0.3538013696670532,522,156,18,30
669,25.901199129589333,777,2.0,0.33105888962745667,294,219,33,26
7,25.934534006203993,778,9.0,0.29084235429763794,982,82,36,55
610,25.934534006203993,778,2.0,0.5776291489601135,1025,381,77,39
549,25.934534006203993,778,2.0,0.3450382351875305,637,248,50,34
634,25.934534006203993,778,2.0,0.44384780526161194,1082,429,100,60
652,25.934534006203993,778,2.0,0.7409102320671082,1520,579,139,63
660,25.934534006203993,778,2.0,0.6410583853721619,150,723,224,89
668,25.934534006203993,778,9.0,0.37841150164604187,522,157,19,30
669,25.934534006203993,778,2.0,0.4275446832180023,295,221,33,24
7,25.96786888281865,779,9.0,0.2959284782409668,982,82,36,55
610,25.96786888281865,779,2.0,0.5799785852432251,1015,377,74,36
549,25.96786888281865,779,2.0,0.2454293966293335,633,248,48,34
634,25.96786888281865,779,2.0,0.5530515313148499,1070,425,99,57
652,25.96786888281865,779,2.0,0.6935449242591858,1498,570,128,61
660,25.96786888281865,779,2.0,0.6751202344894409,135,724,227,90
668,25.96786888281865,779,9.0,0.3799262046813965,522,157,19,30
669,25.96786888281865,779,2.0,0.3991104066371918,296,220,33,25
7,26.00120375943331,780,9.0,0.300424188375473,982,82,36,55
610,26.00120375943331,780,2.0,0.4460613429546356,1007,374,74,37
549,26.00120375943331,780,2.0,0.3246699869632721,630,246,47,33
634,26.00120375943331,780,2.0,0.584604024887085,1059,421,94,54
652,26.00120375943331,780,2.0,0.764879584312439,1475,562,129,58
660,26.00120375943331,780,2.0,0.5833576917648315,121,727,229,91
668,26.00120375943331,780,9.0,0.42617908120155334,522,157,19,31
669,26.00120375943331,780,2.0,0.3878336250782013,297,222,33,25
7,26.034538636047966,781,9.0,0.3080625832080841,982,82,36,55
610,26.034538636047966,781,2.0,0.4544539451599121,999,371,73,38
549,26.034538636047966,781,2.0,0.3810047507286072,625,245,48,32
634,26.034538636047966,781,2.0,0.3448253571987152,1048,416,88,53
652,26.034538636047966,781,2.0,0.7270121574401855,1456,554,128,58
660,26.034538636047966,781,2.0,0.1865132451057434,108,729,216,87
668,26.034538636047966,781,9.0,0.43261316418647766,522,157,19,31
669,26.034538636047966,781,2.0,0.4293169677257538,297,224,33,26
7,26.067873512662626,782,9.0,0.2910902798175812,982,82,36,55
610,26.067873512662626,782,2.0,0.41840705275535583,989,368,73,37
549,26.067873512662626,782,2.0,0.3160240948200226,623,244,49,30
634,26.067873512662626,782,2.0,0.39509931206703186,1036,412,87,52
652,26.067873512662626,782,2.0,0.7650717496871948,1436,546,123,56
660,26.067873512662626,782,2.0,0.4892003536224365,100,727,200,79
668,26.067873512662626,782,9.0,0.445815771818161,522,157,19,31
669,26.067873512662626,782,2.0,0.44944506883621216,299,224,34,27
7,26.101208389277282,783,9.0,0.2897006571292877,982,82,36,55
610,26.101208389277282,783,2.0,0.4014659523963928,980,364,68,35
549,26.101208389277282,783,2.0,0.3885751962661743,619,244,47,28
634,26.101208389277282,783,2.0,0.33127227425575256,1024,407,87,50
652,26.101208389277282,783,2.0,0.7382937073707581,1416,538,123,55
660,26.101208389277282,783,7.0,0.33135971426963806,92,726,184,74
668,26.101208389277282,783,9.0,0.42690595984458923,522,157,20,31
669,26.101208389277282,783,2.0,0.329855352640152,300,225,34,28
676,26.101208389277282,783,2.0,0.36401641368865967,262,243,31,27
7,26.134543265891942,784,9.0,0.29377731680870056,982,82,36,55
610,26.134543265891942,784,2.0,0.6013661026954651,972,362,68,37
549,26.134543265891942,784,2.0,0.41520774364471436,615,242,47,28
634,26.134543265891942,784,2.0,0.31720831990242004,1015,404,80,49
652,26.134543265891942,784,2.0,0.5786588788032532,1397,530,118,55
660,26.134543265891942,784,7.0,0.31477394700050354,83,728,166,72
668,26.134543265891942,784,9.0,0.42869675159454346,522,157,20,30
669,26.134543265891942,784,2.0,0.22319413721561432,301,228,35,27
676,26.134543265891942,784,2.0,0.41860106587409973,263,244,32,31
7,26.1678781425066,785,9.0,0.3065696060657501,982,82,36,55
610,26.1678781425066,785,2.0,0.40433698892593384,962,359,68,36
549,26.1678781425066,785,2.0,0.21724864840507507,610,240,44,26
634,26.1678781425066,785,2.0,0.10303796082735062,1003,399,82,50
652,26.1678781425066,785,2.0,0.6700630784034729,1379,522,115,55
660,26.1678781425066,785,7.0,0.2625415027141571,75,728,150,70
668,26.1678781425066,785,9.0,0.4460759460926056,522,157,20,31
669,26.1678781425066,785,2.0,0.30956074595451355,302,229,34,28
676,26.1678781425066,785,2.0,0.2948266565799713,265,245,31,31
7,26.201213019121255,786,9.0,0.2994551956653595,982,82,36,55
610,26.201213019121255,786,2.0,0.2654075622558594,953,355,68,36
549,26.201213019121255,786,2.0,0.3466305136680603,610,239,47,28
634,26.201213019121255,786,2.0,0.15119357407093048,993,390,83,55
652,26.201213019121255,786,2.0,0.6412885189056396,1361,515,113,54
660,26.201213019121255,786,7.0,0.2869204580783844,66,729,133,71
668,26.201213019121255,786,9.0,0.4685607850551605,522,157,19,31
669,26.201213019121255,786,2.0,0.33276721835136414,303,230,34,27
676,26.201213019121255,786,2.0,0.24002626538276672,266,246,30,30
7,26.234547895735915,787,9.0,0.286053329706192,982,82,36,55
610,26.234547895735915,787,2.0,0.3115628659725189,946,351,67,37
549,26.234547895735915,787,2.0,0.33327728509902954,609,237,49,28
634,26.234547895735915,787,2.0,0.3048244118690491,982,387,81,53
652,26.234547895735915,787,2.0,0.6750347018241882,1342,509,113,53
660,26.234547895735915,787,7.0,0.39062565565109253,58,730,117,73
668,26.234547895735915,787,9.0,0.39554065465927124,522,157,20,31
669,26.234547895735915,787,2.0,0.4144136607646942,305,231,34,28
676,26.234547895735915,787,2.0,0.2243233323097229,267,248,28,28
7,26.26788277235057,788,9.0,0.2865245044231415,982,82,36,55
610,26.26788277235057,788,2.0,0.3594754636287689,938,348,64,35
549,26.26788277235057,788,2.0,0.22325019538402557,606,235,49,28
634,26.26788277235057,788,2.0,0.2805016338825226,972,383,80,54
652,26.26788277235057,788,2.0,0.6039940714836121,1325,502,110,50
660,26.26788277235057,788,2.0,0.45979446172714233,49,736,99,70
668,26.26788277235057,788,9.0,0.4375615417957306,522,157,20,31
669,26.26788277235057,788,2.0,0.3789163827896118,306,231,35,28
676,26.26788277235057,788,2.0,0.16844819486141205,267,251,27,26
7,26.30121764896523,789,9.0,0.2973938286304474,982,82,36,55
610,26.30121764896523,789,2.0,0.42473703622817993,932,345,58,31
549,26.30121764896523,789,2.0,0.23838964104652405,604,235,50,28
634,26.30121764896523,789,2.0,0.3444722890853882,962,379,83,53
652,26.30121764896523,789,2.0,0.5962439775466919,1305,496,94,49
660,26.30121764896523,789,2.0,0.37727266550064087,41,739,83,70
668,26.30121764896523,789,9.0,0.3718436360359192,522,157,20,31
669,26.30121764896523,789,2.0,0.39616602659225464,308,231,35,28
676,26.30121764896523,789,2.0,0.3300358057022095,268,253,28,26
7,26.334552525579888,790,9.0,0.2675580084323883,982,82,36,55
610,26.334552525579888,790,2.0,0.39492201805114746,924,343,56,30
634,26.334552525579888,790,2.0,0.4697691798210144,953,375,80,55
652,26.334552525579888,790,2.0,0.7011804580688477,1291,489,105,49
660,26.334552525579888,790,2.0,0.4521239399909973,31,741,63,67
668,26.334552525579888,790,9.0,0.4231874942779541,522,157,20,31
669,26.334552525579888,790,2.0,0.4099534749984741,309,233,35,29
676,26.334552525579888,790,2.0,0.5749495625495911,269,255,29,25
7,26.367887402194548,791,9.0,0.27294692397117615,982,82,36,55
610,26.367887402194548,791,2.0,0.41387200355529785,915,340,58,33
634,26.367887402194548,791,2.0,0.3814728856086731,944,371,79,56
652,26.367887402194548,791,2.0,0.616976797580719,1277,483,104,47
660,26.367887402194548,791,2.0,0.5128036141395569,23,737,47,65
668,26.367887402194548,791,9.0,0.42704641819000244,522,157,20,31
669,26.367887402194548,791,2.0,0.4532933235168457,311,234,35,29
676,26.367887402194548,791,2.0,0.679686963558197,270,255,28,25
681,26.367887402194548,791,2.0,0.71939617395401,267,821,77,73
7,26.401222278809204,792,9.0,0.2629719376564026,982,82,36,55
610,26.401222278809204,792,2.0,0.37050071358680725,910,341,66,36
634,26.401222278809204,792,2.0,0.5484359264373779,930,364,82,60
652,26.401222278809204,792,2.0,0.720909833908081,1262,476,100,48
660,26.401222278809204,792,2.0,0.37523573637008667,12,736,25,56
668,26.401222278809204,792,9.0,0.3533828556537628,522,157,19,30
669,26.401222278809204,792,2.0,0.5094247460365295,311,236,35,27
676,26.401222278809204,792,2.0,0.7496118545532227,270,256,29,26
681,26.401222278809204,792,2.0,0.7017849087715149,259,823,92,83
549,26.401222278809204,792,2.0,0.2999119162559509,594,232,52,29
7,26.434557155423864,793,9.0,0.2606251835823059,982,82,36,55
634,26.434557155423864,793,2.0,0.5560832023620605,921,359,84,62
652,26.434557155423864,793,2.0,0.7506555914878845,1249,471,98,48
668,26.434557155423864,793,9.0,0.34768998622894287,522,157,19,30
669,26.434557155423864,793,2.0,0.5532377362251282,313,237,35,27
676,26.434557155423864,793,2.0,0.8006036877632141,272,255,30,26
681,26.434557155423864,793,2.0,0.7838755249977112,250,823,107,87
549,26.434557155423864,793,2.0,0.25631392002105713,588,231,47,28
7,26.46789203203852,794,9.0,0.23923857510089874,982,82,36,55
634,26.46789203203852,794,2.0,0.4799128472805023,916,360,79,52
652,26.46789203203852,794,2.0,0.7015997171401978,1234,466,97,47
668,26.46789203203852,794,9.0,0.32545438408851624,522,157,19,30
669,26.46789203203852,794,2.0,0.5862642526626587,315,237,35,27
676,26.46789203203852,794,2.0,0.7666494250297546,272,256,28,27
681,26.46789203203852,794,2.0,0.7889125943183899,241,824,126,86
549,26.46789203203852,794,2.0,0.2831050157546997,587,230,49,27
7,26.50122690865318,795,9.0,0.24569568037986755,982,82,36,55
634,26.50122690865318,795,2.0,0.36834001541137695,908,356,75,52
652,26.50122690865318,795,2.0,0.6033175587654114,1218,460,97,47
668,26.50122690865318,795,9.0,0.37333548069000244,522,157,19,30
669,26.50122690865318,795,2.0,0.5793130397796631,316,239,35,27
676,26.50122690865318,795,2.0,0.5992687344551086,274,256,28,26
681,26.50122690865318,795,2.0,0.817145824432373,233,825,143,90
549,26.50122690865318,795,2.0,0.37748128175735474,587,230,51,26
687,26.50122690865318,795,2.0,0.3969705104827881,1659,415,41,27
7,26.534561785267837,796,9.0,0.2314586341381073,982,82,36,55
634,26.534561785267837,796,2.0,0.4290083646774292,898,349,77,56
652,26.534561785267837,796,2.0,0.7411413788795471,1206,455,96,46
668,26.534561785267837,796,9.0,0.39992767572402954,522,157,19,30
669,26.534561785267837,796,2.0,0.6103224158287048,317,241,36,28
676,26.534561785267837,796,2.0,0.7421192526817322,275,256,30,26
681,26.534561785267837,796,2.0,0.8278089761734009,225,828,156,85
549,26.534561785267837,796,2.0,0.17582286894321442,583,230,47,27
687,26.534561785267837,796,2.0,0.39423900842666626,1655,414,45,25
688,26.534561785267837,796,2.0,0.5033902525901794,1890,549,57,39
7,26.567896661882497,797,9.0,0.23421518504619598,982,82,36,55
634,26.567896661882497,797,2.0,0.3165021240711212,886,343,76,63
652,26.567896661882497,797,2.0,0.6157358288764954,1191,449,93,42
668,26.567896661882497,797,9.0,0.4118528962135315,521,157,18,30
669,26.567896661882497,797,2.0,0.578598141670227,318,242,36,29
676,26.567896661882497,797,2.0,0.6391538381576538,276,259,31,28
681,26.567896661882497,797,2.0,0.8112969994544983,215,828,172,85
549,26.567896661882497,797,2.0,0.11070218682289124,582,230,41,27
687,26.567896661882497,797,2.0,0.16164202988147736,1654,414,42,27
688,26.567896661882497,797,2.0,0.5994892716407776,1888,549,61,40
7,26.601231538497153,798,9.0,0.25332432985305786,982,82,36,55
634,26.601231538497153,798,2.0,0.481131911277771,879,339,75,63
652,26.601231538497153,798,2.0,0.6303914785385132,1179,444,93,42
668,26.601231538497153,798,9.0,0.4065191149711609,521,157,18,30
669,26.601231538497153,798,2.0,0.6552447080612183,319,243,37,30
676,26.601231538497153,798,2.0,0.7198861837387085,278,261,32,29
681,26.601231538497153,798,2.0,0.7839563488960266,206,829,187,88
549,26.601231538497153,798,2.0,0.13280841708183289,580,226,44,25
688,26.601231538497153,798,2.0,0.5908748507499695,1885,550,68,39
691,26.601231538497153,798,2.0,0.5045825242996216,1881,463,73,31
7,26.634566415111813,799,9.0,0.24642246961593628,982,82,35,55
634,26.634566415111813,799,2.0,0.5547248721122742,872,336,74,64
652,26.634566415111813,799,2.0,0.7213832139968872,1166,437,89,44
668,26.634566415111813,799,9.0,0.4244222342967987,521,157,19,30
669,26.634566415111813,799,2.0,0.6517939567565918,320,245,38,30
676,26.634566415111813,799,2.0,0.41369014978408813,279,266,33,29
681,26.634566415111813,799,2.0,0.7832698822021484,188,831,189,89
549,26.634566415111813,799,2.0,0.21484258770942688,577,225,49,25
688,26.634566415111813,799,2.0,0.555777370929718,1881,550,75,41
691,26.634566415111813,799,2.0,0.4929809272289276,1878,461,69,31
7,26.66790129172647,800,9.0,0.24584433436393738,982,82,35,55
634,26.66790129172647,800,2.0,0.5682738423347473,865,334,73,64
652,26.66790129172647,800,2.0,0.6769989728927612,1155,433,87,43
668,26.66790129172647,800,9.0,0.43083634972572327,521,157,19,31
669,26.66790129172647,800,2.0,0.6624236106872559,321,246,39,29
676,26.66790129172647,800,2.0,0.712568461894989,280,268,33,30
681,26.66790129172647,800,2.0,0.8173324465751648,174,831,192,90
688,26.66790129172647,800,2.0,0.5002877712249756,1877,551,82,40
691,26.66790129172647,800,2.0,0.44456928968429565,1874,460,63,29
7,26.70123616834113,801,9.0,0.2742488384246826,982,82,35,55
634,26.70123616834113,801,2.0,0.5094881057739258,857,332,73,63
652,26.70123616834113,801,2.0,0.6604309678077698,1140,429,85,41
668,26.70123616834113,801,9.0,0.38672927021980286,521,157,19,31
669,26.70123616834113,801,2.0,0.6927586793899536,322,247,41,28
676,26.70123616834113,801,2.0,0.5319877862930298,281,269,33,30
681,26.70123616834113,801,2.0,0.7892224192619324,157,833,193,90
688,26.70123616834113,801,2.0,0.5626712441444397,1871,551,83,43
691,26.70123616834113,801,2.0,0.4582606554031372,1871,459,59,28
7,26.734571044955786,802,9.0,0.2700822353363037,982,82,35,55
634,26.734571044955786,802,2.0,0.5016787052154541,850,329,71,60
652,26.734571044955786,802,2.0,0.582530677318573,1127,423,86,39
668,26.734571044955786,802,9.0,0.3739403486251831,521,157,19,31
669,26.734571044955786,802,2.0,0.548944354057312,324,249,41,28
676,26.734571044955786,802,2.0,0.5412049889564514,282,269,32,30
681,26.734571044955786,802,2.0,0.8176310658454895,142,836,194,91
688,26.734571044955786,802,2.0,0.5292039513587952,1865,552,85,42
691,26.734571044955786,802,2.0,0.4312402904033661,1860,458,70,31
7,26.767905921570446,803,9.0,0.2615244388580322,982,81,37,54
634,26.767905921570446,803,2.0,0.5181880593299866,842,328,69,59
652,26.767905921570446,803,2.0,0.6415903568267822,1113,419,81,41
668,26.767905921570446,803,9.0,0.42893877625465393,521,157,19,31
669,26.767905921570446,803,2.0,0.5912476181983948,325,250,43,30
676,26.767905921570446,803,2.0,0.46621498465538025,283,271,33,30
681,26.767905921570446,803,2.0,0.8559376001358032,124,838,197,90
688,26.767905921570446,803,2.0,0.6779570579528809,1860,553,85,41
691,26.767905921570446,803,2.0,0.6077070236206055,1852,457,78,32
7,26.801240798185102,804,9.0,0.26367437839508057,981,81,38,53
634,26.801240798185102,804,2.0,0.5663049817085266,837,325,68,57
652,26.801240798185102,804,2.0,0.5900617241859436,1102,415,80,41
668,26.801240798185102,804,9.0,0.3820403516292572,521,157,19,31
669,26.801240798185102,804,2.0,0.5376229882240295,327,252,42,29
676,26.801240798185102,804,2.0,0.5149310827255249,284,272,33,30
681,26.801240798185102,804,2.0,0.8145139813423157,107,839,197,93
688,26.801240798185102,804,2.0,0.7125827074050903,1853,554,87,41
691,26.801240798185102,804,2.0,0.5547123551368713,1848,456,77,33
7,26.834575674799762,805,9.0,0.2565303146839142,982,81,36,54
634,26.834575674799762,805,2.0,0.6883730888366699,830,322,65,56
652,26.834575674799762,805,2.0,0.6270000338554382,1094,411,79,39
668,26.834575674799762,805,9.0,0.39257651567459106,521,157,18,31
669,26.834575674799762,805,2.0,0.547832190990448,329,252,42,30
676,26.834575674799762,805,2.0,0.6292011737823486,285,275,35,31
681,26.834575674799762,805,2.0,0.74969881772995,95,842,190,93
688,26.834575674799762,805,2.0,0.7707543969154358,1847,554,86,41
691,26.834575674799762,805,2.0,0.4371022582054138,1844,456,71,33
7,26.86791055141442,806,9.0,0.2584608495235443,982,81,36,54
634,26.86791055141442,806,2.0,0.7386453151702881,824,321,63,54
652,26.86791055141442,806,2.0,0.6130560040473938,1081,407,79,38
668,26.86791055141442,806,9.0,0.366345077753067,521,157,18,31
669,26.86791055141442,806,2.0,0.4823733866214752,331,253,43,29
676,26.86791055141442,806,2.0,0.6662584543228149,286,276,35,33
681,26.86791055141442,806,2.0,0.7706795334815979,87,845,174,92
688,26.86791055141442,806,2.0,0.751109778881073,1841,555,88,40
691,26.86791055141442,806,2.0,0.3496606945991516,1843,456,64,32
7,26.901245428029075,807,9.0,0.259326696395874,982,81,36,55
634,26.901245428029075,807,2.0,0.6020076274871826,817,318,62,54
652,26.901245428029075,807,2.0,0.5956414341926575,1072,402,74,35
668,26.901245428029075,807,9.0,0.4142621159553528,521,157,17,31
669,26.901245428029075,807,2.0,0.6406320929527283,333,255,42,30
676,26.901245428029075,807,2.0,0.6920628547668457,288,279,37,32
681,26.901245428029075,807,2.0,0.7898187637329102,77,845,155,89
688,26.901245428029075,807,2.0,0.7592109441757202,1836,556,88,41
691,26.901245428029075,807,2.0,0.27950340509414673,1840,454,62,31
7,26.934580304643735,808,9.0,0.26146313548088074,982,81,37,54
634,26.934580304643735,808,2.0,0.6550338864326477,811,315,62,54
652,26.934580304643735,808,2.0,0.6202418208122253,1063,399,76,34
668,26.934580304643735,808,9.0,0.38699302077293396,521,157,18,31
669,26.934580304643735,808,2.0,0.5942486524581909,335,256,41,29
676,26.934580304643735,808,2.0,0.5879597663879395,289,280,37,32
681,26.934580304643735,808,2.0,0.7707183361053467,70,844,140,83
688,26.934580304643735,808,2.0,0.676685631275177,1829,557,87,41
691,26.934580304643735,808,2.0,0.12716364860534668,1835,454,49,30
7,26.96791518125839,809,9.0,0.2623279094696045,982,81,36,54
634,26.96791518125839,809,2.0,0.6871195435523987,806,313,63,51
652,26.96791518125839,809,2.0,0.5593347549438477,1051,394,76,36
668,26.96791518125839,809,9.0,0.4165952205657959,521,157,18,31
669,26.96791518125839,809,2.0,0.6870901584625244,337,258,42,29
676,26.96791518125839,809,2.0,0.6228761076927185,289,281,38,34
681,26.96791518125839,809,2.0,0.7824355959892273,61,843,123,82
688,26.96791518125839,809,2.0,0.7307655811309814,1821,557,86,43
7,27.00125005787305,810,9.0,0.27327960729599,982,82,36,55
634,27.00125005787305,810,2.0,0.5882720947265625,799,312,60,47
652,27.00125005787305,810,2.0,0.4107578992843628,1041,389,76,38
668,27.00125005787305,810,9.0,0.3794599175453186,522,157,18,31
669,27.00125005787305,810,2.0,0.5842720866203308,338,259,42,32
676,27.00125005787305,810,2.0,0.5865195989608765,291,283,37,34
681,27.00125005787305,810,2.0,0.55783611536026,53,843,107,82
688,27.00125005787305,810,2.0,0.7297186255455017,1815,556,86,45
7,27.034584934487707,811,9.0,0.29548636078834534,982,81,38,54
634,27.034584934487707,811,2.0,0.46319904923439026,794,309,59,46
652,27.034584934487707,811,2.0,0.57428377866745,1031,384,75,38
668,27.034584934487707,811,9.0,0.4253467321395874,522,157,18,31
669,27.034584934487707,811,2.0,0.5866239070892334,339,260,42,32
676,27.034584934487707,811,2.0,0.606209397315979,292,285,37,35
681,27.034584934487707,811,2.0,0.6843464374542236,46,842,92,86
688,27.034584934487707,811,2.0,0.7541369199752808,1808,557,87,46
691,27.034584934487707,811,2.0,0.363234281539917,1808,451,72,29
7,27.067919811102367,812,9.0,0.28711169958114624,982,81,38,54
634,27.067919811102367,812,2.0,0.3885529935359955,788,307,59,47
652,27.067919811102367,812,2.0,0.6262572407722473,1021,381,74,35
668,27.067919811102367,812,9.0,0.46028417348861694,522,157,18,31
669,27.067919811102367,812,2.0,0.5749497413635254,340,263,42,34
676,27.067919811102367,812,2.0,0.6383680105209351,293,288,37,36
681,27.067919811102367,812,2.0,0.5266808271408081,39,846,78,83
688,27.067919811102367,812,2.0,0.8027342557907104,1801,558,87,45
696,27.067919811102367,812,2.0,0.7302795648574829,1858,779,121,103
691,27.067919811102367,812,2.0,0.48785829544067383,1802,450,76,29
7,27.101254687717024,813,9.0,0.2931658923625946,982,81,38,54
634,27.101254687717024,813,2.0,0.3848561644554138,781,305,60,48
652,27.101254687717024,813,2.0,0.5188892483711243,1010,377,72,35
668,27.101254687717024,813,9.0,0.3917054235935211,522,157,18,31
669,27.101254687717024,813,2.0,0.5520827174186707,342,265,43,36
676,27.101254687717024,813,2.0,0.6808110475540161,296,289,38,37
681,27.101254687717024,813,2.0,0.5611053705215454,28,850,57,81
688,27.101254687717024,813,2.0,0.8018219470977783,1794,558,88,46
696,27.101254687717024,813,2.0,0.8040879368782043,1842,770,153,108
691,27.101254687717024,813,2.0,0.3581883907318115,1800,449,77,30
7,27.134589564331684,814,9.0,0.29656532406806946,982,81,39,53
634,27.134589564331684,814,2.0,0.5776522159576416,774,303,58,48
652,27.134589564331684,814,2.0,0.523898720741272,1004,375,69,34
668,27.134589564331684,814,9.0,0.36390602588653564,522,157,18,31
669,27.134589564331684,814,2.0,0.6407561898231506,343,266,43,35
676,27.134589564331684,814,2.0,0.6540974378585815,298,291,39,36
681,27.134589564331684,814,2.0,0.5603083372116089,19,851,39,79
688,27.134589564331684,814,2.0,0.7803857326507568,1788,559,89,47
696,27.134589564331684,814,2.0,0.8291819095611572,1823,753,191,111
691,27.134589564331684,814,2.0,0.44324642419815063,1793,448,76,29
698,27.134589564331684,814,2.0,0.4120682179927826,1310,339,66,32
7,27.16792444094634,815,9.0,0.29612839221954346,982,81,39,54
634,27.16792444094634,815,2.0,0.6101701259613037,769,301,58,47
652,27.16792444094634,815,2.0,0.5319744944572449,995,371,65,37
668,27.16792444094634,815,9.0,0.3304344713687897,522,157,18,31
669,27.16792444094634,815,2.0,0.6014683246612549,346,269,45,36
676,27.16792444094634,815,2.0,0.715117335319519,300,292,40,37
681,27.16792444094634,815,2.0,0.36115747690200806,11,852,23,75
688,27.16792444094634,815,2.0,0.7802664041519165,1780,560,90,48
696,27.16792444094634,815,2.0,0.8783700466156006,1796,736,205,104
691,27.16792444094634,815,2.0,0.4793208837509155,1787,447,79,29
698,27.16792444094634,815,2.0,0.3376169502735138,1307,338,65,31
7,27.201259317561,816,9.0,0.3112602233886719,982,81,39,54
634,27.201259317561,816,2.0,0.6573249101638794,763,300,58,45
652,27.201259317561,816,2.0,0.5323258638381958,984,367,66,37
668,27.201259317561,816,9.0,0.3107595443725586,522,157,18,31
669,27.201259317561,816,2.0,0.6106319427490234,348,271,45,35
676,27.201259317561,816,2.0,0.6620594263076782,301,294,41,37
688,27.201259317561,816,2.0,0.763232409954071,1773,560,89,48
696,27.201259317561,816,2.0,0.82859206199646,1759,720,206,98
691,27.201259317561,816,2.0,0.21695508062839508,1783,446,77,30
698,27.201259317561,816,2.0,0.4107184112071991,1303,338,62,29
7,27.234594194175656,817,9.0,0.3036128282546997,982,81,39,54
634,27.234594194175656,817,2.0,0.6000508069992065,758,295,57,45
652,27.234594194175656,817,2.0,0.5095046162605286,969,362,59,35
668,27.234594194175656,817,9.0,0.3186435103416443,522,157,18,31
669,27.234594194175656,817,2.0,0.6859642267227173,350,272,46,36
676,27.234594194175656,817,2.0,0.6918955445289612,302,297,43,36
688,27.234594194175656,817,2.0,0.7530362606048584,1766,562,90,46
696,27.234594194175656,817,2.0,0.8451345562934875,1724,706,200,96
691,27.234594194175656,817,2.0,0.4372846484184265,1779,445,76,33
698,27.234594194175656,817,2.0,0.38861119747161865,1300,337,59,31
7,27.267929070790316,818,9.0,0.29872366786003113,982,81,37,55
634,27.267929070790316,818,2.0,0.6309303641319275,753,294,59,46
652,27.267929070790316,818,2.0,0.5876949429512024,962,360,62,36
668,27.267929070790316,818,9.0,0.41175445914268494,522,157,18,31
669,27.267929070790316,818,2.0,0.6562257409095764,352,273,47,37
676,27.267929070790316,818,2.0,0.7346557974815369,302,299,43,37
688,27.267929070790316,818,2.0,0.797195315361023,1759,563,90,46
696,27.267929070790316,818,2.0,0.8542760610580444,1688,690,192,94
691,27.267929070790316,818,2.0,0.5012731552124023,1775,445,72,33
698,27.267929070790316,818,2.0,0.27413004636764526,1298,337,55,30
7,27.301263947404973,819,9.0,0.2939249277114868,982,81,38,54
634,27.301263947404973,819,2.0,0.6313846111297607,748,292,58,46
652,27.301263947404973,819,2.0,0.7099441885948181,955,357,65,34
668,27.301263947404973,819,9.0,0.39797356724739075,521,157,18,31
669,27.301263947404973,819,2.0,0.6158552169799805,354,274,47,37
676,27.301263947404973,819,2.0,0.8012674450874329,304,301,42,35
688,27.301263947404973,819,2.0,0.7797766327857971,1753,563,90,45
696,27.301263947404973,819,2.0,0.8515356779098511,1654,676,187,90
691,27.301263947404973,819,2.0,0.5246527791023254,1772,445,67,34
698,27.301263947404973,819,2.0,0.40316271781921387,1298,337,55,30
7,27.334598824019633,820,9.0,0.2997071444988251,982,81,37,55
634,27.334598824019633,820,2.0,0.5952193737030029,742,290,57,46
652,27.334598824019633,820,2.0,0.6677137017250061,948,355,66,33
668,27.334598824019633,820,9.0,0.3847884237766266,522,157,19,31
669,27.334598824019633,820,2.0,0.5616515874862671,355,277,48,36
676,27.334598824019633,820,2.0,0.7372292876243591,305,303,42,33
688,27.334598824019633,820,2.0,0.7635757327079773,1746,565,90,44
696,27.334598824019633,820,2.0,0.8389503955841064,1621,663,183,86
691,27.334598824019633,820,2.0,0.4407167434692383,1769,443,62,32
698,27.334598824019633,820,2.0,0.37775135040283203,1296,336,50,29
700,27.334598824019633,820,2.0,0.6211870908737183,1906,578,25,32
7,27.36793370063429,821,9.0,0.2781338393688202,982,82,36,55
634,27.36793370063429,821,2.0,0.5986314415931702,738,288,60,44
652,27.36793370063429,821,2.0,0.6462864875793457,941,353,65,32
668,27.36793370063429,821,9.0,0.39255601167678833,521,157,19,31
669,27.36793370063429,821,2.0,0.5910595655441284,357,279,48,35
676,27.36793370063429,821,2.0,0.6989502906799316,306,305,41,35
688,27.36793370063429,821,2.0,0.7908207178115845,1739,565,90,42
696,27.36793370063429,821,2.0,0.8436368107795715,1591,649,174,83
691,27.36793370063429,821,2.0,0.29164910316467285,1766,443,55,31
698,27.36793370063429,821,2.0,0.271571546792984,1294,335,48,29
700,27.36793370063429,821,2.0,0.6724367141723633,1902,580,32,35
7,27.40126857724895,822,9.0,0.2778063714504242,982,81,37,54
634,27.40126857724895,822,2.0,0.5979442596435547,733,288,59,45
652,27.40126857724895,822,2.0,0.5281522274017334,935,350,64,32
668,27.40126857724895,822,9.0,0.44458267092704773,521,157,19,31
669,27.40126857724895,822,2.0,0.5717470049858093,359,282,48,35
676,27.40126857724895,822,2.0,0.6707563996315002,309,308,40,39
688,27.40126857724895,822,2.0,0.7426645755767822,1732,566,88,41
696,27.40126857724895,822,2.0,0.7907014489173889,1561,637,166,83
691,27.40126857724895,822,2.0,0.1545230895280838,1763,441,49,30
698,27.40126857724895,822,2.0,0.38224998116493225,1292,333,45,28
700,27.40126857724895,822,2.0,0.7044066190719604,1899,580,38,38
7,27.434603453863605,823,9.0,0.2724131941795349,982,81,38,54
634,27.434603453863605,823,2.0,0.719278872013092,728,286,60,42
652,27.434603453863605,823,2.0,0.4759485125541687,929,347,61,33
668,27.434603453863605,823,9.0,0.42475658655166626,521,157,19,31
669,27.434603453863605,823,2.0,0.6245015263557434,361,284,47,35
676,27.434603453863605,823,2.0,0.7226203083992004,311,310,40,41
688,27.434603453863605,823,2.0,0.741838276386261,1725,567,87,41
696,27.434603453863605,823,2.0,0.8213657140731812,1533,624,159,80
691,27.434603453863605,823,2.0,0.1789250671863556,1760,439,42,29
698,27.434603453863605,823,2.0,0.2343616634607315,1289,333,40,28
700,27.434603453863605,823,2.0,0.7489669322967529,1897,580,42,41
7,27.467938330478265,824,9.0,0.2868262231349945,982,82,37,55
634,27.467938330478265,824,2.0,0.7508026361465454,724,285,59,41
652,27.467938330478265,824,2.0,0.4790148138999939,920,345,58,33
668,27.467938330478265,824,9.0,0.4418870210647583,521,157,19,31
669,27.467938330478265,824,2.0,0.6360635161399841,362,286,49,38
676,27.467938330478265,824,2.0,0.6090017557144165,312,312,41,41
688,27.467938330478265,824,2.0,0.6721637845039368,1719,567,87,41
696,27.467938330478265,824,2.0,0.8098630309104919,1508,614,157,81
691,27.467938330478265,824,2.0,0.12684305012226105,1758,437,34,29
700,27.467938330478265,824,2.0,0.6608784794807434,1895,580,47,44
7,27.501273207092922,825,9.0,0.27206024527549744,982,82,36,55
634,27.501273207092922,825,2.0,0.6913866400718689,719,283,57,41
652,27.501273207092922,825,2.0,0.532355785369873,913,340,52,31
668,27.501273207092922,825,9.0,0.3924996256828308,521,157,19,31
669,27.501273207092922,825,2.0,0.6493595838546753,366,288,48,38
676,27.501273207092922,825,2.0,0.567811906337738,314,314,42,42
688,27.501273207092922,825,2.0,0.6072506904602051,1712,567,89,42
696,27.501273207092922,825,2.0,0.854292631149292,1482,602,152,79
700,27.501273207092922,825,2.0,0.551557183265686,1893,580,51,48
7,27.53460808370758,826,9.0,0.25363218784332275,982,81,38,54
634,27.53460808370758,826,2.0,0.7041895389556885,716,280,57,38
652,27.53460808370758,826,2.0,0.4762830138206482,902,337,57,31
668,27.53460808370758,826,9.0,0.4086373746395111,521,157,19,31
669,27.53460808370758,826,2.0,0.6161209940910339,368,291,49,37
676,27.53460808370758,826,2.0,0.6106359958648682,315,317,44,43
688,27.53460808370758,826,2.0,0.4711395800113678,1706,568,83,42
696,27.53460808370758,826,2.0,0.7620744109153748,1456,592,146,76
700,27.53460808370758,826,2.0,0.6056801080703735,1890,578,56,53
7,27.567942960322238,827,9.0,0.2639855742454529,982,82,37,55
634,27.567942960322238,827,2.0,0.6265043020248413,712,278,62,39
652,27.567942960322238,827,2.0,0.5255799889564514,895,334,57,30
668,27.567942960322238,827,9.0,0.38505393266677856,521,157,18,31
669,27.567942960322238,827,2.0,0.5953059792518616,370,293,49,38
676,27.567942960322238,827,2.0,0.6653249859809875,316,320,43,44
688,27.567942960322238,827,2.0,0.5123983025550842,1703,568,80,44
696,27.567942960322238,827,2.0,0.7692365050315857,1430,580,143,71
700,27.567942960322238,827,2.0,0.4229731261730194,1887,576,62,60
704,27.567942960322238,827,2.0,0.3906020522117615,291,210,28,24
7,27.601277836936895,828,9.0,0.2646813988685608,982,82,36,55
634,27.601277836936895,828,2.0,0.6480366587638855,708,277,63,39
652,27.601277836936895,828,2.0,0.5372524261474609,888,331,57,31
668,27.601277836936895,828,9.0,0.3713463246822357,521,157,18,32
669,27.601277836936895,828,2.0,0.5925360321998596,372,295,50,38
676,27.601277836936895,828,2.0,0.6564509272575378,319,322,44,43
688,27.601277836936895,828,2.0,0.6200809478759766,1698,567,75,43
696,27.601277836936895,828,2.0,0.813438892364502,1407,569,141,70
700,27.601277836936895,828,2.0,0.5139350295066833,1884,573,69,65
704,27.601277836936895,828,2.0,0.36338010430336,291,211,27,23
7,27.634612713551554,829,9.0,0.2705792188644409,982,81,38,54
634,27.634612713551554,829,2.0,0.6661049127578735,703,276,62,39
652,27.634612713551554,829,2.0,0.6092265844345093,881,328,57,31
668,27.634612713551554,829,9.0,0.4330006539821625,521,157,18,32
669,27.634612713551554,829,2.0,0.6329688429832458,374,297,51,38
676,27.634612713551554,829,2.0,0.6273349523544312,320,325,45,41
688,27.634612713551554,829,2.0,0.5720055103302002,1695,566,71,43
696,27.634612713551554,829,2.0,0.8471728563308716,1385,560,135,68
700,27.634612713551554,829,2.0,0.42954015731811523,1881,576,76,61
704,27.634612713551554,829,2.0,0.3756091594696045,291,213,27,22
7,27.66794759016621,830,9.0,0.2659020721912384,982,81,38,54
634,27.66794759016621,830,2.0,0.6387492418289185,698,274,59,39
652,27.66794759016621,830,2.0,0.5386474132537842,875,327,57,30
668,27.66794759016621,830,9.0,0.39996337890625,521,157,18,31
669,27.66794759016621,830,2.0,0.6073859930038452,377,298,52,41
676,27.66794759016621,830,2.0,0.7187927961349487,322,328,47,41
688,27.66794759016621,830,2.0,0.28991639614105225,1690,567,67,40
696,27.66794759016621,830,2.0,0.7764895558357239,1364,552,132,66
700,27.66794759016621,830,2.0,0.3648654818534851,1878,582,82,51
704,27.66794759016621,830,2.0,0.3452988862991333,292,213,28,22
7,27.70128246678087,831,9.0,0.2613084614276886,982,81,39,54
634,27.70128246678087,831,2.0,0.6649190187454224,694,272,60,38
652,27.70128246678087,831,2.0,0.540576159954071,871,325,56,29
668,27.70128246678087,831,9.0,0.3887750506401062,521,157,18,31
669,27.70128246678087,831,2.0,0.5012483596801758,379,299,51,40
676,27.70128246678087,831,2.0,0.77862149477005,324,332,48,42
688,27.70128246678087,831,2.0,0.29662421345710754,1683,565,59,39
696,27.70128246678087,831,2.0,0.7184178829193115,1341,543,129,68
700,27.70128246678087,831,2.0,0.5008687973022461,1876,585,86,47
704,27.70128246678087,831,2.0,0.4011887013912201,293,214,27,23
7,27.734617343395527,832,9.0,0.25367337465286255,982,81,39,53
634,27.734617343395527,832,2.0,0.6495935916900635,691,271,60,37
652,27.734617343395527,832,2.0,0.4879986643791199,865,322,56,29
668,27.734617343395527,832,9.0,0.3441045582294464,521,157,17,31
669,27.734617343395527,832,2.0,0.46016472578048706,382,302,50,40
676,27.734617343395527,832,2.0,0.7256501317024231,325,335,47,45
688,27.734617343395527,832,2.0,0.11395497620105743,1679,564,51,35
696,27.734617343395527,832,2.0,0.8530142903327942,1322,534,127,66
700,27.734617343395527,832,2.0,0.4521586298942566,1874,587,90,44
704,27.734617343395527,832,2.0,0.3483262062072754,295,217,27,23
7,27.767952220010187,833,9.0,0.2319890260696411,982,81,39,53
634,27.767952220010187,833,2.0,0.6047119498252869,688,270,61,36
652,27.767952220010187,833,2.0,0.39216041564941406,858,320,56,32
668,27.767952220010187,833,9.0,0.32664597034454346,521,157,17,31
669,27.767952220010187,833,2.0,0.6158692240715027,383,306,52,41
676,27.767952220010187,833,2.0,0.720284640789032,327,338,48,45
696,27.767952220010187,833,2.0,0.8309057354927063,1302,526,126,65
700,27.767952220010187,833,2.0,0.458745539188385,1868,585,100,49
704,27.767952220010187,833,2.0,0.4528498947620392,296,218,28,23
7,27.801287096624844,834,9.0,0.23326173424720764,982,81,39,53
634,27.801287096624844,834,2.0,0.6214096546173096,686,267,58,33
652,27.801287096624844,834,2.0,0.4925451874732971,850,317,52,30
668,27.801287096624844,834,9.0,0.3807937800884247,521,157,17,31
669,27.801287096624844,834,2.0,0.6273927092552185,387,310,54,43
676,27.801287096624844,834,2.0,0.6900214552879333,329,340,47,46
696,27.801287096624844,834,2.0,0.7775982022285461,1283,518,121,66
700,27.801287096624844,834,2.0,0.49855709075927734,1863,587,105,49
704,27.801287096624844,834,2.0,0.3620089590549469,298,219,28,25
7,27.834621973239503,835,9.0,0.24600352346897125,982,81,39,54
634,27.834621973239503,835,2.0,0.632827877998352,679,265,59,34
652,27.834621973239503,835,2.0,0.48351621627807617,844,315,48,28
668,27.834621973239503,835,9.0,0.3525269329547882,521,157,17,31
669,27.834621973239503,835,2.0,0.6438857913017273,390,312,57,45
676,27.834621973239503,835,2.0,0.7732019424438477,332,343,50,49
696,27.834621973239503,835,2.0,0.6850172281265259,1264,510,118,64
700,27.834621973239503,835,2.0,0.6052119731903076,1855,588,105,48
704,27.834621973239503,835,2.0,0.5039922595024109,299,222,27,25
7,27.86795684985416,836,9.0,0.235240638256073,982,81,39,54
634,27.86795684985416,836,2.0,0.7356655597686768,674,265,54,33
652,27.86795684985416,836,2.0,0.5210239887237549,838,312,50,29
668,27.86795684985416,836,9.0,0.35273677110671997,521,157,17,31
669,27.86795684985416,836,2.0,0.5150906443595886,392,314,58,46
676,27.86795684985416,836,2.0,0.8233763575553894,335,346,51,50
696,27.86795684985416,836,2.0,0.7981922626495361,1246,502,115,60
700,27.86795684985416,836,2.0,0.541716456413269,1849,589,107,49
704,27.86795684985416,836,2.0,0.529331624507904,300,222,28,24
7,27.90129172646882,837,9.0,0.22825376689434052,982,81,39,53
634,27.90129172646882,837,2.0,0.5976166129112244,672,262,54,32
652,27.90129172646882,837,2.0,0.5822544693946838,832,310,48,27
668,27.90129172646882,837,9.0,0.29690560698509216,521,157,17,31
669,27.90129172646882,837,2.0,0.5614553093910217,395,317,57,46
676,27.90129172646882,837,2.0,0.7894336581230164,337,348,49,51
696,27.90129172646882,837,2.0,0.6813419461250305,1228,495,110,58
700,27.90129172646882,837,2.0,0.5222424268722534,1844,588,107,53
704,27.90129172646882,837,2.0,0.39203014969825745,301,223,27,24
712,27.90129172646882,837,2.0,0.42732951045036316,270,257,36,28
713,27.90129172646882,837,2.0,0.34441739320755005,1680,423,65,29
7,27.934626603083476,838,9.0,0.2353660762310028,982,81,39,53
634,27.934626603083476,838,2.0,0.5758354067802429,669,261,57,31
652,27.934626603083476,838,2.0,0.5824618339538574,825,307,51,28
668,27.934626603083476,838,9.0,0.24981291592121124,521,157,17,31
669,27.934626603083476,838,2.0,0.5122367739677429,398,319,57,46
676,27.934626603083476,838,2.0,0.7258232831954956,339,353,50,51
696,27.934626603083476,838,2.0,0.6454458236694336,1211,488,109,59
700,27.934626603083476,838,2.0,0.5942714214324951,1837,589,108,51
704,27.934626603083476,838,2.0,0.25883060693740845,302,224,27,25
712,27.934626603083476,838,2.0,0.5610858798027039,272,258,36,28
713,27.934626603083476,838,2.0,0.2884381413459778,1676,422,61,29
714,27.934626603083476,838,2.0,0.7295301556587219,1855,771,127,122
7,27.967961479698136,839,9.0,0.23610663414001465,982,81,39,53
634,27.967961479698136,839,2.0,0.6296294331550598,665,259,60,30
652,27.967961479698136,839,2.0,0.5161269903182983,819,306,51,29
668,27.967961479698136,839,9.0,0.27193012833595276,521,157,17,31
669,27.967961479698136,839,2.0,0.603546679019928,400,321,57,46
676,27.967961479698136,839,2.0,0.7384728193283081,341,356,52,51
696,27.967961479698136,839,2.0,0.7723984122276306,1194,481,109,59
700,27.967961479698136,839,2.0,0.6515676975250244,1831,591,106,51
704,27.967961479698136,839,2.0,0.2045094072818756,302,224,28,25
712,27.967961479698136,839,2.0,0.45031192898750305,273,260,36,30
713,27.967961479698136,839,2.0,0.32050198316574097,1671,420,66,28
714,27.967961479698136,839,2.0,0.7747302055358887,1841,768,154,108
7,28.001296356312793,840,9.0,0.23733797669410706,982,81,39,53
634,28.001296356312793,840,2.0,0.6512961387634277,661,258,55,29
652,28.001296356312793,840,2.0,0.5710635781288147,814,304,51,28
668,28.001296356312793,840,9.0,0.2597385346889496,521,157,17,31
669,28.001296356312793,840,2.0,0.5415177345275879,403,323,57,48
676,28.001296356312793,840,2.0,0.6451478600502014,343,361,57,51
696,28.001296356312793,840,2.0,0.7251490354537964,1179,475,107,57
700,28.001296356312793,840,2.0,0.6253317594528198,1824,591,110,51
704,28.001296356312793,840,2.0,0.17640472948551178,304,224,26,24
712,28.001296356312793,840,2.0,0.5089962482452393,275,261,35,29
713,28.001296356312793,840,2.0,0.20696480572223663,1667,420,67,28
714,28.001296356312793,840,2.0,0.7693771719932556,1821,751,193,104
7,28.034631232927453,841,9.0,0.23851606249809265,982,81,39,54
634,28.034631232927453,841,2.0,0.5260346531867981,658,256,56,28
652,28.034631232927453,841,2.0,0.4608907401561737,808,302,54,28
668,28.034631232927453,841,9.0,0.2625653147697449,521,157,17,31
669,28.034631232927453,841,2.0,0.46360427141189575,405,325,57,47
676,28.034631232927453,841,2.0,0.6442935466766357,345,364,56,54
696,28.034631232927453,841,2.0,0.7360086441040039,1164,468,102,56
700,28.034631232927453,841,2.0,0.6631508469581604,1818,592,108,52
704,28.034631232927453,841,2.0,0.2031792849302292,304,224,26,24
712,28.034631232927453,841,2.0,0.4070447087287903,276,262,33,30
713,28.034631232927453,841,2.0,0.23422305285930634,1660,419,70,27
714,28.034631232927453,841,2.0,0.7624747157096863,1787,736,199,94
7,28.06796610954211,842,9.0,0.2438887506723404,982,81,39,54
634,28.06796610954211,842,2.0,0.5889772772789001,654,255,59,27
652,28.06796610954211,842,2.0,0.4180434048175812,803,301,51,27
668,28.06796610954211,842,9.0,0.26833024621009827,521,156,17,31
669,28.06796610954211,842,2.0,0.5480601191520691,408,328,58,48
676,28.06796610954211,842,2.0,0.7228124141693115,347,366,54,56
696,28.06796610954211,842,2.0,0.690243124961853,1147,461,102,54
700,28.06796610954211,842,2.0,0.6601768732070923,1812,592,106,51
704,28.06796610954211,842,2.0,0.10237164795398712,305,225,28,25
712,28.06796610954211,842,2.0,0.2890123724937439,276,266,34,29
713,28.06796610954211,842,2.0,0.36605796217918396,1655,418,68,26
714,28.06796610954211,842,2.0,0.80504310131073,1750,720,199,90
7,28.10130098615677,843,9.0,0.23743535578250885,982,81,39,54
634,28.10130098615677,843,2.0,0.32630622386932373,650,254,59,26
652,28.10130098615677,843,2.0,0.40987876057624817,798,299,50,28
668,28.10130098615677,843,9.0,0.3078904151916504,521,156,17,31
669,28.10130098615677,843,2.0,0.5762054920196533,412,331,58,46
676,28.10130098615677,843,2.0,0.7476013898849487,350,370,54,56
696,28.10130098615677,843,2.0,0.6860665082931519,1132,455,101,53
700,28.10130098615677,843,2.0,0.5453445911407471,1807,592,103,49
713,28.10130098615677,843,2.0,0.38918986916542053,1652,417,63,25
714,28.10130098615677,843,2.0,0.7800852060317993,1712,704,192,89
718,28.10130098615677,843,2.0,0.4205610454082489,1843,552,92,42
7,28.134635862771425,844,9.0,0.22447139024734497,982,81,37,54
652,28.134635862771425,844,2.0,0.4803389012813568,795,297,46,28
668,28.134635862771425,844,9.0,0.23722198605537415,521,156,17,31
669,28.134635862771425,844,2.0,0.5212460160255432,415,335,60,48
676,28.134635862771425,844,2.0,0.6874447464942932,351,374,55,54
696,28.134635862771425,844,2.0,0.6590981483459473,1117,450,98,51
700,28.134635862771425,844,2.0,0.6032801270484924,1802,592,100,50
713,28.134635862771425,844,2.0,0.38413506746292114,1648,416,63,25
714,28.134635862771425,844,2.0,0.7749553322792053,1677,688,184,84
718,28.134635862771425,844,2.0,0.16438739001750946,1834,553,94,43
7,28.167970739386085,845,9.0,0.2297646403312683,982,81,38,54
652,28.167970739386085,845,2.0,0.3591766357421875,790,296,46,27
668,28.167970739386085,845,9.0,0.24976466596126556,522,156,17,30
669,28.167970739386085,845,2.0,0.644762396812439,419,340,62,47
676,28.167970739386085,845,2.0,0.7604719400405884,354,379,56,54
696,28.167970739386085,845,2.0,0.675484299659729,1104,444,96,51
700,28.167970739386085,845,2.0,0.6086170077323914,1797,592,95,50
713,28.167970739386085,845,2.0,0.2909887433052063,1643,415,63,25
714,28.167970739386085,845,2.0,0.8300254940986633,1642,674,178,81
718,28.167970739386085,845,2.0,0.43353596329689026,1829,555,91,46
634,28.167970739386085,845,2.0,0.3142958879470825,643,251,56,28
7,28.20130561600074,846,9.0,0.2196059226989746,982,81,39,54
652,28.20130561600074,846,2.0,0.37427574396133423,782,293,42,25
668,28.20130561600074,846,9.0,0.213809996843338,522,157,17,30
669,28.20130561600074,846,2.0,0.7151742577552795,422,343,59,47
676,28.20130561600074,846,2.0,0.6110794544219971,357,382,58,57
696,28.20130561600074,846,2.0,0.7316266894340515,1090,437,95,53
700,28.20130561600074,846,2.0,0.6405344009399414,1793,593,92,51
713,28.20130561600074,846,2.0,0.23681342601776123,1637,413,65,26
714,28.20130561600074,846,2.0,0.7428717613220215,1610,661,170,79
718,28.20130561600074,846,2.0,0.5050745606422424,1819,554,94,47
634,28.20130561600074,846,2.0,0.2857780158519745,643,249,51,27
7,28.2346404926154,847,9.0,0.24465984106063843,982,81,39,53
652,28.2346404926154,847,2.0,0.4428904056549072,774,290,43,26
668,28.2346404926154,847,9.0,0.22999294102191925,522,157,18,30
669,28.2346404926154,847,2.0,0.6208303570747375,426,347,59,48
676,28.2346404926154,847,2.0,0.6749840378761292,360,386,60,58
696,28.2346404926154,847,2.0,0.5828794836997986,1077,432,91,53
700,28.2346404926154,847,2.0,0.5913686752319336,1786,594,92,47
713,28.2346404926154,847,2.0,0.294386088848114,1632,412,66,28
714,28.2346404926154,847,2.0,0.8130798935890198,1578,648,164,77
718,28.2346404926154,847,2.0,0.5320996046066284,1813,554,94,49
634,28.2346404926154,847,2.0,0.28861549496650696,637,249,51,28
724,28.2346404926154,847,2.0,0.6496037840843201,267,716,74,66
704,28.2346404926154,847,2.0,0.3585697114467621,312,234,30,23
7,28.267975369230058,848,9.0,0.2323099672794342,982,81,37,54
652,28.267975369230058,848,2.0,0.37585631012916565,770,288,44,26
668,28.267975369230058,848,9.0,0.22156280279159546,522,157,18,29
669,28.267975369230058,848,2.0,0.4816252589225769,429,350,60,50
676,28.267975369230058,848,2.0,0.8021538257598877,361,390,61,58
696,28.267975369230058,848,2.0,0.6777138113975525,1064,426,90,51
700,28.267975369230058,848,2.0,0.6272934675216675,1782,594,88,48
713,28.267975369230058,848,2.0,0.20289194583892822,1628,411,62,27
714,28.267975369230058,848,2.0,0.7145078778266907,1552,634,154,77
718,28.267975369230058,848,2.0,0.5841516256332397,1809,554,90,49
634,28.267975369230058,848,2.0,0.3082154393196106,629,249,53,31
724,28.267975369230058,848,2.0,0.6076036095619202,258,714,88,72
704,28.267975369230058,848,2.0,0.43167635798454285,313,235,30,23
7,28.301310245844714,849,9.0,0.2325628250837326,982,81,38,54
652,28.301310245844714,849,2.0,0.3036898672580719,764,285,44,25
668,28.301310245844714,849,9.0,0.20028869807720184,522,157,18,29
669,28.301310245844714,849,2.0,0.5216286778450012,431,353,61,51
676,28.301310245844714,849,2.0,0.7483736872673035,364,393,60,60
696,28.301310245844714,849,2.0,0.6263980269432068,1052,422,89,47
700,28.301310245844714,849,2.0,0.6226444244384766,1778,594,82,45
713,28.301310245844714,849,2.0,0.12081705033779144,1625,410,60,26
714,28.301310245844714,849,2.0,0.7029695510864258,1524,623,149,74
718,28.301310245844714,849,2.0,0.5301752090454102,1800,556,94,50
634,28.301310245844714,849,2.0,0.32147935032844543,624,247,55,30
724,28.301310245844714,849,2.0,0.6778321266174316,249,714,105,77
704,28.301310245844714,849,2.0,0.27167850732803345,314,235,28,22
7,28.334645122459374,850,9.0,0.23256060481071472,982,81,38,54
652,28.334645122459374,850,2.0,0.36249059438705444,760,284,45,26
668,28.334645122459374,850,9.0,0.19333113729953766,522,156,18,29
669,28.334645122459374,850,2.0,0.6125571131706238,436,356,63,52
676,28.334645122459374,850,2.0,0.689545750617981,367,399,61,60
696,28.334645122459374,850,2.0,0.6560342907905579,1039,417,91,50
700,28.334645122459374,850,2.0,0.5090100765228271,1773,593,78,41
714,28.334645122459374,850,2.0,0.7932506203651428,1496,611,147,74
718,28.334645122459374,850,2.0,0.6229587197303772,1792,556,97,50
724,28.334645122459374,850,2.0,0.7127760052680969,240,715,122,79
704,28.334645122459374,850,2.0,0.25830990076065063,315,235,28,22
712,28.334645122459374,850,2.0,0.2705078721046448,288,280,43,30
7,28.36797999907403,851,9.0,0.2457389533519745,982,81,38,53
652,28.36797999907403,851,2.0,0.34801843762397766,755,281,44,25
668,28.36797999907403,851,9.0,0.17356353998184204,522,156,18,29
669,28.36797999907403,851,2.0,0.5223991870880127,439,360,65,52
676,28.36797999907403,851,2.0,0.6817143559455872,370,404,60,61
696,28.36797999907403,851,2.0,0.6226453185081482,1027,412,86,51
700,28.36797999907403,851,2.0,0.3077266216278076,1769,593,73,35
714,28.36797999907403,851,2.0,0.7858839631080627,1471,600,144,73
718,28.36797999907403,851,2.0,0.5625266432762146,1784,557,100,51
724,28.36797999907403,851,2.0,0.7641278505325317,229,717,143,82
704,28.36797999907403,851,2.0,0.35082918405532837,316,235,27,23
732,28.36797999907403,851,2.0,0.5904125571250916,272,823,65,79
712,28.36797999907403,851,2.0,0.25996410846710205,289,282,41,30
634,28.36797999907403,851,2.0,0.35776209831237793,623,243,52,27
7,28.40131487568869,852,9.0,0.23754464089870453,982,81,39,54
652,28.40131487568869,852,2.0,0.3252944350242615,751,280,45,26
668,28.40131487568869,852,9.0,0.13538338243961334,522,156,18,29
669,28.40131487568869,852,2.0,0.4957166910171509,443,363,66,54
676,28.40131487568869,852,2.0,0.7469037771224976,373,410,61,61
696,28.40131487568869,852,2.0,0.7055515050888062,1014,408,84,48
700,28.40131487568869,852,2.0,0.3686360716819763,1763,590,71,34
714,28.40131487568869,852,2.0,0.7230904698371887,1446,589,139,69
718,28.40131487568869,852,2.0,0.4883122146129608,1780,558,98,52
724,28.40131487568869,852,2.0,0.7509061098098755,219,717,161,83
704,28.40131487568869,852,2.0,0.41835135221481323,317,236,29,24
732,28.40131487568869,852,2.0,0.6844702363014221,265,832,77,97
712,28.40131487568869,852,2.0,0.38379621505737305,290,283,41,31
634,28.40131487568869,852,2.0,0.3513089120388031,616,242,52,25
7,28.434649752303347,853,9.0,0.25356340408325195,982,81,39,54
652,28.434649752303347,853,2.0,0.37697604298591614,745,279,46,26
668,28.434649752303347,853,9.0,0.15607887506484985,522,156,18,30
669,28.434649752303347,853,2.0,0.5885531306266785,447,366,66,55
676,28.434649752303347,853,2.0,0.7481933236122131,378,414,63,61
696,28.434649752303347,853,2.0,0.5901500582695007,1002,403,81,48
700,28.434649752303347,853,2.0,0.5341049432754517,1758,590,71,34
714,28.434649752303347,853,2.0,0.7069414258003235,1422,577,137,66
718,28.434649752303347,853,2.0,0.4421476423740387,1775,560,92,50
724,28.434649752303347,853,2.0,0.7658030986785889,207,719,174,85
704,28.434649752303347,853,2.0,0.3718819320201874,318,240,31,25
732,28.434649752303347,853,2.0,0.7569933533668518,257,829,94,97
712,28.434649752303347,853,2.0,0.49016720056533813,291,285,41,31
634,28.434649752303347,853,2.0,0.10588289797306061,613,242,53,24
738,28.434649752303347,853,2.0,0.4778172969818115,1771,567,100,61
7,28.467984628918007,854,9.0,0.24321578443050385,982,81,39,54
652,28.467984628918007,854,2.0,0.34015271067619324,741,278,46,26
668,28.467984628918007,854,9.0,0.13612599670886993,522,156,19,30
669,28.467984628918007,854,2.0,0.48676297068595886,451,370,69,57
676,28.467984628918007,854,2.0,0.6939465403556824,381,419,66,65
696,28.467984628918007,854,2.0,0.62563556432724,991,399,81,43
700,28.467984628918007,854,2.0,0.35216042399406433,1754,589,68,32
714,28.467984628918007,854,2.0,0.7724338173866272,1398,567,134,66
724,28.467984628918007,854,2.0,0.6979214549064636,189,721,176,86
704,28.467984628918007,854,2.0,0.4595857858657837,320,242,32,25
732,28.467984628918007,854,2.0,0.7713767290115356,248,828,112,100
712,28.467984628918007,854,2.0,0.3993142247200012,292,286,42,32
634,28.467984628918007,854,2.0,0.17267684638500214,606,239,41,26
738,28.467984628918007,854,2.0,0.4861552119255066,1766,565,98,62
7,28.501319505532663,855,9.0,0.25402507185935974,982,81,39,54
652,28.501319505532663,855,2.0,0.30436262488365173,737,277,46,26
668,28.501319505532663,855,9.0,0.15196280181407928,522,156,18,30
669,28.501319505532663,855,2.0,0.5817519426345825,455,374,69,55
676,28.501319505532663,855,2.0,0.7112354040145874,385,424,69,69
696,28.501319505532663,855,2.0,0.6045026779174805,980,394,79,46
700,28.501319505532663,855,2.0,0.2977151572704315,1752,585,66,37
714,28.501319505532663,855,2.0,0.717523992061615,1375,559,132,64
724,28.501319505532663,855,2.0,0.7343889474868774,171,722,181,84
704,28.501319505532663,855,2.0,0.47064653038978577,321,245,33,25
732,28.501319505532663,855,2.0,0.8028897047042847,239,830,128,99
712,28.501319505532663,855,2.0,0.47087469696998596,292,288,43,34
634,28.501319505532663,855,2.0,0.3333154320716858,600,238,43,26
738,28.501319505532663,855,2.0,0.5222818851470947,1759,565,98,63
7,28.534654382147323,856,9.0,0.23653654754161835,982,81,39,54
652,28.534654382147323,856,2.0,0.2741222679615021,733,275,47,27
668,28.534654382147323,856,9.0,0.14471013844013214,522,156,18,30
669,28.534654382147323,856,2.0,0.6077181696891785,460,378,69,54
676,28.534654382147323,856,2.0,0.7648163437843323,388,428,68,70
696,28.534654382147323,856,2.0,0.48667553067207336,971,388,76,48
714,28.534654382147323,856,2.0,0.7936709523200989,1354,550,131,64
724,28.534654382147323,856,2.0,0.765007495880127,153,724,184,86
704,28.534654382147323,856,2.0,0.45506051182746887,323,245,32,25
732,28.534654382147323,856,2.0,0.8623538017272949,230,829,145,100
712,28.534654382147323,856,2.0,0.4245510697364807,294,288,42,36
634,28.534654382147323,856,2.0,0.29174092411994934,597,237,43,24
738,28.534654382147323,856,2.0,0.5697633624076843,1751,565,97,61
742,28.534654382147323,856,2.0,0.44962790608406067,1180,305,44,28
7,28.56798925876198,857,9.0,0.24077531695365906,982,81,39,54
652,28.56798925876198,857,2.0,0.31200793385505676,728,274,47,26
668,28.56798925876198,857,9.0,0.1758105605840683,522,156,18,30
669,28.56798925876198,857,2.0,0.48151713609695435,462,384,72,58
676,28.56798925876198,857,2.0,0.7228414416313171,390,433,68,69
696,28.56798925876198,857,2.0,0.5694255232810974,960,385,79,50
714,28.56798925876198,857,2.0,0.7245368957519531,1332,540,123,62
724,28.56798925876198,857,2.0,0.7688535451889038,133,726,184,86
704,28.56798925876198,857,2.0,0.4664532244205475,324,246,34,26
732,28.56798925876198,857,2.0,0.8152161240577698,221,828,162,102
712,28.56798925876198,857,2.0,0.3678586483001709,295,289,41,37
634,28.56798925876198,857,2.0,0.3263022303581238,596,235,43,26
738,28.56798925876198,857,2.0,0.6354586482048035,1744,565,99,56
742,28.56798925876198,857,2.0,0.3058817684650421,1180,305,43,28
7,28.60132413537664,858,9.0,0.2373863309621811,982,81,39,54
652,28.60132413537664,858,2.0,0.35964104533195496,725,273,45,25
668,28.60132413537664,858,9.0,0.134927898645401,522,156,18,30
669,28.60132413537664,858,2.0,0.47137269377708435,467,388,72,60
676,28.60132413537664,858,2.0,0.7098479270935059,394,439,69,71
696,28.60132413537664,858,2.0,0.6439151167869568,950,379,77,49
714,28.60132413537664,858,2.0,0.7238824367523193,1312,533,122,62
724,28.60132413537664,858,2.0,0.7382325530052185,113,729,183,84
704,28.60132413537664,858,2.0,0.4868459105491638,326,248,34,25
732,28.60132413537664,858,2.0,0.819157063961029,212,828,180,105
712,28.60132413537664,858,2.0,0.46118077635765076,298,294,41,36
634,28.60132413537664,858,2.0,0.2890443205833435,591,234,42,26
738,28.60132413537664,858,2.0,0.6047096848487854,1739,566,94,55
742,28.60132413537664,858,2.0,0.15416261553764343,1181,305,40,29
7,28.634659011991296,859,9.0,0.26296156644821167,982,81,39,54
652,28.634659011991296,859,2.0,0.4372360408306122,721,272,45,24
668,28.634659011991296,859,9.0,0.16828835010528564,522,156,18,29
669,28.634659011991296,859,5.0,0.35541847348213196,471,393,74,62
676,28.634659011991296,859,2.0,0.656667947769165,398,445,71,74
696,28.634659011991296,859,2.0,0.5258786678314209,940,375,77,50
714,28.634659011991296,859,2.0,0.7756199240684509,1292,523,119,60
724,28.634659011991296,859,2.0,0.7144864201545715,96,731,184,83
704,28.634659011991296,859,2.0,0.5337268710136414,327,249,34,26
732,28.634659011991296,859,2.0,0.8217357993125916,203,829,199,107
712,28.634659011991296,859,2.0,0.45124080777168274,299,296,43,35
634,28.634659011991296,859,2.0,0.3133411705493927,587,233,39,26
7,28.667993888605956,860,9.0,0.24557887017726898,982,81,39,53
652,28.667993888605956,860,2.0,0.24954669177532196,715,268,42,26
668,28.667993888605956,860,9.0,0.17394126951694489,522,156,18,30
669,28.667993888605956,860,2.0,0.3088899254798889,475,396,77,62
676,28.667993888605956,860,2.0,0.640816330909729,402,450,71,74
696,28.667993888605956,860,2.0,0.6647279858589172,931,371,75,50
714,28.667993888605956,860,2.0,0.7640223503112793,1273,516,115,59
724,28.667993888605956,860,2.0,0.5999271869659424,84,732,169,79
704,28.667993888605956,860,2.0,0.5682716965675354,328,249,34,25
732,28.667993888605956,860,2.0,0.8103438019752502,193,830,215,106
712,28.667993888605956,860,2.0,0.6169425845146179,301,297,45,38
634,28.667993888605956,860,2.0,0.41653937101364136,589,232,48,26
718,28.667993888605956,860,2.0,0.6504193544387817,1725,567,92,45
7,28.701328765220612,861,9.0,0.24720998108386993,982,81,39,53
652,28.701328765220612,861,2.0,0.560875654220581,711,266,42,24
668,28.701328765220612,861,9.0,0.19572705030441284,522,156,18,29
669,28.701328765220612,861,2.0,0.49483177065849304,481,400,76,63
676,28.701328765220612,861,2.0,0.6860224008560181,406,456,72,74
696,28.701328765220612,861,2.0,0.7701767683029175,922,367,73,49
714,28.701328765220612,861,2.0,0.6650768518447876,1257,508,115,59
724,28.701328765220612,861,2.0,0.6770176887512207,75,732,151,77
704,28.701328765220612,861,2.0,0.36971810460090637,330,252,37,27
732,28.701328765220612,861,2.0,0.8446176052093506,179,830,219,106
712,28.701328765220612,861,2.0,0.4462350308895111,301,299,45,37
634,28.701328765220612,861,2.0,0.33705541491508484,589,232,55,26
718,28.701328765220612,861,2.0,0.5789845585823059,1718,568,93,45
7,28.734663641835272,862,9.0,0.23473678529262543,982,81,39,54
652,28.734663641835272,862,2.0,0.45214778184890747,707,265,39,22
668,28.734663641835272,862,9.0,0.2363785058259964,522,156,18,30
669,28.734663641835272,862,2.0,0.4288826882839203,486,406,77,65
676,28.734663641835272,862,2.0,0.6683872938156128,409,462,75,75
696,28.734663641835272,862,2.0,0.5717453956604004,912,364,71,45
714,28.734663641835272,862,2.0,0.713739812374115,1237,500,110,57
724,28.734663641835272,862,2.0,0.6733001470565796,65,731,130,73
704,28.734663641835272,862,2.0,0.393058717250824,332,253,37,29
732,28.734663641835272,862,2.0,0.8732836246490479,163,833,224,108
712,28.734663641835272,862,2.0,0.5097476840019226,302,300,45,38
634,28.734663641835272,862,2.0,0.29123789072036743,585,232,49,27
718,28.734663641835272,862,2.0,0.44665589928627014,1714,566,87,46
7,28.76799851844993,863,9.0,0.22870244085788727,982,81,39,54
652,28.76799851844993,863,2.0,0.5119844675064087,702,263,41,22
668,28.76799851844993,863,9.0,0.23281089961528778,522,156,18,30
669,28.76799851844993,863,7.0,0.3690403699874878,490,411,78,65
676,28.76799851844993,863,2.0,0.6974433064460754,413,468,76,74
696,28.76799851844993,863,2.0,0.7160187363624573,903,361,69,43
714,28.76799851844993,863,2.0,0.7141252160072327,1220,492,109,56
724,28.76799851844993,863,2.0,0.5833688378334045,56,732,112,73
704,28.76799851844993,863,2.0,0.4618602991104126,333,254,36,28
732,28.76799851844993,863,2.0,0.8215456604957581,146,837,228,108
712,28.76799851844993,863,2.0,0.5446533560752869,304,302,46,40
634,28.76799851844993,863,2.0,0.22655829787254333,583,231,50,26
718,28.76799851844993,863,2.0,0.452179878950119,1709,567,81,47
766,28.76799851844993,863,2.0,0.3543314039707184,270,259,31,19
7,28.80133339506459,864,9.0,0.22268164157867432,982,81,39,54
652,28.80133339506459,864,2.0,0.4286532998085022,700,263,40,21
668,28.80133339506459,864,9.0,0.2188972383737564,522,156,18,30
669,28.80133339506459,864,2.0,0.44638556241989136,495,417,77,67
676,28.80133339506459,864,2.0,0.5712257027626038,418,475,78,76
696,28.80133339506459,864,2.0,0.5919066071510315,894,358,72,38
714,28.80133339506459,864,2.0,0.627769410610199,1202,485,105,57
724,28.80133339506459,864,2.0,0.5900121331214905,45,733,91,75
704,28.80133339506459,864,2.0,0.5519334077835083,334,255,36,28
732,28.80133339506459,864,2.0,0.8134969472885132,129,839,226,107
712,28.80133339506459,864,2.0,0.4531160295009613,307,304,49,40
634,28.80133339506459,864,2.0,0.2313668578863144,584,230,55,26
718,28.80133339506459,864,2.0,0.5542890429496765,1704,567,81,47
766,28.80133339506459,864,2.0,0.4422147274017334,269,260,28,18
7,28.834668271679245,865,9.0,0.23251940310001373,982,81,39,54
652,28.834668271679245,865,2.0,0.38998091220855713,694,261,40,21
668,28.834668271679245,865,9.0,0.1669570803642273,522,156,18,30
669,28.834668271679245,865,7.0,0.4079332947731018,500,422,79,68
676,28.834668271679245,865,2.0,0.7425626516342163,423,481,79,78
696,28.834668271679245,865,2.0,0.6762291789054871,885,355,69,39
714,28.834668271679245,865,2.0,0.6298591494560242,1187,477,102,54
724,28.834668271679245,865,2.0,0.3652072548866272,37,736,74,70
704,28.834668271679245,865,2.0,0.6089643239974976,336,256,35,27
732,28.834668271679245,865,2.0,0.8028837442398071,114,841,226,105
712,28.834668271679245,865,2.0,0.5640192031860352,309,307,50,40
718,28.834668271679245,865,2.0,0.5729822516441345,1698,566,77,44
766,28.834668271679245,865,2.0,0.20308667421340942,272,260,27,20
771,28.834668271679245,865,2.0,0.566330075263977,1908,577,21,31
7,28.868003148293905,866,9.0,0.2215137779712677,982,81,39,54
652,28.868003148293905,866,2.0,0.36832156777381897,691,260,39,22
668,28.868003148293905,866,9.0,0.18371157348155975,522,156,18,30
669,28.868003148293905,866,7.0,0.43664103746414185,505,427,79,70
676,28.868003148293905,866,2.0,0.6573741436004639,426,488,80,80
696,28.868003148293905,866,2.0,0.5630550980567932,878,352,66,39
714,28.868003148293905,866,2.0,0.67369544506073,1172,471,99,52
724,28.868003148293905,866,2.0,0.5743507146835327,26,735,52,66
704,28.868003148293905,866,2.0,0.6617745757102966,338,257,33,26
732,28.868003148293905,866,2.0,0.7255951166152954,105,843,210,105
712,28.868003148293905,866,2.0,0.561903715133667,310,309,51,43
718,28.868003148293905,866,2.0,0.5711436867713928,1694,565,73,42
766,28.868003148293905,866,2.0,0.3605455458164215,273,262,29,21
771,28.868003148293905,866,2.0,0.6413580775260925,1905,579,27,30
7,28.90133802490856,867,9.0,0.23208335041999817,982,81,37,55
652,28.90133802490856,867,2.0,0.46295881271362305,687,258,39,21
668,28.90133802490856,867,9.0,0.18576061725616455,522,156,18,30
669,28.90133802490856,867,7.0,0.36655762791633606,510,433,83,71
676,28.90133802490856,867,2.0,0.7058133482933044,431,495,81,82
696,28.90133802490856,867,2.0,0.523627758026123,868,348,68,44
714,28.90133802490856,867,2.0,0.6157764792442322,1158,465,100,53
724,28.90133802490856,867,2.0,0.5741462111473083,14,735,29,58
704,28.90133802490856,867,2.0,0.6439953446388245,340,259,32,27
732,28.90133802490856,867,2.0,0.7342628240585327,96,843,193,103
712,28.90133802490856,867,2.0,0.5593544840812683,312,312,50,42
718,28.90133802490856,867,2.0,0.5006699562072754,1689,564,70,42
771,28.90133802490856,867,2.0,0.6884742975234985,1901,580,34,33
776,28.90133802490856,867,2.0,0.40594446659088135,1190,464,154,52
7,28.93467290152322,868,9.0,0.21592916548252106,982,81,38,54
652,28.93467290152322,868,2.0,0.3846897482872009,684,256,38,22
668,28.93467290152322,868,9.0,0.1535288393497467,522,156,18,30
669,28.93467290152322,868,5.0,0.335517942905426,515,438,86,76
676,28.93467290152322,868,2.0,0.5929179787635803,437,503,82,83
696,28.93467290152322,868,2.0,0.6028014421463013,861,345,66,41
714,28.93467290152322,868,2.0,0.5850439667701721,1140,458,99,50
704,28.93467290152322,868,2.0,0.657453179359436,341,260,33,29
732,28.93467290152322,868,2.0,0.7384012937545776,88,841,177,91
712,28.93467290152322,868,2.0,0.5095844268798828,313,315,50,43
718,28.93467290152322,868,2.0,0.40785545110702515,1683,565,63,39
771,28.93467290152322,868,2.0,0.7112305760383606,1898,580,42,36
776,28.93467290152322,868,2.0,0.18689821660518646,1173,458,150,50
766,28.93467290152322,868,2.0,0.5981932282447815,274,269,30,24
7,28.968007778137878,869,9.0,0.22023172676563263,982,81,39,54
652,28.968007778137878,869,2.0,0.3623160421848297,682,256,35,22
668,28.968007778137878,869,9.0,0.17447909712791443,522,156,18,30
669,28.968007778137878,869,2.0,0.5208233594894409,521,443,86,75
676,28.968007778137878,869,2.0,0.6139105558395386,440,510,83,86
696,28.968007778137878,869,2.0,0.5256218314170837,853,342,65,39
714,28.968007778137878,869,2.0,0.7320354580879211,1124,452,95,48
704,28.968007778137878,869,2.0,0.6057377457618713,343,261,34,29
732,28.968007778137878,869,2.0,0.7343431711196899,80,842,160,88
712,28.968007778137878,869,2.0,0.6381482481956482,315,317,50,43
718,28.968007778137878,869,2.0,0.4427621364593506,1672,564,69,38
771,28.968007778137878,869,2.0,0.7050422430038452,1894,580,48,41
766,28.968007778137878,869,2.0,0.5741077661514282,274,271,31,26
7,29.001342654752534,870,9.0,0.2261793315410614,982,81,37,55
652,29.001342654752534,870,2.0,0.2761194705963135,678,254,36,23
668,29.001342654752534,870,9.0,0.1995673030614853,522,156,19,30
669,29.001342654752534,870,2.0,0.6285173892974854,527,450,88,74
676,29.001342654752534,870,2.0,0.5913580060005188,446,517,89,88
696,29.001342654752534,870,2.0,0.6566341519355774,844,339,64,42
714,29.001342654752534,870,2.0,0.7228800654411316,1110,447,93,46
704,29.001342654752534,870,2.0,0.6462077498435974,344,263,34,31
732,29.001342654752534,870,2.0,0.4366891384124756,71,842,143,90
712,29.001342654752534,870,2.0,0.6054182052612305,316,319,49,43
718,29.001342654752534,870,2.0,0.14492131769657135,1665,562,69,37
771,29.001342654752534,870,2.0,0.6804578304290771,1891,579,54,42
766,29.001342654752534,870,2.0,0.43403512239456177,276,272,34,27
7,29.034677531367194,871,9.0,0.2270958423614502,982,81,38,54
652,29.034677531367194,871,2.0,0.3273024260997772,675,255,36,22
668,29.034677531367194,871,9.0,0.21419675648212433,522,156,19,30
669,29.034677531367194,871,7.0,0.39294975996017456,533,456,88,74
676,29.034677531367194,871,2.0,0.7119159698486328,453,525,94,90
696,29.034677531367194,871,2.0,0.7425402402877808,837,336,64,40
714,29.034677531367194,871,2.0,0.6412050127983093,1095,439,94,51
704,29.034677531367194,871,2.0,0.7260564565658569,346,266,35,31
732,29.034677531367194,871,2.0,0.5828900933265686,62,843,125,93
712,29.034677531367194,871,2.0,0.6087012887001038,318,322,49,42
771,29.034677531367194,871,2.0,0.7016267776489258,1889,580,59,43
766,29.034677531367194,871,2.0,0.4496701657772064,277,273,34,27
7,29.06801240798185,872,9.0,0.23728327453136444,982,81,38,54
652,29.06801240798185,872,2.0,0.2672824561595917,671,255,37,22
668,29.06801240798185,872,9.0,0.2405846118927002,522,156,19,30
669,29.06801240798185,872,2.0,0.49125975370407104,541,463,89,75
676,29.06801240798185,872,2.0,0.7880715727806091,457,533,92,91
696,29.06801240798185,872,2.0,0.7383027076721191,831,333,63,39
714,29.06801240798185,872,2.0,0.5934318900108337,1082,433,92,51
704,29.06801240798185,872,2.0,0.6937552690505981,347,267,37,32
732,29.06801240798185,872,2.0,0.567762017250061,54,844,109,95
712,29.06801240798185,872,2.0,0.6249154210090637,320,324,49,43
771,29.06801240798185,872,2.0,0.7042608261108398,1886,581,65,43
766,29.06801240798185,872,2.0,0.38291090726852417,277,276,38,27
7,29.10134728459651,873,9.0,0.24748587608337402,982,81,37,55
652,29.10134728459651,873,2.0,0.1499336212873459,667,253,39,24
668,29.10134728459651,873,9.0,0.2549192011356354,522,156,19,30
669,29.10134728459651,873,2.0,0.33761951327323914,547,470,91,79
676,29.10134728459651,873,2.0,0.7325026988983154,463,540,92,93
696,29.10134728459651,873,2.0,0.7093188762664795,822,330,60,40
714,29.10134728459651,873,2.0,0.5803648233413696,1066,428,88,48
704,29.10134728459651,873,2.0,0.6863166689872742,349,269,39,33
732,29.10134728459651,873,2.0,0.5242990255355835,46,844,93,98
712,29.10134728459651,873,2.0,0.6343469023704529,322,327,48,44
771,29.10134728459651,873,2.0,0.7405747175216675,1883,581,71,44
766,29.10134728459651,873,2.0,0.2662970721721649,278,277,38,27
789,29.10134728459651,873,7.0,0.47093379497528076,47,841,94,103
790,29.10134728459651,873,2.0,0.3393765687942505,1302,331,58,24
7,29.134682161211167,874,9.0,0.24845299124717712,982,82,36,55
668,29.134682161211167,874,9.0,0.2531827688217163,522,156,19,30
669,29.134682161211167,874,2.0,0.46913737058639526,553,476,94,83
676,29.134682161211167,874,2.0,0.6695023775100708,469,550,94,97
696,29.134682161211167,874,2.0,0.7131965756416321,815,328,63,41
714,29.134682161211167,874,2.0,0.5940649509429932,1055,423,88,48
704,29.134682161211167,874,2.0,0.6650375723838806,350,270,40,33
732,29.134682161211167,874,7.0,0.401282399892807,39,844,78,104
712,29.134682161211167,874,2.0,0.6244813799858093,323,329,48,44
771,29.134682161211167,874,2.0,0.7373122572898865,1878,582,76,44
766,29.134682161211167,874,2.0,0.4501190781593323,278,278,39,27
789,29.134682161211167,874,2.0,0.1853145807981491,40,849,81,95
790,29.134682161211167,874,2.0,0.2779902517795563,1299,331,55,25
7,29.168017037825827,875,9.0,0.2298833280801773,982,82,36,55
668,29.168017037825827,875,9.0,0.23722787201404572,522,156,19,30
669,29.168017037825827,875,7.0,0.3735588788986206,559,484,97,86
676,29.168017037825827,875,2.0,0.6615153551101685,474,559,98,100
696,29.168017037825827,875,2.0,0.6096912026405334,808,325,61,40
714,29.168017037825827,875,2.0,0.37125328183174133,1043,418,87,46
704,29.168017037825827,875,2.0,0.6527553796768188,351,272,40,33
732,29.168017037825827,875,7.0,0.1334889978170395,29,851,59,99
712,29.168017037825827,875,2.0,0.6696743965148926,324,333,49,44
771,29.168017037825827,875,2.0,0.6770647764205933,1871,584,75,45
766,29.168017037825827,875,2.0,0.3108130693435669,279,279,38,26
789,29.168017037825827,875,2.0,0.4234575629234314,31,853,61,94
790,29.168017037825827,875,2.0,0.18395254015922546,1297,331,52,25
7,29.201351914440483,876,9.0,0.22175844013690948,982,82,36,55
668,29.201351914440483,876,9.0,0.22441409528255463,522,156,19,30
669,29.201351914440483,876,2.0,0.4886948764324188,566,491,102,87
676,29.201351914440483,876,2.0,0.6338649988174438,481,568,99,103
696,29.201351914440483,876,2.0,0.5306393504142761,802,322,62,39
714,29.201351914440483,876,2.0,0.31208330392837524,1033,412,86,47
704,29.201351914440483,876,2.0,0.5060884356498718,355,275,41,33
712,29.201351914440483,876,2.0,0.6222199201583862,326,335,49,46
771,29.201351914440483,876,2.0,0.7271478176116943,1865,585,74,45
766,29.201351914440483,876,2.0,0.553778886795044,280,280,40,26
790,29.201351914440483,876,2.0,0.13359734416007996,1295,330,47,26
7,29.234686791055143,877,9.0,0.22276915609836578,982,81,38,54
668,29.234686791055143,877,9.0,0.22276996076107025,523,156,20,30
669,29.234686791055143,877,2.0,0.43955138325691223,572,499,105,87
676,29.234686791055143,877,2.0,0.5554248690605164,488,577,101,106
696,29.234686791055143,877,2.0,0.5783576965332031,795,318,61,39
714,29.234686791055143,877,2.0,0.6079896092414856,1019,407,82,43
704,29.234686791055143,877,2.0,0.540525496006012,357,277,41,31
712,29.234686791055143,877,2.0,0.6197344660758972,329,337,53,48
771,29.234686791055143,877,2.0,0.736685037612915,1860,586,75,44
766,29.234686791055143,877,2.0,0.42204421758651733,282,281,40,24
790,29.234686791055143,877,2.0,0.17048737406730652,1293,329,43,25
7,29.2680216676698,878,9.0,0.23066191375255585,982,81,38,54
668,29.2680216676698,878,9.0,0.22360777854919434,523,156,20,30
669,29.2680216676698,878,7.0,0.46377530694007874,580,507,106,89
676,29.2680216676698,878,2.0,0.7485122680664062,495,586,104,108
696,29.2680216676698,878,2.0,0.5808640718460083,788,315,58,38
714,29.2680216676698,878,2.0,0.29664430022239685,1008,404,81,42
704,29.2680216676698,878,2.0,0.6068771481513977,358,278,41,30
712,29.2680216676698,878,2.0,0.6045238971710205,332,340,55,49
771,29.2680216676698,878,2.0,0.7634907960891724,1854,587,78,46
766,29.2680216676698,878,2.0,0.5893701910972595,283,283,40,24
7,29.30135654428446,879,9.0,0.23363497853279114,982,81,39,54
668,29.30135654428446,879,9.0,0.20747427642345428,523,156,20,30
669,29.30135654428446,879,2.0,0.5216130018234253,587,515,110,92
676,29.30135654428446,879,2.0,0.6529495120048523,501,598,106,110
696,29.30135654428446,879,2.0,0.550888180732727,782,313,57,38
714,29.30135654428446,879,2.0,0.5087626576423645,998,399,74,39
704,29.30135654428446,879,2.0,0.6515113711357117,360,280,43,31
712,29.30135654428446,879,2.0,0.7437745928764343,334,343,53,50
771,29.30135654428446,879,2.0,0.7169375419616699,1848,588,77,45
766,29.30135654428446,879,2.0,0.5662548542022705,285,285,40,26
7,29.334691420899116,880,9.0,0.2350836992263794,982,81,39,54
668,29.334691420899116,880,9.0,0.18138623237609863,523,156,20,30
669,29.334691420899116,880,7.0,0.44731101393699646,596,523,113,95
676,29.334691420899116,880,2.0,0.7562042474746704,509,610,107,113
696,29.334691420899116,880,2.0,0.6992518305778503,774,312,56,37
714,29.334691420899116,880,2.0,0.3918592631816864,986,395,73,39
704,29.334691420899116,880,2.0,0.5911404490470886,362,282,44,30
712,29.334691420899116,880,2.0,0.7701042294502258,337,347,54,48
771,29.334691420899116,880,2.0,0.7173792123794556,1842,588,76,44
766,29.334691420899116,880,2.0,0.47832486033439636,288,286,40,28
803,29.334691420899116,880,2.0,0.44163843989372253,596,522,114,94
7,29.368026297513776,881,9.0,0.2204386591911316,982,81,39,54
668,29.368026297513776,881,9.0,0.2038532942533493,523,156,19,30
669,29.368026297513776,881,2.0,0.591002345085144,604,532,116,97
676,29.368026297513776,881,2.0,0.7726693749427795,516,621,112,116
696,29.368026297513776,881,2.0,0.6257501840591431,768,310,52,34
714,29.368026297513776,881,2.0,0.281608521938324,974,391,75,40
704,29.368026297513776,881,2.0,0.6505498886108398,364,284,42,32
712,29.368026297513776,881,2.0,0.7939579486846924,338,350,55,49
771,29.368026297513776,881,2.0,0.7818780541419983,1834,588,76,42
766,29.368026297513776,881,2.0,0.616465151309967,289,288,41,28
803,29.368026297513776,881,7.0,0.39774101972579956,603,530,117,97
7,29.401361174128432,882,9.0,0.2345495969057083,982,81,39,53
668,29.401361174128432,882,9.0,0.17994336783885956,523,156,20,30
669,29.401361174128432,882,7.0,0.4494759440422058,614,541,118,99
676,29.401361174128432,882,2.0,0.6089327335357666,524,631,114,119
696,29.401361174128432,882,2.0,0.7022940516471863,762,308,54,35
714,29.401361174128432,882,2.0,0.3088858723640442,964,385,72,40
704,29.401361174128432,882,2.0,0.6868865489959717,366,287,41,36
712,29.401361174128432,882,2.0,0.7535924315452576,340,354,54,49
771,29.401361174128432,882,2.0,0.7314227223396301,1827,589,77,41
766,29.401361174128432,882,2.0,0.6359361410140991,291,292,39,28
803,29.401361174128432,882,2.0,0.42530497908592224,614,541,117,98
7,29.434696050743092,883,9.0,0.24889524281024933,982,81,39,53
668,29.434696050743092,883,9.0,0.1631215214729309,523,157,19,30
669,29.434696050743092,883,2.0,0.4345283508300781,623,550,121,101
676,29.434696050743092,883,2.0,0.7345042824745178,533,644,117,123
696,29.434696050743092,883,2.0,0.6227729916572571,758,306,53,34
714,29.434696050743092,883,2.0,0.4967713952064514,954,383,70,37
704,29.434696050743092,883,2.0,0.7061031460762024,369,289,43,38
712,29.434696050743092,883,2.0,0.7444392442703247,341,357,54,50
771,29.434696050743092,883,2.0,0.6781419515609741,1821,589,76,41
766,29.434696050743092,883,2.0,0.5080902576446533,293,294,39,29
803,29.434696050743092,883,7.0,0.3793262839317322,624,549,121,101
7,29.46803092735775,884,9.0,0.2475583553314209,982,81,37,55
668,29.46803092735775,884,9.0,0.1726173311471939,523,157,20,30
669,29.46803092735775,884,2.0,0.4109732210636139,631,560,124,105
676,29.46803092735775,884,2.0,0.7099724411964417,541,657,119,128
696,29.46803092735775,884,2.0,0.47775524854660034,752,303,52,33
714,29.46803092735775,884,2.0,0.43692490458488464,943,377,72,39
704,29.46803092735775,884,2.0,0.6897798776626587,371,291,45,38
712,29.46803092735775,884,2.0,0.7399613857269287,343,360,55,51
771,29.46803092735775,884,2.0,0.6572858691215515,1814,590,76,41
766,29.46803092735775,884,2.0,0.4740833044052124,294,296,38,29
803,29.46803092735775,884,7.0,0.5015230178833008,632,561,125,105
7,29.50136580397241,885,9.0,0.24284875392913818,982,82,36,55
668,29.50136580397241,885,9.0,0.1868572235107422,523,157,20,30
669,29.50136580397241,885,7.0,0.3548637330532074,641,571,128,107
676,29.50136580397241,885,2.0,0.736476719379425,550,670,122,131
696,29.50136580397241,885,2.0,0.43735548853874207,746,302,52,33
714,29.50136580397241,885,2.0,0.3611440658569336,936,374,66,39
704,29.50136580397241,885,2.0,0.6500059366226196,371,293,46,38
712,29.50136580397241,885,2.0,0.7351268529891968,346,363,57,54
771,29.50136580397241,885,2.0,0.6786887049674988,1808,590,77,41
766,29.50136580397241,885,2.0,0.41496989130973816,295,298,38,29
803,29.50136580397241,885,2.0,0.5896815657615662,642,571,128,107
7,29.534700680587065,886,9.0,0.2470298856496811,982,82,36,55
668,29.534700680587065,886,9.0,0.17355956137180328,523,157,20,31
669,29.534700680587065,886,2.0,0.3224615752696991,652,581,131,111
676,29.534700680587065,886,2.0,0.6919543147087097,559,685,128,134
696,29.534700680587065,886,2.0,0.37630051374435425,739,298,54,34
714,29.534700680587065,886,2.0,0.29904720187187195,927,370,61,39
704,29.534700680587065,886,2.0,0.6016539335250854,373,295,47,41
712,29.534700680587065,886,2.0,0.7711008787155151,349,366,57,55
771,29.534700680587065,886,2.0,0.6806970834732056,1802,591,79,42
766,29.534700680587065,886,2.0,0.5173632502555847,296,300,38,28
803,29.534700680587065,886,7.0,0.4925611615180969,652,581,132,110
815,29.534700680587065,886,2.0,0.49857088923454285,317,246,32,27
7,29.568035557201725,887,9.0,0.23963037133216858,982,82,36,55
668,29.568035557201725,887,9.0,0.16695760190486908,523,157,20,31
669,29.568035557201725,887,2.0,0.40072211623191833,662,591,137,114
676,29.568035557201725,887,2.0,0.7693988680839539,569,700,131,139
696,29.568035557201725,887,2.0,0.49723199009895325,734,295,54,37
714,29.568035557201725,887,2.0,0.2509719431400299,916,365,65,40
704,29.568035557201725,887,2.0,0.5452062487602234,375,297,48,42
712,29.568035557201725,887,2.0,0.7849351167678833,351,369,57,56
771,29.568035557201725,887,2.0,0.5844420790672302,1796,592,77,41
766,29.568035557201725,887,2.0,0.4679054021835327,298,301,38,28
803,29.568035557201725,887,7.0,0.46288272738456726,662,591,138,114
815,29.568035557201725,887,2.0,0.5283297300338745,317,247,33,27
816,29.568035557201725,887,2.0,0.4491529166698456,271,241,33,38
7,29.60137043381638,888,9.0,0.2316013127565384,982,82,36,55
668,29.60137043381638,888,9.0,0.15753336250782013,522,157,20,30
669,29.60137043381638,888,7.0,0.33878493309020996,674,603,140,118
676,29.60137043381638,888,2.0,0.6792104840278625,580,714,135,144
696,29.60137043381638,888,2.0,0.5493039488792419,729,293,51,38
714,29.60137043381638,888,2.0,0.5028719305992126,906,361,68,40
704,29.60137043381638,888,2.0,0.5781369805335999,379,301,45,35
712,29.60137043381638,888,2.0,0.7539782524108887,353,373,56,55
771,29.60137043381638,888,2.0,0.7149799466133118,1789,593,74,41
766,29.60137043381638,888,2.0,0.6087462306022644,300,302,39,27
803,29.60137043381638,888,2.0,0.515784502029419,673,604,142,117
815,29.60137043381638,888,2.0,0.3728155493736267,319,247,32,27
816,29.60137043381638,888,2.0,0.3303859531879425,271,245,34,37
7,29.63470531043104,889,9.0,0.2443760335445404,982,82,36,55
668,29.63470531043104,889,9.0,0.1823340803384781,522,157,20,31
669,29.63470531043104,889,7.0,0.34355807304382324,685,614,143,120
676,29.63470531043104,889,2.0,0.7267565727233887,590,730,141,148
696,29.63470531043104,889,2.0,0.6329495310783386,723,291,51,38
714,29.63470531043104,889,2.0,0.5655731558799744,897,359,66,39
704,29.63470531043104,889,2.0,0.6813088655471802,382,303,44,34
712,29.63470531043104,889,2.0,0.6625882387161255,355,377,57,56
771,29.63470531043104,889,2.0,0.669577956199646,1784,594,74,43
766,29.63470531043104,889,2.0,0.6780140995979309,301,303,41,28
803,29.63470531043104,889,2.0,0.601682722568512,685,615,144,122
815,29.63470531043104,889,2.0,0.4495493173599243,321,248,33,26
816,29.63470531043104,889,2.0,0.45176389813423157,273,239,34,41
7,29.668040187045698,890,9.0,0.22956067323684692,982,81,38,54
668,29.668040187045698,890,9.0,0.15901502966880798,522,157,20,31
669,29.668040187045698,890,2.0,0.35922563076019287,697,626,147,126
676,29.668040187045698,890,2.0,0.6863909959793091,601,746,145,155
696,29.668040187045698,890,2.0,0.5691072344779968,717,289,52,39
714,29.668040187045698,890,2.0,0.5903329849243164,886,355,64,37
704,29.668040187045698,890,2.0,0.6904298663139343,384,305,46,35
712,29.668040187045698,890,2.0,0.5977862477302551,357,381,59,56
771,29.668040187045698,890,2.0,0.6259348392486572,1778,595,73,43
766,29.668040187045698,890,2.0,0.6532420516014099,301,306,43,29
803,29.668040187045698,890,7.0,0.3656645715236664,698,627,148,127
815,29.668040187045698,890,2.0,0.41403600573539734,323,250,32,26
816,29.668040187045698,890,2.0,0.3878508508205414,273,242,34,41
7,29.701375063660358,891,9.0,0.2414408177137375,982,81,38,54
668,29.701375063660358,891,9.0,0.13173288106918335,522,157,20,30
669,29.701375063660358,891,7.0,0.37596574425697327,709,639,151,131
676,29.701375063660358,891,2.0,0.632307231426239,614,763,152,161
696,29.701375063660358,891,2.0,0.6569065451622009,713,287,52,39
714,29.701375063660358,891,2.0,0.5082406997680664,881,353,59,33
704,29.701375063660358,891,2.0,0.8082168698310852,386,308,47,37
712,29.701375063660358,891,2.0,0.657870352268219,360,385,60,55
771,29.701375063660358,891,2.0,0.5928583741188049,1772,595,71,42
766,29.701375063660358,891,2.0,0.6775805354118347,302,309,43,31
803,29.701375063660358,891,2.0,0.5015678405761719,709,639,152,133
815,29.701375063660358,891,2.0,0.3984656035900116,325,252,35,29
816,29.701375063660358,891,2.0,0.36983880400657654,274,246,34,45
7,29.734709940275014,892,9.0,0.22948883473873138,982,81,37,55
668,29.734709940275014,892,9.0,0.19512051343917847,522,157,19,30
669,29.734709940275014,892,2.0,0.20197688043117523,724,654,154,134
676,29.734709940275014,892,2.0,0.5104864835739136,626,782,154,165
696,29.734709940275014,892,2.0,0.7242787480354309,707,286,50,37
714,29.734709940275014,892,2.0,0.20737361907958984,874,350,57,33
704,29.734709940275014,892,2.0,0.784806489944458,388,311,47,39
712,29.734709940275014,892,2.0,0.6914027333259583,362,387,59,57
771,29.734709940275014,892,2.0,0.5549585223197937,1767,594,67,40
766,29.734709940275014,892,2.0,0.7732768654823303,304,311,44,31
803,29.734709940275014,892,7.0,0.4118374288082123,722,654,157,137
815,29.734709940275014,892,2.0,0.21210017800331116,326,253,35,30
816,29.734709940275014,892,2.0,0.14788343012332916,273,253,32,33
7,29.76804481688967,893,9.0,0.22572113573551178,982,82,36,55
668,29.76804481688967,893,9.0,0.19358083605766296,522,157,19,30
669,29.76804481688967,893,7.0,0.4493260979652405,737,667,160,136
676,29.76804481688967,893,2.0,0.6975288391113281,639,802,157,171
696,29.76804481688967,893,2.0,0.6834681630134583,702,284,49,34
714,29.76804481688967,893,2.0,0.3039127290248871,864,345,61,33
704,29.76804481688967,893,2.0,0.7833244204521179,392,313,48,40
712,29.76804481688967,893,2.0,0.7053713798522949,365,390,60,58
771,29.76804481688967,893,2.0,0.5957984924316406,1763,593,63,35
766,29.76804481688967,893,2.0,0.6978906393051147,305,314,44,32
803,29.76804481688967,893,2.0,0.3438881039619446,739,671,157,134
815,29.76804481688967,893,2.0,0.3420144021511078,328,254,35,27
816,29.76804481688967,893,2.0,0.1436641961336136,275,252,34,43
7,29.80137969350433,894,9.0,0.23139026761054993,982,82,36,55
668,29.80137969350433,894,9.0,0.19654113054275513,522,157,19,30
669,29.80137969350433,894,7.0,0.2626539468765259,750,684,166,139
676,29.80137969350433,894,2.0,0.6592269539833069,653,823,164,179
696,29.80137969350433,894,2.0,0.6604917049407959,696,283,49,31
714,29.80137969350433,894,2.0,0.3500617444515228,856,341,62,35
704,29.80137969350433,894,2.0,0.7711900472640991,395,316,49,43
712,29.80137969350433,894,2.0,0.729462742805481,367,396,61,60
771,29.80137969350433,894,2.0,0.482374370098114,1759,592,58,33
766,29.80137969350433,894,2.0,0.6359536051750183,307,316,44,31
803,29.80137969350433,894,2.0,0.4587985873222351,758,687,154,136
815,29.80137969350433,894,2.0,0.25581324100494385,328,255,36,27
816,29.80137969350433,894,2.0,0.13712729513645172,276,250,33,37
822,29.80137969350433,894,2.0,0.43468958139419556,273,265,30,29
7,29.834714570118987,895,9.0,0.2317434400320053,982,82,36,55
668,29.834714570118987,895,9.0,0.21554499864578247,522,156,19,30
676,29.834714570118987,895,2.0,0.6797056794166565,667,843,169,184
696,29.834714570118987,895,2.0,0.5507161617279053,693,281,46,31
714,29.834714570118987,895,2.0,0.4269255995750427,846,339,58,33
704,29.834714570118987,895,2.0,0.7325485348701477,397,318,50,44
712,29.834714570118987,895,2.0,0.7606844902038574,370,402,63,62
771,29.834714570118987,895,2.0,0.3923506736755371,1754,592,52,31
766,29.834714570118987,895,2.0,0.45633429288864136,309,319,44,33
803,29.834714570118987,895,2.0,0.5030614733695984,775,704,158,139
815,29.834714570118987,895,2.0,0.4318651854991913,329,255,37,26
7,29.868049446733647,896,9.0,0.24901843070983887,982,82,36,55
668,29.868049446733647,896,9.0,0.15595419704914093,522,156,18,30
676,29.868049446733647,896,2.0,0.7209378480911255,682,864,173,189
696,29.868049446733647,896,2.0,0.5225757360458374,688,278,47,35
714,29.868049446733647,896,2.0,0.587553083896637,841,336,52,32
704,29.868049446733647,896,2.0,0.7505245208740234,399,321,51,46
712,29.868049446733647,896,2.0,0.7478329539299011,373,406,64,63
771,29.868049446733647,896,2.0,0.1431046575307846,1750,593,48,26
766,29.868049446733647,896,2.0,0.49449843168258667,312,321,45,32
803,29.868049446733647,896,2.0,0.4303261637687683,785,716,173,151
815,29.868049446733647,896,2.0,0.2933591902256012,332,258,37,26
822,29.868049446733647,896,2.0,0.39573267102241516,274,272,32,27
7,29.901384323348303,897,9.0,0.23627504706382751,982,82,36,55
668,29.901384323348303,897,9.0,0.18103164434432983,522,157,18,29
676,29.901384323348303,897,2.0,0.5154541730880737,699,882,180,187
696,29.901384323348303,897,2.0,0.5044420957565308,683,275,45,34
714,29.901384323348303,897,2.0,0.5169441103935242,833,332,54,31
704,29.901384323348303,897,2.0,0.6813326478004456,402,323,51,46
712,29.901384323348303,897,2.0,0.735930860042572,377,410,65,63
766,29.901384323348303,897,2.0,0.5946140289306641,314,324,44,32
803,29.901384323348303,897,7.0,0.38007652759552,809,737,163,146
815,29.901384323348303,897,2.0,0.45841333270072937,334,260,36,27
822,29.901384323348303,897,2.0,0.16407662630081177,277,275,36,28
669,29.901384323348303,897,2.0,0.6050114631652832,763,701,115,99
7,29.934719199962963,898,9.0,0.2292400300502777,982,81,38,54
668,29.934719199962963,898,9.0,0.1778893768787384,522,156,18,30
676,29.934719199962963,898,2.0,0.7236353158950806,717,911,187,205
696,29.934719199962963,898,2.0,0.6146960258483887,680,274,44,34
714,29.934719199962963,898,2.0,0.6034284830093384,825,329,57,33
704,29.934719199962963,898,2.0,0.552176296710968,404,325,50,46
712,29.934719199962963,898,2.0,0.7530625462532043,382,415,68,65
766,29.934719199962963,898,2.0,0.5726303458213806,315,326,43,33
803,29.934719199962963,898,2.0,0.4161342978477478,824,754,174,151
815,29.934719199962963,898,2.0,0.5310813784599304,337,261,33,28
822,29.934719199962963,898,2.0,0.35795867443084717,276,277,35,27
669,29.934719199962963,898,2.0,0.33637064695358276,773,714,106,98
7,29.96805407657762,899,9.0,0.24086876213550568,982,81,37,55
668,29.96805407657762,899,9.0,0.14330051839351654,522,156,18,30
676,29.96805407657762,899,2.0,0.5777787566184998,734,937,195,214
696,29.96805407657762,899,2.0,0.6460230350494385,676,272,40,31
714,29.96805407657762,899,2.0,0.47956958413124084,819,326,60,36
704,29.96805407657762,899,2.0,0.6140069365501404,407,328,50,46
712,29.96805407657762,899,2.0,0.6964070796966553,385,419,71,68
766,29.96805407657762,899,2.0,0.5462141036987305,316,328,43,32
803,29.96805407657762,899,7.0,0.5050447583198547,837,768,193,167
815,29.96805407657762,899,2.0,0.5932282209396362,338,264,33,28
822,29.96805407657762,899,2.0,0.30837348103523254,275,279,33,27
834,29.96805407657762,899,2.0,0.3894079923629761,290,240,35,41
7,30.00138895319228,900,9.0,0.22634196281433105,982,82,36,55
676,30.00138895319228,900,2.0,0.5183737874031067,753,963,205,221
696,30.00138895319228,900,2.0,0.5530685186386108,673,270,39,31
714,30.00138895319228,900,2.0,0.3295341432094574,812,323,57,38
704,30.00138895319228,900,2.0,0.6015300154685974,410,331,50,47
712,30.00138895319228,900,2.0,0.6539813280105591,388,424,72,68
766,30.00138895319228,900,2.0,0.569298267364502,318,331,43,34
803,30.00138895319228,900,2.0,0.7900285124778748,867,794,177,159
815,30.00138895319228,900,2.0,0.6107978820800781,339,265,31,30
822,30.00138895319228,900,2.0,0.4683726727962494,275,278,34,27
834,30.00138895319228,900,2.0,0.3801935911178589,291,239,32,39
669,30.00138895319228,900,2.0,0.6982707381248474,805,744,112,98
7,30.034723829806936,901,9.0,0.19900712370872498,982,82,36,56
676,30.034723829806936,901,2.0,0.526493489742279,772,978,207,202
696,30.034723829806936,901,2.0,0.5587002038955688,667,266,43,33
714,30.034723829806936,901,2.0,0.1338552087545395,804,321,57,38
704,30.034723829806936,901,2.0,0.6609932780265808,413,334,54,48
712,30.034723829806936,901,2.0,0.7188673615455627,391,430,72,67
766,30.034723829806936,901,2.0,0.6192810535430908,319,333,44,37
803,30.034723829806936,901,2.0,0.7563018202781677,893,817,172,162
815,30.034723829806936,901,2.0,0.5865135788917542,339,266,30,31
822,30.034723829806936,901,2.0,0.38947030901908875,275,279,35,26
834,30.034723829806936,901,2.0,0.5164325833320618,292,240,34,40
669,30.034723829806936,901,2.0,0.49320024251937866,819,763,107,103
7,30.068058706421596,902,9.0,0.1913040727376938,982,82,36,56
676,30.068058706421596,902,2.0,0.6089774966239929,786,990,201,178
696,30.068058706421596,902,2.0,0.49774813652038574,663,265,41,31
714,30.068058706421596,902,2.0,0.22100259363651276,796,318,59,34
704,30.068058706421596,902,2.0,0.6934952735900879,417,338,56,47
712,30.068058706421596,902,2.0,0.6968454718589783,394,434,71,67
766,30.068058706421596,902,2.0,0.5439775586128235,321,335,45,40
803,30.068058706421596,902,2.0,0.36555376648902893,920,843,171,163
815,30.068058706421596,902,2.0,0.5866038203239441,340,267,33,33
822,30.068058706421596,902,2.0,0.42913055419921875,277,280,38,26
834,30.068058706421596,902,2.0,0.38165223598480225,294,241,35,39
669,30.068058706421596,902,2.0,0.3972650468349457,844,783,123,110
839,30.068058706421596,902,2.0,0.5513743758201599,1734,704,250,126
7,30.101393583036252,903,9.0,0.22077840566635132,982,82,36,56
676,30.101393583036252,903,2.0,0.5635294914245605,807,1004,203,151
696,30.101393583036252,903,2.0,0.4459981620311737,660,264,42,29
714,30.101393583036252,903,2.0,0.386186808347702,790,316,56,34
704,30.101393583036252,903,2.0,0.7636330127716064,421,341,56,48
712,30.101393583036252,903,2.0,0.6881864666938782,397,439,72,70
766,30.101393583036252,903,2.0,0.6479519605636597,323,337,46,42
803,30.101393583036252,903,2.0,0.46144333481788635,937,865,193,172
815,30.101393583036252,903,2.0,0.6589067578315735,342,268,35,33
822,30.101393583036252,903,2.0,0.36080265045166016,279,281,42,27
834,30.101393583036252,903,2.0,0.42353999614715576,295,243,35,41
669,30.101393583036252,903,2.0,0.35784557461738586,861,802,123,112
839,30.101393583036252,903,2.0,0.695989191532135,1698,690,239,121
7,30.134728459650912,904,9.0,0.21564336121082306,982,82,36,56
696,30.134728459650912,904,2.0,0.5787501931190491,655,261,39,28
714,30.134728459650912,904,2.0,0.38577747344970703,785,314,53,34
704,30.134728459650912,904,2.0,0.8301193714141846,423,343,56,51
712,30.134728459650912,904,2.0,0.7470449209213257,400,443,74,74
766,30.134728459650912,904,2.0,0.5972131490707397,325,341,47,40
803,30.134728459650912,904,2.0,0.6626764535903931,971,891,176,177
815,30.134728459650912,904,2.0,0.5972280502319336,343,270,36,34
822,30.134728459650912,904,2.0,0.32435348629951477,282,283,40,28
834,30.134728459650912,904,2.0,0.46503105759620667,296,243,34,43
669,30.134728459650912,904,2.0,0.6169869899749756,885,825,133,119
839,30.134728459650912,904,2.0,0.47405189275741577,1660,675,230,117
844,30.134728459650912,904,2.0,0.6177785992622375,1864,722,108,80
7,30.16806333626557,905,9.0,0.22423405945301056,982,81,38,54
696,30.16806333626557,905,2.0,0.4902105927467346,653,260,38,28
714,30.16806333626557,905,2.0,0.522344708442688,776,311,50,32
704,30.16806333626557,905,2.0,0.7495456337928772,426,346,57,50
712,30.16806333626557,905,2.0,0.725120484828949,405,447,73,78
766,30.16806333626557,905,2.0,0.7378585934638977,326,343,49,41
803,30.16806333626557,905,2.0,0.7741286158561707,993,915,192,178
815,30.16806333626557,905,2.0,0.6201760172843933,346,272,40,34
822,30.16806333626557,905,2.0,0.2198312133550644,283,288,41,29
834,30.16806333626557,905,2.0,0.4633716642856598,298,245,34,47
669,30.16806333626557,905,2.0,0.6915876865386963,908,847,139,122
839,30.16806333626557,905,2.0,0.6303916573524475,1621,657,224,112
844,30.16806333626557,905,2.0,0.7089611291885376,1850,717,137,93
676,30.16806333626557,905,2.0,0.619895875453949,836,1032,178,94
7,30.20139821288023,906,9.0,0.23308132588863373,982,81,39,54
696,30.20139821288023,906,2.0,0.43613719940185547,649,259,36,27
714,30.20139821288023,906,2.0,0.5028767585754395,769,309,51,31
704,30.20139821288023,906,2.0,0.7397194504737854,429,349,57,51
712,30.20139821288023,906,2.0,0.6834337711334229,409,452,74,77
766,30.20139821288023,906,2.0,0.8316967487335205,328,347,50,40
803,30.20139821288023,906,2.0,0.5677173137664795,1010,935,219,175
815,30.20139821288023,906,2.0,0.48500603437423706,348,275,41,33
822,30.20139821288023,906,2.0,0.30912208557128906,287,293,44,32
834,30.20139821288023,906,2.0,0.4701787829399109,299,247,34,47
669,30.20139821288023,906,2.0,0.4355209767818451,932,869,144,126
839,30.20139821288023,906,2.0,0.616346538066864,1586,641,214,109
844,30.20139821288023,906,2.0,0.805397629737854,1833,703,170,92
7,30.234733089494885,907,9.0,0.23470354080200195,982,81,39,54
696,30.234733089494885,907,2.0,0.5210877656936646,643,258,41,27
714,30.234733089494885,907,2.0,0.4948727488517761,764,307,52,29
704,30.234733089494885,907,2.0,0.7824052572250366,433,352,58,52
712,30.234733089494885,907,2.0,0.6130673289299011,412,460,75,73
766,30.234733089494885,907,2.0,0.8160997033119202,330,351,51,38
803,30.234733089494885,907,2.0,0.6236347556114197,1046,965,214,182
815,30.234733089494885,907,2.0,0.5460205674171448,350,276,41,31
822,30.234733089494885,907,2.0,0.2042718231678009,289,295,45,35
834,30.234733089494885,907,2.0,0.5212003588676453,301,248,36,47
669,30.234733089494885,907,2.0,0.5687220692634583,956,894,148,132
839,30.234733089494885,907,2.0,0.5246063470840454,1553,629,210,104
844,30.234733089494885,907,2.0,0.7829060554504395,1809,688,193,91
7,30.268067966109545,908,9.0,0.24483507871627808,982,81,39,54
696,30.268067966109545,908,2.0,0.375065416097641,639,256,39,26
714,30.268067966109545,908,2.0,0.4708889126777649,759,305,51,29
704,30.268067966109545,908,2.0,0.7599350810050964,436,357,59,53
712,30.268067966109545,908,2.0,0.676547646522522,416,468,78,72
766,30.268067966109545,908,2.0,0.7895252704620361,332,355,52,39
803,30.268067966109545,908,2.0,0.14903420209884644,1069,990,239,171
815,30.268067966109545,908,2.0,0.5686160922050476,352,278,41,30
822,30.268067966109545,908,2.0,0.2727649211883545,290,297,41,33
834,30.268067966109545,908,2.0,0.46448662877082825,302,247,32,44
839,30.268067966109545,908,2.0,0.46943122148513794,1523,615,204,101
844,30.268067966109545,908,2.0,0.8094489574432373,1779,675,193,88
7,30.3014028427242,909,9.0,0.24358181655406952,982,81,39,54
696,30.3014028427242,909,2.0,0.550713300704956,634,255,40,25
714,30.3014028427242,909,2.0,0.2442159801721573,752,304,47,29
704,30.3014028427242,909,2.0,0.6969184279441833,440,362,58,51
712,30.3014028427242,909,2.0,0.7876889109611511,419,474,80,75
766,30.3014028427242,909,2.0,0.8334323763847351,334,357,52,42
803,30.3014028427242,909,2.0,0.37766507267951965,1083,987,273,184
815,30.3014028427242,909,2.0,0.6092576384544373,353,279,42,30
822,30.3014028427242,909,2.0,0.35010772943496704,291,298,40,33
834,30.3014028427242,909,2.0,0.4057377278804779,304,244,31,39
839,30.3014028427242,909,2.0,0.6975002288818359,1494,602,195,102
844,30.3014028427242,909,2.0,0.8272889256477356,1745,661,191,85
7,30.33473771933886,910,9.0,0.25007396936416626,982,81,39,54
696,30.33473771933886,910,2.0,0.41593340039253235,630,256,38,24
714,30.33473771933886,910,2.0,0.17294828593730927,745,300,49,32
704,30.33473771933886,910,2.0,0.8066536784172058,444,365,59,53
712,30.33473771933886,910,2.0,0.7536313533782959,424,480,81,77
766,30.33473771933886,910,2.0,0.7396119832992554,336,359,52,44
803,30.33473771933886,910,2.0,0.6347604393959045,1104,994,285,170
815,30.33473771933886,910,2.0,0.605399489402771,355,282,42,32
822,30.33473771933886,910,2.0,0.3944733738899231,292,300,39,30
834,30.33473771933886,910,2.0,0.2950156629085541,305,244,29,35
839,30.33473771933886,910,7.0,0.46412894129753113,1466,590,189,98
844,30.33473771933886,910,2.0,0.8328429460525513,1713,648,185,81
7,30.368072595953517,911,9.0,0.24213740229606628,982,81,39,54
696,30.368072595953517,911,2.0,0.4178694188594818,627,256,37,24
714,30.368072595953517,911,2.0,0.3117918074131012,740,297,50,31
704,30.368072595953517,911,2.0,0.8005862236022949,448,368,59,53
712,30.368072595953517,911,2.0,0.7248967289924622,427,486,81,79
766,30.368072595953517,911,2.0,0.7248780727386475,339,362,53,45
803,30.368072595953517,911,2.0,0.49145373702049255,1125,1006,286,147
815,30.368072595953517,911,2.0,0.6369693279266357,358,285,44,32
822,30.368072595953517,911,2.0,0.4076331555843353,293,300,37,30
834,30.368072595953517,911,2.0,0.3045326769351959,306,244,31,36
839,30.368072595953517,911,7.0,0.3857840597629547,1438,578,183,95
844,30.368072595953517,911,2.0,0.6980814933776855,1681,636,178,78
7,30.401407472568177,912,9.0,0.2554548382759094,982,82,37,55
696,30.401407472568177,912,2.0,0.17685118317604065,624,255,34,24
714,30.401407472568177,912,2.0,0.3654104471206665,735,295,48,29
704,30.401407472568177,912,2.0,0.6860020756721497,452,372,62,53
712,30.401407472568177,912,2.0,0.7637757062911987,431,493,80,81
766,30.401407472568177,912,2.0,0.8052340745925903,342,367,56,43
815,30.401407472568177,912,2.0,0.6415202021598816,360,287,43,34
822,30.401407472568177,912,2.0,0.5034345984458923,294,302,38,28
834,30.401407472568177,912,2.0,0.26472073793411255,308,245,32,34
839,30.401407472568177,912,2.0,0.6570454239845276,1411,566,177,90
844,30.401407472568177,912,2.0,0.7942394614219666,1650,623,174,76
7,30.434742349182834,913,9.0,0.23495151102542877,982,82,37,55
696,30.434742349182834,913,2.0,0.20528671145439148,619,251,39,30
714,30.434742349182834,913,2.0,0.2727660536766052,728,293,46,30
704,30.434742349182834,913,2.0,0.7063198089599609,456,377,66,54
712,30.434742349182834,913,2.0,0.7149478793144226,435,499,81,83
766,30.434742349182834,913,2.0,0.8152311444282532,344,370,56,45
815,30.434742349182834,913,2.0,0.6897074580192566,362,289,40,37
822,30.434742349182834,913,2.0,0.5142378807067871,296,303,37,30
834,30.434742349182834,913,2.0,0.14625757932662964,309,241,33,30
839,30.434742349182834,913,2.0,0.5087347626686096,1385,555,175,91
844,30.434742349182834,913,2.0,0.8079149723052979,1622,613,166,73
7,30.46807722579749,914,9.0,0.2298348993062973,982,82,36,56
696,30.46807722579749,914,2.0,0.1408536285161972,613,248,39,29
714,30.46807722579749,914,2.0,0.3550523817539215,724,291,45,31
704,30.46807722579749,914,2.0,0.6570606827735901,459,381,66,54
712,30.46807722579749,914,2.0,0.6572983264923096,440,506,86,85
766,30.46807722579749,914,2.0,0.7665148973464966,346,373,55,45
815,30.46807722579749,914,2.0,0.6415546536445618,364,291,42,38
822,30.46807722579749,914,2.0,0.5961661338806152,298,306,39,32
834,30.46807722579749,914,2.0,0.15884560346603394,310,243,33,32
839,30.46807722579749,914,2.0,0.6852225065231323,1360,545,169,89
844,30.46807722579749,914,2.0,0.8009477257728577,1596,602,156,74
861,30.46807722579749,914,2.0,0.6080418825149536,1178,1050,173,57
7,30.50141210241215,915,9.0,0.24381136894226074,982,82,36,56
696,30.50141210241215,915,2.0,0.30625709891319275,610,247,39,27
714,30.50141210241215,915,2.0,0.5284989476203918,719,289,47,32
704,30.50141210241215,915,2.0,0.6894324421882629,464,385,64,57
712,30.50141210241215,915,2.0,0.5970229506492615,448,514,94,87
766,30.50141210241215,915,2.0,0.714142918586731,347,377,56,48
815,30.50141210241215,915,2.0,0.6657562851905823,365,294,43,36
822,30.50141210241215,915,2.0,0.6649610996246338,299,309,40,34
834,30.50141210241215,915,2.0,0.14384156465530396,311,241,31,26
839,30.50141210241215,915,2.0,0.5092900991439819,1336,534,164,87
844,30.50141210241215,915,2.0,0.8321717977523804,1569,592,150,71
7,30.534746979026806,916,9.0,0.22270971536636353,982,82,36,56
696,30.534746979026806,916,2.0,0.13567198812961578,606,245,39,26
714,30.534746979026806,916,2.0,0.5003762245178223,714,285,48,30
704,30.534746979026806,916,2.0,0.7764185667037964,468,388,67,59
712,30.534746979026806,916,2.0,0.6798949837684631,455,521,97,89
766,30.534746979026806,916,2.0,0.7278167605400085,350,381,56,47
815,30.534746979026806,916,2.0,0.5923587679862976,368,296,45,35
822,30.534746979026806,916,2.0,0.6288313269615173,299,312,41,38
839,30.534746979026806,916,7.0,0.3784833252429962,1314,525,162,84
844,30.534746979026806,916,2.0,0.7439479231834412,1543,581,149,69
7,30.568081855641466,917,9.0,0.2313210815191269,982,82,36,56
696,30.568081855641466,917,2.0,0.3808205723762512,603,244,39,25
714,30.568081855641466,917,2.0,0.4966790974140167,708,284,46,27
704,30.568081855641466,917,2.0,0.7200003862380981,472,393,68,62
712,30.568081855641466,917,2.0,0.7987827062606812,460,529,99,91
766,30.568081855641466,917,2.0,0.7590173482894897,352,384,54,49
815,30.568081855641466,917,2.0,0.5761514902114868,369,298,46,37
822,30.568081855641466,917,2.0,0.6324012875556946,299,314,42,37
839,30.568081855641466,917,7.0,0.4350821375846863,1292,517,158,84
844,30.568081855641466,917,2.0,0.759033739566803,1518,571,143,68
7,30.601416732256123,918,9.0,0.23054972290992737,982,82,36,55
696,30.601416732256123,918,2.0,0.3238746225833893,601,243,35,26
714,30.601416732256123,918,2.0,0.43870389461517334,703,283,48,28
704,30.601416732256123,918,2.0,0.7438318133354187,477,398,69,64
712,30.601416732256123,918,2.0,0.7661474347114563,464,536,96,94
766,30.601416732256123,918,2.0,0.675969123840332,355,386,56,50
815,30.601416732256123,918,2.0,0.4610610902309418,371,300,44,36
822,30.601416732256123,918,2.0,0.5597941875457764,301,318,44,37
839,30.601416732256123,918,2.0,0.3867093622684479,1271,508,153,80
844,30.601416732256123,918,2.0,0.7041035294532776,1493,562,140,65
7,30.634751608870783,919,9.0,0.22310470044612885,982,82,36,55
696,30.634751608870783,919,2.0,0.12208137661218643,597,242,34,24
714,30.634751608870783,919,2.0,0.34801366925239563,698,282,48,27
704,30.634751608870783,919,2.0,0.6891172528266907,481,403,70,63
712,30.634751608870783,919,2.0,0.6892263889312744,469,544,98,96
766,30.634751608870783,919,2.0,0.6717946529388428,358,389,56,51
815,30.634751608870783,919,2.0,0.4980645179748535,374,302,43,37
822,30.634751608870783,919,2.0,0.451330304145813,305,322,46,35
839,30.634751608870783,919,7.0,0.41347113251686096,1250,499,148,77
844,30.634751608870783,919,2.0,0.7489979267120361,1470,553,135,63
7,30.66808648548544,920,9.0,0.21708731353282928,982,82,36,55
696,30.66808648548544,920,2.0,0.22629553079605103,594,239,34,24
714,30.66808648548544,920,2.0,0.298389732837677,694,281,46,29
704,30.66808648548544,920,2.0,0.7268785238265991,486,408,72,63
712,30.66808648548544,920,2.0,0.6251561045646667,475,553,99,99
766,30.66808648548544,920,2.0,0.6841316819190979,360,395,57,50
815,30.66808648548544,920,2.0,0.5681602954864502,376,304,45,35
822,30.66808648548544,920,2.0,0.44003328680992126,306,324,49,33
839,30.66808648548544,920,7.0,0.41019895672798157,1231,489,142,78
844,30.66808648548544,920,2.0,0.7608103156089783,1450,544,132,63
7,30.7014213621001,921,9.0,0.20494726300239563,982,82,36,55
696,30.7014213621001,921,2.0,0.16259391605854034,592,238,33,23
714,30.7014213621001,921,2.0,0.32489749789237976,689,279,46,31
704,30.7014213621001,921,2.0,0.6146228313446045,492,412,71,65
712,30.7014213621001,921,2.0,0.6339160799980164,481,560,100,104
766,30.7014213621001,921,2.0,0.7589165568351746,362,401,56,51
815,30.7014213621001,921,2.0,0.6619582772254944,379,307,47,31
822,30.7014213621001,921,2.0,0.5291564464569092,307,326,48,34
839,30.7014213621001,921,2.0,0.39037734270095825,1210,483,140,75
844,30.7014213621001,921,2.0,0.5368187427520752,1427,535,132,61
7,30.734756238714755,922,9.0,0.2125324308872223,982,82,36,55
696,30.734756238714755,922,2.0,0.31530776619911194,589,236,34,24
704,30.734756238714755,922,2.0,0.7048002481460571,497,418,72,64
712,30.734756238714755,922,2.0,0.6665453314781189,487,570,103,107
766,30.734756238714755,922,2.0,0.7038064002990723,365,405,59,52
815,30.734756238714755,922,2.0,0.7227678298950195,383,310,48,34
822,30.734756238714755,922,2.0,0.5144402980804443,309,328,46,32
839,30.734756238714755,922,2.0,0.5499005317687988,1193,475,138,74
844,30.734756238714755,922,2.0,0.7247233986854553,1405,528,128,60
7,30.768091115329415,923,9.0,0.24494139850139618,982,82,36,55
696,30.768091115329415,923,2.0,0.4173818826675415,585,235,37,26
704,30.768091115329415,923,2.0,0.77914959192276,501,424,75,67
712,30.768091115329415,923,2.0,0.7755438685417175,493,581,103,105
766,30.768091115329415,923,2.0,0.6829742789268494,367,409,61,54
815,30.768091115329415,923,2.0,0.7515562772750854,385,311,48,37
822,30.768091115329415,923,2.0,0.6370074152946472,310,329,46,34
839,30.768091115329415,923,2.0,0.6629699468612671,1175,468,133,72
844,30.768091115329415,923,2.0,0.7764809727668762,1386,519,123,60
714,30.768091115329415,923,2.0,0.3565341830253601,679,273,44,33
7,30.801425991944072,924,9.0,0.23447681963443756,982,82,36,55
696,30.801425991944072,924,2.0,0.4513314664363861,582,234,36,28
704,30.801425991944072,924,2.0,0.7135220766067505,506,429,76,70
712,30.801425991944072,924,2.0,0.7462527751922607,500,591,107,106
766,30.801425991944072,924,2.0,0.7809282541275024,371,413,62,55
815,30.801425991944072,924,2.0,0.7385484576225281,387,314,48,39
822,30.801425991944072,924,2.0,0.6519380807876587,312,332,45,37
839,30.801425991944072,924,2.0,0.3847392201423645,1158,460,134,71
844,30.801425991944072,924,2.0,0.6509348154067993,1366,512,121,58
714,30.801425991944072,924,2.0,0.37060171365737915,681,270,54,32
7,30.83476086855873,925,9.0,0.21953922510147095,982,82,36,55
696,30.83476086855873,925,2.0,0.36025819182395935,578,234,33,28
704,30.83476086855873,925,2.0,0.6639213562011719,512,434,76,70
712,30.83476086855873,925,2.0,0.7440284490585327,508,602,108,110
766,30.83476086855873,925,2.0,0.7733295559883118,373,416,62,56
815,30.83476086855873,925,2.0,0.7449273467063904,389,316,50,40
822,30.83476086855873,925,2.0,0.6493428349494934,313,336,47,41
839,30.83476086855873,925,2.0,0.5560537576675415,1140,454,130,69
844,30.83476086855873,925,2.0,0.6813616752624512,1347,503,116,55
714,30.83476086855873,925,2.0,0.2564653754234314,676,267,53,32
7,30.868095745173388,926,9.0,0.23055648803710938,982,82,36,55
696,30.868095745173388,926,2.0,0.3059335947036743,576,233,32,28
704,30.868095745173388,926,2.0,0.6517365574836731,518,440,77,74
712,30.868095745173388,926,2.0,0.823458194732666,516,613,113,113
766,30.868095745173388,926,2.0,0.7625346183776855,376,421,61,56
815,30.868095745173388,926,2.0,0.6097980737686157,392,319,50,40
822,30.868095745173388,926,2.0,0.5155872702598572,315,338,48,42
839,30.868095745173388,926,2.0,0.6132030487060547,1123,447,127,67
844,30.868095745173388,926,2.0,0.7066035866737366,1326,496,117,55
714,30.868095745173388,926,2.0,0.42904365062713623,670,265,51,33
7,30.901430621788048,927,9.0,0.22691209614276886,982,82,36,55
696,30.901430621788048,927,2.0,0.20299561321735382,572,234,34,27
704,30.901430621788048,927,2.0,0.7826957106590271,524,446,78,75
712,30.901430621788048,927,2.0,0.7132627367973328,522,623,115,115
766,30.901430621788048,927,2.0,0.7373589873313904,381,427,64,56
815,30.901430621788048,927,2.0,0.6071062088012695,394,321,49,42
822,30.901430621788048,927,2.0,0.3954930305480957,317,342,47,39
839,30.901430621788048,927,2.0,0.5064080953598022,1108,439,124,66
844,30.901430621788048,927,2.0,0.4687384068965912,1309,488,113,53
714,30.901430621788048,927,2.0,0.2008550763130188,662,263,44,30
879,30.901430621788048,927,2.0,0.5009160041809082,324,256,36,26
7,30.934765498402705,928,9.0,0.2444116324186325,982,82,36,55
704,30.934765498402705,928,2.0,0.7721642851829529,531,453,81,74
712,30.934765498402705,928,2.0,0.8304414749145508,531,634,118,122
766,30.934765498402705,928,2.0,0.7498050928115845,385,432,68,56
815,30.934765498402705,928,2.0,0.6767488718032837,395,323,50,44
822,30.934765498402705,928,2.0,0.6551989912986755,320,344,46,39
839,30.934765498402705,928,2.0,0.49883055686950684,1093,433,121,67
844,30.934765498402705,928,2.0,0.6688876152038574,1291,482,113,54
714,30.934765498402705,928,2.0,0.2862561345100403,657,261,42,29
879,30.934765498402705,928,2.0,0.31034034490585327,325,257,36,27
7,30.968100375017364,929,9.0,0.23629485070705414,982,82,36,55
704,30.968100375017364,929,2.0,0.7128146886825562,536,459,83,76
712,30.968100375017364,929,2.0,0.8252857327461243,538,646,121,125
766,30.968100375017364,929,2.0,0.8115309476852417,388,436,67,58
815,30.968100375017364,929,2.0,0.6218295693397522,398,325,50,43
822,30.968100375017364,929,2.0,0.6831226944923401,322,346,46,37
839,30.968100375017364,929,2.0,0.5880223512649536,1078,428,120,67
844,30.968100375017364,929,2.0,0.7179940342903137,1275,475,111,53
714,30.968100375017364,929,2.0,0.47596752643585205,655,259,42,27
879,30.968100375017364,929,2.0,0.36146578192710876,328,259,34,27
7,31.00143525163202,930,9.0,0.22810812294483185,982,81,38,54
704,31.00143525163202,930,2.0,0.7243272662162781,542,466,86,76
712,31.00143525163202,930,2.0,0.7735319137573242,547,659,124,129
766,31.00143525163202,930,2.0,0.7907373309135437,391,441,67,60
815,31.00143525163202,930,2.0,0.5356727242469788,402,331,53,40
822,31.00143525163202,930,2.0,0.7700442671775818,324,350,47,37
839,31.00143525163202,930,2.0,0.7206428647041321,1066,422,115,63
844,31.00143525163202,930,2.0,0.7736958265304565,1257,469,107,53
714,31.00143525163202,930,2.0,0.39194419980049133,656,259,48,27
879,31.00143525163202,930,2.0,0.21441805362701416,328,259,34,28
888,31.00143525163202,930,2.0,0.3324257433414459,1300,332,56,26
7,31.03477012824668,931,9.0,0.24795860052108765,982,82,37,55
704,31.03477012824668,931,2.0,0.8173854947090149,549,473,86,79
712,31.03477012824668,931,2.0,0.8275468945503235,556,672,129,132
766,31.03477012824668,931,2.0,0.8191327452659607,393,446,67,63
815,31.03477012824668,931,2.0,0.5606663227081299,405,334,53,41
822,31.03477012824668,931,2.0,0.8297747373580933,325,354,47,37
839,31.03477012824668,931,2.0,0.5856907367706299,1050,416,114,61
844,31.03477012824668,931,2.0,0.7651722431182861,1241,464,107,52
714,31.03477012824668,931,2.0,0.2942226827144623,650,258,42,25
879,31.03477012824668,931,2.0,0.31627151370048523,331,261,35,28
888,31.03477012824668,931,2.0,0.222147598862648,1299,332,54,25
890,31.03477012824668,931,2.0,0.4531874358654022,352,305,44,31
7,31.068105004861337,932,9.0,0.25985223054885864,982,82,36,55
704,31.068105004861337,932,2.0,0.734625518321991,557,480,88,83
712,31.068105004861337,932,2.0,0.7930585145950317,564,685,131,136
766,31.068105004861337,932,2.0,0.7972204685211182,397,452,67,63
815,31.068105004861337,932,2.0,0.6090503931045532,408,336,53,43
822,31.068105004861337,932,2.0,0.8390986919403076,326,358,49,40
839,31.068105004861337,932,2.0,0.6194883584976196,1037,411,111,60
844,31.068105004861337,932,2.0,0.7867807745933533,1224,457,103,50
714,31.068105004861337,932,2.0,0.12678231298923492,645,257,46,25
879,31.068105004861337,932,2.0,0.37138262391090393,333,263,37,34
888,31.068105004861337,932,2.0,0.14114424586296082,1296,333,50,25
890,31.068105004861337,932,2.0,0.3668749928474426,356,307,47,32
7,31.101439881475997,933,9.0,0.26453420519828796,982,82,36,55
704,31.101439881475997,933,2.0,0.6542616486549377,563,487,91,85
712,31.101439881475997,933,2.0,0.759841799736023,576,700,138,141
766,31.101439881475997,933,2.0,0.6963793039321899,402,458,67,61
815,31.101439881475997,933,2.0,0.608191192150116,411,339,55,42
822,31.101439881475997,933,2.0,0.776817262172699,327,360,48,44
839,31.101439881475997,933,2.0,0.6637794375419617,1023,405,110,62
844,31.101439881475997,933,2.0,0.7590977549552917,1210,450,101,50
714,31.101439881475997,933,2.0,0.14556491374969482,637,256,38,24
879,31.101439881475997,933,2.0,0.5064972639083862,335,266,35,34
888,31.101439881475997,933,2.0,0.12764838337898254,1294,332,45,25
890,31.101439881475997,933,2.0,0.39995285868644714,359,310,49,33
7,31.134774758090654,934,9.0,0.26377734541893005,982,82,36,55
704,31.134774758090654,934,2.0,0.7372159957885742,569,494,93,87
712,31.134774758090654,934,2.0,0.8098086714744568,587,714,143,144
766,31.134774758090654,934,2.0,0.6920905113220215,406,464,68,61
815,31.134774758090654,934,2.0,0.6727358102798462,414,341,56,43
822,31.134774758090654,934,2.0,0.7110981345176697,329,363,49,45
839,31.134774758090654,934,2.0,0.6156160235404968,1010,399,105,59
844,31.134774758090654,934,2.0,0.4969800114631653,1195,444,97,50
714,31.134774758090654,934,2.0,0.13258342444896698,633,255,38,25
879,31.134774758090654,934,2.0,0.5629739761352539,335,268,36,35
888,31.134774758090654,934,2.0,0.11326926201581955,1292,331,43,26
890,31.134774758090654,934,2.0,0.4834960401058197,361,313,51,38
7,31.16810963470531,935,9.0,0.2549619674682617,982,82,36,55
704,31.16810963470531,935,2.0,0.619615375995636,578,502,94,90
712,31.16810963470531,935,2.0,0.8188989162445068,597,730,144,150
766,31.16810963470531,935,2.0,0.7537885308265686,409,471,69,61
815,31.16810963470531,935,2.0,0.7484464049339294,417,345,57,46
822,31.16810963470531,935,2.0,0.6666457653045654,331,367,51,44
839,31.16810963470531,935,2.0,0.3170870840549469,999,394,104,59
844,31.16810963470531,935,2.0,0.6763554215431213,1183,438,93,50
879,31.16810963470531,935,2.0,0.5919605493545532,337,270,39,33
890,31.16810963470531,935,2.0,0.37506628036499023,362,315,51,39
7,31.20144451131997,936,9.0,0.2463105469942093,982,82,36,55
704,31.20144451131997,936,2.0,0.5562284588813782,586,510,97,92
712,31.20144451131997,936,2.0,0.6916136741638184,608,745,149,157
766,31.20144451131997,936,2.0,0.7710238695144653,413,477,71,62
815,31.20144451131997,936,2.0,0.7613507509231567,420,347,56,47
822,31.20144451131997,936,2.0,0.7569742202758789,334,370,50,44
839,31.20144451131997,936,7.0,0.3000575304031372,986,388,102,61
844,31.20144451131997,936,2.0,0.5758847594261169,1164,433,89,46
879,31.20144451131997,936,2.0,0.5701373219490051,339,271,37,32
890,31.20144451131997,936,2.0,0.35403668880462646,365,319,52,41
7,31.234779387934626,937,9.0,0.24704760313034058,982,82,36,55
704,31.234779387934626,937,2.0,0.6893372535705566,593,517,101,94
712,31.234779387934626,937,2.0,0.6595088243484497,619,760,154,165
766,31.234779387934626,937,2.0,0.7900540828704834,416,483,73,61
815,31.234779387934626,937,2.0,0.7168835401535034,424,351,54,47
822,31.234779387934626,937,2.0,0.7582540512084961,337,373,51,44
839,31.234779387934626,937,2.0,0.5196700692176819,973,383,100,59
844,31.234779387934626,937,2.0,0.6307078003883362,1153,428,90,48
879,31.234779387934626,937,2.0,0.583381175994873,340,273,36,31
890,31.234779387934626,937,2.0,0.46522799134254456,369,322,53,42
7,31.268114264549286,938,9.0,0.24614858627319336,982,82,36,55
704,31.268114264549286,938,2.0,0.7703242897987366,602,526,103,96
712,31.268114264549286,938,2.0,0.7213379740715027,631,782,160,164
766,31.268114264549286,938,2.0,0.7778108716011047,420,489,74,65
815,31.268114264549286,938,2.0,0.6501230597496033,428,355,57,47
822,31.268114264549286,938,2.0,0.7236917614936829,339,378,52,46
839,31.268114264549286,938,2.0,0.36994704604148865,961,378,101,62
844,31.268114264549286,938,2.0,0.5736625790596008,1141,424,85,47
879,31.268114264549286,938,2.0,0.4676384925842285,341,274,38,30
890,31.268114264549286,938,2.0,0.5118953585624695,371,323,52,43
7,31.301449141163943,939,9.0,0.25462424755096436,982,82,36,55
704,31.301449141163943,939,2.0,0.8105259537696838,610,536,107,100
712,31.301449141163943,939,2.0,0.7995451092720032,644,799,162,171
766,31.301449141163943,939,2.0,0.7307513356208801,424,495,75,68
815,31.301449141163943,939,2.0,0.6698535084724426,431,359,57,46
822,31.301449141163943,939,2.0,0.6418063640594482,341,382,53,47
839,31.301449141163943,939,2.0,0.3561343252658844,951,375,102,63
844,31.301449141163943,939,2.0,0.48190194368362427,1126,418,86,47
879,31.301449141163943,939,2.0,0.45470672845840454,344,276,40,32
890,31.301449141163943,939,2.0,0.5816780924797058,374,325,52,43
7,31.334784017778603,940,9.0,0.2510789930820465,982,82,36,55
704,31.334784017778603,940,2.0,0.6493688821792603,620,545,109,103
712,31.334784017778603,940,2.0,0.8315063118934631,657,819,167,176
766,31.334784017778603,940,2.0,0.7679638862609863,429,502,76,70
815,31.334784017778603,940,2.0,0.6531182527542114,434,362,57,48
822,31.334784017778603,940,2.0,0.5433701872825623,344,385,55,48
839,31.334784017778603,940,2.0,0.4908505380153656,941,370,96,60
844,31.334784017778603,940,2.0,0.5192677974700928,1120,412,74,46
879,31.334784017778603,940,2.0,0.41047975420951843,347,278,41,29
890,31.334784017778603,940,2.0,0.5117199420928955,378,328,56,41
7,31.36811889439326,941,9.0,0.24864694476127625,982,82,36,55
704,31.36811889439326,941,2.0,0.6424281001091003,629,555,111,105
712,31.36811889439326,941,2.0,0.7258877754211426,672,839,174,183
766,31.36811889439326,941,2.0,0.6754876971244812,433,509,76,71
815,31.36811889439326,941,2.0,0.6926835775375366,438,366,59,50
822,31.36811889439326,941,2.0,0.6881212592124939,347,389,54,49
839,31.36811889439326,941,7.0,0.3140856921672821,929,367,94,57
844,31.36811889439326,941,2.0,0.6014747023582458,1103,407,83,45
879,31.36811889439326,941,2.0,0.5052857995033264,348,278,40,28
890,31.36811889439326,941,2.0,0.5358859896659851,382,332,57,42
907,31.36811889439326,941,2.0,0.574774980545044,267,718,70,60
7,31.40145377100792,942,9.0,0.25162991881370544,982,82,36,55
704,31.40145377100792,942,2.0,0.7602729797363281,637,565,113,109
712,31.40145377100792,942,2.0,0.6013956069946289,686,860,180,190
766,31.40145377100792,942,2.0,0.662285327911377,437,516,78,73
815,31.40145377100792,942,2.0,0.6894073486328125,441,370,60,49
822,31.40145377100792,942,2.0,0.7268298864364624,350,393,53,47
839,31.40145377100792,942,2.0,0.2672297954559326,919,362,92,54
844,31.40145377100792,942,2.0,0.40566715598106384,1091,404,81,42
879,31.40145377100792,942,2.0,0.6289437413215637,350,280,41,28
890,31.40145377100792,942,2.0,0.625680685043335,385,335,56,46
907,31.40145377100792,942,2.0,0.5706664323806763,259,716,88,66
908,31.40145377100792,942,2.0,0.3690692186355591,310,234,30,24
7,31.434788647622575,943,9.0,0.23894086480140686,982,82,36,55
704,31.434788647622575,943,2.0,0.6864511370658875,648,576,116,110
712,31.434788647622575,943,2.0,0.5856221914291382,701,877,182,188
766,31.434788647622575,943,2.0,0.5785626173019409,441,523,82,72
815,31.434788647622575,943,2.0,0.697813093662262,445,374,59,48
822,31.434788647622575,943,2.0,0.6765984296798706,353,396,54,48
839,31.434788647622575,943,7.0,0.1414470672607422,908,359,89,54
844,31.434788647622575,943,2.0,0.5087359547615051,1081,400,78,37
879,31.434788647622575,943,2.0,0.4757023751735687,351,281,41,29
890,31.434788647622575,943,2.0,0.5460025668144226,387,338,56,46
907,31.434788647622575,943,2.0,0.642979085445404,250,715,105,74
908,31.434788647622575,943,2.0,0.41453540325164795,312,235,31,24
7,31.468123524237235,944,9.0,0.21905644237995148,982,82,36,55
704,31.468123524237235,944,2.0,0.7775030732154846,659,587,119,113
712,31.468123524237235,944,2.0,0.550847589969635,718,906,188,205
766,31.468123524237235,944,2.0,0.6219757795333862,447,532,84,75
815,31.468123524237235,944,2.0,0.6156638860702515,449,379,60,47
822,31.468123524237235,944,2.0,0.6640937328338623,354,401,55,51
839,31.468123524237235,944,2.0,0.5207200646400452,898,356,89,49
844,31.468123524237235,944,2.0,0.34000736474990845,1065,394,81,39
879,31.468123524237235,944,2.0,0.5590699911117554,353,283,42,29
890,31.468123524237235,944,2.0,0.5930678248405457,389,341,55,46
907,31.468123524237235,944,2.0,0.6403422951698303,242,719,125,74
908,31.468123524237235,944,2.0,0.4990686774253845,313,236,30,25
7,31.50145840085189,945,9.0,0.24208155274391174,982,82,36,55
704,31.50145840085189,945,2.0,0.6403406858444214,669,597,123,117
712,31.50145840085189,945,2.0,0.7700199484825134,736,932,199,214
766,31.50145840085189,945,2.0,0.7096868753433228,455,540,93,79
815,31.50145840085189,945,2.0,0.6256793141365051,454,383,61,48
822,31.50145840085189,945,2.0,0.497255802154541,357,406,58,52
839,31.50145840085189,945,2.0,0.3915940523147583,889,353,86,46
844,31.50145840085189,945,2.0,0.5938680768013,1061,390,65,39
879,31.50145840085189,945,2.0,0.47363990545272827,356,288,43,33
890,31.50145840085189,945,2.0,0.6676775813102722,391,343,56,44
907,31.50145840085189,945,2.0,0.7472295761108398,230,721,144,77
908,31.50145840085189,945,2.0,0.5542259216308594,314,237,29,25
7,31.53479327746655,946,9.0,0.243119478225708,982,82,36,55
704,31.53479327746655,946,2.0,0.5645289421081543,681,609,129,122
712,31.53479327746655,946,2.0,0.579882800579071,754,957,208,219
766,31.53479327746655,946,2.0,0.8076500296592712,461,547,93,79
815,31.53479327746655,946,2.0,0.6250993609428406,458,385,63,52
822,31.53479327746655,946,2.0,0.5459033250808716,358,409,61,54
839,31.53479327746655,946,2.0,0.3697401285171509,880,347,83,53
844,31.53479327746655,946,2.0,0.5074752569198608,1049,385,67,39
879,31.53479327746655,946,2.0,0.528481125831604,357,290,44,35
890,31.53479327746655,946,2.0,0.7766079306602478,394,346,55,44
907,31.53479327746655,946,2.0,0.6932047009468079,220,722,163,77
908,31.53479327746655,946,2.0,0.4305398762226105,315,238,28,24
7,31.568128154081208,947,9.0,0.23314081132411957,982,82,36,55
704,31.568128154081208,947,2.0,0.7194920182228088,694,622,133,125
712,31.568128154081208,947,2.0,0.6157523393630981,774,975,214,209
766,31.568128154081208,947,2.0,0.6975626349449158,466,554,92,81
815,31.568128154081208,947,2.0,0.7054793238639832,462,389,62,55
822,31.568128154081208,947,2.0,0.6771559715270996,361,413,60,55
839,31.568128154081208,947,2.0,0.37218114733695984,870,341,84,54
844,31.568128154081208,947,2.0,0.47657129168510437,1031,380,75,39
879,31.568128154081208,947,2.0,0.6341820955276489,359,292,47,35
890,31.568128154081208,947,2.0,0.7503353953361511,397,348,58,46
907,31.568128154081208,947,2.0,0.6601188778877258,206,724,172,75
908,31.568128154081208,947,2.0,0.569206178188324,316,239,29,24
7,31.601463030695868,948,9.0,0.23826031386852264,982,81,38,54
704,31.601463030695868,948,2.0,0.6778462529182434,706,635,134,130
712,31.601463030695868,948,2.0,0.5129870772361755,797,988,230,183
766,31.601463030695868,948,2.0,0.5954452753067017,469,563,92,84
815,31.601463030695868,948,2.0,0.7630029916763306,467,394,66,60
822,31.601463030695868,948,2.0,0.7411015033721924,365,419,60,55
839,31.601463030695868,948,7.0,0.10003991425037384,860,338,82,53
844,31.601463030695868,948,2.0,0.5382937788963318,1013,376,65,36
879,31.601463030695868,948,2.0,0.6435736417770386,361,294,47,36
890,31.601463030695868,948,2.0,0.7590900659561157,400,350,59,45
907,31.601463030695868,948,2.0,0.6860147714614868,187,726,171,75
908,31.601463030695868,948,2.0,0.49003612995147705,317,241,30,23
7,31.634797907310524,949,9.0,0.22179894149303436,982,81,39,54
704,31.634797907310524,949,2.0,0.732029139995575,719,647,140,134
712,31.634797907310524,949,2.0,0.5001227855682373,812,1001,224,156
766,31.634797907310524,949,2.0,0.7076034545898438,474,573,95,84
815,31.634797907310524,949,2.0,0.7130371928215027,471,397,66,63
822,31.634797907310524,949,2.0,0.6724447011947632,367,424,61,58
839,31.634797907310524,949,5.0,0.12459435313940048,853,336,79,58
844,31.634797907310524,949,2.0,0.5390128493309021,1007,373,72,37
879,31.634797907310524,949,2.0,0.6414898633956909,362,296,47,34
890,31.634797907310524,949,2.0,0.6813130378723145,404,355,58,46
907,31.634797907310524,949,2.0,0.7328583598136902,168,727,174,72
908,31.634797907310524,949,2.0,0.5577431917190552,319,243,33,24
7,31.668132783925184,950,9.0,0.22765609622001648,982,81,39,54
704,31.668132783925184,950,7.0,0.5393374562263489,732,660,143,140
712,31.668132783925184,950,2.0,0.20463481545448303,827,1015,213,128
766,31.668132783925184,950,2.0,0.8027834892272949,481,582,95,86
815,31.668132783925184,950,2.0,0.7012307643890381,476,403,66,60
822,31.668132783925184,950,2.0,0.7718795537948608,371,429,57,57
839,31.668132783925184,950,2.0,0.43816813826560974,845,334,79,49
844,31.668132783925184,950,2.0,0.5065234899520874,1003,370,68,37
879,31.668132783925184,950,2.0,0.5772759318351746,364,298,49,33
890,31.668132783925184,950,2.0,0.6655381321907043,408,359,59,45
907,31.668132783925184,950,2.0,0.7946219444274902,147,729,176,76
908,31.668132783925184,950,2.0,0.49358952045440674,320,245,35,25
7,31.70146766053984,951,9.0,0.21276171505451202,982,81,39,54
704,31.70146766053984,951,2.0,0.7228248119354248,746,676,147,144
712,31.70146766053984,951,2.0,0.7120369076728821,840,1030,196,99
766,31.70146766053984,951,2.0,0.712474524974823,487,591,95,88
815,31.70146766053984,951,2.0,0.7052397131919861,481,407,64,62
822,31.70146766053984,951,2.0,0.8088362812995911,373,435,62,59
839,31.70146766053984,951,2.0,0.5299609303474426,835,331,77,45
844,31.70146766053984,951,2.0,0.5199926495552063,998,366,56,40
879,31.70146766053984,951,2.0,0.530324399471283,367,299,47,34
890,31.70146766053984,951,2.0,0.6309463381767273,412,362,59,48
907,31.70146766053984,951,2.0,0.7876607775688171,127,732,176,76
908,31.70146766053984,951,2.0,0.5881438851356506,322,246,36,25
7,31.7348025371545,952,9.0,0.20440998673439026,982,81,39,53
704,31.7348025371545,952,2.0,0.516249418258667,761,691,152,146
712,31.7348025371545,952,2.0,0.4264008700847626,851,1038,172,82
766,31.7348025371545,952,2.0,0.8087368011474609,494,602,100,91
815,31.7348025371545,952,2.0,0.7620021104812622,485,412,66,61
822,31.7348025371545,952,2.0,0.8028645515441895,377,439,63,59
839,31.7348025371545,952,2.0,0.16131314635276794,829,326,77,48
844,31.7348025371545,952,2.0,0.49550333619117737,988,361,53,36
879,31.7348025371545,952,2.0,0.543301522731781,369,301,45,34
890,31.7348025371545,952,2.0,0.6936715841293335,414,365,58,47
907,31.7348025371545,952,2.0,0.8290229439735413,107,733,176,76
908,31.7348025371545,952,2.0,0.5971574187278748,323,248,38,26
7,31.768137413769157,953,9.0,0.2057691216468811,982,81,39,53
704,31.768137413769157,953,2.0,0.5792814493179321,777,707,158,151
766,31.768137413769157,953,2.0,0.702056884765625,500,613,103,93
815,31.768137413769157,953,2.0,0.7128010988235474,490,418,68,63
822,31.768137413769157,953,2.0,0.7427910566329956,381,444,64,60
839,31.768137413769157,953,2.0,0.10971472412347794,820,322,79,50
844,31.768137413769157,953,2.0,0.5280776023864746,974,359,66,37
879,31.768137413769157,953,2.0,0.6730775237083435,371,304,44,34
890,31.768137413769157,953,2.0,0.7898393273353577,420,368,57,50
907,31.768137413769157,953,2.0,0.7570361495018005,88,734,175,74
908,31.768137413769157,953,2.0,0.5498988628387451,325,249,37,26
7,31.801472290383817,954,9.0,0.21000885963439941,982,81,39,53
704,31.801472290383817,954,2.0,0.6283713579177856,794,724,162,157
766,31.801472290383817,954,2.0,0.7955595850944519,506,623,104,96
815,31.801472290383817,954,2.0,0.7550005316734314,494,423,70,63
822,31.801472290383817,954,2.0,0.7422938346862793,386,450,65,61
839,31.801472290383817,954,2.0,0.5176866054534912,812,320,76,48
844,31.801472290383817,954,2.0,0.5980279445648193,963,356,66,36
879,31.801472290383817,954,2.0,0.7092060446739197,372,306,46,35
890,31.801472290383817,954,2.0,0.6668667793273926,424,372,60,50
907,31.801472290383817,954,2.0,0.7384092211723328,78,734,156,70
908,31.801472290383817,954,2.0,0.49970173835754395,326,250,38,28
7,31.834807166998473,955,9.0,0.18987466394901276,982,81,39,53
704,31.834807166998473,955,2.0,0.5061354041099548,811,741,167,163
766,31.834807166998473,955,2.0,0.7064578533172607,514,633,110,100
815,31.834807166998473,955,2.0,0.6854617595672607,499,429,69,65
822,31.834807166998473,955,2.0,0.716974139213562,388,456,67,62
839,31.834807166998473,955,2.0,0.6173569560050964,805,317,72,48
844,31.834807166998473,955,2.0,0.5449948906898499,956,353,63,36
879,31.834807166998473,955,2.0,0.7543534636497498,375,308,47,34
890,31.834807166998473,955,2.0,0.7324827313423157,428,377,63,52
907,31.834807166998473,955,2.0,0.7589500546455383,67,736,134,67
908,31.834807166998473,955,2.0,0.5370347499847412,327,251,38,29
7,31.86814204361313,956,9.0,0.2120053917169571,982,81,39,54
704,31.86814204361313,956,2.0,0.6216486096382141,829,760,174,170
766,31.86814204361313,956,2.0,0.648084282875061,522,645,109,104
815,31.86814204361313,956,2.0,0.8064281344413757,504,434,71,66
822,31.86814204361313,956,2.0,0.6978163123130798,392,461,68,61
839,31.86814204361313,956,2.0,0.3129674196243286,795,315,73,46
844,31.86814204361313,956,2.0,0.5752148032188416,945,350,65,35
879,31.86814204361313,956,2.0,0.718191921710968,378,309,47,33
890,31.86814204361313,956,2.0,0.7008158564567566,431,381,63,51
907,31.86814204361313,956,2.0,0.6713480949401855,57,738,114,68
908,31.86814204361313,956,2.0,0.41698214411735535,328,252,37,31
7,31.90147692022779,957,9.0,0.2359657734632492,982,82,37,55
704,31.90147692022779,957,2.0,0.5540373921394348,848,780,179,177
766,31.90147692022779,957,2.0,0.7306882739067078,530,656,113,108
815,31.90147692022779,957,2.0,0.8013586401939392,508,439,74,69
822,31.90147692022779,957,2.0,0.6775450706481934,395,467,68,61
839,31.90147692022779,957,2.0,0.564935028553009,788,311,72,42
844,31.90147692022779,957,2.0,0.5676887631416321,938,347,63,38
879,31.90147692022779,957,2.0,0.7202455401420593,381,311,47,34
890,31.90147692022779,957,2.0,0.6689402461051941,434,386,63,57
907,31.90147692022779,957,2.0,0.59599369764328,46,739,93,68
908,31.90147692022779,957,2.0,0.4360741376876831,330,253,37,30
7,31.934811796842446,958,9.0,0.22111737728118896,982,81,38,54
704,31.934811796842446,958,2.0,0.7185402512550354,868,800,186,182
766,31.934811796842446,958,2.0,0.7834550142288208,539,670,115,109
815,31.934811796842446,958,2.0,0.8303619027137756,514,445,75,70
822,31.934811796842446,958,2.0,0.6979668736457825,400,473,69,64
839,31.934811796842446,958,2.0,0.4123556911945343,782,310,69,41
844,31.934811796842446,958,2.0,0.5217398405075073,931,342,60,38
879,31.934811796842446,958,2.0,0.6600951552391052,384,314,48,38
890,31.934811796842446,958,2.0,0.7052513957023621,439,389,64,58
907,31.934811796842446,958,2.0,0.7411353588104248,36,740,73,69
908,31.934811796842446,958,2.0,0.45176270604133606,332,255,37,30
7,31.968146673457106,959,9.0,0.2264660745859146,982,82,37,55
704,31.968146673457106,959,2.0,0.5503525137901306,889,822,193,190
766,31.968146673457106,959,2.0,0.7717334628105164,546,682,118,113
815,31.968146673457106,959,2.0,0.7190858721733093,521,451,77,71
822,31.968146673457106,959,2.0,0.675603449344635,404,480,71,64
839,31.968146673457106,959,2.0,0.35459935665130615,775,308,68,39
844,31.968146673457106,959,2.0,0.49875617027282715,921,339,60,37
879,31.968146673457106,959,2.0,0.735580563545227,386,317,49,38
890,31.968146673457106,959,2.0,0.7669490575790405,443,393,67,60
907,31.968146673457106,959,2.0,0.6161096692085266,26,741,52,65
908,31.968146673457106,959,2.0,0.4771580398082733,333,255,36,30
7,32.001481550071766,960,9.0,0.21756453812122345,982,81,38,54
704,32.001481550071766,960,2.0,0.6041311621665955,911,844,201,195
766,32.001481550071766,960,2.0,0.7382788062095642,555,695,122,115
815,32.001481550071766,960,2.0,0.7186667323112488,529,457,72,72
822,32.001481550071766,960,2.0,0.6526274085044861,408,486,69,65
839,32.001481550071766,960,2.0,0.30878713726997375,768,306,68,39
844,32.001481550071766,960,2.0,0.6243749260902405,912,336,56,36
879,32.001481550071766,960,2.0,0.7448407411575317,388,320,49,39
890,32.001481550071766,960,2.0,0.7966355085372925,448,397,69,61
907,32.001481550071766,960,2.0,0.5632632374763489,13,742,27,67
908,32.001481550071766,960,2.0,0.6116037368774414,335,257,35,29
7,32.03481642668642,961,9.0,0.23318465054035187,982,82,37,55
704,32.03481642668642,961,2.0,0.749837338924408,935,868,210,203
766,32.03481642668642,961,2.0,0.7473248839378357,564,708,126,121
815,32.03481642668642,961,2.0,0.75583815574646,533,463,76,73
822,32.03481642668642,961,2.0,0.6902119517326355,412,493,74,67
839,32.03481642668642,961,2.0,0.3877500891685486,762,304,67,39
844,32.03481642668642,961,2.0,0.5563023686408997,903,333,61,34
879,32.03481642668642,961,2.0,0.7647638320922852,391,323,51,40
890,32.03481642668642,961,2.0,0.7934069633483887,451,402,71,60
908,32.03481642668642,961,2.0,0.6172281503677368,337,259,34,30
931,32.03481642668642,961,2.0,0.5499840974807739,265,259,32,23
7,32.06815130330108,962,9.0,0.2288818061351776,982,81,38,54
704,32.06815130330108,962,2.0,0.7369967699050903,960,892,217,208
766,32.06815130330108,962,2.0,0.767659604549408,575,723,132,125
815,32.06815130330108,962,2.0,0.7714563608169556,538,470,81,76
822,32.06815130330108,962,2.0,0.7143319249153137,415,499,74,70
839,32.06815130330108,962,2.0,0.3410240113735199,755,298,69,40
844,32.06815130330108,962,2.0,0.4327271580696106,894,330,63,34
879,32.06815130330108,962,2.0,0.693985641002655,394,325,50,42
890,32.06815130330108,962,2.0,0.7596435546875,454,405,71,60
908,32.06815130330108,962,2.0,0.6924364566802979,339,259,34,30
931,32.06815130330108,962,2.0,0.4565207362174988,265,260,30,22
7,32.10148617991574,963,9.0,0.23434607684612274,982,82,37,55
704,32.10148617991574,963,2.0,0.7987164258956909,986,912,226,203
766,32.10148617991574,963,2.0,0.7955117225646973,585,738,136,130
815,32.10148617991574,963,2.0,0.805371880531311,545,476,81,77
822,32.10148617991574,963,2.0,0.6556140780448914,419,507,75,71
839,32.10148617991574,963,2.0,0.41251811385154724,749,295,67,43
844,32.10148617991574,963,2.0,0.4347270429134369,886,328,61,34
879,32.10148617991574,963,2.0,0.7363356351852417,396,326,51,42
890,32.10148617991574,963,2.0,0.6802740693092346,460,411,70,61
908,32.10148617991574,963,2.0,0.7011092901229858,340,260,35,31
931,32.10148617991574,963,2.0,0.4978923499584198,265,262,30,24
7,32.1348210565304,964,9.0,0.23035794496536255,982,82,36,55
704,32.1348210565304,964,2.0,0.7653867602348328,1015,942,236,216
766,32.1348210565304,964,2.0,0.8068374395370483,596,754,140,134
815,32.1348210565304,964,2.0,0.7901235222816467,553,484,83,80
822,32.1348210565304,964,2.0,0.6309714317321777,424,514,76,72
839,32.1348210565304,964,2.0,0.4359463155269623,743,294,68,44
844,32.1348210565304,964,2.0,0.4068842828273773,878,324,61,34
879,32.1348210565304,964,2.0,0.6509438753128052,398,330,52,43
890,32.1348210565304,964,2.0,0.7019050717353821,466,414,70,61
908,32.1348210565304,964,2.0,0.6539899706840515,342,261,35,32
931,32.1348210565304,964,2.0,0.48372963070869446,266,263,30,24
7,32.16815593314505,965,9.0,0.2426426261663437,982,81,38,54
704,32.16815593314505,965,2.0,0.6706387996673584,1044,967,247,216
766,32.16815593314505,965,2.0,0.7790279388427734,606,770,142,140
815,32.16815593314505,965,2.0,0.6910350918769836,560,491,86,82
822,32.16815593314505,965,2.0,0.6825210452079773,429,521,77,73
839,32.16815593314505,965,2.0,0.44003844261169434,736,291,65,43
844,32.16815593314505,965,2.0,0.4718402028083801,871,322,61,34
879,32.16815593314505,965,2.0,0.6557946801185608,400,333,54,43
890,32.16815593314505,965,2.0,0.7381885051727295,473,420,69,62
908,32.16815593314505,965,2.0,0.6755886673927307,343,263,35,33
931,32.16815593314505,965,2.0,0.46547645330429077,267,264,29,25
7,32.20149080975971,966,9.0,0.24487124383449554,982,81,38,54
704,32.20149080975971,966,2.0,0.6082000732421875,1074,982,257,192
766,32.20149080975971,966,2.0,0.6758348345756531,618,787,149,144
815,32.20149080975971,966,2.0,0.6512426733970642,566,498,89,85
822,32.20149080975971,966,2.0,0.710899829864502,434,528,78,75
839,32.20149080975971,966,2.0,0.5567573308944702,729,289,63,44
844,32.20149080975971,966,2.0,0.4853326678276062,866,320,57,33
879,32.20149080975971,966,2.0,0.7173007130622864,403,336,58,44
890,32.20149080975971,966,2.0,0.7717348337173462,478,425,68,61
908,32.20149080975971,966,2.0,0.7150901556015015,345,265,39,34
931,32.20149080975971,966,2.0,0.42133209109306335,269,265,32,28
7,32.23482568637437,967,9.0,0.2629510462284088,982,82,37,55
704,32.23482568637437,967,2.0,0.6615054607391357,1100,995,245,168
766,32.23482568637437,967,2.0,0.768930971622467,631,806,154,148
815,32.23482568637437,967,2.0,0.7606016993522644,573,505,91,89
822,32.23482568637437,967,2.0,0.6969929337501526,438,537,80,79
839,32.23482568637437,967,2.0,0.566423773765564,723,287,60,42
844,32.23482568637437,967,2.0,0.42490479350090027,863,317,46,32
879,32.23482568637437,967,2.0,0.6618626713752747,406,339,56,44
890,32.23482568637437,967,2.0,0.7971891760826111,483,432,71,62
908,32.23482568637437,967,2.0,0.7158957719802856,347,268,41,34
931,32.23482568637437,967,2.0,0.5556047558784485,270,268,35,29
7,32.26816056298903,968,9.0,0.2613060772418976,982,82,37,55
704,32.26816056298903,968,2.0,0.6584355235099792,1127,1011,236,136
766,32.26816056298903,968,2.0,0.7146375775337219,643,824,156,156
815,32.26816056298903,968,2.0,0.6499616503715515,581,514,90,90
822,32.26816056298903,968,2.0,0.733036458492279,442,545,81,78
839,32.26816056298903,968,2.0,0.5235228538513184,718,285,61,42
844,32.26816056298903,968,2.0,0.6274702548980713,853,315,48,33
879,32.26816056298903,968,2.0,0.6676379442214966,409,343,54,44
890,32.26816056298903,968,2.0,0.7955763339996338,487,436,73,62
908,32.26816056298903,968,2.0,0.7021414637565613,349,270,41,35
931,32.26816056298903,968,2.0,0.38660329580307007,271,270,35,28
7,32.301495439603684,969,9.0,0.2650802731513977,982,82,36,56
766,32.301495439603684,969,2.0,0.7920147180557251,658,845,163,162
815,32.301495439603684,969,2.0,0.7573651075363159,588,524,92,92
822,32.301495439603684,969,2.0,0.7185820937156677,447,553,84,83
839,32.301495439603684,969,2.0,0.5811998248100281,713,284,59,39
844,32.301495439603684,969,2.0,0.5572401881217957,846,312,47,33
879,32.301495439603684,969,2.0,0.7478400468826294,412,346,55,44
890,32.301495439603684,969,2.0,0.7731372714042664,492,441,76,66
908,32.301495439603684,969,2.0,0.6929473876953125,350,271,42,35
931,32.301495439603684,969,2.0,0.4069524109363556,271,272,36,28
7,32.334830316218344,970,9.0,0.2537018954753876,982,82,36,56
766,32.334830316218344,970,2.0,0.796846330165863,671,864,169,166
815,32.334830316218344,970,2.0,0.7823073267936707,598,532,96,95
822,32.334830316218344,970,2.0,0.7263867855072021,452,563,87,84
839,32.334830316218344,970,2.0,0.33619779348373413,708,282,61,38
844,32.334830316218344,970,2.0,0.5390351414680481,839,310,49,32
879,32.334830316218344,970,2.0,0.725791335105896,416,348,56,46
890,32.334830316218344,970,2.0,0.868173360824585,498,447,78,66
908,32.334830316218344,970,2.0,0.5824731588363647,352,273,43,34
931,32.334830316218344,970,2.0,0.22237920761108398,272,274,35,28
935,32.334830316218344,970,2.0,0.5788328051567078,1170,1044,173,71
7,32.368165192833004,971,9.0,0.24945153295993805,982,82,36,55
766,32.368165192833004,971,2.0,0.6786477565765381,685,882,175,165
815,32.368165192833004,971,2.0,0.7000455856323242,607,540,99,96
822,32.368165192833004,971,2.0,0.7365186810493469,458,571,86,83
839,32.368165192833004,971,2.0,0.31593483686447144,702,279,59,38
844,32.368165192833004,971,2.0,0.5357282161712646,830,307,53,31
879,32.368165192833004,971,2.0,0.7439706325531006,420,350,55,46
890,32.368165192833004,971,2.0,0.8263458609580994,504,452,77,68
908,32.368165192833004,971,2.0,0.5729694366455078,354,274,43,34
931,32.368165192833004,971,2.0,0.2683388292789459,273,276,34,27
7,32.401500069447664,972,9.0,0.27659663558006287,982,82,36,56
766,32.401500069447664,972,2.0,0.5382937788963318,700,898,175,157
815,32.401500069447664,972,2.0,0.5846906304359436,616,551,102,97
822,32.401500069447664,972,2.0,0.6858062744140625,464,581,90,87
839,32.401500069447664,972,2.0,0.6512797474861145,696,277,59,37
844,32.401500069447664,972,2.0,0.5364300608634949,822,305,54,32
879,32.401500069447664,972,2.0,0.6892006397247314,423,354,56,48
890,32.401500069447664,972,2.0,0.7328501343727112,510,459,79,66
908,32.401500069447664,972,2.0,0.5880361795425415,356,277,42,32
931,32.401500069447664,972,2.0,0.1828741431236267,273,277,34,27
7,32.43483494606232,973,9.0,0.27368471026420593,982,82,36,56
766,32.43483494606232,973,2.0,0.6295817494392395,719,929,182,183
815,32.43483494606232,973,2.0,0.59771728515625,626,560,104,101
822,32.43483494606232,973,2.0,0.5979348421096802,470,591,93,90
839,32.43483494606232,973,2.0,0.4417409598827362,691,276,56,37
844,32.43483494606232,973,2.0,0.4543927311897278,817,303,55,31
879,32.43483494606232,973,2.0,0.693067193031311,427,358,60,49
890,32.43483494606232,973,2.0,0.7037565112113953,516,465,81,69
908,32.43483494606232,973,2.0,0.6821040511131287,359,279,42,32
931,32.43483494606232,973,2.0,0.30218592286109924,274,278,35,27
7,32.46816982267698,974,9.0,0.30361905694007874,982,82,36,56
766,32.46816982267698,974,2.0,0.7253116369247437,737,956,191,196
815,32.46816982267698,974,2.0,0.7784353494644165,636,571,109,104
822,32.46816982267698,974,2.0,0.7064962387084961,475,601,98,91
839,32.46816982267698,974,2.0,0.27955684065818787,686,274,56,39
844,32.46816982267698,974,2.0,0.42025402188301086,811,302,54,31
879,32.46816982267698,974,2.0,0.7289034128189087,431,361,61,50
890,32.46816982267698,974,2.0,0.7918300628662109,522,471,81,71
908,32.46816982267698,974,2.0,0.693798840045929,360,281,43,33
931,32.46816982267698,974,2.0,0.4395880699157715,276,279,37,26
7,32.50150469929164,975,9.0,0.29867732524871826,982,82,36,56
766,32.50150469929164,975,2.0,0.5102379322052002,756,978,201,192
815,32.50150469929164,975,2.0,0.7360371947288513,646,581,111,106
822,32.50150469929164,975,2.0,0.7378870248794556,482,611,98,93
839,32.50150469929164,975,2.0,0.40839284658432007,683,272,54,37
844,32.50150469929164,975,2.0,0.4672797620296478,806,300,53,31
879,32.50150469929164,975,2.0,0.8164428472518921,434,365,59,51
890,32.50150469929164,975,2.0,0.8372277021408081,529,478,81,71
908,32.50150469929164,975,2.0,0.6832420229911804,362,283,42,32
931,32.50150469929164,975,2.0,0.46613311767578125,277,280,39,27
7,32.53483957590629,976,9.0,0.3176906108856201,982,82,36,56
766,32.53483957590629,976,2.0,0.5632599592208862,765,983,189,153
815,32.53483957590629,976,2.0,0.789500892162323,656,591,114,108
822,32.53483957590629,976,2.0,0.7395524978637695,490,621,101,96
839,32.53483957590629,976,2.0,0.5326718091964722,677,269,53,36
844,32.53483957590629,976,2.0,0.48062577843666077,800,297,52,32
879,32.53483957590629,976,2.0,0.8182310461997986,437,370,59,48
890,32.53483957590629,976,2.0,0.7640027403831482,534,485,86,75
908,32.53483957590629,976,2.0,0.6980844736099243,365,285,43,35
931,32.53483957590629,976,2.0,0.42828965187072754,277,281,40,28
7,32.56817445252095,977,9.0,0.2958579361438751,982,82,36,56
766,32.56817445252095,977,2.0,0.6757869720458984,782,1004,185,145
815,32.56817445252095,977,2.0,0.68988436460495,667,603,115,112
822,32.56817445252095,977,2.0,0.7068202495574951,496,632,104,97
839,32.56817445252095,977,2.0,0.45006150007247925,673,268,52,36
844,32.56817445252095,977,2.0,0.49497953057289124,793,295,51,30
879,32.56817445252095,977,2.0,0.8361111879348755,439,373,59,49
890,32.56817445252095,977,2.0,0.7647088766098022,540,492,88,76
908,32.56817445252095,977,2.0,0.6633099913597107,366,286,43,37
931,32.56817445252095,977,2.0,0.510445237159729,278,282,40,28
7,32.60150932913561,978,9.0,0.29448118805885315,983,82,36,56
766,32.60150932913561,978,2.0,0.3588665723800659,804,1018,185,122
815,32.60150932913561,978,2.0,0.7781179547309875,680,614,118,116
822,32.60150932913561,978,2.0,0.7307042479515076,502,644,107,104
839,32.60150932913561,978,2.0,0.6207455396652222,668,265,54,35
844,32.60150932913561,978,2.0,0.3918881118297577,789,292,50,31
879,32.60150932913561,978,2.0,0.7897750735282898,442,378,58,51
890,32.60150932913561,978,2.0,0.7797576785087585,547,498,88,77
908,32.60150932913561,978,2.0,0.6718310117721558,369,289,45,38
931,32.60150932913561,978,2.0,0.40400952100753784,279,284,40,30
7,32.63484420575027,979,9.0,0.31442025303840637,983,82,36,56
766,32.63484420575027,979,2.0,0.4558064937591553,817,1035,174,89
815,32.63484420575027,979,2.0,0.7046095132827759,692,627,122,119
822,32.63484420575027,979,2.0,0.7657086849212646,508,656,110,106
839,32.63484420575027,979,2.0,0.5595399141311646,663,264,54,35
844,32.63484420575027,979,2.0,0.3806561827659607,784,290,46,29
879,32.63484420575027,979,2.0,0.7468630075454712,446,381,59,48
890,32.63484420575027,979,2.0,0.7180956602096558,556,506,90,80
908,32.63484420575027,979,2.0,0.6642681360244751,371,291,46,39
931,32.63484420575027,979,2.0,0.5127156972885132,280,287,40,32
7,32.66817908236492,980,9.0,0.28387290239334106,983,82,36,56
766,32.66817908236492,980,2.0,0.4955178499221802,828,1049,156,61
815,32.66817908236492,980,2.0,0.6689548492431641,704,640,126,125
822,32.66817908236492,980,2.0,0.6765535473823547,515,669,112,111
839,32.66817908236492,980,2.0,0.5736806988716125,658,261,52,34
844,32.66817908236492,980,2.0,0.3528650403022766,775,288,46,28
879,32.66817908236492,980,2.0,0.6984816789627075,451,385,63,51
890,32.66817908236492,980,2.0,0.6321892738342285,563,514,92,80
908,32.66817908236492,980,2.0,0.6808815002441406,372,293,47,39
931,32.66817908236492,980,2.0,0.38069236278533936,282,289,41,34
939,32.66817908236492,980,2.0,0.43505725264549255,314,244,30,31
7,32.70151395897958,981,9.0,0.29800593852996826,983,82,36,56
815,32.70151395897958,981,2.0,0.6510437726974487,718,653,131,130
822,32.70151395897958,981,2.0,0.43469560146331787,523,682,116,113
839,32.70151395897958,981,2.0,0.6734503507614136,654,259,51,32
844,32.70151395897958,981,2.0,0.5132753849029541,768,286,48,30
879,32.70151395897958,981,2.0,0.6648895144462585,455,389,64,53
890,32.70151395897958,981,2.0,0.6346269249916077,571,522,93,80
908,32.70151395897958,981,2.0,0.6354544162750244,374,295,47,38
931,32.70151395897958,981,2.0,0.4652560353279114,283,292,43,35
939,32.70151395897958,981,2.0,0.4310297966003418,315,245,31,31
7,32.73484883559424,982,9.0,0.29304003715515137,983,82,36,56
815,32.73484883559424,982,2.0,0.6622128486633301,731,666,135,134
822,32.73484883559424,982,2.0,0.7091424465179443,533,695,119,115
839,32.73484883559424,982,2.0,0.557060182094574,649,258,50,32
844,32.73484883559424,982,2.0,0.44696471095085144,762,284,48,28
879,32.73484883559424,982,2.0,0.719204306602478,460,392,64,53
890,32.73484883559424,982,2.0,0.7827964425086975,579,530,94,84
908,32.73484883559424,982,2.0,0.6808404326438904,376,297,50,40
931,32.73484883559424,982,2.0,0.38308918476104736,285,294,44,36
939,32.73484883559424,982,2.0,0.4861771762371063,316,247,32,30
942,32.73484883559424,982,2.0,0.6143345236778259,247,768,105,78
943,32.73484883559424,982,2.0,0.4231809675693512,248,714,105,79
7,32.7681837122089,983,9.0,0.29140251874923706,983,82,36,56
815,32.7681837122089,983,2.0,0.7507014274597168,746,681,139,138
822,32.7681837122089,983,2.0,0.7825431823730469,540,709,125,120
839,32.7681837122089,983,2.0,0.519124448299408,646,257,49,28
844,32.7681837122089,983,2.0,0.561290442943573,757,282,48,28
879,32.7681837122089,983,2.0,0.7539025545120239,463,397,65,55
890,32.7681837122089,983,2.0,0.7016543745994568,588,537,97,86
908,32.7681837122089,983,2.0,0.5988935828208923,379,298,48,42
931,32.7681837122089,983,2.0,0.34147506952285767,287,296,45,35
939,32.7681837122089,983,2.0,0.46351420879364014,317,249,33,28
942,32.7681837122089,983,2.0,0.6348736882209778,238,768,121,80
943,32.7681837122089,983,2.0,0.42595192790031433,239,714,118,79
7,32.801518588823555,984,9.0,0.2951321005821228,983,82,36,56
815,32.801518588823555,984,2.0,0.654477059841156,762,696,144,142
822,32.801518588823555,984,2.0,0.7561647295951843,550,723,127,123
839,32.801518588823555,984,2.0,0.39139071106910706,642,257,44,27
844,32.801518588823555,984,2.0,0.49558818340301514,753,280,45,27
879,32.801518588823555,984,2.0,0.7231430411338806,468,401,68,57
890,32.801518588823555,984,2.0,0.7073873281478882,596,546,101,87
908,32.801518588823555,984,2.0,0.6226179599761963,382,302,47,38
931,32.801518588823555,984,2.0,0.3177253305912018,290,298,42,33
939,32.801518588823555,984,2.0,0.4571187496185303,317,250,34,27
942,32.801518588823555,984,2.0,0.5709003210067749,228,772,140,83
943,32.801518588823555,984,2.0,0.5222745537757874,229,713,137,74
7,32.834853465438215,985,9.0,0.2845129072666168,983,82,36,55
815,32.834853465438215,985,2.0,0.6425099968910217,778,713,149,144
822,32.834853465438215,985,2.0,0.7988526821136475,560,739,128,128
839,32.834853465438215,985,2.0,0.32771939039230347,638,255,45,26
844,32.834853465438215,985,2.0,0.3937655985355377,748,279,46,27
879,32.834853465438215,985,2.0,0.7576096653938293,472,404,67,58
890,32.834853465438215,985,2.0,0.7676770687103271,604,555,102,91
908,32.834853465438215,985,2.0,0.604686439037323,385,305,46,36
931,32.834853465438215,985,2.0,0.4249609410762787,293,299,36,32
939,32.834853465438215,985,2.0,0.42575231194496155,319,251,33,27
942,32.834853465438215,985,2.0,0.6892135143280029,219,773,157,86
943,32.834853465438215,985,2.0,0.33864396810531616,217,717,153,82
7,32.868188342052875,986,9.0,0.29256826639175415,983,82,36,55
815,32.868188342052875,986,2.0,0.7882500290870667,795,731,154,150
822,32.868188342052875,986,2.0,0.7778138518333435,570,755,131,134
839,32.868188342052875,986,2.0,0.2354697585105896,633,253,43,28
844,32.868188342052875,986,2.0,0.24804826080799103,745,277,45,27
879,32.868188342052875,986,2.0,0.6864370107650757,476,409,67,61
890,32.868188342052875,986,2.0,0.6428130865097046,613,564,103,93
908,32.868188342052875,986,2.0,0.7042694091796875,386,307,47,37
931,32.868188342052875,986,2.0,0.4971788227558136,294,301,35,30
939,32.868188342052875,986,2.0,0.39578285813331604,321,252,34,28
942,32.868188342052875,986,2.0,0.6794472932815552,211,776,174,85
943,32.868188342052875,986,2.0,0.3522398769855499,198,719,156,84
7,32.901523218667535,987,9.0,0.2754482328891754,983,82,36,55
815,32.901523218667535,987,2.0,0.5592559576034546,811,748,159,156
822,32.901523218667535,987,2.0,0.7035886645317078,580,772,134,137
839,32.901523218667535,987,2.0,0.19647906720638275,628,251,47,32
844,32.901523218667535,987,2.0,0.23318685591220856,737,275,47,28
879,32.901523218667535,987,2.0,0.7648382782936096,480,414,68,59
890,32.901523218667535,987,2.0,0.7733703255653381,623,575,106,95
908,32.901523218667535,987,2.0,0.7688420414924622,390,309,47,38
931,32.901523218667535,987,2.0,0.45375585556030273,294,303,35,28
939,32.901523218667535,987,2.0,0.34644171595573425,323,253,36,30
942,32.901523218667535,987,2.0,0.6800775527954102,200,779,192,82
943,32.901523218667535,987,2.0,0.4127333164215088,185,720,172,86
7,32.93485809528219,988,9.0,0.2714287340641022,983,82,36,55
815,32.93485809528219,988,2.0,0.7041533589363098,830,766,164,162
822,32.93485809528219,988,2.0,0.8409066200256348,592,788,139,142
839,32.93485809528219,988,2.0,0.3579687476158142,623,250,48,34
844,32.93485809528219,988,2.0,0.334237277507782,733,274,46,28
879,32.93485809528219,988,2.0,0.6405256390571594,484,421,68,58
890,32.93485809528219,988,2.0,0.7840984463691711,633,585,110,97
908,32.93485809528219,988,2.0,0.7302690148353577,393,311,48,41
931,32.93485809528219,988,2.0,0.5508211851119995,295,304,35,28
939,32.93485809528219,988,2.0,0.30041196942329407,325,254,36,28
942,32.93485809528219,988,2.0,0.7413495779037476,182,780,194,83
943,32.93485809528219,988,2.0,0.3446885347366333,170,721,183,87
946,32.93485809528219,988,2.0,0.7037680149078369,1856,776,124,92
7,32.96819297189685,989,9.0,0.255827397108078,982,81,38,54
815,32.96819297189685,989,2.0,0.7683753967285156,849,786,170,168
822,32.96819297189685,989,2.0,0.8333927989006042,603,807,143,147
839,32.96819297189685,989,2.0,0.3487294018268585,620,249,49,33
844,32.96819297189685,989,2.0,0.37044909596443176,727,273,46,27
879,32.96819297189685,989,2.0,0.723833441734314,489,426,70,60
890,32.96819297189685,989,2.0,0.7812470197677612,643,594,112,100
908,32.96819297189685,989,2.0,0.6908567547798157,396,313,49,43
931,32.96819297189685,989,2.0,0.5596264004707336,296,306,38,30
939,32.96819297189685,989,2.0,0.3442727029323578,326,255,36,28
942,32.96819297189685,989,2.0,0.7017687559127808,165,781,198,85
943,32.96819297189685,989,2.0,0.37459269165992737,155,720,194,86
946,32.96819297189685,989,2.0,0.7985682487487793,1841,772,155,104
7,33.00152784851151,990,9.0,0.27149495482444763,983,81,37,55
815,33.00152784851151,990,2.0,0.8436523079872131,869,808,177,173
822,33.00152784851151,990,2.0,0.7969478964805603,615,827,151,154
839,33.00152784851151,990,2.0,0.3262282609939575,615,247,49,32
844,33.00152784851151,990,2.0,0.45789605379104614,724,271,42,27
879,33.00152784851151,990,2.0,0.7547166347503662,494,431,71,61
890,33.00152784851151,990,2.0,0.6713476777076721,654,605,113,104
908,33.00152784851151,990,2.0,0.6937007308006287,398,315,50,44
931,33.00152784851151,990,2.0,0.5902342796325684,297,308,40,33
939,33.00152784851151,990,2.0,0.3519119918346405,327,257,36,27
942,33.00152784851151,990,2.0,0.6711456775665283,147,781,199,85
943,33.00152784851151,990,2.0,0.37603822350502014,139,722,200,84
946,33.00152784851151,990,2.0,0.8331504464149475,1822,757,193,106
7,33.03486272512617,991,9.0,0.27334436774253845,983,82,37,55
815,33.03486272512617,991,2.0,0.7479472756385803,890,829,183,180
822,33.03486272512617,991,2.0,0.8451833724975586,628,846,155,161
839,33.03486272512617,991,2.0,0.2106180340051651,611,245,51,30
844,33.03486272512617,991,2.0,0.5241570472717285,718,268,46,27
879,33.03486272512617,991,2.0,0.7192382216453552,499,435,71,63
890,33.03486272512617,991,2.0,0.6668239831924438,665,616,114,107
908,33.03486272512617,991,2.0,0.7274177670478821,400,317,52,46
931,33.03486272512617,991,2.0,0.6981606483459473,299,311,42,36
939,33.03486272512617,991,2.0,0.4107975661754608,328,257,36,27
942,33.03486272512617,991,2.0,0.6890044808387756,127,782,203,90
943,33.03486272512617,991,2.0,0.4060201346874237,118,726,200,90
946,33.03486272512617,991,2.0,0.8403529524803162,1794,738,213,104
7,33.06819760174082,992,9.0,0.28044718503952026,983,82,36,55
815,33.06819760174082,992,2.0,0.8568028807640076,914,852,191,187
822,33.06819760174082,992,2.0,0.8449122905731201,641,868,159,170
839,33.06819760174082,992,2.0,0.2445458322763443,607,243,47,29
844,33.06819760174082,992,2.0,0.4128965139389038,714,266,43,29
879,33.06819760174082,992,2.0,0.8013834357261658,504,441,73,64
890,33.06819760174082,992,2.0,0.7763296365737915,677,628,121,109
908,33.06819760174082,992,2.0,0.660197377204895,402,320,51,45
931,33.06819760174082,992,2.0,0.6739576458930969,300,314,43,37
939,33.06819760174082,992,2.0,0.47555819153785706,330,259,36,27
942,33.06819760174082,992,2.0,0.6623749732971191,109,786,201,92
943,33.06819760174082,992,2.0,0.12763521075248718,104,731,201,97
946,33.06819760174082,992,2.0,0.8315003514289856,1756,720,213,100
7,33.10153247835548,993,9.0,0.2927382290363312,983,82,36,55
815,33.10153247835548,993,2.0,0.8067680597305298,937,876,199,194
822,33.10153247835548,993,2.0,0.768334150314331,652,888,161,172
839,33.10153247835548,993,2.0,0.383119136095047,604,242,43,28
844,33.10153247835548,993,2.0,0.6122768521308899,709,263,44,26
879,33.10153247835548,993,2.0,0.7516244649887085,508,448,74,63
890,33.10153247835548,993,2.0,0.8330842852592468,689,640,126,111
908,33.10153247835548,993,2.0,0.6781363487243652,405,322,50,46
931,33.10153247835548,993,2.0,0.4914935827255249,301,317,45,38
939,33.10153247835548,993,2.0,0.4218711256980896,332,260,35,27
942,33.10153247835548,993,2.0,0.5705491304397583,98,788,196,92
943,33.10153247835548,993,2.0,0.1719159036874771,94,732,188,92
946,33.10153247835548,993,2.0,0.8550447225570679,1720,704,207,97
7,33.13486735497014,994,9.0,0.28958529233932495,982,82,36,55
815,33.13486735497014,994,2.0,0.874035656452179,963,900,207,199
822,33.13486735497014,994,2.0,0.3941713571548462,663,905,163,169
839,33.13486735497014,994,2.0,0.22182394564151764,602,240,42,28
844,33.13486735497014,994,2.0,0.41237252950668335,706,263,38,26
879,33.13486735497014,994,2.0,0.7021504044532776,514,453,76,64
890,33.13486735497014,994,2.0,0.8065435886383057,701,653,128,116
908,33.13486735497014,994,2.0,0.6516385078430176,408,324,48,46
931,33.13486735497014,994,2.0,0.42601606249809265,303,319,45,39
939,33.13486735497014,994,2.0,0.4789867401123047,335,263,35,32
942,33.13486735497014,994,2.0,0.6702732443809509,88,789,177,85
943,33.13486735497014,994,2.0,0.21546702086925507,87,745,175,114
946,33.13486735497014,994,2.0,0.8498963713645935,1681,688,202,94
7,33.1682022315848,995,9.0,0.29807397723197937,982,82,36,55
815,33.1682022315848,995,2.0,0.8126267194747925,990,919,215,190
822,33.1682022315848,995,2.0,0.7242562770843506,691,933,194,184
839,33.1682022315848,995,2.0,0.241867795586586,599,238,39,29
844,33.1682022315848,995,2.0,0.5444018840789795,701,262,41,23
879,33.1682022315848,995,2.0,0.7634691596031189,520,458,77,64
890,33.1682022315848,995,2.0,0.8114086389541626,715,667,132,119
908,33.1682022315848,995,2.0,0.5997117757797241,411,327,50,48
931,33.1682022315848,995,2.0,0.3940187990665436,305,322,47,38
939,33.1682022315848,995,2.0,0.5595004558563232,336,265,35,33
942,33.1682022315848,995,2.0,0.6384256482124329,79,787,159,81
943,33.1682022315848,995,2.0,0.3908027410507202,80,760,160,115
946,33.1682022315848,995,2.0,0.841908872127533,1646,672,194,88
7,33.20153710819945,996,9.0,0.29380640387535095,983,82,36,55
815,33.20153710819945,996,2.0,0.7686623334884644,1018,950,225,205
822,33.20153710819945,996,2.0,0.7612664103507996,706,959,200,196
839,33.20153710819945,996,2.0,0.2370891273021698,593,236,40,29
844,33.20153710819945,996,2.0,0.4075889587402344,698,260,39,25
879,33.20153710819945,996,2.0,0.8006095290184021,525,464,78,66
890,33.20153710819945,996,2.0,0.8089420795440674,729,680,137,124
908,33.20153710819945,996,2.0,0.7231281399726868,415,330,55,51
931,33.20153710819945,996,2.0,0.4054830074310303,307,324,48,38
939,33.20153710819945,996,2.0,0.6226381063461304,338,268,35,33
942,33.20153710819945,996,2.0,0.6606816053390503,71,785,142,82
943,33.20153710819945,996,2.0,0.14324508607387543,71,764,142,123
946,33.20153710819945,996,2.0,0.854132354259491,1611,659,187,85
7,33.23487198481411,997,9.0,0.2969036400318146,983,82,36,55
815,33.23487198481411,997,2.0,0.7430748343467712,1048,974,236,202
822,33.23487198481411,997,2.0,0.77215975522995,718,980,200,195
839,33.23487198481411,997,2.0,0.4516507685184479,589,234,42,28
844,33.23487198481411,997,2.0,0.5168522000312805,692,258,43,25
879,33.23487198481411,997,2.0,0.792213499546051,531,471,77,66
890,33.23487198481411,997,2.0,0.8290215730667114,743,694,139,126
908,33.23487198481411,997,2.0,0.708143413066864,418,333,59,51
931,33.23487198481411,997,2.0,0.4214104413986206,311,327,45,33
939,33.23487198481411,997,2.0,0.6624747514724731,339,269,36,34
942,33.23487198481411,997,2.0,0.46789422631263733,61,787,123,81
943,33.23487198481411,997,2.0,0.17661230266094208,61,764,123,133
946,33.23487198481411,997,2.0,0.8022426962852478,1580,645,177,81
7,33.26820686142877,998,9.0,0.29678261280059814,983,82,36,55
815,33.26820686142877,998,2.0,0.6713152527809143,1078,990,243,179
822,33.26820686142877,998,2.0,0.617676854133606,724,984,193,156
839,33.26820686142877,998,2.0,0.35844624042510986,586,233,43,28
844,33.26820686142877,998,2.0,0.5289668440818787,688,256,41,25
879,33.26820686142877,998,2.0,0.7338894009590149,537,478,81,67
890,33.26820686142877,998,2.0,0.6019356846809387,758,709,144,131
908,33.26820686142877,998,2.0,0.7297005653381348,421,336,58,52
931,33.26820686142877,998,2.0,0.4374177157878876,311,329,47,36
939,33.26820686142877,998,2.0,0.7159963846206665,341,270,36,34
942,33.26820686142877,998,2.0,0.524095892906189,51,781,103,93
946,33.26820686142877,998,2.0,0.8082555532455444,1548,631,169,81
7,33.301541738043426,999,9.0,0.31516799330711365,983,82,36,55
815,33.301541738043426,999,2.0,0.6136174201965332,1103,1004,236,150
822,33.301541738043426,999,2.0,0.6697022318840027,730,1004,204,146
839,33.301541738043426,999,2.0,0.39051035046577454,583,233,42,28
844,33.301541738043426,999,2.0,0.5043121576309204,684,255,39,24
879,33.301541738043426,999,2.0,0.8128500580787659,544,484,81,68
890,33.301541738043426,999,2.0,0.8412907719612122,775,726,148,134
908,33.301541738043426,999,2.0,0.7451539635658264,423,338,57,54
931,33.301541738043426,999,2.0,0.5995680689811707,312,333,47,41
939,33.301541738043426,999,2.0,0.5929372906684875,342,273,37,33
942,33.301541738043426,999,2.0,0.5788388252258301,41,783,82,98
946,33.301541738043426,999,2.0,0.8202097415924072,1519,619,164,79
943,33.301541738043426,999,2.0,0.43823596835136414,42,766,85,138
7,33.334876614658086,1000,9.0,0.29381629824638367,983,82,36,55
815,33.334876614658086,1000,2.0,0.37026074528694153,1131,1019,223,121
839,33.334876614658086,1000,2.0,0.2696930170059204,579,232,41,27
844,33.334876614658086,1000,2.0,0.5197502970695496,682,254,39,24
879,33.334876614658086,1000,2.0,0.824504554271698,551,491,83,71
890,33.334876614658086,1000,2.0,0.7749423384666443,791,742,153,140
908,33.334876614658086,1000,2.0,0.7653526663780212,427,342,59,53
931,33.334876614658086,1000,2.0,0.6166157126426697,313,335,48,44
939,33.334876614658086,1000,2.0,0.5685814619064331,343,274,37,33
942,33.334876614658086,1000,2.0,0.6762247681617737,30,789,61,88
946,33.334876614658086,1000,2.0,0.8435144424438477,1490,607,162,76
943,33.334876614658086,1000,2.0,0.17709898948669434,32,769,64,132
7,33.368211491272746,1001,9.0,0.2988305687904358,983,82,36,55
839,33.368211491272746,1001,2.0,0.31493112444877625,575,232,40,27
844,33.368211491272746,1001,2.0,0.34954747557640076,679,254,34,24
879,33.368211491272746,1001,2.0,0.7708180546760559,557,498,84,72
890,33.368211491272746,1001,2.0,0.7835645079612732,807,759,158,144
908,33.368211491272746,1001,2.0,0.7927581667900085,430,345,61,52
931,33.368211491272746,1001,2.0,0.5209563970565796,314,338,47,43
939,33.368211491272746,1001,2.0,0.43635159730911255,345,276,40,33
942,33.368211491272746,1001,2.0,0.6761192679405212,23,792,46,81
946,33.368211491272746,1001,2.0,0.7636083960533142,1464,595,154,76
935,33.368211491272746,1001,2.0,0.6433699727058411,1168,1037,161,84
7,33.401546367887406,1002,9.0,0.2821803689002991,983,82,36,55
839,33.401546367887406,1002,2.0,0.15715087950229645,572,231,41,28
844,33.401546367887406,1002,2.0,0.24646958708763123,675,254,37,25
879,33.401546367887406,1002,2.0,0.7412135004997253,564,505,88,74
890,33.401546367887406,1002,2.0,0.843779981136322,826,777,163,148
908,33.401546367887406,1002,2.0,0.76792973279953,433,348,61,53
931,33.401546367887406,1002,2.0,0.48992079496383667,317,341,47,40
939,33.401546367887406,1002,2.0,0.5580934882164001,347,277,38,30
942,33.401546367887406,1002,2.0,0.3648580014705658,12,794,24,76
946,33.401546367887406,1002,2.0,0.8293507099151611,1438,583,154,76
935,33.401546367887406,1002,2.0,0.5332728624343872,1171,1049,155,61
822,33.401546367887406,1002,2.0,0.6534457206726074,787,1045,173,68
7,33.43488124450206,1003,9.0,0.26220595836639404,983,82,36,55
839,33.43488124450206,1003,2.0,0.1140526533126831,570,230,40,28
844,33.43488124450206,1003,2.0,0.1817348450422287,671,254,37,24
879,33.43488124450206,1003,2.0,0.7911106944084167,570,512,87,76
890,33.43488124450206,1003,2.0,0.8381277918815613,845,795,169,153
908,33.43488124450206,1003,2.0,0.7275304794311523,437,352,61,55
931,33.43488124450206,1003,2.0,0.6591727137565613,320,344,47,40
939,33.43488124450206,1003,2.0,0.6479145884513855,349,279,40,29
946,33.43488124450206,1003,2.0,0.7959725260734558,1411,572,148,73
7,33.46821612111672,1004,9.0,0.27838170528411865,983,82,36,55
839,33.46821612111672,1004,2.0,0.10372757166624069,567,229,40,28
879,33.46821612111672,1004,2.0,0.8019731044769287,578,521,90,76
890,33.46821612111672,1004,2.0,0.8363969326019287,864,816,175,157
908,33.46821612111672,1004,2.0,0.6846606731414795,440,356,61,55
931,33.46821612111672,1004,2.0,0.8001256585121155,322,345,47,42
939,33.46821612111672,1004,2.0,0.6350772380828857,351,280,40,30
946,33.46821612111672,1004,2.0,0.8304263353347778,1387,561,143,70
7,33.50155099773138,1005,9.0,0.2790970206260681,983,82,36,55
879,33.50155099773138,1005,2.0,0.7909626960754395,586,529,93,79
890,33.50155099773138,1005,2.0,0.8198830485343933,886,836,180,165
908,33.50155099773138,1005,2.0,0.7034875750541687,443,359,61,55
931,33.50155099773138,1005,2.0,0.7641719579696655,324,348,47,42
939,33.50155099773138,1005,2.0,0.6403782367706299,353,283,41,31
946,33.50155099773138,1005,2.0,0.7948288917541504,1365,552,139,67
7,33.53488587434604,1006,9.0,0.30260196328163147,983,82,36,55
879,33.53488587434604,1006,2.0,0.8090965151786804,593,537,99,82
890,33.53488587434604,1006,2.0,0.8089566826820374,908,858,186,172
908,33.53488587434604,1006,2.0,0.7535285353660583,447,364,60,54
931,33.53488587434604,1006,2.0,0.8043772578239441,325,352,47,39
939,33.53488587434604,1006,2.0,0.5481368899345398,356,286,41,33
946,33.53488587434604,1006,2.0,0.7868850827217102,1342,543,133,68
844,33.53488587434604,1006,2.0,0.3349696099758148,657,248,35,23
7,33.56822075096069,1007,9.0,0.3075023591518402,983,82,36,55
879,33.56822075096069,1007,2.0,0.7547894716262817,601,545,101,84
890,33.56822075096069,1007,2.0,0.8599131107330322,931,882,194,179
908,33.56822075096069,1007,2.0,0.6874285936355591,451,366,61,56
931,33.56822075096069,1007,2.0,0.8214971423149109,326,356,50,42
939,33.56822075096069,1007,2.0,0.5174065828323364,357,288,38,34
946,33.56822075096069,1007,2.0,0.8079043030738831,1319,534,132,66
844,33.56822075096069,1007,2.0,0.34928035736083984,654,246,33,21
7,33.60155562757535,1008,9.0,0.2976435422897339,983,82,37,55
879,33.60155562757535,1008,2.0,0.7864540219306946,609,554,102,85
890,33.60155562757535,1008,2.0,0.8252177834510803,956,906,201,185
908,33.60155562757535,1008,2.0,0.717530369758606,455,369,65,58
931,33.60155562757535,1008,2.0,0.821172833442688,328,359,53,45
939,33.60155562757535,1008,2.0,0.5850791335105896,358,291,40,35
946,33.60155562757535,1008,2.0,0.8028114438056946,1299,525,129,64
844,33.60155562757535,1008,2.0,0.1389942616224289,651,244,30,22
7,33.63489050419001,1009,9.0,0.29584699869155884,983,82,37,55
879,33.63489050419001,1009,2.0,0.7843722701072693,618,564,104,89
890,33.63489050419001,1009,2.0,0.8492889404296875,981,923,210,178
908,33.63489050419001,1009,2.0,0.7558090090751648,459,373,67,60
931,33.63489050419001,1009,2.0,0.7894011735916138,331,361,53,46
939,33.63489050419001,1009,2.0,0.6091129779815674,361,292,42,39
946,33.63489050419001,1009,2.0,0.8261179327964783,1279,516,127,64
7,33.66822538080467,1010,9.0,0.2894187569618225,982,81,38,53
879,33.66822538080467,1010,2.0,0.7924320697784424,627,573,107,91
890,33.66822538080467,1010,2.0,0.6956921219825745,1006,949,214,183
908,33.66822538080467,1010,2.0,0.6916487216949463,464,376,67,60
931,33.66822538080467,1010,2.0,0.8116820454597473,333,365,54,48
939,33.66822538080467,1010,2.0,0.6572557687759399,363,294,44,39
946,33.66822538080467,1010,2.0,0.7986305356025696,1260,508,122,61
7,33.701560257419324,1011,9.0,0.2764575481414795,982,81,39,53
879,33.701560257419324,1011,2.0,0.8109899163246155,636,583,110,93
890,33.701560257419324,1011,2.0,0.6190813779830933,1038,977,232,188
908,33.701560257419324,1011,2.0,0.7532814741134644,467,379,69,62
931,33.701560257419324,1011,2.0,0.8179689049720764,335,369,51,47
939,33.701560257419324,1011,2.0,0.6627212166786194,365,296,45,41
946,33.701560257419324,1011,2.0,0.669753909111023,1240,500,118,59
7,33.734895134033984,1012,9.0,0.2645598351955414,982,81,39,53
879,33.734895134033984,1012,2.0,0.8228710889816284,646,593,113,94
890,33.734895134033984,1012,2.0,0.65994793176651,1068,993,243,172
908,33.734895134033984,1012,2.0,0.7088605165481567,472,384,69,62
931,33.734895134033984,1012,2.0,0.83454430103302,338,372,54,46
939,33.734895134033984,1012,2.0,0.6278088092803955,367,298,44,41
946,33.734895134033984,1012,2.0,0.7939881086349487,1221,491,116,59
7,33.768230010648644,1013,9.0,0.2639234960079193,982,81,39,53
879,33.768230010648644,1013,2.0,0.7872071266174316,655,603,114,98
890,33.768230010648644,1013,2.0,0.4559079706668854,1091,1007,236,145
908,33.768230010648644,1013,2.0,0.6521010398864746,476,390,69,65
931,33.768230010648644,1013,2.0,0.8074883222579956,339,377,54,47
939,33.768230010648644,1013,2.0,0.5639221668243408,368,300,45,41
946,33.768230010648644,1013,2.0,0.7411664724349976,1203,484,116,59
7,33.801564887263304,1014,9.0,0.25210919976234436,982,82,37,54
879,33.801564887263304,1014,2.0,0.732559323310852,666,615,116,101
890,33.801564887263304,1014,2.0,0.41269999742507935,1120,1022,219,115
908,33.801564887263304,1014,2.0,0.7448733448982239,480,393,70,66
931,33.801564887263304,1014,2.0,0.8345310091972351,341,381,56,49
939,33.801564887263304,1014,2.0,0.6926606297492981,371,304,47,39
946,33.801564887263304,1014,2.0,0.7712438702583313,1187,476,111,58
7,33.83489976387796,1015,9.0,0.2571728825569153,982,82,37,55
879,33.83489976387796,1015,2.0,0.8115960955619812,677,625,120,104
908,33.83489976387796,1015,2.0,0.7561135292053223,483,397,72,66
931,33.83489976387796,1015,2.0,0.7063955664634705,344,384,56,49
939,33.83489976387796,1015,2.0,0.742407500743866,374,306,47,38
946,33.83489976387796,1015,2.0,0.8230182528495789,1170,470,111,57
7,33.86823464049262,1016,9.0,0.2527700364589691,982,82,36,55
879,33.86823464049262,1016,2.0,0.809746503829956,688,636,124,106
908,33.86823464049262,1016,2.0,0.7961814999580383,487,401,74,67
931,33.86823464049262,1016,2.0,0.7218190431594849,347,387,56,50
939,33.86823464049262,1016,2.0,0.7496516108512878,376,308,48,38
946,33.86823464049262,1016,2.0,0.7819863557815552,1154,463,106,57
935,33.86823464049262,1016,2.0,0.3885190188884735,1172,1055,154,48
7,33.901569517107276,1017,9.0,0.2608461380004883,982,82,36,55
879,33.901569517107276,1017,2.0,0.8477259874343872,700,648,126,110
908,33.901569517107276,1017,2.0,0.6507293581962585,493,405,74,68
931,33.901569517107276,1017,2.0,0.8360544443130493,350,390,54,51
939,33.901569517107276,1017,2.0,0.6859997510910034,379,311,46,39
946,33.901569517107276,1017,2.0,0.722408652305603,1138,456,104,56
7,33.934904393721936,1018,9.0,0.2545458972454071,982,82,36,55
879,33.934904393721936,1018,2.0,0.8120598196983337,713,661,131,113
908,33.934904393721936,1018,2.0,0.6653774380683899,498,412,73,66
931,33.934904393721936,1018,2.0,0.758431613445282,353,394,55,50
939,33.934904393721936,1018,2.0,0.6401232481002808,384,314,48,40
946,33.934904393721936,1018,2.0,0.7316480278968811,1122,450,103,54
7,33.96823927033659,1019,9.0,0.23619520664215088,982,82,36,55
879,33.96823927033659,1019,2.0,0.8438004851341248,725,675,134,115
908,33.96823927033659,1019,2.0,0.786052405834198,503,418,75,68
931,33.96823927033659,1019,2.0,0.7234392762184143,355,399,57,51
939,33.96823927033659,1019,2.0,0.7594935894012451,386,317,49,40
946,33.96823927033659,1019,2.0,0.81114661693573,1107,443,101,56
7,34.00157414695125,1020,9.0,0.2257528156042099,982,82,36,55
879,34.00157414695125,1020,2.0,0.8656150698661804,737,689,137,119
908,34.00157414695125,1020,2.0,0.7604265809059143,507,422,75,70
931,34.00157414695125,1020,2.0,0.7496390342712402,358,404,58,51
939,34.00157414695125,1020,2.0,0.7711635828018188,389,319,50,42
946,34.00157414695125,1020,2.0,0.6946879029273987,1092,436,100,55
7,34.03490902356591,1021,9.0,0.24920928478240967,982,82,36,55
879,34.03490902356591,1021,2.0,0.8223037123680115,752,702,142,123
908,34.03490902356591,1021,2.0,0.7269924879074097,512,427,78,72
931,34.03490902356591,1021,2.0,0.6663278341293335,360,408,59,51
939,34.03490902356591,1021,2.0,0.8214835524559021,391,321,50,44
946,34.03490902356591,1021,2.0,0.6852248311042786,1079,431,97,54
7,34.06824390018056,1022,9.0,0.2609134316444397,982,82,36,55
879,34.06824390018056,1022,2.0,0.8218867778778076,766,717,146,126
908,34.06824390018056,1022,2.0,0.6626235842704773,517,430,80,75
931,34.06824390018056,1022,2.0,0.755431056022644,363,412,59,54
939,34.06824390018056,1022,2.0,0.7624390721321106,394,323,51,45
946,34.06824390018056,1022,2.0,0.7332525253295898,1065,426,94,51
7,34.10157877679522,1023,9.0,0.2843925654888153,982,82,36,55
879,34.10157877679522,1023,2.0,0.8665890693664551,781,733,151,132
908,34.10157877679522,1023,2.0,0.7700682282447815,523,437,80,77
931,34.10157877679522,1023,2.0,0.8165015578269958,365,415,60,55
939,34.10157877679522,1023,2.0,0.7011165022850037,396,326,51,43
946,34.10157877679522,1023,2.0,0.690865695476532,1051,421,95,50
7,34.13491365340988,1024,9.0,0.29732486605644226,982,82,36,55
879,34.13491365340988,1024,2.0,0.8215354681015015,798,749,157,136
908,34.13491365340988,1024,2.0,0.8071165680885315,529,442,82,78
931,34.13491365340988,1024,2.0,0.839562177658081,367,421,62,58
939,34.13491365340988,1024,2.0,0.6932644844055176,399,330,53,42
946,34.13491365340988,1024,2.0,0.7092518210411072,1037,416,93,51
7,34.16824853002454,1025,9.0,0.28399717807769775,982,82,36,55
879,34.16824853002454,1025,2.0,0.8143133521080017,813,767,162,140
908,34.16824853002454,1025,2.0,0.6920908689498901,534,447,82,81
931,34.16824853002454,1025,2.0,0.8103976249694824,370,427,63,58
939,34.16824853002454,1025,2.0,0.7023988962173462,400,333,52,44
946,34.16824853002454,1025,2.0,0.7513056397438049,1025,410,87,50
7,34.201583406639195,1026,9.0,0.28341731429100037,982,82,36,55
879,34.201583406639195,1026,2.0,0.8138283491134644,831,785,164,145
908,34.201583406639195,1026,2.0,0.7073355913162231,540,454,84,80
931,34.201583406639195,1026,2.0,0.8033803701400757,374,432,63,58
939,34.201583406639195,1026,2.0,0.7025080919265747,404,336,52,44
946,34.201583406639195,1026,2.0,0.7682810425758362,1012,405,87,48
7,34.234918283253855,1027,9.0,0.2865317463874817,982,82,36,55
879,34.234918283253855,1027,2.0,0.832027792930603,849,802,170,149
908,34.234918283253855,1027,2.0,0.7347385287284851,547,461,86,81
931,34.234918283253855,1027,2.0,0.8461989760398865,379,436,64,60
939,34.234918283253855,1027,2.0,0.6623201370239258,407,339,49,46
946,34.234918283253855,1027,2.0,0.758727490901947,1000,400,85,49
957,34.234918283253855,1027,2.0,0.5454567074775696,263,774,74,74
7,34.268253159868515,1028,9.0,0.29871147871017456,982,82,36,55
879,34.268253159868515,1028,2.0,0.8316458463668823,867,822,177,155
908,34.268253159868515,1028,2.0,0.7159760594367981,554,468,88,80
931,34.268253159868515,1028,2.0,0.7964250445365906,382,440,64,61
939,34.268253159868515,1028,2.0,0.724998414516449,411,342,50,49
946,34.268253159868515,1028,2.0,0.7129936814308167,989,396,83,46
957,34.268253159868515,1028,2.0,0.6230499148368835,255,776,90,76
7,34.301588036483174,1029,9.0,0.29998302459716797,982,82,36,54
879,34.301588036483174,1029,2.0,0.8212845921516418,887,842,183,161
908,34.301588036483174,1029,2.0,0.6666945219039917,561,474,88,82
931,34.301588036483174,1029,2.0,0.8311574459075928,385,445,63,61
939,34.301588036483174,1029,2.0,0.7416638135910034,413,345,53,48
946,34.301588036483174,1029,2.0,0.6281697750091553,976,389,83,48
957,34.301588036483174,1029,2.0,0.7681062817573547,246,777,106,74
7,34.33492291309783,1030,9.0,0.29855507612228394,982,82,36,54
879,34.33492291309783,1030,2.0,0.8433315753936768,908,863,188,169
908,34.33492291309783,1030,2.0,0.720035970211029,566,480,92,86
931,34.33492291309783,1030,2.0,0.8036092519760132,389,452,66,61
939,34.33492291309783,1030,2.0,0.7657314538955688,418,348,55,48
946,34.33492291309783,1030,2.0,0.5842100381851196,965,384,84,52
957,34.33492291309783,1030,2.0,0.7534157633781433,236,777,124,75
7,34.36825778971249,1031,9.0,0.2991681694984436,982,82,36,55
879,34.36825778971249,1031,2.0,0.8642827868461609,930,886,197,175
908,34.36825778971249,1031,2.0,0.7230371832847595,574,487,93,88
931,34.36825778971249,1031,2.0,0.8020325899124146,393,457,66,60
939,34.36825778971249,1031,2.0,0.7990460395812988,421,350,54,50
946,34.36825778971249,1031,2.0,0.6743471026420593,954,380,81,49
957,34.36825778971249,1031,2.0,0.7574474811553955,224,777,137,72
7,34.40159266632715,1032,9.0,0.28830447793006897,982,82,36,55
879,34.40159266632715,1032,2.0,0.8304842114448547,953,909,203,181
908,34.40159266632715,1032,2.0,0.5894267559051514,580,494,95,90
931,34.40159266632715,1032,2.0,0.76080721616745,395,463,67,62
939,34.40159266632715,1032,2.0,0.772490918636322,425,354,57,52
946,34.40159266632715,1032,2.0,0.7376309037208557,943,376,80,48
957,34.40159266632715,1032,2.0,0.7724788784980774,205,779,139,73
7,34.43492754294181,1033,9.0,0.29358363151550293,982,82,36,55
879,34.43492754294181,1033,2.0,0.8310273885726929,977,926,210,173
908,34.43492754294181,1033,2.0,0.7368707656860352,587,501,97,92
931,34.43492754294181,1033,2.0,0.7316029071807861,399,469,69,64
939,34.43492754294181,1033,2.0,0.8131565451622009,427,358,57,52
946,34.43492754294181,1033,2.0,0.7028085589408875,933,373,77,50
957,34.43492754294181,1033,2.0,0.7680033445358276,187,781,143,75
7,34.46826241955646,1034,9.0,0.2866341173648834,982,82,36,55
879,34.46826241955646,1034,2.0,0.7862392067909241,1002,953,220,183
908,34.46826241955646,1034,2.0,0.7407351732254028,594,508,100,94
931,34.46826241955646,1034,2.0,0.7185426950454712,405,475,70,63
939,34.46826241955646,1034,2.0,0.7609195113182068,430,362,58,53
946,34.46826241955646,1034,2.0,0.6377761960029602,924,368,76,49
957,34.46826241955646,1034,2.0,0.7600513100624084,169,783,148,74
7,34.50159729617112,1035,9.0,0.27889519929885864,982,82,36,55
879,34.50159729617112,1035,2.0,0.5630663633346558,1021,978,241,187
908,34.50159729617112,1035,2.0,0.6082395911216736,603,516,102,96
931,34.50159729617112,1035,2.0,0.7529479265213013,409,482,69,62
939,34.50159729617112,1035,2.0,0.7886161208152771,433,365,56,54
946,34.50159729617112,1035,2.0,0.7172566056251526,914,364,74,48
957,34.50159729617112,1035,2.0,0.7857279181480408,151,786,146,75
7,34.53493217278578,1036,9.0,0.2867431044578552,982,82,36,55
879,34.53493217278578,1036,2.0,0.4474848210811615,1060,993,252,172
908,34.53493217278578,1036,2.0,0.7571890950202942,612,525,103,97
931,34.53493217278578,1036,2.0,0.8110972046852112,413,489,71,66
939,34.53493217278578,1036,2.0,0.8541038036346436,437,368,58,54
946,34.53493217278578,1036,2.0,0.6750656366348267,905,361,74,46
957,34.53493217278578,1036,2.0,0.7946084141731262,131,788,146,76
7,34.56826704940044,1037,9.0,0.2870057225227356,982,82,36,55
879,34.56826704940044,1037,2.0,0.45507022738456726,1054,1006,303,146
908,34.56826704940044,1037,2.0,0.6596704721450806,619,534,107,100
931,34.56826704940044,1037,2.0,0.7780489325523376,417,494,73,70
939,34.56826704940044,1037,2.0,0.8382750749588013,441,372,58,54
946,34.56826704940044,1037,2.0,0.7343379855155945,895,358,76,42
957,34.56826704940044,1037,2.0,0.8310546875,112,791,150,79
7,34.60160192601509,1038,9.0,0.29038819670677185,982,82,36,55
879,34.60160192601509,1038,2.0,0.3632687032222748,1055,1020,326,119
908,34.60160192601509,1038,2.0,0.7749659419059753,629,543,110,103
931,34.60160192601509,1038,2.0,0.7572485208511353,422,501,75,71
939,34.60160192601509,1038,2.0,0.7591671347618103,444,377,57,54
946,34.60160192601509,1038,2.0,0.7242736220359802,886,354,72,41
957,34.60160192601509,1038,2.0,0.859034538269043,93,794,151,78
7,34.63493680262975,1039,9.0,0.28188470005989075,982,82,36,55
879,34.63493680262975,1039,2.0,0.2482374906539917,1058,1033,343,93
908,34.63493680262975,1039,2.0,0.6894636750221252,637,551,113,106
931,34.63493680262975,1039,2.0,0.7916879057884216,426,508,75,73
939,34.63493680262975,1039,2.0,0.781100332736969,449,381,59,52
946,34.63493680262975,1039,2.0,0.71492999792099,877,351,69,39
957,34.63493680262975,1039,2.0,0.8095014095306396,75,795,148,78
7,34.66827167924441,1040,9.0,0.2924099862575531,982,82,36,55
879,34.66827167924441,1040,2.0,0.15125256776809692,1061,1038,357,83
908,34.66827167924441,1040,2.0,0.7113933563232422,646,561,115,109
931,34.66827167924441,1040,2.0,0.7126145958900452,430,515,76,74
939,34.66827167924441,1040,2.0,0.7660214900970459,453,385,62,54
946,34.66827167924441,1040,2.0,0.6438009738922119,868,348,68,42
957,34.66827167924441,1040,2.0,0.7602062225341797,64,796,129,76
7,34.701606555859065,1041,9.0,0.29930534958839417,982,82,36,55
908,34.701606555859065,1041,2.0,0.7692925930023193,657,571,117,111
931,34.701606555859065,1041,2.0,0.7268205881118774,435,522,77,76
939,34.701606555859065,1041,2.0,0.8066726922988892,457,388,62,56
946,34.701606555859065,1041,2.0,0.659294843673706,858,345,67,40
957,34.701606555859065,1041,2.0,0.7698575258255005,55,798,111,77
7,34.734941432473725,1042,9.0,0.28632354736328125,982,82,36,55
908,34.734941432473725,1042,2.0,0.6713607311248779,667,580,121,111
931,34.734941432473725,1042,2.0,0.7655695080757141,439,530,77,79
939,34.734941432473725,1042,2.0,0.8227812051773071,461,393,62,58
946,34.734941432473725,1042,2.0,0.5831890106201172,850,341,65,40
957,34.734941432473725,1042,2.0,0.6431531310081482,45,801,91,76
7,34.768276309088385,1043,9.0,0.27877727150917053,982,82,36,54
908,34.768276309088385,1043,2.0,0.827471137046814,677,590,124,115
931,34.768276309088385,1043,2.0,0.8042022585868835,444,538,80,79
939,34.768276309088385,1043,2.0,0.7910647988319397,465,398,63,60
946,34.768276309088385,1043,2.0,0.6163352727890015,841,338,66,42
957,34.768276309088385,1043,2.0,0.5532854199409485,35,801,71,75
7,34.801611185703045,1044,9.0,0.28629571199417114,982,82,36,55
908,34.801611185703045,1044,2.0,0.7320173382759094,688,601,128,120
931,34.801611185703045,1044,2.0,0.7929331660270691,450,546,82,80
939,34.801611185703045,1044,2.0,0.821037769317627,470,403,66,59
946,34.801611185703045,1044,2.0,0.7089057564735413,834,334,65,40
957,34.801611185703045,1044,2.0,0.6381075382232666,26,803,52,74
7,34.8349460623177,1045,9.0,0.27915459871292114,982,82,36,55
908,34.8349460623177,1045,2.0,0.8216575980186462,699,612,131,126
931,34.8349460623177,1045,2.0,0.8123357892036438,456,553,86,85
939,34.8349460623177,1045,2.0,0.7800341248512268,474,406,66,61
946,34.8349460623177,1045,2.0,0.7555055618286133,826,331,64,41
7,34.86828093893236,1046,9.0,0.24458391964435577,982,82,36,55
908,34.86828093893236,1046,2.0,0.6772406101226807,711,624,137,130
931,34.86828093893236,1046,2.0,0.7990280389785767,461,561,89,87
939,34.86828093893236,1046,2.0,0.7989318370819092,478,411,67,63
946,34.86828093893236,1046,2.0,0.7542001605033875,818,328,64,43
7,34.90161581554702,1047,9.0,0.26138854026794434,982,82,36,55
908,34.90161581554702,1047,2.0,0.7805106043815613,724,636,141,134
931,34.90161581554702,1047,2.0,0.6939312815666199,467,571,90,89
939,34.90161581554702,1047,2.0,0.7411368489265442,482,417,68,64
946,34.90161581554702,1047,2.0,0.6355900764465332,811,326,64,45
7,34.93495069216168,1048,9.0,0.26080235838890076,982,82,36,55
908,34.93495069216168,1048,2.0,0.6619875431060791,737,649,145,137
931,34.93495069216168,1048,2.0,0.7039890289306641,473,582,91,90
939,34.93495069216168,1048,2.0,0.733493447303772,487,423,67,64
946,34.93495069216168,1048,2.0,0.6122922301292419,804,323,63,43
7,34.96828556877633,1049,9.0,0.2555539011955261,982,82,36,55
908,34.96828556877633,1049,2.0,0.7711923718452454,750,661,149,139
931,34.96828556877633,1049,2.0,0.7569046020507812,479,591,97,91
939,34.96828556877633,1049,2.0,0.8131290078163147,492,427,70,64
946,34.96828556877633,1049,2.0,0.5516390800476074,797,320,61,41
7,35.00162044539099,1050,9.0,0.27342677116394043,982,82,36,55
908,35.00162044539099,1050,2.0,0.44702884554862976,764,675,153,144
931,35.00162044539099,1050,2.0,0.7976152896881104,485,600,97,95
939,35.00162044539099,1050,2.0,0.7993586659431458,498,432,69,67
946,35.00162044539099,1050,2.0,0.6618829369544983,790,316,63,40
7,35.03495532200565,1051,9.0,0.2799912989139557,982,82,36,55
908,35.03495532200565,1051,2.0,0.6254928112030029,778,689,158,148
931,35.03495532200565,1051,2.0,0.6456236839294434,493,610,97,97
939,35.03495532200565,1051,2.0,0.8323104381561279,502,436,70,69
946,35.03495532200565,1051,2.0,0.6377680897712708,784,313,59,40
7,35.06829019862031,1052,9.0,0.2711755335330963,982,82,36,55
908,35.06829019862031,1052,2.0,0.6799929738044739,794,703,161,152
931,35.06829019862031,1052,2.0,0.8123366236686707,499,622,100,99
939,35.06829019862031,1052,2.0,0.8709861636161804,507,442,73,70
946,35.06829019862031,1052,2.0,0.5869381427764893,776,311,59,38
7,35.10162507523496,1053,9.0,0.27468907833099365,982,82,36,55
908,35.10162507523496,1053,2.0,0.6129460334777832,809,719,166,159
931,35.10162507523496,1053,2.0,0.7387542724609375,506,631,104,104
939,35.10162507523496,1053,2.0,0.7948784232139587,512,447,74,71
946,35.10162507523496,1053,2.0,0.6899320483207703,768,310,57,36
7,35.13495995184962,1054,9.0,0.28369417786598206,982,82,36,55
908,35.13495995184962,1054,2.0,0.6848046183586121,826,735,171,164
931,35.13495995184962,1054,2.0,0.7688765525817871,512,643,105,106
939,35.13495995184962,1054,2.0,0.8272108435630798,519,454,75,70
946,35.13495995184962,1054,2.0,0.7401469945907593,762,308,57,37
963,35.13495995184962,1054,9.0,0.31725025177001953,521,157,20,30
7,35.16829482846428,1055,9.0,0.29427218437194824,982,82,36,55
908,35.16829482846428,1055,2.0,0.8099559545516968,844,752,177,168
931,35.16829482846428,1055,2.0,0.7072075009346008,521,655,109,111
939,35.16829482846428,1055,2.0,0.8087283968925476,524,460,77,73
946,35.16829482846428,1055,2.0,0.6329597234725952,757,306,57,34
963,35.16829482846428,1055,9.0,0.2753522992134094,520,157,21,31
7,35.20162970507894,1056,9.0,0.29121133685112,982,82,36,55
908,35.20162970507894,1056,2.0,0.7110559940338135,863,770,185,174
931,35.20162970507894,1056,2.0,0.6602145433425903,530,668,112,114
939,35.20162970507894,1056,2.0,0.8796523213386536,531,466,78,72
946,35.20162970507894,1056,2.0,0.667748212814331,751,303,55,35
963,35.20162970507894,1056,9.0,0.2872391641139984,520,157,21,31
7,35.234964581693596,1057,9.0,0.2863781452178955,982,82,36,55
908,35.234964581693596,1057,2.0,0.7290083765983582,881,789,193,179
931,35.234964581693596,1057,2.0,0.7923527359962463,537,681,116,116
939,35.234964581693596,1057,2.0,0.8300495743751526,536,473,79,75
946,35.234964581693596,1057,2.0,0.5544949173927307,745,300,57,36
963,35.234964581693596,1057,9.0,0.3097081482410431,521,157,21,31
7,35.268299458308256,1058,9.0,0.28317877650260925,982,82,37,55
908,35.268299458308256,1058,2.0,0.6330538392066956,901,808,198,185
931,35.268299458308256,1058,2.0,0.8069581389427185,547,694,119,118
939,35.268299458308256,1058,2.0,0.8321123719215393,544,479,80,75
946,35.268299458308256,1058,2.0,0.5420973300933838,739,296,55,36
963,35.268299458308256,1058,9.0,0.26345059275627136,521,157,21,32
7,35.301634334922916,1059,9.0,0.2923505902290344,982,82,37,55
908,35.301634334922916,1059,2.0,0.7945422530174255,922,829,205,193
931,35.301634334922916,1059,2.0,0.7881816029548645,556,708,122,125
939,35.301634334922916,1059,2.0,0.8872920274734497,550,486,82,79
946,35.301634334922916,1059,2.0,0.5906703472137451,732,293,52,38
963,35.301634334922916,1059,9.0,0.23842912912368774,521,157,22,32
7,35.334969211537576,1060,9.0,0.279217928647995,982,82,37,55
908,35.334969211537576,1060,2.0,0.8012121319770813,944,851,212,200
931,35.334969211537576,1060,2.0,0.7913303375244141,565,724,126,128
939,35.334969211537576,1060,2.0,0.8426003456115723,558,493,85,79
946,35.334969211537576,1060,2.0,0.6590754389762878,726,292,50,37
963,35.334969211537576,1060,9.0,0.2185564637184143,520,157,22,32
7,35.36830408815223,1061,9.0,0.2809979021549225,982,82,37,55
908,35.36830408815223,1061,2.0,0.8327938318252563,966,873,219,208
931,35.36830408815223,1061,2.0,0.8298891186714172,577,738,129,131
939,35.36830408815223,1061,2.0,0.8178238868713379,564,500,87,81
946,35.36830408815223,1061,2.0,0.6315109133720398,720,290,50,40
963,35.36830408815223,1061,9.0,0.24517764151096344,521,157,22,33
7,35.40163896476689,1062,9.0,0.28533732891082764,982,82,37,55
908,35.40163896476689,1062,2.0,0.8068581223487854,990,893,227,208
931,35.40163896476689,1062,2.0,0.7952984571456909,587,756,133,134
939,35.40163896476689,1062,2.0,0.8581599593162537,571,507,87,85
946,35.40163896476689,1062,2.0,0.6240187883377075,714,288,53,41
963,35.40163896476689,1062,9.0,0.24500492215156555,521,157,21,33
7,35.43497384138155,1063,9.0,0.2904668152332306,982,82,37,55
908,35.43497384138155,1063,2.0,0.8160306811332703,1015,917,233,212
931,35.43497384138155,1063,2.0,0.727270245552063,598,773,136,139
939,35.43497384138155,1063,2.0,0.8100846409797668,579,516,90,85
946,35.43497384138155,1063,2.0,0.6523565053939819,709,285,51,39
963,35.43497384138155,1063,9.0,0.2368713617324829,522,157,20,32
7,35.4683087179962,1064,9.0,0.2994980216026306,983,82,37,55
908,35.4683087179962,1064,2.0,0.7084954977035522,1042,944,243,222
931,35.4683087179962,1064,2.0,0.7256326675415039,610,790,144,144
939,35.4683087179962,1064,2.0,0.8157974481582642,586,524,91,85
946,35.4683087179962,1064,2.0,0.7222588658332825,705,285,51,37
963,35.4683087179962,1064,9.0,0.26362067461013794,522,157,20,31
7,35.50164359461086,1065,9.0,0.3004843294620514,982,82,37,55
908,35.50164359461086,1065,2.0,0.6834248304367065,1070,965,252,221
931,35.50164359461086,1065,2.0,0.6963508725166321,621,808,146,150
939,35.50164359461086,1065,2.0,0.8491119742393494,593,532,95,88
946,35.50164359461086,1065,2.0,0.706928551197052,698,283,51,33
963,35.50164359461086,1065,9.0,0.24722647666931152,522,157,20,32
7,35.53497847122552,1066,9.0,0.28713667392730713,982,82,37,55
908,35.53497847122552,1066,2.0,0.706972062587738,1097,979,258,201
931,35.53497847122552,1066,2.0,0.8485425114631653,635,828,151,153
939,35.53497847122552,1066,2.0,0.7658150792121887,602,540,98,91
946,35.53497847122552,1066,2.0,0.5711588859558105,694,281,48,33
963,35.53497847122552,1066,9.0,0.23470456898212433,522,158,20,33
969,35.53497847122552,1066,2.0,0.6628459095954895,1853,771,131,104
7,35.56831334784018,1067,9.0,0.2969723343849182,982,82,37,55
908,35.56831334784018,1067,2.0,0.771699070930481,1121,992,256,175
931,35.56831334784018,1067,2.0,0.8252607583999634,649,848,155,159
939,35.56831334784018,1067,2.0,0.8043937087059021,611,550,100,93
946,35.56831334784018,1067,2.0,0.517352283000946,689,278,47,35
963,35.56831334784018,1067,9.0,0.26243922114372253,522,157,19,32
969,35.56831334784018,1067,2.0,0.7097613215446472,1836,757,165,103
7,35.601648224454834,1068,9.0,0.28563106060028076,982,82,37,55
908,35.601648224454834,1068,2.0,0.8418674468994141,1148,1005,248,148
931,35.601648224454834,1068,2.0,0.8174107074737549,663,868,159,163
939,35.601648224454834,1068,2.0,0.7657754421234131,620,559,104,97
946,35.601648224454834,1068,2.0,0.5473877787590027,684,276,45,36
963,35.601648224454834,1068,9.0,0.2962663769721985,522,157,19,31
969,35.601648224454834,1068,2.0,0.826015293598175,1808,737,181,97
7,35.634983101069494,1069,9.0,0.3045518696308136,982,82,37,55
908,35.634983101069494,1069,2.0,0.8018319010734558,1177,1020,225,118
931,35.634983101069494,1069,2.0,0.6231928467750549,677,886,164,160
939,35.634983101069494,1069,2.0,0.7332054376602173,629,568,105,98
946,35.634983101069494,1069,2.0,0.5573514699935913,680,274,44,35
963,35.634983101069494,1069,9.0,0.2218530923128128,522,156,19,31
969,35.634983101069494,1069,2.0,0.822589635848999,1771,720,182,92
7,35.668317977684154,1070,9.0,0.2897524833679199,982,82,37,55
908,35.668317977684154,1070,2.0,0.7282065153121948,1197,1036,212,86
931,35.668317977684154,1070,2.0,0.5354940891265869,687,897,159,144
939,35.668317977684154,1070,2.0,0.8559448719024658,639,578,109,102
946,35.668317977684154,1070,2.0,0.6578570604324341,676,272,42,32
963,35.668317977684154,1070,9.0,0.19217148423194885,522,156,20,31
969,35.668317977684154,1070,2.0,0.8101511597633362,1734,705,179,91
7,35.701652854298814,1071,9.0,0.29253727197647095,982,82,37,55
908,35.701652854298814,1071,2.0,0.49329128861427307,1217,1051,183,56
931,35.701652854298814,1071,2.0,0.7844019532203674,709,935,176,175
939,35.701652854298814,1071,2.0,0.8282799124717712,648,588,111,103
946,35.701652854298814,1071,2.0,0.5594592690467834,672,268,44,34
963,35.701652854298814,1071,9.0,0.17616389691829681,521,155,19,32
969,35.701652854298814,1071,2.0,0.798043429851532,1698,689,171,90
7,35.73498773091347,1072,9.0,0.28679949045181274,982,82,37,55
931,35.73498773091347,1072,2.0,0.7606207728385925,725,963,188,188
939,35.73498773091347,1072,2.0,0.796036958694458,658,598,113,107
946,35.73498773091347,1072,2.0,0.6222829222679138,668,266,46,33
963,35.73498773091347,1072,9.0,0.179762601852417,520,155,19,33
969,35.73498773091347,1072,2.0,0.8647596836090088,1664,674,162,84
7,35.76832260752813,1073,9.0,0.2886718809604645,982,82,37,55
931,35.76832260752813,1073,2.0,0.3775996267795563,742,984,196,183
939,35.76832260752813,1073,2.0,0.7885496020317078,669,610,116,109
946,35.76832260752813,1073,2.0,0.516212522983551,662,264,43,33
963,35.76832260752813,1073,9.0,0.1702926903963089,521,156,19,31
969,35.76832260752813,1073,2.0,0.80995112657547,1630,662,158,83
7,35.80165748414279,1074,9.0,0.29264897108078003,982,82,37,55
931,35.80165748414279,1074,2.0,0.37508997321128845,762,999,192,161
939,35.80165748414279,1074,2.0,0.8360065221786499,681,621,118,113
946,35.80165748414279,1074,2.0,0.5427279472351074,658,263,40,31
963,35.80165748414279,1074,9.0,0.15790431201457977,521,155,19,33
969,35.80165748414279,1074,2.0,0.8472104668617249,1598,648,154,82
7,35.83499236075745,1075,9.0,0.2933206558227539,982,82,37,55
931,35.83499236075745,1075,2.0,0.1835467368364334,778,1014,187,131
939,35.83499236075745,1075,2.0,0.8328470587730408,692,630,121,115
946,35.83499236075745,1075,2.0,0.5355600714683533,654,261,38,30
963,35.83499236075745,1075,9.0,0.17411071062088013,521,156,19,31
969,35.83499236075745,1075,2.0,0.8400778770446777,1569,634,149,82
7,35.8683272373721,1076,9.0,0.2825948894023895,982,82,37,55
931,35.8683272373721,1076,2.0,0.19468049705028534,794,1021,184,116
939,35.8683272373721,1076,2.0,0.8393269777297974,704,643,124,119
946,35.8683272373721,1076,2.0,0.5046678185462952,650,260,38,29
963,35.8683272373721,1076,9.0,0.15901769697666168,521,156,19,31
969,35.8683272373721,1076,2.0,0.7844206690788269,1541,622,142,77
7,35.90166211398676,1077,9.0,0.2930656969547272,982,82,37,55
931,35.90166211398676,1077,2.0,0.4915042817592621,805,1039,168,81
939,35.90166211398676,1077,2.0,0.8277631402015686,717,656,130,122
946,35.90166211398676,1077,2.0,0.4663955867290497,646,258,38,28
963,35.90166211398676,1077,9.0,0.20609396696090698,521,156,19,31
969,35.90166211398676,1077,2.0,0.7221981883049011,1514,613,137,76
7,35.93499699060142,1078,9.0,0.3104681372642517,982,82,37,55
939,35.93499699060142,1078,2.0,0.8469737768173218,730,669,135,124
946,35.93499699060142,1078,2.0,0.5534138083457947,640,257,40,26
963,35.93499699060142,1078,9.0,0.18447650969028473,521,156,19,31
969,35.93499699060142,1078,2.0,0.7534970045089722,1488,600,135,75
7,35.96833186721608,1079,9.0,0.3056040108203888,983,82,37,55
939,35.96833186721608,1079,2.0,0.8669601082801819,743,684,137,129
946,35.96833186721608,1079,2.0,0.42064234614372253,636,255,40,27
963,35.96833186721608,1079,9.0,0.18908537924289703,522,156,18,31
969,35.96833186721608,1079,2.0,0.6462165117263794,1461,590,131,72
7,36.00166674383073,1080,9.0,0.3000004291534424,983,82,37,55
939,36.00166674383073,1080,2.0,0.7718843221664429,757,698,143,132
946,36.00166674383073,1080,2.0,0.4259246289730072,632,255,38,27
963,36.00166674383073,1080,9.0,0.13322018086910248,522,157,18,30
969,36.00166674383073,1080,2.0,0.547713577747345,1437,578,128,70
7,36.03500162044539,1081,9.0,0.31723928451538086,982,82,37,55
939,36.03500162044539,1081,2.0,0.8482977747917175,771,712,147,137
946,36.03500162044539,1081,2.0,0.3078566789627075,629,254,38,27
969,36.03500162044539,1081,2.0,0.7642201781272888,1413,567,125,68
7,36.06833649706005,1082,9.0,0.31117841601371765,982,82,36,55
939,36.06833649706005,1082,2.0,0.8476197719573975,788,729,152,142
946,36.06833649706005,1082,2.0,0.2895015478134155,626,254,38,26
969,36.06833649706005,1082,2.0,0.7958326935768127,1390,558,123,67
7,36.101671373674705,1083,9.0,0.31306156516075134,982,82,36,55
939,36.101671373674705,1083,2.0,0.7762635350227356,803,745,156,146
946,36.101671373674705,1083,2.0,0.11527694016695023,621,251,40,31
969,36.101671373674705,1083,2.0,0.7546599507331848,1367,550,120,64
7,36.135006250289365,1084,9.0,0.31689217686653137,982,82,36,55
939,36.135006250289365,1084,2.0,0.8308550715446472,820,761,163,151
946,36.135006250289365,1084,2.0,0.3559141457080841,616,249,42,32
969,36.135006250289365,1084,2.0,0.7182523012161255,1345,541,116,63
7,36.168341126904025,1085,9.0,0.3140478730201721,982,82,36,56
939,36.168341126904025,1085,2.0,0.8727923631668091,839,780,168,155
946,36.168341126904025,1085,2.0,0.3340017795562744,612,248,42,29
969,36.168341126904025,1085,2.0,0.7054641246795654,1325,531,114,65
7,36.201676003518685,1086,9.0,0.31725725531578064,982,82,36,55
939,36.201676003518685,1086,2.0,0.789323627948761,857,798,173,162
946,36.201676003518685,1086,2.0,0.45074325799942017,608,246,40,28
969,36.201676003518685,1086,2.0,0.8404664993286133,1307,523,112,61
7,36.23501088013334,1087,9.0,0.3100799322128296,982,82,36,55
939,36.23501088013334,1087,2.0,0.7895316481590271,876,817,180,166
946,36.23501088013334,1087,2.0,0.22581066191196442,603,246,40,29
969,36.23501088013334,1087,2.0,0.803922712802887,1287,515,110,63
7,36.268345756748,1088,9.0,0.3127989172935486,982,82,36,55
939,36.268345756748,1088,2.0,0.6811277866363525,895,838,187,173
946,36.268345756748,1088,2.0,0.3585429787635803,600,244,35,28
969,36.268345756748,1088,2.0,0.7852529883384705,1267,507,109,61
7,36.30168063336266,1089,9.0,0.30598723888397217,982,82,36,55
939,36.30168063336266,1089,2.0,0.8344520330429077,916,860,194,178
946,36.30168063336266,1089,2.0,0.25050899386405945,597,243,36,27
969,36.30168063336266,1089,2.0,0.8381272554397583,1248,500,104,58
7,36.33501550997732,1090,9.0,0.30057454109191895,982,82,36,55
939,36.33501550997732,1090,2.0,0.823854923248291,938,883,200,186
946,36.33501550997732,1090,2.0,0.1734946072101593,594,239,34,27
969,36.33501550997732,1090,2.0,0.6565859913825989,1229,493,101,54
7,36.36835038659197,1091,9.0,0.28123706579208374,982,82,36,55
939,36.36835038659197,1091,2.0,0.822913646697998,962,905,206,189
946,36.36835038659197,1091,2.0,0.10897421091794968,592,237,33,26
969,36.36835038659197,1091,2.0,0.7618298530578613,1213,485,100,58
7,36.40168526320663,1092,9.0,0.29109853506088257,982,82,36,55
939,36.40168526320663,1092,2.0,0.7883743047714233,987,922,216,184
946,36.40168526320663,1092,2.0,0.16566956043243408,588,236,35,26
969,36.40168526320663,1092,2.0,0.7520246505737305,1196,477,98,56
7,36.43502013982129,1093,9.0,0.29328349232673645,982,82,36,55
939,36.43502013982129,1093,2.0,0.6998863816261292,1013,951,226,200
946,36.43502013982129,1093,2.0,0.40791645646095276,584,234,36,26
969,36.43502013982129,1093,2.0,0.8408887982368469,1179,471,97,53
7,36.46835501643595,1094,9.0,0.31675592064857483,982,82,36,55
939,36.46835501643595,1094,2.0,0.6945368051528931,1039,974,235,198
946,36.46835501643595,1094,2.0,0.3847220540046692,580,234,35,27
969,36.46835501643595,1094,2.0,0.8097537159919739,1162,465,96,53
7,36.5016898930506,1095,9.0,0.3232811987400055,982,82,36,55
939,36.5016898930506,1095,2.0,0.6205710768699646,1068,989,244,180
946,36.5016898930506,1095,2.0,0.3176533877849579,577,233,33,26
969,36.5016898930506,1095,2.0,0.8129206895828247,1149,458,94,51
7,36.53502476966526,1096,9.0,0.30951347947120667,982,82,36,55
939,36.53502476966526,1096,2.0,0.3270872235298157,1061,1002,304,155
946,36.53502476966526,1096,2.0,0.2480226457118988,574,234,34,26
969,36.53502476966526,1096,2.0,0.7238637804985046,1134,452,89,52
7,36.56835964627992,1097,9.0,0.30234962701797485,982,82,36,55
939,36.56835964627992,1097,2.0,0.1512928456068039,1102,1016,252,127
969,36.56835964627992,1097,2.0,0.6941872835159302,1118,447,89,49
7,36.60169452289458,1098,9.0,0.3075462579727173,982,82,37,55
939,36.60169452289458,1098,2.0,0.23848167061805725,1077,1030,331,99
969,36.60169452289458,1098,2.0,0.7483420968055725,1105,440,86,50
7,36.635029399509236,1099,9.0,0.3121858835220337,982,82,37,55
969,36.635029399509236,1099,2.0,0.7860437631607056,1091,434,90,51
7,36.668364276123896,1100,9.0,0.30020713806152344,982,82,37,55
969,36.668364276123896,1100,2.0,0.7098422646522522,1077,429,86,50
7,36.701699152738556,1101,9.0,0.2985207140445709,982,82,37,55
969,36.701699152738556,1101,2.0,0.7619702816009521,1064,424,86,49
7,36.735034029353216,1102,9.0,0.31055182218551636,982,82,37,55
969,36.735034029353216,1102,2.0,0.7179745435714722,1051,421,80,45
7,36.76836890596787,1103,9.0,0.29864636063575745,982,82,37,55
969,36.76836890596787,1103,2.0,0.5259854197502136,1037,415,80,46
7,36.80170378258253,1104,9.0,0.29003438353538513,982,82,37,55
969,36.80170378258253,1104,2.0,0.646697998046875,1025,409,79,45
7,36.83503865919719,1105,9.0,0.3054170608520508,982,82,37,55
969,36.83503865919719,1105,2.0,0.6769111752510071,1013,404,80,44
7,36.86837353581184,1106,9.0,0.32005518674850464,982,82,37,55
969,36.86837353581184,1106,2.0,0.47314396500587463,1002,402,76,42
7,36.9017084124265,1107,9.0,0.3219873309135437,982,82,37,55
969,36.9017084124265,1107,2.0,0.6473718285560608,992,397,76,40
7,36.93504328904116,1108,9.0,0.32693567872047424,982,82,37,55
969,36.93504328904116,1108,2.0,0.5228314995765686,980,391,74,42
7,36.96837816565582,1109,9.0,0.33624058961868286,982,82,37,55
969,36.96837816565582,1109,2.0,0.602556586265564,971,384,74,48
7,37.001713042270474,1110,9.0,0.32733267545700073,982,82,37,55
969,37.001713042270474,1110,2.0,0.6927986741065979,960,381,73,46
7,37.035047918885134,1111,9.0,0.3025248646736145,982,82,37,55
969,37.035047918885134,1111,2.0,0.7343384027481079,949,378,71,44
7,37.068382795499794,1112,9.0,0.2970495820045471,982,82,37,55
969,37.068382795499794,1112,2.0,0.6539280414581299,939,372,71,45
7,37.101717672114454,1113,9.0,0.3013445734977722,982,82,37,55
969,37.101717672114454,1113,2.0,0.7096070647239685,930,368,70,43
7,37.13505254872911,1114,9.0,0.3087456226348877,982,82,37,55
969,37.13505254872911,1114,2.0,0.6619728207588196,921,365,69,42
7,37.16838742534377,1115,9.0,0.3187806308269501,982,82,37,55
969,37.16838742534377,1115,2.0,0.6360953450202942,910,362,67,40
7,37.201722301958426,1116,9.0,0.3079509437084198,982,82,37,56
969,37.201722301958426,1116,2.0,0.7472991943359375,902,358,66,36
7,37.235057178573086,1117,9.0,0.3149432837963104,982,82,37,56
969,37.235057178573086,1117,2.0,0.6448312401771545,891,355,63,36
7,37.26839205518774,1118,9.0,0.3300982415676117,982,82,36,56
969,37.26839205518774,1118,2.0,0.6624830365180969,883,353,61,34
7,37.3017269318024,1119,9.0,0.328056663274765,982,82,36,55
969,37.3017269318024,1119,2.0,0.5289490222930908,875,349,59,37
7,37.33506180841706,1120,9.0,0.34231382608413696,982,82,36,55
969,37.33506180841706,1120,2.0,0.4938226640224457,866,346,59,37
7,37.36839668503172,1121,9.0,0.3258722126483917,982,82,36,56
969,37.36839668503172,1121,2.0,0.5558472871780396,857,343,60,36
7,37.40173156164637,1122,9.0,0.3128870725631714,982,82,36,55
969,37.40173156164637,1122,2.0,0.5694528818130493,849,339,60,36
7,37.43506643826103,1123,9.0,0.3116827607154846,982,82,36,55
969,37.43506643826103,1123,2.0,0.5972310304641724,841,336,60,35
978,37.43506643826103,1123,2.0,0.7137631177902222,1834,766,170,107
7,37.46840131487569,1124,9.0,0.29123711585998535,982,82,36,55
969,37.46840131487569,1124,2.0,0.7349057793617249,834,334,58,35
978,37.46840131487569,1124,2.0,0.7731224894523621,1819,752,199,108
979,37.46840131487569,1124,2.0,0.4927096962928772,1901,558,35,29
7,37.501736191490345,1125,9.0,0.3165132403373718,982,82,36,55
969,37.501736191490345,1125,2.0,0.7370797991752625,827,331,55,33
978,37.501736191490345,1125,2.0,0.6387026309967041,1790,734,209,102
979,37.501736191490345,1125,2.0,0.5438053011894226,1899,557,38,29
7,37.535071068105005,1126,9.0,0.3087460398674011,982,82,36,55
969,37.535071068105005,1126,2.0,0.7091510891914368,819,328,55,34
978,37.535071068105005,1126,2.0,0.6787608861923218,1751,717,204,98
979,37.535071068105005,1126,2.0,0.5057070255279541,1896,556,44,32
980,37.535071068105005,1126,2.0,0.3484002351760864,773,212,36,23
7,37.568405944719665,1127,9.0,0.2994900047779083,982,82,36,55
969,37.568405944719665,1127,2.0,0.6548511385917664,811,326,57,38
978,37.568405944719665,1127,2.0,0.8408503532409668,1715,703,195,97
979,37.568405944719665,1127,2.0,0.5380076766014099,1893,554,51,37
980,37.568405944719665,1127,2.0,0.3352894186973572,773,212,35,24
7,37.601740821334324,1128,9.0,0.2943112254142761,982,82,36,55
969,37.601740821334324,1128,2.0,0.4419425129890442,804,322,57,38
978,37.601740821334324,1128,2.0,0.8019456267356873,1680,688,185,93
979,37.601740821334324,1128,2.0,0.5023572444915771,1890,552,56,38
980,37.601740821334324,1128,2.0,0.3060721158981323,772,212,34,24
7,37.63507569794898,1129,9.0,0.2962077558040619,982,82,36,55
969,37.63507569794898,1129,2.0,0.43780285120010376,796,319,56,38
978,37.63507569794898,1129,2.0,0.7769721746444702,1647,674,182,89
979,37.63507569794898,1129,2.0,0.5483159422874451,1888,551,60,40
980,37.63507569794898,1129,2.0,0.3046809434890747,772,212,34,25
7,37.66841057456364,1130,9.0,0.30263397097587585,982,82,37,55
969,37.66841057456364,1130,2.0,0.5477948188781738,790,315,54,36
978,37.66841057456364,1130,2.0,0.8277055025100708,1617,662,177,88
979,37.66841057456364,1130,2.0,0.5824824571609497,1886,550,66,40
980,37.66841057456364,1130,2.0,0.2785554826259613,772,213,34,24
7,37.7017454511783,1131,9.0,0.30163177847862244,982,82,37,55
969,37.7017454511783,1131,2.0,0.6223328709602356,784,314,54,35
978,37.7017454511783,1131,2.0,0.8082611560821533,1585,648,169,88
979,37.7017454511783,1131,2.0,0.4368181526660919,1882,549,73,40
980,37.7017454511783,1131,2.0,0.2962644100189209,771,213,34,23
7,37.73508032779296,1132,9.0,0.30330175161361694,982,82,37,55
969,37.73508032779296,1132,2.0,0.5370648503303528,776,312,53,34
978,37.73508032779296,1132,2.0,0.7486982345581055,1557,636,164,84
979,37.73508032779296,1132,2.0,0.4217974543571472,1878,549,81,42
980,37.73508032779296,1132,2.0,0.3231385052204132,772,213,34,23
7,37.76841520440761,1133,9.0,0.33830636739730835,982,82,37,55
969,37.76841520440761,1133,2.0,0.5537791848182678,770,311,51,32
978,37.76841520440761,1133,2.0,0.5525838136672974,1528,623,162,83
979,37.76841520440761,1133,2.0,0.36686837673187256,1875,549,87,42
980,37.76841520440761,1133,2.0,0.36430588364601135,771,213,35,24
7,37.80175008102227,1134,9.0,0.31941694021224976,982,82,37,55
969,37.80175008102227,1134,2.0,0.6543170809745789,764,309,51,32
978,37.80175008102227,1134,2.0,0.6780061721801758,1504,614,155,81
979,37.80175008102227,1134,2.0,0.5770325064659119,1872,549,93,43
980,37.80175008102227,1134,2.0,0.30229735374450684,771,212,35,23
7,37.83508495763693,1135,9.0,0.3265805244445801,982,82,37,55
969,37.83508495763693,1135,2.0,0.7472533583641052,759,305,51,33
978,37.83508495763693,1135,2.0,0.7432206273078918,1479,603,152,80
979,37.83508495763693,1135,2.0,0.5582284331321716,1868,550,100,43
980,37.83508495763693,1135,2.0,0.28317275643348694,771,212,34,23
985,37.83508495763693,1135,2.0,0.4625217020511627,1839,676,160,179
7,37.86841983425159,1136,9.0,0.3199041187763214,982,82,37,55
969,37.86841983425159,1136,2.0,0.4929389953613281,753,303,50,34
978,37.86841983425159,1136,2.0,0.38190731406211853,1455,592,146,79
979,37.86841983425159,1136,2.0,0.5223173499107361,1864,548,108,42
980,37.86841983425159,1136,2.0,0.2528156042098999,772,213,33,23
985,37.86841983425159,1136,7.0,0.42032837867736816,1828,658,179,167
7,37.90175471086624,1137,9.0,0.3272598087787628,982,82,37,55
969,37.90175471086624,1137,2.0,0.4665016233921051,746,302,50,34
978,37.90175471086624,1137,2.0,0.48145124316215515,1430,580,145,76
979,37.90175471086624,1137,2.0,0.39509063959121704,1861,547,106,40
980,37.90175471086624,1137,2.0,0.2635009288787842,772,213,33,22
985,37.90175471086624,1137,7.0,0.46355167031288147,1815,658,205,206
7,37.9350895874809,1138,9.0,0.3229462206363678,982,82,36,55
969,37.9350895874809,1138,2.0,0.41812464594841003,740,298,51,34
978,37.9350895874809,1138,2.0,0.477475643157959,1408,570,141,75
979,37.9350895874809,1138,2.0,0.3167720437049866,1861,548,96,40
980,37.9350895874809,1138,2.0,0.261434942483902,772,214,33,22
985,37.9350895874809,1138,7.0,0.416848361492157,1803,656,230,225
7,37.96842446409556,1139,9.0,0.31784361600875854,982,82,37,55
969,37.96842446409556,1139,2.0,0.4916878640651703,735,295,50,36
978,37.96842446409556,1139,2.0,0.6739182472229004,1387,561,135,71
979,37.96842446409556,1139,2.0,0.1792016625404358,1860,547,85,37
980,37.96842446409556,1139,2.0,0.274632066488266,772,214,34,21
985,37.96842446409556,1139,7.0,0.3637724816799164,1791,649,255,226
7,38.00175934071022,1140,9.0,0.3038201630115509,982,82,37,55
969,38.00175934071022,1140,2.0,0.4671076536178589,729,294,48,35
978,38.00175934071022,1140,2.0,0.6658187508583069,1365,553,135,68
979,38.00175934071022,1140,2.0,0.20414350926876068,1852,545,88,34
980,38.00175934071022,1140,2.0,0.2533330023288727,771,214,36,22
985,38.00175934071022,1140,7.0,0.31864413619041443,1779,638,278,219
7,38.035094217324875,1141,9.0,0.30344972014427185,982,82,37,55
969,38.035094217324875,1141,2.0,0.5323622226715088,723,291,49,36
978,38.035094217324875,1141,2.0,0.56969153881073,1344,544,131,69
980,38.035094217324875,1141,2.0,0.3307284712791443,771,213,37,23
985,38.035094217324875,1141,6.0,0.6795251965522766,1768,634,301,222
7,38.068429093939535,1142,9.0,0.32262539863586426,982,82,37,56
969,38.068429093939535,1142,2.0,0.5847686529159546,718,289,48,36
978,38.068429093939535,1142,2.0,0.6418215036392212,1323,535,129,70
980,38.068429093939535,1142,2.0,0.3233667314052582,771,213,38,24
985,38.068429093939535,1142,7.0,0.440991073846817,1757,636,321,235
990,38.068429093939535,1142,2.0,0.3395824730396271,231,209,41,32
7,38.101763970554195,1143,9.0,0.3228355050086975,982,82,37,56
969,38.101763970554195,1143,2.0,0.48335909843444824,714,286,49,34
978,38.101763970554195,1143,2.0,0.6932227611541748,1303,527,126,67
980,38.101763970554195,1143,2.0,0.2700476050376892,770,213,38,24
985,38.101763970554195,1143,7.0,0.39093461632728577,1747,636,342,244
990,38.101763970554195,1143,2.0,0.2935727536678314,231,209,42,33
7,38.135098847168855,1144,9.0,0.321726530790329,982,82,37,56
969,38.135098847168855,1144,2.0,0.6438543200492859,708,285,46,34
978,38.135098847168855,1144,2.0,0.7681995034217834,1286,518,124,67
980,38.135098847168855,1144,2.0,0.3330046236515045,770,212,38,25
985,38.135098847168855,1144,6.0,0.5747780203819275,1737,632,362,252
990,38.135098847168855,1144,2.0,0.49473804235458374,233,209,43,32
7,38.16843372378351,1145,9.0,0.3130677044391632,982,82,37,56
969,38.16843372378351,1145,2.0,0.6545500159263611,702,284,45,32
978,38.16843372378351,1145,2.0,0.6653101444244385,1269,510,121,64
980,38.16843372378351,1145,2.0,0.28660017251968384,770,212,38,24
985,38.16843372378351,1145,6.0,0.6117064356803894,1727,630,382,264
990,38.16843372378351,1145,2.0,0.2702349126338959,233,211,44,30
7,38.20176860039817,1146,9.0,0.31239235401153564,982,82,37,56
969,38.20176860039817,1146,2.0,0.30154237151145935,697,283,44,30
978,38.20176860039817,1146,2.0,0.6495963931083679,1249,502,118,64
980,38.20176860039817,1146,2.0,0.2640528082847595,770,212,38,24
985,38.20176860039817,1146,6.0,0.5020811557769775,1718,627,400,272
990,38.20176860039817,1146,2.0,0.40007898211479187,232,211,44,31
7,38.23510347701283,1147,9.0,0.3045823872089386,982,82,37,56
969,38.23510347701283,1147,2.0,0.5337729454040527,693,281,42,30
978,38.23510347701283,1147,2.0,0.4672558009624481,1232,495,116,61
980,38.23510347701283,1147,2.0,0.2520139217376709,769,212,39,25
985,38.23510347701283,1147,6.0,0.5272098183631897,1708,625,419,279
990,38.23510347701283,1147,2.0,0.24703377485275269,232,212,43,31
7,38.26843835362748,1148,9.0,0.3165243864059448,982,82,37,56
969,38.26843835362748,1148,2.0,0.2448396533727646,689,280,43,31
978,38.26843835362748,1148,2.0,0.49522796273231506,1215,488,113,62
980,38.26843835362748,1148,2.0,0.26125600934028625,769,212,38,25
985,38.26843835362748,1148,6.0,0.5410379767417908,1700,623,437,285
990,38.26843835362748,1148,2.0,0.18037313222885132,237,213,38,30
7,38.30177323024214,1149,9.0,0.3000727593898773,982,82,37,56
969,38.30177323024214,1149,2.0,0.4107133448123932,683,276,44,33
978,38.30177323024214,1149,2.0,0.5886626243591309,1199,482,111,60
980,38.30177323024214,1149,2.0,0.23040375113487244,769,212,37,24
985,38.30177323024214,1149,6.0,0.5712137818336487,1691,619,454,288
990,38.30177323024214,1149,2.0,0.10473136603832245,238,215,36,32
7,38.3351081068568,1150,9.0,0.31355050206184387,982,82,37,56
969,38.3351081068568,1150,2.0,0.3781876862049103,680,274,43,33
978,38.3351081068568,1150,2.0,0.6331807971000671,1184,476,110,58
980,38.3351081068568,1150,2.0,0.2142152190208435,769,213,36,24
985,38.3351081068568,1150,6.0,0.28314101696014404,1681,614,471,300
990,38.3351081068568,1150,2.0,0.23029065132141113,236,214,43,38
7,38.36844298347146,1151,9.0,0.3197329640388489,982,82,37,56
969,38.36844298347146,1151,2.0,0.49592193961143494,675,272,41,32
978,38.36844298347146,1151,2.0,0.6321395635604858,1167,469,109,56
980,38.36844298347146,1151,2.0,0.19707584381103516,769,213,36,23
985,38.36844298347146,1151,6.0,0.7043718695640564,1672,613,490,309
990,38.36844298347146,1151,2.0,0.2705037295818329,235,215,46,40
7,38.40177786008611,1152,9.0,0.33264946937561035,982,82,37,56
969,38.40177786008611,1152,2.0,0.5034038424491882,672,269,39,33
978,38.40177786008611,1152,2.0,0.5801116228103638,1152,462,105,55
980,38.40177786008611,1152,2.0,0.23582859337329865,769,213,37,23
985,38.40177786008611,1152,6.0,0.5984957814216614,1665,610,505,319
990,38.40177786008611,1152,2.0,0.20660220086574554,236,216,48,42
7,38.43511273670077,1153,9.0,0.32039088010787964,982,82,37,56
969,38.43511273670077,1153,2.0,0.35897934436798096,666,268,41,31
978,38.43511273670077,1153,2.0,0.6886248588562012,1138,457,103,56
980,38.43511273670077,1153,2.0,0.21278183162212372,768,213,38,23
985,38.43511273670077,1153,6.0,0.34760600328445435,1659,608,518,321
990,38.43511273670077,1153,2.0,0.2666083872318268,237,217,47,44
7,38.46844761331543,1154,9.0,0.31802287697792053,982,82,37,56
969,38.46844761331543,1154,2.0,0.41797593235969543,662,266,39,29
978,38.46844761331543,1154,2.0,0.5533791780471802,1121,450,103,54
980,38.46844761331543,1154,2.0,0.2180069386959076,768,213,38,23
985,38.46844761331543,1154,6.0,0.33922818303108215,1650,603,536,316
990,38.46844761331543,1154,2.0,0.4894772469997406,237,215,48,48
7,38.50178248993009,1155,9.0,0.3105587959289551,982,82,37,56
969,38.50178248993009,1155,2.0,0.1978076845407486,657,265,39,27
978,38.50178248993009,1155,2.0,0.4897618591785431,1109,446,97,52
980,38.50178248993009,1155,2.0,0.22343628108501434,768,213,37,24
985,38.50178248993009,1155,6.0,0.19207894802093506,1643,593,551,308
990,38.50178248993009,1155,2.0,0.36476606130599976,236,215,51,50
7,38.535117366544746,1156,9.0,0.3071686327457428,982,82,37,56
969,38.535117366544746,1156,2.0,0.4714508652687073,654,263,37,26
978,38.535117366544746,1156,2.0,0.6027129888534546,1095,438,98,55
980,38.535117366544746,1156,2.0,0.22005686163902283,768,212,37,25
985,38.535117366544746,1156,6.0,0.3586864173412323,1635,586,567,311
990,38.535117366544746,1156,2.0,0.33928996324539185,236,217,50,48
7,38.568452243159406,1157,9.0,0.29790040850639343,982,82,37,56
969,38.568452243159406,1157,2.0,0.43198758363723755,651,261,36,26
978,38.568452243159406,1157,2.0,0.611866295337677,1083,433,99,55
980,38.568452243159406,1157,2.0,0.18975968658924103,769,212,37,26
985,38.568452243159406,1157,6.0,0.3939313292503357,1627,582,582,320
990,38.568452243159406,1157,2.0,0.3173634707927704,237,218,49,48
7,38.601787119774066,1158,9.0,0.3008783757686615,982,82,37,56
969,38.601787119774066,1158,2.0,0.47729769349098206,645,259,37,27
978,38.601787119774066,1158,2.0,0.7397181391716003,1070,427,97,55
980,38.601787119774066,1158,2.0,0.16078253090381622,769,212,37,25
985,38.601787119774066,1158,6.0,0.5007748603820801,1620,580,597,311
990,38.601787119774066,1158,2.0,0.3614494800567627,240,219,42,46
7,38.635121996388726,1159,9.0,0.29897424578666687,982,82,37,56
969,38.635121996388726,1159,2.0,0.45149490237236023,640,257,39,26
978,38.635121996388726,1159,2.0,0.6922948956489563,1057,423,91,52
980,38.635121996388726,1159,2.0,0.14404629170894623,770,212,35,25
985,38.635121996388726,1159,6.0,0.6542857885360718,1613,574,611,310
990,38.635121996388726,1159,2.0,0.4285675585269928,242,220,39,45
7,38.66845687300338,1160,9.0,0.2891409397125244,982,82,37,55
969,38.66845687300338,1160,2.0,0.27090078592300415,635,257,38,26
978,38.66845687300338,1160,2.0,0.45946475863456726,1045,419,90,49
980,38.66845687300338,1160,2.0,0.14102497696876526,770,211,36,24
985,38.66845687300338,1160,6.0,0.6740752458572388,1601,564,617,301
990,38.66845687300338,1160,2.0,0.4064590632915497,242,220,40,45
7,38.70179174961804,1161,9.0,0.2940288484096527,982,82,37,55
969,38.70179174961804,1161,2.0,0.1842942237854004,632,256,37,26
978,38.70179174961804,1161,2.0,0.35006436705589294,1033,414,89,51
980,38.70179174961804,1161,2.0,0.1380748748779297,770,211,38,24
985,38.70179174961804,1161,6.0,0.7230204343795776,1584,556,611,298
990,38.70179174961804,1161,2.0,0.27144965529441833,243,222,41,43
7,38.7351266262327,1162,9.0,0.29180455207824707,982,82,37,55
969,38.7351266262327,1162,2.0,0.29840990900993347,629,256,37,26
978,38.7351266262327,1162,2.0,0.5021121501922607,1020,409,88,48
980,38.7351266262327,1162,2.0,0.12630945444107056,771,211,39,25
985,38.7351266262327,1162,6.0,0.7474122047424316,1564,546,602,286
990,38.7351266262327,1162,2.0,0.24277178943157196,243,223,42,45
7,38.76846150284736,1163,9.0,0.3003217875957489,982,82,37,55
969,38.76846150284736,1163,2.0,0.17294009029865265,626,256,34,23
978,38.76846150284736,1163,2.0,0.6739532351493835,1011,405,85,46
980,38.76846150284736,1163,2.0,0.11158544570207596,771,211,39,25
985,38.76846150284736,1163,6.0,0.6905303001403809,1544,541,585,282
990,38.76846150284736,1163,2.0,0.33812493085861206,243,223,43,46
7,38.80179637946201,1164,9.0,0.2922191917896271,982,82,37,55
978,38.80179637946201,1164,2.0,0.4713190495967865,1000,402,82,45
980,38.80179637946201,1164,2.0,0.10551158338785172,771,211,40,25
985,38.80179637946201,1164,6.0,0.7364836931228638,1524,534,568,275
990,38.80179637946201,1164,2.0,0.30527910590171814,244,224,45,48
7,38.83513125607667,1165,9.0,0.27631717920303345,982,82,37,55
978,38.83513125607667,1165,2.0,0.29820507764816284,989,396,82,46
985,38.83513125607667,1165,6.0,0.6615973114967346,1506,527,554,268
990,38.83513125607667,1165,2.0,0.3217727243900299,246,227,43,43
7,38.86846613269133,1166,9.0,0.27300938963890076,982,82,37,55
978,38.86846613269133,1166,7.0,0.2891848385334015,977,390,78,47
985,38.86846613269133,1166,6.0,0.8248418569564819,1486,520,541,264
990,38.86846613269133,1166,2.0,0.2729022800922394,248,231,43,38
7,38.901801009305984,1167,9.0,0.2741687595844269,982,82,37,55
978,38.901801009305984,1167,2.0,0.28068241477012634,967,385,80,51
985,38.901801009305984,1167,6.0,0.7802889347076416,1472,512,535,260
990,38.901801009305984,1167,2.0,0.2215379774570465,248,232,43,37
7,38.935135885920644,1168,9.0,0.24507759511470795,982,82,37,55
978,38.935135885920644,1168,2.0,0.4638421833515167,957,382,81,50
985,38.935135885920644,1168,6.0,0.7499394416809082,1461,507,537,256
990,38.935135885920644,1168,2.0,0.23857133090496063,249,231,43,41
969,38.935135885920644,1168,2.0,0.3132568597793579,606,247,35,27
7,38.968470762535304,1169,9.0,0.24348747730255127,982,82,37,55
978,38.968470762535304,1169,2.0,0.6342876553535461,948,379,77,48
985,38.968470762535304,1169,6.0,0.5867598652839661,1444,502,526,253
990,38.968470762535304,1169,2.0,0.3932218551635742,250,233,44,38
969,38.968470762535304,1169,2.0,0.21790289878845215,603,246,36,27
7,39.001805639149964,1170,9.0,0.2287042886018753,982,82,37,55
978,39.001805639149964,1170,2.0,0.51943439245224,938,373,78,50
985,39.001805639149964,1170,6.0,0.8066041469573975,1419,496,503,248
990,39.001805639149964,1170,2.0,0.333597332239151,250,235,46,38
969,39.001805639149964,1170,2.0,0.2626713216304779,600,244,35,26
7,39.03514051576462,1171,9.0,0.2957105338573456,982,82,37,55
978,39.03514051576462,1171,2.0,0.6376744508743286,929,369,76,49
985,39.03514051576462,1171,6.0,0.6194069981575012,1401,487,489,239
990,39.03514051576462,1171,2.0,0.35006654262542725,250,237,48,38
969,39.03514051576462,1171,2.0,0.14279432594776154,596,242,34,27
1001,39.03514051576462,1171,2.0,0.5438379645347595,1674,550,83,44
7,39.06847539237928,1172,9.0,0.28715601563453674,983,82,37,55
978,39.06847539237928,1172,2.0,0.5152540802955627,920,366,74,47
985,39.06847539237928,1172,6.0,0.5806339979171753,1384,482,474,233
990,39.06847539237928,1172,2.0,0.3761026859283447,251,238,47,38
1001,39.06847539237928,1172,2.0,0.415781170129776,1667,551,82,41
7,39.10181026899394,1173,9.0,0.293483167886734,983,82,37,55
978,39.10181026899394,1173,2.0,0.388916939496994,911,363,71,46
985,39.10181026899394,1173,6.0,0.4965079426765442,1367,476,462,225
990,39.10181026899394,1173,2.0,0.3191535174846649,252,238,45,42
1001,39.10181026899394,1173,2.0,0.3999437093734741,1661,550,81,39
7,39.1351451456086,1174,9.0,0.2892301082611084,982,82,37,55
978,39.1351451456086,1174,2.0,0.42125019431114197,903,360,68,42
985,39.1351451456086,1174,6.0,0.5372697114944458,1353,471,451,220
990,39.1351451456086,1174,2.0,0.28587499260902405,251,238,45,43
1001,39.1351451456086,1174,2.0,0.6573451161384583,1655,549,82,39
7,39.16848002222325,1175,9.0,0.28136762976646423,983,82,37,55
978,39.16848002222325,1175,2.0,0.4742637872695923,894,357,69,40
985,39.16848002222325,1175,6.0,0.6283466219902039,1338,465,441,215
990,39.16848002222325,1175,2.0,0.300386518239975,252,239,45,43
1001,39.16848002222325,1175,2.0,0.5594881772994995,1648,549,83,41
969,39.16848002222325,1175,2.0,0.2956424355506897,582,235,34,26
7,39.20181489883791,1176,9.0,0.28450438380241394,983,82,37,55
978,39.20181489883791,1176,2.0,0.5599365830421448,885,354,66,38
985,39.20181489883791,1176,6.0,0.6542090177536011,1325,460,433,212
990,39.20181489883791,1176,2.0,0.25817546248435974,252,240,47,44
1001,39.20181489883791,1176,2.0,0.5596804618835449,1643,549,81,39
969,39.20181489883791,1176,2.0,0.18855717778205872,580,234,33,27
7,39.23514977545257,1177,9.0,0.2740078866481781,982,81,38,53
978,39.23514977545257,1177,2.0,0.3955383896827698,877,350,67,39
985,39.23514977545257,1177,6.0,0.47444093227386475,1311,454,427,206
990,39.23514977545257,1177,2.0,0.24727296829223633,252,240,48,47
1001,39.23514977545257,1177,2.0,0.5366595983505249,1640,549,77,35
969,39.23514977545257,1177,2.0,0.1743302345275879,576,233,31,26
7,39.26848465206723,1178,9.0,0.27144816517829895,982,81,39,53
978,39.26848465206723,1178,2.0,0.3580426275730133,868,347,67,43
985,39.26848465206723,1178,6.0,0.7364823818206787,1296,449,416,204
990,39.26848465206723,1178,2.0,0.13297149538993835,254,242,50,47
1001,39.26848465206723,1178,2.0,0.6140613555908203,1636,548,71,33
969,39.26848465206723,1178,2.0,0.14770327508449554,574,233,31,26
7,39.30181952868188,1179,9.0,0.2737256586551666,983,81,37,54
978,39.30181952868188,1179,2.0,0.4701257646083832,860,344,67,42
985,39.30181952868188,1179,6.0,0.5275477766990662,1283,446,409,202
1001,39.30181952868188,1179,2.0,0.39299502968788147,1631,547,66,30
7,39.33515440529654,1180,9.0,0.26274818181991577,982,81,39,53
978,39.33515440529654,1180,2.0,0.5194566249847412,853,340,65,42
985,39.33515440529654,1180,6.0,0.6556974053382874,1268,441,399,201
1001,39.33515440529654,1180,2.0,0.4071448743343353,1625,547,65,30
7,39.3684892819112,1181,9.0,0.24301648139953613,982,81,37,54
978,39.3684892819112,1181,2.0,0.4524610638618469,845,338,65,42
985,39.3684892819112,1181,6.0,0.6208925843238831,1256,436,393,198
1001,39.3684892819112,1181,2.0,0.2633630633354187,1621,546,61,27
7,39.40182415852586,1182,9.0,0.24173963069915771,982,81,37,54
978,39.40182415852586,1182,2.0,0.6500886082649231,838,335,64,39
985,39.40182415852586,1182,6.0,0.7462090849876404,1245,431,385,198
7,39.435159035140515,1183,9.0,0.23596233129501343,982,82,37,55
978,39.435159035140515,1183,2.0,0.5723832249641418,832,332,63,37
985,39.435159035140515,1183,6.0,0.5941877365112305,1235,426,375,194
7,39.468493911755175,1184,9.0,0.24145115911960602,982,81,38,53
978,39.468493911755175,1184,2.0,0.5869767665863037,824,328,61,37
985,39.468493911755175,1184,6.0,0.7139067053794861,1222,422,367,193
7,39.501828788369835,1185,9.0,0.24425068497657776,983,81,37,54
978,39.501828788369835,1185,2.0,0.4633704721927643,817,325,60,41
985,39.501828788369835,1185,6.0,0.632871150970459,1210,416,361,188
1006,39.501828788369835,1185,2.0,0.38975000381469727,265,255,40,33
7,39.535163664984495,1186,9.0,0.2235976606607437,982,81,39,53
978,39.535163664984495,1186,2.0,0.2919054925441742,809,323,61,42
985,39.535163664984495,1186,6.0,0.7276057004928589,1198,413,361,184
1006,39.535163664984495,1186,2.0,0.34124264121055603,267,255,40,37
7,39.56849854159915,1187,9.0,0.22681407630443573,982,81,39,53
978,39.56849854159915,1187,2.0,0.28644225001335144,804,320,60,41
985,39.56849854159915,1187,6.0,0.6523943543434143,1185,411,354,183
1006,39.56849854159915,1187,2.0,0.41991671919822693,266,255,45,39
7,39.60183341821381,1188,9.0,0.2439357191324234,983,81,38,54
978,39.60183341821381,1188,2.0,0.4143257439136505,796,318,58,38
985,39.60183341821381,1188,6.0,0.5657886862754822,1175,407,344,179
1006,39.60183341821381,1188,2.0,0.5207845568656921,268,257,43,39
7,39.63516829482847,1189,9.0,0.24599838256835938,983,82,37,55
978,39.63516829482847,1189,2.0,0.4565562307834625,789,314,59,38
985,39.63516829482847,1189,6.0,0.3546906113624573,1163,404,341,177
1006,39.63516829482847,1189,2.0,0.513381838798523,265,259,48,39
7,39.66850317144312,1190,9.0,0.23712190985679626,983,82,37,55
978,39.66850317144312,1190,2.0,0.5161662697792053,783,312,58,37
985,39.66850317144312,1190,6.0,0.6664243340492249,1152,400,336,178
1006,39.66850317144312,1190,2.0,0.5862526893615723,267,259,48,42
7,39.70183804805778,1191,9.0,0.24714839458465576,983,82,37,55
978,39.70183804805778,1191,2.0,0.5643205642700195,777,311,57,35
985,39.70183804805778,1191,6.0,0.7733182311058044,1142,397,330,176
1006,39.70183804805778,1191,2.0,0.3800378739833832,267,262,49,43
1012,39.70183804805778,1191,2.0,0.562420129776001,1863,776,111,82
7,39.73517292467244,1192,9.0,0.2571054995059967,983,82,36,55
978,39.73517292467244,1192,2.0,0.34765738248825073,770,310,53,35
985,39.73517292467244,1192,6.0,0.6346262693405151,1131,392,325,172
1006,39.73517292467244,1192,2.0,0.4406622052192688,268,262,50,45
1012,39.73517292467244,1192,2.0,0.7603298425674438,1849,771,139,100
7,39.7685078012871,1193,9.0,0.2508774697780609,982,82,36,55
978,39.7685078012871,1193,2.0,0.4561150074005127,765,308,52,34
985,39.7685078012871,1193,6.0,0.36229440569877625,1122,388,317,170
1006,39.7685078012871,1193,2.0,0.4336183965206146,270,263,50,49
1012,39.7685078012871,1193,2.0,0.7806866765022278,1833,759,172,105
1013,39.7685078012871,1193,7.0,0.3299563527107239,1124,389,319,169
1014,39.7685078012871,1193,9.0,0.3319934904575348,522,157,18,31
7,39.80184267790175,1194,9.0,0.256952166557312,982,82,36,55
978,39.80184267790175,1194,2.0,0.4646432101726532,760,305,53,34
985,39.80184267790175,1194,5.0,0.40771013498306274,1111,384,315,167
1006,39.80184267790175,1194,2.0,0.27032554149627686,271,264,52,52
1012,39.80184267790175,1194,2.0,0.7680269479751587,1814,744,197,101
1013,39.80184267790175,1194,6.0,0.3935457170009613,1115,385,315,170
1014,39.80184267790175,1194,9.0,0.32213956117630005,522,157,19,31
7,39.83517755451641,1195,9.0,0.2311888337135315,982,82,36,55
978,39.83517755451641,1195,2.0,0.2218848466873169,755,301,56,37
985,39.83517755451641,1195,7.0,0.3057200014591217,1101,381,310,162
1006,39.83517755451641,1195,2.0,0.19528606534004211,271,265,52,54
1012,39.83517755451641,1195,2.0,0.785243570804596,1788,730,203,99
1013,39.83517755451641,1195,6.0,0.5435975790023804,1105,383,310,167
1014,39.83517755451641,1195,9.0,0.3017977178096771,522,158,19,31
7,39.86851243113107,1196,9.0,0.23437362909317017,982,82,36,55
978,39.86851243113107,1196,2.0,0.2776659429073334,748,300,55,38
985,39.86851243113107,1196,7.0,0.40545907616615295,1095,377,298,163
1006,39.86851243113107,1196,2.0,0.3086540400981903,273,267,52,53
1012,39.86851243113107,1196,2.0,0.727575421333313,1755,715,200,94
1014,39.86851243113107,1196,9.0,0.29213598370552063,522,158,19,31
7,39.90184730774573,1197,9.0,0.23312905430793762,982,82,36,55
978,39.90184730774573,1197,2.0,0.3299122750759125,743,298,55,38
985,39.90184730774573,1197,7.0,0.38558292388916016,1090,375,290,162
1006,39.90184730774573,1197,2.0,0.3872222602367401,274,270,49,52
1012,39.90184730774573,1197,2.0,0.7914830446243286,1724,702,194,93
1014,39.90184730774573,1197,9.0,0.27622565627098083,522,158,19,32
7,39.935182184360386,1198,9.0,0.22223246097564697,982,82,36,55
978,39.935182184360386,1198,2.0,0.43668022751808167,738,295,54,36
985,39.935182184360386,1198,7.0,0.3215613067150116,1086,371,274,159
1006,39.935182184360386,1198,2.0,0.16680803894996643,274,270,52,54
1012,39.935182184360386,1198,2.0,0.8030562400817871,1693,689,187,90
1014,39.935182184360386,1198,9.0,0.30985575914382935,522,158,19,31
7,39.968517060975046,1199,9.0,0.25997239351272583,982,82,36,55
978,39.968517060975046,1199,2.0,0.35737454891204834,733,293,54,37
985,39.968517060975046,1199,7.0,0.3556848466396332,1076,368,267,155
1006,39.968517060975046,1199,2.0,0.14268334209918976,275,270,53,57
1012,39.968517060975046,1199,2.0,0.9006208777427673,1663,676,181,87
1014,39.968517060975046,1199,9.0,0.36762627959251404,521,158,20,32
7,40.001851937589706,1200,9.0,0.26995381712913513,982,82,36,55
978,40.001851937589706,1200,2.0,0.5787132382392883,726,291,51,35
985,40.001851937589706,1200,6.0,0.5635207891464233,1060,364,277,153
1006,40.001851937589706,1200,2.0,0.20596013963222504,276,271,54,58
1012,40.001851937589706,1200,2.0,0.8272553086280823,1637,664,177,85
1014,40.001851937589706,1200,9.0,0.3147965669631958,521,158,20,32
7,40.035186814204366,1201,9.0,0.2676740884780884,983,82,36,55
978,40.035186814204366,1201,2.0,0.7103711366653442,720,289,49,37
985,40.035186814204366,1201,6.0,0.3136993646621704,1048,360,278,150
1006,40.035186814204366,1201,2.0,0.14179229736328125,277,272,56,59
1012,40.035186814204366,1201,2.0,0.8328946232795715,1610,653,173,82
1014,40.035186814204366,1201,9.0,0.34243065118789673,521,158,20,31
7,40.06852169081902,1202,9.0,0.2527097165584564,983,82,36,55
978,40.06852169081902,1202,2.0,0.4486348330974579,715,288,49,39
985,40.06852169081902,1202,6.0,0.27979984879493713,1039,358,275,151
1006,40.06852169081902,1202,2.0,0.16882389783859253,278,274,57,60
1012,40.06852169081902,1202,2.0,0.8456351161003113,1582,641,166,82
1014,40.06852169081902,1202,9.0,0.2756677269935608,521,158,20,31
1018,40.06852169081902,1202,2.0,0.4619266390800476,1891,550,56,33
7,40.10185656743368,1203,9.0,0.266347199678421,983,82,37,55
978,40.10185656743368,1203,2.0,0.5748868584632874,712,286,51,37
985,40.10185656743368,1203,5.0,0.3359052240848541,1034,353,270,147
1006,40.10185656743368,1203,2.0,0.37327635288238525,280,276,56,63
1012,40.10185656743368,1203,2.0,0.7604983448982239,1557,632,159,78
1014,40.10185656743368,1203,9.0,0.31663355231285095,522,158,20,31
1018,40.10185656743368,1203,2.0,0.5314401984214783,1889,550,58,35
7,40.13519144404834,1204,9.0,0.2981935143470764,982,82,36,55
978,40.13519144404834,1204,2.0,0.6267131567001343,707,283,48,32
985,40.13519144404834,1204,5.0,0.2922140955924988,1024,351,267,146
1006,40.13519144404834,1204,2.0,0.4041479527950287,281,279,56,61
1012,40.13519144404834,1204,2.0,0.6898186802864075,1535,621,151,78
1014,40.13519144404834,1204,9.0,0.32440444827079773,522,158,20,31
1018,40.13519144404834,1204,2.0,0.4847376048564911,1886,550,64,35
7,40.168526320663,1205,9.0,0.29070940613746643,982,82,37,55
978,40.168526320663,1205,2.0,0.45475780963897705,701,283,48,31
985,40.168526320663,1205,5.0,0.46610742807388306,1015,348,265,143
1006,40.168526320663,1205,2.0,0.31506407260894775,282,281,54,60
1012,40.168526320663,1205,2.0,0.7426753044128418,1511,612,148,78
1014,40.168526320663,1205,9.0,0.32319608330726624,522,158,20,30
1018,40.168526320663,1205,2.0,0.5790947675704956,1883,549,71,34
7,40.20186119727765,1206,9.0,0.2878790497779846,982,82,37,56
978,40.20186119727765,1206,2.0,0.5063327550888062,697,281,49,33
985,40.20186119727765,1206,5.0,0.5294244885444641,1007,345,265,142
1006,40.20186119727765,1206,2.0,0.3546275198459625,283,285,55,55
1012,40.20186119727765,1206,2.0,0.7848669290542603,1490,602,145,75
1014,40.20186119727765,1206,9.0,0.31293585896492004,521,158,20,30
1018,40.20186119727765,1206,2.0,0.4555157721042633,1878,549,80,34
1024,40.20186119727765,1206,7.0,0.33982375264167786,1009,346,265,143
7,40.23519607389231,1207,9.0,0.2989336848258972,983,82,37,56
978,40.23519607389231,1207,2.0,0.23701758682727814,693,280,45,32
985,40.23519607389231,1207,7.0,0.3271099030971527,998,342,261,143
1006,40.23519607389231,1207,2.0,0.21875981986522675,285,287,56,54
1012,40.23519607389231,1207,2.0,0.7350214123725891,1467,593,142,71
1014,40.23519607389231,1207,9.0,0.32267770171165466,521,158,20,30
1018,40.23519607389231,1207,2.0,0.5096440315246582,1876,550,84,36
1024,40.23519607389231,1207,5.0,0.3241365849971771,1002,342,260,145
7,40.26853095050697,1208,9.0,0.3214872479438782,983,82,37,56
978,40.26853095050697,1208,2.0,0.414247989654541,687,276,46,35
985,40.26853095050697,1208,5.0,0.4436934292316437,990,339,254,145
1006,40.26853095050697,1208,2.0,0.2565021216869354,287,291,57,52
1012,40.26853095050697,1208,2.0,0.7671216726303101,1445,582,140,66
1014,40.26853095050697,1208,9.0,0.3173491954803467,521,157,20,30
1018,40.26853095050697,1208,2.0,0.37722718715667725,1872,549,92,37
1024,40.26853095050697,1208,7.0,0.271359920501709,992,341,254,144
7,40.30186582712163,1209,9.0,0.34674128890037537,983,82,37,56
978,40.30186582712163,1209,2.0,0.4334900379180908,684,274,45,35
985,40.30186582712163,1209,6.0,0.21356453001499176,983,338,250,141
1006,40.30186582712163,1209,2.0,0.31302589178085327,288,291,58,54
1012,40.30186582712163,1209,2.0,0.7333151698112488,1424,574,138,67
1014,40.30186582712163,1209,9.0,0.2829172909259796,521,157,20,30
1018,40.30186582712163,1209,2.0,0.4987013638019562,1870,549,96,38
1024,40.30186582712163,1209,5.0,0.3615195155143738,984,338,252,143
7,40.335200703736284,1210,9.0,0.3209393322467804,983,82,37,55
978,40.335200703736284,1210,2.0,0.5295546650886536,680,273,44,34
985,40.335200703736284,1210,7.0,0.2630632519721985,974,334,247,138
1006,40.335200703736284,1210,2.0,0.41667866706848145,288,291,60,56
1012,40.335200703736284,1210,2.0,0.6358681321144104,1404,566,137,65
1014,40.335200703736284,1210,9.0,0.2503514289855957,521,158,20,30
1018,40.335200703736284,1210,2.0,0.5139886140823364,1865,548,97,39
1024,40.335200703736284,1210,5.0,0.3631901741027832,976,335,250,141
1028,40.335200703736284,1210,2.0,0.5034379363059998,322,246,32,27
7,40.368535580350944,1211,9.0,0.33754080533981323,983,82,37,55
978,40.368535580350944,1211,2.0,0.6784632802009583,676,272,42,30
985,40.368535580350944,1211,7.0,0.2277635931968689,968,332,244,134
1006,40.368535580350944,1211,2.0,0.3217743933200836,289,292,62,57
1012,40.368535580350944,1211,2.0,0.7398117780685425,1384,558,134,64
1014,40.368535580350944,1211,9.0,0.2735796868801117,521,158,20,30
1018,40.368535580350944,1211,2.0,0.5702612400054932,1859,548,100,38
1024,40.368535580350944,1211,5.0,0.32218119502067566,970,333,246,138
1028,40.368535580350944,1211,2.0,0.4309350848197937,324,247,33,28
7,40.401870456965604,1212,9.0,0.35885581374168396,983,82,37,55
978,40.401870456965604,1212,2.0,0.45688819885253906,673,270,40,29
1006,40.401870456965604,1212,2.0,0.2586268484592438,289,292,63,60
1012,40.401870456965604,1212,2.0,0.7412813305854797,1366,551,129,63
1014,40.401870456965604,1212,9.0,0.24657709896564484,521,158,20,30
1018,40.401870456965604,1212,2.0,0.524718165397644,1854,548,101,37
1028,40.401870456965604,1212,2.0,0.4977762997150421,326,248,33,26
7,40.43520533358026,1213,9.0,0.3582339882850647,983,82,37,55
978,40.43520533358026,1213,2.0,0.5246341824531555,668,267,43,30
1006,40.43520533358026,1213,2.0,0.3012574315071106,289,292,63,62
1012,40.43520533358026,1213,2.0,0.7238978743553162,1346,541,128,63
1014,40.43520533358026,1213,9.0,0.261798620223999,521,157,20,31
1018,40.43520533358026,1213,2.0,0.5556624531745911,1848,548,103,38
1028,40.43520533358026,1213,2.0,0.41586947441101074,327,249,34,27
985,40.43520533358026,1213,5.0,0.3047500252723694,955,326,239,133
7,40.46854021019492,1214,9.0,0.35906079411506653,983,82,37,56
978,40.46854021019492,1214,2.0,0.4022437334060669,663,265,44,31
1006,40.46854021019492,1214,2.0,0.29264605045318604,291,294,65,65
1012,40.46854021019492,1214,2.0,0.6307588815689087,1328,535,124,61
1014,40.46854021019492,1214,9.0,0.21836808323860168,521,157,20,31
1018,40.46854021019492,1214,2.0,0.6665351986885071,1844,547,103,38
1028,40.46854021019492,1214,2.0,0.3725379705429077,329,251,34,28
985,40.46854021019492,1214,5.0,0.3296947181224823,947,324,236,132
7,40.50187508680958,1215,9.0,0.3493872582912445,983,82,37,56
978,40.50187508680958,1215,2.0,0.4266439378261566,658,263,44,30
1006,40.50187508680958,1215,2.0,0.23109087347984314,293,302,68,57
1012,40.50187508680958,1215,2.0,0.771997332572937,1312,529,122,61
1014,40.50187508680958,1215,9.0,0.2101452797651291,521,157,19,31
1018,40.50187508680958,1215,2.0,0.671579122543335,1836,546,104,37
1028,40.50187508680958,1215,2.0,0.18353129923343658,331,252,33,29
985,40.50187508680958,1215,7.0,0.39462873339653015,940,322,233,129
7,40.535209963424236,1216,9.0,0.35243159532546997,983,82,37,56
978,40.535209963424236,1216,2.0,0.44291484355926514,654,261,42,30
1006,40.535209963424236,1216,2.0,0.3415573835372925,294,302,71,62
1012,40.535209963424236,1216,2.0,0.8090165257453918,1295,520,123,61
1014,40.535209963424236,1216,9.0,0.21486303210258484,521,157,19,31
1018,40.535209963424236,1216,2.0,0.6198693513870239,1831,546,103,37
1028,40.535209963424236,1216,2.0,0.22427038848400116,332,253,36,28
985,40.535209963424236,1216,7.0,0.32214248180389404,934,320,232,127
7,40.56854484003889,1217,9.0,0.3435899019241333,983,82,37,56
978,40.56854484003889,1217,2.0,0.49228203296661377,652,260,40,28
1006,40.56854484003889,1217,2.0,0.15702952444553375,295,302,71,65
1012,40.56854484003889,1217,2.0,0.8227636814117432,1279,514,117,61
1014,40.56854484003889,1217,9.0,0.22355447709560394,521,157,19,31
1018,40.56854484003889,1217,2.0,0.5193915367126465,1826,546,103,37
1028,40.56854484003889,1217,2.0,0.3133908212184906,334,254,34,28
985,40.56854484003889,1217,7.0,0.3613777458667755,927,319,226,125
7,40.60187971665355,1218,9.0,0.312412828207016,983,82,37,56
978,40.60187971665355,1218,2.0,0.3545192778110504,648,259,38,27
1006,40.60187971665355,1218,2.0,0.10537099093198776,297,305,73,70
1012,40.60187971665355,1218,2.0,0.8005018830299377,1263,507,115,59
1014,40.60187971665355,1218,9.0,0.1984052062034607,521,157,19,31
1018,40.60187971665355,1218,2.0,0.5900741815567017,1820,546,100,37
1028,40.60187971665355,1218,2.0,0.43062451481819153,335,257,33,27
985,40.60187971665355,1218,7.0,0.3349849283695221,921,317,220,125
7,40.63521459326821,1219,9.0,0.3063904345035553,983,82,37,56
978,40.63521459326821,1219,2.0,0.33117908239364624,645,259,36,26
1012,40.63521459326821,1219,2.0,0.8256826400756836,1247,500,114,57
1014,40.63521459326821,1219,9.0,0.19326183199882507,521,157,19,31
1018,40.63521459326821,1219,2.0,0.6431180834770203,1814,545,100,36
1028,40.63521459326821,1219,2.0,0.3984864354133606,338,258,32,27
985,40.63521459326821,1219,7.0,0.34142574667930603,916,316,212,124
7,40.66854946988287,1220,9.0,0.31296005845069885,983,82,37,56
978,40.66854946988287,1220,2.0,0.29608070850372314,640,256,40,26
1012,40.66854946988287,1220,2.0,0.7158321738243103,1231,495,110,56
1014,40.66854946988287,1220,9.0,0.20891118049621582,521,158,20,31
1018,40.66854946988287,1220,2.0,0.7097097039222717,1808,545,96,35
1028,40.66854946988287,1220,2.0,0.4561558663845062,338,259,30,27
985,40.66854946988287,1220,6.0,0.26800698041915894,907,314,209,124
7,40.70188434649752,1221,9.0,0.28303262591362,982,82,37,55
978,40.70188434649752,1221,2.0,0.12754517793655396,634,256,41,26
1012,40.70188434649752,1221,2.0,0.6754707098007202,1216,487,107,56
1014,40.70188434649752,1221,9.0,0.2284364402294159,521,157,20,31
1018,40.70188434649752,1221,2.0,0.7340947389602661,1803,546,97,35
1028,40.70188434649752,1221,2.0,0.6656527519226074,340,260,29,27
985,40.70188434649752,1221,6.0,0.26604002714157104,900,311,211,122
7,40.73521922311218,1222,9.0,0.2908630073070526,982,82,37,56
978,40.73521922311218,1222,2.0,0.13809815049171448,631,254,38,28
1012,40.73521922311218,1222,2.0,0.5895578265190125,1203,482,106,55
1014,40.73521922311218,1222,9.0,0.232081800699234,521,158,20,31
1018,40.73521922311218,1222,2.0,0.731689453125,1798,546,96,35
1028,40.73521922311218,1222,2.0,0.5497086048126221,342,263,32,31
985,40.73521922311218,1222,5.0,0.3750383257865906,894,309,210,119
1043,40.73521922311218,1222,7.0,0.3713986575603485,897,309,209,119
7,40.76855409972684,1223,9.0,0.2568947970867157,982,82,37,56
978,40.76855409972684,1223,2.0,0.15198971331119537,628,253,38,28
1012,40.76855409972684,1223,2.0,0.701549768447876,1189,476,106,55
1014,40.76855409972684,1223,9.0,0.2412606030702591,521,158,21,31
1018,40.76855409972684,1223,2.0,0.7384965419769287,1793,546,97,35
1028,40.76855409972684,1223,2.0,0.5631923675537109,345,266,32,32
985,40.76855409972684,1223,5.0,0.5917448997497559,889,306,209,117
1043,40.76855409972684,1223,7.0,0.287502646446228,891,307,209,118
1006,40.76855409972684,1223,2.0,0.3839561641216278,310,324,62,62
7,40.8018889763415,1224,9.0,0.27826616168022156,982,82,37,55
1012,40.8018889763415,1224,2.0,0.7783918380737305,1176,470,103,52
1014,40.8018889763415,1224,9.0,0.2527713179588318,521,157,21,31
1018,40.8018889763415,1224,2.0,0.795893669128418,1787,546,96,35
1028,40.8018889763415,1224,2.0,0.6219150424003601,346,268,34,33
985,40.8018889763415,1224,5.0,0.5935802459716797,883,304,206,117
1043,40.8018889763415,1224,7.0,0.40495848655700684,884,305,206,117
1006,40.8018889763415,1224,2.0,0.45597609877586365,312,331,60,55
7,40.835223852956155,1225,9.0,0.29587385058403015,982,82,37,55
1012,40.835223852956155,1225,2.0,0.8050062656402588,1161,464,100,52
1014,40.835223852956155,1225,9.0,0.2880685329437256,522,157,21,31
1018,40.835223852956155,1225,2.0,0.7603285908699036,1781,546,96,34
1028,40.835223852956155,1225,2.0,0.5989004373550415,348,269,34,33
985,40.835223852956155,1225,5.0,0.5509160161018372,878,302,203,116
1043,40.835223852956155,1225,7.0,0.4390050172805786,879,303,202,116
1006,40.835223852956155,1225,2.0,0.46692726016044617,317,335,57,52
7,40.868558729570815,1226,9.0,0.2952846884727478,983,82,37,55
1012,40.868558729570815,1226,2.0,0.6860579252243042,1147,459,100,51
1014,40.868558729570815,1226,9.0,0.2756385803222656,522,157,21,31
1018,40.868558729570815,1226,2.0,0.6597109436988831,1775,546,96,35
1028,40.868558729570815,1226,2.0,0.5133392214775085,351,271,34,32
985,40.868558729570815,1226,5.0,0.726606547832489,872,300,203,112
1006,40.868558729570815,1226,2.0,0.29545459151268005,319,337,57,51
7,40.901893606185475,1227,9.0,0.2901819050312042,983,82,37,55
1012,40.901893606185475,1227,2.0,0.744461715221405,1135,454,99,49
1014,40.901893606185475,1227,9.0,0.26115351915359497,522,157,21,32
1018,40.901893606185475,1227,2.0,0.7260820865631104,1769,546,94,35
1028,40.901893606185475,1227,2.0,0.583353579044342,352,272,33,31
985,40.901893606185475,1227,5.0,0.6404725313186646,867,299,197,110
1006,40.901893606185475,1227,2.0,0.46168485283851624,323,344,53,42
1049,40.901893606185475,1227,2.0,0.8120203018188477,1875,722,87,74
7,40.935228482800134,1228,9.0,0.2965281009674072,983,82,37,55
1012,40.935228482800134,1228,2.0,0.7251391410827637,1122,448,98,49
1014,40.935228482800134,1228,9.0,0.2613014578819275,522,157,21,31
1018,40.935228482800134,1228,2.0,0.714097797870636,1764,546,92,34
1028,40.935228482800134,1228,2.0,0.4387264549732208,354,274,33,32
985,40.935228482800134,1228,7.0,0.4134676456451416,862,298,191,108
1006,40.935228482800134,1228,2.0,0.5454829335212708,326,345,54,46
1049,40.935228482800134,1228,2.0,0.7624190449714661,1862,719,113,88
7,40.96856335941479,1229,9.0,0.29736173152923584,982,82,37,55
1012,40.96856335941479,1229,2.0,0.8070434927940369,1109,442,95,51
1014,40.96856335941479,1229,9.0,0.25492537021636963,522,157,20,31
1018,40.96856335941479,1229,2.0,0.7584765553474426,1759,546,91,36
1028,40.96856335941479,1229,2.0,0.386380136013031,356,278,36,31
985,40.96856335941479,1229,7.0,0.40638887882232666,858,297,184,107
1006,40.96856335941479,1229,2.0,0.6698106527328491,328,348,55,46
1049,40.96856335941479,1229,2.0,0.830593466758728,1849,712,139,94
978,40.96856335941479,1229,2.0,0.39259105920791626,606,246,39,29
7,41.00189823602945,1230,9.0,0.2756738066673279,982,82,37,55
1012,41.00189823602945,1230,2.0,0.6867737174034119,1097,437,96,52
1014,41.00189823602945,1230,9.0,0.228315070271492,522,157,20,31
1018,41.00189823602945,1230,2.0,0.6922883987426758,1753,547,90,37
1028,41.00189823602945,1230,2.0,0.5523874163627625,358,280,37,29
985,41.00189823602945,1230,5.0,0.3756413459777832,851,294,185,106
1006,41.00189823602945,1230,2.0,0.6459539532661438,330,351,57,48
1049,41.00189823602945,1230,2.0,0.8200293183326721,1835,701,167,92
1053,41.00189823602945,1230,2.0,0.4424941837787628,310,305,57,36
978,41.00189823602945,1230,2.0,0.19568833708763123,603,244,37,27
7,41.03523311264411,1231,9.0,0.26956647634506226,982,82,36,55
1012,41.03523311264411,1231,2.0,0.7960264682769775,1084,432,95,51
1014,41.03523311264411,1231,9.0,0.1980023831129074,522,157,19,31
1018,41.03523311264411,1231,2.0,0.7770719528198242,1748,548,92,36
1028,41.03523311264411,1231,2.0,0.5846350789070129,360,282,38,30
985,41.03523311264411,1231,7.0,0.36943838000297546,847,292,183,107
1006,41.03523311264411,1231,2.0,0.6601886749267578,332,354,59,51
1049,41.03523311264411,1231,2.0,0.826701819896698,1815,689,185,91
1053,41.03523311264411,1231,2.0,0.5658550262451172,310,307,54,39
978,41.03523311264411,1231,2.0,0.23334582149982452,600,242,35,27
1055,41.03523311264411,1231,5.0,0.36663269996643066,848,292,182,110
7,41.06856798925876,1232,9.0,0.268831729888916,982,82,37,55
1012,41.06856798925876,1232,2.0,0.7840420603752136,1074,428,89,49
1014,41.06856798925876,1232,9.0,0.21357110142707825,522,157,18,31
1018,41.06856798925876,1232,2.0,0.7425586581230164,1742,547,92,34
1028,41.06856798925876,1232,2.0,0.5794082880020142,363,284,35,31
985,41.06856798925876,1232,7.0,0.4199557304382324,840,290,180,108
1006,41.06856798925876,1232,2.0,0.582085132598877,327,352,71,59
1049,41.06856798925876,1232,2.0,0.8314211368560791,1790,677,188,87
1053,41.06856798925876,1232,2.0,0.4275437593460083,315,312,63,50
978,41.06856798925876,1232,2.0,0.18864241242408752,597,239,34,26
1055,41.06856798925876,1232,5.0,0.1945437788963318,841,290,181,112
1057,41.06856798925876,1232,2.0,0.41806381940841675,322,336,80,89
7,41.10190286587342,1233,9.0,0.2730785012245178,982,82,36,55
1012,41.10190286587342,1233,2.0,0.7627971768379211,1062,424,88,48
1014,41.10190286587342,1233,9.0,0.20252804458141327,522,157,18,31
1018,41.10190286587342,1233,2.0,0.7495739459991455,1737,548,91,36
1028,41.10190286587342,1233,2.0,0.5551424622535706,365,286,34,33
985,41.10190286587342,1233,7.0,0.3658086061477661,834,289,179,108
1006,41.10190286587342,1233,2.0,0.5643746852874756,328,354,74,62
1049,41.10190286587342,1233,2.0,0.83494633436203,1764,667,183,82
1053,41.10190286587342,1233,2.0,0.36284682154655457,315,313,59,45
978,41.10190286587342,1233,2.0,0.14538317918777466,593,237,35,26
1055,41.10190286587342,1233,5.0,0.2845138609409332,835,289,181,111
1057,41.10190286587342,1233,2.0,0.44274330139160156,325,340,81,88
1059,41.10190286587342,1233,2.0,0.32591140270233154,269,255,29,24
7,41.13523774248808,1234,9.0,0.28101757168769836,982,82,36,55
1012,41.13523774248808,1234,2.0,0.7684211134910583,1051,418,86,49
1014,41.13523774248808,1234,9.0,0.18715009093284607,522,157,19,31
1018,41.13523774248808,1234,2.0,0.7010257244110107,1732,548,91,34
1028,41.13523774248808,1234,2.0,0.6105548143386841,367,288,36,35
985,41.13523774248808,1234,7.0,0.36720359325408936,830,288,177,106
1006,41.13523774248808,1234,2.0,0.47444474697113037,332,359,68,58
1049,41.13523774248808,1234,2.0,0.829603910446167,1736,656,177,80
1053,41.13523774248808,1234,2.0,0.28776684403419495,317,314,60,41
978,41.13523774248808,1234,2.0,0.17693699896335602,591,236,34,26
1055,41.13523774248808,1234,5.0,0.3528306484222412,830,288,182,109
1057,41.13523774248808,1234,2.0,0.21125277876853943,325,348,81,83
1059,41.13523774248808,1234,2.0,0.5208492875099182,269,257,30,26
7,41.16857261910274,1235,9.0,0.2809564769268036,982,82,37,55
1012,41.16857261910274,1235,2.0,0.5670888423919678,1038,414,85,47
1014,41.16857261910274,1235,9.0,0.22345583140850067,522,157,19,30
1018,41.16857261910274,1235,2.0,0.60910964012146,1727,548,91,33
1028,41.16857261910274,1235,2.0,0.6453074216842651,369,289,38,37
985,41.16857261910274,1235,5.0,0.2870738208293915,823,285,176,105
1006,41.16857261910274,1235,2.0,0.5572832822799683,338,363,61,57
1049,41.16857261910274,1235,2.0,0.8559702038764954,1710,645,170,78
1053,41.16857261910274,1235,2.0,0.3986343741416931,320,317,64,36
978,41.16857261910274,1235,2.0,0.27693280577659607,588,234,39,27
1055,41.16857261910274,1235,7.0,0.23210355639457703,827,286,175,103
1057,41.16857261910274,1235,2.0,0.3062319755554199,325,343,77,81
1059,41.16857261910274,1235,2.0,0.5820581912994385,271,259,33,28
7,41.20190749571739,1236,9.0,0.2605206370353699,982,82,37,56
1012,41.20190749571739,1236,2.0,0.6735774278640747,1029,410,84,46
1014,41.20190749571739,1236,9.0,0.16520646214485168,522,157,19,30
1018,41.20190749571739,1236,2.0,0.7069877982139587,1720,548,92,34
1028,41.20190749571739,1236,2.0,0.6119904518127441,371,292,39,38
985,41.20190749571739,1236,6.0,0.18001261353492737,819,284,177,105
1006,41.20190749571739,1236,2.0,0.6539312601089478,342,369,59,54
1049,41.20190749571739,1236,2.0,0.8589919805526733,1685,636,164,77
1053,41.20190749571739,1236,2.0,0.4773856997489929,320,318,62,37
978,41.20190749571739,1236,2.0,0.15296639502048492,583,234,37,27
1055,41.20190749571739,1236,7.0,0.18097169697284698,826,285,165,100
1059,41.20190749571739,1236,2.0,0.5491200089454651,272,260,32,29
7,41.23524237233205,1237,9.0,0.2394007444381714,983,82,37,56
1012,41.23524237233205,1237,2.0,0.7329326868057251,1017,406,84,43
1014,41.23524237233205,1237,9.0,0.20810112357139587,522,157,19,30
1018,41.23524237233205,1237,2.0,0.7442119717597961,1714,549,92,36
1028,41.23524237233205,1237,2.0,0.6395546793937683,373,294,39,38
985,41.23524237233205,1237,5.0,0.21530352532863617,814,283,172,104
1006,41.23524237233205,1237,2.0,0.5814535021781921,344,372,60,56
1049,41.23524237233205,1237,2.0,0.872198224067688,1662,626,161,74
1053,41.23524237233205,1237,2.0,0.3354828655719757,321,320,62,40
978,41.23524237233205,1237,2.0,0.2859349548816681,581,233,35,26
1055,41.23524237233205,1237,7.0,0.25104761123657227,819,285,165,99
1059,41.23524237233205,1237,2.0,0.647097647190094,273,263,32,31
7,41.26857724894671,1238,9.0,0.26399001479148865,983,82,37,55
1012,41.26857724894671,1238,2.0,0.6670475006103516,1008,402,83,43
1014,41.26857724894671,1238,9.0,0.17703993618488312,522,157,19,30
1018,41.26857724894671,1238,2.0,0.7531364560127258,1708,549,91,36
1028,41.26857724894671,1238,2.0,0.516412079334259,377,296,39,39
985,41.26857724894671,1238,5.0,0.27262401580810547,809,281,169,104
1006,41.26857724894671,1238,2.0,0.6260268092155457,344,377,65,55
1049,41.26857724894671,1238,2.0,0.8569770455360413,1638,617,159,73
1053,41.26857724894671,1238,2.0,0.2936004400253296,323,322,61,42
978,41.26857724894671,1238,2.0,0.11598193645477295,578,233,34,26
1055,41.26857724894671,1238,6.0,0.15062057971954346,812,283,166,97
1059,41.26857724894671,1238,2.0,0.6425783634185791,273,264,33,35
7,41.30191212556137,1239,9.0,0.2707977890968323,983,82,37,56
1012,41.30191212556137,1239,2.0,0.7079415321350098,999,399,79,41
1014,41.30191212556137,1239,9.0,0.15993094444274902,522,157,18,30
1018,41.30191212556137,1239,2.0,0.7605236768722534,1704,550,87,37
1028,41.30191212556137,1239,2.0,0.47038188576698303,380,300,40,37
985,41.30191212556137,1239,5.0,0.17449542880058289,804,280,165,104
1006,41.30191212556137,1239,2.0,0.5272466540336609,348,380,60,54
1049,41.30191212556137,1239,2.0,0.8064429759979248,1615,609,156,70
1053,41.30191212556137,1239,2.0,0.4829387366771698,326,328,60,43
1055,41.30191212556137,1239,6.0,0.16816197335720062,805,281,161,98
1059,41.30191212556137,1239,2.0,0.6791880130767822,273,266,34,36
7,41.335247002176025,1240,9.0,0.29921838641166687,983,82,37,56
1012,41.335247002176025,1240,2.0,0.5556888580322266,988,395,80,43
1014,41.335247002176025,1240,9.0,0.1618841141462326,522,157,18,29
1018,41.335247002176025,1240,2.0,0.7386348247528076,1698,549,88,38
1028,41.335247002176025,1240,2.0,0.5844518542289734,381,303,41,37
985,41.335247002176025,1240,6.0,0.12660136818885803,799,279,162,104
1006,41.335247002176025,1240,2.0,0.49426719546318054,349,381,65,60
1049,41.335247002176025,1240,2.0,0.8599326610565186,1594,600,145,68
1053,41.335247002176025,1240,2.0,0.5179932713508606,327,332,58,39
1055,41.335247002176025,1240,7.0,0.10604019463062286,803,281,156,99
1059,41.335247002176025,1240,2.0,0.7255643010139465,274,268,35,34
1057,41.335247002176025,1240,2.0,0.4847413897514343,337,368,86,86
7,41.368581878790685,1241,9.0,0.3021147549152374,983,82,37,56
1012,41.368581878790685,1241,2.0,0.5499470233917236,978,391,78,44
1014,41.368581878790685,1241,9.0,0.13270893692970276,522,157,18,29
1018,41.368581878790685,1241,2.0,0.7678719758987427,1692,549,88,40
1028,41.368581878790685,1241,2.0,0.6219080686569214,383,305,40,35
985,41.368581878790685,1241,6.0,0.1346958577632904,793,276,160,102
1006,41.368581878790685,1241,2.0,0.43765801191329956,352,384,65,63
1049,41.368581878790685,1241,2.0,0.8359816074371338,1573,592,143,69
1053,41.368581878790685,1241,2.0,0.4282359480857849,329,335,60,44
1055,41.368581878790685,1241,5.0,0.1756889820098877,795,276,159,101
1059,41.368581878790685,1241,2.0,0.6022809147834778,276,271,36,31
1057,41.368581878790685,1241,2.0,0.3217914402484894,342,375,84,84
7,41.401916755405345,1242,9.0,0.29288002848625183,983,82,37,56
1012,41.401916755405345,1242,2.0,0.6707037091255188,968,387,80,45
1014,41.401916755405345,1242,9.0,0.13759379088878632,522,157,18,29
1018,41.401916755405345,1242,2.0,0.7467867732048035,1686,549,90,39
1028,41.401916755405345,1242,2.0,0.6791115999221802,386,307,40,36
985,41.401916755405345,1242,5.0,0.24810802936553955,790,273,156,103
1006,41.401916755405345,1242,2.0,0.529961884021759,355,387,65,63
1049,41.401916755405345,1242,2.0,0.7718456983566284,1552,584,141,67
1053,41.401916755405345,1242,2.0,0.4968312382698059,331,336,61,48
1055,41.401916755405345,1242,6.0,0.15387222170829773,790,274,158,100
1059,41.401916755405345,1242,2.0,0.5760860443115234,276,273,37,31
1057,41.401916755405345,1242,2.0,0.2305864542722702,347,382,80,78
7,41.435251632020005,1243,9.0,0.29643163084983826,983,82,37,56
1012,41.435251632020005,1243,2.0,0.659944474697113,959,382,76,45
1014,41.435251632020005,1243,9.0,0.12690114974975586,522,157,18,29
1018,41.435251632020005,1243,2.0,0.7616004943847656,1681,549,92,39
1028,41.435251632020005,1243,2.0,0.6977104544639587,390,309,41,38
985,41.435251632020005,1243,7.0,0.16480883955955505,785,274,154,99
1006,41.435251632020005,1243,2.0,0.5105839371681213,359,393,63,62
1049,41.435251632020005,1243,2.0,0.86324542760849,1532,575,138,68
1053,41.435251632020005,1243,2.0,0.545602560043335,334,341,63,43
1055,41.435251632020005,1243,5.0,0.2668167054653168,785,273,155,100
1059,41.435251632020005,1243,2.0,0.3819860517978668,279,275,37,29
1057,41.435251632020005,1243,2.0,0.199992835521698,347,382,84,85
7,41.46858650863466,1244,9.0,0.27760034799575806,983,82,37,56
1012,41.46858650863466,1244,2.0,0.7623710632324219,951,379,75,44
1014,41.46858650863466,1244,9.0,0.13464941084384918,522,157,18,29
1018,41.46858650863466,1244,2.0,0.7783955931663513,1676,548,92,36
1028,41.46858650863466,1244,2.0,0.7382217049598694,393,312,43,40
985,41.46858650863466,1244,7.0,0.1875692903995514,780,272,158,96
1006,41.46858650863466,1244,2.0,0.5996607542037964,361,397,64,64
1049,41.46858650863466,1244,2.0,0.8101248741149902,1513,568,133,65
1053,41.46858650863466,1244,2.0,0.5507152080535889,335,346,65,42
1055,41.46858650863466,1244,5.0,0.4555039405822754,781,267,161,101
1059,41.46858650863466,1244,2.0,0.389661967754364,280,276,37,30
1057,41.46858650863466,1244,2.0,0.10765523463487625,350,392,85,76
7,41.50192138524932,1245,9.0,0.23875050246715546,983,82,37,55
1012,41.50192138524932,1245,2.0,0.691616952419281,942,374,75,44
1014,41.50192138524932,1245,9.0,0.13388219475746155,522,157,19,29
1018,41.50192138524932,1245,2.0,0.7538490891456604,1671,548,88,36
1028,41.50192138524932,1245,2.0,0.7310565114021301,396,315,43,41
985,41.50192138524932,1245,7.0,0.21493560075759888,777,271,158,95
1006,41.50192138524932,1245,2.0,0.6280138492584229,363,401,65,65
1049,41.50192138524932,1245,2.0,0.7066749930381775,1493,561,130,64
1053,41.50192138524932,1245,2.0,0.4997599124908447,337,348,66,42
1055,41.50192138524932,1245,5.0,0.39527639746665955,778,265,163,103
1059,41.50192138524932,1245,2.0,0.5100720524787903,281,278,40,28
1057,41.50192138524932,1245,2.0,0.11163772642612457,352,399,89,75
7,41.53525626186398,1246,9.0,0.26116859912872314,982,81,39,54
1012,41.53525626186398,1246,2.0,0.70766282081604,934,371,73,44
1014,41.53525626186398,1246,9.0,0.14794029295444489,523,157,19,29
1018,41.53525626186398,1246,2.0,0.7125800251960754,1665,548,87,38
1028,41.53525626186398,1246,2.0,0.7497696876525879,398,318,45,41
985,41.53525626186398,1246,7.0,0.30940932035446167,774,270,153,93
1006,41.53525626186398,1246,2.0,0.604088544845581,366,405,67,67
1049,41.53525626186398,1246,2.0,0.820220947265625,1476,554,127,61
1053,41.53525626186398,1246,2.0,0.4765746593475342,339,350,66,46
1055,41.53525626186398,1246,5.0,0.45535993576049805,774,264,159,102
1059,41.53525626186398,1246,2.0,0.4545367360115051,283,279,39,28
1057,41.53525626186398,1246,2.0,0.3056870102882385,354,394,91,90
7,41.56859113847864,1247,9.0,0.2513550817966461,982,81,39,54
1012,41.56859113847864,1247,2.0,0.6872402429580688,926,367,73,44
1014,41.56859113847864,1247,9.0,0.14143942296504974,523,157,19,29
1018,41.56859113847864,1247,2.0,0.6825737357139587,1661,549,83,38
1028,41.56859113847864,1247,2.0,0.6560198068618774,402,320,45,42
985,41.56859113847864,1247,7.0,0.20420919358730316,772,270,154,91
1006,41.56859113847864,1247,2.0,0.38641786575317383,367,408,72,69
1049,41.56859113847864,1247,2.0,0.4863937199115753,1459,546,118,59
1053,41.56859113847864,1247,2.0,0.3845058083534241,341,354,66,45
1055,41.56859113847864,1247,5.0,0.40018975734710693,771,263,159,99
1059,41.56859113847864,1247,2.0,0.49620139598846436,284,279,39,28
1057,41.56859113847864,1247,2.0,0.3008280098438263,357,400,90,86
7,41.60192601509329,1248,9.0,0.2560845613479614,982,81,39,53
1012,41.60192601509329,1248,2.0,0.45316094160079956,917,364,71,44
1014,41.60192601509329,1248,9.0,0.12493134289979935,523,157,19,29
1018,41.60192601509329,1248,2.0,0.7198531031608582,1658,550,79,37
1028,41.60192601509329,1248,2.0,0.6024319529533386,405,323,45,40
985,41.60192601509329,1248,7.0,0.14089368283748627,769,269,155,87
1006,41.60192601509329,1248,2.0,0.5826735496520996,370,413,71,69
1049,41.60192601509329,1248,2.0,0.8103122711181641,1441,540,119,59
1053,41.60192601509329,1248,2.0,0.4808278977870941,343,355,66,47
1055,41.60192601509329,1248,5.0,0.14896032214164734,766,261,162,99
1059,41.60192601509329,1248,2.0,0.5831896662712097,285,282,40,30
1057,41.60192601509329,1248,2.0,0.270089715719223,358,400,91,94
7,41.63526089170795,1249,9.0,0.26087868213653564,982,81,39,53
1012,41.63526089170795,1249,2.0,0.5599605441093445,909,362,67,41
1014,41.63526089170795,1249,9.0,0.12633301317691803,523,157,19,29
1018,41.63526089170795,1249,2.0,0.686292827129364,1654,550,74,39
1028,41.63526089170795,1249,2.0,0.6254260540008545,408,326,46,39
1006,41.63526089170795,1249,2.0,0.5449631810188293,377,420,66,63
1049,41.63526089170795,1249,2.0,0.6555207967758179,1423,533,120,59
1053,41.63526089170795,1249,2.0,0.3060719072818756,346,359,66,48
1059,41.63526089170795,1249,2.0,0.5487070679664612,287,284,37,31
1057,41.63526089170795,1249,2.0,0.11273930966854095,366,408,93,89
1063,41.63526089170795,1249,2.0,0.6315270662307739,1879,730,79,70
7,41.66859576832261,1250,9.0,0.24807122349739075,982,81,39,53
1012,41.66859576832261,1250,2.0,0.5870897769927979,902,360,66,37
1014,41.66859576832261,1250,9.0,0.13889910280704498,523,157,19,30
1018,41.66859576832261,1250,2.0,0.6116015315055847,1652,550,68,39
1028,41.66859576832261,1250,2.0,0.650847315788269,410,331,47,40
1006,41.66859576832261,1250,2.0,0.45629215240478516,382,426,67,65
1049,41.66859576832261,1250,2.0,0.7695375680923462,1405,526,119,59
1053,41.66859576832261,1250,2.0,0.3414490818977356,350,363,68,46
1059,41.66859576832261,1250,2.0,0.5415335893630981,288,287,39,33
1057,41.66859576832261,1250,2.0,0.2741822302341461,368,419,97,83
1063,41.66859576832261,1250,2.0,0.5768262147903442,1868,726,102,81
7,41.70193064493727,1251,9.0,0.238655686378479,982,81,39,53
1012,41.70193064493727,1251,2.0,0.5431591272354126,894,357,66,37
1014,41.70193064493727,1251,9.0,0.12754349410533905,523,157,19,29
1018,41.70193064493727,1251,2.0,0.5178473591804504,1648,550,65,38
1028,41.70193064493727,1251,2.0,0.6557875871658325,414,335,47,43
1006,41.70193064493727,1251,2.0,0.46375134587287903,384,429,72,70
1049,41.70193064493727,1251,2.0,0.7487269639968872,1390,520,118,58
1053,41.70193064493727,1251,2.0,0.5071663856506348,352,368,67,44
1059,41.70193064493727,1251,2.0,0.5120363831520081,289,289,40,37
1057,41.70193064493727,1251,2.0,0.2716134190559387,373,425,97,82
1063,41.70193064493727,1251,2.0,0.6784933805465698,1855,723,127,92
7,41.73526552155192,1252,9.0,0.23821429908275604,982,81,39,53
1012,41.73526552155192,1252,2.0,0.503771960735321,886,354,65,36
1014,41.73526552155192,1252,9.0,0.13139021396636963,523,157,19,29
1018,41.73526552155192,1252,2.0,0.5655103325843811,1645,550,60,36
1028,41.73526552155192,1252,2.0,0.7209482789039612,417,338,49,43
1006,41.73526552155192,1252,2.0,0.5561420321464539,387,432,74,74
1049,41.73526552155192,1252,2.0,0.7222626805305481,1374,514,115,58
1053,41.73526552155192,1252,2.0,0.607696533203125,354,371,67,42
1059,41.73526552155192,1252,2.0,0.5493296980857849,291,292,38,37
1057,41.73526552155192,1252,2.0,0.2306825816631317,377,428,96,84
1063,41.73526552155192,1252,2.0,0.47744449973106384,1842,715,154,96
7,41.76860039816658,1253,9.0,0.2297602742910385,982,81,40,53
1012,41.76860039816658,1253,2.0,0.5968136787414551,879,351,64,36
1014,41.76860039816658,1253,9.0,0.18210159242153168,523,157,19,30
1018,41.76860039816658,1253,2.0,0.27616938948631287,1641,548,55,31
1028,41.76860039816658,1253,2.0,0.700049638748169,420,341,51,42
1006,41.76860039816658,1253,2.0,0.610027015209198,390,436,72,76
1049,41.76860039816658,1253,2.0,0.5990667343139648,1357,509,111,54
1053,41.76860039816658,1253,2.0,0.5144743919372559,357,374,67,47
1059,41.76860039816658,1253,2.0,0.5208802223205566,292,293,37,36
1063,41.76860039816658,1253,2.0,0.5356931686401367,1828,702,180,95
7,41.80193527478124,1254,9.0,0.24192549288272858,982,81,39,53
1012,41.80193527478124,1254,2.0,0.48729386925697327,870,348,64,38
1014,41.80193527478124,1254,9.0,0.18424950540065765,523,157,19,30
1018,41.80193527478124,1254,2.0,0.3294909596443176,1635,548,54,30
1028,41.80193527478124,1254,2.0,0.7267345786094666,423,344,54,43
1006,41.80193527478124,1254,2.0,0.2495158165693283,391,441,77,79
1049,41.80193527478124,1254,2.0,0.6213948726654053,1340,502,107,53
1053,41.80193527478124,1254,2.0,0.41450974345207214,359,378,68,49
1059,41.80193527478124,1254,2.0,0.5053784847259521,294,293,38,39
1063,41.80193527478124,1254,2.0,0.5816468000411987,1810,690,200,92
1065,41.80193527478124,1254,2.0,0.6522109508514404,1863,779,112,86
1057,41.80193527478124,1254,2.0,0.5456507802009583,379,436,101,89
7,41.835270151395896,1255,9.0,0.23049896955490112,982,81,40,53
1012,41.835270151395896,1255,2.0,0.4012444019317627,862,345,64,37
1014,41.835270151395896,1255,9.0,0.17242564260959625,523,157,18,30
1018,41.835270151395896,1255,2.0,0.20539890229701996,1631,548,50,27
1028,41.835270151395896,1255,2.0,0.5419252514839172,428,346,51,45
1006,41.835270151395896,1255,2.0,0.5205098986625671,389,445,88,82
1049,41.835270151395896,1255,2.0,0.6849669814109802,1326,497,108,54
1053,41.835270151395896,1255,2.0,0.3992309868335724,362,383,71,48
1059,41.835270151395896,1255,2.0,0.5254703760147095,294,295,37,39
1063,41.835270151395896,1255,2.0,0.5121598243713379,1788,680,202,93
1065,41.835270151395896,1255,2.0,0.8307957053184509,1847,774,142,104
1057,41.835270151395896,1255,2.0,0.3378695249557495,380,432,108,110
7,41.868605028010556,1256,9.0,0.21258173882961273,982,81,40,53
1012,41.868605028010556,1256,2.0,0.3538646399974823,858,341,57,37
1014,41.868605028010556,1256,9.0,0.15391717851161957,523,157,18,30
1018,41.868605028010556,1256,2.0,0.11290692538022995,1626,548,53,26
1028,41.868605028010556,1256,2.0,0.6206512451171875,432,349,50,45
1006,41.868605028010556,1256,2.0,0.10791653394699097,396,452,84,79
1049,41.868605028010556,1256,2.0,0.6060536503791809,1311,490,106,52
1053,41.868605028010556,1256,2.0,0.27945828437805176,364,386,72,49
1059,41.868605028010556,1256,2.0,0.48678895831108093,296,297,37,37
1063,41.868605028010556,1256,2.0,0.5979983806610107,1762,669,198,86
1065,41.868605028010556,1256,2.0,0.839712917804718,1830,760,178,109
1057,41.868605028010556,1256,2.0,0.3456469178199768,383,433,111,120
7,41.901939904625216,1257,9.0,0.23760703206062317,982,81,40,53
1012,41.901939904625216,1257,2.0,0.4966667592525482,849,338,59,37
1014,41.901939904625216,1257,9.0,0.19887900352478027,522,157,18,30
1028,41.901939904625216,1257,2.0,0.7004773616790771,435,353,51,47
1006,41.901939904625216,1257,2.0,0.3437919020652771,397,454,88,89
1049,41.901939904625216,1257,2.0,0.7471345067024231,1298,484,102,51
1053,41.901939904625216,1257,2.0,0.3797098696231842,367,385,73,57
1059,41.901939904625216,1257,2.0,0.5603865385055542,297,300,37,36
1063,41.901939904625216,1257,2.0,0.5876628160476685,1736,656,191,83
1065,41.901939904625216,1257,2.0,0.8530563116073608,1805,743,202,105
1057,41.901939904625216,1257,2.0,0.4233308732509613,385,438,111,121
985,41.901939904625216,1257,5.0,0.3227270841598511,731,252,134,89
7,41.935274781239876,1258,9.0,0.23146678507328033,982,81,40,53
1012,41.935274781239876,1258,2.0,0.5350542664527893,841,336,58,36
1014,41.935274781239876,1258,9.0,0.23272199928760529,522,157,18,30
1028,41.935274781239876,1258,2.0,0.662086546421051,439,357,53,50
1006,41.935274781239876,1258,2.0,0.13844870030879974,395,458,101,93
1049,41.935274781239876,1258,2.0,0.6668354272842407,1285,478,106,53
1053,41.935274781239876,1258,2.0,0.20139309763908386,369,387,75,61
1059,41.935274781239876,1258,2.0,0.6166581511497498,299,301,40,37
1063,41.935274781239876,1258,2.0,0.31787607073783875,1710,644,187,73
1065,41.935274781239876,1258,2.0,0.8983694911003113,1771,726,204,104
1057,41.935274781239876,1258,2.0,0.4405120313167572,388,440,112,125
985,41.935274781239876,1258,5.0,0.10405123233795166,727,251,134,87
7,41.96860965785453,1259,9.0,0.22700396180152893,982,81,40,53
1012,41.96860965785453,1259,2.0,0.5965942740440369,835,334,58,36
1014,41.96860965785453,1259,9.0,0.24432304501533508,522,157,18,31
1028,41.96860965785453,1259,2.0,0.7114391326904297,443,360,54,51
1006,41.96860965785453,1259,2.0,0.4949013888835907,404,471,89,81
1049,41.96860965785453,1259,2.0,0.7479330897331238,1270,473,105,53
1053,41.96860965785453,1259,2.0,0.32753175497055054,371,388,75,64
1059,41.96860965785453,1259,2.0,0.6610466241836548,300,303,41,35
1065,41.96860965785453,1259,2.0,0.8654937744140625,1735,711,202,98
1057,41.96860965785453,1259,2.0,0.3115207254886627,397,453,104,117
985,41.96860965785453,1259,5.0,0.12398868054151535,722,249,135,89
7,42.00194453446919,1260,9.0,0.21823155879974365,982,81,40,53
1012,42.00194453446919,1260,2.0,0.5381314158439636,829,331,59,34
1014,42.00194453446919,1260,9.0,0.25123879313468933,522,157,18,31
1028,42.00194453446919,1260,2.0,0.7458867430686951,447,364,54,51
1006,42.00194453446919,1260,2.0,0.5326587557792664,413,480,84,77
1049,42.00194453446919,1260,2.0,0.7684018611907959,1257,468,101,53
1053,42.00194453446919,1260,2.0,0.18311823904514313,374,386,75,50
1059,42.00194453446919,1260,2.0,0.6445919871330261,301,304,42,36
1065,42.00194453446919,1260,2.0,0.8080309629440308,1698,695,196,94
1057,42.00194453446919,1260,2.0,0.3003985285758972,400,453,110,131
1063,42.00194453446919,1260,2.0,0.27921465039253235,1667,624,181,75
7,42.03527941108385,1261,9.0,0.21074044704437256,982,81,39,53
1012,42.03527941108385,1261,2.0,0.3489934802055359,823,329,55,32
1014,42.03527941108385,1261,9.0,0.1951046586036682,522,157,18,30
1028,42.03527941108385,1261,2.0,0.649950385093689,450,366,56,52
1006,42.03527941108385,1261,2.0,0.6087335348129272,419,484,81,78
1049,42.03527941108385,1261,2.0,0.7590754628181458,1245,464,100,51
1059,42.03527941108385,1261,2.0,0.6864751577377319,301,307,41,38
1065,42.03527941108385,1261,2.0,0.7381685376167297,1664,680,187,90
1057,42.03527941108385,1261,2.0,0.33060815930366516,401,456,117,135
1063,42.03527941108385,1261,2.0,0.10957413911819458,1639,610,168,64
7,42.06861428769851,1262,9.0,0.2057538628578186,982,81,39,53
1012,42.06861428769851,1262,2.0,0.39818286895751953,817,326,56,34
1014,42.06861428769851,1262,9.0,0.1874026507139206,522,157,18,30
1028,42.06861428769851,1262,2.0,0.6699244976043701,456,371,58,54
1006,42.06861428769851,1262,2.0,0.5226207375526428,422,491,85,83
1049,42.06861428769851,1262,2.0,0.6601263880729675,1231,459,101,51
1059,42.06861428769851,1262,2.0,0.6471120715141296,302,309,39,40
1065,42.06861428769851,1262,2.0,0.7382638454437256,1631,667,181,88
1063,42.06861428769851,1262,2.0,0.28441059589385986,1618,607,164,67
1075,42.06861428769851,1262,2.0,0.47524067759513855,383,416,82,57
7,42.10194916431316,1263,9.0,0.19660919904708862,982,81,39,53
1012,42.10194916431316,1263,2.0,0.36853641271591187,811,325,56,34
1014,42.10194916431316,1263,9.0,0.2488558143377304,522,157,18,30
1028,42.10194916431316,1263,2.0,0.6717031598091125,460,376,59,54
1006,42.10194916431316,1263,2.0,0.38812056183815,428,502,81,75
1049,42.10194916431316,1263,2.0,0.6394891738891602,1217,454,98,49
1059,42.10194916431316,1263,2.0,0.6776759028434753,303,312,41,41
1065,42.10194916431316,1263,2.0,0.7976163625717163,1601,652,173,83
1063,42.10194916431316,1263,2.0,0.18534381687641144,1598,599,162,71
1075,42.10194916431316,1263,2.0,0.16232238709926605,388,429,88,65
7,42.13528404092782,1264,9.0,0.19305777549743652,982,81,39,53
1012,42.13528404092782,1264,2.0,0.1781471222639084,804,321,57,36
1014,42.13528404092782,1264,9.0,0.28042927384376526,523,157,18,30
1028,42.13528404092782,1264,2.0,0.6657003164291382,464,381,59,54
1006,42.13528404092782,1264,2.0,0.6531383395195007,433,506,83,83
1049,42.13528404092782,1264,2.0,0.6815605759620667,1207,450,96,47
1059,42.13528404092782,1264,2.0,0.6351884007453918,306,313,40,41
1065,42.13528404092782,1264,2.0,0.4227461814880371,1572,639,169,85
1063,42.13528404092782,1264,2.0,0.5778816342353821,1573,610,163,106
1075,42.13528404092782,1264,2.0,0.28511956334114075,390,429,89,70
7,42.16861891754248,1265,9.0,0.20714907348155975,982,81,39,53
1012,42.16861891754248,1265,2.0,0.231801837682724,796,319,56,32
1014,42.16861891754248,1265,9.0,0.25328192114830017,523,157,18,30
1028,42.16861891754248,1265,2.0,0.6423356533050537,469,385,60,55
1006,42.16861891754248,1265,2.0,0.681129515171051,436,511,87,92
1049,42.16861891754248,1265,2.0,0.6883489489555359,1193,445,94,48
1059,42.16861891754248,1265,2.0,0.6222831010818481,308,317,39,39
1063,42.16861891754248,1265,2.0,0.7407941818237305,1550,607,166,115
1075,42.16861891754248,1265,2.0,0.46873149275779724,393,429,85,75
985,42.16861891754248,1265,5.0,0.27848973870277405,701,239,126,94
7,42.20195379415714,1266,9.0,0.2116633653640747,982,81,39,53
1012,42.20195379415714,1266,2.0,0.5084937810897827,790,317,55,33
1014,42.20195379415714,1266,9.0,0.21280787885189056,523,157,18,30
1028,42.20195379415714,1266,2.0,0.7204596400260925,474,391,60,58
1006,42.20195379415714,1266,2.0,0.6637066006660461,440,518,94,91
1049,42.20195379415714,1266,2.0,0.7405802011489868,1183,440,92,50
1059,42.20195379415714,1266,2.0,0.5871987342834473,310,318,42,42
1063,42.20195379415714,1266,2.0,0.7926161885261536,1526,600,171,112
1075,42.20195379415714,1266,2.0,0.4785959720611572,396,431,85,76
985,42.20195379415714,1266,5.0,0.24792395532131195,699,237,126,95
7,42.235288670771794,1267,9.0,0.2101188451051712,982,81,39,53
1012,42.235288670771794,1267,2.0,0.4413498640060425,786,314,55,36
1014,42.235288670771794,1267,9.0,0.22897322475910187,523,157,18,29
1028,42.235288670771794,1267,2.0,0.7047039866447449,478,395,62,59
1006,42.235288670771794,1267,2.0,0.5721469521522522,447,526,98,89
1049,42.235288670771794,1267,2.0,0.7281636595726013,1172,436,90,48
1059,42.235288670771794,1267,2.0,0.6747961640357971,312,321,43,43
1063,42.235288670771794,1267,2.0,0.7911362051963806,1503,592,177,112
1075,42.235288670771794,1267,2.0,0.372566282749176,400,438,85,68
985,42.235288670771794,1267,5.0,0.2785746455192566,698,237,122,93
7,42.268623547386454,1268,9.0,0.21155771613121033,982,81,39,53
1012,42.268623547386454,1268,2.0,0.34447920322418213,779,311,56,35
1014,42.268623547386454,1268,9.0,0.19260385632514954,523,157,18,30
1028,42.268623547386454,1268,2.0,0.7195083498954773,483,400,62,60
1006,42.268623547386454,1268,2.0,0.6125392317771912,453,534,99,96
1049,42.268623547386454,1268,2.0,0.6244836449623108,1160,432,90,48
1059,42.268623547386454,1268,2.0,0.6879820227622986,314,324,42,41
1075,42.268623547386454,1268,2.0,0.2989370822906494,405,448,87,60
985,42.268623547386454,1268,7.0,0.24385249614715576,695,236,124,91
1065,42.268623547386454,1268,2.0,0.7666875720024109,1481,583,182,95
7,42.301958424001114,1269,9.0,0.22493892908096313,982,81,39,53
1012,42.301958424001114,1269,2.0,0.5540600419044495,772,311,53,35
1014,42.301958424001114,1269,9.0,0.1649550050497055,523,157,18,29
1028,42.301958424001114,1269,2.0,0.7844412922859192,488,405,64,60
1006,42.301958424001114,1269,2.0,0.6729593873023987,459,541,101,97
1049,42.301958424001114,1269,2.0,0.6946021318435669,1149,427,87,49
1059,42.301958424001114,1269,2.0,0.6135933995246887,314,327,45,42
1075,42.301958424001114,1269,2.0,0.46534496545791626,409,447,91,74
985,42.301958424001114,1269,7.0,0.23132090270519257,693,235,126,90
1065,42.301958424001114,1269,2.0,0.7088605165481567,1457,574,180,81
1063,42.301958424001114,1269,2.0,0.6587806940078735,1444,581,149,82
7,42.335293300615774,1270,9.0,0.23688271641731262,982,81,39,52
1012,42.335293300615774,1270,2.0,0.6622970700263977,767,309,51,33
1014,42.335293300615774,1270,9.0,0.20326948165893555,523,157,18,29
1028,42.335293300615774,1270,2.0,0.7292473912239075,493,410,64,61
1006,42.335293300615774,1270,2.0,0.7550843358039856,461,545,104,108
1049,42.335293300615774,1270,2.0,0.6739689707756042,1138,424,84,46
1059,42.335293300615774,1270,2.0,0.5839654207229614,316,331,43,42
1075,42.335293300615774,1270,2.0,0.423013836145401,412,453,90,87
985,42.335293300615774,1270,7.0,0.21890473365783691,689,236,120,86
1065,42.335293300615774,1270,2.0,0.609420895576477,1438,564,185,79
1063,42.335293300615774,1270,2.0,0.636084258556366,1417,570,138,75
7,42.36862817723043,1271,9.0,0.24347500503063202,982,81,39,52
1012,42.36862817723043,1271,2.0,0.4926985204219818,762,307,54,32
1014,42.36862817723043,1271,9.0,0.1653326451778412,522,157,17,29
1028,42.36862817723043,1271,2.0,0.6171064376831055,498,415,62,63
1006,42.36862817723043,1271,2.0,0.6260873079299927,465,554,108,110
1049,42.36862817723043,1271,2.0,0.5931670069694519,1125,418,82,46
1059,42.36862817723043,1271,2.0,0.6053676009178162,317,334,43,44
1075,42.36862817723043,1271,2.0,0.22795403003692627,416,458,92,91
985,42.36862817723043,1271,7.0,0.14659442007541656,689,234,120,84
1065,42.36862817723043,1271,2.0,0.3369561433792114,1422,551,177,73
1063,42.36862817723043,1271,2.0,0.7023448944091797,1393,563,133,69
7,42.40196305384509,1272,9.0,0.23227952420711517,982,81,39,52
1012,42.40196305384509,1272,2.0,0.3505168855190277,758,304,53,32
1014,42.40196305384509,1272,9.0,0.162775918841362,522,157,17,29
1028,42.40196305384509,1272,2.0,0.7797806859016418,503,421,66,63
1006,42.40196305384509,1272,2.0,0.5673079490661621,468,561,115,114
1049,42.40196305384509,1272,2.0,0.6338658332824707,1114,413,86,49
1059,42.40196305384509,1272,2.0,0.5781274437904358,320,336,44,45
1075,42.40196305384509,1272,2.0,0.19920453429222107,420,463,93,91
985,42.40196305384509,1272,7.0,0.15929554402828217,687,234,119,81
1065,42.40196305384509,1272,2.0,0.10024487972259521,1388,546,152,70
1063,42.40196305384509,1272,2.0,0.786247193813324,1370,557,129,69
7,42.43529793045975,1273,9.0,0.22550538182258606,982,81,39,52
1014,42.43529793045975,1273,9.0,0.11128345131874084,522,157,18,29
1028,42.43529793045975,1273,2.0,0.7418711185455322,509,427,67,65
1006,42.43529793045975,1273,2.0,0.2333710938692093,472,571,122,115
1049,42.43529793045975,1273,2.0,0.6315090656280518,1104,410,84,47
1059,42.43529793045975,1273,2.0,0.6471678614616394,322,338,45,46
1075,42.43529793045975,1273,2.0,0.18177029490470886,425,478,98,74
1063,42.43529793045975,1273,2.0,0.8217073082923889,1348,548,130,68
7,42.4686328070744,1274,9.0,0.22095021605491638,982,81,39,52
1014,42.4686328070744,1274,9.0,0.10615496337413788,522,157,17,29
1028,42.4686328070744,1274,2.0,0.7372437119483948,516,433,67,66
1006,42.4686328070744,1274,2.0,0.40373238921165466,483,584,115,111
1049,42.4686328070744,1274,2.0,0.5759046077728271,1095,407,83,42
1059,42.4686328070744,1274,2.0,0.6975181698799133,324,339,45,47
1075,42.4686328070744,1274,2.0,0.11985742300748825,429,479,98,80
1063,42.4686328070744,1274,2.0,0.7244320511817932,1329,539,128,67
1012,42.4686328070744,1274,2.0,0.2978457510471344,747,299,54,35
7,42.50196768368906,1275,9.0,0.22629369795322418,982,81,39,52
1014,42.50196768368906,1275,9.0,0.12252413481473923,522,157,17,29
1028,42.50196768368906,1275,2.0,0.6129381656646729,521,439,69,69
1006,42.50196768368906,1275,2.0,0.5705444812774658,490,594,116,113
1049,42.50196768368906,1275,2.0,0.628247082233429,1086,404,80,41
1059,42.50196768368906,1275,2.0,0.7398213744163513,325,342,46,49
1063,42.50196768368906,1275,2.0,0.7268414497375488,1310,530,124,64
1012,42.50196768368906,1275,2.0,0.10184624046087265,740,299,55,34
7,42.53530256030372,1276,9.0,0.23068983852863312,982,81,39,52
1014,42.53530256030372,1276,9.0,0.10739020258188248,522,157,17,29
1028,42.53530256030372,1276,2.0,0.7798534035682678,528,446,72,69
1006,42.53530256030372,1276,2.0,0.675785481929779,497,608,118,109
1049,42.53530256030372,1276,2.0,0.4501323103904724,1076,401,82,38
1059,42.53530256030372,1276,2.0,0.7727184891700745,327,346,47,47
1063,42.53530256030372,1276,2.0,0.7898908257484436,1289,521,119,64
1012,42.53530256030372,1276,2.0,0.13238294422626495,735,296,51,35
1085,42.53530256030372,1276,2.0,0.5391673445701599,1388,518,94,61
7,42.56863743691838,1277,9.0,0.2412557154893875,982,81,39,52
1028,42.56863743691838,1277,2.0,0.7665494084358215,533,452,73,69
1006,42.56863743691838,1277,2.0,0.6993352174758911,502,612,124,124
1049,42.56863743691838,1277,2.0,0.4269367456436157,1071,397,70,37
1059,42.56863743691838,1277,2.0,0.7466060519218445,329,350,47,44
1063,42.56863743691838,1277,2.0,0.8034615516662598,1271,514,117,62
1012,42.56863743691838,1277,2.0,0.18719303607940674,731,295,50,35
1085,42.56863743691838,1277,2.0,0.4312798082828522,1376,513,87,60
7,42.60197231353303,1278,9.0,0.22725388407707214,982,81,39,53
1028,42.60197231353303,1278,2.0,0.6476939916610718,542,459,73,70
1006,42.60197231353303,1278,2.0,0.6370358467102051,508,621,128,128
1049,42.60197231353303,1278,2.0,0.4990686774253845,1059,393,77,41
1059,42.60197231353303,1278,2.0,0.654405951499939,331,355,49,45
1063,42.60197231353303,1278,2.0,0.7696900367736816,1252,506,116,60
1012,42.60197231353303,1278,2.0,0.5267134308815002,726,290,46,36
1085,42.60197231353303,1278,2.0,0.41533392667770386,1354,504,96,61
7,42.63530719014769,1279,9.0,0.2345781922340393,982,81,38,54
1028,42.63530719014769,1279,2.0,0.7421258091926575,548,467,75,70
1006,42.63530719014769,1279,2.0,0.5469024181365967,515,636,131,128
1049,42.63530719014769,1279,2.0,0.6329114437103271,1049,389,77,43
1059,42.63530719014769,1279,2.0,0.7513416409492493,334,358,49,46
1063,42.63530719014769,1279,2.0,0.7287266254425049,1234,499,112,59
1012,42.63530719014769,1279,2.0,0.5507097840309143,721,288,48,40
1085,42.63530719014769,1279,2.0,0.4049414396286011,1335,498,98,57
1057,42.63530719014769,1279,2.0,0.34116390347480774,456,519,109,107
7,42.66864206676235,1280,9.0,0.24598811566829681,982,81,39,53
1028,42.66864206676235,1280,2.0,0.7474030256271362,555,473,79,73
1006,42.66864206676235,1280,2.0,0.6633232235908508,523,646,137,133
1049,42.66864206676235,1280,2.0,0.5747330188751221,1041,385,77,42
1059,42.66864206676235,1280,2.0,0.681635320186615,336,361,50,48
1063,42.66864206676235,1280,2.0,0.6817207336425781,1217,490,110,59
1012,42.66864206676235,1280,2.0,0.5685470700263977,718,287,48,40
1085,42.66864206676235,1280,2.0,0.470977783203125,1321,492,103,57
1057,42.66864206676235,1280,2.0,0.4417649805545807,460,522,107,102
7,42.70197694337701,1281,9.0,0.25322115421295166,982,81,37,54
1028,42.70197694337701,1281,2.0,0.7387060523033142,563,480,82,75
1006,42.70197694337701,1281,2.0,0.5300036668777466,533,655,136,144
1049,42.70197694337701,1281,2.0,0.6421776413917542,1030,382,78,42
1059,42.70197694337701,1281,2.0,0.6758469343185425,338,363,50,49
1063,42.70197694337701,1281,2.0,0.7800416946411133,1199,482,108,59
1012,42.70197694337701,1281,2.0,0.4593427777290344,714,286,51,38
1085,42.70197694337701,1281,2.0,0.2905983030796051,1304,486,104,59
1057,42.70197694337701,1281,2.0,0.3625245690345764,465,530,111,107
7,42.735311819991665,1282,9.0,0.24757787585258484,983,82,37,55
1028,42.735311819991665,1282,2.0,0.7615835070610046,570,488,82,78
1006,42.735311819991665,1282,2.0,0.7281994223594666,541,666,140,151
1049,42.735311819991665,1282,2.0,0.6506862640380859,1020,378,77,40
1059,42.735311819991665,1282,2.0,0.6636378169059753,339,365,50,51
1063,42.735311819991665,1282,2.0,0.7139931917190552,1185,476,108,57
1012,42.735311819991665,1282,2.0,0.6696423292160034,709,284,47,35
1085,42.735311819991665,1282,2.0,0.27480724453926086,1289,482,106,58
1057,42.735311819991665,1282,2.0,0.3089217245578766,471,539,115,115
7,42.768646696606325,1283,9.0,0.24900881946086884,982,81,38,53
1028,42.768646696606325,1283,2.0,0.7112380266189575,579,496,82,79
1006,42.768646696606325,1283,2.0,0.7202120423316956,552,678,140,155
1049,42.768646696606325,1283,2.0,0.6920492053031921,1011,374,74,40
1059,42.768646696606325,1283,2.0,0.7670832872390747,341,369,50,50
1063,42.768646696606325,1283,2.0,0.6634132266044617,1169,469,106,54
1012,42.768646696606325,1283,2.0,0.4741917848587036,704,283,47,33
1085,42.768646696606325,1283,2.0,0.4246594309806824,1278,478,100,57
1057,42.768646696606325,1283,2.0,0.6113296747207642,477,550,118,120
7,42.801981573220985,1284,9.0,0.26051345467567444,982,81,38,53
1028,42.801981573220985,1284,2.0,0.6617265343666077,586,504,85,80
1006,42.801981573220985,1284,2.0,0.7092066407203674,559,692,148,159
1049,42.801981573220985,1284,2.0,0.6549649834632874,1003,372,75,38
1059,42.801981573220985,1284,2.0,0.7364645004272461,343,374,52,51
1063,42.801981573220985,1284,2.0,0.7698405385017395,1154,464,103,53
1012,42.801981573220985,1284,2.0,0.6273635029792786,699,281,45,32
1085,42.801981573220985,1284,2.0,0.22360338270664215,1263,473,98,53
1057,42.801981573220985,1284,2.0,0.5563713908195496,485,558,124,121
7,42.835316449835645,1285,9.0,0.254108190536499,982,81,37,54
1028,42.835316449835645,1285,2.0,0.7752248644828796,595,512,87,82
1006,42.835316449835645,1285,2.0,0.5315803289413452,570,706,161,165
1049,42.835316449835645,1285,2.0,0.5825921297073364,996,369,74,38
1059,42.835316449835645,1285,2.0,0.6996790170669556,345,378,54,53
1063,42.835316449835645,1285,2.0,0.7876202464103699,1141,457,102,54
1012,42.835316449835645,1285,2.0,0.5477170944213867,696,281,44,31
1085,42.835316449835645,1285,2.0,0.41357263922691345,1248,467,105,53
1057,42.835316449835645,1285,2.0,0.46733909845352173,491,568,126,126
7,42.8686513264503,1286,9.0,0.25377410650253296,982,82,37,55
1028,42.8686513264503,1286,2.0,0.6394234895706177,604,521,91,85
1006,42.8686513264503,1286,2.0,0.8015926480293274,581,724,165,164
1049,42.8686513264503,1286,2.0,0.5908983945846558,987,366,74,41
1059,42.8686513264503,1286,2.0,0.6236544847488403,348,381,55,53
1063,42.8686513264503,1286,2.0,0.7204204797744751,1126,452,103,53
1012,42.8686513264503,1286,2.0,0.3525312840938568,693,280,43,29
1085,42.8686513264503,1286,2.0,0.3458503186702728,1235,463,104,53
1057,42.8686513264503,1286,2.0,0.439370721578598,497,580,127,129
7,42.90198620306496,1287,9.0,0.24343547224998474,982,82,37,55
1028,42.90198620306496,1287,2.0,0.6361889243125916,613,529,96,88
1006,42.90198620306496,1287,2.0,0.7295984029769897,591,741,166,168
1049,42.90198620306496,1287,2.0,0.5726534724235535,980,363,70,38
1059,42.90198620306496,1287,2.0,0.6770087480545044,351,384,54,54
1063,42.90198620306496,1287,2.0,0.7011488676071167,1111,447,97,50
1012,42.90198620306496,1287,2.0,0.14010916650295258,688,277,42,30
1085,42.90198620306496,1287,2.0,0.5231029987335205,1222,457,103,55
1057,42.90198620306496,1287,2.0,0.5757923126220703,506,591,132,130
7,42.93532107967962,1288,9.0,0.24993662536144257,982,82,37,55
1028,42.93532107967962,1288,2.0,0.7429216504096985,623,538,96,91
1006,42.93532107967962,1288,2.0,0.7307378053665161,602,753,171,184
1049,42.93532107967962,1288,2.0,0.5679314732551575,972,361,70,38
1059,42.93532107967962,1288,2.0,0.6518058180809021,354,387,54,56
1063,42.93532107967962,1288,2.0,0.7490007877349854,1098,441,98,52
1012,42.93532107967962,1288,2.0,0.3573281168937683,683,274,44,33
1085,42.93532107967962,1288,2.0,0.5601965188980103,1210,452,106,54
1057,42.93532107967962,1288,2.0,0.6020641326904297,513,603,137,136
7,42.96865595629428,1289,9.0,0.24184507131576538,982,82,37,55
1028,42.96865595629428,1289,2.0,0.729773759841919,634,549,98,93
1006,42.96865595629428,1289,2.0,0.6086856126785278,612,768,175,191
1049,42.96865595629428,1289,2.0,0.5449496507644653,961,357,68,37
1059,42.96865595629428,1289,2.0,0.6253558993339539,356,390,55,57
1063,42.96865595629428,1289,2.0,0.7556791305541992,1084,434,98,52
1012,42.96865595629428,1289,2.0,0.6014614701271057,678,270,41,35
1085,42.96865595629428,1289,2.0,0.5826877355575562,1199,448,104,52
1057,42.96865595629428,1289,2.0,0.5727487206459045,521,614,139,144
7,43.00199083290893,1290,9.0,0.24755728244781494,982,82,37,55
1028,43.00199083290893,1290,2.0,0.851485013961792,644,559,101,96
1006,43.00199083290893,1290,2.0,0.745353102684021,624,792,182,186
1049,43.00199083290893,1290,2.0,0.6612588167190552,953,354,69,36
1059,43.00199083290893,1290,2.0,0.6075076460838318,359,394,56,59
1063,43.00199083290893,1290,2.0,0.7270485162734985,1070,428,95,52
1012,43.00199083290893,1290,2.0,0.5678287744522095,676,270,40,34
1085,43.00199083290893,1290,2.0,0.5790368914604187,1186,445,102,52
1057,43.00199083290893,1290,2.0,0.6108450293540955,529,629,145,149
7,43.03532570952359,1291,9.0,0.2717587351799011,982,82,37,55
1028,43.03532570952359,1291,2.0,0.7326080799102783,654,571,106,99
1006,43.03532570952359,1291,2.0,0.5320210456848145,636,813,190,185
1049,43.03532570952359,1291,2.0,0.700822651386261,947,352,67,36
1059,43.03532570952359,1291,2.0,0.5414626002311707,361,398,57,61
1063,43.03532570952359,1291,2.0,0.6461606621742249,1057,424,91,49
1012,43.03532570952359,1291,2.0,0.5210390090942383,672,268,42,36
1085,43.03532570952359,1291,2.0,0.649742066860199,1175,441,101,51
1057,43.03532570952359,1291,2.0,0.4639894962310791,537,638,147,149
7,43.06866058613825,1292,9.0,0.2543664276599884,982,82,37,55
1028,43.06866058613825,1292,2.0,0.737104058265686,665,582,110,101
1006,43.06866058613825,1292,2.0,0.8247413635253906,650,830,196,201
1049,43.06866058613825,1292,2.0,0.7253835201263428,941,350,68,37
1059,43.06866058613825,1292,2.0,0.6344517469406128,364,404,58,59
1063,43.06866058613825,1292,2.0,0.6063095331192017,1045,419,90,50
1012,43.06866058613825,1292,2.0,0.4080779254436493,670,266,40,36
1085,43.06866058613825,1292,2.0,0.6219224333763123,1163,434,102,54
1057,43.06866058613825,1292,2.0,0.4184114336967468,546,650,149,152
7,43.10199546275291,1293,9.0,0.255560040473938,982,82,37,55
1028,43.10199546275291,1293,2.0,0.7250520586967468,677,593,113,106
1006,43.10199546275291,1293,2.0,0.4457007944583893,663,848,203,212
1049,43.10199546275291,1293,2.0,0.6549736261367798,936,347,64,36
1059,43.10199546275291,1293,2.0,0.6383658051490784,366,410,59,58
1063,43.10199546275291,1293,2.0,0.7326652407646179,1034,414,87,50
1012,43.10199546275291,1293,2.0,0.39755988121032715,667,265,42,36
1085,43.10199546275291,1293,2.0,0.4231565594673157,1153,431,99,54
1057,43.10199546275291,1293,2.0,0.5764495134353638,554,666,154,162
7,43.13533033936756,1294,9.0,0.2616266906261444,982,82,37,55
1028,43.13533033936756,1294,2.0,0.7093173265457153,690,605,115,108
1006,43.13533033936756,1294,2.0,0.7058495879173279,680,863,210,209
1049,43.13533033936756,1294,2.0,0.5822607278823853,930,345,62,36
1059,43.13533033936756,1294,2.0,0.7149758338928223,369,413,59,58
1063,43.13533033936756,1294,2.0,0.6534510850906372,1021,410,85,47
1012,43.13533033936756,1294,2.0,0.12013164162635803,660,264,44,33
1085,43.13533033936756,1294,2.0,0.5338737964630127,1141,427,98,52
1057,43.13533033936756,1294,2.0,0.6809154748916626,567,680,167,167
7,43.16866521598222,1295,9.0,0.27252396941185,982,82,37,55
1028,43.16866521598222,1295,2.0,0.7656565308570862,703,618,118,112
1006,43.16866521598222,1295,2.0,0.7171844244003296,695,889,220,235
1049,43.16866521598222,1295,2.0,0.5217857956886292,926,342,55,35
1059,43.16866521598222,1295,2.0,0.6155131459236145,371,417,59,62
1063,43.16866521598222,1295,2.0,0.7281537055969238,1010,406,84,47
1012,43.16866521598222,1295,2.0,0.1441185027360916,657,262,36,27
1085,43.16866521598222,1295,2.0,0.548212468624115,1131,423,99,52
1057,43.16866521598222,1295,2.0,0.8186191320419312,575,695,170,173
7,43.20200009259688,1296,9.0,0.26788559556007385,982,82,37,55
1028,43.20200009259688,1296,2.0,0.7937657237052917,716,631,121,116
1006,43.20200009259688,1296,2.0,0.7530214190483093,712,911,226,246
1049,43.20200009259688,1296,2.0,0.5848513245582581,917,339,55,34
1059,43.20200009259688,1296,2.0,0.6099511981010437,375,422,59,64
1063,43.20200009259688,1296,2.0,0.7426688075065613,999,402,80,43
1012,43.20200009259688,1296,2.0,0.3296850323677063,652,260,38,28
1085,43.20200009259688,1296,2.0,0.5659789443016052,1121,419,95,53
1057,43.20200009259688,1296,2.0,0.6622087955474854,585,713,173,184
7,43.235334969211536,1297,9.0,0.26785585284233093,982,82,37,55
1028,43.235334969211536,1297,2.0,0.7047972083091736,731,645,125,118
1006,43.235334969211536,1297,2.0,0.80182945728302,729,936,230,253
1049,43.235334969211536,1297,2.0,0.6468803286552429,910,338,60,33
1059,43.235334969211536,1297,2.0,0.621421754360199,379,427,62,64
1063,43.235334969211536,1297,2.0,0.6744337677955627,988,397,78,42
1012,43.235334969211536,1297,2.0,0.20830410718917847,649,259,39,28
1085,43.235334969211536,1297,2.0,0.48115646839141846,1110,415,95,50
1057,43.235334969211536,1297,2.0,0.6682365536689758,595,730,177,190
7,43.268669845826196,1298,9.0,0.2579368054866791,982,82,37,55
1028,43.268669845826196,1298,2.0,0.7357675433158875,746,661,129,122
1006,43.268669845826196,1298,2.0,0.8027096390724182,746,954,241,247
1049,43.268669845826196,1298,2.0,0.6209635138511658,901,335,61,33
1059,43.268669845826196,1298,2.0,0.7113586664199829,382,433,66,65
1063,43.268669845826196,1298,2.0,0.6222065091133118,977,390,78,45
1012,43.268669845826196,1298,2.0,0.35642677545547485,645,257,40,28
1085,43.268669845826196,1298,2.0,0.6024887561798096,1101,413,92,50
1057,43.268669845826196,1298,2.0,0.7323945164680481,607,750,183,201
7,43.302004722440856,1299,9.0,0.24441300332546234,982,82,37,55
1028,43.302004722440856,1299,2.0,0.555194079875946,760,676,134,126
1006,43.302004722440856,1299,2.0,0.7013996243476868,765,966,250,227
1049,43.302004722440856,1299,2.0,0.4619235396385193,894,332,62,33
1059,43.302004722440856,1299,2.0,0.7249916195869446,386,436,67,64
1063,43.302004722440856,1299,2.0,0.6363915205001831,965,385,80,50
1012,43.302004722440856,1299,2.0,0.10737115144729614,642,256,40,29
1085,43.302004722440856,1299,2.0,0.557002067565918,1093,408,93,49
1057,43.302004722440856,1299,2.0,0.6690124273300171,619,766,188,206
7,43.335339599055516,1300,9.0,0.24392040073871613,982,82,37,55
1028,43.335339599055516,1300,2.0,0.6013350486755371,776,692,139,131
1006,43.335339599055516,1300,2.0,0.18933731317520142,778,977,255,205
1049,43.335339599055516,1300,2.0,0.4724101722240448,888,329,59,32
1059,43.335339599055516,1300,2.0,0.7185086011886597,389,441,66,68
1063,43.335339599055516,1300,2.0,0.6653976440429688,955,381,77,49
1085,43.335339599055516,1300,2.0,0.3974136710166931,1084,405,92,47
1057,43.335339599055516,1300,2.0,0.6419098377227783,631,785,197,218
7,43.36867447567017,1301,9.0,0.2510492205619812,982,82,37,55
1028,43.36867447567017,1301,2.0,0.671995222568512,793,709,144,135
1049,43.36867447567017,1301,2.0,0.4634312093257904,881,328,57,32
1059,43.36867447567017,1301,2.0,0.6776931881904602,392,446,64,69
1063,43.36867447567017,1301,2.0,0.681438684463501,946,378,75,47
1085,43.36867447567017,1301,2.0,0.4775037467479706,1075,402,84,44
1057,43.36867447567017,1301,2.0,0.6426057815551758,643,807,204,226
7,43.40200935228483,1302,9.0,0.23094972968101501,982,82,37,55
1028,43.40200935228483,1302,2.0,0.6896935105323792,811,727,147,141
1049,43.40200935228483,1302,2.0,0.5035886168479919,876,325,56,30
1059,43.40200935228483,1302,2.0,0.6119689345359802,396,452,67,69
1063,43.40200935228483,1302,2.0,0.6181501150131226,935,375,74,47
1085,43.40200935228483,1302,2.0,0.43393224477767944,1067,398,80,44
1057,43.40200935228483,1302,2.0,0.4053204655647278,657,826,207,233
7,43.43534422889949,1303,9.0,0.24203886091709137,982,82,37,55
1028,43.43534422889949,1303,2.0,0.6466413140296936,830,745,153,146
1049,43.43534422889949,1303,2.0,0.4667527973651886,872,324,55,31
1059,43.43534422889949,1303,2.0,0.5736199021339417,399,458,67,69
1063,43.43534422889949,1303,2.0,0.7360670566558838,927,370,74,46
1085,43.43534422889949,1303,2.0,0.6724981069564819,1058,394,85,45
1057,43.43534422889949,1303,2.0,0.3451104462146759,675,847,215,241
7,43.46867910551415,1304,9.0,0.24278654158115387,982,81,38,54
1028,43.46867910551415,1304,2.0,0.7415808439254761,850,765,160,151
1049,43.46867910551415,1304,2.0,0.4661726951599121,865,322,51,30
1059,43.46867910551415,1304,2.0,0.5982445478439331,402,465,69,70
1063,43.46867910551415,1304,2.0,0.6742924451828003,919,366,76,46
1085,43.46867910551415,1304,2.0,0.6511105298995972,1048,390,82,45
1057,43.46867910551415,1304,2.0,0.5364106297492981,691,877,225,262
7,43.5020139821288,1305,9.0,0.22070489823818207,982,82,38,54
1028,43.5020139821288,1305,2.0,0.7310295104980469,869,785,167,156
1049,43.5020139821288,1305,2.0,0.34665295481681824,859,320,56,33
1059,43.5020139821288,1305,2.0,0.6315872073173523,407,471,69,69
1063,43.5020139821288,1305,2.0,0.5921077132225037,910,363,70,45
1085,43.5020139821288,1305,2.0,0.6244800686836243,1039,387,82,46
1057,43.5020139821288,1305,2.0,0.7376101016998291,706,898,229,262
1102,43.5020139821288,1305,2.0,0.5776763558387756,267,680,66,63
1103,43.5020139821288,1305,2.0,0.6461661458015442,1817,752,203,109
1104,43.5020139821288,1305,2.0,0.514982283115387,1901,553,34,24
7,43.53534885874346,1306,9.0,0.2338806390762329,982,82,37,54
1028,43.53534885874346,1306,2.0,0.7190238237380981,891,807,174,163
1049,43.53534885874346,1306,2.0,0.5621483325958252,856,318,50,33
1059,43.53534885874346,1306,2.0,0.7010082006454468,411,476,72,72
1063,43.53534885874346,1306,2.0,0.6743096113204956,901,360,69,43
1085,43.53534885874346,1306,2.0,0.6766822338104248,1029,383,82,43
1057,43.53534885874346,1306,2.0,0.5505340099334717,724,923,242,272
1102,43.53534885874346,1306,2.0,0.6643648743629456,259,680,77,70
1103,43.53534885874346,1306,2.0,0.6814326643943787,1792,738,209,98
1104,43.53534885874346,1306,2.0,0.5808947682380676,1899,553,38,25
7,43.56868373535812,1307,9.0,0.22695928812026978,982,81,39,53
1028,43.56868373535812,1307,2.0,0.6287707686424255,914,830,182,171
1049,43.56868373535812,1307,2.0,0.5976317524909973,849,315,46,30
1059,43.56868373535812,1307,2.0,0.5846176743507385,415,482,72,73
1063,43.56868373535812,1307,2.0,0.5682578682899475,891,357,68,42
1085,43.56868373535812,1307,2.0,0.5697392821311951,1021,380,80,43
1057,43.56868373535812,1307,2.0,0.48735126852989197,741,942,251,267
1102,43.56868373535812,1307,2.0,0.7346837520599365,251,678,94,75
1103,43.56868373535812,1307,2.0,0.6867367625236511,1754,724,200,94
1104,43.56868373535812,1307,2.0,0.5808295011520386,1896,554,43,27
7,43.60201861197278,1308,9.0,0.24402295053005219,982,82,38,54
1028,43.60201861197278,1308,2.0,0.5135236382484436,939,853,187,177
1049,43.60201861197278,1308,2.0,0.49910086393356323,842,312,49,29
1059,43.60201861197278,1308,2.0,0.6593773365020752,418,488,73,73
1063,43.60201861197278,1308,2.0,0.6903542280197144,883,355,64,39
1085,43.60201861197278,1308,2.0,0.5680529475212097,1013,376,81,44
1057,43.60201861197278,1308,2.0,0.2747325897216797,756,955,257,248
1102,43.60201861197278,1308,2.0,0.703143298625946,243,677,113,77
1103,43.60201861197278,1308,2.0,0.725382924079895,1719,710,191,91
1104,43.60201861197278,1308,2.0,0.6019068956375122,1894,554,48,28
7,43.635353488587434,1309,9.0,0.2466178685426712,982,82,37,55
1028,43.635353488587434,1309,2.0,0.719356119632721,965,879,194,187
1049,43.635353488587434,1309,2.0,0.5371537804603577,834,310,47,29
1059,43.635353488587434,1309,2.0,0.6654270887374878,422,495,74,79
1063,43.635353488587434,1309,2.0,0.4597914516925812,875,350,65,38
1085,43.635353488587434,1309,2.0,0.6113133430480957,1005,374,80,45
1102,43.635353488587434,1309,2.0,0.7591893672943115,234,679,131,78
1103,43.635353488587434,1309,2.0,0.7175319194793701,1685,694,184,90
1104,43.635353488587434,1309,2.0,0.6466435194015503,1891,554,54,28
1107,43.635353488587434,1309,2.0,0.4838492274284363,270,254,28,26
7,43.668688365202094,1310,9.0,0.24727673828601837,982,82,37,55
1028,43.668688365202094,1310,2.0,0.7935223579406738,994,903,204,187
1049,43.668688365202094,1310,2.0,0.5054068565368652,827,308,51,29
1059,43.668688365202094,1310,2.0,0.5600837469100952,427,502,75,79
1063,43.668688365202094,1310,2.0,0.5663368701934814,865,347,65,40
1085,43.668688365202094,1310,2.0,0.7108367085456848,998,372,80,43
1102,43.668688365202094,1310,2.0,0.7435120940208435,222,680,144,76
1103,43.668688365202094,1310,2.0,0.7282718420028687,1654,680,179,85
1104,43.668688365202094,1310,2.0,0.6299951672554016,1889,554,58,29
1107,43.668688365202094,1310,2.0,0.591935396194458,271,254,28,26
7,43.702023241816754,1311,9.0,0.24147139489650726,982,82,37,55
1028,43.702023241816754,1311,2.0,0.8076757788658142,1023,931,212,192
1049,43.702023241816754,1311,2.0,0.34753885865211487,821,307,54,30
1059,43.702023241816754,1311,2.0,0.590431272983551,431,509,76,81
1063,43.702023241816754,1311,2.0,0.5657334327697754,858,344,66,41
1085,43.702023241816754,1311,2.0,0.5353460907936096,989,367,78,45
1102,43.702023241816754,1311,2.0,0.676299512386322,212,680,158,77
1103,43.702023241816754,1311,2.0,0.5978068709373474,1626,668,175,82
1104,43.702023241816754,1311,2.0,0.5755845308303833,1887,553,61,27
1107,43.702023241816754,1311,2.0,0.5541983842849731,272,256,31,27
7,43.735358118431414,1312,9.0,0.23466040194034576,982,82,37,55
1028,43.735358118431414,1312,2.0,0.7993534803390503,1054,961,223,204
1049,43.735358118431414,1312,2.0,0.40738198161125183,817,304,56,31
1059,43.735358118431414,1312,2.0,0.6639024615287781,435,515,79,83
1063,43.735358118431414,1312,2.0,0.5115461945533752,850,340,66,42
1085,43.735358118431414,1312,2.0,0.6451212167739868,980,364,78,45
1102,43.735358118431414,1312,2.0,0.6903491616249084,199,683,168,81
1103,43.735358118431414,1312,2.0,0.7051680088043213,1597,655,170,82
1104,43.735358118431414,1312,2.0,0.5484311580657959,1885,554,64,27
1107,43.735358118431414,1312,2.0,0.7160999178886414,272,257,32,27
7,43.76869299504607,1313,9.0,0.22403272986412048,982,82,37,55
1028,43.76869299504607,1313,2.0,0.6651020050048828,1086,983,235,192
1049,43.76869299504607,1313,2.0,0.39474859833717346,813,303,57,32
1059,43.76869299504607,1313,2.0,0.6407370567321777,440,521,81,85
1063,43.76869299504607,1313,2.0,0.492890864610672,842,338,63,40
1085,43.76869299504607,1313,2.0,0.655580461025238,972,363,78,45
1102,43.76869299504607,1313,2.0,0.6986937522888184,183,683,173,81
1103,43.76869299504607,1313,2.0,0.7037055492401123,1570,644,162,80
1104,43.76869299504607,1313,2.0,0.5865386128425598,1880,554,69,27
1107,43.76869299504607,1313,2.0,0.5880665183067322,273,258,32,27
7,43.80202787166073,1314,9.0,0.20288456976413727,982,81,38,54
1028,43.80202787166073,1314,2.0,0.20026272535324097,1106,998,253,163
1049,43.80202787166073,1314,2.0,0.3631059229373932,809,303,57,30
1059,43.80202787166073,1314,2.0,0.6331496238708496,444,529,82,86
1063,43.80202787166073,1314,2.0,0.49200889468193054,836,334,58,40
1085,43.80202787166073,1314,2.0,0.5853500366210938,964,359,77,44
1102,43.80202787166073,1314,2.0,0.5812206864356995,167,683,173,79
1103,43.80202787166073,1314,2.0,0.7117908000946045,1545,634,154,78
1104,43.80202787166073,1314,2.0,0.6123117208480835,1877,554,77,28
1107,43.80202787166073,1314,2.0,0.7245433330535889,274,259,33,28
7,43.83536274827539,1315,9.0,0.22022731602191925,982,81,39,53
1028,43.83536274827539,1315,2.0,0.620927631855011,1072,1014,367,131
1049,43.83536274827539,1315,2.0,0.3943310081958771,804,301,57,33
1059,43.83536274827539,1315,2.0,0.6728747487068176,450,538,85,89
1063,43.83536274827539,1315,2.0,0.5136634707450867,823,325,69,55
1085,43.83536274827539,1315,2.0,0.6396278738975525,956,356,76,43
1102,43.83536274827539,1315,2.0,0.6531891822814941,149,686,176,78
1103,43.83536274827539,1315,2.0,0.6292648315429688,1519,623,149,75
1104,43.83536274827539,1315,2.0,0.6043341755867004,1874,554,80,30
1107,43.83536274827539,1315,2.0,0.562839686870575,276,260,32,30
7,43.86869762489004,1316,9.0,0.23718592524528503,982,81,39,52
1059,43.86869762489004,1316,2.0,0.7044862508773804,457,545,88,88
1063,43.86869762489004,1316,2.0,0.5558393001556396,817,323,66,54
1085,43.86869762489004,1316,2.0,0.6934264898300171,949,355,73,42
1102,43.86869762489004,1316,2.0,0.6872564554214478,131,688,180,79
1103,43.86869762489004,1316,2.0,0.7477326989173889,1494,613,150,74
1104,43.86869762489004,1316,2.0,0.7101925015449524,1871,554,83,31
1107,43.86869762489004,1316,2.0,0.648059070110321,277,262,35,32
7,43.9020325015047,1317,9.0,0.24123145639896393,982,81,39,52
1059,43.9020325015047,1317,2.0,0.6521185636520386,462,554,87,90
1063,43.9020325015047,1317,2.0,0.5516359806060791,812,322,63,51
1085,43.9020325015047,1317,2.0,0.7119432091712952,943,352,72,43
1102,43.9020325015047,1317,2.0,0.7037962675094604,113,690,181,80
1103,43.9020325015047,1317,2.0,0.7014814615249634,1471,602,149,72
1104,43.9020325015047,1317,2.0,0.68263179063797,1867,554,84,32
1107,43.9020325015047,1317,2.0,0.661229133605957,278,264,35,34
7,43.93536737811936,1318,9.0,0.22529824078083038,982,81,39,53
1059,43.93536737811936,1318,2.0,0.43339213728904724,466,562,89,93
1063,43.93536737811936,1318,2.0,0.5055291652679443,805,317,65,51
1085,43.93536737811936,1318,2.0,0.6897066235542297,938,350,70,40
1102,43.93536737811936,1318,2.0,0.5937785506248474,94,691,181,78
1103,43.93536737811936,1318,2.0,0.5044149160385132,1448,593,143,71
1104,43.93536737811936,1318,2.0,0.6868225336074829,1862,555,85,31
1107,43.93536737811936,1318,2.0,0.6740827560424805,279,267,37,31
7,43.96870225473402,1319,9.0,0.23449257016181946,982,81,39,53
1059,43.96870225473402,1319,2.0,0.5869136452674866,472,570,90,98
1063,43.96870225473402,1319,2.0,0.46264445781707764,797,314,65,50
1085,43.96870225473402,1319,2.0,0.6704072952270508,933,348,70,40
1102,43.96870225473402,1319,2.0,0.6862199306488037,83,693,166,77
1103,43.96870225473402,1319,2.0,0.5711023807525635,1427,583,140,68
1104,43.96870225473402,1319,2.0,0.7556523084640503,1855,555,85,32
1107,43.96870225473402,1319,2.0,0.6195032000541687,280,270,37,31
7,44.00203713134867,1320,9.0,0.2345372587442398,982,81,39,53
1059,44.00203713134867,1320,2.0,0.5182885527610779,479,580,92,99
1063,44.00203713134867,1320,2.0,0.514062762260437,792,313,62,45
1085,44.00203713134867,1320,2.0,0.5911404490470886,926,345,69,42
1102,44.00203713134867,1320,2.0,0.5775684118270874,74,691,149,72
1103,44.00203713134867,1320,2.0,0.6635891199111938,1405,573,135,68
1104,44.00203713134867,1320,2.0,0.7202035784721375,1849,556,83,31
1107,44.00203713134867,1320,2.0,0.5200652480125427,282,270,36,30
7,44.03537200796333,1321,9.0,0.2553052306175232,982,81,39,53
1059,44.03537200796333,1321,2.0,0.6531753540039062,486,589,94,101
1063,44.03537200796333,1321,2.0,0.6018063426017761,784,308,63,51
1085,44.03537200796333,1321,2.0,0.5613841414451599,918,342,70,42
1102,44.03537200796333,1321,2.0,0.2937822639942169,64,692,128,71
1103,44.03537200796333,1321,2.0,0.7275820970535278,1385,565,134,64
1104,44.03537200796333,1321,2.0,0.7410934567451477,1844,555,85,32
1107,44.03537200796333,1321,2.0,0.5493249893188477,283,272,37,31
7,44.06870688457799,1322,9.0,0.28019455075263977,982,81,39,53
1059,44.06870688457799,1322,2.0,0.47846221923828125,492,599,98,105
1063,44.06870688457799,1322,2.0,0.6536087393760681,778,304,63,53
1085,44.06870688457799,1322,2.0,0.5706236362457275,911,340,71,40
1102,44.06870688457799,1322,7.0,0.3768470585346222,55,693,111,72
1103,44.06870688457799,1322,2.0,0.7289665341377258,1366,557,132,64
1104,44.06870688457799,1322,2.0,0.7365681529045105,1840,555,85,31
1107,44.06870688457799,1322,2.0,0.4303954243659973,284,274,36,30
7,44.10204176119265,1323,9.0,0.2678678035736084,982,81,39,53
1059,44.10204176119265,1323,2.0,0.6187581419944763,498,608,100,107
1063,44.10204176119265,1323,2.0,0.6733865737915039,770,301,62,54
1085,44.10204176119265,1323,2.0,0.6782137155532837,904,337,68,39
1102,44.10204176119265,1323,2.0,0.4775213599205017,45,695,91,71
1103,44.10204176119265,1323,2.0,0.8059433102607727,1346,549,133,66
1104,44.10204176119265,1323,2.0,0.762505054473877,1833,556,84,32
1107,44.10204176119265,1323,2.0,0.46231043338775635,286,275,39,32
7,44.135376637807305,1324,9.0,0.26132556796073914,982,81,39,53
1059,44.135376637807305,1324,2.0,0.6496487855911255,505,619,102,109
1063,44.135376637807305,1324,2.0,0.5764285326004028,766,301,56,53
1085,44.135376637807305,1324,2.0,0.41884687542915344,898,335,66,37
1102,44.135376637807305,1324,2.0,0.6396791338920593,36,695,73,71
1103,44.135376637807305,1324,2.0,0.6974660158157349,1327,541,127,62
1104,44.135376637807305,1324,2.0,0.7316840291023254,1828,556,83,31
1107,44.135376637807305,1324,2.0,0.5560349822044373,287,277,40,31
7,44.168711514421965,1325,9.0,0.2659776508808136,982,81,39,53
1059,44.168711514421965,1325,2.0,0.4574393928050995,512,629,106,112
1063,44.168711514421965,1325,2.0,0.6251469254493713,762,299,56,56
1085,44.168711514421965,1325,2.0,0.500636100769043,891,333,66,38
1102,44.168711514421965,1325,2.0,0.4914035201072693,26,697,52,68
1103,44.168711514421965,1325,2.0,0.7210593223571777,1310,532,126,61
1104,44.168711514421965,1325,2.0,0.7739578485488892,1823,555,80,32
1107,44.168711514421965,1325,2.0,0.4508908689022064,288,278,37,33
7,44.202046391036625,1326,9.0,0.2561759650707245,982,81,39,53
1059,44.202046391036625,1326,7.0,0.5538731217384338,519,641,108,117
1063,44.202046391036625,1326,2.0,0.685936450958252,757,297,55,54
1085,44.202046391036625,1326,2.0,0.438994437456131,886,331,64,39
1102,44.202046391036625,1326,7.0,0.17266446352005005,17,698,34,63
1103,44.202046391036625,1326,2.0,0.8427924513816833,1291,524,123,60
1104,44.202046391036625,1326,2.0,0.7345561981201172,1818,556,82,34
1107,44.202046391036625,1326,2.0,0.6173677444458008,290,280,37,33
1125,44.202046391036625,1326,2.0,0.5260322690010071,518,641,109,118
7,44.235381267651285,1327,9.0,0.2384822964668274,982,81,39,53
1059,44.235381267651285,1327,2.0,0.4692632555961609,527,653,112,121
1063,44.235381267651285,1327,2.0,0.6326169371604919,751,294,55,53
1085,44.235381267651285,1327,2.0,0.5100193619728088,881,329,62,37
1103,44.235381267651285,1327,2.0,0.7251704335212708,1274,517,122,60
1104,44.235381267651285,1327,2.0,0.6835001111030579,1813,558,82,34
1107,44.235381267651285,1327,2.0,0.5379446744918823,290,282,37,33
7,44.26871614426594,1328,9.0,0.2629464268684387,982,81,39,53
1059,44.26871614426594,1328,2.0,0.5670152902603149,536,665,110,124
1063,44.26871614426594,1328,2.0,0.5615506172180176,745,292,56,51
1085,44.26871614426594,1328,2.0,0.5084398984909058,876,327,62,35
1103,44.26871614426594,1328,2.0,0.830284595489502,1257,510,118,58
1104,44.26871614426594,1328,2.0,0.6867154240608215,1807,558,82,34
1107,44.26871614426594,1328,2.0,0.5674368739128113,291,283,38,32
7,44.3020510208806,1329,9.0,0.2732640504837036,982,81,39,53
1059,44.3020510208806,1329,2.0,0.43322399258613586,544,678,114,127
1063,44.3020510208806,1329,2.0,0.5644832253456116,739,290,54,50
1085,44.3020510208806,1329,2.0,0.690750002861023,870,324,64,37
1103,44.3020510208806,1329,2.0,0.7535146474838257,1241,502,115,58
1104,44.3020510208806,1329,2.0,0.7361989617347717,1803,558,81,35
1107,44.3020510208806,1329,2.0,0.615307092666626,292,284,37,32
7,44.33538589749526,1330,9.0,0.27228522300720215,982,81,39,53
1059,44.33538589749526,1330,2.0,0.6234623789787292,552,690,120,130
1063,44.33538589749526,1330,2.0,0.5985138416290283,735,289,54,50
1085,44.33538589749526,1330,2.0,0.506203830242157,864,322,65,38
1103,44.33538589749526,1330,2.0,0.7534351348876953,1224,496,110,55
1104,44.33538589749526,1330,2.0,0.7114408612251282,1797,557,81,39
1107,44.33538589749526,1330,2.0,0.5603741407394409,294,285,36,34
1128,44.33538589749526,1330,2.0,0.7813076376914978,1874,800,89,77
7,44.36872077410992,1331,9.0,0.273259699344635,982,81,39,53
1059,44.36872077410992,1331,2.0,0.6437804102897644,562,704,121,136
1063,44.36872077410992,1331,2.0,0.6297303438186646,729,287,51,48
1085,44.36872077410992,1331,2.0,0.6011587381362915,858,320,64,38
1103,44.36872077410992,1331,2.0,0.7293182015419006,1209,489,109,55
1104,44.36872077410992,1331,2.0,0.7141560316085815,1792,559,83,39
1107,44.36872077410992,1331,2.0,0.615450382232666,296,288,36,36
1128,44.36872077410992,1331,2.0,0.6424601078033447,1859,791,118,97
7,44.40205565072457,1332,9.0,0.28683364391326904,982,81,39,53
1059,44.40205565072457,1332,2.0,0.6098493933677673,572,719,124,137
1063,44.40205565072457,1332,2.0,0.684828519821167,723,285,50,46
1085,44.40205565072457,1332,2.0,0.5026969313621521,853,318,63,38
1103,44.40205565072457,1332,2.0,0.7365334630012512,1194,483,111,55
1104,44.40205565072457,1332,2.0,0.6200171709060669,1787,559,85,41
1107,44.40205565072457,1332,2.0,0.5506085157394409,297,290,37,35
1128,44.40205565072457,1332,2.0,0.7916851043701172,1841,781,154,107
7,44.43539052733923,1333,9.0,0.2801647484302521,982,81,39,53
1059,44.43539052733923,1333,2.0,0.7281872630119324,581,733,129,140
1063,44.43539052733923,1333,2.0,0.6190894842147827,719,284,49,47
1085,44.43539052733923,1333,2.0,0.5592437386512756,848,316,60,35
1103,44.43539052733923,1333,2.0,0.7729702591896057,1180,477,107,53
1104,44.43539052733923,1333,2.0,0.6386222839355469,1781,561,82,40
1107,44.43539052733923,1333,2.0,0.5816774368286133,299,293,39,34
1128,44.43539052733923,1333,2.0,0.8151605129241943,1824,765,190,108
7,44.46872540395389,1334,9.0,0.28925621509552,982,81,39,53
1059,44.46872540395389,1334,2.0,0.6778342127799988,592,750,131,143
1063,44.46872540395389,1334,2.0,0.6807835102081299,713,283,51,46
1085,44.46872540395389,1334,2.0,0.5475732088088989,841,315,59,33
1103,44.46872540395389,1334,2.0,0.807468831539154,1166,471,106,53
1104,44.46872540395389,1334,2.0,0.6704432964324951,1774,562,83,39
1107,44.46872540395389,1334,2.0,0.620959460735321,300,295,40,33
1128,44.46872540395389,1334,2.0,0.8199368119239807,1798,748,209,106
7,44.50206028056855,1335,9.0,0.2876298427581787,982,81,39,53
1059,44.50206028056855,1335,2.0,0.6117569208145142,602,766,137,150
1063,44.50206028056855,1335,2.0,0.7143177390098572,709,282,52,47
1085,44.50206028056855,1335,2.0,0.5825664401054382,835,313,59,33
1103,44.50206028056855,1335,2.0,0.7711822986602783,1153,464,102,52
1104,44.50206028056855,1335,2.0,0.6706514954566956,1769,563,83,39
1107,44.50206028056855,1335,2.0,0.5266906023025513,302,297,40,33
1128,44.50206028056855,1335,2.0,0.8115103840827942,1765,732,214,101
7,44.5353951571832,1336,9.0,0.2929394841194153,982,81,39,53
1059,44.5353951571832,1336,7.0,0.4545234739780426,613,782,142,154
1063,44.5353951571832,1336,2.0,0.7396202683448792,705,279,52,46
1085,44.5353951571832,1336,2.0,0.5195050835609436,830,311,59,34
1103,44.5353951571832,1336,2.0,0.7429061532020569,1139,459,103,51
1104,44.5353951571832,1336,2.0,0.6729100346565247,1763,564,81,38
1107,44.5353951571832,1336,2.0,0.5827069878578186,303,299,41,35
1128,44.5353951571832,1336,2.0,0.8601959943771362,1731,716,206,96
7,44.56873003379786,1337,9.0,0.2893240749835968,982,81,39,53
1059,44.56873003379786,1337,2.0,0.7635906934738159,625,801,145,160
1063,44.56873003379786,1337,2.0,0.750188410282135,700,278,54,45
1085,44.56873003379786,1337,2.0,0.5076586008071899,823,309,59,34
1103,44.56873003379786,1337,2.0,0.7826423645019531,1124,454,103,50
1104,44.56873003379786,1337,2.0,0.7126125693321228,1757,564,80,38
1107,44.56873003379786,1337,2.0,0.5347007513046265,304,302,41,34
1128,44.56873003379786,1337,2.0,0.8369709253311157,1696,702,199,92
7,44.60206491041252,1338,9.0,0.2924344539642334,982,81,39,53
1059,44.60206491041252,1338,2.0,0.5376819968223572,638,818,152,165
1063,44.60206491041252,1338,2.0,0.6382303833961487,697,276,52,43
1085,44.60206491041252,1338,2.0,0.534083366394043,819,307,59,33
1103,44.60206491041252,1338,2.0,0.7795469164848328,1111,449,97,48
1104,44.60206491041252,1338,2.0,0.7730520963668823,1751,565,81,38
1107,44.60206491041252,1338,2.0,0.5913326144218445,305,303,42,34
1128,44.60206491041252,1338,2.0,0.8281756043434143,1664,686,195,90
7,44.635399787027175,1339,9.0,0.29502418637275696,982,81,39,53
1059,44.635399787027175,1339,2.0,0.6698040962219238,651,838,154,169
1063,44.635399787027175,1339,2.0,0.6131528615951538,694,274,55,42
1085,44.635399787027175,1339,2.0,0.5870993137359619,814,305,59,33
1103,44.635399787027175,1339,2.0,0.8118448853492737,1099,442,99,48
1104,44.635399787027175,1339,2.0,0.7676036357879639,1746,565,80,38
1107,44.635399787027175,1339,2.0,0.7333158850669861,307,305,45,34
1128,44.635399787027175,1339,2.0,0.8093000054359436,1633,673,187,86
7,44.668734663641835,1340,9.0,0.2864229381084442,982,81,39,53
1059,44.668734663641835,1340,2.0,0.8192529678344727,664,858,159,177
1063,44.668734663641835,1340,2.0,0.6026463508605957,690,273,55,42
1085,44.668734663641835,1340,2.0,0.5089194774627686,810,304,58,33
1103,44.668734663641835,1340,2.0,0.7644174098968506,1086,437,98,49
1104,44.668734663641835,1340,2.0,0.7956296801567078,1738,565,81,37
1107,44.668734663641835,1340,2.0,0.6758753657341003,309,306,44,36
1128,44.668734663641835,1340,2.0,0.8119016289710999,1602,661,185,87
7,44.702069540256495,1341,9.0,0.2892017066478729,982,81,39,53
1059,44.702069540256495,1341,2.0,0.7064258456230164,679,877,165,178
1063,44.702069540256495,1341,2.0,0.6419361233711243,687,271,56,41
1085,44.702069540256495,1341,2.0,0.42524105310440063,806,302,56,31
1103,44.702069540256495,1341,2.0,0.7726983428001404,1076,432,95,49
1104,44.702069540256495,1341,2.0,0.7500122785568237,1732,565,81,38
1107,44.702069540256495,1341,2.0,0.6288319826126099,311,307,45,38
1128,44.702069540256495,1341,2.0,0.8029857277870178,1576,649,172,79
7,44.735404416871155,1342,9.0,0.2795346975326538,982,81,39,53
1059,44.735404416871155,1342,2.0,0.6348791718482971,695,892,171,169
1063,44.735404416871155,1342,2.0,0.6379009485244751,683,269,52,41
1085,44.735404416871155,1342,2.0,0.429398775100708,801,301,56,32
1103,44.735404416871155,1342,2.0,0.8356660604476929,1063,427,91,48
1104,44.735404416871155,1342,2.0,0.7604844570159912,1726,565,81,39
1107,44.735404416871155,1342,2.0,0.7087132930755615,312,310,43,40
1128,44.735404416871155,1342,2.0,0.8079923391342163,1549,636,162,80
7,44.76873929348581,1343,9.0,0.2562968134880066,982,81,39,53
1059,44.76873929348581,1343,2.0,0.5913158059120178,711,924,177,191
1063,44.76873929348581,1343,2.0,0.6829358339309692,678,267,51,37
1085,44.76873929348581,1343,2.0,0.5352597832679749,797,299,55,33
1103,44.76873929348581,1343,2.0,0.7670280933380127,1053,423,91,46
1104,44.76873929348581,1343,2.0,0.7085935473442078,1720,566,80,38
1107,44.76873929348581,1343,2.0,0.6386523842811584,314,313,44,40
1128,44.76873929348581,1343,2.0,0.8508699536323547,1520,624,156,77
1134,44.76873929348581,1343,2.0,0.4238811433315277,1900,588,37,26
7,44.80207417010047,1344,9.0,0.2582740783691406,982,81,38,55
1059,44.80207417010047,1344,2.0,0.5579314231872559,726,951,184,203
1063,44.80207417010047,1344,2.0,0.7093387246131897,673,265,52,37
1085,44.80207417010047,1344,2.0,0.4096434414386749,792,298,55,33
1103,44.80207417010047,1344,2.0,0.7349764108657837,1040,417,92,49
1104,44.80207417010047,1344,2.0,0.7584822773933411,1714,566,81,37
1107,44.80207417010047,1344,2.0,0.6215929388999939,316,315,44,41
1128,44.80207417010047,1344,2.0,0.8258649706840515,1494,614,156,76
1134,44.80207417010047,1344,2.0,0.47302934527397156,1898,589,41,27
7,44.83540904671513,1345,9.0,0.2692548632621765,983,82,37,55
1059,44.83540904671513,1345,2.0,0.17147031426429749,743,973,187,202
1063,44.83540904671513,1345,2.0,0.6863376498222351,670,264,55,35
1085,44.83540904671513,1345,2.0,0.40578144788742065,788,295,53,33
1103,44.83540904671513,1345,2.0,0.6966624855995178,1030,413,89,49
1104,44.83540904671513,1345,2.0,0.7533056139945984,1708,566,80,36
1107,44.83540904671513,1345,2.0,0.6043571829795837,317,318,44,41
1128,44.83540904671513,1345,2.0,0.8129873871803284,1471,604,148,74
1134,44.83540904671513,1345,2.0,0.43189603090286255,1896,589,46,27
7,44.86874392332979,1346,9.0,0.27901625633239746,983,82,37,55
1063,44.86874392332979,1346,2.0,0.671442985534668,667,262,55,33
1085,44.86874392332979,1346,2.0,0.40710505843162537,782,293,54,32
1103,44.86874392332979,1346,2.0,0.7306209206581116,1018,409,88,46
1104,44.86874392332979,1346,2.0,0.7270331978797913,1703,566,78,38
1107,44.86874392332979,1346,2.0,0.5763435959815979,319,320,44,42
1128,44.86874392332979,1346,2.0,0.8101634383201599,1447,594,145,70
1134,44.86874392332979,1346,2.0,0.4910624027252197,1893,587,51,28
1135,44.86874392332979,1346,2.0,0.3680647015571594,259,234,30,24
7,44.90207879994444,1347,9.0,0.2820051610469818,983,82,37,56
1063,44.90207879994444,1347,2.0,0.6078409552574158,664,259,58,31
1085,44.90207879994444,1347,2.0,0.36562785506248474,778,292,51,31
1103,44.90207879994444,1347,2.0,0.7022519111633301,1008,405,83,44
1104,44.90207879994444,1347,2.0,0.6262146234512329,1697,566,77,37
1107,44.90207879994444,1347,2.0,0.5757312178611755,321,323,45,41
1128,44.90207879994444,1347,2.0,0.7710776329040527,1422,582,142,68
1134,44.90207879994444,1347,2.0,0.4163585901260376,1891,587,54,28
1135,44.90207879994444,1347,2.0,0.28439974784851074,259,235,29,24
7,44.9354136765591,1348,9.0,0.28333598375320435,983,82,37,55
1063,44.9354136765591,1348,2.0,0.6831128001213074,660,259,54,30
1085,44.9354136765591,1348,2.0,0.42554575204849243,772,290,51,31
1103,44.9354136765591,1348,2.0,0.672076404094696,997,402,79,42
1104,44.9354136765591,1348,2.0,0.5360842943191528,1692,564,76,37
1107,44.9354136765591,1348,2.0,0.5719246864318848,323,325,46,41
1128,44.9354136765591,1348,2.0,0.8214647769927979,1399,572,143,67
1134,44.9354136765591,1348,2.0,0.39722850918769836,1889,586,59,30
1135,44.9354136765591,1348,2.0,0.28771835565567017,260,235,29,24
7,44.96874855317376,1349,9.0,0.3006401062011719,983,82,37,55
1063,44.96874855317376,1349,2.0,0.713142991065979,657,258,56,30
1085,44.96874855317376,1349,2.0,0.543266773223877,767,288,51,30
1103,44.96874855317376,1349,2.0,0.6931635141372681,986,397,80,41
1104,44.96874855317376,1349,2.0,0.4942534565925598,1688,566,72,35
1107,44.96874855317376,1349,2.0,0.6630374789237976,324,328,47,40
1128,44.96874855317376,1349,2.0,0.8406921625137329,1377,563,140,64
1134,44.96874855317376,1349,2.0,0.3899216651916504,1887,585,62,30
1135,44.96874855317376,1349,2.0,0.1699519157409668,261,236,28,23
7,45.00208342978842,1350,9.0,0.3046174943447113,983,82,37,55
1063,45.00208342978842,1350,2.0,0.6531379222869873,653,256,56,27
1085,45.00208342978842,1350,2.0,0.5214778184890747,763,286,52,32
1103,45.00208342978842,1350,2.0,0.6895814538002014,976,391,80,43
1104,45.00208342978842,1350,2.0,0.3862141966819763,1684,568,67,30
1107,45.00208342978842,1350,2.0,0.6941866874694824,325,331,47,40
1128,45.00208342978842,1350,2.0,0.8461397886276245,1356,554,136,64
1134,45.00208342978842,1350,2.0,0.46812406182289124,1883,587,71,34
1135,45.00208342978842,1350,2.0,0.16798849403858185,262,239,28,24
7,45.03541830640307,1351,9.0,0.3020087480545044,982,82,36,55
1063,45.03541830640307,1351,2.0,0.5572460889816284,650,257,57,27
1085,45.03541830640307,1351,2.0,0.3698781132698059,760,285,52,31
1103,45.03541830640307,1351,2.0,0.6401069760322571,966,388,82,46
1104,45.03541830640307,1351,2.0,0.34852731227874756,1680,569,59,26
1107,45.03541830640307,1351,2.0,0.6785528659820557,326,334,48,42
1128,45.03541830640307,1351,2.0,0.8067351579666138,1336,546,132,63
1134,45.03541830640307,1351,2.0,0.5282204151153564,1881,586,75,37
1135,45.03541830640307,1351,2.0,0.15063339471817017,264,243,31,24
7,45.06875318301773,1352,9.0,0.303754597902298,982,82,36,55
1063,45.06875318301773,1352,2.0,0.3426392078399658,648,253,58,29
1085,45.06875318301773,1352,2.0,0.3886234760284424,755,283,53,31
1103,45.06875318301773,1352,2.0,0.6402249932289124,959,384,82,43
1104,45.06875318301773,1352,2.0,0.17473404109477997,1676,568,57,29
1107,45.06875318301773,1352,2.0,0.6528328061103821,328,336,49,43
1128,45.06875318301773,1352,2.0,0.819236695766449,1317,538,129,63
1134,45.06875318301773,1352,2.0,0.5008533000946045,1879,587,79,38
1135,45.06875318301773,1352,2.0,0.19365006685256958,264,244,30,27
7,45.10208805963239,1353,9.0,0.2892973721027374,982,82,36,55
1063,45.10208805963239,1353,2.0,0.4848695695400238,644,252,59,30
1085,45.10208805963239,1353,2.0,0.4344457983970642,752,282,51,31
1103,45.10208805963239,1353,2.0,0.6529285311698914,950,381,80,44
1104,45.10208805963239,1353,2.0,0.33639025688171387,1674,569,48,25
1107,45.10208805963239,1353,2.0,0.7333558201789856,332,339,50,45
1128,45.10208805963239,1353,2.0,0.8528696894645691,1299,529,125,63
1134,45.10208805963239,1353,2.0,0.4979236423969269,1875,587,87,38
1135,45.10208805963239,1353,2.0,0.22997654974460602,265,246,32,28
1141,45.10208805963239,1353,2.0,0.5676457285881042,1809,743,218,112
7,45.13542293624705,1354,9.0,0.30089041590690613,982,82,36,55
1063,45.13542293624705,1354,2.0,0.3929624855518341,640,251,58,31
1085,45.13542293624705,1354,2.0,0.4416901767253876,747,281,53,31
1103,45.13542293624705,1354,2.0,0.6962169408798218,941,376,78,44
1107,45.13542293624705,1354,2.0,0.6974471211433411,333,341,50,47
1128,45.13542293624705,1354,2.0,0.8011226654052734,1281,522,120,60
1134,45.13542293624705,1354,2.0,0.5563428401947021,1872,587,92,38
1135,45.13542293624705,1354,2.0,0.24868987500667572,266,248,32,27
1141,45.13542293624705,1354,2.0,0.6897347569465637,1786,729,231,114
7,45.168757812861706,1355,9.0,0.3001963496208191,982,82,36,55
1063,45.168757812861706,1355,2.0,0.32083168625831604,637,250,56,30
1085,45.168757812861706,1355,2.0,0.4069855809211731,744,280,51,30
1103,45.168757812861706,1355,2.0,0.7281765341758728,932,372,75,43
1107,45.168757812861706,1355,2.0,0.7955635190010071,335,343,49,48
1128,45.168757812861706,1355,2.0,0.82149738073349,1264,514,118,60
1134,45.168757812861706,1355,2.0,0.553606390953064,1868,587,100,38
1135,45.168757812861706,1355,2.0,0.22691209614276886,266,249,31,27
1141,45.168757812861706,1355,2.0,0.6200665831565857,1752,716,226,110
7,45.202092689476366,1356,9.0,0.2831340432167053,982,81,38,53
1063,45.202092689476366,1356,2.0,0.29051339626312256,633,249,57,30
1085,45.202092689476366,1356,2.0,0.1660173237323761,742,278,50,30
1103,45.202092689476366,1356,2.0,0.7358007431030273,924,368,73,43
1107,45.202092689476366,1356,2.0,0.8393097519874573,338,346,50,48
1128,45.202092689476366,1356,2.0,0.8011156916618347,1245,507,117,60
1134,45.202092689476366,1356,2.0,0.5384168028831482,1864,587,105,38
1135,45.202092689476366,1356,2.0,0.24423854053020477,266,251,32,26
1141,45.202092689476366,1356,2.0,0.7178096175193787,1715,699,223,110
7,45.235427566091026,1357,9.0,0.26024824380874634,982,82,37,54
1063,45.235427566091026,1357,2.0,0.3903970718383789,628,248,56,29
1085,45.235427566091026,1357,2.0,0.22291730344295502,738,278,52,30
1103,45.235427566091026,1357,2.0,0.5330547094345093,914,366,72,42
1107,45.235427566091026,1357,2.0,0.7710752487182617,340,350,51,48
1128,45.235427566091026,1357,2.0,0.7809781432151794,1228,500,113,57
1134,45.235427566091026,1357,2.0,0.5716367363929749,1860,588,106,39
1135,45.235427566091026,1357,2.0,0.1901901364326477,267,252,31,25
1141,45.235427566091026,1357,2.0,0.4823189079761505,1680,684,215,103
7,45.26876244270568,1358,9.0,0.28629472851753235,982,82,36,55
1063,45.26876244270568,1358,2.0,0.4333106279373169,625,245,57,25
1085,45.26876244270568,1358,2.0,0.2080976516008377,733,277,49,30
1103,45.26876244270568,1358,2.0,0.4890073537826538,906,363,70,42
1107,45.26876244270568,1358,2.0,0.7507473230361938,342,355,51,48
1128,45.26876244270568,1358,2.0,0.7445078492164612,1211,494,111,56
1134,45.26876244270568,1358,2.0,0.5526613593101501,1854,588,104,40
1135,45.26876244270568,1358,2.0,0.15117336809635162,268,253,30,25
1141,45.26876244270568,1358,2.0,0.7044318318367004,1647,671,206,100
7,45.30209731932034,1359,9.0,0.27527597546577454,982,82,36,55
1063,45.30209731932034,1359,2.0,0.4806005656719208,621,245,59,26
1085,45.30209731932034,1359,2.0,0.33655503392219543,728,275,49,31
1103,45.30209731932034,1359,2.0,0.6492891907691956,898,360,69,39
1107,45.30209731932034,1359,2.0,0.7372912168502808,344,358,52,48
1128,45.30209731932034,1359,2.0,0.6643787622451782,1197,486,108,55
1134,45.30209731932034,1359,2.0,0.516535222530365,1849,588,104,40
1135,45.30209731932034,1359,2.0,0.1314399540424347,269,253,29,25
1141,45.30209731932034,1359,2.0,0.6864373683929443,1616,657,198,98
7,45.335432195935,1360,9.0,0.273962140083313,982,82,36,55
1063,45.335432195935,1360,2.0,0.41143158078193665,619,242,58,24
1085,45.335432195935,1360,2.0,0.2839353382587433,724,275,47,31
1103,45.335432195935,1360,2.0,0.734050989151001,890,357,70,37
1107,45.335432195935,1360,2.0,0.6998533606529236,346,360,55,50
1128,45.335432195935,1360,2.0,0.7697693705558777,1181,479,108,55
1134,45.335432195935,1360,2.0,0.33391013741493225,1843,588,106,40
1135,45.335432195935,1360,2.0,0.2935779094696045,269,253,30,24
1141,45.335432195935,1360,2.0,0.5341331958770752,1588,644,193,94
7,45.36876707254966,1361,9.0,0.25673770904541016,982,82,36,55
1063,45.36876707254966,1361,2.0,0.39500218629837036,615,243,60,23
1085,45.36876707254966,1361,2.0,0.4576822817325592,721,273,46,29
1103,45.36876707254966,1361,2.0,0.7632939219474792,883,354,67,37
1107,45.36876707254966,1361,2.0,0.6942477822303772,349,363,56,52
1128,45.36876707254966,1361,2.0,0.7115759253501892,1166,472,106,53
1134,45.36876707254966,1361,2.0,0.5241520404815674,1838,588,107,39
1135,45.36876707254966,1361,2.0,0.47255939245224,269,254,29,25
1141,45.36876707254966,1361,2.0,0.742047131061554,1560,631,186,93
7,45.40210194916431,1362,9.0,0.27475616335868835,982,82,36,55
1063,45.40210194916431,1362,2.0,0.4021527171134949,612,243,60,23
1085,45.40210194916431,1362,2.0,0.4583756923675537,717,271,47,30
1103,45.40210194916431,1362,2.0,0.6476397514343262,875,351,66,37
1107,45.40210194916431,1362,2.0,0.7542784810066223,352,367,54,53
1128,45.40210194916431,1362,2.0,0.7802106738090515,1152,467,103,52
1134,45.40210194916431,1362,2.0,0.6858863830566406,1831,588,105,40
1135,45.40210194916431,1362,2.0,0.5780493021011353,270,254,30,25
1141,45.40210194916431,1362,2.0,0.4403371810913086,1533,622,182,88
7,45.43543682577897,1363,9.0,0.29109951853752136,982,82,36,55
1063,45.43543682577897,1363,2.0,0.27279290556907654,608,241,56,22
1085,45.43543682577897,1363,2.0,0.4304019510746002,712,267,50,29
1103,45.43543682577897,1363,2.0,0.49946925044059753,867,348,62,37
1107,45.43543682577897,1363,2.0,0.6765032410621643,354,371,54,51
1128,45.43543682577897,1363,2.0,0.7287458181381226,1138,461,104,53
1134,45.43543682577897,1363,2.0,0.6942542791366577,1826,588,105,39
1135,45.43543682577897,1363,2.0,0.5876972079277039,271,255,30,25
1141,45.43543682577897,1363,2.0,0.6713653206825256,1507,613,175,87
7,45.46877170239363,1364,9.0,0.28568634390830994,982,82,36,55
1063,45.46877170239363,1364,2.0,0.3734196126461029,599,240,44,22
1085,45.46877170239363,1364,2.0,0.4591812491416931,707,265,49,28
1103,45.46877170239363,1364,2.0,0.4459529221057892,860,345,66,37
1107,45.46877170239363,1364,2.0,0.684267520904541,355,374,54,50
1128,45.46877170239363,1364,2.0,0.7527185082435608,1122,455,104,53
1134,45.46877170239363,1364,2.0,0.7368736267089844,1819,587,103,39
1135,45.46877170239363,1364,2.0,0.6882470846176147,271,256,30,25
1141,45.46877170239363,1364,2.0,0.6618148684501648,1482,602,171,85
7,45.50210657900829,1365,9.0,0.2803603708744049,982,82,36,55
1085,45.50210657900829,1365,2.0,0.44635820388793945,705,264,48,28
1103,45.50210657900829,1365,2.0,0.3131466805934906,852,342,64,34
1107,45.50210657900829,1365,2.0,0.6622819900512695,357,377,54,51
1128,45.50210657900829,1365,2.0,0.7637841701507568,1108,450,100,51
1134,45.50210657900829,1365,2.0,0.5796604156494141,1814,587,104,38
1135,45.50210657900829,1365,2.0,0.6352624297142029,272,257,30,26
1141,45.50210657900829,1365,2.0,0.5931000709533691,1457,591,166,85
7,45.535441455622944,1366,9.0,0.26270920038223267,982,82,36,55
1085,45.535441455622944,1366,2.0,0.48606324195861816,701,264,46,27
1103,45.535441455622944,1366,2.0,0.44876807928085327,846,340,64,35
1107,45.535441455622944,1366,2.0,0.5972879528999329,360,381,54,53
1128,45.535441455622944,1366,2.0,0.8179313540458679,1096,445,99,48
1134,45.535441455622944,1366,2.0,0.7129466533660889,1808,587,101,39
1135,45.535441455622944,1366,2.0,0.6531487107276917,273,259,32,26
1141,45.535441455622944,1366,2.0,0.5370826721191406,1434,581,163,82
1147,45.535441455622944,1366,2.0,0.37375953793525696,605,236,56,25
7,45.568776332237604,1367,9.0,0.26446816325187683,982,82,36,55
1085,45.568776332237604,1367,2.0,0.4638168215751648,699,263,46,27
1103,45.568776332237604,1367,2.0,0.6166152954101562,838,338,61,36
1107,45.568776332237604,1367,2.0,0.6293173432350159,363,385,55,54
1128,45.568776332237604,1367,2.0,0.7090281844139099,1083,438,96,47
1134,45.568776332237604,1367,2.0,0.7205900549888611,1803,587,101,39
1135,45.568776332237604,1367,2.0,0.7114939093589783,273,260,32,26
1141,45.568776332237604,1367,2.0,0.5086947083473206,1411,571,161,80
1147,45.568776332237604,1367,2.0,0.42766353487968445,597,235,56,26
1148,45.568776332237604,1367,2.0,0.49489179253578186,117,1040,233,72
7,45.602111208852264,1368,9.0,0.2616336941719055,982,82,36,55
1085,45.602111208852264,1368,2.0,0.3685683310031891,696,262,46,27
1103,45.602111208852264,1368,2.0,0.7004808187484741,833,336,60,33
1107,45.602111208852264,1368,2.0,0.7831560373306274,365,388,55,55
1128,45.602111208852264,1368,2.0,0.7214644551277161,1071,432,98,49
1134,45.602111208852264,1368,2.0,0.5935273766517639,1796,588,102,39
1135,45.602111208852264,1368,2.0,0.7359070777893066,274,260,32,27
1141,45.602111208852264,1368,2.0,0.6260480284690857,1388,562,157,79
1147,45.602111208852264,1368,2.0,0.531439483165741,593,234,57,25
1148,45.602111208852264,1368,2.0,0.4476025104522705,126,1039,251,74
7,45.635446085466924,1369,9.0,0.26296916604042053,982,82,36,55
1085,45.635446085466924,1369,2.0,0.4306100308895111,692,260,45,28
1103,45.635446085466924,1369,2.0,0.6510706543922424,826,332,63,31
1107,45.635446085466924,1369,2.0,0.8043746948242188,366,391,56,54
1128,45.635446085466924,1369,2.0,0.7446722388267517,1059,427,94,48
1134,45.635446085466924,1369,2.0,0.6105607151985168,1791,588,103,40
1135,45.635446085466924,1369,2.0,0.6838386058807373,275,262,31,26
1141,45.635446085466924,1369,2.0,0.6742352843284607,1370,553,156,77
1147,45.635446085466924,1369,2.0,0.5060631632804871,592,234,62,25
1148,45.635446085466924,1369,2.0,0.4023246765136719,136,1040,271,72
7,45.66878096208158,1370,9.0,0.2573673129081726,982,82,36,55
1085,45.66878096208158,1370,2.0,0.38198989629745483,689,259,42,27
1103,45.66878096208158,1370,2.0,0.6872435212135315,818,327,59,36
1107,45.66878096208158,1370,2.0,0.7198135256767273,369,398,60,55
1128,45.66878096208158,1370,2.0,0.6704086065292358,1047,424,91,48
1134,45.66878096208158,1370,2.0,0.7224721312522888,1785,589,99,41
1135,45.66878096208158,1370,2.0,0.6507304310798645,275,264,33,30
1141,45.66878096208158,1370,2.0,0.6806454658508301,1349,544,149,78
1147,45.66878096208158,1370,2.0,0.3069344758987427,590,234,61,26
1148,45.66878096208158,1370,2.0,0.3746981918811798,153,1044,285,67
7,45.70211583869624,1371,9.0,0.2590745687484741,982,82,36,55
1085,45.70211583869624,1371,2.0,0.4397595524787903,685,257,42,27
1103,45.70211583869624,1371,2.0,0.4491340219974518,811,325,59,39
1107,45.70211583869624,1371,2.0,0.6830523014068604,373,403,61,56
1128,45.70211583869624,1371,2.0,0.6283693313598633,1037,420,86,44
1134,45.70211583869624,1371,2.0,0.7371849417686462,1780,589,98,42
1135,45.70211583869624,1371,2.0,0.6217418909072876,277,265,33,30
1141,45.70211583869624,1371,2.0,0.5102214813232422,1328,535,145,76
1147,45.70211583869624,1371,2.0,0.2922862768173218,580,233,50,26
1148,45.70211583869624,1371,2.0,0.43182608485221863,213,1043,372,70
7,45.7354507153109,1372,9.0,0.24997594952583313,982,81,38,53
1085,45.7354507153109,1372,2.0,0.38971665501594543,682,256,45,26
1103,45.7354507153109,1372,2.0,0.5393988490104675,806,324,59,36
1107,45.7354507153109,1372,2.0,0.6361926794052124,378,408,63,56
1128,45.7354507153109,1372,2.0,0.5337380170822144,1027,415,85,44
1134,45.7354507153109,1372,2.0,0.7735727429389954,1775,588,95,43
1135,45.7354507153109,1372,2.0,0.5727809071540833,278,268,32,28
1141,45.7354507153109,1372,2.0,0.4967685043811798,1309,527,144,75
1147,45.7354507153109,1372,2.0,0.27170529961586,581,232,51,26
1148,45.7354507153109,1372,2.0,0.5186254382133484,245,1044,375,68
7,45.76878559192556,1373,9.0,0.24013659358024597,982,81,37,54
1085,45.76878559192556,1373,2.0,0.3306526839733124,679,256,45,25
1103,45.76878559192556,1373,2.0,0.5048823952674866,799,322,61,35
1107,45.76878559192556,1373,2.0,0.749870240688324,381,412,63,58
1128,45.76878559192556,1373,2.0,0.6980669498443604,1016,411,85,46
1134,45.76878559192556,1373,2.0,0.6053981184959412,1771,588,93,43
1135,45.76878559192556,1373,2.0,0.4657714068889618,279,271,34,27
1141,45.76878559192556,1373,2.0,0.5849606394767761,1292,520,139,74
1147,45.76878559192556,1373,2.0,0.14552174508571625,584,231,52,25
1148,45.76878559192556,1373,2.0,0.4635063707828522,251,1044,329,66
7,45.80212046854021,1374,9.0,0.2576891779899597,982,81,36,54
1085,45.80212046854021,1374,2.0,0.34892866015434265,675,255,45,26
1103,45.80212046854021,1374,2.0,0.5209630727767944,793,319,60,36
1107,45.80212046854021,1374,2.0,0.7391494512557983,384,416,66,57
1128,45.80212046854021,1374,2.0,0.6926750540733337,1004,406,84,45
1134,45.80212046854021,1374,2.0,0.5672632455825806,1764,589,92,44
1135,45.80212046854021,1374,2.0,0.5271621942520142,280,273,35,26
1141,45.80212046854021,1374,2.0,0.750560998916626,1273,512,136,74
1147,45.80212046854021,1374,2.0,0.16922037303447723,584,231,50,25
1148,45.80212046854021,1374,2.0,0.5896050930023193,259,1043,294,67
1153,45.80212046854021,1374,2.0,0.5812090635299683,1839,719,159,91
7,45.83545534515487,1375,9.0,0.2446751743555069,982,81,36,54
1085,45.83545534515487,1375,2.0,0.28256741166114807,673,255,45,25
1103,45.83545534515487,1375,2.0,0.5225716829299927,786,315,60,39
1107,45.83545534515487,1375,2.0,0.7593709230422974,387,421,67,58
1128,45.83545534515487,1375,2.0,0.7744674682617188,992,402,80,42
1134,45.83545534515487,1375,2.0,0.6209480166435242,1761,589,89,44
1135,45.83545534515487,1375,2.0,0.5153202414512634,281,274,36,26
1141,45.83545534515487,1375,2.0,0.6376433968544006,1256,506,135,72
1148,45.83545534515487,1375,2.0,0.5961461663246155,278,1043,285,66
1153,45.83545534515487,1375,2.0,0.6633864045143127,1827,706,178,87
7,45.86879022176953,1376,9.0,0.23147611320018768,982,81,36,54
1085,45.86879022176953,1376,2.0,0.17483900487422943,672,254,44,25
1103,45.86879022176953,1376,2.0,0.53010493516922,781,313,58,39
1107,45.86879022176953,1376,2.0,0.6832349896430969,390,426,68,61
1128,45.86879022176953,1376,2.0,0.6597527265548706,984,398,78,41
1134,45.86879022176953,1376,2.0,0.6135671734809875,1760,589,78,43
1135,45.86879022176953,1376,2.0,0.35523802042007446,283,275,37,27
1141,45.86879022176953,1376,2.0,0.5584354400634766,1237,497,128,69
1148,45.86879022176953,1376,2.0,0.5368955731391907,293,1041,270,71
1153,45.86879022176953,1376,2.0,0.6052960753440857,1799,692,181,85
7,45.90212509838419,1377,9.0,0.2393578439950943,982,81,36,55
1085,45.90212509838419,1377,2.0,0.18698722124099731,668,254,44,25
1103,45.90212509838419,1377,2.0,0.6765931844711304,774,312,56,38
1107,45.90212509838419,1377,2.0,0.6549316048622131,393,431,67,60
1128,45.90212509838419,1377,2.0,0.4866350293159485,974,393,79,42
1134,45.90212509838419,1377,2.0,0.5984529256820679,1755,589,77,41
1135,45.90212509838419,1377,2.0,0.38004979491233826,284,277,39,27
1141,45.90212509838419,1377,2.0,0.6316846013069153,1221,490,126,68
1148,45.90212509838419,1377,2.0,0.5431311726570129,304,1042,246,70
1153,45.90212509838419,1377,2.0,0.7912358641624451,1768,680,178,84
7,45.93545997499884,1378,9.0,0.2403712272644043,982,81,36,55
1103,45.93545997499884,1378,2.0,0.560302734375,769,311,54,35
1107,45.93545997499884,1378,2.0,0.7378215193748474,395,435,67,61
1128,45.93545997499884,1378,2.0,0.4409586489200592,964,390,78,42
1134,45.93545997499884,1378,2.0,0.5670874118804932,1748,588,76,40
1135,45.93545997499884,1378,2.0,0.35233843326568604,285,278,39,28
1141,45.93545997499884,1378,2.0,0.5649284720420837,1205,483,126,70
1148,45.93545997499884,1378,2.0,0.49336278438568115,319,1041,230,71
1153,45.93545997499884,1378,2.0,0.7675734758377075,1738,667,175,82
7,45.9687948516135,1379,9.0,0.24385324120521545,982,81,38,53
1103,45.9687948516135,1379,2.0,0.6595528721809387,763,309,55,34
1107,45.9687948516135,1379,2.0,0.6715067625045776,398,439,69,64
1128,45.9687948516135,1379,2.0,0.559742271900177,955,386,77,41
1134,45.9687948516135,1379,2.0,0.4763541519641876,1743,588,77,40
1135,45.9687948516135,1379,2.0,0.5167564749717712,287,279,38,30
1141,45.9687948516135,1379,2.0,0.7031562924385071,1192,478,124,66
1148,45.9687948516135,1379,2.0,0.5784077048301697,330,1041,209,71
1153,45.9687948516135,1379,2.0,0.7624589800834656,1712,656,172,79
7,46.00212972822816,1380,9.0,0.25651103258132935,982,81,39,53
1103,46.00212972822816,1380,2.0,0.6889887452125549,759,307,54,32
1107,46.00212972822816,1380,2.0,0.8148332238197327,402,444,68,67
1128,46.00212972822816,1380,2.0,0.6590231657028198,945,383,77,39
1134,46.00212972822816,1380,2.0,0.4055701196193695,1737,588,74,40
1135,46.00212972822816,1380,2.0,0.5772605538368225,288,281,40,31
1141,46.00212972822816,1380,2.0,0.6193130016326904,1176,472,121,64
1148,46.00212972822816,1380,2.0,0.5937082171440125,335,1040,175,77
1153,46.00212972822816,1380,2.0,0.6156702637672424,1686,646,165,77
1154,46.00212972822816,1380,2.0,0.5090920329093933,260,675,71,62
1085,46.00212972822816,1380,2.0,0.30872321128845215,658,250,39,26
7,46.035464604842815,1381,9.0,0.2580257058143616,982,81,39,53
1103,46.035464604842815,1381,2.0,0.3491666316986084,754,304,51,33
1107,46.035464604842815,1381,2.0,0.6589369773864746,406,450,69,69
1128,46.035464604842815,1381,2.0,0.6665631532669067,934,377,73,42
1134,46.035464604842815,1381,2.0,0.508250892162323,1733,586,71,39
1135,46.035464604842815,1381,2.0,0.6923726797103882,288,282,40,32
1141,46.035464604842815,1381,2.0,0.6873666644096375,1161,465,116,62
1148,46.035464604842815,1381,2.0,0.6261301636695862,345,1040,147,77
1153,46.035464604842815,1381,2.0,0.644019603729248,1659,637,161,74
1154,46.035464604842815,1381,2.0,0.6964811086654663,252,677,88,67
1085,46.035464604842815,1381,2.0,0.3788369596004486,655,249,38,25
7,46.068799481457475,1382,9.0,0.25669747591018677,982,81,39,53
1103,46.068799481457475,1382,2.0,0.4435018301010132,748,301,51,34
1107,46.068799481457475,1382,2.0,0.6277127861976624,410,456,68,66
1128,46.068799481457475,1382,2.0,0.8067008852958679,926,375,70,40
1134,46.068799481457475,1382,2.0,0.4136987328529358,1729,586,64,36
1135,46.068799481457475,1382,2.0,0.6354363560676575,288,283,40,31
1141,46.068799481457475,1382,2.0,0.6550734043121338,1147,459,113,62
1148,46.068799481457475,1382,2.0,0.5952322483062744,355,1041,127,76
1153,46.068799481457475,1382,2.0,0.48233863711357117,1634,625,156,75
1154,46.068799481457475,1382,2.0,0.45553022623062134,237,678,95,64
1085,46.068799481457475,1382,2.0,0.11121650040149689,652,248,37,25
7,46.102134358072135,1383,9.0,0.24999186396598816,982,81,39,53
1103,46.102134358072135,1383,2.0,0.42975562810897827,743,298,54,38
1107,46.102134358072135,1383,2.0,0.7149338722229004,414,462,70,65
1128,46.102134358072135,1383,2.0,0.617855429649353,917,370,72,41
1134,46.102134358072135,1383,2.0,0.42210516333580017,1726,585,62,36
1135,46.102134358072135,1383,2.0,0.5967487096786499,289,284,40,30
1141,46.102134358072135,1383,2.0,0.5543691515922546,1133,454,114,61
1148,46.102134358072135,1383,2.0,0.5390990972518921,364,1041,104,76
1153,46.102134358072135,1383,2.0,0.8100988864898682,1612,617,150,75
1154,46.102134358072135,1383,2.0,0.7112787365913391,229,679,114,63
1085,46.102134358072135,1383,2.0,0.2336319088935852,650,246,35,22
1156,46.102134358072135,1383,2.0,0.3427203893661499,320,247,31,25
7,46.135469234686795,1384,9.0,0.2750947177410126,982,81,37,54
1103,46.135469234686795,1384,2.0,0.39334315061569214,737,296,56,38
1107,46.135469234686795,1384,2.0,0.7610256671905518,417,470,72,65
1128,46.135469234686795,1384,2.0,0.6024892330169678,911,367,72,43
1134,46.135469234686795,1384,2.0,0.1213797926902771,1720,585,60,34
1135,46.135469234686795,1384,2.0,0.6126981377601624,290,286,39,31
1141,46.135469234686795,1384,2.0,0.7349364757537842,1118,447,111,61
1148,46.135469234686795,1384,2.0,0.3943781554698944,374,1040,86,78
1153,46.135469234686795,1384,2.0,0.6569033265113831,1590,609,147,70
1154,46.135469234686795,1384,2.0,0.7377462387084961,222,680,136,66
1085,46.135469234686795,1384,2.0,0.20426034927368164,647,245,34,23
1156,46.135469234686795,1384,2.0,0.3438921570777893,322,248,31,24
7,46.16880411130145,1385,9.0,0.2838391661643982,982,81,36,54
1103,46.16880411130145,1385,2.0,0.5506635308265686,732,294,54,37
1107,46.16880411130145,1385,2.0,0.6697819828987122,422,476,74,70
1128,46.16880411130145,1385,2.0,0.5706661939620972,902,363,70,41
1135,46.16880411130145,1385,2.0,0.5574027895927429,290,287,39,33
1141,46.16880411130145,1385,2.0,0.4966758191585541,1104,441,108,61
1148,46.16880411130145,1385,2.0,0.3063294291496277,396,1038,87,79
1153,46.16880411130145,1385,2.0,0.7470173239707947,1567,599,147,71
1154,46.16880411130145,1385,2.0,0.6796132922172546,207,681,141,66
1085,46.16880411130145,1385,2.0,0.11378377676010132,647,244,32,22
1156,46.16880411130145,1385,2.0,0.42042553424835205,323,249,31,24
7,46.20213898791611,1386,9.0,0.280349999666214,982,82,36,54
1103,46.20213898791611,1386,2.0,0.5819941163063049,727,292,49,35
1107,46.20213898791611,1386,2.0,0.6661802530288696,426,481,76,69
1128,46.20213898791611,1386,2.0,0.6602168679237366,893,361,73,37
1135,46.20213898791611,1386,2.0,0.48446720838546753,292,290,39,33
1141,46.20213898791611,1386,2.0,0.63326096534729,1091,435,108,61
1153,46.20213898791611,1386,2.0,0.5426954627037048,1546,590,141,71
1154,46.20213898791611,1386,2.0,0.6879703402519226,186,683,135,67
1085,46.20213898791611,1386,2.0,0.10327547043561935,641,242,35,23
1156,46.20213898791611,1386,2.0,0.283104807138443,325,251,35,26
7,46.23547386453077,1387,9.0,0.2693747878074646,982,81,38,53
1103,46.23547386453077,1387,2.0,0.5897742509841919,722,291,50,34
1107,46.23547386453077,1387,2.0,0.8012655973434448,429,488,77,72
1128,46.23547386453077,1387,2.0,0.7437082529067993,884,358,69,36
1135,46.23547386453077,1387,2.0,0.5065597295761108,294,294,38,32
1141,46.23547386453077,1387,2.0,0.6457354426383972,1079,430,105,61
1153,46.23547386453077,1387,2.0,0.5947965383529663,1523,582,139,68
1154,46.23547386453077,1387,2.0,0.6719399690628052,173,684,147,67
1085,46.23547386453077,1387,2.0,0.10148952901363373,637,241,37,23
1156,46.23547386453077,1387,2.0,0.26633918285369873,326,252,35,28
7,46.26880874114543,1388,9.0,0.3019627332687378,982,81,37,54
1103,46.26880874114543,1388,2.0,0.665280818939209,717,290,52,36
1107,46.26880874114543,1388,2.0,0.7468764185905457,432,494,77,75
1128,46.26880874114543,1388,2.0,0.7287194728851318,878,355,67,35
1135,46.26880874114543,1388,2.0,0.40462228655815125,295,295,38,32
1141,46.26880874114543,1388,2.0,0.7280906438827515,1069,425,105,59
1153,46.26880874114543,1388,2.0,0.647585391998291,1505,573,135,67
1154,46.26880874114543,1388,2.0,0.7465319037437439,158,685,153,66
1156,46.26880874114543,1388,2.0,0.18786098062992096,328,254,36,27
7,46.30214361776008,1389,9.0,0.2918146252632141,982,82,36,54
1103,46.30214361776008,1389,2.0,0.605057954788208,713,289,53,37
1107,46.30214361776008,1389,2.0,0.5752257108688354,437,501,77,76
1128,46.30214361776008,1389,2.0,0.6607040762901306,869,352,67,36
1135,46.30214361776008,1389,2.0,0.31194573640823364,296,296,40,32
1141,46.30214361776008,1389,2.0,0.7379803657531738,1056,420,99,58
1153,46.30214361776008,1389,2.0,0.7855695486068726,1486,565,133,66
1154,46.30214361776008,1389,2.0,0.8266270756721497,142,686,161,67
1156,46.30214361776008,1389,2.0,0.2752607762813568,330,255,36,27
7,46.33547849437474,1390,9.0,0.30119219422340393,982,81,38,53
1103,46.33547849437474,1390,2.0,0.6495710015296936,708,287,52,32
1107,46.33547849437474,1390,2.0,0.6278453469276428,442,508,79,79
1128,46.33547849437474,1390,2.0,0.5094900727272034,863,349,64,37
1135,46.33547849437474,1390,2.0,0.3550475537776947,297,298,39,33
1141,46.33547849437474,1390,2.0,0.585406482219696,1043,416,101,58
1153,46.33547849437474,1390,2.0,0.6136698722839355,1466,558,126,63
1154,46.33547849437474,1390,2.0,0.7811529636383057,124,688,163,70
1156,46.33547849437474,1390,2.0,0.23042592406272888,333,257,35,25
7,46.3688133709894,1391,9.0,0.30256029963493347,982,81,37,54
1103,46.3688133709894,1391,2.0,0.6786776781082153,703,285,50,30
1107,46.3688133709894,1391,2.0,0.5455482006072998,449,515,83,81
1128,46.3688133709894,1391,2.0,0.5093596577644348,855,346,67,36
1135,46.3688133709894,1391,2.0,0.4890945255756378,298,299,40,34
1141,46.3688133709894,1391,2.0,0.48533904552459717,1032,413,96,56
1153,46.3688133709894,1391,2.0,0.646687924861908,1446,550,129,63
1154,46.3688133709894,1391,2.0,0.7360544800758362,106,690,162,70
1156,46.3688133709894,1391,2.0,0.36708924174308777,334,258,34,25
1159,46.3688133709894,1391,2.0,0.6380108594894409,25,1023,49,72
7,46.40214824760406,1392,9.0,0.28558865189552307,982,82,36,55
1103,46.40214824760406,1392,2.0,0.5773876309394836,698,284,49,29
1107,46.40214824760406,1392,2.0,0.687794029712677,455,522,89,82
1128,46.40214824760406,1392,2.0,0.6476909518241882,847,342,64,37
1135,46.40214824760406,1392,2.0,0.523044228553772,300,302,39,32
1141,46.40214824760406,1392,2.0,0.6657688617706299,1020,408,95,54
1153,46.40214824760406,1392,2.0,0.6772372722625732,1430,543,124,61
1154,46.40214824760406,1392,2.0,0.7727228403091431,88,691,163,70
1156,46.40214824760406,1392,2.0,0.42296892404556274,337,260,33,24
1159,46.40214824760406,1392,2.0,0.46758198738098145,33,1022,65,73
7,46.43548312421871,1393,9.0,0.2830699682235718,982,82,36,55
1103,46.43548312421871,1393,2.0,0.5157809257507324,695,283,49,29
1107,46.43548312421871,1393,2.0,0.7302752137184143,461,529,91,84
1128,46.43548312421871,1393,2.0,0.6673257946968079,839,339,60,35
1135,46.43548312421871,1393,2.0,0.5768464803695679,301,303,41,31
1141,46.43548312421871,1393,2.0,0.6738318800926208,1009,403,93,53
1153,46.43548312421871,1393,2.0,0.535031795501709,1412,535,123,61
1154,46.43548312421871,1393,2.0,0.587149977684021,75,691,151,66
1156,46.43548312421871,1393,2.0,0.46081510186195374,338,261,31,24
1159,46.43548312421871,1393,2.0,0.5041231513023376,43,1021,86,79
7,46.46881800083337,1394,9.0,0.28654420375823975,982,82,36,55
1103,46.46881800083337,1394,2.0,0.33543843030929565,692,282,47,29
1107,46.46881800083337,1394,2.0,0.6464519500732422,465,538,92,88
1128,46.46881800083337,1394,2.0,0.7087174654006958,833,337,60,34
1135,46.46881800083337,1394,2.0,0.6710172295570374,302,305,42,32
1141,46.46881800083337,1394,2.0,0.6660506129264832,999,398,95,56
1153,46.46881800083337,1394,2.0,0.8023802042007446,1394,529,123,60
1154,46.46881800083337,1394,2.0,0.5782323479652405,66,691,133,63
1156,46.46881800083337,1394,2.0,0.4633302092552185,339,262,30,24
1159,46.46881800083337,1394,2.0,0.41047403216362,52,1019,104,83
7,46.50215287744803,1395,9.0,0.29954782128334045,982,82,36,55
1103,46.50215287744803,1395,2.0,0.40568670630455017,687,279,47,29
1107,46.50215287744803,1395,2.0,0.6255027055740356,470,545,92,88
1128,46.50215287744803,1395,2.0,0.7529220581054688,827,334,61,33
1135,46.50215287744803,1395,2.0,0.6421294212341309,302,306,43,33
1141,46.50215287744803,1395,2.0,0.6012239456176758,987,394,90,53
1153,46.50215287744803,1395,2.0,0.7235063910484314,1378,522,120,60
1154,46.50215287744803,1395,2.0,0.6170816421508789,56,691,113,64
1156,46.50215287744803,1395,2.0,0.5196622014045715,340,265,30,27
1159,46.50215287744803,1395,2.0,0.29702529311180115,60,1015,119,85
1162,46.50215287744803,1395,2.0,0.7003023028373718,1869,788,99,104
7,46.53548775406269,1396,9.0,0.29751020669937134,982,82,36,55
1103,46.53548775406269,1396,2.0,0.2850896418094635,682,277,45,31
1107,46.53548775406269,1396,2.0,0.644586980342865,476,553,92,92
1128,46.53548775406269,1396,2.0,0.7119789719581604,820,331,59,31
1135,46.53548775406269,1396,2.0,0.6085458993911743,305,308,42,33
1141,46.53548775406269,1396,2.0,0.4175001382827759,978,389,88,56
1153,46.53548775406269,1396,2.0,0.4475916028022766,1362,516,118,59
1156,46.53548775406269,1396,2.0,0.5841912627220154,342,268,31,27
1159,46.53548775406269,1396,2.0,0.15639545023441315,60,1017,121,79
1162,46.53548775406269,1396,2.0,0.4956859350204468,1853,781,130,120
7,46.568822630677346,1397,9.0,0.28640812635421753,982,82,36,54
1103,46.568822630677346,1397,2.0,0.4215278923511505,679,274,44,33
1107,46.568822630677346,1397,2.0,0.6829102635383606,482,562,94,96
1128,46.568822630677346,1397,2.0,0.685840368270874,812,330,59,32
1135,46.568822630677346,1397,2.0,0.5684764385223389,306,312,41,33
1141,46.568822630677346,1397,2.0,0.3813615143299103,968,384,89,59
1153,46.568822630677346,1397,2.0,0.5363377928733826,1343,510,117,57
1156,46.568822630677346,1397,2.0,0.6002320647239685,344,270,32,27
1159,46.568822630677346,1397,7.0,0.3301294445991516,78,1011,156,90
1162,46.568822630677346,1397,2.0,0.51507967710495,1835,767,167,123
7,46.602157507292006,1398,9.0,0.3026542663574219,982,82,36,54
1103,46.602157507292006,1398,2.0,0.34071993827819824,674,272,44,34
1107,46.602157507292006,1398,2.0,0.6813684701919556,488,571,94,98
1128,46.602157507292006,1398,2.0,0.6439304351806641,807,328,58,32
1135,46.602157507292006,1398,2.0,0.5076354742050171,308,313,40,35
1141,46.602157507292006,1398,2.0,0.4812295734882355,959,382,88,56
1153,46.602157507292006,1398,2.0,0.6143049597740173,1328,504,116,55
1156,46.602157507292006,1398,2.0,0.48850569128990173,346,272,32,27
1159,46.602157507292006,1398,7.0,0.34393325448036194,89,1009,177,96
1162,46.602157507292006,1398,2.0,0.7934212684631348,1815,750,201,122
1154,46.602157507292006,1398,2.0,0.6303894519805908,28,695,56,61
7,46.635492383906666,1399,9.0,0.3020869791507721,982,81,37,53
1103,46.635492383906666,1399,2.0,0.3771398365497589,670,270,45,33
1107,46.635492383906666,1399,2.0,0.5222055315971375,495,582,98,98
1128,46.635492383906666,1399,2.0,0.5759388208389282,800,326,61,36
1135,46.635492383906666,1399,2.0,0.4320647418498993,310,316,40,36
1141,46.635492383906666,1399,2.0,0.5395010113716125,948,376,88,59
1153,46.635492383906666,1399,2.0,0.7166256904602051,1312,497,109,56
1156,46.635492383906666,1399,2.0,0.5487183928489685,349,274,33,27
1159,46.635492383906666,1399,7.0,0.299582839012146,100,1008,200,99
1162,46.635492383906666,1399,2.0,0.7966599464416504,1785,732,212,118
1154,46.635492383906666,1399,2.0,0.5666506886482239,18,695,36,60
7,46.668827260521326,1400,9.0,0.31464049220085144,982,81,36,54
1103,46.668827260521326,1400,2.0,0.3614450991153717,666,268,46,32
1107,46.668827260521326,1400,2.0,0.5817781686782837,502,591,98,101
1128,46.668827260521326,1400,2.0,0.6503282785415649,793,323,60,36
1135,46.668827260521326,1400,2.0,0.39092013239860535,313,320,43,35
1141,46.668827260521326,1400,2.0,0.5622734427452087,940,373,85,56
1153,46.668827260521326,1400,2.0,0.6881331205368042,1298,491,106,56
1156,46.668827260521326,1400,2.0,0.4805622398853302,350,275,35,29
1159,46.668827260521326,1400,7.0,0.23051777482032776,98,1009,196,105
1162,46.668827260521326,1400,2.0,0.8434257507324219,1749,717,210,114
1170,46.668827260521326,1400,2.0,0.46852606534957886,79,1029,158,68
7,46.70216213713598,1401,9.0,0.2937507927417755,982,82,36,54
1103,46.70216213713598,1401,2.0,0.2691989541053772,661,267,49,31
1107,46.70216213713598,1401,2.0,0.6172121167182922,509,602,101,107
1128,46.70216213713598,1401,2.0,0.6446320414543152,786,319,60,35
1135,46.70216213713598,1401,2.0,0.40320491790771484,314,321,45,36
1141,46.70216213713598,1401,2.0,0.4789871871471405,931,369,85,58
1153,46.70216213713598,1401,2.0,0.78585284948349,1283,484,106,56
1156,46.70216213713598,1401,2.0,0.413936048746109,351,278,34,28
1159,46.70216213713598,1401,7.0,0.39044952392578125,117,1009,234,109
1162,46.70216213713598,1401,2.0,0.8603246808052063,1713,699,207,114
7,46.73549701375064,1402,9.0,0.31135547161102295,982,81,38,53
1103,46.73549701375064,1402,2.0,0.1355212926864624,657,266,45,27
1107,46.73549701375064,1402,2.0,0.6138653755187988,515,613,106,107
1128,46.73549701375064,1402,2.0,0.6345771551132202,781,316,57,36
1135,46.73549701375064,1402,2.0,0.44534388184547424,315,324,44,36
1141,46.73549701375064,1402,2.0,0.38336509466171265,922,366,83,55
1153,46.73549701375064,1402,2.0,0.7056077718734741,1270,479,107,54
1156,46.73549701375064,1402,2.0,0.44594162702560425,354,280,37,27
1159,46.73549701375064,1402,7.0,0.42299917340278625,129,1005,256,105
1162,46.73549701375064,1402,2.0,0.727442741394043,1677,685,198,107
7,46.7688318903653,1403,9.0,0.31283560395240784,982,81,38,53
1103,46.7688318903653,1403,2.0,0.3494568467140198,654,264,42,28
1107,46.7688318903653,1403,2.0,0.6383041739463806,523,624,110,109
1128,46.7688318903653,1403,2.0,0.664853572845459,774,314,54,34
1135,46.7688318903653,1403,2.0,0.37346020340919495,316,326,42,34
1141,46.7688318903653,1403,2.0,0.5305752754211426,913,364,79,52
1153,46.7688318903653,1403,2.0,0.8248075842857361,1256,473,104,52
1156,46.7688318903653,1403,2.0,0.49865221977233887,356,280,37,27
1159,46.7688318903653,1403,7.0,0.59388667345047,144,1001,257,105
1162,46.7688318903653,1403,2.0,0.7396335005760193,1643,671,190,105
7,46.80216676697995,1404,9.0,0.30153173208236694,982,81,38,53
1103,46.80216676697995,1404,2.0,0.31209784746170044,651,262,42,28
1107,46.80216676697995,1404,2.0,0.7870169878005981,531,633,111,115
1128,46.80216676697995,1404,2.0,0.7095235586166382,769,313,54,34
1135,46.80216676697995,1404,2.0,0.5530654191970825,318,329,42,34
1141,46.80216676697995,1404,2.0,0.6575128436088562,905,361,80,49
1153,46.80216676697995,1404,2.0,0.8044156432151794,1241,468,102,52
1156,46.80216676697995,1404,2.0,0.5375942587852478,359,283,38,27
1159,46.80216676697995,1404,7.0,0.5550000071525574,160,998,256,104
1162,46.80216676697995,1404,2.0,0.8520606756210327,1611,658,185,99
7,46.83550164359461,1405,9.0,0.3129309415817261,982,81,38,53
1103,46.83550164359461,1405,2.0,0.3166964650154114,648,261,40,28
1107,46.83550164359461,1405,2.0,0.8434211611747742,539,646,115,115
1128,46.83550164359461,1405,2.0,0.7128927707672119,764,312,57,34
1135,46.83550164359461,1405,2.0,0.46836790442466736,318,331,46,37
1141,46.83550164359461,1405,2.0,0.47400984168052673,897,359,80,46
1153,46.83550164359461,1405,2.0,0.7438449263572693,1227,464,103,51
1156,46.83550164359461,1405,2.0,0.5422786474227905,360,285,36,29
1159,46.83550164359461,1405,7.0,0.4987308979034424,170,995,237,103
1162,46.83550164359461,1405,2.0,0.5463067889213562,1580,645,177,99
7,46.86883652020927,1406,9.0,0.3224376440048218,982,81,38,53
1103,46.86883652020927,1406,2.0,0.2844538986682892,643,259,43,26
1107,46.86883652020927,1406,2.0,0.7394602298736572,547,659,116,119
1128,46.86883652020927,1406,2.0,0.7471926808357239,759,310,55,34
1135,46.86883652020927,1406,2.0,0.5314896106719971,320,333,45,38
1141,46.86883652020927,1406,2.0,0.4826976954936981,888,356,76,42
1153,46.86883652020927,1406,2.0,0.5646054148674011,1215,458,101,50
1156,46.86883652020927,1406,2.0,0.5515340566635132,363,288,36,31
1159,46.86883652020927,1406,7.0,0.41944751143455505,183,992,219,99
1162,46.86883652020927,1406,2.0,0.6494132280349731,1551,632,170,94
7,46.90217139682393,1407,9.0,0.3158058226108551,982,81,39,53
1103,46.90217139682393,1407,2.0,0.10552504658699036,639,258,45,26
1107,46.90217139682393,1407,2.0,0.6721009612083435,555,672,121,120
1128,46.90217139682393,1407,2.0,0.7614201903343201,755,307,54,32
1135,46.90217139682393,1407,2.0,0.6097102761268616,321,335,45,40
1141,46.90217139682393,1407,2.0,0.49446624517440796,881,354,73,39
1153,46.90217139682393,1407,2.0,0.7312163710594177,1202,453,100,50
1156,46.90217139682393,1407,2.0,0.552811324596405,366,289,37,32
1159,46.90217139682393,1407,7.0,0.2495415359735489,221,986,262,103
1162,46.90217139682393,1407,2.0,0.7444210648536682,1523,620,164,92
7,46.935506273438584,1408,9.0,0.3136075735092163,982,81,37,54
1103,46.935506273438584,1408,2.0,0.3038354814052582,634,257,42,26
1107,46.935506273438584,1408,2.0,0.5651398301124573,565,686,122,124
1128,46.935506273438584,1408,2.0,0.6808794736862183,749,305,53,31
1135,46.935506273438584,1408,2.0,0.5801204442977905,323,337,46,42
1141,46.935506273438584,1408,2.0,0.4877977967262268,872,349,77,45
1153,46.935506273438584,1408,2.0,0.7632892727851868,1189,448,97,48
1156,46.935506273438584,1408,2.0,0.5653032064437866,367,292,38,32
1159,46.935506273438584,1408,7.0,0.29646724462509155,244,981,257,99
1162,46.935506273438584,1408,2.0,0.8468894958496094,1495,609,157,89
7,46.968841150053244,1409,9.0,0.3180539309978485,982,81,38,53
1107,46.968841150053244,1409,2.0,0.7365725040435791,577,700,128,127
1128,46.968841150053244,1409,2.0,0.5458548069000244,743,303,54,34
1135,46.968841150053244,1409,2.0,0.6419711709022522,325,340,48,42
1141,46.968841150053244,1409,2.0,0.43138930201530457,863,346,76,46
1153,46.968841150053244,1409,2.0,0.6547011733055115,1179,444,95,48
1156,46.968841150053244,1409,2.0,0.5652968883514404,370,295,42,32
1159,46.968841150053244,1409,7.0,0.4231088161468506,249,981,234,98
1162,46.968841150053244,1409,2.0,0.8051965236663818,1470,598,153,87
7,47.002176026667904,1410,9.0,0.32403379678726196,982,81,38,53
1107,47.002176026667904,1410,2.0,0.7957053780555725,589,714,133,131
1128,47.002176026667904,1410,2.0,0.412188321352005,737,301,54,35
1135,47.002176026667904,1410,2.0,0.6581079363822937,327,343,47,41
1141,47.002176026667904,1410,2.0,0.48681730031967163,857,342,73,47
1153,47.002176026667904,1410,2.0,0.7215859293937683,1168,440,90,47
1156,47.002176026667904,1410,2.0,0.5260826945304871,372,298,43,33
1159,47.002176026667904,1410,7.0,0.445539653301239,258,979,240,93
1162,47.002176026667904,1410,2.0,0.7843761444091797,1445,585,148,85
7,47.035510903282564,1411,9.0,0.30856794118881226,982,82,37,54
1107,47.035510903282564,1411,2.0,0.8629352450370789,599,730,135,138
1128,47.035510903282564,1411,2.0,0.5308656692504883,732,299,52,34
1135,47.035510903282564,1411,2.0,0.688779890537262,329,347,48,42
1141,47.035510903282564,1411,2.0,0.481577605009079,850,340,72,46
1153,47.035510903282564,1411,2.0,0.4396461248397827,1157,436,88,47
1156,47.035510903282564,1411,2.0,0.5086498856544495,374,300,44,35
1159,47.035510903282564,1411,7.0,0.24939796328544617,254,977,224,92
1162,47.035510903282564,1411,2.0,0.7468782067298889,1421,576,148,80
7,47.06884577989722,1412,9.0,0.3243144154548645,982,81,38,53
1107,47.06884577989722,1412,2.0,0.7573161721229553,608,745,139,146
1128,47.06884577989722,1412,2.0,0.6674528121948242,727,295,51,33
1135,47.06884577989722,1412,2.0,0.7850843071937561,332,351,50,41
1141,47.06884577989722,1412,2.0,0.5000476837158203,842,338,73,47
1153,47.06884577989722,1412,2.0,0.7010536789894104,1146,432,85,43
1156,47.06884577989722,1412,2.0,0.49130600690841675,378,303,45,32
1159,47.06884577989722,1412,7.0,0.15418101847171783,239,976,245,89
1162,47.06884577989722,1412,2.0,0.7712702751159668,1397,565,149,81
7,47.10218065651188,1413,9.0,0.31779375672340393,982,81,38,53
1107,47.10218065651188,1413,2.0,0.7632937431335449,621,763,146,149
1128,47.10218065651188,1413,2.0,0.6564337611198425,722,294,47,32
1135,47.10218065651188,1413,2.0,0.8112923502922058,334,354,51,40
1141,47.10218065651188,1413,2.0,0.5106340050697327,836,334,70,44
1153,47.10218065651188,1413,2.0,0.26027578115463257,1136,428,83,43
1156,47.10218065651188,1413,2.0,0.5471885800361633,381,305,43,29
1159,47.10218065651188,1413,7.0,0.21962390840053558,282,972,192,99
1162,47.10218065651188,1413,2.0,0.7736384868621826,1374,556,144,77
7,47.13551553312654,1414,9.0,0.3185426890850067,982,81,38,53
1107,47.13551553312654,1414,2.0,0.8462473750114441,634,781,149,151
1128,47.13551553312654,1414,2.0,0.6701214909553528,717,292,47,35
1135,47.13551553312654,1414,2.0,0.7747562527656555,336,357,48,42
1141,47.13551553312654,1414,2.0,0.5775498151779175,830,332,67,40
1153,47.13551553312654,1414,2.0,0.4815952479839325,1125,423,85,45
1156,47.13551553312654,1414,2.0,0.6804922223091125,384,307,41,29
1159,47.13551553312654,1414,7.0,0.18659436702728271,303,969,161,102
1162,47.13551553312654,1414,2.0,0.7228490114212036,1352,548,140,78
7,47.1688504097412,1415,9.0,0.3191545307636261,982,81,38,53
1107,47.1688504097412,1415,2.0,0.712148904800415,647,801,152,155
1128,47.1688504097412,1415,2.0,0.617224931716919,714,291,50,33
1135,47.1688504097412,1415,2.0,0.8013398051261902,338,359,50,44
1141,47.1688504097412,1415,2.0,0.3800506889820099,822,327,69,43
1153,47.1688504097412,1415,2.0,0.5345617532730103,1112,418,89,47
1156,47.1688504097412,1415,2.0,0.7239186763763428,386,310,42,32
1159,47.1688504097412,1415,7.0,0.31558290123939514,311,968,147,104
1162,47.1688504097412,1415,2.0,0.7440465688705444,1331,537,135,77
7,47.20218528635585,1416,9.0,0.3119819760322571,982,81,37,54
1107,47.20218528635585,1416,2.0,0.8327447772026062,662,820,157,162
1128,47.20218528635585,1416,2.0,0.724407434463501,708,288,49,32
1135,47.20218528635585,1416,2.0,0.7603200674057007,340,362,49,45
1141,47.20218528635585,1416,2.0,0.5045019388198853,814,323,71,47
1153,47.20218528635585,1416,2.0,0.6001027822494507,1101,414,88,48
1156,47.20218528635585,1416,2.0,0.7110497355461121,389,313,44,35
1159,47.20218528635585,1416,7.0,0.22812746465206146,323,969,124,102
1162,47.20218528635585,1416,2.0,0.7756099700927734,1311,530,132,76
7,47.23552016297051,1417,9.0,0.3162224292755127,982,82,36,54
1107,47.23552016297051,1417,2.0,0.8496560454368591,676,841,160,168
1128,47.23552016297051,1417,2.0,0.6840408444404602,704,287,48,31
1135,47.23552016297051,1417,2.0,0.7642838358879089,341,364,53,47
1141,47.23552016297051,1417,2.0,0.526093602180481,808,321,70,47
1153,47.23552016297051,1417,2.0,0.4620285630226135,1092,410,83,45
1156,47.23552016297051,1417,2.0,0.6871281266212463,392,317,44,35
1162,47.23552016297051,1417,2.0,0.8315714001655579,1292,520,128,77
1187,47.23552016297051,1417,2.0,0.738556444644928,1852,778,132,102
7,47.26885503958517,1418,9.0,0.3089290261268616,982,82,36,54
1107,47.26885503958517,1418,2.0,0.8374313712120056,691,861,164,174
1128,47.26885503958517,1418,2.0,0.6653880476951599,699,284,51,29
1135,47.26885503958517,1418,2.0,0.8300991058349609,341,369,53,46
1141,47.26885503958517,1418,2.0,0.5795098543167114,801,320,69,43
1153,47.26885503958517,1418,2.0,0.4091567099094391,1082,407,83,44
1156,47.26885503958517,1418,2.0,0.6918542981147766,395,319,45,36
1162,47.26885503958517,1418,2.0,0.801778256893158,1274,513,126,74
1187,47.26885503958517,1418,2.0,0.8121093511581421,1837,767,163,101
7,47.30218991619983,1419,9.0,0.30924084782600403,982,82,36,55
1107,47.30218991619983,1419,2.0,0.7833658456802368,707,878,167,169
1128,47.30218991619983,1419,2.0,0.6589640378952026,695,283,49,30
1135,47.30218991619983,1419,2.0,0.8231704831123352,344,371,55,48
1141,47.30218991619983,1419,2.0,0.4447896480560303,794,317,67,43
1153,47.30218991619983,1419,2.0,0.21753746271133423,1071,403,80,44
1156,47.30218991619983,1419,2.0,0.638963520526886,398,322,47,39
1162,47.30218991619983,1419,2.0,0.6852176189422607,1255,505,125,69
1187,47.30218991619983,1419,2.0,0.8290925025939941,1817,751,193,101
7,47.33552479281448,1420,9.0,0.3083590269088745,982,81,37,54
1107,47.33552479281448,1420,2.0,0.8020339608192444,723,909,177,193
1128,47.33552479281448,1420,2.0,0.5062950849533081,690,282,48,28
1135,47.33552479281448,1420,2.0,0.8018386960029602,346,374,56,48
1141,47.33552479281448,1420,2.0,0.4473865032196045,788,314,66,44
1153,47.33552479281448,1420,2.0,0.4694264829158783,1063,398,79,44
1156,47.33552479281448,1420,2.0,0.6000057458877563,401,325,48,37
1162,47.33552479281448,1420,2.0,0.7182056307792664,1237,499,119,66
1187,47.33552479281448,1420,2.0,0.860486626625061,1784,733,200,98
7,47.36885966942914,1421,9.0,0.320401668548584,982,81,36,54
1107,47.36885966942914,1421,2.0,0.7562586069107056,741,933,185,200
1128,47.36885966942914,1421,2.0,0.5376580953598022,686,281,45,30
1135,47.36885966942914,1421,2.0,0.6896896958351135,349,378,55,49
1141,47.36885966942914,1421,2.0,0.4483618438243866,783,313,63,42
1153,47.36885966942914,1421,2.0,0.5713586211204529,1054,394,78,42
1156,47.36885966942914,1421,2.0,0.6228933334350586,404,328,49,33
1162,47.36885966942914,1421,2.0,0.795318603515625,1220,490,116,69
1187,47.36885966942914,1421,2.0,0.8300194144248962,1747,717,195,92
7,47.4021945460438,1422,9.0,0.3131290376186371,982,81,36,54
1107,47.4021945460438,1422,2.0,0.5929762125015259,761,958,194,205
1128,47.4021945460438,1422,2.0,0.32751011848449707,683,279,43,28
1135,47.4021945460438,1422,2.0,0.6919968128204346,352,381,54,50
1141,47.4021945460438,1422,2.0,0.39691710472106934,776,312,63,41
1153,47.4021945460438,1422,2.0,0.333227276802063,1044,390,77,44
1156,47.4021945460438,1422,2.0,0.6967342495918274,407,331,48,33
1162,47.4021945460438,1422,2.0,0.5872793793678284,1203,483,117,71
1187,47.4021945460438,1422,2.0,0.818712055683136,1710,702,188,91
7,47.435529422658455,1423,9.0,0.31895068287849426,982,82,36,55
1107,47.435529422658455,1423,2.0,0.5592375993728638,779,979,202,198
1128,47.435529422658455,1423,2.0,0.47274816036224365,679,275,39,30
1135,47.435529422658455,1423,2.0,0.654205322265625,353,384,55,50
1141,47.435529422658455,1423,2.0,0.26821452379226685,770,311,60,39
1153,47.435529422658455,1423,2.0,0.49239102005958557,1035,386,80,45
1156,47.435529422658455,1423,2.0,0.7262129187583923,409,334,48,37
1162,47.435529422658455,1423,2.0,0.7920743823051453,1187,476,113,66
1187,47.435529422658455,1423,2.0,0.8427752256393433,1676,686,179,88
7,47.468864299273115,1424,9.0,0.31060513854026794,982,82,36,55
1107,47.468864299273115,1424,2.0,0.3938170373439789,801,992,211,174
1128,47.468864299273115,1424,2.0,0.3076234459877014,675,274,42,31
1135,47.468864299273115,1424,2.0,0.6976968050003052,355,387,55,53
1141,47.468864299273115,1424,2.0,0.33630359172821045,765,309,61,40
1153,47.468864299273115,1424,2.0,0.6732696890830994,1026,382,76,43
1156,47.468864299273115,1424,2.0,0.6635531187057495,412,338,50,37
1162,47.468864299273115,1424,2.0,0.8120985627174377,1170,469,112,66
1187,47.468864299273115,1424,2.0,0.8498044013977051,1642,672,175,85
7,47.502199175887775,1425,9.0,0.305265337228775,982,82,36,55
1107,47.502199175887775,1425,2.0,0.4897007942199707,820,1005,216,148
1128,47.502199175887775,1425,2.0,0.5120707154273987,672,273,41,29
1135,47.502199175887775,1425,2.0,0.7523718476295471,358,390,55,54
1141,47.502199175887775,1425,2.0,0.4739656448364258,760,308,61,39
1153,47.502199175887775,1425,2.0,0.49210044741630554,1017,379,76,42
1156,47.502199175887775,1425,2.0,0.7181116342544556,417,342,50,38
1162,47.502199175887775,1425,2.0,0.7951773405075073,1156,463,108,65
1187,47.502199175887775,1425,2.0,0.9007145762443542,1610,658,172,82
7,47.535534052502435,1426,9.0,0.31770217418670654,982,81,38,53
1107,47.535534052502435,1426,2.0,0.11327572166919708,833,1019,203,121
1128,47.535534052502435,1426,2.0,0.45102614164352417,668,272,42,30
1135,47.535534052502435,1426,2.0,0.8014853596687317,361,395,55,52
1141,47.535534052502435,1426,2.0,0.49900195002555847,754,302,62,42
1153,47.535534052502435,1426,2.0,0.521863579750061,1009,377,78,42
1156,47.535534052502435,1426,2.0,0.7904841899871826,421,345,51,42
1162,47.535534052502435,1426,2.0,0.6960679292678833,1142,457,107,63
1187,47.535534052502435,1426,2.0,0.8701444268226624,1580,645,166,79
7,47.56886892911709,1427,9.0,0.3170742690563202,982,81,36,54
1128,47.56886892911709,1427,2.0,0.32374975085258484,663,269,42,27
1135,47.56886892911709,1427,2.0,0.8195005059242249,363,399,54,50
1141,47.56886892911709,1427,2.0,0.3611704409122467,749,297,59,45
1153,47.56886892911709,1427,2.0,0.524055540561676,1001,373,76,40
1156,47.56886892911709,1427,2.0,0.786079466342926,424,348,52,44
1162,47.56886892911709,1427,2.0,0.7266862988471985,1126,452,105,60
1187,47.56886892911709,1427,2.0,0.84502774477005,1553,634,156,76
7,47.60220380573175,1428,9.0,0.3070974051952362,982,82,36,54
1128,47.60220380573175,1428,2.0,0.34746769070625305,657,267,42,26
1135,47.60220380573175,1428,2.0,0.7839577794075012,365,404,54,51
1141,47.60220380573175,1428,2.0,0.20603905618190765,743,296,61,45
1153,47.60220380573175,1428,2.0,0.6832907199859619,992,369,74,41
1156,47.60220380573175,1428,2.0,0.7435235381126404,428,350,53,42
1162,47.60220380573175,1428,2.0,0.5848075151443481,1111,445,100,60
1187,47.60220380573175,1428,2.0,0.8414758443832397,1526,622,149,75
7,47.63553868234641,1429,9.0,0.3061920702457428,982,82,36,54
1128,47.63553868234641,1429,2.0,0.4705533981323242,654,265,39,25
1135,47.63553868234641,1429,2.0,0.7034137845039368,367,409,58,53
1141,47.63553868234641,1429,2.0,0.4481635093688965,737,294,62,43
1153,47.63553868234641,1429,2.0,0.5791930556297302,983,365,70,40
1156,47.63553868234641,1429,2.0,0.7456977963447571,430,354,52,42
1162,47.63553868234641,1429,2.0,0.716888427734375,1097,437,101,63
1187,47.63553868234641,1429,2.0,0.8418912887573242,1499,610,148,74
7,47.66887355896107,1430,9.0,0.3068163990974426,982,82,36,54
1128,47.66887355896107,1430,2.0,0.44021663069725037,652,264,38,25
1135,47.66887355896107,1430,2.0,0.7458009123802185,370,413,60,56
1141,47.66887355896107,1430,2.0,0.3969791531562805,733,293,60,43
1153,47.66887355896107,1430,2.0,0.4725765585899353,977,363,67,39
1156,47.66887355896107,1430,2.0,0.7353349328041077,434,358,52,45
1162,47.66887355896107,1430,2.0,0.7148664593696594,1084,431,101,64
1187,47.66887355896107,1430,2.0,0.828456699848175,1474,600,143,71
7,47.70220843557572,1431,9.0,0.3133617043495178,982,82,36,54
1128,47.70220843557572,1431,2.0,0.41425028443336487,650,262,38,26
1135,47.70220843557572,1431,2.0,0.7715884447097778,373,417,60,56
1141,47.70220843557572,1431,2.0,0.6651418805122375,728,291,58,43
1153,47.70220843557572,1431,2.0,0.6895857453346252,967,360,69,39
1156,47.70220843557572,1431,2.0,0.7105470895767212,437,363,55,45
1162,47.70220843557572,1431,2.0,0.7807981371879578,1072,425,99,63
1187,47.70220843557572,1431,2.0,0.8150608539581299,1448,589,141,69
7,47.73554331219038,1432,9.0,0.3175566792488098,982,82,36,54
1128,47.73554331219038,1432,2.0,0.4234510660171509,645,260,40,25
1135,47.73554331219038,1432,2.0,0.7900395393371582,377,422,61,56
1141,47.73554331219038,1432,2.0,0.6442736387252808,722,290,55,42
1153,47.73554331219038,1432,2.0,0.5329892039299011,961,358,64,38
1156,47.73554331219038,1432,2.0,0.7689680457115173,441,368,54,46
1162,47.73554331219038,1432,2.0,0.5777417421340942,1059,421,94,62
1187,47.73554331219038,1432,2.0,0.7641878724098206,1424,578,140,66
7,47.76887818880504,1433,9.0,0.29460325837135315,982,82,36,54
1128,47.76887818880504,1433,2.0,0.36371660232543945,641,258,39,25
1135,47.76887818880504,1433,2.0,0.7662572264671326,381,427,63,57
1141,47.76887818880504,1433,2.0,0.6242009401321411,717,289,57,41
1153,47.76887818880504,1433,2.0,0.5917377471923828,952,356,66,38
1156,47.76887818880504,1433,2.0,0.7144412994384766,446,371,54,45
1162,47.76887818880504,1433,2.0,0.6782503724098206,1046,417,94,58
1187,47.76887818880504,1433,2.0,0.8086357116699219,1400,567,137,66
7,47.8022130654197,1434,9.0,0.30522650480270386,982,82,36,55
1128,47.8022130654197,1434,2.0,0.4397485554218292,636,258,38,25
1135,47.8022130654197,1434,2.0,0.7951561808586121,384,431,67,59
1141,47.8022130654197,1434,2.0,0.4804551303386688,713,288,57,42
1153,47.8022130654197,1434,2.0,0.6009499430656433,943,352,69,39
1156,47.8022130654197,1434,2.0,0.7118982076644897,451,377,58,44
1162,47.8022130654197,1434,2.0,0.5833044052124023,1035,413,92,54
1187,47.8022130654197,1434,2.0,0.7728027105331421,1378,558,134,66
7,47.83554794203435,1435,9.0,0.3004189729690552,982,82,36,55
1128,47.83554794203435,1435,2.0,0.5100086331367493,632,257,40,26
1135,47.83554794203435,1435,2.0,0.8489610552787781,387,435,66,61
1141,47.83554794203435,1435,2.0,0.46384790539741516,708,287,57,40
1153,47.83554794203435,1435,2.0,0.5933920741081238,937,349,68,39
1156,47.83554794203435,1435,2.0,0.7303820848464966,455,381,60,46
1162,47.83554794203435,1435,2.0,0.552559494972229,1022,409,93,52
1187,47.83554794203435,1435,2.0,0.7885599732398987,1357,550,129,65
7,47.86888281864901,1436,9.0,0.29943418502807617,982,81,38,53
1128,47.86888281864901,1436,2.0,0.49155768752098083,629,258,39,26
1135,47.86888281864901,1436,2.0,0.8302710056304932,390,440,65,62
1141,47.86888281864901,1436,2.0,0.4153681695461273,703,285,55,38
1153,47.86888281864901,1436,2.0,0.5850239992141724,933,347,63,37
1156,47.86888281864901,1436,2.0,0.679050862789154,460,386,61,46
1162,47.86888281864901,1436,2.0,0.4240880012512207,1010,401,91,57
1187,47.86888281864901,1436,2.0,0.7408846020698547,1335,542,126,63
7,47.90221769526367,1437,9.0,0.307171493768692,982,82,37,54
1128,47.90221769526367,1437,2.0,0.277698278427124,627,257,37,25
1135,47.90221769526367,1437,2.0,0.8677788376808167,393,445,64,64
1141,47.90221769526367,1437,2.0,0.2590824365615845,698,282,54,38
1153,47.90221769526367,1437,2.0,0.45230862498283386,926,344,63,38
1156,47.90221769526367,1437,2.0,0.7559320330619812,464,391,61,49
1162,47.90221769526367,1437,2.0,0.40870076417922974,1000,398,89,53
1187,47.90221769526367,1437,2.0,0.7887734770774841,1315,532,124,62
7,47.93555257187833,1438,9.0,0.3028467297554016,982,82,36,54
1128,47.93555257187833,1438,2.0,0.24094389379024506,624,257,36,23
1135,47.93555257187833,1438,2.0,0.8591522574424744,396,450,67,64
1141,47.93555257187833,1438,2.0,0.3072810769081116,694,280,52,39
1153,47.93555257187833,1438,2.0,0.53623366355896,920,341,61,37
1156,47.93555257187833,1438,2.0,0.7404086589813232,470,396,64,51
1162,47.93555257187833,1438,2.0,0.271716445684433,988,394,87,49
1187,47.93555257187833,1438,2.0,0.8063015341758728,1296,523,122,61
7,47.968887448492985,1439,9.0,0.290591835975647,982,82,36,54
1135,47.968887448492985,1439,2.0,0.7398200631141663,401,456,67,62
1141,47.968887448492985,1439,2.0,0.3262251019477844,689,277,52,40
1153,47.968887448492985,1439,2.0,0.574602484703064,910,339,60,35
1156,47.968887448492985,1439,2.0,0.761309802532196,474,401,64,54
1162,47.968887448492985,1439,2.0,0.4934431314468384,977,387,84,59
1187,47.968887448492985,1439,2.0,0.7585488557815552,1278,516,117,62
7,48.002222325107645,1440,9.0,0.2792632281780243,982,82,36,54
1135,48.002222325107645,1440,2.0,0.7057004570960999,404,462,66,63
1141,48.002222325107645,1440,2.0,0.39606109261512756,687,276,52,40
1153,48.002222325107645,1440,2.0,0.4974637031555176,905,337,60,33
1156,48.002222325107645,1440,2.0,0.6560215353965759,479,405,63,54
1162,48.002222325107645,1440,2.0,0.6467158198356628,967,383,85,58
1187,48.002222325107645,1440,2.0,0.8137699961662292,1260,508,115,59
1204,48.002222325107645,1440,2.0,0.7088620662689209,30,1008,60,86
7,48.035557201722305,1441,9.0,0.3388020098209381,982,82,36,55
1135,48.035557201722305,1441,2.0,0.7509241104125977,407,467,68,64
1141,48.035557201722305,1441,2.0,0.28560325503349304,683,274,49,40
1153,48.035557201722305,1441,2.0,0.42319822311401367,898,334,62,33
1156,48.035557201722305,1441,2.0,0.769069254398346,484,411,64,54
1162,48.035557201722305,1441,2.0,0.3977702558040619,956,378,85,61
1187,48.035557201722305,1441,2.0,0.7832057476043701,1242,501,111,56
1204,48.035557201722305,1441,7.0,0.47603726387023926,39,1006,78,89
1205,48.035557201722305,1441,2.0,0.645051121711731,1808,751,219,113
7,48.068892078336965,1442,9.0,0.319501131772995,982,82,36,55
1135,48.068892078336965,1442,2.0,0.7605254650115967,411,472,70,67
1141,48.068892078336965,1442,2.0,0.29321274161338806,679,273,50,38
1153,48.068892078336965,1442,2.0,0.4654325544834137,889,332,62,33
1156,48.068892078336965,1442,2.0,0.7382730841636658,489,416,65,53
1162,48.068892078336965,1442,2.0,0.4627150893211365,947,372,84,61
1187,48.068892078336965,1442,2.0,0.7616623044013977,1223,494,109,56
1204,48.068892078336965,1442,2.0,0.34823593497276306,47,1001,94,89
1205,48.068892078336965,1442,2.0,0.5591464042663574,1777,734,216,108
1128,48.068892078336965,1442,2.0,0.3804053068161011,608,248,38,27
7,48.10222695495162,1443,9.0,0.32514792680740356,982,82,36,55
1135,48.10222695495162,1443,2.0,0.6901089549064636,415,479,71,67
1141,48.10222695495162,1443,2.0,0.31702449917793274,674,271,48,40
1153,48.10222695495162,1443,2.0,0.41404786705970764,884,328,61,32
1156,48.10222695495162,1443,2.0,0.7530756592750549,494,423,67,56
1162,48.10222695495162,1443,2.0,0.4972217381000519,938,369,84,62
1187,48.10222695495162,1443,2.0,0.7221885323524475,1206,486,106,56
1205,48.10222695495162,1443,2.0,0.6797419786453247,1739,717,209,102
1128,48.10222695495162,1443,2.0,0.25236642360687256,604,247,38,29
7,48.13556183156628,1444,9.0,0.3362959623336792,982,82,36,55
1135,48.13556183156628,1444,2.0,0.7879670262336731,418,486,70,66
1141,48.13556183156628,1444,2.0,0.36787351965904236,673,269,43,34
1153,48.13556183156628,1444,2.0,0.19449791312217712,879,327,62,32
1156,48.13556183156628,1444,2.0,0.7664722204208374,499,429,68,59
1162,48.13556183156628,1444,2.0,0.5426819920539856,929,366,82,59
1187,48.13556183156628,1444,2.0,0.7269851565361023,1192,479,107,55
1205,48.13556183156628,1444,2.0,0.7706374526023865,1702,702,203,105
1128,48.13556183156628,1444,2.0,0.24039338529109955,603,247,36,28
1204,48.13556183156628,1444,2.0,0.37252146005630493,54,1003,106,69
7,48.16889670818094,1445,9.0,0.3327142596244812,982,82,36,55
1135,48.16889670818094,1445,2.0,0.7489638924598694,422,490,73,69
1153,48.16889670818094,1445,7.0,0.1201348602771759,874,325,58,31
1156,48.16889670818094,1445,2.0,0.7911304235458374,505,435,69,59
1162,48.16889670818094,1445,7.0,0.35405433177948,919,363,78,54
1187,48.16889670818094,1445,2.0,0.7139109373092651,1177,473,102,53
1205,48.16889670818094,1445,2.0,0.798612117767334,1666,687,194,98
1128,48.16889670818094,1445,2.0,0.20580777525901794,600,246,35,28
1204,48.16889670818094,1445,2.0,0.32804909348487854,57,1004,110,67
7,48.20223158479559,1446,9.0,0.3174888789653778,982,82,36,55
1135,48.20223158479559,1446,2.0,0.7348001003265381,427,497,74,71
1153,48.20223158479559,1446,7.0,0.1320728212594986,867,323,60,35
1156,48.20223158479559,1446,2.0,0.7820720672607422,510,442,67,58
1162,48.20223158479559,1446,2.0,0.3056606948375702,911,362,78,50
1187,48.20223158479559,1446,2.0,0.6660945415496826,1161,466,96,52
1205,48.20223158479559,1446,2.0,0.6256681680679321,1633,672,187,93
1128,48.20223158479559,1446,2.0,0.1002952978014946,596,245,35,27
1204,48.20223158479559,1446,2.0,0.23761947453022003,63,1001,122,71
1141,48.20223158479559,1446,2.0,0.3311486840248108,662,265,50,38
7,48.23556646141025,1447,9.0,0.3130823075771332,982,82,36,55
1135,48.23556646141025,1447,2.0,0.7075216770172119,432,504,73,73
1153,48.23556646141025,1447,2.0,0.22604900598526,860,320,61,36
1156,48.23556646141025,1447,2.0,0.821929931640625,517,449,70,60
1162,48.23556646141025,1447,2.0,0.4322957694530487,902,360,76,44
1187,48.23556646141025,1447,2.0,0.6959205865859985,1145,460,97,53
1205,48.23556646141025,1447,2.0,0.7164371609687805,1602,660,182,93
1128,48.23556646141025,1447,2.0,0.15078610181808472,594,244,34,27
1212,48.23556646141025,1447,2.0,0.46377652883529663,96,989,191,104
1141,48.23556646141025,1447,2.0,0.4336319863796234,659,263,51,38
7,48.26890133802491,1448,9.0,0.3248523473739624,982,82,36,55
1135,48.26890133802491,1448,2.0,0.6896263957023621,436,511,76,75
1153,48.26890133802491,1448,2.0,0.28118541836738586,854,319,61,35
1156,48.26890133802491,1448,2.0,0.7576245069503784,524,457,72,61
1162,48.26890133802491,1448,2.0,0.4383542835712433,893,358,75,39
1187,48.26890133802491,1448,2.0,0.7253797054290771,1128,454,100,51
1205,48.26890133802491,1448,2.0,0.6573286056518555,1572,646,175,92
1128,48.26890133802491,1448,2.0,0.12819905579090118,590,242,31,24
1212,48.26890133802491,1448,2.0,0.43320950865745544,104,991,208,115
1141,48.26890133802491,1448,2.0,0.4297429919242859,655,262,48,36
1213,48.26890133802491,1448,7.0,0.40259304642677307,106,991,210,112
7,48.30223621463957,1449,9.0,0.3113638758659363,982,82,36,55
1135,48.30223621463957,1449,2.0,0.7292641401290894,440,518,79,78
1153,48.30223621463957,1449,2.0,0.10859078913927078,849,315,61,31
1156,48.30223621463957,1449,2.0,0.7101815938949585,530,464,73,60
1162,48.30223621463957,1449,2.0,0.2854141592979431,883,355,71,39
1187,48.30223621463957,1449,2.0,0.6340004205703735,1113,449,96,51
1205,48.30223621463957,1449,2.0,0.6302541494369507,1544,634,169,89
1212,48.30223621463957,1449,2.0,0.3556634187698364,112,987,225,112
1141,48.30223621463957,1449,2.0,0.4268282651901245,652,261,44,33
1213,48.30223621463957,1449,7.0,0.3556922674179077,119,985,236,104
7,48.335571091254224,1450,9.0,0.3200811445713043,982,82,36,55
1135,48.335571091254224,1450,2.0,0.7239785194396973,444,524,83,79
1153,48.335571091254224,1450,2.0,0.1664292961359024,841,313,56,31
1156,48.335571091254224,1450,2.0,0.8110902905464172,537,472,75,60
1162,48.335571091254224,1450,2.0,0.37851694226264954,875,352,71,40
1187,48.335571091254224,1450,2.0,0.7699099779129028,1101,442,93,50
1205,48.335571091254224,1450,2.0,0.6202256679534912,1516,622,165,84
1141,48.335571091254224,1450,2.0,0.2532244324684143,648,260,45,31
1213,48.335571091254224,1450,7.0,0.2240138202905655,136,980,251,100
1204,48.335571091254224,1450,2.0,0.3034539520740509,93,995,151,76
7,48.36890596786888,1451,9.0,0.3218913674354553,982,82,36,55
1135,48.36890596786888,1451,2.0,0.7279025316238403,449,532,82,80
1153,48.36890596786888,1451,2.0,0.13715946674346924,833,310,57,30
1156,48.36890596786888,1451,2.0,0.8082795143127441,544,480,78,63
1162,48.36890596786888,1451,2.0,0.4024460017681122,866,348,70,42
1187,48.36890596786888,1451,2.0,0.726642906665802,1090,435,95,52
1205,48.36890596786888,1451,2.0,0.47740089893341064,1489,612,162,84
1141,48.36890596786888,1451,2.0,0.13381783664226532,642,259,47,30
1213,48.36890596786888,1451,7.0,0.3316103518009186,150,977,244,104
1215,48.36890596786888,1451,2.0,0.58653324842453,263,720,78,55
1204,48.36890596786888,1451,2.0,0.1345667541027069,106,990,150,79
7,48.40224084448354,1452,9.0,0.32437583804130554,982,82,36,55
1135,48.40224084448354,1452,2.0,0.8009462952613831,454,541,89,82
1153,48.40224084448354,1452,2.0,0.20220063626766205,828,313,57,38
1156,48.40224084448354,1452,2.0,0.7690764665603638,552,486,78,63
1162,48.40224084448354,1452,2.0,0.35974738001823425,858,343,72,42
1187,48.40224084448354,1452,2.0,0.7325350046157837,1075,431,94,49
1205,48.40224084448354,1452,2.0,0.4217536747455597,1464,600,156,83
1141,48.40224084448354,1452,2.0,0.238596111536026,639,258,49,30
1213,48.40224084448354,1452,7.0,0.2805206775665283,166,973,234,101
1215,48.40224084448354,1452,2.0,0.5237538814544678,253,719,98,63
1204,48.40224084448354,1452,7.0,0.1255287230014801,126,980,156,94
7,48.4355757210982,1453,9.0,0.32470759749412537,982,82,36,55
1135,48.4355757210982,1453,2.0,0.7367190718650818,460,548,89,84
1153,48.4355757210982,1453,7.0,0.13143876194953918,827,315,56,42
1156,48.4355757210982,1453,2.0,0.7513669729232788,560,495,83,67
1162,48.4355757210982,1453,2.0,0.26412975788116455,850,339,70,44
1187,48.4355757210982,1453,2.0,0.7397907972335815,1063,427,87,47
1205,48.4355757210982,1453,2.0,0.5501634478569031,1440,588,152,81
1141,48.4355757210982,1453,2.0,0.20090577006340027,636,257,46,30
1213,48.4355757210982,1453,7.0,0.2510218024253845,185,972,228,101
1215,48.4355757210982,1453,2.0,0.4149266183376312,243,720,124,65
1204,48.4355757210982,1453,2.0,0.11685265600681305,140,975,143,98
7,48.468910597712856,1454,9.0,0.31679949164390564,982,82,36,55
1135,48.468910597712856,1454,2.0,0.6943318247795105,465,557,88,86
1153,48.468910597712856,1454,2.0,0.19642427563667297,821,310,59,39
1156,48.468910597712856,1454,2.0,0.782844603061676,568,503,83,68
1162,48.468910597712856,1454,2.0,0.3976519703865051,841,334,68,48
1187,48.468910597712856,1454,2.0,0.729118824005127,1050,421,86,46
1205,48.468910597712856,1454,2.0,0.5663762092590332,1417,577,150,76
1213,48.468910597712856,1454,2.0,0.3443947732448578,187,971,191,98
1215,48.468910597712856,1454,2.0,0.5824766755104065,230,722,148,67
7,48.502245474327516,1455,9.0,0.29914578795433044,982,82,36,55
1135,48.502245474327516,1455,2.0,0.5950647592544556,471,565,90,87
1156,48.502245474327516,1455,2.0,0.7661713361740112,577,513,85,71
1162,48.502245474327516,1455,2.0,0.5104824304580688,833,327,70,57
1187,48.502245474327516,1455,2.0,0.7542256712913513,1036,416,86,46
1205,48.502245474327516,1455,2.0,0.6666830778121948,1394,568,147,76
1213,48.502245474327516,1455,7.0,0.3492337763309479,227,968,251,108
1215,48.502245474327516,1455,2.0,0.7257974743843079,215,723,168,68
7,48.535580350942176,1456,9.0,0.30726543068885803,982,82,36,55
1135,48.535580350942176,1456,2.0,0.6757832169532776,476,574,91,88
1156,48.535580350942176,1456,2.0,0.7366163730621338,585,523,88,72
1162,48.535580350942176,1456,2.0,0.36319369077682495,824,323,69,61
1187,48.535580350942176,1456,2.0,0.7796975374221802,1025,411,82,45
1205,48.535580350942176,1456,2.0,0.6118178367614746,1372,559,146,75
1213,48.535580350942176,1456,7.0,0.21392786502838135,237,967,228,105
1215,48.535580350942176,1456,2.0,0.6238220930099487,192,725,167,65
7,48.568915227556836,1457,9.0,0.2974015772342682,982,82,36,55
1135,48.568915227556836,1457,2.0,0.7127842307090759,482,583,93,90
1156,48.568915227556836,1457,2.0,0.7804883718490601,594,532,89,74
1162,48.568915227556836,1457,2.0,0.519800066947937,817,323,66,52
1187,48.568915227556836,1457,2.0,0.7309826016426086,1013,407,83,43
1205,48.568915227556836,1457,2.0,0.6869529485702515,1349,550,139,74
1213,48.568915227556836,1457,7.0,0.23334448039531708,257,965,239,112
1215,48.568915227556836,1457,2.0,0.6567528247833252,167,728,168,64
7,48.60225010417149,1458,9.0,0.283420592546463,982,82,36,55
1135,48.60225010417149,1458,2.0,0.6881524920463562,488,592,96,92
1156,48.60225010417149,1458,2.0,0.7175664901733398,604,543,94,79
1162,48.60225010417149,1458,2.0,0.5634422302246094,811,318,67,58
1187,48.60225010417149,1458,2.0,0.7231538891792297,1001,402,81,44
1205,48.60225010417149,1458,2.0,0.7059503793716431,1328,540,136,73
1215,48.60225010417149,1458,2.0,0.6803112030029297,142,731,168,63
7,48.63558498078615,1459,9.0,0.3119547367095947,982,82,36,55
1135,48.63558498078615,1459,2.0,0.7686578631401062,496,602,99,96
1156,48.63558498078615,1459,2.0,0.7445765733718872,614,553,97,79
1162,48.63558498078615,1459,2.0,0.38009271025657654,804,314,66,56
1187,48.63558498078615,1459,2.0,0.7041545510292053,991,398,79,40
1205,48.63558498078615,1459,2.0,0.792344868183136,1307,531,133,71
1215,48.63558498078615,1459,2.0,0.6797446608543396,118,733,168,62
7,48.66891985740081,1460,9.0,0.3147422671318054,982,82,36,55
1135,48.66891985740081,1460,2.0,0.7368720173835754,502,611,102,100
1156,48.66891985740081,1460,2.0,0.7220664024353027,625,564,99,83
1162,48.66891985740081,1460,2.0,0.3144291043281555,796,311,63,55
1187,48.66891985740081,1460,2.0,0.6157130599021912,981,393,75,42
1205,48.66891985740081,1460,2.0,0.7413519620895386,1288,523,131,72
1215,48.66891985740081,1460,2.0,0.7435762882232666,95,734,170,64
1226,48.66891985740081,1460,2.0,0.611312210559845,1768,679,195,91
7,48.70225473401547,1461,9.0,0.31473034620285034,982,82,36,55
1135,48.70225473401547,1461,2.0,0.7188699245452881,508,622,102,101
1156,48.70225473401547,1461,2.0,0.827350378036499,634,575,101,84
1162,48.70225473401547,1461,2.0,0.3855169713497162,791,308,60,53
1187,48.70225473401547,1461,2.0,0.6075510382652283,971,389,77,44
1205,48.70225473401547,1461,2.0,0.748099684715271,1271,515,129,70
1215,48.70225473401547,1461,2.0,0.6034262180328369,79,738,158,59
1226,48.70225473401547,1461,2.0,0.6047600507736206,1741,668,191,90
7,48.73558961063012,1462,9.0,0.309684693813324,982,82,36,55
1135,48.73558961063012,1462,2.0,0.6701857447624207,515,631,105,107
1156,48.73558961063012,1462,2.0,0.7927259206771851,646,587,107,88
1162,48.73558961063012,1462,2.0,0.5230313539505005,786,307,60,53
1187,48.73558961063012,1462,2.0,0.6203932166099548,960,385,77,44
1205,48.73558961063012,1462,2.0,0.7148724794387817,1251,507,126,69
1215,48.73558961063012,1462,2.0,0.6365342736244202,66,740,132,58
1226,48.73558961063012,1462,2.0,0.557894229888916,1712,656,184,89
7,48.76892448724478,1463,9.0,0.3205636739730835,982,82,36,55
1135,48.76892448724478,1463,2.0,0.6961570978164673,523,643,107,111
1156,48.76892448724478,1463,2.0,0.7674484252929688,658,600,109,91
1162,48.76892448724478,1463,2.0,0.38838672637939453,778,305,59,52
1187,48.76892448724478,1463,2.0,0.6994389295578003,950,379,74,45
1205,48.76892448724478,1463,2.0,0.7172196507453918,1234,500,122,67
1215,48.76892448724478,1463,2.0,0.5932892560958862,53,741,106,56
1226,48.76892448724478,1463,2.0,0.1796644628047943,1683,645,180,85
7,48.80225936385944,1464,9.0,0.31897425651550293,982,82,36,55
1135,48.80225936385944,1464,2.0,0.6351298093795776,531,654,110,113
1156,48.80225936385944,1464,2.0,0.7870174646377563,671,613,113,93
1162,48.80225936385944,1464,2.0,0.43383949995040894,772,302,58,52
1187,48.80225936385944,1464,2.0,0.6298552751541138,940,375,73,42
1205,48.80225936385944,1464,2.0,0.7028659582138062,1217,493,119,65
1215,48.80225936385944,1464,2.0,0.5158883333206177,39,743,79,53
1226,48.80225936385944,1464,2.0,0.28424447774887085,1656,635,175,84
7,48.835594240474094,1465,9.0,0.3117862939834595,982,82,36,55
1135,48.835594240474094,1465,2.0,0.7411885857582092,538,665,114,119
1156,48.835594240474094,1465,2.0,0.7988357543945312,684,626,115,97
1162,48.835594240474094,1465,2.0,0.492423415184021,767,301,58,56
1187,48.835594240474094,1465,2.0,0.6278873085975647,932,373,71,39
1205,48.835594240474094,1465,2.0,0.6520304679870605,1200,485,116,65
1215,48.835594240474094,1465,2.0,0.5988378524780273,27,744,55,51
1226,48.835594240474094,1465,2.0,0.3061049282550812,1631,624,169,82
7,48.868929117088754,1466,9.0,0.3113354444503784,982,82,36,54
1135,48.868929117088754,1466,2.0,0.7837390303611755,546,678,118,120
1156,48.868929117088754,1466,2.0,0.7644074559211731,697,640,118,101
1162,48.868929117088754,1466,2.0,0.543111264705658,762,299,58,54
1187,48.868929117088754,1466,2.0,0.7030212879180908,922,367,72,43
1205,48.868929117088754,1466,2.0,0.6588416695594788,1185,479,114,62
1226,48.868929117088754,1466,2.0,0.5198262929916382,1608,615,165,84
1238,48.868929117088754,1466,9.0,0.3313656449317932,523,157,20,31
7,48.902263993703414,1467,9.0,0.3205350339412689,982,82,36,54
1135,48.902263993703414,1467,2.0,0.7625864744186401,555,692,120,123
1156,48.902263993703414,1467,2.0,0.7288813591003418,713,655,122,105
1162,48.902263993703414,1467,2.0,0.5480997562408447,757,296,58,53
1187,48.902263993703414,1467,2.0,0.6939430832862854,912,363,70,43
1205,48.902263993703414,1467,2.0,0.7477379441261292,1168,472,111,61
1226,48.902263993703414,1467,2.0,0.4709048271179199,1583,604,162,82
1238,48.902263993703414,1467,9.0,0.339635968208313,523,158,20,32
1239,48.902263993703414,1467,2.0,0.5601974129676819,128,1047,253,65
7,48.935598870318074,1468,9.0,0.30802759528160095,982,81,36,54
1135,48.935598870318074,1468,2.0,0.7832384705543518,564,705,124,128
1156,48.935598870318074,1468,2.0,0.8031220436096191,727,672,130,109
1162,48.935598870318074,1468,2.0,0.5689301490783691,750,293,56,52
1187,48.935598870318074,1468,2.0,0.7442753314971924,903,361,69,41
1205,48.935598870318074,1468,2.0,0.6744030117988586,1152,464,109,62
1226,48.935598870318074,1468,2.0,0.5237641334533691,1561,595,156,80
1238,48.935598870318074,1468,9.0,0.3410368263721466,523,158,20,32
1239,48.935598870318074,1468,2.0,0.44176405668258667,141,1046,263,66
1241,48.935598870318074,1468,2.0,0.6554489135742188,1820,757,196,135
7,48.96893374693273,1469,9.0,0.3193008601665497,982,81,36,54
1135,48.96893374693273,1469,2.0,0.7853666543960571,575,719,127,129
1156,48.96893374693273,1469,2.0,0.8248730897903442,742,689,133,113
1162,48.96893374693273,1469,2.0,0.45803216099739075,746,291,58,50
1187,48.96893374693273,1469,2.0,0.6945067048072815,893,358,68,38
1205,48.96893374693273,1469,2.0,0.6320613026618958,1138,459,110,62
1226,48.96893374693273,1469,2.0,0.4409737288951874,1539,586,153,79
1238,48.96893374693273,1469,9.0,0.3154640793800354,523,158,20,33
1239,48.96893374693273,1469,2.0,0.3554547429084778,169,1046,247,66
1241,48.96893374693273,1469,2.0,0.5983144640922546,1806,745,226,130
7,49.00226862354739,1470,9.0,0.3244391679763794,982,81,36,54
1135,49.00226862354739,1470,2.0,0.7985673546791077,586,735,130,133
1156,49.00226862354739,1470,2.0,0.7027619481086731,759,705,139,119
1162,49.00226862354739,1470,2.0,0.44314804673194885,740,289,57,49
1187,49.00226862354739,1470,2.0,0.752027153968811,885,354,63,35
1205,49.00226862354739,1470,2.0,0.6619021892547607,1122,454,107,59
1226,49.00226862354739,1470,2.0,0.4611726999282837,1519,578,150,76
1238,49.00226862354739,1470,9.0,0.27945461869239807,523,158,20,32
1239,49.00226862354739,1470,2.0,0.5344632267951965,194,1046,236,65
1241,49.00226862354739,1470,2.0,0.5220022797584534,1782,726,253,126
7,49.03560350016205,1471,9.0,0.32837754487991333,982,81,36,54
1135,49.03560350016205,1471,2.0,0.8096339702606201,595,751,135,137
1156,49.03560350016205,1471,2.0,0.8144240975379944,777,724,142,123
1162,49.03560350016205,1471,2.0,0.46886351704597473,735,288,57,48
1187,49.03560350016205,1471,2.0,0.6822589635848999,878,351,63,34
1205,49.03560350016205,1471,2.0,0.7679989337921143,1108,447,102,56
1226,49.03560350016205,1471,2.0,0.44410914182662964,1498,570,145,73
1238,49.03560350016205,1471,9.0,0.356999009847641,523,158,19,32
1239,49.03560350016205,1471,2.0,0.501560628414154,217,1044,226,65
1241,49.03560350016205,1471,2.0,0.6735635995864868,1749,709,253,123
7,49.06893837677671,1472,9.0,0.305774450302124,982,81,36,54
1135,49.06893837677671,1472,2.0,0.7664700150489807,606,767,139,142
1156,49.06893837677671,1472,2.0,0.8032267093658447,794,744,152,128
1162,49.06893837677671,1472,2.0,0.7153181433677673,729,287,58,46
1187,49.06893837677671,1472,2.0,0.6243563890457153,868,349,64,39
1205,49.06893837677671,1472,2.0,0.5406489372253418,1094,440,103,59
1226,49.06893837677671,1472,2.0,0.5215163826942444,1477,561,145,73
1238,49.06893837677671,1472,9.0,0.3147144913673401,522,158,19,31
1239,49.06893837677671,1472,2.0,0.616005539894104,236,1043,224,66
1241,49.06893837677671,1472,2.0,0.817387044429779,1712,694,245,120
7,49.10227325339136,1473,9.0,0.3155439794063568,982,81,36,54
1135,49.10227325339136,1473,2.0,0.5924363732337952,618,783,143,146
1156,49.10227325339136,1473,2.0,0.6411720514297485,814,764,157,133
1162,49.10227325339136,1473,2.0,0.45986151695251465,724,285,57,45
1187,49.10227325339136,1473,2.0,0.523503839969635,860,345,63,38
1205,49.10227325339136,1473,2.0,0.6255274415016174,1082,435,101,59
1226,49.10227325339136,1473,2.0,0.3323863446712494,1458,553,140,69
1238,49.10227325339136,1473,9.0,0.3688587248325348,522,158,19,32
1239,49.10227325339136,1473,2.0,0.41099706292152405,253,1043,224,68
1241,49.10227325339136,1473,2.0,0.5591946244239807,1676,679,237,117
7,49.13560813000602,1474,9.0,0.30644333362579346,982,81,36,55
1135,49.13560813000602,1474,2.0,0.8704354763031006,629,801,145,151
1156,49.13560813000602,1474,2.0,0.702796220779419,835,786,162,138
1162,49.13560813000602,1474,2.0,0.6720818877220154,720,285,56,45
1187,49.13560813000602,1474,2.0,0.6481727957725525,852,341,64,38
1205,49.13560813000602,1474,2.0,0.7852067351341248,1067,428,99,59
1226,49.13560813000602,1474,2.0,0.45915356278419495,1439,546,139,71
1238,49.13560813000602,1474,9.0,0.2840716540813446,522,157,19,31
1239,49.13560813000602,1474,2.0,0.5351446866989136,276,1042,232,68
1241,49.13560813000602,1474,2.0,0.7683979868888855,1642,664,228,111
7,49.16894300662068,1475,9.0,0.28138381242752075,982,81,36,55
1135,49.16894300662068,1475,2.0,0.8329765796661377,643,819,148,157
1156,49.16894300662068,1475,2.0,0.770980179309845,857,809,167,147
1162,49.16894300662068,1475,2.0,0.4541071057319641,715,283,56,45
1187,49.16894300662068,1475,2.0,0.6570305824279785,844,338,62,38
1205,49.16894300662068,1475,2.0,0.8167217373847961,1056,424,96,55
1226,49.16894300662068,1475,2.0,0.7169427871704102,1420,538,138,71
1238,49.16894300662068,1475,9.0,0.3438594341278076,523,157,19,32
1239,49.16894300662068,1475,2.0,0.5607436299324036,296,1039,231,72
1241,49.16894300662068,1475,2.0,0.8194418549537659,1609,652,219,107
7,49.20227788323534,1476,9.0,0.2928928732872009,982,81,36,55
1135,49.20227788323534,1476,2.0,0.7921175360679626,656,838,155,163
1156,49.20227788323534,1476,2.0,0.7518606781959534,882,833,172,154
1162,49.20227788323534,1476,2.0,0.5586773753166199,712,282,58,45
1187,49.20227788323534,1476,2.0,0.6906312108039856,837,336,57,34
1205,49.20227788323534,1476,2.0,0.7218902707099915,1042,419,97,55
1226,49.20227788323534,1476,2.0,0.6299411654472351,1401,530,137,68
1238,49.20227788323534,1476,9.0,0.3633756935596466,523,158,19,32
1239,49.20227788323534,1476,2.0,0.5164352059364319,311,1040,223,71
1241,49.20227788323534,1476,2.0,0.5919052362442017,1579,638,213,104
7,49.23561275984999,1477,9.0,0.28095245361328125,982,81,36,55
1135,49.23561275984999,1477,2.0,0.8148512244224548,670,857,159,165
1156,49.23561275984999,1477,2.0,0.7455831170082092,907,859,179,163
1162,49.23561275984999,1477,2.0,0.6655755639076233,707,279,60,44
1187,49.23561275984999,1477,2.0,0.6893505454063416,831,332,58,34
1205,49.23561275984999,1477,2.0,0.7907472252845764,1031,414,92,55
1226,49.23561275984999,1477,2.0,0.7242338061332703,1384,525,132,67
1238,49.23561275984999,1477,9.0,0.39673057198524475,523,158,19,32
1239,49.23561275984999,1477,2.0,0.6424346566200256,322,1040,205,71
1241,49.23561275984999,1477,2.0,0.7788572907447815,1549,627,205,102
7,49.26894763646465,1478,9.0,0.2703074812889099,982,81,36,55
1135,49.26894763646465,1478,2.0,0.777000904083252,686,878,164,169
1156,49.26894763646465,1478,2.0,0.7836670279502869,933,885,186,169
1162,49.26894763646465,1478,2.0,0.5971351265907288,702,276,61,44
1187,49.26894763646465,1478,2.0,0.7255229353904724,824,329,57,34
1205,49.26894763646465,1478,2.0,0.711076021194458,1019,410,92,52
1226,49.26894763646465,1478,2.0,0.7256919145584106,1368,518,129,65
1238,49.26894763646465,1478,9.0,0.41407835483551025,523,158,19,33
1239,49.26894763646465,1478,2.0,0.642016589641571,330,1040,186,76
1241,49.26894763646465,1478,2.0,0.6963768601417542,1521,615,196,99
7,49.30228251307931,1479,9.0,0.2599193751811981,982,82,36,55
1135,49.30228251307931,1479,2.0,0.606489360332489,701,893,166,162
1156,49.30228251307931,1479,2.0,0.8341584801673889,963,912,195,175
1162,49.30228251307931,1479,2.0,0.538943886756897,698,274,61,44
1187,49.30228251307931,1479,2.0,0.6099532842636108,817,326,56,36
1205,49.30228251307931,1479,2.0,0.779478907585144,1008,405,89,51
1226,49.30228251307931,1479,2.0,0.6202784776687622,1349,510,130,64
1238,49.30228251307931,1479,9.0,0.42429086565971375,523,158,19,33
1239,49.30228251307931,1479,2.0,0.6433770060539246,342,1040,170,77
1241,49.30228251307931,1479,2.0,0.3182481825351715,1494,603,191,98
7,49.33561738969397,1480,9.0,0.2562059760093689,982,82,36,55
1135,49.33561738969397,1480,2.0,0.7619006037712097,717,921,171,180
1156,49.33561738969397,1480,2.0,0.741703987121582,991,934,203,164
1162,49.33561738969397,1480,2.0,0.3904719948768616,694,273,61,45
1187,49.33561738969397,1480,2.0,0.5474087595939636,810,326,55,34
1205,49.33561738969397,1480,2.0,0.5976907014846802,995,400,89,50
1226,49.33561738969397,1480,2.0,0.4874325096607208,1333,504,126,61
1238,49.33561738969397,1480,9.0,0.4245396554470062,523,157,19,32
1239,49.33561738969397,1480,2.0,0.5883388519287109,349,1041,148,76
1241,49.33561738969397,1480,2.0,0.30007654428482056,1468,591,185,98
7,49.368952266308625,1481,9.0,0.24786898493766785,982,81,36,55
1135,49.368952266308625,1481,2.0,0.7346591949462891,733,948,181,193
1156,49.368952266308625,1481,2.0,0.6188800930976868,1023,970,215,178
1162,49.368952266308625,1481,2.0,0.4584496021270752,689,272,61,43
1187,49.368952266308625,1481,2.0,0.5260484218597412,801,322,59,36
1205,49.368952266308625,1481,2.0,0.4842180907726288,985,396,87,49
1226,49.368952266308625,1481,2.0,0.6000805497169495,1317,498,122,62
1238,49.368952266308625,1481,9.0,0.3734450340270996,523,158,19,32
1239,49.368952266308625,1481,2.0,0.49305957555770874,363,1040,143,76
1241,49.368952266308625,1481,2.0,0.4434598982334137,1441,578,181,98
7,49.402287142923285,1482,9.0,0.24305033683776855,982,81,36,55
1135,49.402287142923285,1482,2.0,0.6211307644844055,751,971,188,198
1156,49.402287142923285,1482,2.0,0.5116922855377197,1061,993,242,167
1162,49.402287142923285,1482,2.0,0.6107942461967468,687,271,61,38
1187,49.402287142923285,1482,2.0,0.5325708985328674,795,319,57,34
1205,49.402287142923285,1482,2.0,0.3437148928642273,975,389,84,54
1226,49.402287142923285,1482,2.0,0.4252718389034271,1301,491,119,61
1238,49.402287142923285,1482,9.0,0.36537396907806396,523,157,19,31
1239,49.402287142923285,1482,2.0,0.35922563076019287,377,1039,132,79
1241,49.402287142923285,1482,2.0,0.25503969192504883,1416,566,178,91
7,49.435622019537945,1483,9.0,0.24641768634319305,982,81,36,55
1135,49.435622019537945,1483,2.0,0.219668447971344,770,987,192,185
1156,49.435622019537945,1483,2.0,0.3447294533252716,1052,1010,306,139
1162,49.435622019537945,1483,2.0,0.4652683734893799,684,269,62,36
1187,49.435622019537945,1483,2.0,0.641658365726471,788,316,55,34
1205,49.435622019537945,1483,2.0,0.4208652675151825,964,384,84,57
1226,49.435622019537945,1483,2.0,0.45827367901802063,1287,485,119,61
1238,49.435622019537945,1483,9.0,0.36792320013046265,523,157,20,31
1239,49.435622019537945,1483,2.0,0.3690878748893738,385,1041,112,74
1241,49.435622019537945,1483,2.0,0.6129782199859619,1393,559,177,92
7,49.468956896152605,1484,9.0,0.24030543863773346,982,81,36,55
1135,49.468956896152605,1484,2.0,0.5023248195648193,787,1000,196,158
1162,49.468956896152605,1484,2.0,0.49679428339004517,678,266,60,35
1187,49.468956896152605,1484,2.0,0.6674415469169617,783,314,55,37
1205,49.468956896152605,1484,2.0,0.5069790482521057,953,381,83,56
1226,49.468956896152605,1484,2.0,0.39820805191993713,1272,481,116,63
1238,49.468956896152605,1484,9.0,0.39886802434921265,523,157,20,31
1241,49.468956896152605,1484,2.0,0.4129880666732788,1370,550,170,89
7,49.50229177276726,1485,9.0,0.2332915961742401,982,81,36,55
1135,49.50229177276726,1485,2.0,0.10002947598695755,803,1014,190,131
1162,49.50229177276726,1485,2.0,0.39606109261512756,672,266,57,34
1187,49.50229177276726,1485,2.0,0.6590505838394165,775,311,54,36
1205,49.50229177276726,1485,2.0,0.6634243130683899,943,378,81,51
1226,49.50229177276726,1485,2.0,0.3129900097846985,1258,475,117,63
1238,49.50229177276726,1485,9.0,0.38945627212524414,523,157,20,31
1241,49.50229177276726,1485,7.0,0.2587100565433502,1348,542,169,88
7,49.53562664938192,1486,9.0,0.221345916390419,982,81,36,55
1135,49.53562664938192,1486,2.0,0.12419494986534119,820,1024,190,111
1162,49.53562664938192,1486,2.0,0.5372723340988159,670,264,59,36
1187,49.53562664938192,1486,2.0,0.669549286365509,768,309,50,32
1205,49.53562664938192,1486,2.0,0.5606809854507446,934,372,81,55
1226,49.53562664938192,1486,2.0,0.3052605092525482,1243,470,115,62
1238,49.53562664938192,1486,9.0,0.3228129744529724,523,157,20,31
1241,49.53562664938192,1486,7.0,0.35017871856689453,1326,532,163,84
7,49.56896152599658,1487,9.0,0.2528684139251709,982,81,36,54
1135,49.56896152599658,1487,2.0,0.17963114380836487,833,1039,173,80
1162,49.56896152599658,1487,2.0,0.4578145742416382,668,262,61,35
1187,49.56896152599658,1487,2.0,0.7300599217414856,763,308,53,31
1205,49.56896152599658,1487,2.0,0.7451171875,926,368,80,53
1226,49.56896152599658,1487,2.0,0.5452558994293213,1229,464,111,59
1238,49.56896152599658,1487,9.0,0.29597237706184387,523,157,20,30
1241,49.56896152599658,1487,7.0,0.46793338656425476,1307,524,157,81
7,49.60229640261123,1488,9.0,0.24969570338726044,982,81,36,55
1162,49.60229640261123,1488,2.0,0.5400200486183167,665,260,65,33
1187,49.60229640261123,1488,2.0,0.7301352620124817,758,305,53,32
1205,49.60229640261123,1488,2.0,0.6685794591903687,916,365,80,51
1226,49.60229640261123,1488,2.0,0.3297451138496399,1216,458,110,58
1238,49.60229640261123,1488,9.0,0.274646520614624,523,158,20,30
1241,49.60229640261123,1488,7.0,0.33769693970680237,1287,516,156,79
7,49.63563127922589,1489,9.0,0.2339368313550949,982,82,36,54
1162,49.63563127922589,1489,2.0,0.35653045773506165,660,259,62,32
1187,49.63563127922589,1489,2.0,0.519721269607544,751,303,53,34
1205,49.63563127922589,1489,2.0,0.5678319931030273,907,363,76,49
1226,49.63563127922589,1489,2.0,0.44265368580818176,1202,453,107,55
1238,49.63563127922589,1489,9.0,0.2576240599155426,523,158,20,31
1241,49.63563127922589,1489,2.0,0.49471184611320496,1267,507,150,81
7,49.66896615584055,1490,9.0,0.23724529147148132,982,82,36,54
1162,49.66896615584055,1490,2.0,0.44122999906539917,650,258,51,30
1187,49.66896615584055,1490,2.0,0.5703698992729187,746,301,51,36
1205,49.66896615584055,1490,2.0,0.7355850338935852,899,360,73,46
1226,49.66896615584055,1490,2.0,0.3406843841075897,1189,446,103,50
1238,49.66896615584055,1490,9.0,0.2978239953517914,523,158,20,31
1241,49.66896615584055,1490,7.0,0.394903302192688,1249,500,144,77
7,49.70230103245521,1491,9.0,0.2361811101436615,982,82,36,54
1162,49.70230103245521,1491,2.0,0.29268255829811096,641,257,42,29
1187,49.70230103245521,1491,2.0,0.3988410234451294,740,297,54,37
1205,49.70230103245521,1491,2.0,0.5640267133712769,889,356,72,44
1226,49.70230103245521,1491,2.0,0.19457697868347168,1178,441,101,53
1238,49.70230103245521,1491,9.0,0.29506444931030273,523,158,19,31
1241,49.70230103245521,1491,2.0,0.23836489021778107,1229,490,141,81
7,49.73563590906986,1492,9.0,0.25015032291412354,982,82,36,55
1162,49.73563590906986,1492,2.0,0.24076569080352783,645,255,58,30
1187,49.73563590906986,1492,2.0,0.5273457765579224,734,295,53,35
1205,49.73563590906986,1492,2.0,0.7006918787956238,879,354,69,41
1238,49.73563590906986,1492,9.0,0.2670128345489502,523,158,19,31
1241,49.73563590906986,1492,2.0,0.4580768942832947,1211,482,136,78
7,49.76897078568452,1493,9.0,0.23894435167312622,982,82,36,54
1162,49.76897078568452,1493,2.0,0.1628342866897583,637,254,47,29
1187,49.76897078568452,1493,2.0,0.5654503703117371,729,294,52,34
1205,49.76897078568452,1493,2.0,0.49519363045692444,872,350,67,45
1238,49.76897078568452,1493,9.0,0.2304539829492569,523,158,19,31
1241,49.76897078568452,1493,7.0,0.460062175989151,1187,465,152,98
7,49.80230566229918,1494,9.0,0.2506941556930542,982,82,36,54
1162,49.80230566229918,1494,2.0,0.11355981230735779,634,253,48,29
1187,49.80230566229918,1494,2.0,0.6515436768531799,723,291,51,36
1205,49.80230566229918,1494,2.0,0.30874499678611755,862,347,70,43
1238,49.80230566229918,1494,9.0,0.1884276419878006,523,158,20,31
1241,49.80230566229918,1494,2.0,0.4242570996284485,1174,461,141,89
7,49.83564053891384,1495,9.0,0.26301613450050354,982,82,36,54
1162,49.83564053891384,1495,2.0,0.3043297231197357,636,251,58,30
1187,49.83564053891384,1495,2.0,0.6465829610824585,719,288,50,35
1205,49.83564053891384,1495,2.0,0.4677553176879883,856,343,70,45
1238,49.83564053891384,1495,9.0,0.19174619019031525,523,157,19,31
1241,49.83564053891384,1495,7.0,0.3084735572338104,1155,449,144,97
7,49.868975415528496,1496,9.0,0.2527003586292267,982,81,36,54
1162,49.868975415528496,1496,2.0,0.18256309628486633,634,249,65,30
1187,49.868975415528496,1496,2.0,0.5923007130622864,714,286,50,33
1205,49.868975415528496,1496,2.0,0.5017340183258057,848,340,69,46
1238,49.868975415528496,1496,9.0,0.24412040412425995,522,157,19,31
1241,49.868975415528496,1496,2.0,0.5609005689620972,1144,450,131,81
7,49.902310292143156,1497,9.0,0.23328647017478943,982,81,36,55
1162,49.902310292143156,1497,2.0,0.22057420015335083,631,248,64,30
1187,49.902310292143156,1497,2.0,0.5618917346000671,710,285,48,32
1205,49.902310292143156,1497,2.0,0.5576010942459106,840,336,68,46
1238,49.902310292143156,1497,9.0,0.21763502061367035,522,158,19,31
1241,49.902310292143156,1497,2.0,0.4364522099494934,1128,438,133,92
7,49.935645168757816,1498,9.0,0.22412510216236115,982,81,36,54
1162,49.935645168757816,1498,2.0,0.3149513006210327,626,248,63,32
1187,49.935645168757816,1498,2.0,0.6270624399185181,704,283,49,30
1205,49.935645168757816,1498,2.0,0.690535843372345,833,333,66,41
1238,49.935645168757816,1498,9.0,0.22308585047721863,522,158,19,31
1241,49.935645168757816,1498,2.0,0.6192759275436401,1112,431,129,93
7,49.968980045372476,1499,9.0,0.22342486679553986,982,81,36,54
1162,49.968980045372476,1499,2.0,0.34106749296188354,619,246,57,30
1187,49.968980045372476,1499,2.0,0.6167643070220947,699,282,50,30
1205,49.968980045372476,1499,2.0,0.6884694695472717,826,331,67,41
1238,49.968980045372476,1499,9.0,0.21139025688171387,522,158,19,31
1241,49.968980045372476,1499,2.0,0.43399927020072937,1099,426,123,91
1252,49.968980045372476,1499,2.0,0.6642125844955444,255,726,91,80
7,50.00231492198713,1500,9.0,0.21257121860980988,982,81,36,54
1162,50.00231492198713,1500,2.0,0.4328044354915619,618,246,63,29
1187,50.00231492198713,1500,2.0,0.45992332696914673,694,281,46,30
1205,50.00231492198713,1500,2.0,0.28763043880462646,817,326,66,45
1238,50.00231492198713,1500,9.0,0.17751869559288025,522,157,18,31
1241,50.00231492198713,1500,2.0,0.39608731865882874,1087,423,119,85
1252,50.00231492198713,1500,2.0,0.6606749892234802,245,726,109,78
7,50.03564979860179,1501,9.0,0.23526312410831451,982,81,36,54
1162,50.03564979860179,1501,2.0,0.3243710398674011,611,245,54,29
1187,50.03564979860179,1501,2.0,0.463860422372818,690,279,46,29
1205,50.03564979860179,1501,2.0,0.6323872208595276,811,323,67,48
1238,50.03564979860179,1501,9.0,0.162656769156456,522,157,19,31
1241,50.03564979860179,1501,7.0,0.5431631207466125,1074,418,113,86
1252,50.03564979860179,1501,2.0,0.709080159664154,234,726,130,74
7,50.06898467521645,1502,9.0,0.26227235794067383,982,81,36,54
1162,50.06898467521645,1502,2.0,0.3338378071784973,607,244,49,28
1187,50.06898467521645,1502,2.0,0.48062506318092346,685,275,46,32
1205,50.06898467521645,1502,2.0,0.6768956780433655,806,321,65,45
1238,50.06898467521645,1502,9.0,0.20382358133792877,522,157,19,31
1241,50.06898467521645,1502,2.0,0.7194555997848511,1062,412,110,84
1252,50.06898467521645,1502,2.0,0.7538434267044067,224,726,152,75
1257,50.06898467521645,1502,2.0,0.5603013038635254,46,1011,92,81
7,50.10231955183111,1503,9.0,0.2845451235771179,982,81,36,54
1162,50.10231955183111,1503,2.0,0.2159099578857422,604,242,51,27
1187,50.10231955183111,1503,2.0,0.43215110898017883,680,274,46,34
1205,50.10231955183111,1503,2.0,0.5056142807006836,798,318,65,45
1238,50.10231955183111,1503,9.0,0.1683274656534195,522,157,19,31
1241,50.10231955183111,1503,2.0,0.6627913117408752,1048,406,109,83
1252,50.10231955183111,1503,2.0,0.7777237296104431,213,728,168,76
1257,50.10231955183111,1503,2.0,0.17886567115783691,50,1007,101,86
7,50.13565442844576,1504,9.0,0.28448396921157837,982,81,36,54
1162,50.13565442844576,1504,2.0,0.16744190454483032,607,239,61,27
1187,50.13565442844576,1504,2.0,0.5909514427185059,676,272,41,33
1205,50.13565442844576,1504,2.0,0.4483166038990021,790,315,64,42
1238,50.13565442844576,1504,9.0,0.14484842121601105,522,157,18,31
1241,50.13565442844576,1504,2.0,0.5232652425765991,1036,402,104,80
1252,50.13565442844576,1504,2.0,0.7983856797218323,195,730,175,75
1257,50.13565442844576,1504,2.0,0.2469417154788971,56,1004,113,83
7,50.16898930506042,1505,9.0,0.2647148072719574,982,81,36,54
1162,50.16898930506042,1505,2.0,0.11974067240953445,606,238,61,26
1187,50.16898930506042,1505,2.0,0.41216734051704407,673,271,42,32
1205,50.16898930506042,1505,2.0,0.540889322757721,784,313,63,42
1238,50.16898930506042,1505,9.0,0.12326417118310928,522,157,19,31
1241,50.16898930506042,1505,2.0,0.4969833493232727,1024,398,104,78
1252,50.16898930506042,1505,2.0,0.8149985671043396,174,732,177,74
1257,50.16898930506042,1505,2.0,0.3677952289581299,56,1015,112,71
7,50.20232418167508,1506,9.0,0.27059051394462585,982,81,36,55
1162,50.20232418167508,1506,2.0,0.11941946297883987,604,237,67,27
1187,50.20232418167508,1506,2.0,0.3143552839756012,668,269,42,31
1205,50.20232418167508,1506,2.0,0.6954834461212158,777,312,63,43
1238,50.20232418167508,1506,9.0,0.1735668182373047,522,157,19,31
1241,50.20232418167508,1506,2.0,0.6531046628952026,1011,393,101,76
1252,50.20232418167508,1506,2.0,0.8452404141426086,153,733,180,75
7,50.235659058289734,1507,9.0,0.2656657099723816,982,81,36,55
1162,50.235659058289734,1507,2.0,0.42075619101524353,591,235,48,27
1187,50.235659058289734,1507,2.0,0.3080219030380249,663,266,40,29
1205,50.235659058289734,1507,2.0,0.7141330242156982,771,311,59,39
1238,50.235659058289734,1507,9.0,0.16066031157970428,522,157,19,31
1241,50.235659058289734,1507,2.0,0.4406871795654297,998,389,101,76
1252,50.235659058289734,1507,2.0,0.841099202632904,132,734,181,73
7,50.268993934904394,1508,9.0,0.28667232394218445,982,81,36,54
1162,50.268993934904394,1508,2.0,0.21447297930717468,583,233,38,26
1187,50.268993934904394,1508,2.0,0.3689248859882355,659,263,39,26
1205,50.268993934904394,1508,2.0,0.5570350289344788,764,309,60,39
1238,50.268993934904394,1508,9.0,0.14414237439632416,522,157,19,30
1241,50.268993934904394,1508,2.0,0.6232206225395203,988,385,99,70
1252,50.268993934904394,1508,2.0,0.809495210647583,111,735,182,73
7,50.302328811519054,1509,9.0,0.269663542509079,982,81,36,54
1162,50.302328811519054,1509,2.0,0.15464410185813904,580,233,41,26
1187,50.302328811519054,1509,2.0,0.32070350646972656,655,260,37,28
1205,50.302328811519054,1509,2.0,0.639430046081543,759,307,60,39
1238,50.302328811519054,1509,9.0,0.14302398264408112,522,157,19,31
1241,50.302328811519054,1509,2.0,0.6048288941383362,977,381,99,70
1252,50.302328811519054,1509,2.0,0.7790266275405884,91,737,180,72
7,50.335663688133714,1510,9.0,0.2829306423664093,982,81,36,54
1187,50.335663688133714,1510,2.0,0.42263495922088623,653,259,37,27
1205,50.335663688133714,1510,2.0,0.6293964982032776,754,304,59,38
1238,50.335663688133714,1510,9.0,0.14129841327667236,522,157,19,31
1241,50.335663688133714,1510,2.0,0.7699442505836487,967,377,98,68
1252,50.335663688133714,1510,2.0,0.7874378561973572,80,738,161,70
7,50.36899856474837,1511,9.0,0.29126879572868347,982,81,36,54
1187,50.36899856474837,1511,2.0,0.3651203513145447,650,259,37,27
1205,50.36899856474837,1511,2.0,0.4844846725463867,748,299,58,41
1238,50.36899856474837,1511,9.0,0.12505024671554565,523,157,20,31
1241,50.36899856474837,1511,2.0,0.7678369283676147,959,373,98,67
1252,50.36899856474837,1511,2.0,0.7444396018981934,69,741,139,69
7,50.40233344136303,1512,9.0,0.29481497406959534,982,81,36,54
1187,50.40233344136303,1512,2.0,0.42098498344421387,645,257,40,28
1205,50.40233344136303,1512,2.0,0.43189185857772827,741,297,61,43
1238,50.40233344136303,1512,9.0,0.11469009518623352,523,157,20,30
1241,50.40233344136303,1512,2.0,0.756649911403656,950,370,102,64
1252,50.40233344136303,1512,2.0,0.7917044162750244,58,743,117,67
7,50.43566831797769,1513,9.0,0.30717694759368896,982,81,36,54
1187,50.43566831797769,1513,2.0,0.21677401661872864,640,256,38,27
1205,50.43566831797769,1513,2.0,0.4082193970680237,736,294,61,42
1241,50.43566831797769,1513,2.0,0.6102847456932068,941,367,100,62
1252,50.43566831797769,1513,2.0,0.6946954131126404,48,746,96,66
7,50.46900319459235,1514,9.0,0.30895793437957764,982,82,36,54
1187,50.46900319459235,1514,2.0,0.253590852022171,635,256,37,26
1205,50.46900319459235,1514,2.0,0.48310327529907227,731,293,59,41
1241,50.46900319459235,1514,2.0,0.6761878132820129,932,363,100,60
1252,50.46900319459235,1514,2.0,0.6609838604927063,37,748,74,66
7,50.502338071207,1515,9.0,0.2971806228160858,982,81,36,54
1187,50.502338071207,1515,2.0,0.37234896421432495,632,256,35,26
1205,50.502338071207,1515,2.0,0.6225292682647705,726,291,56,40
1241,50.502338071207,1515,2.0,0.6405622959136963,924,360,99,56
1252,50.502338071207,1515,2.0,0.6660346984863281,25,748,50,61
7,50.53567294782166,1516,9.0,0.2907865047454834,983,81,35,54
1187,50.53567294782166,1516,2.0,0.18748733401298523,629,255,33,24
1205,50.53567294782166,1516,2.0,0.6454176306724548,721,289,54,41
1241,50.53567294782166,1516,2.0,0.6897392272949219,915,357,101,52
1252,50.53567294782166,1516,2.0,0.3722352981567383,13,750,26,59
7,50.56900782443632,1517,9.0,0.2825355529785156,983,81,35,54
1187,50.56900782443632,1517,2.0,0.12407716363668442,626,256,30,22
1205,50.56900782443632,1517,2.0,0.6657775640487671,715,287,56,41
1241,50.56900782443632,1517,2.0,0.4945051968097687,907,354,105,51
7,50.60234270105098,1518,9.0,0.280470073223114,982,81,35,54
1205,50.60234270105098,1518,2.0,0.6109121441841125,710,286,55,40
1241,50.60234270105098,1518,7.0,0.15415677428245544,898,350,105,51
7,50.63567757766563,1519,9.0,0.2764936089515686,982,81,35,54
1205,50.63567757766563,1519,2.0,0.5285415053367615,704,284,54,36
1241,50.63567757766563,1519,2.0,0.2772586941719055,891,346,107,55
7,50.66901245428029,1520,9.0,0.26107531785964966,982,81,35,54
1205,50.66901245428029,1520,2.0,0.5160529017448425,699,284,53,35
1241,50.66901245428029,1520,2.0,0.3695248067378998,883,343,109,54
7,50.70234733089495,1521,9.0,0.28053703904151917,982,81,37,53
1205,50.70234733089495,1521,2.0,0.4797024130821228,695,282,51,35
1241,50.70234733089495,1521,2.0,0.22416041791439056,876,340,109,53
7,50.73568220750961,1522,9.0,0.2685467302799225,982,81,38,53
1205,50.73568220750961,1522,2.0,0.537029504776001,691,279,53,36
7,50.769017084124265,1523,9.0,0.2668594419956207,982,81,38,53
1205,50.769017084124265,1523,2.0,0.30298325419425964,686,276,51,38
7,50.802351960738925,1524,9.0,0.274765282869339,982,81,38,53
1205,50.802351960738925,1524,2.0,0.41500046849250793,682,275,49,37
7,50.835686837353585,1525,9.0,0.2551698088645935,982,81,38,53
1205,50.835686837353585,1525,2.0,0.35703209042549133,678,273,47,36
7,50.869021713968245,1526,9.0,0.26858192682266235,982,81,38,53
1205,50.869021713968245,1526,2.0,0.33102238178253174,674,272,45,35
7,50.9023565905829,1527,9.0,0.274429589509964,982,81,36,54
1205,50.9023565905829,1527,2.0,0.43570712208747864,670,269,46,35
7,50.93569146719756,1528,9.0,0.2540512681007385,982,81,38,54
1205,50.93569146719756,1528,2.0,0.1535191684961319,665,267,49,35
7,50.96902634381222,1529,9.0,0.2666366994380951,982,81,36,54
1205,50.96902634381222,1529,2.0,0.3928612768650055,660,266,48,33
7,51.00236122042687,1530,9.0,0.26300427317619324,982,81,36,54
1205,51.00236122042687,1530,2.0,0.3150210380554199,655,263,45,31
7,51.03569609704153,1531,9.0,0.27236539125442505,982,81,35,54
1205,51.03569609704153,1531,2.0,0.3479602038860321,651,261,43,31
1276,51.03569609704153,1531,2.0,0.5185859799385071,357,1043,107,68
7,51.06903097365619,1532,9.0,0.2888019382953644,982,82,35,54
1205,51.06903097365619,1532,2.0,0.3302498757839203,648,260,44,30
1276,51.06903097365619,1532,2.0,0.2919807732105255,367,1043,91,71
7,51.10236585027085,1533,9.0,0.28808555006980896,982,82,35,54
1205,51.10236585027085,1533,2.0,0.41760703921318054,644,259,44,29
7,51.1357007268855,1534,9.0,0.28778207302093506,982,82,35,54
1205,51.1357007268855,1534,2.0,0.46110090613365173,639,258,46,29
1279,51.1357007268855,1534,2.0,0.34300467371940613,281,211,27,22
7,51.16903560350016,1535,9.0,0.3076283037662506,982,82,36,54
1205,51.16903560350016,1535,2.0,0.3223786950111389,635,257,44,30
1279,51.16903560350016,1535,2.0,0.3112882077693939,282,211,26,23
7,51.20237048011482,1536,9.0,0.2809337377548218,982,82,36,54
1205,51.20237048011482,1536,2.0,0.22744552791118622,632,256,41,28
1279,51.20237048011482,1536,2.0,0.27663689851760864,283,212,25,22
7,51.23570535672948,1537,9.0,0.29902082681655884,982,82,35,54
1205,51.23570535672948,1537,2.0,0.18817941844463348,628,256,41,26
1279,51.23570535672948,1537,2.0,0.3108937442302704,283,213,25,21
7,51.269040233344136,1538,9.0,0.28111353516578674,982,81,37,54
1279,51.269040233344136,1538,2.0,0.428693950176239,285,212,28,22
7,51.302375109958795,1539,9.0,0.28895434737205505,982,81,36,54
1279,51.302375109958795,1539,2.0,0.2790193259716034,288,213,30,23
7,51.335709986573455,1540,9.0,0.2904721200466156,982,82,36,54
1279,51.335709986573455,1540,2.0,0.3031822741031647,288,215,30,23
7,51.369044863188115,1541,9.0,0.29257458448410034,982,82,36,54
1279,51.369044863188115,1541,2.0,0.3670579791069031,289,215,31,23
7,51.40237973980277,1542,9.0,0.2952364683151245,982,82,35,54
1279,51.40237973980277,1542,2.0,0.18484163284301758,291,218,30,25
7,51.43571461641743,1543,9.0,0.2753254771232605,982,82,35,54
1279,51.43571461641743,1543,2.0,0.47819235920906067,291,218,30,26
1282,51.43571461641743,1543,2.0,0.7754744291305542,1775,684,181,85
7,51.46904949303209,1544,9.0,0.28467172384262085,982,82,35,55
1279,51.46904949303209,1544,2.0,0.5699611306190491,292,218,31,25
1282,51.46904949303209,1544,2.0,0.7796640992164612,1743,673,181,81
1205,51.46904949303209,1544,2.0,0.2829776704311371,603,248,41,28
7,51.50238436964675,1545,9.0,0.2833839952945709,982,82,35,55
1279,51.50238436964675,1545,2.0,0.537554919719696,292,219,31,28
1282,51.50238436964675,1545,2.0,0.6458152532577515,1707,658,173,81
1205,51.50238436964675,1545,2.0,0.28783681988716125,600,246,39,27
7,51.5357192462614,1546,9.0,0.2833351790904999,982,82,35,55
1279,51.5357192462614,1546,2.0,0.575708270072937,293,221,31,26
1282,51.5357192462614,1546,2.0,0.7349526286125183,1676,645,169,78
1205,51.5357192462614,1546,2.0,0.23049426078796387,598,243,37,25
7,51.56905412287606,1547,9.0,0.29770973324775696,982,81,36,55
1279,51.56905412287606,1547,2.0,0.5878902077674866,294,222,32,25
1282,51.56905412287606,1547,2.0,0.595561683177948,1647,632,162,73
1205,51.56905412287606,1547,2.0,0.1998119205236435,594,240,38,26
7,51.60238899949072,1548,9.0,0.3062605559825897,982,81,36,55
1279,51.60238899949072,1548,2.0,0.4502408802509308,294,223,31,27
1282,51.60238899949072,1548,2.0,0.8439300060272217,1619,621,157,73
7,51.635723876105374,1549,9.0,0.3053893446922302,982,81,36,55
1279,51.635723876105374,1549,2.0,0.4133642911911011,295,224,31,26
1282,51.635723876105374,1549,2.0,0.7986077070236206,1590,610,157,70
7,51.669058752720034,1550,9.0,0.28808102011680603,982,81,36,55
1279,51.669058752720034,1550,2.0,0.3147601783275604,296,224,32,25
1282,51.669058752720034,1550,2.0,0.7915189266204834,1565,600,152,71
1205,51.669058752720034,1550,2.0,0.3075290024280548,582,235,38,27
7,51.70239362933469,1551,9.0,0.28221821784973145,982,81,36,55
1279,51.70239362933469,1551,2.0,0.35160213708877563,297,224,33,25
1282,51.70239362933469,1551,2.0,0.5142037868499756,1541,589,144,69
1205,51.70239362933469,1551,2.0,0.3815678656101227,579,235,39,28
7,51.73572850594935,1552,9.0,0.2870016098022461,982,82,36,55
1279,51.73572850594935,1552,2.0,0.21673108637332916,298,227,34,24
1282,51.73572850594935,1552,2.0,0.6160131692886353,1516,578,140,67
1205,51.73572850594935,1552,2.0,0.23963090777397156,577,234,35,27
7,51.769063382564006,1553,9.0,0.2873668670654297,982,81,37,54
1279,51.769063382564006,1553,2.0,0.40701964497566223,299,230,35,24
1282,51.769063382564006,1553,2.0,0.7076141238212585,1493,570,137,65
1205,51.769063382564006,1553,2.0,0.14671950042247772,574,233,39,27
7,51.802398259178666,1554,9.0,0.2840365469455719,982,81,36,54
1279,51.802398259178666,1554,2.0,0.445572167634964,300,231,32,24
1282,51.802398259178666,1554,2.0,0.7181301712989807,1471,561,133,62
1205,51.802398259178666,1554,2.0,0.1568128764629364,571,233,39,26
7,51.835733135793326,1555,9.0,0.2891066372394562,982,81,36,55
1279,51.835733135793326,1555,2.0,0.48603492975234985,302,232,32,25
1282,51.835733135793326,1555,2.0,0.6037559509277344,1447,552,132,63
1205,51.835733135793326,1555,2.0,0.10776486247777939,569,231,37,26
1291,51.835733135793326,1555,2.0,0.4581756591796875,660,264,52,36
7,51.869068012407986,1556,9.0,0.2863132059574127,982,81,36,55
1279,51.869068012407986,1556,2.0,0.6105412244796753,304,233,33,24
1282,51.869068012407986,1556,2.0,0.696761429309845,1427,543,127,62
1291,51.869068012407986,1556,2.0,0.49119967222213745,657,262,51,34
7,51.90240288902264,1557,9.0,0.28988224267959595,982,81,36,55
1279,51.90240288902264,1557,2.0,0.5659053921699524,305,234,32,25
1282,51.90240288902264,1557,2.0,0.587597668170929,1406,534,125,60
1291,51.90240288902264,1557,2.0,0.31026747822761536,652,261,50,31
7,51.9357377656373,1558,9.0,0.2786693274974823,982,81,36,55
1279,51.9357377656373,1558,2.0,0.5130452513694763,306,235,31,25
1282,51.9357377656373,1558,2.0,0.6812493801116943,1386,526,121,58
1291,51.9357377656373,1558,2.0,0.4000720977783203,650,260,52,30
7,51.96907264225196,1559,9.0,0.2852243483066559,982,81,35,55
1279,51.96907264225196,1559,2.0,0.5147707462310791,307,236,31,25
1282,51.96907264225196,1559,2.0,0.8209155797958374,1365,517,121,58
1291,51.96907264225196,1559,2.0,0.3791790306568146,647,257,55,32
1296,51.96907264225196,1559,2.0,0.4107230305671692,703,264,42,26
7,52.00240751886662,1560,9.0,0.2859300673007965,982,81,35,55
1279,52.00240751886662,1560,2.0,0.39765051007270813,309,237,31,25
1282,52.00240751886662,1560,2.0,0.6972805261611938,1347,510,120,56
1291,52.00240751886662,1560,2.0,0.1898602992296219,643,255,58,32
1296,52.00240751886662,1560,2.0,0.31719985604286194,700,264,42,27
7,52.03574239548127,1561,9.0,0.3059506118297577,982,81,36,55
1279,52.03574239548127,1561,2.0,0.49625927209854126,310,239,33,24
1282,52.03574239548127,1561,2.0,0.7402948141098022,1330,505,118,55
1291,52.03574239548127,1561,2.0,0.20047467947006226,637,254,52,32
1296,52.03574239548127,1561,2.0,0.3959721326828003,695,263,46,26
1298,52.03574239548127,1561,2.0,0.6862063407897949,1869,790,99,98
7,52.06907727209593,1562,9.0,0.30291399359703064,982,81,36,55
1279,52.06907727209593,1562,2.0,0.43076786398887634,312,240,33,28
1282,52.06907727209593,1562,2.0,0.8222402930259705,1312,497,113,56
1291,52.06907727209593,1562,2.0,0.14469951391220093,633,255,47,32
1296,52.06907727209593,1562,2.0,0.2713453769683838,691,261,46,27
1298,52.06907727209593,1562,2.0,0.6739543080329895,1854,780,129,111
7,52.10241214871059,1563,9.0,0.2789233922958374,982,81,36,55
1279,52.10241214871059,1563,2.0,0.6033549904823303,314,241,32,29
1282,52.10241214871059,1563,2.0,0.7475141286849976,1293,490,113,53
1296,52.10241214871059,1563,2.0,0.3959871530532837,687,259,44,27
1298,52.10241214871059,1563,2.0,0.7738091349601746,1837,767,164,109
7,52.13574702532525,1564,9.0,0.28115764260292053,982,81,37,54
1279,52.13574702532525,1564,2.0,0.5238081216812134,315,242,34,29
1282,52.13574702532525,1564,2.0,0.7606581449508667,1277,482,110,52
1296,52.13574702532525,1564,2.0,0.27418962121009827,683,256,42,27
1298,52.13574702532525,1564,2.0,0.8602750301361084,1817,750,195,109
7,52.169081901939904,1565,9.0,0.26844480633735657,982,81,38,54
1279,52.169081901939904,1565,2.0,0.6650406122207642,317,244,34,30
1282,52.169081901939904,1565,2.0,0.8135396242141724,1261,475,104,51
1296,52.169081901939904,1565,2.0,0.36675938963890076,682,255,40,27
1298,52.169081901939904,1565,2.0,0.8556470274925232,1788,733,201,103
7,52.202416778554564,1566,9.0,0.2755892872810364,982,81,36,54
1279,52.202416778554564,1566,2.0,0.642566978931427,318,247,36,29
1282,52.202416778554564,1566,2.0,0.8093129396438599,1244,469,107,50
1296,52.202416778554564,1566,2.0,0.2801518738269806,678,255,39,26
1298,52.202416778554564,1566,2.0,0.8611933588981628,1753,718,199,97
7,52.235751655169224,1567,9.0,0.28294244408607483,982,82,36,54
1279,52.235751655169224,1567,2.0,0.7150537371635437,319,247,38,30
1282,52.235751655169224,1567,2.0,0.7822788953781128,1228,465,105,49
1296,52.235751655169224,1567,2.0,0.3001236021518707,677,255,36,25
1298,52.235751655169224,1567,2.0,0.8731310367584229,1719,706,193,96
7,52.269086531783884,1568,9.0,0.2890879809856415,982,81,36,54
1279,52.269086531783884,1568,2.0,0.57524174451828,319,249,40,28
1282,52.269086531783884,1568,2.0,0.8238738775253296,1213,458,102,50
1296,52.269086531783884,1568,2.0,0.22914820909500122,674,254,36,26
1298,52.269086531783884,1568,2.0,0.8585237264633179,1686,691,186,93
7,52.30242140839854,1569,9.0,0.2880411446094513,982,81,35,55
1279,52.30242140839854,1569,2.0,0.6168805956840515,320,249,40,29
1282,52.30242140839854,1569,2.0,0.7787159085273743,1199,452,102,49
1298,52.30242140839854,1569,2.0,0.8137576580047607,1655,675,180,88
7,52.3357562850132,1570,9.0,0.279615581035614,982,81,35,55
1279,52.3357562850132,1570,2.0,0.5814170837402344,321,250,41,29
1282,52.3357562850132,1570,2.0,0.8045080900192261,1185,446,95,47
1298,52.3357562850132,1570,2.0,0.8260298371315002,1624,663,177,86
7,52.36909116162786,1571,9.0,0.28018301725387573,982,82,35,54
1279,52.36909116162786,1571,2.0,0.5878086090087891,323,252,39,30
1282,52.36909116162786,1571,2.0,0.7651967406272888,1169,441,96,47
1298,52.36909116162786,1571,2.0,0.8484613299369812,1594,650,168,85
7,52.40242603824251,1572,9.0,0.28448981046676636,982,82,36,55
1279,52.40242603824251,1572,2.0,0.6338726878166199,324,255,40,29
1282,52.40242603824251,1572,2.0,0.805565595626831,1156,436,91,46
1298,52.40242603824251,1572,2.0,0.8096813559532166,1567,639,159,84
7,52.43576091485717,1573,9.0,0.2818136513233185,982,81,36,55
1279,52.43576091485717,1573,2.0,0.7185045480728149,326,256,39,29
1282,52.43576091485717,1573,2.0,0.6877034902572632,1143,430,93,46
1298,52.43576091485717,1573,2.0,0.7673479318618774,1540,627,156,83
1296,52.43576091485717,1573,2.0,0.36094930768013,654,249,39,25
7,52.46909579147183,1574,9.0,0.2887375056743622,982,81,35,54
1279,52.46909579147183,1574,2.0,0.7714836001396179,327,257,39,29
1282,52.46909579147183,1574,2.0,0.684383749961853,1131,426,90,42
1298,52.46909579147183,1574,2.0,0.8012106418609619,1514,616,151,82
1296,52.46909579147183,1574,2.0,0.181950643658638,652,246,36,23
7,52.50243066808649,1575,9.0,0.3076082170009613,982,81,35,54
1279,52.50243066808649,1575,2.0,0.6654383540153503,330,257,38,30
1282,52.50243066808649,1575,2.0,0.7006648182868958,1117,419,89,45
1298,52.50243066808649,1575,2.0,0.8014010787010193,1488,605,152,79
1296,52.50243066808649,1575,2.0,0.1934620589017868,649,246,35,23
7,52.53576554470114,1576,9.0,0.31288644671440125,982,82,35,54
1279,52.53576554470114,1576,2.0,0.7439377903938293,331,259,37,31
1282,52.53576554470114,1576,2.0,0.7032042741775513,1104,415,89,44
1298,52.53576554470114,1576,2.0,0.7741716504096985,1465,596,146,76
1296,52.53576554470114,1576,2.0,0.14015823602676392,648,245,31,23
7,52.5691004213158,1577,9.0,0.2843828499317169,982,81,36,54
1279,52.5691004213158,1577,2.0,0.7402398586273193,333,259,38,30
1282,52.5691004213158,1577,2.0,0.5749309062957764,1093,410,88,43
1298,52.5691004213158,1577,2.0,0.829979419708252,1441,584,144,71
7,52.60243529793046,1578,9.0,0.3007951080799103,982,82,36,54
1279,52.60243529793046,1578,2.0,0.6972887516021729,334,262,40,33
1282,52.60243529793046,1578,2.0,0.7205730080604553,1084,406,84,39
1298,52.60243529793046,1578,2.0,0.8052660822868347,1419,575,137,70
7,52.63577017454512,1579,9.0,0.3166370391845703,982,82,35,54
1279,52.63577017454512,1579,2.0,0.7102834582328796,336,264,40,33
1282,52.63577017454512,1579,2.0,0.4981205463409424,1069,401,82,40
1298,52.63577017454512,1579,2.0,0.782187283039093,1396,566,135,70
7,52.669105051159775,1580,9.0,0.3161061108112335,982,82,36,54
1279,52.669105051159775,1580,2.0,0.7407989501953125,339,267,41,33
1282,52.669105051159775,1580,2.0,0.48088744282722473,1057,397,81,39
1298,52.669105051159775,1580,2.0,0.7128121852874756,1375,558,136,70
7,52.702439927774435,1581,9.0,0.3105175197124481,982,82,36,54
1279,52.702439927774435,1581,2.0,0.6981107592582703,340,269,41,34
1282,52.702439927774435,1581,2.0,0.6663863062858582,1047,393,78,38
1298,52.702439927774435,1581,2.0,0.8400904536247253,1355,549,129,68
1315,52.702439927774435,1581,2.0,0.73087477684021,1875,732,87,77
7,52.735774804389095,1582,9.0,0.29315048456192017,982,82,35,54
1279,52.735774804389095,1582,2.0,0.7419222593307495,342,271,41,34
1282,52.735774804389095,1582,2.0,0.5469198822975159,1035,387,81,40
1298,52.735774804389095,1582,2.0,0.624840497970581,1335,540,125,68
1315,52.735774804389095,1582,2.0,0.6119061708450317,1861,728,115,88
7,52.769109681003755,1583,9.0,0.3101048469543457,982,81,36,55
1279,52.769109681003755,1583,2.0,0.7007006406784058,344,272,42,35
1282,52.769109681003755,1583,2.0,0.6666367053985596,1024,383,79,39
1298,52.769109681003755,1583,2.0,0.842268705368042,1316,530,121,68
1315,52.769109681003755,1583,2.0,0.773114800453186,1845,715,148,92
7,52.80244455761841,1584,9.0,0.3027345836162567,982,81,36,55
1279,52.80244455761841,1584,2.0,0.6402276158332825,346,274,44,36
1282,52.80244455761841,1584,2.0,0.6596454381942749,1014,379,80,39
1298,52.80244455761841,1584,2.0,0.8651543855667114,1297,524,122,67
1315,52.80244455761841,1584,2.0,0.7745507955551147,1827,701,179,93
7,52.83577943423307,1585,9.0,0.3081166446208954,982,81,36,55
1279,52.83577943423307,1585,2.0,0.6728793978691101,347,276,43,35
1282,52.83577943423307,1585,2.0,0.6606410145759583,1004,375,78,41
1298,52.83577943423307,1585,2.0,0.819386899471283,1280,517,118,65
1315,52.83577943423307,1585,2.0,0.8000224232673645,1796,687,186,91
7,52.86911431084773,1586,9.0,0.30027708411216736,982,81,35,55
1279,52.86911431084773,1586,2.0,0.7136374711990356,349,278,43,33
1282,52.86911431084773,1586,2.0,0.5678123235702515,994,371,79,42
1298,52.86911431084773,1586,2.0,0.7831419706344604,1262,508,115,66
1315,52.86911431084773,1586,2.0,0.7993234395980835,1764,674,186,88
1318,52.86911431084773,1586,9.0,0.33365416526794434,521,157,19,30
7,52.90244918746239,1587,9.0,0.30449187755584717,982,81,36,55
1279,52.90244918746239,1587,2.0,0.7090036273002625,351,279,44,35
1282,52.90244918746239,1587,2.0,0.5114778280258179,984,367,78,40
1298,52.90244918746239,1587,2.0,0.7620198130607605,1244,501,113,62
1315,52.90244918746239,1587,2.0,0.7827834486961365,1733,660,180,82
1318,52.90244918746239,1587,9.0,0.3625873625278473,522,157,19,30
7,52.93578406407704,1588,9.0,0.30772826075553894,982,81,35,55
1279,52.93578406407704,1588,2.0,0.6343898177146912,353,281,45,35
1282,52.93578406407704,1588,2.0,0.5865931510925293,974,363,75,38
1298,52.93578406407704,1588,2.0,0.7625328898429871,1228,493,109,61
1315,52.93578406407704,1588,2.0,0.8225501179695129,1701,648,174,78
1318,52.93578406407704,1588,9.0,0.3060668408870697,522,157,19,30
7,52.9691189406917,1589,9.0,0.3129676580429077,982,81,35,55
1279,52.9691189406917,1589,2.0,0.6575631499290466,356,285,45,37
1282,52.9691189406917,1589,2.0,0.5463283061981201,964,361,77,39
1298,52.9691189406917,1589,2.0,0.7567095756530762,1213,487,107,61
1315,52.9691189406917,1589,2.0,0.8209303021430969,1667,636,176,76
1318,52.9691189406917,1589,9.0,0.3612716495990753,522,158,19,30
1321,52.9691189406917,1589,2.0,0.45440828800201416,263,257,29,26
7,53.00245381730636,1590,9.0,0.32739901542663574,982,82,35,55
1279,53.00245381730636,1590,2.0,0.6714669466018677,359,287,46,39
1282,53.00245381730636,1590,2.0,0.6472468376159668,954,358,71,36
1298,53.00245381730636,1590,2.0,0.7012400031089783,1195,480,106,61
1315,53.00245381730636,1590,2.0,0.7584260702133179,1640,624,167,75
1318,53.00245381730636,1590,9.0,0.3450108766555786,522,158,19,30
1321,53.00245381730636,1590,2.0,0.4892427921295166,264,259,27,25
1322,53.00245381730636,1590,2.0,0.44000133872032166,156,1047,241,61
7,53.03578869392102,1591,9.0,0.3152715265750885,982,81,35,55
1279,53.03578869392102,1591,2.0,0.6694061756134033,360,289,46,40
1282,53.03578869392102,1591,2.0,0.6185135841369629,944,354,69,35
1298,53.03578869392102,1591,2.0,0.7728763818740845,1181,474,104,59
1315,53.03578869392102,1591,2.0,0.7630102038383484,1612,614,162,72
1318,53.03578869392102,1591,9.0,0.33683276176452637,522,157,19,30
1321,53.03578869392102,1591,2.0,0.5416808724403381,265,260,28,26
1322,53.03578869392102,1591,2.0,0.46849995851516724,174,1046,242,64
7,53.06912357053567,1592,9.0,0.32237911224365234,982,81,36,55
1279,53.06912357053567,1592,2.0,0.677005410194397,362,291,47,39
1282,53.06912357053567,1592,2.0,0.642061710357666,938,351,70,36
1298,53.06912357053567,1592,2.0,0.7650310397148132,1166,468,106,59
1315,53.06912357053567,1592,2.0,0.7588877081871033,1589,603,150,71
1318,53.06912357053567,1592,9.0,0.29520511627197266,522,157,19,30
1321,53.06912357053567,1592,2.0,0.7093914747238159,266,260,30,28
1322,53.06912357053567,1592,2.0,0.37869447469711304,199,1044,240,69
7,53.10245844715033,1593,9.0,0.31431931257247925,982,81,36,55
1279,53.10245844715033,1593,2.0,0.7005966305732727,364,293,49,41
1282,53.10245844715033,1593,2.0,0.5444527864456177,932,348,69,36
1298,53.10245844715033,1593,2.0,0.6976529955863953,1152,462,101,57
1315,53.10245844715033,1593,2.0,0.7896081209182739,1562,592,143,71
1318,53.10245844715033,1593,9.0,0.29953840374946594,522,157,19,31
1321,53.10245844715033,1593,2.0,0.5723276138305664,266,261,29,28
1322,53.10245844715033,1593,2.0,0.4966266453266144,218,1044,231,68
7,53.13579332376499,1594,9.0,0.30771341919898987,982,81,36,55
1279,53.13579332376499,1594,2.0,0.6243456602096558,367,296,50,41
1282,53.13579332376499,1594,2.0,0.5372725129127502,924,345,65,36
1298,53.13579332376499,1594,2.0,0.7004299759864807,1137,456,100,56
1315,53.13579332376499,1594,2.0,0.7493610382080078,1536,583,138,70
1318,53.13579332376499,1594,9.0,0.31336313486099243,522,157,19,31
1321,53.13579332376499,1594,2.0,0.6751704216003418,267,261,29,29
1322,53.13579332376499,1594,2.0,0.17242848873138428,236,1046,215,67
7,53.169128200379646,1595,9.0,0.26968061923980713,982,81,36,55
1279,53.169128200379646,1595,2.0,0.5980091691017151,369,297,50,41
1282,53.169128200379646,1595,2.0,0.5859699845314026,914,342,67,36
1298,53.169128200379646,1595,2.0,0.7831587791442871,1124,452,98,53
1315,53.169128200379646,1595,2.0,0.7287335395812988,1513,574,133,68
1318,53.169128200379646,1595,9.0,0.29838255047798157,522,157,19,31
1321,53.169128200379646,1595,2.0,0.5133575797080994,267,262,29,30
1322,53.169128200379646,1595,2.0,0.2511247396469116,259,1045,216,64
7,53.202463076994306,1596,9.0,0.25326770544052124,982,81,36,55
1279,53.202463076994306,1596,2.0,0.5612115263938904,371,298,51,44
1282,53.202463076994306,1596,2.0,0.5747376680374146,906,339,66,33
1298,53.202463076994306,1596,2.0,0.6884807348251343,1110,444,96,55
1315,53.202463076994306,1596,2.0,0.7074612975120544,1490,564,129,65
1318,53.202463076994306,1596,9.0,0.3276701867580414,522,158,19,30
1321,53.202463076994306,1596,2.0,0.5803162455558777,267,263,29,29
1322,53.202463076994306,1596,2.0,0.3767196238040924,281,1042,228,68
1328,53.202463076994306,1596,2.0,0.4362870454788208,302,232,31,22
7,53.235797953608966,1597,9.0,0.24643714725971222,982,81,36,55
1279,53.235797953608966,1597,2.0,0.5465570688247681,373,301,51,43
1282,53.235797953608966,1597,2.0,0.5803062915802002,897,336,64,32
1298,53.235797953608966,1597,2.0,0.8044379949569702,1098,438,91,55
1315,53.235797953608966,1597,2.0,0.7036336064338684,1468,557,128,62
1318,53.235797953608966,1597,9.0,0.31512847542762756,522,158,19,30
1321,53.235797953608966,1597,2.0,0.4504018723964691,269,265,30,32
1322,53.235797953608966,1597,2.0,0.4594939053058624,299,1042,227,68
1328,53.235797953608966,1597,2.0,0.3074875473976135,302,233,30,22
7,53.269132830223626,1598,9.0,0.2569998502731323,982,81,36,55
1279,53.269132830223626,1598,2.0,0.5384523868560791,375,302,53,43
1282,53.269132830223626,1598,2.0,0.5262852311134338,889,334,60,32
1298,53.269132830223626,1598,2.0,0.6956872344017029,1085,433,93,55
1315,53.269132830223626,1598,2.0,0.7972355484962463,1446,547,124,63
1318,53.269132830223626,1598,9.0,0.33545902371406555,522,158,20,30
1321,53.269132830223626,1598,2.0,0.42150768637657166,271,267,32,34
1322,53.269132830223626,1598,2.0,0.5530680418014526,317,1042,225,68
1328,53.269132830223626,1598,2.0,0.44376519322395325,303,236,31,21
7,53.30246770683828,1599,9.0,0.27116724848747253,982,81,36,55
1279,53.30246770683828,1599,2.0,0.5944133400917053,379,307,53,42
1282,53.30246770683828,1599,2.0,0.452879935503006,881,329,61,33
1298,53.30246770683828,1599,2.0,0.7536109685897827,1073,428,91,54
1315,53.30246770683828,1599,2.0,0.7517953515052795,1425,539,118,61
1318,53.30246770683828,1599,9.0,0.3608488440513611,522,158,19,30
1321,53.30246770683828,1599,2.0,0.43658241629600525,272,269,33,32
1322,53.30246770683828,1599,2.0,0.5992094278335571,321,1044,195,67
1328,53.30246770683828,1599,2.0,0.4646624028682709,304,236,33,22
7,53.33580258345294,1600,9.0,0.28724053502082825,982,82,36,55
1279,53.33580258345294,1600,2.0,0.7400973439216614,382,311,54,43
1282,53.33580258345294,1600,2.0,0.5713922381401062,876,328,60,31
1298,53.33580258345294,1600,2.0,0.7652614712715149,1061,424,89,52
1315,53.33580258345294,1600,2.0,0.8321449160575867,1403,530,121,61
1318,53.33580258345294,1600,9.0,0.4360042214393616,522,158,20,31
1321,53.33580258345294,1600,2.0,0.44206157326698303,273,272,34,31
1322,53.33580258345294,1600,2.0,0.5568709969520569,329,1045,178,68
1328,53.33580258345294,1600,2.0,0.33226659893989563,305,237,32,22
7,53.3691374600676,1601,9.0,0.27174174785614014,982,82,36,55
1279,53.3691374600676,1601,2.0,0.7385880351066589,385,313,52,43
1282,53.3691374600676,1601,2.0,0.4697580337524414,869,324,62,34
1298,53.3691374600676,1601,2.0,0.7065802812576294,1049,419,85,52
1315,53.3691374600676,1601,2.0,0.7341848611831665,1384,522,120,61
1318,53.3691374600676,1601,9.0,0.41145607829093933,522,157,20,31
1321,53.3691374600676,1601,2.0,0.3532957136631012,274,273,34,32
1322,53.3691374600676,1601,2.0,0.620468258857727,349,1045,175,69
7,53.40247233668226,1602,9.0,0.2891860008239746,982,82,36,55
1279,53.40247233668226,1602,2.0,0.7558106184005737,388,316,52,42
1282,53.40247233668226,1602,2.0,0.3588356077671051,863,322,59,33
1298,53.40247233668226,1602,2.0,0.7095815539360046,1036,415,85,51
1315,53.40247233668226,1602,2.0,0.7116978764533997,1363,515,117,61
1318,53.40247233668226,1602,9.0,0.4462328255176544,522,158,20,31
1321,53.40247233668226,1602,2.0,0.35020044445991516,275,275,36,31
1322,53.40247233668226,1602,2.0,0.5439424514770508,359,1042,159,74
7,53.43580721329691,1603,9.0,0.29441800713539124,982,82,36,55
1279,53.43580721329691,1603,2.0,0.7293981909751892,390,319,55,45
1282,53.43580721329691,1603,2.0,0.25347426533699036,855,321,61,34
1298,53.43580721329691,1603,2.0,0.7229313850402832,1024,410,84,49
1315,53.43580721329691,1603,2.0,0.7564754486083984,1344,509,120,58
1318,53.43580721329691,1603,9.0,0.4037833511829376,522,158,19,31
1321,53.43580721329691,1603,2.0,0.4826979637145996,276,277,38,29
1322,53.43580721329691,1603,2.0,0.5753155946731567,368,1041,144,74
7,53.46914208991157,1604,9.0,0.28818294405937195,982,82,36,55
1279,53.46914208991157,1604,2.0,0.7390913963317871,393,322,56,45
1282,53.46914208991157,1604,2.0,0.43836790323257446,845,317,56,32
1298,53.46914208991157,1604,2.0,0.7727504372596741,1013,405,83,48
1315,53.46914208991157,1604,2.0,0.6855934858322144,1327,501,114,57
1318,53.46914208991157,1604,9.0,0.4815369248390198,522,157,19,31
1321,53.46914208991157,1604,2.0,0.38790109753608704,276,278,38,30
1322,53.46914208991157,1604,2.0,0.580564558506012,379,1040,130,77
7,53.50247696652623,1605,9.0,0.30169805884361267,982,82,36,55
1279,53.50247696652623,1605,2.0,0.6730623841285706,396,323,57,46
1282,53.50247696652623,1605,2.0,0.6132583022117615,839,314,54,30
1298,53.50247696652623,1605,2.0,0.7383115887641907,1002,400,79,49
1315,53.50247696652623,1605,2.0,0.7765130996704102,1311,494,108,56
1318,53.50247696652623,1605,9.0,0.4307444989681244,522,157,19,31
1321,53.50247696652623,1605,2.0,0.4579871594905853,277,279,38,30
1322,53.50247696652623,1605,2.0,0.33182981610298157,386,1039,115,78
7,53.53581184314089,1606,9.0,0.2873629927635193,982,82,36,55
1279,53.53581184314089,1606,2.0,0.6837404370307922,399,325,57,45
1282,53.53581184314089,1606,2.0,0.5146673321723938,834,312,55,27
1298,53.53581184314089,1606,2.0,0.6934269070625305,993,396,77,45
1315,53.53581184314089,1606,2.0,0.680782675743103,1294,486,105,55
1318,53.53581184314089,1606,9.0,0.39901551604270935,522,157,19,30
1321,53.53581184314089,1606,2.0,0.41199058294296265,278,280,38,30
7,53.569146719755544,1607,9.0,0.3017858862876892,982,82,36,55
1279,53.569146719755544,1607,2.0,0.5459592938423157,400,329,58,49
1282,53.569146719755544,1607,2.0,0.5907824635505676,826,309,56,29
1298,53.569146719755544,1607,2.0,0.7208338975906372,982,392,75,47
1315,53.569146719755544,1607,2.0,0.6050864458084106,1278,480,104,51
1318,53.569146719755544,1607,9.0,0.438441663980484,522,158,19,31
1321,53.569146719755544,1607,2.0,0.581950306892395,280,282,38,32
1328,53.569146719755544,1607,2.0,0.4182543456554413,314,248,33,27
7,53.602481596370204,1608,9.0,0.2982637882232666,982,82,35,55
1279,53.602481596370204,1608,2.0,0.6210669875144958,403,333,58,49
1282,53.602481596370204,1608,2.0,0.4259636104106903,818,307,56,29
1298,53.602481596370204,1608,2.0,0.7676342725753784,971,387,75,51
1315,53.602481596370204,1608,2.0,0.7301891446113586,1262,474,101,54
1318,53.602481596370204,1608,9.0,0.46953094005584717,522,158,18,31
1321,53.602481596370204,1608,2.0,0.6859652400016785,280,283,38,34
1328,53.602481596370204,1608,2.0,0.33819130063056946,316,252,36,27
7,53.635816472984864,1609,9.0,0.29585060477256775,982,82,35,55
1279,53.635816472984864,1609,2.0,0.6478896141052246,407,336,59,49
1282,53.635816472984864,1609,2.0,0.5279873013496399,814,306,58,30
1298,53.635816472984864,1609,2.0,0.6871691346168518,961,382,79,52
1315,53.635816472984864,1609,2.0,0.7434303760528564,1246,469,100,52
1318,53.635816472984864,1609,9.0,0.5101790428161621,521,157,18,31
1321,53.635816472984864,1609,2.0,0.532610297203064,281,286,39,36
1328,53.635816472984864,1609,2.0,0.3380303978919983,317,252,37,28
7,53.669151349599524,1610,9.0,0.27326709032058716,982,82,35,55
1279,53.669151349599524,1610,2.0,0.5814267992973328,411,339,60,50
1282,53.669151349599524,1610,2.0,0.487268328666687,809,304,55,29
1298,53.669151349599524,1610,2.0,0.7695358395576477,952,378,76,50
1315,53.669151349599524,1610,2.0,0.7353713512420654,1227,463,101,52
1318,53.669151349599524,1610,9.0,0.44911301136016846,522,158,19,30
1321,53.669151349599524,1610,2.0,0.6689057946205139,282,288,38,37
1328,53.669151349599524,1610,2.0,0.2882944941520691,318,252,37,28
7,53.70248622621418,1611,9.0,0.2696068286895752,982,82,35,55
1279,53.70248622621418,1611,2.0,0.5954551100730896,414,343,59,48
1282,53.70248622621418,1611,2.0,0.399321973323822,804,302,53,27
1298,53.70248622621418,1611,2.0,0.630651593208313,942,374,75,49
1315,53.70248622621418,1611,2.0,0.6690657138824463,1213,456,100,51
1318,53.70248622621418,1611,9.0,0.4295240044593811,522,158,19,29
1321,53.70248622621418,1611,2.0,0.5801299810409546,284,290,38,39
1328,53.70248622621418,1611,2.0,0.36564069986343384,321,253,37,28
7,53.73582110282884,1612,9.0,0.2709113657474518,982,82,35,55
1279,53.73582110282884,1612,2.0,0.7044963836669922,418,347,59,48
1282,53.73582110282884,1612,2.0,0.3156498372554779,797,300,53,29
1298,53.73582110282884,1612,2.0,0.7228763699531555,933,371,73,49
1315,53.73582110282884,1612,2.0,0.6824278831481934,1202,451,92,50
1318,53.73582110282884,1612,9.0,0.49785903096199036,522,158,18,30
1321,53.73582110282884,1612,2.0,0.49741533398628235,285,293,41,39
1328,53.73582110282884,1612,2.0,0.46556660532951355,322,255,36,27
7,53.7691559794435,1613,9.0,0.25917285680770874,982,82,35,55
1279,53.7691559794435,1613,2.0,0.7371387481689453,422,350,61,52
1282,53.7691559794435,1613,2.0,0.42208540439605713,791,298,53,29
1298,53.7691559794435,1613,2.0,0.7394363880157471,924,367,72,48
1315,53.7691559794435,1613,2.0,0.6705130934715271,1186,446,89,46
1318,53.7691559794435,1613,9.0,0.46741342544555664,522,158,18,30
1321,53.7691559794435,1613,2.0,0.5132312774658203,287,294,42,38
1328,53.7691559794435,1613,2.0,0.48203885555267334,323,255,37,28
7,53.80249085605815,1614,9.0,0.2610401511192322,982,82,35,55
1279,53.80249085605815,1614,2.0,0.7026384472846985,425,354,63,53
1282,53.80249085605815,1614,2.0,0.408342182636261,786,296,51,29
1298,53.80249085605815,1614,2.0,0.559176504611969,915,364,70,47
1315,53.80249085605815,1614,2.0,0.6568940877914429,1172,440,89,49
1318,53.80249085605815,1614,9.0,0.48668771982192993,522,158,18,30
1321,53.80249085605815,1614,2.0,0.5012447834014893,289,296,41,37
1328,53.80249085605815,1614,2.0,0.5262823700904846,324,256,38,28
7,53.83582573267281,1615,9.0,0.26839500665664673,982,82,35,55
1279,53.83582573267281,1615,2.0,0.698431670665741,429,357,65,54
1282,53.83582573267281,1615,2.0,0.3507240414619446,780,293,50,28
1298,53.83582573267281,1615,2.0,0.5892356038093567,908,361,68,44
1315,53.83582573267281,1615,2.0,0.6688811182975769,1158,434,89,47
1318,53.83582573267281,1615,9.0,0.4885784089565277,522,158,18,31
1321,53.83582573267281,1615,2.0,0.5418262481689453,291,297,39,37
1328,53.83582573267281,1615,2.0,0.5096755027770996,325,258,37,28
7,53.86916060928747,1616,9.0,0.2534101903438568,982,82,35,55
1279,53.86916060928747,1616,2.0,0.7042964100837708,433,361,66,55
1282,53.86916060928747,1616,2.0,0.34547868371009827,772,290,50,27
1298,53.86916060928747,1616,2.0,0.6550042629241943,900,359,68,40
1315,53.86916060928747,1616,2.0,0.5675221085548401,1145,429,90,45
1318,53.86916060928747,1616,9.0,0.4817471504211426,522,158,19,31
1321,53.86916060928747,1616,2.0,0.5578709244728088,293,298,39,37
1328,53.86916060928747,1616,2.0,0.5849314332008362,326,259,38,29
7,53.90249548590213,1617,9.0,0.25056377053260803,982,82,35,55
1279,53.90249548590213,1617,2.0,0.7078160643577576,436,364,67,57
1282,53.90249548590213,1617,2.0,0.4035278558731079,766,288,50,27
1298,53.90249548590213,1617,2.0,0.5851143598556519,889,356,66,41
1315,53.90249548590213,1617,2.0,0.5299170017242432,1135,426,84,42
1318,53.90249548590213,1617,9.0,0.4826860725879669,522,158,19,31
1321,53.90249548590213,1617,2.0,0.6105790734291077,293,300,39,38
1328,53.90249548590213,1617,2.0,0.5874978303909302,327,260,40,28
7,53.93583036251678,1618,9.0,0.2743872404098511,982,82,35,55
1279,53.93583036251678,1618,2.0,0.6425855755805969,440,368,66,57
1282,53.93583036251678,1618,2.0,0.4329685568809509,761,285,49,28
1298,53.93583036251678,1618,2.0,0.6372016668319702,882,353,62,37
1315,53.93583036251678,1618,2.0,0.6041411757469177,1120,419,86,47
1318,53.93583036251678,1618,9.0,0.5041526556015015,522,158,19,32
1321,53.93583036251678,1618,2.0,0.5970112681388855,295,302,39,37
1328,53.93583036251678,1618,2.0,0.5749432444572449,329,261,39,28
7,53.96916523913144,1619,9.0,0.2765846252441406,982,82,35,55
1279,53.96916523913144,1619,2.0,0.6406580209732056,444,372,68,61
1282,53.96916523913144,1619,2.0,0.3960455656051636,757,283,48,28
1298,53.96916523913144,1619,2.0,0.5320656895637512,873,348,65,42
1315,53.96916523913144,1619,2.0,0.6449469923973083,1106,414,83,47
1318,53.96916523913144,1619,9.0,0.5023903846740723,522,158,20,32
1321,53.96916523913144,1619,2.0,0.643305242061615,295,304,40,38
1328,53.96916523913144,1619,2.0,0.5422350764274597,329,262,39,29
7,54.0025001157461,1620,9.0,0.26231664419174194,982,82,35,55
1279,54.0025001157461,1620,2.0,0.6467248201370239,449,376,69,60
1282,54.0025001157461,1620,2.0,0.3375619053840637,751,282,49,28
1298,54.0025001157461,1620,2.0,0.38364920020103455,865,346,64,42
1315,54.0025001157461,1620,2.0,0.6173396110534668,1097,408,82,45
1318,54.0025001157461,1620,9.0,0.46235477924346924,522,158,20,31
1321,54.0025001157461,1620,2.0,0.6399604678153992,297,307,42,40
1328,54.0025001157461,1620,2.0,0.4596523642539978,331,265,39,30
7,54.03583499236076,1621,9.0,0.27884113788604736,982,81,37,54
1279,54.03583499236076,1621,2.0,0.673348605632782,454,380,69,60
1282,54.03583499236076,1621,2.0,0.35395270586013794,747,280,52,27
1298,54.03583499236076,1621,2.0,0.5851081013679504,856,343,64,44
1315,54.03583499236076,1621,2.0,0.553528368473053,1082,406,80,42
1318,54.03583499236076,1621,9.0,0.35498446226119995,522,158,19,30
1321,54.03583499236076,1621,2.0,0.6237160563468933,298,308,41,40
1328,54.03583499236076,1621,2.0,0.5196655988693237,332,268,40,30
7,54.069169868975415,1622,9.0,0.2569856643676758,982,81,38,53
1279,54.069169868975415,1622,2.0,0.592286229133606,458,384,71,62
1282,54.069169868975415,1622,2.0,0.3906020522117615,743,279,50,27
1298,54.069169868975415,1622,2.0,0.6588264107704163,850,339,66,43
1315,54.069169868975415,1622,2.0,0.5572618842124939,1073,403,77,37
1318,54.069169868975415,1622,9.0,0.37914779782295227,523,158,19,30
1321,54.069169868975415,1622,2.0,0.5860720276832581,298,311,41,42
1328,54.069169868975415,1622,2.0,0.5333174467086792,334,270,40,31
7,54.102504745590075,1623,9.0,0.2603156268596649,982,81,38,53
1279,54.102504745590075,1623,2.0,0.6802041530609131,462,389,73,64
1282,54.102504745590075,1623,2.0,0.26464781165122986,740,278,48,26
1298,54.102504745590075,1623,2.0,0.6443881988525391,842,336,64,42
1315,54.102504745590075,1623,2.0,0.46685555577278137,1060,397,76,40
1318,54.102504745590075,1623,9.0,0.4356834888458252,523,159,19,30
1321,54.102504745590075,1623,2.0,0.5438850522041321,301,314,43,44
1328,54.102504745590075,1623,2.0,0.6006404161453247,337,273,40,32
1342,54.102504745590075,1623,2.0,0.4601491391658783,1072,399,59,37
7,54.135839622204735,1624,9.0,0.2721046209335327,982,81,38,53
1279,54.135839622204735,1624,2.0,0.6262751221656799,468,394,74,67
1282,54.135839622204735,1624,2.0,0.1942780762910843,734,276,50,27
1298,54.135839622204735,1624,2.0,0.6263998746871948,835,334,61,39
1315,54.135839622204735,1624,2.0,0.6840579509735107,1049,392,77,42
1318,54.135839622204735,1624,9.0,0.4306427836418152,523,158,19,30
1321,54.135839622204735,1624,2.0,0.48772871494293213,303,315,45,45
1328,54.135839622204735,1624,2.0,0.4965382218360901,339,274,38,32
1343,54.135839622204735,1624,2.0,0.40387311577796936,262,235,34,24
7,54.169174498819395,1625,9.0,0.2532272934913635,982,81,38,53
1279,54.169174498819395,1625,2.0,0.6813016533851624,473,398,75,67
1282,54.169174498819395,1625,2.0,0.18405893445014954,730,275,52,28
1298,54.169174498819395,1625,2.0,0.7052227258682251,829,331,60,38
1315,54.169174498819395,1625,2.0,0.6326464414596558,1037,387,83,44
1318,54.169174498819395,1625,9.0,0.4067186117172241,523,159,19,30
1321,54.169174498819395,1625,2.0,0.504046618938446,305,319,47,44
1328,54.169174498819395,1625,2.0,0.6119745373725891,340,275,38,33
1343,54.169174498819395,1625,2.0,0.34760263562202454,263,236,35,24
7,54.20250937543405,1626,9.0,0.262356698513031,982,81,38,53
1279,54.20250937543405,1626,2.0,0.6266815066337585,477,406,77,64
1282,54.20250937543405,1626,2.0,0.4105612635612488,723,274,46,27
1298,54.20250937543405,1626,2.0,0.6385381817817688,821,328,58,40
1315,54.20250937543405,1626,2.0,0.6089752316474915,1026,383,81,42
1318,54.20250937543405,1626,9.0,0.43649226427078247,523,159,19,30
1321,54.20250937543405,1626,2.0,0.4846537411212921,306,322,49,42
1328,54.20250937543405,1626,2.0,0.45269471406936646,342,277,37,30
1343,54.20250937543405,1626,2.0,0.37759289145469666,264,238,34,25
1345,54.20250937543405,1626,2.0,0.7291185259819031,1851,788,134,102
7,54.23584425204871,1627,9.0,0.25662562251091003,982,81,38,53
1279,54.23584425204871,1627,2.0,0.7022606730461121,482,410,79,66
1282,54.23584425204871,1627,2.0,0.24997112154960632,717,271,45,25
1298,54.23584425204871,1627,2.0,0.6294223070144653,814,326,60,42
1315,54.23584425204871,1627,2.0,0.5649785995483398,1015,379,77,40
1318,54.23584425204871,1627,9.0,0.43992289900779724,523,159,20,30
1321,54.23584425204871,1627,2.0,0.5270897746086121,308,324,49,42
1328,54.23584425204871,1627,2.0,0.5371959805488586,343,278,36,31
1343,54.23584425204871,1627,2.0,0.4771137237548828,265,239,34,27
1345,54.23584425204871,1627,2.0,0.755796492099762,1836,778,164,108
7,54.26917912866337,1628,9.0,0.25213363766670227,982,81,38,53
1279,54.26917912866337,1628,2.0,0.5385194420814514,487,416,82,69
1282,54.26917912866337,1628,2.0,0.4337542653083801,714,269,47,24
1298,54.26917912866337,1628,2.0,0.5969347953796387,808,323,61,42
1315,54.26917912866337,1628,2.0,0.6006743311882019,1006,375,74,39
1318,54.26917912866337,1628,9.0,0.40272974967956543,523,158,20,30
1321,54.26917912866337,1628,2.0,0.4466891586780548,310,326,49,40
1328,54.26917912866337,1628,2.0,0.6467624306678772,346,281,40,30
1343,54.26917912866337,1628,2.0,0.386111319065094,266,240,33,28
1345,54.26917912866337,1628,2.0,0.7114657163619995,1817,759,202,108
7,54.30251400527803,1629,9.0,0.2632526159286499,982,81,38,53
1279,54.30251400527803,1629,2.0,0.7190001606941223,493,422,80,70
1282,54.30251400527803,1629,2.0,0.39959952235221863,708,267,47,22
1298,54.30251400527803,1629,2.0,0.6070661544799805,801,320,60,40
1315,54.30251400527803,1629,2.0,0.574256956577301,998,371,74,40
1318,54.30251400527803,1629,9.0,0.41293004155158997,523,159,20,30
1321,54.30251400527803,1629,2.0,0.5246401429176331,312,329,50,41
1328,54.30251400527803,1629,2.0,0.6943684220314026,347,282,42,31
1343,54.30251400527803,1629,2.0,0.43459439277648926,266,244,31,26
1345,54.30251400527803,1629,2.0,0.8160666823387146,1788,741,212,103
1347,54.30251400527803,1629,2.0,0.5713929533958435,31,1016,61,88
7,54.33584888189268,1630,9.0,0.27697938680648804,982,81,38,53
1279,54.33584888189268,1630,2.0,0.6923670172691345,498,428,80,71
1282,54.33584888189268,1630,2.0,0.4763631820678711,703,266,44,20
1298,54.33584888189268,1630,2.0,0.4488537609577179,795,319,59,38
1315,54.33584888189268,1630,2.0,0.4410693943500519,989,369,71,39
1318,54.33584888189268,1630,9.0,0.41291964054107666,523,158,20,30
1321,54.33584888189268,1630,2.0,0.5369853973388672,313,332,51,44
1328,54.33584888189268,1630,2.0,0.7352198958396912,348,284,42,31
1343,54.33584888189268,1630,2.0,0.37484210729599,267,246,31,26
1345,54.33584888189268,1630,2.0,0.8036225438117981,1751,725,210,100
1347,54.33584888189268,1630,2.0,0.3285128176212311,37,1014,75,94
7,54.36918375850734,1631,9.0,0.2627949118614197,982,81,38,53
1279,54.36918375850734,1631,2.0,0.733586847782135,503,434,83,71
1282,54.36918375850734,1631,2.0,0.3106892704963684,701,265,43,20
1298,54.36918375850734,1631,2.0,0.5509284734725952,788,316,58,40
1315,54.36918375850734,1631,2.0,0.6182475686073303,979,365,69,39
1318,54.36918375850734,1631,9.0,0.4452148377895355,523,158,20,30
1321,54.36918375850734,1631,2.0,0.5266501903533936,314,335,52,47
1328,54.36918375850734,1631,2.0,0.658346951007843,349,286,42,31
1343,54.36918375850734,1631,2.0,0.4047495722770691,267,247,31,28
1345,54.36918375850734,1631,2.0,0.8269090056419373,1714,712,202,94
1347,54.36918375850734,1631,2.0,0.4848090410232544,45,1010,90,96
7,54.402518635122,1632,9.0,0.2731103003025055,982,81,38,53
1279,54.402518635122,1632,2.0,0.7545525431632996,509,440,88,77
1282,54.402518635122,1632,2.0,0.357441782951355,697,264,42,19
1298,54.402518635122,1632,2.0,0.6274399757385254,782,313,57,39
1315,54.402518635122,1632,2.0,0.5745493173599243,967,361,67,38
1318,54.402518635122,1632,9.0,0.4056586027145386,523,158,20,30
1321,54.402518635122,1632,2.0,0.5892557501792908,316,337,53,47
1328,54.402518635122,1632,2.0,0.7625682950019836,352,287,42,31
1343,54.402518635122,1632,2.0,0.42473259568214417,267,249,31,28
1345,54.402518635122,1632,2.0,0.8007677793502808,1679,696,199,90
1347,54.402518635122,1632,7.0,0.27253589034080505,53,1004,104,97
7,54.43585351173666,1633,9.0,0.27760550379753113,982,81,38,53
1279,54.43585351173666,1633,2.0,0.6858210563659668,514,447,90,76
1282,54.43585351173666,1633,2.0,0.275447279214859,693,263,41,19
1298,54.43585351173666,1633,2.0,0.59393709897995,774,311,55,38
1315,54.43585351173666,1633,2.0,0.6295924782752991,958,359,67,36
1318,54.43585351173666,1633,9.0,0.40045395493507385,522,158,20,30
1321,54.43585351173666,1633,2.0,0.5770143270492554,319,340,50,47
1328,54.43585351173666,1633,2.0,0.7335447072982788,353,290,42,32
1343,54.43585351173666,1633,2.0,0.29216259717941284,268,249,30,29
1345,54.43585351173666,1633,2.0,0.6794691681861877,1646,682,192,87
7,54.46918838835131,1634,9.0,0.28482478857040405,982,81,38,53
1279,54.46918838835131,1634,2.0,0.7196386456489563,521,453,91,76
1282,54.46918838835131,1634,2.0,0.377549409866333,687,260,39,21
1298,54.46918838835131,1634,2.0,0.6517465710639954,769,309,52,35
1315,54.46918838835131,1634,2.0,0.5931332111358643,950,356,67,35
1318,54.46918838835131,1634,9.0,0.41148680448532104,522,158,19,30
1321,54.46918838835131,1634,2.0,0.7522915005683899,322,342,49,49
1328,54.46918838835131,1634,2.0,0.6866050362586975,355,293,43,32
1343,54.46918838835131,1634,2.0,0.2633958160877228,270,251,29,28
1345,54.46918838835131,1634,2.0,0.7097222208976746,1614,668,189,85
1347,54.46918838835131,1634,2.0,0.44761568307876587,63,1014,123,76
7,54.50252326496597,1635,9.0,0.2841546833515167,982,81,36,54
1279,54.50252326496597,1635,2.0,0.6111358404159546,527,461,93,76
1282,54.50252326496597,1635,2.0,0.4262180030345917,683,258,41,22
1298,54.50252326496597,1635,2.0,0.6609970927238464,763,308,53,34
1315,54.50252326496597,1635,2.0,0.7235988974571228,940,353,69,34
1318,54.50252326496597,1635,9.0,0.43492910265922546,522,157,20,30
1321,54.50252326496597,1635,2.0,0.699609100818634,324,345,48,50
1328,54.50252326496597,1635,2.0,0.7260226607322693,357,296,44,34
1343,54.50252326496597,1635,2.0,0.23926636576652527,271,251,28,28
1345,54.50252326496597,1635,2.0,0.7895159125328064,1584,657,180,82
1347,54.50252326496597,1635,2.0,0.19099973142147064,62,1014,121,76
7,54.53585814158063,1636,9.0,0.29315128922462463,982,81,37,53
1279,54.53585814158063,1636,2.0,0.6157553195953369,533,468,96,79
1282,54.53585814158063,1636,2.0,0.39843273162841797,680,256,41,22
1298,54.53585814158063,1636,2.0,0.6716598868370056,759,306,51,32
1315,54.53585814158063,1636,2.0,0.5584469437599182,936,351,64,35
1318,54.53585814158063,1636,9.0,0.3835037648677826,522,157,20,30
1321,54.53585814158063,1636,2.0,0.7620341777801514,325,347,48,49
1328,54.53585814158063,1636,2.0,0.6581051349639893,359,297,45,35
1343,54.53585814158063,1636,2.0,0.2809017598628998,271,252,27,26
1345,54.53585814158063,1636,2.0,0.7151781320571899,1555,644,175,82
7,54.569193018195286,1637,9.0,0.3165881335735321,982,81,37,53
1279,54.569193018195286,1637,2.0,0.6596555113792419,540,474,102,81
1282,54.569193018195286,1637,2.0,0.3492708206176758,678,256,42,22
1298,54.569193018195286,1637,2.0,0.4417421817779541,753,302,50,36
1315,54.569193018195286,1637,2.0,0.41234317421913147,929,348,61,36
1318,54.569193018195286,1637,9.0,0.34899866580963135,522,157,20,30
1321,54.569193018195286,1637,2.0,0.7531733512878418,327,351,49,48
1328,54.569193018195286,1637,2.0,0.6190263032913208,361,299,44,35
1343,54.569193018195286,1637,2.0,0.34488415718078613,271,253,27,25
1345,54.569193018195286,1637,2.0,0.7964100241661072,1528,632,166,77
7,54.602527894809946,1638,9.0,0.3124152719974518,982,81,38,53
1279,54.602527894809946,1638,2.0,0.6963528990745544,549,482,99,85
1282,54.602527894809946,1638,2.0,0.34533053636550903,675,256,40,22
1298,54.602527894809946,1638,2.0,0.5049677491188049,747,299,53,39
1315,54.602527894809946,1638,2.0,0.4510400593280792,920,344,61,36
1318,54.602527894809946,1638,9.0,0.3740254342556,522,158,20,30
1321,54.602527894809946,1638,2.0,0.7488004565238953,329,355,54,48
1328,54.602527894809946,1638,2.0,0.6154450178146362,363,301,45,35
1343,54.602527894809946,1638,2.0,0.39906173944473267,272,253,27,25
1345,54.602527894809946,1638,2.0,0.7312246561050415,1504,621,160,74
7,54.635862771424605,1639,9.0,0.2941924035549164,982,82,36,54
1279,54.635862771424605,1639,2.0,0.7465515732765198,556,490,103,88
1282,54.635862771424605,1639,2.0,0.24655692279338837,672,255,41,22
1298,54.635862771424605,1639,2.0,0.49931904673576355,741,297,54,40
1315,54.635862771424605,1639,2.0,0.6021180152893066,910,340,63,35
1318,54.635862771424605,1639,9.0,0.33787548542022705,522,157,20,31
1321,54.635862771424605,1639,2.0,0.7271164655685425,331,359,55,51
1328,54.635862771424605,1639,2.0,0.6548373699188232,366,304,47,34
1343,54.635862771424605,1639,2.0,0.5413288474082947,273,255,29,24
1345,54.635862771424605,1639,2.0,0.6831660270690918,1479,610,159,75
7,54.669197648039265,1640,9.0,0.2710537910461426,982,81,37,53
1279,54.669197648039265,1640,2.0,0.7394303679466248,564,498,104,88
1282,54.669197648039265,1640,2.0,0.18594762682914734,671,255,45,23
1298,54.669197648039265,1640,2.0,0.2316853404045105,735,294,57,42
1315,54.669197648039265,1640,2.0,0.5767940878868103,901,337,66,35
1318,54.669197648039265,1640,9.0,0.3403126299381256,522,157,20,31
1321,54.669197648039265,1640,2.0,0.6951668858528137,333,362,57,54
1328,54.669197648039265,1640,2.0,0.7150561213493347,368,306,48,34
1343,54.669197648039265,1640,2.0,0.603000283241272,273,256,29,24
1345,54.669197648039265,1640,2.0,0.7137056589126587,1454,600,153,76
7,54.70253252465392,1641,9.0,0.25980710983276367,982,81,38,53
1279,54.70253252465392,1641,2.0,0.6028114557266235,572,506,106,90
1298,54.70253252465392,1641,2.0,0.52958083152771,729,293,52,40
1315,54.70253252465392,1641,2.0,0.5435582995414734,892,334,64,33
1318,54.70253252465392,1641,9.0,0.3883599638938904,523,157,20,31
1321,54.70253252465392,1641,2.0,0.7224067449569702,335,365,56,55
1328,54.70253252465392,1641,2.0,0.754927933216095,370,308,49,34
1343,54.70253252465392,1641,2.0,0.6427817940711975,274,256,31,24
1345,54.70253252465392,1641,2.0,0.7353032231330872,1430,589,152,71
7,54.73586740126858,1642,9.0,0.2572259306907654,982,81,38,53
1279,54.73586740126858,1642,2.0,0.6091563701629639,580,515,112,93
1298,54.73586740126858,1642,2.0,0.6302814483642578,724,290,50,38
1315,54.73586740126858,1642,2.0,0.49982738494873047,886,330,56,33
1318,54.73586740126858,1642,9.0,0.3893623948097229,523,157,20,31
1321,54.73586740126858,1642,2.0,0.7721862196922302,338,368,54,54
1328,54.73586740126858,1642,2.0,0.787647545337677,372,310,48,36
1343,54.73586740126858,1642,2.0,0.633949339389801,276,256,33,25
1345,54.73586740126858,1642,2.0,0.667812705039978,1407,579,146,68
7,54.76920227788324,1643,9.0,0.25208672881126404,982,81,38,53
1279,54.76920227788324,1643,2.0,0.6521788835525513,588,524,114,97
1298,54.76920227788324,1643,2.0,0.7293763756752014,720,288,49,37
1315,54.76920227788324,1643,2.0,0.5451322197914124,878,328,57,34
1318,54.76920227788324,1643,9.0,0.3789156973361969,523,157,20,31
1321,54.76920227788324,1643,2.0,0.7885529398918152,339,372,54,52
1328,54.76920227788324,1643,2.0,0.7297342419624329,374,312,47,38
1343,54.76920227788324,1643,2.0,0.5551964044570923,276,258,32,25
1345,54.76920227788324,1643,2.0,0.7755143046379089,1387,570,140,68
7,54.8025371544979,1644,9.0,0.23717160522937775,982,81,38,53
1279,54.8025371544979,1644,2.0,0.774249792098999,598,534,118,99
1298,54.8025371544979,1644,2.0,0.6447386145591736,714,287,50,36
1315,54.8025371544979,1644,2.0,0.5395168662071228,871,326,60,34
1318,54.8025371544979,1644,9.0,0.40019822120666504,522,157,20,30
1321,54.8025371544979,1644,2.0,0.8587163686752319,341,377,56,54
1328,54.8025371544979,1644,2.0,0.7418037056922913,377,316,48,38
1343,54.8025371544979,1644,2.0,0.4983086884021759,277,260,33,25
1345,54.8025371544979,1644,2.0,0.6835595369338989,1363,560,140,67
7,54.83587203111255,1645,9.0,0.21633148193359375,982,81,38,53
1279,54.83587203111255,1645,2.0,0.6770002245903015,606,544,123,102
1298,54.83587203111255,1645,2.0,0.6940060257911682,709,286,49,35
1315,54.83587203111255,1645,2.0,0.4548133909702301,866,324,61,34
1318,54.83587203111255,1645,9.0,0.3251039981842041,522,157,20,30
1321,54.83587203111255,1645,2.0,0.7427276372909546,344,380,56,55
1328,54.83587203111255,1645,2.0,0.7049886584281921,380,320,48,38
1343,54.83587203111255,1645,2.0,0.5135608315467834,278,261,32,27
1345,54.83587203111255,1645,2.0,0.7319262027740479,1342,551,137,66
7,54.86920690772721,1646,9.0,0.23806481063365936,982,81,38,53
1279,54.86920690772721,1646,2.0,0.5887397527694702,615,554,128,105
1298,54.86920690772721,1646,2.0,0.6705739498138428,705,284,48,34
1315,54.86920690772721,1646,2.0,0.42815518379211426,862,322,54,33
1318,54.86920690772721,1646,9.0,0.22010383009910583,523,157,21,30
1321,54.86920690772721,1646,2.0,0.6564511656761169,346,383,58,56
1328,54.86920690772721,1646,2.0,0.7782455086708069,382,322,47,38
1343,54.86920690772721,1646,2.0,0.5013644695281982,279,262,32,30
1345,54.86920690772721,1646,2.0,0.6365066766738892,1323,543,135,63
1358,54.86920690772721,1646,7.0,0.43623217940330505,220,972,244,112
7,54.90254178434187,1647,9.0,0.24943599104881287,982,81,38,53
1279,54.90254178434187,1647,2.0,0.6895763278007507,626,565,132,109
1298,54.90254178434187,1647,2.0,0.6376045942306519,700,283,49,32
1315,54.90254178434187,1647,2.0,0.5178132653236389,856,319,49,35
1318,54.90254178434187,1647,9.0,0.18107108771800995,523,157,21,30
1321,54.90254178434187,1647,2.0,0.7070751190185547,349,386,58,57
1328,54.90254178434187,1647,2.0,0.7049839496612549,385,325,49,40
1343,54.90254178434187,1647,2.0,0.36268630623817444,279,264,31,30
1345,54.90254178434187,1647,2.0,0.8269537687301636,1303,534,132,62
1358,54.90254178434187,1647,7.0,0.4903723895549774,229,970,225,109
7,54.93587666095653,1648,9.0,0.2534160017967224,982,81,38,53
1279,54.93587666095653,1648,2.0,0.7258744835853577,636,576,134,112
1298,54.93587666095653,1648,2.0,0.5756869912147522,695,282,48,31
1315,54.93587666095653,1648,2.0,0.5736138224601746,847,317,49,32
1318,54.93587666095653,1648,9.0,0.18302083015441895,522,157,21,30
1321,54.93587666095653,1648,2.0,0.6713579893112183,352,389,57,58
1328,54.93587666095653,1648,2.0,0.7267194986343384,388,328,53,38
1343,54.93587666095653,1648,2.0,0.395283043384552,280,266,33,30
1345,54.93587666095653,1648,2.0,0.7970549464225769,1285,525,126,60
1358,54.93587666095653,1648,7.0,0.5731353163719177,239,969,204,111
7,54.969211537571184,1649,9.0,0.2597618103027344,982,81,38,53
1279,54.969211537571184,1649,2.0,0.7793340086936951,648,587,136,116
1298,54.969211537571184,1649,2.0,0.48371127247810364,692,280,45,32
1315,54.969211537571184,1649,2.0,0.5064424276351929,842,314,45,30
1318,54.969211537571184,1649,9.0,0.24071602523326874,522,157,20,31
1321,54.969211537571184,1649,2.0,0.6744120121002197,354,394,57,59
1328,54.969211537571184,1649,2.0,0.71534264087677,390,332,54,40
1343,54.969211537571184,1649,2.0,0.42415711283683777,281,268,34,30
1345,54.969211537571184,1649,2.0,0.7782101631164551,1268,518,123,59
1358,54.969211537571184,1649,7.0,0.464302122592926,244,968,211,110
7,55.002546414185844,1650,9.0,0.23960621654987335,982,81,38,52
1279,55.002546414185844,1650,2.0,0.48777517676353455,659,600,144,118
1298,55.002546414185844,1650,2.0,0.549094021320343,686,276,47,36
1315,55.002546414185844,1650,2.0,0.43985727429389954,835,311,46,29
1318,55.002546414185844,1650,9.0,0.2738710939884186,522,157,20,31
1321,55.002546414185844,1650,2.0,0.6915463805198669,357,399,58,59
1328,55.002546414185844,1650,2.0,0.7154842019081116,393,335,54,41
1343,55.002546414185844,1650,2.0,0.2996715009212494,283,270,37,29
1345,55.002546414185844,1650,2.0,0.8286743760108948,1249,510,123,59
1358,55.002546414185844,1650,7.0,0.2844567894935608,258,966,222,109
7,55.0358812908005,1651,9.0,0.2295982986688614,982,81,38,53
1279,55.0358812908005,1651,2.0,0.7234082818031311,670,611,150,122
1298,55.0358812908005,1651,2.0,0.5187002420425415,681,273,46,37
1315,55.0358812908005,1651,2.0,0.6056038737297058,825,308,49,29
1318,55.0358812908005,1651,9.0,0.2248782515525818,522,157,20,31
1321,55.0358812908005,1651,2.0,0.6609526872634888,360,404,59,57
1328,55.0358812908005,1651,2.0,0.7108380794525146,395,337,55,42
1343,55.0358812908005,1651,2.0,0.27756398916244507,285,273,39,29
1345,55.0358812908005,1651,2.0,0.6712309122085571,1231,504,121,56
1358,55.0358812908005,1651,7.0,0.5505757331848145,282,965,199,111
7,55.06921616741516,1652,9.0,0.21969614923000336,982,81,38,53
1279,55.06921616741516,1652,2.0,0.6822920441627502,681,624,156,125
1298,55.06921616741516,1652,2.0,0.6267074942588806,678,273,44,36
1315,55.06921616741516,1652,2.0,0.6081646084785461,817,307,53,30
1318,55.06921616741516,1652,9.0,0.20221538841724396,522,157,20,31
1321,55.06921616741516,1652,2.0,0.6632232666015625,363,408,60,57
1328,55.06921616741516,1652,2.0,0.6485276818275452,398,340,56,42
1343,55.06921616741516,1652,2.0,0.18854887783527374,287,275,39,29
1345,55.06921616741516,1652,2.0,0.6955428719520569,1215,496,114,56
1358,55.06921616741516,1652,7.0,0.2980855405330658,295,964,176,110
7,55.102551044029816,1653,9.0,0.20793521404266357,982,81,36,53
1279,55.102551044029816,1653,2.0,0.8081865906715393,697,638,156,132
1298,55.102551044029816,1653,2.0,0.5707192420959473,675,271,42,34
1315,55.102551044029816,1653,2.0,0.46277838945388794,812,304,53,30
1318,55.102551044029816,1653,9.0,0.2285936027765274,522,157,20,31
1321,55.102551044029816,1653,2.0,0.7282918095588684,365,412,62,60
1328,55.102551044029816,1653,2.0,0.6740818619728088,401,344,53,43
1343,55.102551044029816,1653,2.0,0.376046746969223,288,276,40,30
1345,55.102551044029816,1653,2.0,0.6277150511741638,1198,489,113,55
1358,55.102551044029816,1653,7.0,0.33755892515182495,304,964,159,112
7,55.135885920644476,1654,9.0,0.2063083052635193,982,81,37,53
1279,55.135885920644476,1654,2.0,0.6942284107208252,711,652,159,134
1298,55.135885920644476,1654,2.0,0.5147095322608948,672,270,40,33
1315,55.135885920644476,1654,2.0,0.5990948677062988,806,303,53,29
1318,55.135885920644476,1654,9.0,0.31166350841522217,522,157,20,31
1321,55.135885920644476,1654,2.0,0.7918959259986877,367,415,62,62
1328,55.135885920644476,1654,2.0,0.7248501181602478,404,347,51,43
1343,55.135885920644476,1654,2.0,0.48895183205604553,289,278,41,31
1345,55.135885920644476,1654,2.0,0.622646689414978,1184,482,111,56
1358,55.135885920644476,1654,7.0,0.26366347074508667,308,964,150,114
7,55.169220797259136,1655,9.0,0.20651622116565704,982,81,36,54
1279,55.169220797259136,1655,2.0,0.7339644432067871,726,667,163,141
1298,55.169220797259136,1655,2.0,0.3736298084259033,667,268,44,32
1315,55.169220797259136,1655,2.0,0.4842037856578827,800,301,52,28
1318,55.169220797259136,1655,9.0,0.26960325241088867,522,157,20,31
1321,55.169220797259136,1655,2.0,0.8217357993125916,369,421,64,66
1328,55.169220797259136,1655,2.0,0.6573610305786133,407,350,53,44
1343,55.169220797259136,1655,2.0,0.48288658261299133,289,278,39,32
1345,55.169220797259136,1655,2.0,0.7275331020355225,1169,476,109,54
1358,55.169220797259136,1655,2.0,0.3984535038471222,311,962,143,113
7,55.20255567387379,1656,9.0,0.24240507185459137,982,81,37,53
1279,55.20255567387379,1656,2.0,0.785546600818634,743,684,169,145
1298,55.20255567387379,1656,2.0,0.47586268186569214,663,267,44,30
1315,55.20255567387379,1656,2.0,0.4344457983970642,795,299,53,29
1318,55.20255567387379,1656,9.0,0.23329637944698334,522,157,20,31
1321,55.20255567387379,1656,2.0,0.8016374111175537,375,427,69,66
1328,55.20255567387379,1656,2.0,0.6558170914649963,410,354,54,43
1343,55.20255567387379,1656,2.0,0.5546332597732544,290,279,39,33
1345,55.20255567387379,1656,2.0,0.7694568634033203,1153,469,104,54
1358,55.20255567387379,1656,2.0,0.3961135745048523,312,963,139,112
7,55.23589055048845,1657,9.0,0.23121918737888336,982,81,36,54
1279,55.23589055048845,1657,2.0,0.676529586315155,756,700,174,150
1298,55.23589055048845,1657,2.0,0.38292086124420166,657,264,41,30
1315,55.23589055048845,1657,2.0,0.4687187075614929,789,296,50,30
1318,55.23589055048845,1657,9.0,0.20545059442520142,522,157,19,30
1321,55.23589055048845,1657,2.0,0.7658515572547913,379,432,69,67
1328,55.23589055048845,1657,2.0,0.6909099221229553,413,357,56,45
1343,55.23589055048845,1657,2.0,0.5563390851020813,291,280,39,33
1345,55.23589055048845,1657,2.0,0.7209360003471375,1139,463,105,53
1358,55.23589055048845,1657,2.0,0.11702198535203934,325,966,113,106
7,55.26922542710311,1658,9.0,0.23678912222385406,982,81,35,54
1279,55.26922542710311,1658,2.0,0.7519652843475342,774,718,179,156
1298,55.26922542710311,1658,2.0,0.6315994262695312,653,261,39,29
1315,55.26922542710311,1658,2.0,0.4254704713821411,785,294,49,30
1318,55.26922542710311,1658,9.0,0.2862362563610077,522,157,19,31
1321,55.26922542710311,1658,2.0,0.767855167388916,382,435,68,67
1328,55.26922542710311,1658,2.0,0.6701653003692627,417,360,61,48
1343,55.26922542710311,1658,2.0,0.49515500664711,292,281,39,32
1345,55.26922542710311,1658,2.0,0.752519965171814,1124,456,105,54
7,55.30256030371777,1659,9.0,0.2227177917957306,982,81,35,54
1279,55.30256030371777,1659,2.0,0.7095782160758972,789,737,191,163
1298,55.30256030371777,1659,2.0,0.45535799860954285,651,260,40,30
1315,55.30256030371777,1659,2.0,0.43623077869415283,775,292,47,28
1318,55.30256030371777,1659,9.0,0.3012445867061615,522,157,19,31
1321,55.30256030371777,1659,2.0,0.8209084272384644,385,441,69,70
1328,55.30256030371777,1659,2.0,0.6497811079025269,423,363,63,51
1343,55.30256030371777,1659,2.0,0.5137516260147095,292,283,39,32
1345,55.30256030371777,1659,2.0,0.7361713647842407,1110,451,100,51
1364,55.30256030371777,1659,2.0,0.49472975730895996,317,246,32,29
7,55.33589518033242,1660,9.0,0.22073949873447418,982,82,35,54
1279,55.33589518033242,1660,2.0,0.7451398372650146,812,754,194,171
1298,55.33589518033242,1660,2.0,0.4314550459384918,648,259,37,28
1315,55.33589518033242,1660,2.0,0.37441715598106384,774,291,41,28
1318,55.33589518033242,1660,9.0,0.2971993684768677,522,157,19,30
1321,55.33589518033242,1660,2.0,0.8303647041320801,389,446,70,72
1328,55.33589518033242,1660,2.0,0.7778720259666443,425,367,61,51
1343,55.33589518033242,1660,2.0,0.4097408056259155,294,284,41,33
1345,55.33589518033242,1660,2.0,0.7988197207450867,1099,445,97,49
1364,55.33589518033242,1660,2.0,0.5057661533355713,318,247,34,29
7,55.36923005694708,1661,9.0,0.2069399058818817,982,81,37,53
1279,55.36923005694708,1661,2.0,0.817720353603363,828,775,207,177
1298,55.36923005694708,1661,2.0,0.3590756952762604,642,258,41,29
1315,55.36923005694708,1661,2.0,0.5122625231742859,765,288,49,29
1318,55.36923005694708,1661,9.0,0.34677648544311523,522,157,19,31
1321,55.36923005694708,1661,2.0,0.7917782068252563,393,452,69,71
1328,55.36923005694708,1661,2.0,0.6938689947128296,429,371,60,48
1343,55.36923005694708,1661,2.0,0.5579407811164856,295,286,40,36
1345,55.36923005694708,1661,2.0,0.5974230170249939,1086,440,97,48
1364,55.36923005694708,1661,2.0,0.5393360257148743,319,248,35,29
7,55.40256493356174,1662,9.0,0.22231967747211456,982,81,37,53
1279,55.40256493356174,1662,2.0,0.8183712363243103,849,797,213,184
1298,55.40256493356174,1662,2.0,0.276528537273407,637,257,40,28
1315,55.40256493356174,1662,2.0,0.491872102022171,760,286,47,28
1318,55.40256493356174,1662,9.0,0.36709368228912354,522,158,18,31
1321,55.40256493356174,1662,2.0,0.7390403747558594,396,458,70,70
1328,55.40256493356174,1662,2.0,0.8009863495826721,432,375,62,48
1343,55.40256493356174,1662,2.0,0.4611496925354004,296,287,41,38
1345,55.40256493356174,1662,2.0,0.8004879951477051,1073,434,98,49
1364,55.40256493356174,1662,2.0,0.41827037930488586,320,250,36,29
7,55.4358998101764,1663,9.0,0.2366669476032257,982,81,37,53
1279,55.4358998101764,1663,2.0,0.7904379367828369,870,820,224,193
1298,55.4358998101764,1663,2.0,0.24913901090621948,633,256,39,27
1315,55.4358998101764,1663,2.0,0.48424214124679565,754,284,48,28
1318,55.4358998101764,1663,9.0,0.36120519042015076,521,158,19,31
1321,55.4358998101764,1663,2.0,0.7488791942596436,399,465,72,72
1328,55.4358998101764,1663,2.0,0.8695839047431946,435,380,61,49
1343,55.4358998101764,1663,2.0,0.448442280292511,298,290,43,39
1345,55.4358998101764,1663,2.0,0.7982907295227051,1060,429,93,48
1364,55.4358998101764,1663,2.0,0.32073381543159485,320,251,36,30
1366,55.4358998101764,1663,2.0,0.5021483898162842,147,1046,275,65
7,55.469234686791054,1664,9.0,0.2204696238040924,982,81,36,53
1279,55.469234686791054,1664,2.0,0.7910733222961426,894,843,232,200
1298,55.469234686791054,1664,2.0,0.2434748411178589,630,256,37,26
1315,55.469234686791054,1664,2.0,0.47899365425109863,750,283,48,28
1318,55.469234686791054,1664,9.0,0.3302971422672272,521,158,18,31
1321,55.469234686791054,1664,2.0,0.7546641230583191,403,471,75,73
1328,55.469234686791054,1664,2.0,0.6604430079460144,439,384,62,52
1343,55.469234686791054,1664,2.0,0.45923954248428345,299,292,43,38
1345,55.469234686791054,1664,2.0,0.6954485177993774,1047,424,94,47
1364,55.469234686791054,1664,2.0,0.2650393843650818,323,252,36,30
1366,55.469234686791054,1664,2.0,0.4975752830505371,169,1046,271,64
7,55.502569563405714,1665,9.0,0.26381567120552063,982,82,35,54
1279,55.502569563405714,1665,2.0,0.8181193470954895,922,868,237,212
1298,55.502569563405714,1665,2.0,0.12214446067810059,627,254,36,27
1315,55.502569563405714,1665,2.0,0.41157522797584534,745,280,48,27
1318,55.502569563405714,1665,9.0,0.3548038899898529,522,158,18,31
1321,55.502569563405714,1665,2.0,0.7114524841308594,408,476,74,76
1328,55.502569563405714,1665,2.0,0.7332231998443604,444,388,64,54
1343,55.502569563405714,1665,2.0,0.4531571567058563,300,293,43,38
1345,55.502569563405714,1665,2.0,0.7007526159286499,1035,420,90,47
1364,55.502569563405714,1665,2.0,0.20891372859477997,324,253,36,31
1366,55.502569563405714,1665,2.0,0.5482904314994812,190,1046,263,63
7,55.535904440020374,1666,9.0,0.2437199354171753,982,82,35,54
1279,55.535904440020374,1666,2.0,0.8114310503005981,945,893,254,220
1298,55.535904440020374,1666,2.0,0.13319143652915955,625,252,35,31
1315,55.535904440020374,1666,2.0,0.4360349476337433,742,280,47,27
1318,55.535904440020374,1666,9.0,0.36499348282814026,522,158,19,30
1321,55.535904440020374,1666,2.0,0.6013318300247192,411,482,75,77
1328,55.535904440020374,1666,2.0,0.6937015652656555,448,391,62,55
1343,55.535904440020374,1666,2.0,0.41038721799850464,301,295,43,38
1345,55.535904440020374,1666,2.0,0.6203193068504333,1024,414,88,48
1364,55.535904440020374,1666,2.0,0.19086889922618866,325,254,36,28
1366,55.535904440020374,1666,2.0,0.3990829885005951,221,1046,271,62
7,55.569239316635034,1667,9.0,0.24702082574367523,982,81,37,53
1279,55.569239316635034,1667,2.0,0.780127227306366,973,915,261,216
1298,55.569239316635034,1667,2.0,0.13727644085884094,620,249,39,34
1315,55.569239316635034,1667,2.0,0.3735552728176117,737,278,47,26
1318,55.569239316635034,1667,9.0,0.3702676594257355,522,158,19,30
1321,55.569239316635034,1667,2.0,0.7720147371292114,415,489,77,77
1328,55.569239316635034,1667,2.0,0.7136867642402649,452,397,64,57
1343,55.569239316635034,1667,2.0,0.41006556153297424,303,298,44,36
1345,55.569239316635034,1667,2.0,0.7205818295478821,1013,410,86,47
1364,55.569239316635034,1667,2.0,0.264582097530365,326,255,36,28
1366,55.569239316635034,1667,2.0,0.4108329117298126,258,1045,301,65
7,55.60257419324969,1668,9.0,0.2419450879096985,982,81,37,53
1279,55.60257419324969,1668,2.0,0.6272295117378235,1004,946,285,230
1298,55.60257419324969,1668,2.0,0.36253821849823,615,247,40,31
1315,55.60257419324969,1668,2.0,0.3400362432003021,731,277,46,27
1318,55.60257419324969,1668,9.0,0.37232354283332825,522,158,19,31
1321,55.60257419324969,1668,2.0,0.781924307346344,420,496,78,81
1328,55.60257419324969,1668,2.0,0.7284116744995117,456,400,63,56
1343,55.60257419324969,1668,2.0,0.5195213556289673,304,300,44,36
1345,55.60257419324969,1668,2.0,0.6841030716896057,1002,405,85,46
1364,55.60257419324969,1668,2.0,0.2712912857532501,328,256,37,26
1366,55.60257419324969,1668,2.0,0.3663322329521179,251,1045,240,63
7,55.63590906986435,1669,9.0,0.23079921305179596,981,81,38,53
1279,55.63590906986435,1669,2.0,0.5438975691795349,1027,968,311,222
1298,55.63590906986435,1669,2.0,0.3311583697795868,611,247,39,28
1315,55.63590906986435,1669,2.0,0.48130857944488525,726,275,47,28
1318,55.63590906986435,1669,9.0,0.33955851197242737,522,158,19,31
1321,55.63590906986435,1669,2.0,0.6726140379905701,425,501,77,84
1328,55.63590906986435,1669,2.0,0.5623233914375305,460,405,68,56
1343,55.63590906986435,1669,2.0,0.6359142661094666,306,303,44,35
1345,55.63590906986435,1669,2.0,0.7680357694625854,990,400,85,45
1364,55.63590906986435,1669,2.0,0.1920202076435089,330,257,36,27
1366,55.63590906986435,1669,2.0,0.5533115267753601,251,1045,196,63
7,55.66924394647901,1670,9.0,0.23217938840389252,981,81,38,53
1279,55.66924394647901,1670,2.0,0.5478290915489197,1040,983,326,193
1298,55.66924394647901,1670,2.0,0.24296030402183533,608,247,37,28
1315,55.66924394647901,1670,2.0,0.5284808874130249,721,273,46,27
1318,55.66924394647901,1670,9.0,0.3414122462272644,522,158,19,31
1321,55.66924394647901,1670,2.0,0.8137367367744446,429,508,81,86
1328,55.66924394647901,1670,2.0,0.5727468132972717,467,410,71,57
1343,55.66924394647901,1670,2.0,0.4486357271671295,307,303,48,38
1345,55.66924394647901,1670,2.0,0.6341015696525574,980,396,84,43
1364,55.66924394647901,1670,2.0,0.3004382252693176,332,259,37,27
1366,55.66924394647901,1670,2.0,0.3548565208911896,256,1046,169,64
7,55.70257882309367,1671,9.0,0.2397826462984085,982,81,38,53
1279,55.70257882309367,1671,2.0,0.5478541254997253,1058,997,344,165
1298,55.70257882309367,1671,2.0,0.18428117036819458,605,246,36,26
1315,55.70257882309367,1671,2.0,0.38720935583114624,717,272,46,28
1318,55.70257882309367,1671,9.0,0.3938140869140625,522,158,19,31
1321,55.70257882309367,1671,2.0,0.806877851486206,434,516,82,88
1328,55.70257882309367,1671,2.0,0.7359756827354431,471,415,73,58
1343,55.70257882309367,1671,2.0,0.48927590250968933,309,305,46,37
1345,55.70257882309367,1671,2.0,0.7558644413948059,969,391,81,42
1364,55.70257882309367,1671,2.0,0.2400384396314621,334,261,35,30
1366,55.70257882309367,1671,2.0,0.39927300810813904,299,1042,213,72
7,55.73591369970832,1672,9.0,0.24681991338729858,982,82,36,53
1279,55.73591369970832,1672,2.0,0.6451854109764099,1070,1013,374,133
1298,55.73591369970832,1672,2.0,0.3288272023200989,602,246,35,27
1315,55.73591369970832,1672,2.0,0.5121376514434814,713,270,49,27
1318,55.73591369970832,1672,9.0,0.3932628035545349,522,158,19,31
1321,55.73591369970832,1672,2.0,0.7269184589385986,439,523,85,89
1328,55.73591369970832,1672,2.0,0.762410581111908,475,421,71,58
1343,55.73591369970832,1672,2.0,0.6046923398971558,310,306,46,38
1345,55.73591369970832,1672,2.0,0.750234067440033,960,388,81,44
1364,55.73591369970832,1672,2.0,0.46572351455688477,336,264,35,33
1366,55.73591369970832,1672,2.0,0.1544916331768036,319,1029,210,98
7,55.76924857632298,1673,9.0,0.2341630458831787,982,81,37,53
1279,55.76924857632298,1673,2.0,0.5114809274673462,1074,1029,387,100
1298,55.76924857632298,1673,2.0,0.2326945811510086,600,245,34,26
1315,55.76924857632298,1673,2.0,0.45471569895744324,709,268,42,26
1318,55.76924857632298,1673,9.0,0.3564271926879883,522,158,20,32
1321,55.76924857632298,1673,2.0,0.773773729801178,443,531,86,91
1328,55.76924857632298,1673,2.0,0.7735321521759033,479,427,71,58
1343,55.76924857632298,1673,2.0,0.4952360987663269,312,309,46,42
1345,55.76924857632298,1673,2.0,0.7630012631416321,949,384,77,44
1364,55.76924857632298,1673,2.0,0.5323475003242493,338,266,34,35
1366,55.76924857632298,1673,2.0,0.3783552348613739,332,1033,199,87
7,55.80258345293764,1674,9.0,0.23655517399311066,981,81,37,53
1298,55.80258345293764,1674,2.0,0.18730667233467102,598,243,32,26
1315,55.80258345293764,1674,2.0,0.5070264935493469,705,265,40,23
1318,55.80258345293764,1674,9.0,0.3297436237335205,522,158,20,31
1321,55.80258345293764,1674,2.0,0.810722827911377,449,538,91,94
1328,55.80258345293764,1674,2.0,0.7428677082061768,484,433,74,61
1343,55.80258345293764,1674,2.0,0.5285583734512329,312,312,46,42
1345,55.80258345293764,1674,2.0,0.38873109221458435,942,381,74,41
1364,55.80258345293764,1674,2.0,0.5228446125984192,339,268,34,35
1366,55.80258345293764,1674,2.0,0.4088134467601776,344,1035,183,84
7,55.8359183295523,1675,9.0,0.23190456628799438,982,81,36,53
1298,55.8359183295523,1675,2.0,0.15657711029052734,595,239,32,25
1315,55.8359183295523,1675,2.0,0.47367265820503235,701,265,37,23
1318,55.8359183295523,1675,9.0,0.28419581055641174,523,158,20,31
1321,55.8359183295523,1675,2.0,0.769319474697113,454,548,93,96
1328,55.8359183295523,1675,2.0,0.7574637532234192,488,437,75,63
1343,55.8359183295523,1675,2.0,0.5378017425537109,313,312,45,43
1345,55.8359183295523,1675,2.0,0.6307673454284668,932,375,75,43
1364,55.8359183295523,1675,2.0,0.6288286447525024,341,268,34,34
1366,55.8359183295523,1675,2.0,0.49315348267555237,351,1039,153,79
7,55.86925320616695,1676,9.0,0.22123466432094574,982,81,37,53
1315,55.86925320616695,1676,2.0,0.44089075922966003,698,263,37,21
1318,55.86925320616695,1676,9.0,0.30178987979888916,523,158,20,31
1321,55.86925320616695,1676,2.0,0.7481185793876648,461,557,94,98
1328,55.86925320616695,1676,2.0,0.7055869102478027,494,442,76,67
1343,55.86925320616695,1676,2.0,0.46001338958740234,314,315,46,43
1345,55.86925320616695,1676,2.0,0.7248736619949341,923,371,72,41
1364,55.86925320616695,1676,2.0,0.607167661190033,342,270,36,34
1366,55.86925320616695,1676,2.0,0.4153894782066345,359,1039,133,76
7,55.90258808278161,1677,9.0,0.253236323595047,982,82,36,53
1315,55.90258808278161,1677,2.0,0.43417075276374817,692,262,38,23
1318,55.90258808278161,1677,9.0,0.3200954496860504,522,158,20,32
1321,55.90258808278161,1677,2.0,0.6664260029792786,466,566,94,98
1328,55.90258808278161,1677,2.0,0.7843671441078186,499,448,77,67
1343,55.90258808278161,1677,2.0,0.4610130488872528,317,318,46,42
1345,55.90258808278161,1677,2.0,0.681784451007843,913,370,75,40
1364,55.90258808278161,1677,2.0,0.6388731598854065,343,272,36,36
1366,55.90258808278161,1677,2.0,0.3655194938182831,366,1042,110,72
7,55.93592295939627,1678,9.0,0.24619725346565247,982,82,35,54
1315,55.93592295939627,1678,2.0,0.5696952939033508,687,259,38,22
1318,55.93592295939627,1678,9.0,0.2805343568325043,523,158,20,31
1321,55.93592295939627,1678,2.0,0.6688460111618042,472,576,96,101
1328,55.93592295939627,1678,2.0,0.6583268046379089,504,454,79,68
1343,55.93592295939627,1678,2.0,0.45486822724342346,319,321,46,40
1345,55.93592295939627,1678,2.0,0.7050979137420654,905,366,74,39
1364,55.93592295939627,1678,2.0,0.5502572059631348,345,273,38,36
1366,55.93592295939627,1678,2.0,0.1999354511499405,373,1043,92,70
7,55.969257836010925,1679,9.0,0.23278312385082245,982,82,35,54
1315,55.969257836010925,1679,2.0,0.4454529583454132,685,257,35,23
1318,55.969257836010925,1679,9.0,0.26104769110679626,523,158,20,31
1321,55.969257836010925,1679,2.0,0.8244081139564514,478,585,99,104
1328,55.969257836010925,1679,2.0,0.6259835362434387,510,461,79,68
1343,55.969257836010925,1679,2.0,0.37490689754486084,321,323,46,42
1345,55.969257836010925,1679,2.0,0.6961866617202759,896,363,72,39
1364,55.969257836010925,1679,2.0,0.47543027997016907,346,275,38,36
1298,55.969257836010925,1679,2.0,0.2540104389190674,580,234,31,25
7,56.002592712625585,1680,9.0,0.24699226021766663,982,82,35,54
1315,56.002592712625585,1680,2.0,0.4854426980018616,681,256,36,23
1318,56.002592712625585,1680,9.0,0.2608882486820221,523,158,20,31
1321,56.002592712625585,1680,2.0,0.7837547063827515,485,596,100,110
1328,56.002592712625585,1680,2.0,0.6528172492980957,516,468,80,68
1343,56.002592712625585,1680,2.0,0.3544171154499054,322,325,47,41
1345,56.002592712625585,1680,2.0,0.5526618361473083,886,359,70,37
1364,56.002592712625585,1680,2.0,0.48192599415779114,348,278,39,33
1298,56.002592712625585,1680,2.0,0.2183145433664322,577,233,31,26
7,56.035927589240245,1681,9.0,0.2721123695373535,982,82,35,54
1315,56.035927589240245,1681,2.0,0.4852747619152069,677,256,38,23
1318,56.035927589240245,1681,9.0,0.2724387049674988,523,158,20,31
1321,56.035927589240245,1681,2.0,0.7909255027770996,492,604,106,113
1328,56.035927589240245,1681,2.0,0.7941851615905762,521,474,83,71
1343,56.035927589240245,1681,2.0,0.4061625301837921,323,328,47,39
1345,56.035927589240245,1681,2.0,0.6207033395767212,878,357,66,36
1364,56.035927589240245,1681,2.0,0.4405381381511688,350,280,41,32
1298,56.035927589240245,1681,2.0,0.201240673661232,575,233,31,26
7,56.069262465854905,1682,9.0,0.2558715343475342,982,81,35,54
1315,56.069262465854905,1682,2.0,0.43160831928253174,674,255,38,23
1318,56.069262465854905,1682,9.0,0.25874829292297363,523,158,20,31
1321,56.069262465854905,1682,2.0,0.7767195105552673,499,616,107,114
1328,56.069262465854905,1682,2.0,0.6012609601020813,526,481,83,73
1343,56.069262465854905,1682,2.0,0.345954567193985,325,331,48,41
1345,56.069262465854905,1682,2.0,0.5950844883918762,871,352,66,40
1364,56.069262465854905,1682,2.0,0.534489631652832,352,281,41,31
7,56.10259734246956,1683,9.0,0.2724215090274811,982,82,35,54
1315,56.10259734246956,1683,2.0,0.3169745206832886,673,254,38,24
1318,56.10259734246956,1683,9.0,0.22197097539901733,523,158,20,30
1321,56.10259734246956,1683,2.0,0.6034360527992249,507,627,111,117
1328,56.10259734246956,1683,2.0,0.7026292681694031,533,488,89,76
1343,56.10259734246956,1683,2.0,0.48304590582847595,326,334,49,43
1345,56.10259734246956,1683,2.0,0.6298255324363708,863,350,66,38
1364,56.10259734246956,1683,2.0,0.5416252613067627,354,283,40,32
7,56.13593221908422,1684,9.0,0.26205119490623474,982,82,35,54
1315,56.13593221908422,1684,2.0,0.18752481043338776,670,254,43,24
1318,56.13593221908422,1684,9.0,0.2296789437532425,523,158,19,30
1321,56.13593221908422,1684,2.0,0.7929973006248474,513,640,114,121
1328,56.13593221908422,1684,2.0,0.7472385764122009,539,495,90,78
1343,56.13593221908422,1684,2.0,0.521879255771637,328,335,50,45
1345,56.13593221908422,1684,2.0,0.4439615309238434,856,348,64,38
1364,56.13593221908422,1684,2.0,0.33741137385368347,357,284,41,34
7,56.16926709569888,1685,9.0,0.2572769522666931,982,82,35,54
1315,56.16926709569888,1685,2.0,0.13383276760578156,661,252,39,27
1318,56.16926709569888,1685,9.0,0.19219191372394562,523,158,19,30
1321,56.16926709569888,1685,2.0,0.7888650298118591,522,652,117,124
1328,56.16926709569888,1685,2.0,0.7334954738616943,546,502,93,78
1343,56.16926709569888,1685,2.0,0.4696090817451477,330,338,53,47
1345,56.16926709569888,1685,2.0,0.4803308844566345,848,344,64,34
1364,56.16926709569888,1685,2.0,0.4566051959991455,359,288,42,36
7,56.20260197231354,1686,9.0,0.2418288141489029,982,81,37,54
1315,56.20260197231354,1686,2.0,0.18523310124874115,657,251,38,27
1318,56.20260197231354,1686,9.0,0.2338712215423584,523,158,19,30
1321,56.20260197231354,1686,2.0,0.6422401666641235,530,664,121,128
1328,56.20260197231354,1686,2.0,0.6979556083679199,560,514,84,73
1343,56.20260197231354,1686,2.0,0.5682260990142822,332,339,52,48
1345,56.20260197231354,1686,2.0,0.622505247592926,840,340,64,35
1364,56.20260197231354,1686,2.0,0.577036440372467,361,291,41,36
7,56.23593684892819,1687,9.0,0.2519761621952057,981,81,37,54
1315,56.23593684892819,1687,2.0,0.3419678211212158,654,249,33,25
1318,56.23593684892819,1687,9.0,0.22199569642543793,523,158,19,30
1321,56.23593684892819,1687,2.0,0.7159777879714966,538,678,123,131
1328,56.23593684892819,1687,2.0,0.5747658610343933,565,520,90,80
1343,56.23593684892819,1687,2.0,0.6873400807380676,334,342,52,51
1345,56.23593684892819,1687,2.0,0.6991332769393921,833,337,63,35
1364,56.23593684892819,1687,2.0,0.572109580039978,363,292,42,39
1374,56.23593684892819,1687,2.0,0.47118425369262695,29,1014,57,85
7,56.26927172554285,1688,9.0,0.23868654668331146,981,81,37,53
1315,56.26927172554285,1688,2.0,0.1467163860797882,652,247,27,23
1318,56.26927172554285,1688,9.0,0.26830026507377625,523,158,19,30
1321,56.26927172554285,1688,2.0,0.7582114338874817,546,691,128,133
1328,56.26927172554285,1688,2.0,0.737010657787323,573,528,92,83
1343,56.26927172554285,1688,2.0,0.6970716714859009,336,344,50,51
1345,56.26927172554285,1688,2.0,0.6622902750968933,826,334,63,33
1364,56.26927172554285,1688,2.0,0.6506781578063965,365,295,42,39
1374,56.26927172554285,1688,2.0,0.6391351819038391,36,1012,72,90
7,56.30260660215751,1689,9.0,0.23248334228992462,981,81,38,54
1315,56.30260660215751,1689,2.0,0.11480771005153656,649,246,29,22
1318,56.30260660215751,1689,9.0,0.29353418946266174,523,157,19,30
1321,56.30260660215751,1689,2.0,0.7904008030891418,554,705,132,139
1328,56.30260660215751,1689,2.0,0.6187782287597656,579,536,95,87
1343,56.30260660215751,1689,2.0,0.6919163465499878,338,348,50,50
1345,56.30260660215751,1689,2.0,0.6490092277526855,819,332,60,32
1364,56.30260660215751,1689,2.0,0.5692616105079651,366,297,43,39
1374,56.30260660215751,1689,2.0,0.5929234623908997,47,1009,93,94
1380,56.30260660215751,1689,2.0,0.33427634835243225,269,266,29,28
7,56.33594147877217,1690,9.0,0.21829518675804138,981,81,38,53
1315,56.33594147877217,1690,2.0,0.1560719758272171,644,245,33,22
1318,56.33594147877217,1690,9.0,0.2988605201244354,523,158,19,30
1321,56.33594147877217,1690,2.0,0.7242102026939392,564,721,137,145
1328,56.33594147877217,1690,2.0,0.572842001914978,588,545,100,87
1343,56.33594147877217,1690,2.0,0.7637377381324768,339,353,51,49
1345,56.33594147877217,1690,2.0,0.6577057242393494,812,330,61,33
1364,56.33594147877217,1690,2.0,0.5775612592697144,368,298,44,40
1374,56.33594147877217,1690,2.0,0.5079817771911621,56,1005,111,97
1380,56.33594147877217,1690,2.0,0.3943747580051422,271,268,31,32
7,56.36927635538682,1691,9.0,0.22093117237091064,981,81,38,53
1318,56.36927635538682,1691,9.0,0.34572431445121765,523,158,19,30
1321,56.36927635538682,1691,2.0,0.8344053030014038,576,737,140,148
1328,56.36927635538682,1691,2.0,0.5909758806228638,596,555,104,89
1343,56.36927635538682,1691,2.0,0.775478184223175,341,355,51,49
1345,56.36927635538682,1691,2.0,0.5670846104621887,806,327,58,33
1364,56.36927635538682,1691,2.0,0.6131406426429749,370,300,46,40
1374,56.36927635538682,1691,2.0,0.4150190055370331,63,1018,125,72
1380,56.36927635538682,1691,2.0,0.514963686466217,271,270,34,33
7,56.40261123200148,1692,9.0,0.23494550585746765,982,81,36,54
1318,56.40261123200148,1692,9.0,0.30347490310668945,523,158,19,30
1321,56.40261123200148,1692,2.0,0.7857060432434082,588,753,141,152
1328,56.40261123200148,1692,2.0,0.4956856966018677,605,565,109,91
1343,56.40261123200148,1692,2.0,0.7710392475128174,342,358,54,50
1345,56.40261123200148,1692,2.0,0.3267890214920044,798,323,60,34
1364,56.40261123200148,1692,2.0,0.4790555238723755,373,303,46,37
1374,56.40261123200148,1692,2.0,0.11181897670030594,70,1012,141,87
1380,56.40261123200148,1692,2.0,0.38542503118515015,273,271,35,34
7,56.43594610861614,1693,9.0,0.24629920721054077,982,82,35,54
1318,56.43594610861614,1693,9.0,0.2796017527580261,523,158,19,30
1321,56.43594610861614,1693,2.0,0.8217746019363403,597,770,149,158
1328,56.43594610861614,1693,2.0,0.4974990487098694,612,576,111,93
1343,56.43594610861614,1693,2.0,0.7194775938987732,346,360,56,52
1345,56.43594610861614,1693,2.0,0.3460575044155121,792,321,60,32
1364,56.43594610861614,1693,2.0,0.3888426125049591,375,305,47,38
1374,56.43594610861614,1693,2.0,0.14248700439929962,74,1011,148,85
1380,56.43594610861614,1693,2.0,0.36877748370170593,272,271,37,36
7,56.4692809852308,1694,9.0,0.24579022824764252,982,81,37,54
1318,56.4692809852308,1694,9.0,0.25785577297210693,523,158,19,30
1321,56.4692809852308,1694,2.0,0.7722547054290771,608,788,156,164
1328,56.4692809852308,1694,2.0,0.6248834729194641,622,585,113,96
1343,56.4692809852308,1694,2.0,0.6684910655021667,349,363,57,53
1345,56.4692809852308,1694,2.0,0.5200448036193848,785,318,60,33
1364,56.4692809852308,1694,2.0,0.5217662453651428,378,309,48,36
1374,56.4692809852308,1694,2.0,0.3334019184112549,90,1000,180,104
1380,56.4692809852308,1694,2.0,0.36691734194755554,272,272,41,39
7,56.502615861845456,1695,9.0,0.22696548700332642,981,81,37,53
1318,56.502615861845456,1695,9.0,0.2953055500984192,523,157,19,30
1321,56.502615861845456,1695,2.0,0.7587881088256836,622,808,158,169
1328,56.502615861845456,1695,2.0,0.7349308729171753,632,596,118,103
1343,56.502615861845456,1695,2.0,0.6293566823005676,352,367,57,51
1345,56.502615861845456,1695,2.0,0.47522687911987305,780,316,61,35
1364,56.502615861845456,1695,2.0,0.4994049072265625,382,312,47,38
1374,56.502615861845456,1695,2.0,0.26467394828796387,98,991,196,103
1380,56.502615861845456,1695,2.0,0.23495185375213623,274,273,41,38
1383,56.502615861845456,1695,2.0,0.3585280478000641,276,278,37,26
7,56.535950738460116,1696,9.0,0.21277402341365814,981,81,37,53
1318,56.535950738460116,1696,9.0,0.2634837031364441,523,157,19,30
1321,56.535950738460116,1696,2.0,0.7601144909858704,634,828,164,177
1328,56.535950738460116,1696,2.0,0.7019116878509521,642,607,119,104
1343,56.535950738460116,1696,2.0,0.628821074962616,354,372,57,50
1345,56.535950738460116,1696,2.0,0.4352788031101227,773,314,58,35
1364,56.535950738460116,1696,2.0,0.5971512198448181,384,314,47,39
1374,56.535950738460116,1696,2.0,0.20478098094463348,107,986,214,102
1380,56.535950738460116,1696,2.0,0.1015978455543518,274,273,40,42
1383,56.535950738460116,1696,2.0,0.23103883862495422,276,278,36,28
7,56.569285615074776,1697,9.0,0.23329448699951172,982,81,36,54
1318,56.569285615074776,1697,9.0,0.22636952996253967,523,157,19,30
1321,56.569285615074776,1697,2.0,0.8121197819709778,649,848,170,182
1328,56.569285615074776,1697,2.0,0.6828569173812866,654,618,120,109
1343,56.569285615074776,1697,2.0,0.6104457378387451,355,375,56,51
1345,56.569285615074776,1697,2.0,0.48855119943618774,766,312,54,32
1364,56.569285615074776,1697,2.0,0.6487621665000916,386,316,48,40
1374,56.569285615074776,1697,2.0,0.47110801935195923,104,990,208,114
1380,56.569285615074776,1697,2.0,0.1634802520275116,275,275,42,41
1383,56.569285615074776,1697,2.0,0.5749449133872986,276,279,38,27
7,56.60262049168943,1698,9.0,0.23236507177352905,982,81,37,54
1318,56.60262049168943,1698,9.0,0.21949708461761475,523,157,19,30
1321,56.60262049168943,1698,2.0,0.7619329690933228,662,870,177,188
1328,56.60262049168943,1698,2.0,0.7013170719146729,665,630,126,112
1343,56.60262049168943,1698,2.0,0.6013702154159546,358,377,57,53
1345,56.60262049168943,1698,2.0,0.3511182963848114,762,310,56,34
1364,56.60262049168943,1698,2.0,0.6986837387084961,387,317,49,42
1374,56.60262049168943,1698,7.0,0.2018841952085495,117,989,209,119
1380,56.60262049168943,1698,2.0,0.13108618557453156,273,274,43,44
1383,56.60262049168943,1698,2.0,0.43849846720695496,276,280,38,28
7,56.63595536830409,1699,9.0,0.23401117324829102,981,81,37,53
1318,56.63595536830409,1699,9.0,0.22735705971717834,523,157,19,30
1321,56.63595536830409,1699,2.0,0.5516140460968018,684,899,205,208
1328,56.63595536830409,1699,2.0,0.7725452184677124,679,644,127,117
1343,56.63595536830409,1699,2.0,0.47050946950912476,360,380,56,53
1345,56.63595536830409,1699,2.0,0.3634357154369354,756,307,55,32
1364,56.63595536830409,1699,2.0,0.6960652470588684,390,320,50,42
1374,56.63595536830409,1699,2.0,0.16030986607074738,129,985,198,116
1380,56.63595536830409,1699,2.0,0.10036670416593552,273,273,46,48
1383,56.63595536830409,1699,2.0,0.5211148858070374,278,282,39,27
7,56.66929024491875,1700,9.0,0.25081026554107666,981,81,37,53
1318,56.66929024491875,1700,9.0,0.22924524545669556,523,157,19,31
1321,56.66929024491875,1700,2.0,0.6017153859138489,697,919,215,208
1328,56.66929024491875,1700,2.0,0.7169491648674011,690,657,135,121
1343,56.66929024491875,1700,2.0,0.5034036040306091,362,383,58,54
1345,56.66929024491875,1700,2.0,0.5975257754325867,750,306,55,31
1364,56.66929024491875,1700,2.0,0.7362319231033325,393,322,51,44
1374,56.66929024491875,1700,7.0,0.3333221971988678,166,981,231,114
1383,56.66929024491875,1700,2.0,0.3546207547187805,278,284,41,28
7,56.70262512153341,1701,9.0,0.23974750936031342,982,81,37,53
1318,56.70262512153341,1701,9.0,0.20046517252922058,522,157,19,31
1321,56.70262512153341,1701,2.0,0.655897319316864,711,943,212,215
1328,56.70262512153341,1701,2.0,0.7514880895614624,704,671,135,122
1343,56.70262512153341,1701,2.0,0.6976873874664307,364,386,58,57
1345,56.70262512153341,1701,2.0,0.4422438442707062,746,304,55,32
1364,56.70262512153341,1701,2.0,0.6212775111198425,395,324,51,45
1374,56.70262512153341,1701,2.0,0.27304762601852417,179,977,213,112
1383,56.70262512153341,1701,2.0,0.5184173583984375,280,285,43,29
7,56.73595999814806,1702,9.0,0.271206259727478,982,81,37,53
1318,56.73595999814806,1702,9.0,0.22000449895858765,522,158,19,31
1321,56.73595999814806,1702,2.0,0.6784588694572449,725,965,220,217
1328,56.73595999814806,1702,2.0,0.8003491759300232,719,685,139,128
1343,56.73595999814806,1702,2.0,0.749126136302948,366,390,59,55
1345,56.73595999814806,1702,2.0,0.3242397606372833,740,301,53,35
1364,56.73595999814806,1702,2.0,0.5640206336975098,398,327,50,43
1374,56.73595999814806,1702,2.0,0.3113785982131958,208,975,235,113
1383,56.73595999814806,1702,2.0,0.6161577105522156,281,287,42,32
7,56.76929487476272,1703,9.0,0.26661938428878784,982,81,37,53
1318,56.76929487476272,1703,9.0,0.16554056107997894,522,158,19,30
1321,56.76929487476272,1703,2.0,0.4359840750694275,742,980,234,198
1328,56.76929487476272,1703,2.0,0.7733285427093506,734,700,143,132
1343,56.76929487476272,1703,2.0,0.6506528258323669,368,394,60,57
1345,56.76929487476272,1703,2.0,0.13039632141590118,734,298,55,37
1364,56.76929487476272,1703,2.0,0.5597951412200928,401,330,51,46
1374,56.76929487476272,1703,2.0,0.4573173224925995,231,971,234,110
1383,56.76929487476272,1703,2.0,0.45519763231277466,283,289,43,37
7,56.80262975137738,1704,9.0,0.25387564301490784,982,81,37,53
1318,56.80262975137738,1704,9.0,0.2239110767841339,522,157,18,30
1321,56.80262975137738,1704,2.0,0.12592218816280365,753,993,240,172
1328,56.80262975137738,1704,2.0,0.7757141590118408,749,717,146,135
1343,56.80262975137738,1704,2.0,0.7879050970077515,370,400,62,58
1345,56.80262975137738,1704,2.0,0.4427972137928009,728,296,51,35
1364,56.80262975137738,1704,2.0,0.6186679601669312,403,335,52,44
1374,56.80262975137738,1704,7.0,0.4176937937736511,241,970,221,109
1383,56.80262975137738,1704,2.0,0.3371751606464386,283,292,47,37
7,56.83596462799204,1705,9.0,0.24884261190891266,982,81,37,53
1318,56.83596462799204,1705,9.0,0.2333238422870636,522,157,18,30
1328,56.83596462799204,1705,2.0,0.824421226978302,765,733,150,139
1343,56.83596462799204,1705,2.0,0.7505122423171997,375,405,66,58
1345,56.83596462799204,1705,2.0,0.4246428906917572,722,293,51,38
1364,56.83596462799204,1705,2.0,0.5593060255050659,407,338,52,45
1374,56.83596462799204,1705,7.0,0.16071723401546478,240,969,217,111
1383,56.83596462799204,1705,2.0,0.22649729251861572,283,295,50,37
7,56.869299504606694,1706,9.0,0.23517630994319916,982,81,37,53
1318,56.869299504606694,1706,9.0,0.2577592134475708,522,157,18,31
1328,56.869299504606694,1706,2.0,0.7723556756973267,778,751,160,143
1343,56.869299504606694,1706,2.0,0.6997000575065613,378,408,66,58
1345,56.869299504606694,1706,2.0,0.4462757706642151,719,292,49,36
1364,56.869299504606694,1706,2.0,0.595358669757843,409,342,51,46
1374,56.869299504606694,1706,7.0,0.16287484765052795,257,966,191,111
1383,56.869299504606694,1706,2.0,0.2107517123222351,287,296,47,35
7,56.902634381221354,1707,9.0,0.23361670970916748,982,81,37,53
1318,56.902634381221354,1707,9.0,0.2175569236278534,522,157,18,31
1328,56.902634381221354,1707,2.0,0.8129405379295349,799,770,163,151
1343,56.902634381221354,1707,2.0,0.7840756773948669,381,411,66,60
1345,56.902634381221354,1707,2.0,0.5138347148895264,714,290,52,35
1364,56.902634381221354,1707,2.0,0.6502595543861389,413,344,54,47
1374,56.902634381221354,1707,2.0,0.14485976099967957,274,966,160,106
1383,56.902634381221354,1707,2.0,0.394938588142395,288,298,47,34
7,56.935969257836014,1708,9.0,0.21660678088665009,982,81,37,53
1318,56.935969257836014,1708,9.0,0.24104037880897522,522,157,19,31
1328,56.935969257836014,1708,2.0,0.8100898265838623,816,788,167,156
1343,56.935969257836014,1708,2.0,0.8134555816650391,385,415,66,61
1345,56.935969257836014,1708,2.0,0.5223715901374817,710,288,53,35
1364,56.935969257836014,1708,2.0,0.6603693962097168,416,347,55,45
1374,56.935969257836014,1708,2.0,0.2565838694572449,295,963,164,111
1383,56.935969257836014,1708,2.0,0.5090370178222656,289,300,46,34
7,56.969304134450674,1709,9.0,0.2269172966480255,981,81,37,53
1318,56.969304134450674,1709,9.0,0.2624833285808563,522,157,19,32
1328,56.969304134450674,1709,2.0,0.8329587578773499,836,809,173,161
1343,56.969304134450674,1709,2.0,0.8002619743347168,388,420,69,62
1345,56.969304134450674,1709,2.0,0.5065992474555969,703,286,50,32
1364,56.969304134450674,1709,2.0,0.6229168772697449,420,349,56,49
1374,56.969304134450674,1709,2.0,0.16192376613616943,306,963,156,111
1383,56.969304134450674,1709,2.0,0.3138584792613983,289,300,47,36
7,57.00263901106533,1710,9.0,0.2300875186920166,981,81,37,53
1318,57.00263901106533,1710,9.0,0.3204326033592224,522,157,19,32
1328,57.00263901106533,1710,2.0,0.7611624598503113,857,831,179,168
1343,57.00263901106533,1710,2.0,0.835931122303009,390,426,68,65
1345,57.00263901106533,1710,2.0,0.5346983671188354,698,285,48,30
1364,57.00263901106533,1710,2.0,0.6105269193649292,425,353,59,51
1374,57.00263901106533,1710,2.0,0.16576461493968964,311,962,149,113
1383,57.00263901106533,1710,2.0,0.511441171169281,290,302,48,35
7,57.03597388767999,1711,9.0,0.2650458812713623,982,81,37,53
1318,57.03597388767999,1711,9.0,0.19695605337619781,522,157,18,31
1328,57.03597388767999,1711,2.0,0.8447164297103882,879,853,186,175
1343,57.03597388767999,1711,2.0,0.7997786402702332,393,431,67,64
1345,57.03597388767999,1711,2.0,0.60758376121521,695,283,48,30
1364,57.03597388767999,1711,2.0,0.6224849224090576,427,355,61,55
1374,57.03597388767999,1711,2.0,0.22465147078037262,319,963,133,113
1383,57.03597388767999,1711,2.0,0.5633023977279663,293,304,40,32
7,57.06930876429465,1712,9.0,0.2869516611099243,982,81,38,53
1318,57.06930876429465,1712,9.0,0.19736498594284058,522,157,18,31
1328,57.06930876429465,1712,2.0,0.7938281893730164,901,876,192,182
1343,57.06930876429465,1712,2.0,0.8182149529457092,395,434,68,63
1345,57.06930876429465,1712,2.0,0.46029412746429443,691,281,48,31
1364,57.06930876429465,1712,2.0,0.5236839056015015,431,360,60,52
1383,57.06930876429465,1712,2.0,0.5120902061462402,295,305,37,31
7,57.10264364090931,1713,9.0,0.26295530796051025,982,81,38,53
1318,57.10264364090931,1713,9.0,0.1936531960964203,522,157,18,31
1328,57.10264364090931,1713,2.0,0.8338272571563721,919,900,210,190
1343,57.10264364090931,1713,2.0,0.7665509581565857,399,438,71,65
1345,57.10264364090931,1713,2.0,0.4920136332511902,687,279,48,31
1364,57.10264364090931,1713,2.0,0.6175707578659058,434,362,60,54
1383,57.10264364090931,1713,2.0,0.6166862845420837,297,307,38,31
7,57.13597851752396,1714,9.0,0.26575595140457153,982,81,38,53
1318,57.13597851752396,1714,9.0,0.18460768461227417,522,157,18,30
1328,57.13597851752396,1714,2.0,0.7096464037895203,945,923,212,189
1343,57.13597851752396,1714,2.0,0.7822946310043335,402,442,70,67
1345,57.13597851752396,1714,2.0,0.4649945795536041,682,279,46,32
1364,57.13597851752396,1714,2.0,0.6131779551506042,437,365,61,56
1383,57.13597851752396,1714,2.0,0.5773075819015503,299,309,39,33
7,57.16931339413862,1715,9.0,0.2713393568992615,982,81,38,53
1318,57.16931339413862,1715,9.0,0.200126513838768,522,157,18,30
1328,57.16931339413862,1715,2.0,0.550037682056427,972,951,233,199
1343,57.16931339413862,1715,2.0,0.7523854970932007,406,448,70,67
1345,57.16931339413862,1715,2.0,0.30601340532302856,679,277,43,31
1364,57.16931339413862,1715,2.0,0.6138466000556946,440,369,61,58
1383,57.16931339413862,1715,2.0,0.482819139957428,298,311,42,37
7,57.20264827075328,1716,9.0,0.26010799407958984,982,81,37,53
1318,57.20264827075328,1716,9.0,0.21009968221187592,522,157,18,30
1328,57.20264827075328,1716,2.0,0.662951648235321,988,975,256,198
1343,57.20264827075328,1716,2.0,0.6278614401817322,410,453,71,70
1345,57.20264827075328,1716,2.0,0.21939155459403992,675,274,44,33
1364,57.20264827075328,1716,2.0,0.6016333103179932,443,372,59,61
1383,57.20264827075328,1716,2.0,0.4946291148662567,299,313,43,39
7,57.23598314736794,1717,9.0,0.26695555448532104,982,81,37,53
1318,57.23598314736794,1717,9.0,0.206449493765831,522,157,18,30
1328,57.23598314736794,1717,2.0,0.7332040071487427,1012,991,277,177
1343,57.23598314736794,1717,2.0,0.6675905585289001,414,458,72,70
1345,57.23598314736794,1717,2.0,0.3954547047615051,671,272,43,31
1364,57.23598314736794,1717,2.0,0.6061501502990723,449,376,61,62
1383,57.23598314736794,1717,2.0,0.5178568363189697,301,314,45,40
7,57.26931802398259,1718,9.0,0.2573985159397125,982,81,37,53
1318,57.26931802398259,1718,9.0,0.20482376217842102,522,157,18,30
1328,57.26931802398259,1718,2.0,0.5409986972808838,1035,1005,303,149
1343,57.26931802398259,1718,2.0,0.723871648311615,416,464,73,71
1345,57.26931802398259,1718,2.0,0.26618847250938416,666,270,46,32
1364,57.26931802398259,1718,2.0,0.570513129234314,452,380,63,64
1383,57.26931802398259,1718,2.0,0.46418067812919617,302,317,46,40
7,57.30265290059725,1719,9.0,0.24384266138076782,982,81,37,53
1318,57.30265290059725,1719,9.0,0.23671779036521912,522,157,18,30
1328,57.30265290059725,1719,2.0,0.6353380084037781,1041,1020,316,118
1343,57.30265290059725,1719,2.0,0.7715309858322144,421,470,76,76
1345,57.30265290059725,1719,2.0,0.2957826256752014,660,268,42,29
1364,57.30265290059725,1719,2.0,0.7494665384292603,457,386,64,63
1383,57.30265290059725,1719,2.0,0.335493266582489,303,320,46,41
7,57.33598777721191,1720,9.0,0.24214665591716766,982,81,37,53
1318,57.33598777721191,1720,9.0,0.21170330047607422,522,157,18,31
1328,57.33598777721191,1720,2.0,0.11495040357112885,1043,1033,324,93
1343,57.33598777721191,1720,2.0,0.7757056951522827,424,476,78,75
1345,57.33598777721191,1720,2.0,0.36660435795783997,656,266,41,27
1364,57.33598777721191,1720,2.0,0.5292626619338989,462,389,65,63
1383,57.33598777721191,1720,2.0,0.2646121680736542,306,324,45,41
7,57.369322653826565,1721,9.0,0.23642998933792114,982,81,37,53
1318,57.369322653826565,1721,9.0,0.22260704636573792,522,157,18,31
1328,57.369322653826565,1721,2.0,0.24934528768062592,1047,1038,333,83
1343,57.369322653826565,1721,2.0,0.7697225213050842,427,482,79,74
1345,57.369322653826565,1721,2.0,0.2805364727973938,653,265,39,27
1364,57.369322653826565,1721,2.0,0.6571163535118103,468,394,70,66
1383,57.369322653826565,1721,2.0,0.3014080226421356,309,326,46,41
1398,57.369322653826565,1721,2.0,0.6851991415023804,1790,688,188,85
7,57.402657530441225,1722,9.0,0.2392825335264206,982,81,37,53
1318,57.402657530441225,1722,9.0,0.22578100860118866,522,157,18,31
1343,57.402657530441225,1722,2.0,0.8419445157051086,431,489,80,75
1345,57.402657530441225,1722,2.0,0.2793594002723694,651,263,38,25
1364,57.402657530441225,1722,2.0,0.7131564021110535,472,398,70,68
1383,57.402657530441225,1722,2.0,0.3375175893306732,310,329,47,37
1399,57.402657530441225,1722,2.0,0.3956708312034607,282,278,35,27
7,57.435992407055885,1723,9.0,0.2501574754714966,982,81,37,53
1318,57.435992407055885,1723,9.0,0.26208603382110596,522,157,18,31
1343,57.435992407055885,1723,2.0,0.7581087946891785,436,495,80,78
1345,57.435992407055885,1723,2.0,0.3629533350467682,647,262,42,27
1364,57.435992407055885,1723,2.0,0.7926623225212097,475,402,70,71
1383,57.435992407055885,1723,2.0,0.5050936341285706,311,331,47,40
1399,57.435992407055885,1723,2.0,0.36934641003608704,282,280,34,26
1400,57.435992407055885,1723,2.0,0.6991862058639526,1729,664,177,81
7,57.469327283670545,1724,9.0,0.23576554656028748,981,81,37,53
1318,57.469327283670545,1724,9.0,0.28627970814704895,522,157,18,31
1343,57.469327283670545,1724,2.0,0.7065557837486267,439,501,80,78
1345,57.469327283670545,1724,2.0,0.15461231768131256,642,259,43,28
1364,57.469327283670545,1724,2.0,0.7313843369483948,479,407,71,71
1383,57.469327283670545,1724,2.0,0.5579304099082947,311,333,48,44
1399,57.469327283670545,1724,2.0,0.4884299039840698,283,282,35,26
1400,57.469327283670545,1724,2.0,0.7016972899436951,1702,653,176,82
7,57.5026621602852,1725,9.0,0.2560161054134369,981,81,37,53
1318,57.5026621602852,1725,9.0,0.2918962240219116,522,157,18,30
1343,57.5026621602852,1725,2.0,0.6886526942253113,445,508,82,80
1345,57.5026621602852,1725,2.0,0.24516336619853973,636,258,42,27
1364,57.5026621602852,1725,2.0,0.6792343854904175,484,411,71,71
1383,57.5026621602852,1725,2.0,0.5877562165260315,312,335,50,46
1399,57.5026621602852,1725,2.0,0.5643054842948914,284,284,35,28
1400,57.5026621602852,1725,2.0,0.6782772541046143,1669,641,171,80
7,57.53599703689986,1726,9.0,0.24889755249023438,982,81,37,53
1318,57.53599703689986,1726,9.0,0.26170074939727783,522,157,18,30
1343,57.53599703689986,1726,2.0,0.7182820439338684,450,515,86,82
1345,57.53599703689986,1726,2.0,0.3017999529838562,632,257,40,26
1364,57.53599703689986,1726,2.0,0.76590895652771,490,417,72,73
1383,57.53599703689986,1726,2.0,0.5393618941307068,313,337,52,47
1399,57.53599703689986,1726,2.0,0.5027153491973877,285,285,35,29
1400,57.53599703689986,1726,2.0,0.22252725064754486,1641,627,166,79
1402,57.53599703689986,1726,2.0,0.3710382580757141,1874,483,88,40
7,57.56933191351452,1727,9.0,0.23385977745056152,982,81,37,53
1318,57.56933191351452,1727,9.0,0.2183225154876709,522,157,18,30
1343,57.56933191351452,1727,2.0,0.7156584858894348,455,521,90,84
1345,57.56933191351452,1727,2.0,0.34093567728996277,629,258,38,25
1364,57.56933191351452,1727,2.0,0.8274748921394348,495,423,75,74
1383,57.56933191351452,1727,2.0,0.5788813829421997,315,339,53,48
1399,57.56933191351452,1727,2.0,0.4471729099750519,287,287,35,30
1400,57.56933191351452,1727,2.0,0.365843802690506,1613,617,165,77
1402,57.56933191351452,1727,2.0,0.17375582456588745,1871,482,78,38
7,57.60266679012918,1728,9.0,0.24623514711856842,982,81,37,53
1318,57.60266679012918,1728,9.0,0.25189077854156494,522,157,18,31
1343,57.60266679012918,1728,2.0,0.8482710719108582,461,529,92,87
1345,57.60266679012918,1728,2.0,0.10190365463495255,626,258,35,23
1364,57.60266679012918,1728,2.0,0.7917218208312988,500,428,75,73
1383,57.60266679012918,1728,2.0,0.5694685578346252,318,343,50,45
1399,57.60266679012918,1728,2.0,0.4380596876144409,289,290,36,32
1400,57.60266679012918,1728,2.0,0.5188987851142883,1589,608,155,70
1402,57.60266679012918,1728,2.0,0.13827089965343475,1862,478,83,44
7,57.63600166674383,1729,9.0,0.23166175186634064,982,82,36,54
1318,57.63600166674383,1729,9.0,0.2898910641670227,522,157,18,31
1343,57.63600166674383,1729,2.0,0.8070534467697144,465,536,92,88
1345,57.63600166674383,1729,2.0,0.18164679408073425,624,258,36,22
1364,57.63600166674383,1729,2.0,0.81364506483078,504,434,76,73
1383,57.63600166674383,1729,2.0,0.8222976922988892,321,347,49,44
1399,57.63600166674383,1729,2.0,0.3916090428829193,289,292,38,35
1400,57.63600166674383,1729,2.0,0.5202661752700806,1565,598,151,71
7,57.66933654335849,1730,9.0,0.2250872701406479,981,81,37,53
1318,57.66933654335849,1730,9.0,0.3119029402732849,522,157,17,31
1343,57.66933654335849,1730,2.0,0.7474865317344666,471,543,93,89
1364,57.66933654335849,1730,2.0,0.7219229936599731,510,440,80,77
1383,57.66933654335849,1730,2.0,0.7677966356277466,322,348,49,45
1399,57.66933654335849,1730,2.0,0.464722216129303,291,292,35,36
1400,57.66933654335849,1730,2.0,0.46373897790908813,1539,587,150,69
1403,57.66933654335849,1730,2.0,0.6842162609100342,1864,796,109,91
7,57.70267141997315,1731,9.0,0.21882647275924683,982,81,37,53
1318,57.70267141997315,1731,9.0,0.24957671761512756,522,157,17,31
1343,57.70267141997315,1731,2.0,0.7429288029670715,476,551,96,91
1364,57.70267141997315,1731,2.0,0.7664508819580078,517,445,81,78
1383,57.70267141997315,1731,2.0,0.8257364630699158,325,352,49,43
1399,57.70267141997315,1731,2.0,0.3813111186027527,292,295,34,33
1400,57.70267141997315,1731,2.0,0.43543869256973267,1516,578,146,67
1403,57.70267141997315,1731,2.0,0.6671749949455261,1851,789,134,105
7,57.73600629658781,1732,9.0,0.2140682190656662,982,82,36,54
1318,57.73600629658781,1732,9.0,0.23761704564094543,522,157,17,31
1343,57.73600629658781,1732,2.0,0.7427953481674194,481,560,97,94
1364,57.73600629658781,1732,2.0,0.7057319283485413,521,451,81,77
1383,57.73600629658781,1732,2.0,0.8175134062767029,325,356,51,45
1399,57.73600629658781,1732,2.0,0.42087316513061523,293,296,34,33
1400,57.73600629658781,1732,2.0,0.63237065076828,1497,570,136,67
1403,57.73600629658781,1732,2.0,0.765515923500061,1834,775,169,111
7,57.76934117320246,1733,9.0,0.23020951449871063,982,82,35,54
1318,57.76934117320246,1733,9.0,0.23587878048419952,522,157,17,31
1343,57.76934117320246,1733,2.0,0.775233268737793,486,568,99,96
1364,57.76934117320246,1733,2.0,0.6819551587104797,527,458,81,78
1383,57.76934117320246,1733,2.0,0.8307375311851501,327,358,53,47
1399,57.76934117320246,1733,2.0,0.38849523663520813,294,298,36,34
1400,57.76934117320246,1733,2.0,0.7172957062721252,1476,561,132,64
1403,57.76934117320246,1733,2.0,0.8302812576293945,1816,757,204,111
1405,57.76934117320246,1733,2.0,0.4383866786956787,133,1050,258,58
7,57.80267604981712,1734,9.0,0.22050929069519043,982,82,35,54
1318,57.80267604981712,1734,9.0,0.22548988461494446,522,157,17,30
1343,57.80267604981712,1734,2.0,0.7758307456970215,492,575,101,98
1364,57.80267604981712,1734,2.0,0.7102819085121155,534,464,83,79
1383,57.80267604981712,1734,2.0,0.7335511445999146,329,361,55,49
1399,57.80267604981712,1734,2.0,0.3061460554599762,296,300,35,31
1400,57.80267604981712,1734,2.0,0.6658921241760254,1453,552,133,66
1403,57.80267604981712,1734,2.0,0.8579865097999573,1788,739,213,106
1405,57.80267604981712,1734,2.0,0.22150039672851562,153,1051,252,57
7,57.83601092643178,1735,9.0,0.22396411001682281,982,82,35,54
1318,57.83601092643178,1735,9.0,0.23506277799606323,522,157,17,30
1343,57.83601092643178,1735,2.0,0.7821967601776123,498,584,106,99
1364,57.83601092643178,1735,2.0,0.7168378829956055,541,472,84,81
1383,57.83601092643178,1735,2.0,0.7228469848632812,331,364,56,50
1399,57.83601092643178,1735,2.0,0.4432664215564728,298,301,37,30
1400,57.83601092643178,1735,2.0,0.5446975231170654,1435,544,125,63
1403,57.83601092643178,1735,2.0,0.8282103538513184,1752,723,211,103
1405,57.83601092643178,1735,2.0,0.313662588596344,180,1049,261,60
7,57.86934580304644,1736,9.0,0.22954533994197845,982,82,35,54
1318,57.86934580304644,1736,9.0,0.21499161422252655,522,157,17,30
1343,57.86934580304644,1736,2.0,0.8479757905006409,504,594,106,104
1364,57.86934580304644,1736,2.0,0.7625093460083008,547,478,85,83
1383,57.86934580304644,1736,2.0,0.8383107781410217,334,367,55,51
1399,57.86934580304644,1736,2.0,0.5360363721847534,299,302,37,30
1400,57.86934580304644,1736,2.0,0.610518753528595,1415,535,126,62
1403,57.86934580304644,1736,2.0,0.8616558909416199,1717,709,203,100
1405,57.86934580304644,1736,2.0,0.5356983542442322,201,1048,247,62
7,57.902680679661096,1737,9.0,0.2080560326576233,982,82,35,54
1318,57.902680679661096,1737,9.0,0.15970838069915771,522,157,17,30
1343,57.902680679661096,1737,2.0,0.8170385360717773,511,605,109,107
1364,57.902680679661096,1737,2.0,0.7911713719367981,554,486,89,85
1383,57.902680679661096,1737,2.0,0.8074579238891602,335,370,54,52
1399,57.902680679661096,1737,2.0,0.5347892642021179,300,303,38,31
1400,57.902680679661096,1737,2.0,0.703854501247406,1392,527,130,62
1403,57.902680679661096,1737,2.0,0.8016940951347351,1683,693,193,98
1405,57.902680679661096,1737,2.0,0.5270119905471802,219,1047,238,63
1410,57.902680679661096,1737,2.0,0.3792717456817627,268,257,25,21
7,57.936015556275756,1738,9.0,0.22223658859729767,982,82,35,54
1318,57.936015556275756,1738,9.0,0.14964286983013153,522,157,17,30
1343,57.936015556275756,1738,2.0,0.7676039934158325,519,616,114,108
1364,57.936015556275756,1738,2.0,0.6891040205955505,561,493,89,87
1383,57.936015556275756,1738,2.0,0.8616323471069336,337,373,55,50
1399,57.936015556275756,1738,2.0,0.4833638072013855,301,304,39,32
1400,57.936015556275756,1738,2.0,0.7739643454551697,1371,519,128,62
1403,57.936015556275756,1738,2.0,0.7844730615615845,1649,680,190,95
1405,57.936015556275756,1738,2.0,0.5433874726295471,265,1043,294,70
1410,57.936015556275756,1738,2.0,0.36202749609947205,268,258,25,21
7,57.969350432890415,1739,9.0,0.22094249725341797,982,82,35,54
1318,57.969350432890415,1739,9.0,0.13676728308200836,522,157,18,30
1343,57.969350432890415,1739,2.0,0.7912048101425171,525,625,115,110
1364,57.969350432890415,1739,2.0,0.6955699324607849,567,501,94,90
1383,57.969350432890415,1739,2.0,0.8631064295768738,338,377,55,51
1399,57.969350432890415,1739,2.0,0.5916566252708435,301,306,40,35
1400,57.969350432890415,1739,2.0,0.7487668991088867,1353,512,130,60
1403,57.969350432890415,1739,2.0,0.7585932016372681,1618,666,184,90
1405,57.969350432890415,1739,2.0,0.5544044971466064,286,1043,292,68
1410,57.969350432890415,1739,2.0,0.4749196171760559,269,259,27,23
7,58.00268530950507,1740,9.0,0.2242201417684555,982,82,35,54
1318,58.00268530950507,1740,9.0,0.12451678514480591,522,157,18,30
1343,58.00268530950507,1740,2.0,0.8573904037475586,534,635,116,112
1364,58.00268530950507,1740,2.0,0.6173729300498962,575,509,97,91
1383,58.00268530950507,1740,2.0,0.8546780943870544,340,381,57,52
1399,58.00268530950507,1740,2.0,0.6656409502029419,302,309,41,36
1400,58.00268530950507,1740,2.0,0.699069082736969,1337,505,122,58
1403,58.00268530950507,1740,2.0,0.8196396827697754,1587,653,177,89
1405,58.00268530950507,1740,2.0,0.4926412105560303,298,1043,273,67
1410,58.00268530950507,1740,2.0,0.40628698468208313,268,260,26,25
7,58.03602018611973,1741,9.0,0.22679033875465393,982,82,35,54
1318,58.03602018611973,1741,9.0,0.11444919556379318,520,156,18,32
1343,58.03602018611973,1741,2.0,0.8717567920684814,540,647,121,116
1364,58.03602018611973,1741,2.0,0.5420231819152832,582,517,97,93
1383,58.03602018611973,1741,2.0,0.7240827679634094,341,384,59,55
1399,58.03602018611973,1741,2.0,0.50639808177948,303,312,41,39
1400,58.03602018611973,1741,2.0,0.7086961269378662,1319,498,119,56
1403,58.03602018611973,1741,2.0,0.7900863885879517,1559,640,169,86
1405,58.03602018611973,1741,2.0,0.23623178899288177,307,1044,252,66
1410,58.03602018611973,1741,2.0,0.41310229897499084,269,261,26,24
7,58.06935506273439,1742,9.0,0.23666350543498993,982,82,35,54
1318,58.06935506273439,1742,9.0,0.12280308455228806,521,156,18,31
1343,58.06935506273439,1742,2.0,0.8338519334793091,546,658,125,119
1364,58.06935506273439,1742,2.0,0.5924404859542847,591,526,104,97
1383,58.06935506273439,1742,2.0,0.7602949142456055,344,387,60,55
1399,58.06935506273439,1742,2.0,0.592957615852356,305,314,40,39
1400,58.06935506273439,1742,2.0,0.5686848163604736,1302,491,116,55
1403,58.06935506273439,1742,2.0,0.8268154859542847,1531,628,164,84
1405,58.06935506273439,1742,2.0,0.5700216293334961,316,1042,231,71
1410,58.06935506273439,1742,2.0,0.3466900885105133,270,262,27,26
7,58.10268993934905,1743,9.0,0.23585951328277588,982,82,35,54
1318,58.10268993934905,1743,9.0,0.13764359056949615,522,157,18,31
1343,58.10268993934905,1743,2.0,0.7519984841346741,557,671,125,122
1364,58.10268993934905,1743,2.0,0.6799944043159485,599,535,105,98
1383,58.10268993934905,1743,2.0,0.7444959878921509,347,390,62,57
1399,58.10268993934905,1743,2.0,0.5805355310440063,306,318,41,37
1400,58.10268993934905,1743,2.0,0.7548843026161194,1287,484,114,55
1403,58.10268993934905,1743,2.0,0.8192533850669861,1504,617,159,82
1405,58.10268993934905,1743,2.0,0.4470274746417999,327,1040,211,75
1410,58.10268993934905,1743,2.0,0.20711949467658997,271,264,26,24
7,58.1360248159637,1744,9.0,0.2428445667028427,982,82,35,54
1318,58.1360248159637,1744,9.0,0.13082733750343323,521,156,18,32
1343,58.1360248159637,1744,2.0,0.826110303401947,564,684,130,126
1364,58.1360248159637,1744,2.0,0.6499406099319458,607,544,107,101
1383,58.1360248159637,1744,2.0,0.7828068137168884,350,393,59,56
1399,58.1360248159637,1744,2.0,0.482950896024704,309,320,41,37
1400,58.1360248159637,1744,2.0,0.7230809330940247,1270,479,111,53
1403,58.1360248159637,1744,2.0,0.7841131091117859,1479,607,158,80
1405,58.1360248159637,1744,2.0,0.5503159165382385,333,1040,195,75
1410,58.1360248159637,1744,2.0,0.4773576557636261,272,266,28,27
7,58.16935969257836,1745,9.0,0.2530832290649414,982,82,35,54
1318,58.16935969257836,1745,9.0,0.11034497618675232,521,156,18,31
1343,58.16935969257836,1745,2.0,0.8415005803108215,574,697,137,129
1364,58.16935969257836,1745,2.0,0.5064874887466431,617,553,112,104
1383,58.16935969257836,1745,2.0,0.7530351877212524,353,398,57,54
1399,58.16935969257836,1745,2.0,0.4498273432254791,309,321,43,38
1400,58.16935969257836,1745,2.0,0.6393636465072632,1255,473,108,53
1403,58.16935969257836,1745,2.0,0.7849550843238831,1456,597,153,76
1405,58.16935969257836,1745,2.0,0.5914400219917297,344,1040,178,73
1410,58.16935969257836,1745,2.0,0.4991621673107147,273,268,30,26
7,58.20269456919302,1746,9.0,0.2533916234970093,982,82,35,54
1318,58.20269456919302,1746,9.0,0.11161863058805466,522,157,17,30
1343,58.20269456919302,1746,2.0,0.8421072363853455,584,710,146,133
1364,58.20269456919302,1746,2.0,0.6458988189697266,629,563,112,106
1383,58.20269456919302,1746,2.0,0.7171109318733215,356,403,58,55
1399,58.20269456919302,1746,2.0,0.5715239644050598,311,324,43,39
1400,58.20269456919302,1746,2.0,0.5917981266975403,1239,467,112,51
1403,58.20269456919302,1746,2.0,0.7416071891784668,1431,585,152,77
1405,58.20269456919302,1746,2.0,0.5136379599571228,355,1041,159,72
1410,58.20269456919302,1746,2.0,0.3615349233150482,275,271,30,27
7,58.23602944580768,1747,9.0,0.2574940323829651,982,82,35,54
1318,58.23602944580768,1747,9.0,0.11317417025566101,521,156,17,31
1343,58.23602944580768,1747,2.0,0.8792986869812012,593,725,146,137
1364,58.23602944580768,1747,2.0,0.6985327005386353,637,573,116,109
1383,58.23602944580768,1747,2.0,0.6363996863365173,359,407,60,56
1399,58.23602944580768,1747,2.0,0.4622371792793274,312,326,43,40
1400,58.23602944580768,1747,2.0,0.7324591875076294,1224,462,108,51
1403,58.23602944580768,1747,2.0,0.7468516826629639,1408,575,144,76
1405,58.23602944580768,1747,2.0,0.4548623561859131,364,1041,139,72
1410,58.23602944580768,1747,2.0,0.34047234058380127,277,272,32,27
7,58.269364322422334,1748,9.0,0.24394293129444122,982,82,35,54
1318,58.269364322422334,1748,9.0,0.11231673508882523,521,156,18,30
1343,58.269364322422334,1748,2.0,0.8401349782943726,602,739,149,142
1364,58.269364322422334,1748,2.0,0.4860515892505646,647,583,110,109
1383,58.269364322422334,1748,2.0,0.7378390431404114,361,411,60,57
1399,58.269364322422334,1748,2.0,0.3400525152683258,313,329,44,38
1400,58.269364322422334,1748,2.0,0.6483478546142578,1211,455,104,49
1403,58.269364322422334,1748,2.0,0.7425289750099182,1387,566,138,74
1405,58.269364322422334,1748,2.0,0.38660624623298645,368,1043,112,72
1410,58.269364322422334,1748,2.0,0.14496812224388123,279,275,36,27
1416,58.269364322422334,1748,2.0,0.36916470527648926,56,1010,111,98
7,58.302699199036994,1749,9.0,0.22928975522518158,982,82,37,53
1318,58.302699199036994,1749,9.0,0.10228833556175232,522,157,18,29
1343,58.302699199036994,1749,2.0,0.8487588763237,610,754,155,146
1364,58.302699199036994,1749,2.0,0.563433051109314,657,594,116,113
1383,58.302699199036994,1749,2.0,0.7971421480178833,363,414,61,58
1399,58.302699199036994,1749,2.0,0.5031320452690125,315,332,43,40
1400,58.302699199036994,1749,2.0,0.6901078820228577,1197,450,102,47
1403,58.302699199036994,1749,2.0,0.7987571954727173,1366,557,136,72
1405,58.302699199036994,1749,2.0,0.36598074436187744,371,1043,104,71
1410,58.302699199036994,1749,2.0,0.18287457525730133,280,276,35,26
1416,58.302699199036994,1749,7.0,0.12148270010948181,81,1008,163,102
1418,58.302699199036994,1749,2.0,0.3511396050453186,300,234,33,25
7,58.33603407565165,1750,9.0,0.21432216465473175,982,81,37,53
1318,58.33603407565165,1750,9.0,0.10695337504148483,522,157,19,29
1343,58.33603407565165,1750,2.0,0.805769681930542,622,770,157,149
1364,58.33603407565165,1750,2.0,0.4582473337650299,671,606,121,117
1383,58.33603407565165,1750,2.0,0.7701341509819031,366,420,63,61
1399,58.33603407565165,1750,2.0,0.5459706783294678,316,335,43,43
1400,58.33603407565165,1750,2.0,0.5881329774856567,1182,444,97,47
1403,58.33603407565165,1750,2.0,0.7749277353286743,1346,548,132,69
1405,58.33603407565165,1750,2.0,0.12537533044815063,391,1039,85,80
1410,58.33603407565165,1750,2.0,0.22615063190460205,281,277,35,27
1418,58.33603407565165,1750,2.0,0.29624471068382263,300,235,33,25
7,58.36936895226631,1751,9.0,0.23229604959487915,982,82,36,54
1318,58.36936895226631,1751,9.0,0.10018906742334366,523,157,19,29
1343,58.36936895226631,1751,2.0,0.8282017707824707,632,787,163,154
1364,58.36936895226631,1751,2.0,0.6359208822250366,681,618,128,119
1383,58.36936895226631,1751,2.0,0.7796953916549683,368,426,67,62
1399,58.36936895226631,1751,2.0,0.531742513179779,317,337,45,45
1400,58.36936895226631,1751,2.0,0.6155713796615601,1169,440,96,46
1403,58.36936895226631,1751,2.0,0.7619813680648804,1323,539,133,68
1410,58.36936895226631,1751,2.0,0.2260478287935257,281,278,34,26
1418,58.36936895226631,1751,2.0,0.1894683688879013,302,238,34,27
7,58.402703828880966,1752,9.0,0.21286426484584808,982,82,35,54
1318,58.402703828880966,1752,9.0,0.14527052640914917,523,157,19,29
1343,58.402703828880966,1752,2.0,0.7657155394554138,645,805,165,157
1364,58.402703828880966,1752,2.0,0.4466721713542938,695,631,128,125
1383,58.402703828880966,1752,2.0,0.7421663403511047,372,430,68,62
1399,58.402703828880966,1752,2.0,0.4960997998714447,320,338,45,47
1400,58.402703828880966,1752,2.0,0.6799725890159607,1156,434,93,45
1403,58.402703828880966,1752,2.0,0.8004699945449829,1306,530,129,69
1410,58.402703828880966,1752,2.0,0.2884029150009155,282,279,34,26
1418,58.402703828880966,1752,2.0,0.18191729485988617,302,238,32,28
1416,58.402703828880966,1752,2.0,0.32239222526550293,101,1006,196,114
7,58.436038705495626,1753,9.0,0.23426617681980133,982,82,35,54
1318,58.436038705495626,1753,9.0,0.13067027926445007,523,157,19,29
1343,58.436038705495626,1753,2.0,0.7832766771316528,661,822,162,164
1364,58.436038705495626,1753,2.0,0.5570686459541321,707,645,134,129
1383,58.436038705495626,1753,2.0,0.7951121926307678,375,435,72,63
1399,58.436038705495626,1753,2.0,0.5258474946022034,322,341,46,46
1400,58.436038705495626,1753,2.0,0.5071730613708496,1143,430,92,43
1403,58.436038705495626,1753,2.0,0.8272990584373474,1287,522,124,68
1410,58.436038705495626,1753,2.0,0.4310070872306824,282,280,35,26
1418,58.436038705495626,1753,2.0,0.19486723840236664,304,241,32,29
1416,58.436038705495626,1753,2.0,0.14254580438137054,129,1001,207,110
7,58.469373582110286,1754,9.0,0.24265052378177643,982,82,35,54
1318,58.469373582110286,1754,9.0,0.13491041958332062,523,157,20,30
1343,58.469373582110286,1754,2.0,0.8616871237754822,672,841,174,170
1364,58.469373582110286,1754,2.0,0.6268762350082397,717,658,144,134
1383,58.469373582110286,1754,2.0,0.8282275199890137,378,438,74,64
1399,58.469373582110286,1754,2.0,0.6374965906143188,325,345,45,44
1400,58.469373582110286,1754,2.0,0.46520334482192993,1130,424,96,45
1403,58.469373582110286,1754,2.0,0.8447510004043579,1270,515,122,67
1410,58.469373582110286,1754,2.0,0.512342095375061,283,281,36,28
1418,58.469373582110286,1754,2.0,0.21925505995750427,305,242,32,30
1416,58.469373582110286,1754,2.0,0.1454719454050064,138,986,184,91
7,58.502708458724946,1755,9.0,0.233242467045784,982,82,35,54
1318,58.502708458724946,1755,9.0,0.12283144146203995,523,157,20,30
1343,58.502708458724946,1755,2.0,0.826210618019104,689,860,169,174
1364,58.502708458724946,1755,2.0,0.6538980007171631,732,672,143,139
1383,58.502708458724946,1755,2.0,0.7494306564331055,381,442,72,65
1399,58.502708458724946,1755,2.0,0.7652899622917175,326,349,45,42
1400,58.502708458724946,1755,2.0,0.7015101909637451,1116,416,92,48
1403,58.502708458724946,1755,2.0,0.8292285799980164,1250,508,122,65
1410,58.502708458724946,1755,2.0,0.5384552478790283,285,283,37,29
1418,58.502708458724946,1755,2.0,0.24030563235282898,307,245,36,31
7,58.5360433353396,1756,9.0,0.2334461659193039,982,82,36,53
1318,58.5360433353396,1756,9.0,0.13170769810676575,522,156,19,31
1343,58.5360433353396,1756,2.0,0.7025811076164246,703,876,174,172
1364,58.5360433353396,1756,2.0,0.6901316046714783,741,687,160,143
1383,58.5360433353396,1756,2.0,0.6987802982330322,385,447,74,67
1399,58.5360433353396,1756,2.0,0.7374358177185059,327,351,45,41
1400,58.5360433353396,1756,2.0,0.5093115568161011,1104,413,94,47
1403,58.5360433353396,1756,2.0,0.7681633234024048,1232,500,120,62
1410,58.5360433353396,1756,2.0,0.5428386926651001,285,284,35,29
1418,58.5360433353396,1756,2.0,0.20309007167816162,309,246,33,31
7,58.56937821195426,1757,9.0,0.24291576445102692,982,82,37,53
1318,58.56937821195426,1757,9.0,0.10201306641101837,522,156,19,30
1343,58.56937821195426,1757,2.0,0.708631157875061,720,902,179,187
1364,58.56937821195426,1757,2.0,0.6307578086853027,761,703,157,148
1383,58.56937821195426,1757,2.0,0.6386711001396179,389,453,71,68
1399,58.56937821195426,1757,2.0,0.6834064722061157,328,353,45,41
1400,58.56937821195426,1757,2.0,0.36173129081726074,1095,409,92,45
1403,58.56937821195426,1757,2.0,0.6491391062736511,1215,492,116,61
1410,58.56937821195426,1757,2.0,0.5903327465057373,287,285,37,30
1418,58.56937821195426,1757,2.0,0.2744050920009613,312,248,36,31
7,58.60271308856892,1758,9.0,0.25878486037254333,982,82,35,54
1318,58.60271308856892,1758,9.0,0.14302994310855865,523,157,19,30
1343,58.60271308856892,1758,2.0,0.746945858001709,734,925,193,194
1364,58.60271308856892,1758,2.0,0.6469711661338806,774,719,168,152
1383,58.60271308856892,1758,2.0,0.775993824005127,392,459,72,66
1399,58.60271308856892,1758,2.0,0.7260892391204834,331,356,46,43
1400,58.60271308856892,1758,2.0,0.2964065670967102,1082,405,92,42
1403,58.60271308856892,1758,2.0,0.7570221424102783,1199,486,112,61
1410,58.60271308856892,1758,2.0,0.4181784689426422,288,287,39,32
1418,58.60271308856892,1758,2.0,0.15380419790744781,314,249,35,33
7,58.63604796518358,1759,9.0,0.2687129080295563,982,82,35,54
1318,58.63604796518358,1759,9.0,0.16734367609024048,523,157,19,30
1343,58.63604796518358,1759,2.0,0.7107675671577454,745,950,213,201
1364,58.63604796518358,1759,2.0,0.6118685603141785,797,736,162,158
1383,58.63604796518358,1759,2.0,0.7326228618621826,395,465,74,68
1399,58.63604796518358,1759,2.0,0.7346852421760559,333,359,46,46
1400,58.63604796518358,1759,2.0,0.12874898314476013,1071,401,85,41
1403,58.63604796518358,1759,2.0,0.7783248424530029,1185,479,108,61
1410,58.63604796518358,1759,2.0,0.4945739805698395,289,290,41,35
1418,58.63604796518358,1759,2.0,0.2578805685043335,316,251,37,32
7,58.66938284179823,1760,9.0,0.27792903780937195,982,82,35,54
1318,58.66938284179823,1760,9.0,0.13682574033737183,523,157,19,30
1343,58.66938284179823,1760,2.0,0.719078540802002,760,972,222,204
1364,58.66938284179823,1760,2.0,0.49519482254981995,806,754,183,164
1383,58.66938284179823,1760,2.0,0.7071657776832581,400,471,75,70
1399,58.66938284179823,1760,2.0,0.6842615604400635,335,361,48,48
1400,58.66938284179823,1760,2.0,0.25606459379196167,1059,396,84,41
1403,58.66938284179823,1760,2.0,0.7463709115982056,1169,473,106,57
1410,58.66938284179823,1760,2.0,0.35979679226875305,290,292,42,37
1418,58.66938284179823,1760,2.0,0.20714454352855682,317,251,38,32
7,58.70271771841289,1761,9.0,0.2828250229358673,982,82,35,54
1318,58.70271771841289,1761,9.0,0.15735763311386108,523,157,19,30
1343,58.70271771841289,1761,2.0,0.6014589667320251,777,986,228,187
1364,58.70271771841289,1761,2.0,0.4413771629333496,832,772,178,170
1383,58.70271771841289,1761,2.0,0.748003363609314,404,477,75,70
1399,58.70271771841289,1761,2.0,0.7353381514549255,337,363,49,49
1400,58.70271771841289,1761,2.0,0.5502713322639465,1049,392,82,40
1403,58.70271771841289,1761,2.0,0.7933316826820374,1155,466,101,57
1410,58.70271771841289,1761,2.0,0.3888314962387085,291,294,40,34
1418,58.70271771841289,1761,2.0,0.1946832537651062,318,252,39,33
7,58.73605259502755,1762,9.0,0.2793070077896118,982,82,35,54
1318,58.73605259502755,1762,9.0,0.13857683539390564,523,157,19,30
1343,58.73605259502755,1762,2.0,0.6998569369316101,798,998,246,162
1364,58.73605259502755,1762,2.0,0.568947970867157,853,792,177,177
1383,58.73605259502755,1762,2.0,0.7359036207199097,406,483,79,71
1399,58.73605259502755,1762,2.0,0.8282557129859924,339,367,50,48
1403,58.73605259502755,1762,2.0,0.6917747855186462,1140,461,103,54
1410,58.73605259502755,1762,2.0,0.42060285806655884,294,296,41,34
1418,58.73605259502755,1762,2.0,0.23726028203964233,318,253,39,34
7,58.769387471642204,1763,9.0,0.260089635848999,982,82,35,54
1318,58.769387471642204,1763,9.0,0.1727149933576584,523,157,19,30
1343,58.769387471642204,1763,2.0,0.6065380573272705,814,1011,235,136
1364,58.769387471642204,1763,7.0,0.44243553280830383,863,812,203,182
1383,58.769387471642204,1763,2.0,0.7581608891487122,410,489,79,72
1399,58.769387471642204,1763,2.0,0.8341649770736694,340,371,50,46
1403,58.769387471642204,1763,2.0,0.6849896311759949,1125,455,99,55
1410,58.769387471642204,1763,2.0,0.4016990065574646,295,297,40,33
1418,58.769387471642204,1763,2.0,0.23698842525482178,320,254,40,35
1400,58.769387471642204,1763,2.0,0.5023943781852722,1024,384,82,38
7,58.802722348256864,1764,9.0,0.26395314931869507,982,82,35,54
1318,58.802722348256864,1764,9.0,0.2175283581018448,523,157,20,30
1343,58.802722348256864,1764,2.0,0.7148829698562622,827,1022,216,114
1364,58.802722348256864,1764,2.0,0.4141017496585846,885,834,203,189
1383,58.802722348256864,1764,2.0,0.7203229665756226,413,495,80,76
1399,58.802722348256864,1764,2.0,0.8224426507949829,341,375,52,47
1403,58.802722348256864,1764,2.0,0.7655880451202393,1111,450,96,52
1410,58.802722348256864,1764,2.0,0.507330596446991,297,298,41,32
1418,58.802722348256864,1764,2.0,0.5031999945640564,322,257,42,33
1400,58.802722348256864,1764,2.0,0.5624889135360718,1016,381,83,39
7,58.836057224871524,1765,9.0,0.271797239780426,982,82,37,53
1318,58.836057224871524,1765,9.0,0.22298584878444672,523,157,19,30
1343,58.836057224871524,1765,2.0,0.6121108531951904,832,1035,207,88
1364,58.836057224871524,1765,7.0,0.4146483540534973,913,857,205,197
1383,58.836057224871524,1765,2.0,0.6168075799942017,418,500,82,79
1399,58.836057224871524,1765,2.0,0.8063275814056396,344,378,54,50
1403,58.836057224871524,1765,2.0,0.7021384239196777,1097,441,96,55
1410,58.836057224871524,1765,2.0,0.5501922369003296,298,300,41,31
1418,58.836057224871524,1765,2.0,0.45287781953811646,324,257,42,33
1400,58.836057224871524,1765,2.0,0.1917513608932495,1007,376,82,36
7,58.869392101486184,1766,9.0,0.28349751234054565,982,82,36,54
1318,58.869392101486184,1766,9.0,0.2166644036769867,522,157,19,30
1343,58.869392101486184,1766,2.0,0.3526791036128998,838,1043,192,73
1364,58.869392101486184,1766,2.0,0.5242217779159546,940,881,207,204
1383,58.869392101486184,1766,2.0,0.713581919670105,422,507,80,79
1399,58.869392101486184,1766,2.0,0.6319849491119385,347,381,52,52
1403,58.869392101486184,1766,2.0,0.6889449954032898,1086,435,93,56
1410,58.869392101486184,1766,2.0,0.5542635917663574,300,301,42,31
1418,58.869392101486184,1766,2.0,0.5160712599754333,325,260,44,34
1400,58.869392101486184,1766,2.0,0.33522653579711914,998,372,83,38
1430,58.869392101486184,1766,2.0,0.414977103471756,920,1036,357,83
7,58.90272697810084,1767,9.0,0.27632957696914673,982,82,35,54
1318,58.90272697810084,1767,9.0,0.2754310965538025,522,158,19,30
1364,58.90272697810084,1767,7.0,0.4790807366371155,967,904,214,205
1383,58.90272697810084,1767,2.0,0.8187543153762817,427,515,82,81
1399,58.90272697810084,1767,2.0,0.689318835735321,349,383,52,52
1403,58.90272697810084,1767,2.0,0.7466220855712891,1072,430,93,53
1410,58.90272697810084,1767,2.0,0.6232828497886658,300,303,41,30
1418,58.90272697810084,1767,2.0,0.5620283484458923,327,262,43,36
1400,58.90272697810084,1767,2.0,0.4269427955150604,988,369,79,38
7,58.9360618547155,1768,9.0,0.28706660866737366,982,82,35,54
1318,58.9360618547155,1768,9.0,0.2753717303276062,522,158,19,30
1364,58.9360618547155,1768,2.0,0.356897234916687,992,922,224,196
1383,58.9360618547155,1768,2.0,0.7351142168045044,432,521,85,83
1399,58.9360618547155,1768,2.0,0.7172666788101196,351,386,52,52
1403,58.9360618547155,1768,2.0,0.7886987924575806,1059,426,90,52
1410,58.9360618547155,1768,2.0,0.45778119564056396,300,304,40,31
1418,58.9360618547155,1768,2.0,0.5450627207756042,329,264,43,35
1400,58.9360618547155,1768,2.0,0.6456725597381592,978,365,76,38
7,58.96939673133016,1769,9.0,0.2748578190803528,982,82,37,53
1318,58.96939673133016,1769,9.0,0.29907798767089844,522,158,19,30
1364,58.96939673133016,1769,2.0,0.20006431639194489,1019,954,237,211
1383,58.96939673133016,1769,2.0,0.7743085622787476,436,528,86,84
1399,58.96939673133016,1769,2.0,0.6770110130310059,352,390,51,52
1403,58.96939673133016,1769,2.0,0.6996483206748962,1047,422,93,48
1410,58.96939673133016,1769,2.0,0.5524826645851135,301,306,41,31
1418,58.96939673133016,1769,2.0,0.4916173219680786,329,266,41,36
1400,58.96939673133016,1769,2.0,0.5865228176116943,968,362,77,39
7,59.00273160794482,1770,9.0,0.2380855679512024,982,82,37,53
1318,59.00273160794482,1770,9.0,0.19764840602874756,522,158,19,29
1364,59.00273160794482,1770,2.0,0.5226328372955322,1032,975,288,206
1383,59.00273160794482,1770,2.0,0.754300594329834,440,535,90,87
1399,59.00273160794482,1770,2.0,0.6418043971061707,355,395,52,49
1403,59.00273160794482,1770,2.0,0.74315345287323,1035,417,91,49
1410,59.00273160794482,1770,2.0,0.5753410458564758,302,308,41,32
1418,59.00273160794482,1770,2.0,0.4672878682613373,331,268,41,35
1400,59.00273160794482,1770,2.0,0.35804152488708496,959,359,73,37
7,59.03606648455947,1771,9.0,0.25386732816696167,982,82,36,53
1318,59.03606648455947,1771,9.0,0.23303872346878052,523,158,19,29
1364,59.03606648455947,1771,2.0,0.4529414176940918,1071,989,272,180
1383,59.03606648455947,1771,2.0,0.7378935217857361,446,543,90,89
1399,59.03606648455947,1771,2.0,0.5990644097328186,358,399,53,51
1403,59.03606648455947,1771,2.0,0.6724535822868347,1025,412,85,49
1410,59.03606648455947,1771,2.0,0.590117335319519,302,309,40,34
1418,59.03606648455947,1771,2.0,0.4849417507648468,334,269,42,36
1400,59.03606648455947,1771,2.0,0.25900134444236755,950,357,76,36
1438,59.03606648455947,1771,2.0,0.7607473134994507,1845,775,147,109
7,59.06940136117413,1772,9.0,0.2531064748764038,982,82,35,54
1318,59.06940136117413,1772,9.0,0.20858889818191528,523,158,19,29
1364,59.06940136117413,1772,2.0,0.7135359048843384,1061,1003,315,153
1383,59.06940136117413,1772,2.0,0.7470604181289673,451,550,92,93
1399,59.06940136117413,1772,2.0,0.6045742630958557,360,403,53,52
1403,59.06940136117413,1772,2.0,0.5868237018585205,1013,408,84,46
1410,59.06940136117413,1772,2.0,0.6087344884872437,303,312,41,35
1418,59.06940136117413,1772,2.0,0.5506942272186279,336,271,43,36
1400,59.06940136117413,1772,2.0,0.37593600153923035,942,353,72,35
1438,59.06940136117413,1772,2.0,0.776506781578064,1828,758,180,107
7,59.10273623778879,1773,9.0,0.25056448578834534,982,82,35,54
1318,59.10273623778879,1773,9.0,0.18777093291282654,523,158,19,29
1364,59.10273623778879,1773,2.0,0.46438512206077576,1069,1018,341,122
1383,59.10273623778879,1773,2.0,0.7934065461158752,457,558,93,95
1399,59.10273623778879,1773,2.0,0.5759642124176025,362,406,54,53
1403,59.10273623778879,1773,2.0,0.5741422772407532,1001,403,81,47
1410,59.10273623778879,1773,2.0,0.4741239547729492,305,313,40,37
1418,59.10273623778879,1773,2.0,0.5297754406929016,338,272,44,38
1400,59.10273623778879,1773,2.0,0.37555640935897827,935,349,71,37
1438,59.10273623778879,1773,2.0,0.8474481701850891,1802,742,198,102
7,59.13607111440345,1774,9.0,0.26253336668014526,982,82,35,54
1318,59.13607111440345,1774,9.0,0.19535741209983826,522,158,19,29
1364,59.13607111440345,1774,2.0,0.15541547536849976,1079,1033,360,92
1383,59.13607111440345,1774,2.0,0.7470456957817078,462,567,97,97
1399,59.13607111440345,1774,2.0,0.593809187412262,364,410,55,55
1403,59.13607111440345,1774,2.0,0.5573474764823914,989,398,83,45
1410,59.13607111440345,1774,2.0,0.4867958426475525,306,316,39,35
1418,59.13607111440345,1774,2.0,0.6411580443382263,339,274,44,38
1400,59.13607111440345,1774,2.0,0.23070304095745087,929,346,67,35
1438,59.13607111440345,1774,2.0,0.805091917514801,1766,724,202,99
7,59.1694059910181,1775,9.0,0.28993523120880127,982,82,35,54
1318,59.1694059910181,1775,9.0,0.18491867184638977,522,158,18,29
1383,59.1694059910181,1775,2.0,0.721649706363678,467,576,97,100
1399,59.1694059910181,1775,2.0,0.7070553302764893,367,413,59,57
1403,59.1694059910181,1775,2.0,0.6266399025917053,978,394,81,45
1410,59.1694059910181,1775,2.0,0.43990737199783325,308,319,40,35
1418,59.1694059910181,1775,2.0,0.522006094455719,341,276,43,37
1400,59.1694059910181,1775,2.0,0.36443838477134705,926,344,54,33
1438,59.1694059910181,1775,2.0,0.827217161655426,1731,708,194,95
7,59.20274086763276,1776,9.0,0.2886425256729126,982,82,35,54
1318,59.20274086763276,1776,9.0,0.2234591394662857,522,158,19,30
1383,59.20274086763276,1776,2.0,0.6516939401626587,473,586,99,101
1399,59.20274086763276,1776,2.0,0.7314414381980896,368,418,61,59
1403,59.20274086763276,1776,2.0,0.5711026191711426,967,389,81,47
1410,59.20274086763276,1776,2.0,0.4283982813358307,310,321,44,35
1418,59.20274086763276,1776,2.0,0.38951408863067627,344,279,43,36
1400,59.20274086763276,1776,2.0,0.5168820023536682,913,341,61,32
1438,59.20274086763276,1776,2.0,0.7710429430007935,1690,691,193,93
7,59.23607574424742,1777,9.0,0.2900218367576599,982,82,36,53
1318,59.23607574424742,1777,9.0,0.26417312026023865,522,158,19,30
1383,59.23607574424742,1777,2.0,0.7456965446472168,479,596,101,104
1399,59.23607574424742,1777,2.0,0.6318363547325134,371,423,60,60
1403,59.23607574424742,1777,2.0,0.5144927501678467,959,384,86,51
1410,59.23607574424742,1777,2.0,0.5078139901161194,313,324,44,36
1418,59.23607574424742,1777,2.0,0.5030006766319275,346,282,45,38
1400,59.23607574424742,1777,2.0,0.4407499134540558,903,337,65,32
1438,59.23607574424742,1777,2.0,0.7770177721977234,1659,678,185,89
7,59.26941062086208,1778,9.0,0.2871321737766266,982,82,37,53
1318,59.26941062086208,1778,9.0,0.24938245117664337,522,158,19,30
1383,59.26941062086208,1778,2.0,0.7428733706474304,485,605,101,106
1399,59.26941062086208,1778,2.0,0.6225839257240295,375,427,60,61
1403,59.26941062086208,1778,2.0,0.733892023563385,951,381,81,48
1410,59.26941062086208,1778,2.0,0.45494604110717773,314,326,43,37
1418,59.26941062086208,1778,2.0,0.5084328055381775,348,284,45,38
1400,59.26941062086208,1778,2.0,0.42250582575798035,893,334,67,31
1438,59.26941062086208,1778,2.0,0.7369381785392761,1627,664,177,86
7,59.302745497476735,1779,9.0,0.2746875286102295,981,82,37,53
1318,59.302745497476735,1779,9.0,0.2340274155139923,522,158,19,29
1383,59.302745497476735,1779,2.0,0.7661937475204468,493,614,105,107
1399,59.302745497476735,1779,2.0,0.7356284260749817,379,432,64,62
1403,59.302745497476735,1779,2.0,0.6549363136291504,941,376,78,48
1410,59.302745497476735,1779,2.0,0.38798263669013977,316,328,43,37
1418,59.302745497476735,1779,2.0,0.6257660388946533,350,287,45,38
1400,59.302745497476735,1779,2.0,0.36502575874328613,886,332,65,30
1438,59.302745497476735,1779,2.0,0.7772087454795837,1596,652,171,85
7,59.336080374091395,1780,9.0,0.268164724111557,981,82,37,53
1318,59.336080374091395,1780,9.0,0.24963779747486115,522,158,19,29
1383,59.336080374091395,1780,2.0,0.6651223301887512,499,624,107,110
1399,59.336080374091395,1780,2.0,0.8064348101615906,382,436,65,62
1403,59.336080374091395,1780,2.0,0.6651663184165955,931,372,77,48
1410,59.336080374091395,1780,2.0,0.305119127035141,318,330,43,37
1418,59.336080374091395,1780,2.0,0.6198495626449585,351,289,47,38
1400,59.336080374091395,1780,2.0,0.2813464105129242,880,329,59,30
1438,59.336080374091395,1780,2.0,0.7676820158958435,1567,638,164,84
7,59.369415250706055,1781,9.0,0.2753724753856659,982,81,37,53
1318,59.369415250706055,1781,9.0,0.27265465259552,522,158,19,29
1383,59.369415250706055,1781,2.0,0.6296331882476807,505,635,108,114
1399,59.369415250706055,1781,2.0,0.8064885139465332,385,439,63,63
1403,59.369415250706055,1781,2.0,0.68610680103302,922,368,73,47
1410,59.369415250706055,1781,2.0,0.3132568597793579,319,333,43,38
1418,59.369415250706055,1781,2.0,0.49562349915504456,354,291,47,39
1400,59.369415250706055,1781,2.0,0.33972451090812683,873,326,64,30
1438,59.369415250706055,1781,2.0,0.791281521320343,1538,625,158,81
7,59.402750127320715,1782,9.0,0.27496352791786194,982,82,37,53
1318,59.402750127320715,1782,9.0,0.26404762268066406,522,158,19,29
1383,59.402750127320715,1782,2.0,0.787120521068573,512,646,112,118
1399,59.402750127320715,1782,2.0,0.7732718586921692,389,445,63,65
1403,59.402750127320715,1782,2.0,0.5241428017616272,914,365,71,48
1410,59.402750127320715,1782,2.0,0.38097840547561646,321,335,44,40
1418,59.402750127320715,1782,2.0,0.53052818775177,356,293,47,40
1400,59.402750127320715,1782,2.0,0.10817533731460571,865,323,65,35
1438,59.402750127320715,1782,2.0,0.7030967473983765,1512,615,155,80
7,59.43608500393537,1783,9.0,0.2631276249885559,981,82,37,53
1318,59.43608500393537,1783,9.0,0.22074082493782043,522,158,19,29
1383,59.43608500393537,1783,2.0,0.7197934985160828,520,658,116,122
1399,59.43608500393537,1783,2.0,0.6364923715591431,392,452,65,65
1403,59.43608500393537,1783,2.0,0.44842982292175293,905,362,73,45
1410,59.43608500393537,1783,2.0,0.5432061553001404,322,337,43,41
1418,59.43608500393537,1783,2.0,0.5471817255020142,359,295,49,40
1438,59.43608500393537,1783,2.0,0.6911611557006836,1484,604,153,78
7,59.46941988055003,1784,9.0,0.2537650763988495,981,82,37,53
1318,59.46941988055003,1784,9.0,0.24691583216190338,522,158,18,29
1383,59.46941988055003,1784,2.0,0.6900761127471924,529,671,119,125
1399,59.46941988055003,1784,2.0,0.5881612300872803,394,457,65,64
1403,59.46941988055003,1784,2.0,0.523080587387085,896,360,69,42
1410,59.46941988055003,1784,2.0,0.43473079800605774,324,339,44,43
1418,59.46941988055003,1784,2.0,0.5540802478790283,361,298,49,42
1438,59.46941988055003,1784,2.0,0.6574611067771912,1461,594,146,76
1400,59.46941988055003,1784,2.0,0.38568758964538574,853,319,60,34
7,59.50275475716469,1785,9.0,0.30278635025024414,982,82,37,53
1318,59.50275475716469,1785,9.0,0.33621758222579956,522,158,18,28
1383,59.50275475716469,1785,2.0,0.6186953783035278,537,684,122,130
1399,59.50275475716469,1785,2.0,0.6893575191497803,398,463,65,64
1403,59.50275475716469,1785,2.0,0.5410261750221252,887,356,69,43
1410,59.50275475716469,1785,2.0,0.5096344947814941,326,343,45,40
1418,59.50275475716469,1785,2.0,0.5206807851791382,364,301,51,44
1438,59.50275475716469,1785,2.0,0.36909565329551697,1437,584,142,75
1400,59.50275475716469,1785,2.0,0.5370473265647888,844,317,54,30
7,59.53608963377934,1786,9.0,0.2832193970680237,982,81,37,53
1318,59.53608963377934,1786,9.0,0.3363308608531952,522,158,18,28
1383,59.53608963377934,1786,2.0,0.6760255098342896,545,697,124,132
1399,59.53608963377934,1786,2.0,0.7581954598426819,401,469,65,65
1403,59.53608963377934,1786,2.0,0.5155662894248962,878,353,66,39
1410,59.53608963377934,1786,2.0,0.7596848011016846,329,346,48,40
1418,59.53608963377934,1786,2.0,0.565116822719574,367,303,52,43
1438,59.53608963377934,1786,2.0,0.5525333285331726,1413,574,138,73
1400,59.53608963377934,1786,2.0,0.40708085894584656,836,313,58,32
7,59.569424510394,1787,9.0,0.29156967997550964,982,81,37,53
1318,59.569424510394,1787,9.0,0.30603545904159546,522,158,18,28
1383,59.569424510394,1787,2.0,0.7511593699455261,553,710,128,136
1399,59.569424510394,1787,2.0,0.7750838994979858,405,472,69,68
1403,59.569424510394,1787,2.0,0.6315237283706665,870,349,65,41
1410,59.569424510394,1787,2.0,0.8004770278930664,330,348,48,40
1418,59.569424510394,1787,2.0,0.5707379579544067,369,305,53,44
1438,59.569424510394,1787,2.0,0.7599818706512451,1390,563,135,70
1400,59.569424510394,1787,2.0,0.40805259346961975,829,311,57,32
7,59.60275938700866,1788,9.0,0.29945337772369385,982,81,37,53
1318,59.60275938700866,1788,9.0,0.3177888095378876,522,158,18,29
1383,59.60275938700866,1788,2.0,0.6432139873504639,562,725,131,142
1399,59.60275938700866,1788,2.0,0.6638824343681335,408,477,71,71
1403,59.60275938700866,1788,2.0,0.495916485786438,863,347,64,40
1410,59.60275938700866,1788,2.0,0.7813513278961182,332,350,48,41
1418,59.60275938700866,1788,2.0,0.5279856324195862,372,308,53,45
1438,59.60275938700866,1788,2.0,0.5426632761955261,1369,554,130,67
1400,59.60275938700866,1788,2.0,0.3801153600215912,823,308,56,29
7,59.63609426362332,1789,9.0,0.2881369888782501,982,81,37,52
1318,59.63609426362332,1789,9.0,0.307248592376709,522,158,18,29
1383,59.63609426362332,1789,2.0,0.72441166639328,572,739,138,146
1399,59.63609426362332,1789,2.0,0.6693546772003174,411,483,70,70
1403,59.63609426362332,1789,2.0,0.48767244815826416,854,344,66,41
1410,59.63609426362332,1789,2.0,0.6821743845939636,335,352,46,41
1418,59.63609426362332,1789,2.0,0.37645095586776733,374,311,53,45
1438,59.63609426362332,1789,2.0,0.6722338199615479,1346,546,130,67
1400,59.63609426362332,1789,2.0,0.35225921869277954,817,307,59,29
7,59.66942914023797,1790,9.0,0.27548229694366455,982,81,37,53
1318,59.66942914023797,1790,9.0,0.3239201605319977,522,158,18,29
1383,59.66942914023797,1790,2.0,0.8053169846534729,581,756,143,151
1399,59.66942914023797,1790,2.0,0.6524304151535034,414,489,70,71
1403,59.66942914023797,1790,2.0,0.4739777445793152,847,341,65,41
1410,59.66942914023797,1790,2.0,0.7145017385482788,336,355,47,43
1418,59.66942914023797,1790,2.0,0.46146419644355774,377,314,56,45
1438,59.66942914023797,1790,2.0,0.6954368352890015,1326,536,124,65
1400,59.66942914023797,1790,2.0,0.22724249958992004,813,305,60,29
1452,59.66942914023797,1790,2.0,0.4788542091846466,147,1046,266,62
7,59.70276401685263,1791,9.0,0.2682719826698303,982,81,37,53
1318,59.70276401685263,1791,9.0,0.33157971501350403,521,157,18,29
1383,59.70276401685263,1791,2.0,0.8349980711936951,592,771,146,156
1399,59.70276401685263,1791,2.0,0.723540723323822,418,495,73,77
1403,59.70276401685263,1791,2.0,0.43838950991630554,840,337,63,43
1410,59.70276401685263,1791,2.0,0.7431762218475342,338,358,46,45
1418,59.70276401685263,1791,2.0,0.6166811585426331,381,317,55,47
1438,59.70276401685263,1791,2.0,0.5451942086219788,1307,528,124,66
1400,59.70276401685263,1791,2.0,0.127469003200531,808,303,60,27
1452,59.70276401685263,1791,2.0,0.3812004327774048,177,1045,247,64
7,59.73609889346729,1792,9.0,0.2573126554489136,982,81,37,52
1318,59.73609889346729,1792,9.0,0.34847426414489746,521,157,18,29
1383,59.73609889346729,1792,2.0,0.7195156812667847,603,788,151,162
1399,59.73609889346729,1792,2.0,0.7182720303535461,422,501,74,77
1403,59.73609889346729,1792,2.0,0.46161824464797974,835,335,59,41
1410,59.73609889346729,1792,2.0,0.7112432718276978,339,360,47,44
1418,59.73609889346729,1792,2.0,0.5873316526412964,384,321,56,48
1438,59.73609889346729,1792,2.0,0.776723325252533,1287,519,121,66
1452,59.73609889346729,1792,2.0,0.2712382972240448,201,1045,241,66
1453,59.73609889346729,1792,2.0,0.4931439757347107,255,255,39,30
7,59.76943377008195,1793,9.0,0.2569415867328644,982,81,37,53
1318,59.76943377008195,1793,9.0,0.3683519959449768,521,157,18,30
1383,59.76943377008195,1793,2.0,0.7407808303833008,615,807,155,167
1399,59.76943377008195,1793,2.0,0.755686342716217,426,507,75,79
1403,59.76943377008195,1793,2.0,0.5313922762870789,827,332,60,40
1410,59.76943377008195,1793,2.0,0.7498219609260559,341,363,48,43
1418,59.76943377008195,1793,2.0,0.5967788100242615,387,323,57,49
1438,59.76943377008195,1793,2.0,0.6152867674827576,1268,512,119,63
1452,59.76943377008195,1793,2.0,0.49073898792266846,218,1047,234,62
1453,59.76943377008195,1793,2.0,0.43267127871513367,256,256,39,30
7,59.802768646696606,1794,9.0,0.2527068257331848,982,81,37,53
1318,59.802768646696606,1794,9.0,0.39602091908454895,521,157,18,30
1383,59.802768646696606,1794,2.0,0.7822889685630798,629,826,159,173
1399,59.802768646696606,1794,2.0,0.8235664367675781,430,514,77,80
1403,59.802768646696606,1794,2.0,0.4892961084842682,818,329,61,39
1410,59.802768646696606,1794,2.0,0.7386241555213928,343,366,49,43
1418,59.802768646696606,1794,2.0,0.5430843234062195,389,325,58,51
1438,59.802768646696606,1794,2.0,0.7311179637908936,1249,504,121,63
1452,59.802768646696606,1794,2.0,0.3631044030189514,232,1045,221,64
1453,59.802768646696606,1794,2.0,0.5506748557090759,258,257,41,31
7,59.836103523311266,1795,9.0,0.23906975984573364,982,81,37,53
1318,59.836103523311266,1795,9.0,0.4312255382537842,521,157,18,30
1383,59.836103523311266,1795,2.0,0.801160991191864,640,845,168,178
1399,59.836103523311266,1795,2.0,0.7311187386512756,435,520,79,82
1403,59.836103523311266,1795,2.0,0.5218265056610107,812,327,59,38
1410,59.836103523311266,1795,2.0,0.677951455116272,345,370,50,44
1418,59.836103523311266,1795,2.0,0.512241542339325,391,328,60,50
1438,59.836103523311266,1795,2.0,0.43455082178115845,1231,496,118,61
1452,59.836103523311266,1795,2.0,0.26196232438087463,242,1046,201,62
1453,59.836103523311266,1795,2.0,0.44474610686302185,259,258,41,31
7,59.869438399925926,1796,9.0,0.23848402500152588,982,81,38,53
1318,59.869438399925926,1796,9.0,0.4345785081386566,521,157,18,30
1383,59.869438399925926,1796,2.0,0.7838992476463318,651,866,175,184
1399,59.869438399925926,1796,2.0,0.6695815324783325,439,527,79,83
1403,59.869438399925926,1796,2.0,0.46964094042778015,806,324,56,38
1410,59.869438399925926,1796,2.0,0.5361713171005249,347,372,50,45
1418,59.869438399925926,1796,2.0,0.6374686360359192,394,331,60,51
1438,59.869438399925926,1796,2.0,0.7186049818992615,1213,488,113,61
1452,59.869438399925926,1796,2.0,0.4433956742286682,256,1047,186,64
1453,59.869438399925926,1796,2.0,0.5973039865493774,263,259,36,29
7,59.902773276540586,1797,9.0,0.2508470118045807,982,82,36,54
1318,59.902773276540586,1797,9.0,0.41899222135543823,521,158,18,30
1383,59.902773276540586,1797,2.0,0.4725719690322876,666,886,182,192
1399,59.902773276540586,1797,2.0,0.727400541305542,443,534,81,84
1403,59.902773276540586,1797,2.0,0.23167788982391357,797,318,60,42
1410,59.902773276540586,1797,2.0,0.5806463360786438,349,376,50,47
1418,59.902773276540586,1797,2.0,0.6445522904396057,398,334,61,50
1438,59.902773276540586,1797,2.0,0.6846193671226501,1198,481,111,60
1452,59.902773276540586,1797,2.0,0.43208935856819153,294,1045,223,66
1453,59.902773276540586,1797,2.0,0.47737357020378113,263,260,35,29
7,59.93610815315524,1798,9.0,0.24985653162002563,982,82,35,54
1318,59.93610815315524,1798,9.0,0.4403056800365448,521,158,18,30
1383,59.93610815315524,1798,2.0,0.5866284966468811,687,910,212,202
1399,59.93610815315524,1798,2.0,0.7305028438568115,448,541,83,85
1403,59.93610815315524,1798,2.0,0.40124666690826416,791,314,61,44
1410,59.93610815315524,1798,2.0,0.4800737500190735,350,380,51,46
1418,59.93610815315524,1798,2.0,0.4342574179172516,401,338,63,51
1438,59.93610815315524,1798,2.0,0.6679608225822449,1183,474,106,59
1452,59.93610815315524,1798,2.0,0.5151234865188599,311,1044,217,65
1453,59.93610815315524,1798,2.0,0.6016852259635925,265,261,32,29
7,59.9694430297699,1799,9.0,0.24504053592681885,982,82,37,53
1318,59.9694430297699,1799,9.0,0.43076345324516296,521,158,18,30
1383,59.9694430297699,1799,2.0,0.7086986899375916,697,934,218,210
1399,59.9694430297699,1799,2.0,0.7958484292030334,452,550,84,87
1403,59.9694430297699,1799,2.0,0.37470242381095886,786,312,58,43
1410,59.9694430297699,1799,2.0,0.6127299666404724,352,383,52,46
1418,59.9694430297699,1799,2.0,0.579860270023346,405,343,59,51
1438,59.9694430297699,1799,2.0,0.7318515181541443,1166,468,107,57
1452,59.9694430297699,1799,2.0,0.5539344549179077,324,1044,204,66
1453,59.9694430297699,1799,2.0,0.5868338346481323,266,262,32,31
