id,time,frame_num,class,conf,x,y,w,h
1,0.0,0,2.0,0.693098247051239,734,576,133,68
2,0.0,0,2.0,0.539497435092926,251,458,88,50
3,0.0,0,2.0,0.3884551525115967,1562,276,47,44
1,0.06689141381296568,1,2.0,0.693098247051239,734,576,133,68
2,0.06689141381296568,1,2.0,0.539497435092926,251,458,88,50
3,0.06689141381296568,1,2.0,0.3884551525115967,1562,276,47,44
1,0.13378282762593136,2,2.0,0.6094841957092285,756,564,134,70
2,0.13378282762593136,2,2.0,0.6461539268493652,233,463,91,53
3,0.13378282762593136,2,2.0,0.36806294322013855,1564,276,47,45
1,0.20067424143889703,3,2.0,0.6196962594985962,772,551,112,67
2,0.20067424143889703,3,2.0,0.6670116782188416,213,470,95,53
3,0.20067424143889703,3,2.0,0.27486979961395264,1567,273,46,44
1,0.2675656552518627,4,2.0,0.6026989221572876,794,536,105,64
2,0.2675656552518627,4,2.0,0.6265964508056641,190,477,97,54
3,0.2675656552518627,4,2.0,0.4082184433937073,1568,271,46,42
1,0.3344570690648284,5,2.0,0.6903126835823059,812,524,90,60
2,0.3344570690648284,5,2.0,0.5646170973777771,165,485,99,54
3,0.3344570690648284,5,2.0,0.41582033038139343,1569,270,46,40
1,0.40134848287779407,6,2.0,0.6781705021858215,836,512,97,58
2,0.40134848287779407,6,2.0,0.6839934587478638,140,493,98,55
3,0.40134848287779407,6,2.0,0.45103931427001953,1570,269,50,40
1,0.46823989669075977,7,2.0,0.683028519153595,858,502,99,57
2,0.46823989669075977,7,2.0,0.432033896446228,115,501,102,55
3,0.46823989669075977,7,2.0,0.4886660873889923,1570,268,52,39
7,0.46823989669075977,7,2.0,0.7424588799476624,92,834,185,112
1,0.5351313105037254,8,2.0,0.650719165802002,878,490,98,54
2,0.5351313105037254,8,2.0,0.5912526845932007,89,509,111,59
3,0.5351313105037254,8,2.0,0.4431607723236084,1570,269,53,38
7,0.5351313105037254,8,2.0,0.7782878279685974,136,807,198,109
1,0.6020227243166911,9,2.0,0.6161952018737793,892,480,86,52
2,0.6020227243166911,9,2.0,0.49695637822151184,62,517,114,62
3,0.6020227243166911,9,2.0,0.3542923331260681,1569,268,53,37
7,0.6020227243166911,9,2.0,0.7479909658432007,201,772,190,104
9,0.6020227243166911,9,2.0,0.8425514101982117,313,812,185,111
1,0.6689141381296568,10,2.0,0.6059600710868835,910,471,91,54
2,0.6689141381296568,10,2.0,0.4025992155075073,45,528,90,59
3,0.6689141381296568,10,2.0,0.3939971327781677,1570,267,55,35
7,0.6689141381296568,10,2.0,0.75847327709198,265,740,176,94
1,0.7358055519426224,11,2.0,0.643006443977356,930,463,99,51
3,0.7358055519426224,11,2.0,0.5334935784339905,1572,266,59,36
7,0.7358055519426224,11,2.0,0.8389568328857422,326,713,169,91
10,0.7358055519426224,11,2.0,0.7585502862930298,414,760,170,99
1,0.8026969657555881,12,2.0,0.700742244720459,940,454,88,49
3,0.8026969657555881,12,2.0,0.42685139179229736,1573,267,62,35
7,0.8026969657555881,12,2.0,0.7099329829216003,381,687,161,85
10,0.8026969657555881,12,2.0,0.7583510875701904,471,736,189,96
1,0.8695883795685538,13,2.0,0.6310815811157227,956,444,91,48
3,0.8695883795685538,13,2.0,0.5210056900978088,1574,268,61,35
7,0.8695883795685538,13,2.0,0.819004476070404,429,663,153,81
10,0.8695883795685538,13,2.0,0.7193647623062134,501,711,156,92
1,0.9364797933815195,14,2.0,0.7727755904197693,969,437,89,47
3,0.9364797933815195,14,2.0,0.3892460763454437,1575,267,60,34
7,0.9364797933815195,14,2.0,0.6821601390838623,473,642,145,75
10,0.9364797933815195,14,2.0,0.751826286315918,543,688,143,88
1,1.0033712071944851,15,2.0,0.7646285891532898,977,430,77,45
3,1.0033712071944851,15,2.0,0.39159658551216125,1575,267,60,33
7,1.0033712071944851,15,2.0,0.761533260345459,514,620,136,73
10,1.0033712071944851,15,2.0,0.6173355579376221,580,669,134,79
1,1.0702626210074508,16,2.0,0.6442406177520752,987,422,72,45
3,1.0702626210074508,16,2.0,0.3385493755340576,1574,266,60,31
7,1.0702626210074508,16,2.0,0.6488610506057739,552,602,129,71
10,1.0702626210074508,16,2.0,0.690062403678894,611,650,122,76
1,1.1371540348204165,17,2.0,0.6939868330955505,996,414,69,43
3,1.1371540348204165,17,2.0,0.23339499533176422,1575,264,61,33
7,1.1371540348204165,17,2.0,0.720989465713501,589,583,124,69
10,1.1371540348204165,17,2.0,0.6800607442855835,650,631,135,73
1,1.2040454486333823,18,2.0,0.6222954988479614,1009,407,70,42
3,1.2040454486333823,18,2.0,0.29377496242523193,1574,263,58,32
7,1.2040454486333823,18,2.0,0.655289888381958,623,567,116,65
10,1.2040454486333823,18,2.0,0.46746280789375305,678,614,120,68
1,1.270936862446348,19,2.0,0.6877989768981934,1019,402,63,42
3,1.270936862446348,19,2.0,0.26248204708099365,1575,262,58,32
7,1.270936862446348,19,2.0,0.64976966381073,652,551,111,63
10,1.270936862446348,19,2.0,0.6587435007095337,716,596,133,69
1,1.3378282762593137,20,2.0,0.6276643872261047,1030,395,64,41
3,1.3378282762593137,20,2.0,0.24201349914073944,1575,261,57,31
7,1.3378282762593137,20,2.0,0.6578308939933777,683,537,110,61
10,1.3378282762593137,20,2.0,0.42590343952178955,737,581,119,69
1,1.4047196900722794,21,2.0,0.6951727867126465,1039,388,66,41
7,1.4047196900722794,21,2.0,0.6941668391227722,710,521,105,62
10,1.4047196900722794,21,2.0,0.5280542969703674,759,566,110,66
1,1.4716111038852449,22,2.0,0.718043863773346,1047,384,65,42
7,1.4716111038852449,22,2.0,0.5725057125091553,736,508,98,59
10,1.4716111038852449,22,2.0,0.4302665889263153,778,551,98,66
1,1.5385025176982106,23,2.0,0.6454814076423645,1058,378,69,40
7,1.5385025176982106,23,2.0,0.6665834784507751,759,496,92,56
10,1.5385025176982106,23,2.0,0.5804799795150757,800,539,94,64
1,1.6053939315111763,24,2.0,0.7662909030914307,1066,372,67,39
7,1.6053939315111763,24,2.0,0.5528417229652405,783,484,91,51
10,1.6053939315111763,24,2.0,0.47579702734947205,819,526,90,60
3,1.6053939315111763,24,2.0,0.26905953884124756,1577,260,52,29
1,1.672285345324142,25,2.0,0.7440177202224731,1070,366,63,39
7,1.672285345324142,25,2.0,0.6236293911933899,804,473,88,55
10,1.672285345324142,25,2.0,0.5661492347717285,851,515,107,59
3,1.672285345324142,25,2.0,0.18414358794689178,1577,259,51,28
1,1.7391767591371077,26,2.0,0.6552172899246216,1076,362,60,39
7,1.7391767591371077,26,2.0,0.6124065518379211,823,463,80,50
10,1.7391767591371077,26,2.0,0.4644105136394501,865,503,97,58
3,1.7391767591371077,26,2.0,0.28841954469680786,1578,259,52,28
1,1.8060681729500734,27,2.0,0.6282508969306946,1083,356,56,37
7,1.8060681729500734,27,2.0,0.5130800008773804,842,455,82,45
10,1.8060681729500734,27,2.0,0.39564621448516846,880,492,88,58
3,1.8060681729500734,27,2.0,0.1892026960849762,1573,259,41,27
1,1.872959586763039,28,2.0,0.623708188533783,1092,352,56,36
7,1.872959586763039,28,2.0,0.5880752801895142,859,443,79,48
10,1.872959586763039,28,2.0,0.4450727701187134,903,483,98,54
3,1.872959586763039,28,2.0,0.2805224359035492,1575,258,44,26
1,1.9398510005760048,29,2.0,0.6216869354248047,1099,347,55,36
7,1.9398510005760048,29,2.0,0.6809256672859192,877,435,77,45
10,1.9398510005760048,29,2.0,0.37340644001960754,921,474,104,58
3,1.9398510005760048,29,2.0,0.16521409153938293,1573,258,39,24
1,2.0067424143889703,30,2.0,0.5420567989349365,1104,343,53,35
7,2.0067424143889703,30,2.0,0.5694250464439392,893,428,75,45
10,2.0067424143889703,30,2.0,0.4837358295917511,935,464,98,54
3,2.0067424143889703,30,2.0,0.20564806461334229,1573,258,38,24
1,2.073633828201936,31,2.0,0.5909652709960938,1109,339,51,37
7,2.073633828201936,31,2.0,0.4762704074382782,903,420,70,44
3,2.073633828201936,31,2.0,0.2936364412307739,1571,257,35,24
1,2.1405252420149017,32,2.0,0.6443547010421753,1113,335,50,34
7,2.1405252420149017,32,2.0,0.6515060067176819,920,412,70,42
3,2.1405252420149017,32,2.0,0.359193354845047,1572,257,36,23
24,2.1405252420149017,32,2.0,0.4708879590034485,948,446,77,60
1,2.2074166558278674,33,2.0,0.5556273460388184,1118,330,49,31
7,2.2074166558278674,33,2.0,0.36192044615745544,932,402,62,40
24,2.2074166558278674,33,2.0,0.42821401357650757,960,438,89,61
1,2.274308069640833,34,2.0,0.5552327036857605,1125,325,50,30
7,2.274308069640833,34,2.0,0.5386367440223694,943,398,64,37
24,2.274308069640833,34,2.0,0.4770987629890442,973,433,78,52
1,2.341199483453799,35,2.0,0.2918839752674103,1128,320,53,33
7,2.341199483453799,35,2.0,0.4689267575740814,956,389,59,35
24,2.341199483453799,35,2.0,0.4767017364501953,979,421,87,57
1,2.4080908972667645,36,2.0,0.46465009450912476,1134,316,48,34
7,2.4080908972667645,36,2.0,0.6259373426437378,968,383,58,38
1,2.47498231107973,37,2.0,0.33832070231437683,1139,313,45,32
24,2.47498231107973,37,2.0,0.4704788029193878,1011,412,85,49
1,2.541873724892696,38,2.0,0.33189982175827026,1143,310,45,30
24,2.541873724892696,38,2.0,0.6176135540008545,1022,406,72,44
1,2.6087651387056616,39,2.0,0.38190412521362305,1146,307,42,28
24,2.6087651387056616,39,2.0,0.44694066047668457,1029,399,63,38
1,2.6756565525186273,40,2.0,0.3908828794956207,1151,305,45,27
24,2.6756565525186273,40,2.0,0.3959641456604004,1040,393,72,41
1,2.742547966331593,41,2.0,0.18896141648292542,1155,300,48,29
24,2.742547966331593,41,2.0,0.47343990206718445,1049,388,69,40
1,2.8094393801445587,42,2.0,0.13705284893512726,1159,298,49,28
24,2.8094393801445587,42,2.0,0.4168388247489929,1052,381,63,42
1,2.876330793957524,43,2.0,0.29272815585136414,1162,296,47,27
24,2.876330793957524,43,2.0,0.4536747634410858,1061,375,65,41
1,2.9432222077704897,44,2.0,0.23917819559574127,1164,292,42,27
24,2.9432222077704897,44,2.0,0.41109517216682434,1065,370,69,40
1,3.0101136215834554,45,2.0,0.14466163516044617,1168,288,38,25
24,3.0101136215834554,45,2.0,0.5496566295623779,1073,365,69,42
1,3.077005035396421,46,2.0,0.146648108959198,1171,285,34,24
24,3.077005035396421,46,2.0,0.29154548048973083,1078,357,70,44
53,3.077005035396421,46,2.0,0.3839947283267975,1736,222,72,32
1,3.143896449209387,47,2.0,0.11390577256679535,1173,283,33,23
24,3.143896449209387,47,2.0,0.15824611485004425,1085,348,66,54
53,3.143896449209387,47,2.0,0.4342461824417114,1740,222,71,32
24,3.2107878630223525,48,2.0,0.14016535878181458,1091,345,59,49
53,3.2107878630223525,48,2.0,0.2978096604347229,1747,222,67,31
24,3.2776792768353182,49,2.0,0.2167118340730667,1101,343,54,41
53,3.2776792768353182,49,2.0,0.25526389479637146,1751,221,65,31
24,3.344570690648284,50,2.0,0.34638452529907227,1105,340,50,40
53,3.344570690648284,50,2.0,0.3563103675842285,1755,221,68,30
24,3.4114621044612496,51,2.0,0.2129395455121994,1111,337,49,37
53,3.4114621044612496,51,2.0,0.23744121193885803,1759,222,68,31
24,3.4783535182742154,52,2.0,0.21628734469413757,1115,330,45,35
53,3.4783535182742154,52,2.0,0.2872745096683502,1762,221,70,31
24,3.545244932087181,53,2.0,0.35125434398651123,1120,329,47,32
53,3.545244932087181,53,2.0,0.4105716049671173,1768,223,73,31
53,3.6121363459001468,54,2.0,0.35353147983551025,1772,222,69,30
53,3.6790277597131125,55,2.0,0.47364845871925354,1776,222,69,29
68,3.6790277597131125,55,2.0,0.45824357867240906,524,361,64,40
53,3.745919173526078,56,2.0,0.4770243167877197,1780,222,70,30
68,3.745919173526078,56,2.0,0.2200440913438797,514,363,64,40
53,3.812810587339044,57,7.0,0.18072332441806793,1785,221,68,30
53,3.8797020011520096,58,2.0,0.3944551646709442,1789,222,73,29
53,3.9465934149649753,59,2.0,0.3146838843822479,1795,222,73,31
53,4.0134848287779405,60,2.0,0.2271207869052887,1799,221,71,31
53,4.080376242590907,61,2.0,0.24875153601169586,1804,222,73,32
53,4.147267656403872,62,7.0,0.19525578618049622,1809,223,74,32
53,4.214159070216838,63,2.0,0.3531813621520996,1812,221,75,33
77,4.214159070216838,63,2.0,0.46808868646621704,448,384,77,44
53,4.281050484029803,64,2.0,0.3242686092853546,1817,223,77,34
77,4.281050484029803,64,2.0,0.42076876759529114,439,388,80,48
53,4.3479418978427695,65,2.0,0.23404967784881592,1822,221,74,32
77,4.3479418978427695,65,2.0,0.38458752632141113,426,393,84,45
81,4.3479418978427695,65,2.0,0.8383248448371887,120,815,217,125
53,4.414833311655735,66,2.0,0.17758651077747345,1826,221,71,30
77,4.414833311655735,66,2.0,0.3100164830684662,412,398,79,43
81,4.414833311655735,66,2.0,0.8290985226631165,178,784,207,116
53,4.481724725468701,67,7.0,0.1557679921388626,1830,221,70,29
77,4.481724725468701,67,2.0,0.3343784213066101,399,402,81,45
81,4.481724725468701,67,2.0,0.7844251394271851,252,747,190,104
77,4.548616139281666,68,2.0,0.31042036414146423,386,407,81,47
81,4.548616139281666,68,2.0,0.8185097575187683,318,716,174,99
77,4.6155075530946315,69,2.0,0.2975096106529236,373,409,86,49
81,4.6155075530946315,69,2.0,0.7993265390396118,376,687,163,95
77,4.682398966907598,70,2.0,0.5263011455535889,358,414,88,51
81,4.682398966907598,70,2.0,0.8029371500015259,431,663,153,88
77,4.749290380720563,71,2.0,0.5629460215568542,344,418,88,48
81,4.749290380720563,71,2.0,0.7643691897392273,479,637,143,84
77,4.816181794533529,72,2.0,0.5629873275756836,328,424,94,50
81,4.816181794533529,72,2.0,0.7702528834342957,524,615,133,78
77,4.883073208346494,73,2.0,0.526699423789978,313,429,95,52
81,4.883073208346494,73,2.0,0.750622570514679,566,594,127,72
77,4.94996462215946,74,2.0,0.597924530506134,299,432,94,53
81,4.94996462215946,74,2.0,0.6908901333808899,603,573,125,72
108,4.94996462215946,74,2.0,0.7609597444534302,824,527,129,67
77,5.016856035972426,75,2.0,0.6390262246131897,285,435,93,55
81,5.016856035972426,75,2.0,0.7167507410049438,637,557,116,70
108,5.016856035972426,75,2.0,0.6797332763671875,843,514,111,62
77,5.083747449785392,76,2.0,0.5227011442184448,272,441,97,53
81,5.083747449785392,76,2.0,0.8016887903213501,670,541,108,66
108,5.083747449785392,76,2.0,0.6393454074859619,865,498,95,59
77,5.150638863598357,77,2.0,0.441111296415329,255,447,97,56
81,5.150638863598357,77,2.0,0.6494070887565613,700,525,102,65
108,5.150638863598357,77,2.0,0.5692961812019348,892,483,95,57
77,5.217530277411323,78,2.0,0.4270240068435669,236,452,97,55
81,5.217530277411323,78,2.0,0.6724428534507751,728,511,100,61
108,5.217530277411323,78,2.0,0.6542288661003113,914,470,87,55
77,5.2844216912242885,79,2.0,0.4573599100112915,217,457,100,56
81,5.2844216912242885,79,2.0,0.58106929063797,756,497,96,59
108,5.2844216912242885,79,2.0,0.7133532166481018,935,458,87,53
77,5.351313105037255,80,2.0,0.6753407120704651,200,462,106,57
81,5.351313105037255,80,2.0,0.5724408030509949,780,485,93,57
108,5.351313105037255,80,2.0,0.7698224186897278,953,446,84,53
126,5.351313105037255,80,2.0,0.5084561109542847,472,383,69,41
77,5.41820451885022,81,2.0,0.6961855292320251,182,467,104,57
81,5.41820451885022,81,2.0,0.536882758140564,803,472,90,57
108,5.41820451885022,81,2.0,0.6093264222145081,969,435,81,50
126,5.41820451885022,81,2.0,0.3891855478286743,461,387,67,38
77,5.485095932663186,82,2.0,0.7296432256698608,163,474,106,57
81,5.485095932663186,82,2.0,0.5750761032104492,825,460,90,55
108,5.485095932663186,82,2.0,0.5283893942832947,984,426,74,49
126,5.485095932663186,82,2.0,0.21380329132080078,450,390,71,42
77,5.551987346476151,83,2.0,0.6130580306053162,142,480,109,58
81,5.551987346476151,83,2.0,0.18848758935928345,846,450,85,52
108,5.551987346476151,83,2.0,0.7097579836845398,999,415,73,46
126,5.551987346476151,83,2.0,0.6076017618179321,437,396,72,41
77,5.6188787602891175,84,2.0,0.5897417664527893,123,485,111,58
81,5.6188787602891175,84,2.0,0.664577066898346,865,441,86,50
108,5.6188787602891175,84,2.0,0.6206023097038269,1014,406,74,46
126,5.6188787602891175,84,2.0,0.48926255106925964,425,400,80,40
135,5.6188787602891175,84,2.0,0.42444831132888794,920,225,62,48
77,5.685770174102083,85,2.0,0.4545615613460541,103,490,114,64
81,5.685770174102083,85,2.0,0.6195009350776672,882,431,79,49
108,5.685770174102083,85,2.0,0.5864881277084351,1026,398,66,44
126,5.685770174102083,85,2.0,0.37093207240104675,411,406,78,42
135,5.685770174102083,85,2.0,0.23534375429153442,917,227,61,49
77,5.752661587915048,86,2.0,0.632257342338562,82,498,120,63
81,5.752661587915048,86,2.0,0.4563872814178467,904,421,90,49
108,5.752661587915048,86,2.0,0.5804298520088196,1041,390,72,45
126,5.752661587915048,86,2.0,0.5365903973579407,398,409,75,43
135,5.752661587915048,86,2.0,0.24389788508415222,912,228,61,50
140,5.752661587915048,86,2.0,0.6554751396179199,500,420,77,49
77,5.819553001728014,87,2.0,0.4979359805583954,60,505,118,63
81,5.819553001728014,87,2.0,0.5580821633338928,919,412,78,46
108,5.819553001728014,87,2.0,0.7043504118919373,1052,383,69,43
126,5.819553001728014,87,2.0,0.306453675031662,385,414,76,41
135,5.819553001728014,87,2.0,0.3514021337032318,909,231,58,49
77,5.886444415540979,88,2.0,0.4878346621990204,49,511,99,61
81,5.886444415540979,88,2.0,0.5080294609069824,931,406,69,43
108,5.886444415540979,88,2.0,0.6213091611862183,1062,375,68,41
126,5.886444415540979,88,2.0,0.49817657470703125,366,420,69,41
135,5.886444415540979,88,2.0,0.4125405550003052,906,234,61,49
77,5.953335829353946,89,2.0,0.5128552913665771,40,515,80,59
81,5.953335829353946,89,2.0,0.5317213535308838,949,398,77,44
108,5.953335829353946,89,2.0,0.6576262712478638,1071,367,66,40
126,5.953335829353946,89,2.0,0.47943177819252014,355,423,79,41
135,5.953335829353946,89,2.0,0.4069961905479431,902,235,64,50
81,6.020227243166911,90,2.0,0.5115693211555481,959,388,68,42
108,6.020227243166911,90,2.0,0.5129842162132263,1080,361,62,40
126,6.020227243166911,90,2.0,0.3720352053642273,342,429,82,45
135,6.020227243166911,90,2.0,0.42185768485069275,897,237,66,50
81,6.087118656979877,91,2.0,0.6481184363365173,969,382,65,41
108,6.087118656979877,91,2.0,0.6496390104293823,1090,354,60,38
126,6.087118656979877,91,2.0,0.321340411901474,327,432,84,47
135,6.087118656979877,91,2.0,0.37570422887802124,895,240,70,50
81,6.154010070792842,92,2.0,0.3892733156681061,983,373,64,42
108,6.154010070792842,92,2.0,0.5601732134819031,1099,348,59,39
126,6.154010070792842,92,2.0,0.2696235477924347,310,438,86,45
135,6.154010070792842,92,2.0,0.24302013218402863,890,241,72,52
81,6.220901484605808,93,2.0,0.3735155463218689,994,367,70,43
108,6.220901484605808,93,2.0,0.6747344136238098,1104,342,54,39
126,6.220901484605808,93,2.0,0.416692316532135,296,442,89,49
135,6.220901484605808,93,2.0,0.3646030128002167,885,243,73,52
81,6.287792898418774,94,2.0,0.5781648755073547,1012,372,73,59
108,6.287792898418774,94,2.0,0.6278008222579956,1112,338,54,38
126,6.287792898418774,94,2.0,0.35823532938957214,281,448,91,50
81,6.35468431223174,95,2.0,0.3441146910190582,1026,369,74,64
108,6.35468431223174,95,2.0,0.5728128552436829,1119,331,51,33
126,6.35468431223174,95,2.0,0.4588286280632019,265,453,92,50
135,6.35468431223174,95,2.0,0.2842169404029846,876,245,75,51
81,6.421575726044705,96,2.0,0.5120874047279358,1037,365,74,63
108,6.421575726044705,96,2.0,0.5071494579315186,1126,324,51,35
126,6.421575726044705,96,2.0,0.5959627032279968,247,459,93,53
135,6.421575726044705,96,2.0,0.4803812801837921,872,249,78,52
81,6.488467139857671,97,2.0,0.3455796241760254,1055,365,76,55
108,6.488467139857671,97,2.0,0.34781309962272644,1130,319,45,33
126,6.488467139857671,97,2.0,0.5447571873664856,230,464,95,53
135,6.488467139857671,97,2.0,0.4325830042362213,867,252,80,55
81,6.5553585536706365,98,2.0,0.31685003638267517,1063,357,72,54
108,6.5553585536706365,98,2.0,0.30952510237693787,1137,315,46,34
126,6.5553585536706365,98,2.0,0.5614200234413147,210,469,98,55
135,6.5553585536706365,98,2.0,0.3406025767326355,863,253,82,58
81,6.622249967483603,99,2.0,0.181374192237854,1073,354,58,49
108,6.622249967483603,99,2.0,0.22662696242332458,1141,311,40,31
126,6.622249967483603,99,2.0,0.5318196415901184,194,475,102,56
135,6.622249967483603,99,2.0,0.5582308173179626,856,256,86,59
81,6.689141381296568,100,2.0,0.5189985632896423,1072,341,72,54
108,6.689141381296568,100,2.0,0.2953702211380005,1146,306,43,30
126,6.689141381296568,100,2.0,0.5395196676254272,172,481,102,56
135,6.689141381296568,100,2.0,0.3794109523296356,850,258,86,59
81,6.756032795109534,101,2.0,0.4240444302558899,1080,338,70,50
126,6.756032795109534,101,2.0,0.5610281229019165,150,487,105,57
135,6.756032795109534,101,2.0,0.24849733710289001,844,260,86,58
126,6.822924208922499,102,2.0,0.4590827524662018,129,494,107,59
135,6.822924208922499,102,6.0,0.14803069829940796,837,263,90,61
126,6.8898156227354646,103,2.0,0.452574223279953,106,501,113,59
135,6.8898156227354646,103,7.0,0.25137749314308167,833,266,95,63
126,6.956707036548431,104,2.0,0.49250349402427673,83,508,116,60
135,6.956707036548431,104,7.0,0.27237841486930847,826,267,92,63
126,7.023598450361396,105,2.0,0.45218345522880554,61,513,117,64
135,7.023598450361396,105,7.0,0.3201616704463959,819,270,96,65
126,7.090489864174362,106,2.0,0.6486141681671143,47,522,95,64
135,7.090489864174362,106,2.0,0.5042704939842224,812,274,100,68
126,7.157381277987327,107,2.0,0.5569533705711365,34,529,69,58
135,7.157381277987327,107,2.0,0.44184187054634094,807,275,103,70
126,7.2242726918002935,108,2.0,0.47610175609588623,22,534,44,53
135,7.2242726918002935,108,2.0,0.6263163685798645,800,278,104,72
135,7.291164105613259,109,2.0,0.4649812579154968,793,281,105,70
135,7.358055519426225,110,2.0,0.4061892032623291,784,284,106,73
135,7.42494693323919,111,6.0,0.3110290467739105,779,285,110,74
135,7.491838347052156,112,6.0,0.31753143668174744,772,288,115,72
135,7.558729760865122,113,2.0,0.35312730073928833,765,293,120,73
135,7.625621174678088,114,2.0,0.466152548789978,757,297,121,74
135,7.692512588491053,115,7.0,0.20538772642612457,747,299,121,77
135,7.759404002304019,116,2.0,0.2552226185798645,739,303,125,81
135,7.826295416116984,117,2.0,0.5417386293411255,729,306,129,82
135,7.893186829929951,118,2.0,0.6515560150146484,720,308,132,81
135,7.960078243742916,119,2.0,0.6764202117919922,711,313,135,85
135,8.026969657555881,120,2.0,0.5229509472846985,701,318,138,86
135,8.093861071368847,121,7.0,0.45767754316329956,691,319,141,88
135,8.160752485181813,122,2.0,0.6026440858840942,681,323,146,88
135,8.227643898994778,123,2.0,0.5109521746635437,669,326,147,90
135,8.294535312807744,124,2.0,0.3865289092063904,660,331,151,92
135,8.36142672662071,125,6.0,0.3981868028640747,647,335,158,98
135,8.428318140433676,126,7.0,0.34711015224456787,636,338,161,100
135,8.49520955424664,127,7.0,0.18578745424747467,623,340,164,102
135,8.562100968059607,128,7.0,0.1936110556125641,614,342,165,101
135,8.628992381872573,129,6.0,0.33155500888824463,600,350,180,107
135,8.695883795685539,130,7.0,0.17342637479305267,586,358,187,105
135,8.762775209498503,131,7.0,0.3404143154621124,571,364,193,105
135,8.82966662331147,132,7.0,0.35982510447502136,556,368,197,110
135,8.896558037124436,133,7.0,0.33264246582984924,541,373,204,114
135,8.963449450937402,134,6.0,0.6621469259262085,524,376,211,122
135,9.030340864750366,135,7.0,0.33124837279319763,510,381,218,125
135,9.097232278563332,136,7.0,0.3515127897262573,495,384,226,133
135,9.164123692376299,137,6.0,0.5056471824645996,479,390,238,139
135,9.231015106189263,138,7.0,0.40689143538475037,462,395,246,139
135,9.297906520002229,139,6.0,0.5107905864715576,449,399,262,143
135,9.364797933815195,140,6.0,0.5873972773551941,440,405,289,155
135,9.431689347628161,141,7.0,0.3122483491897583,413,415,279,150
135,9.498580761441126,142,6.0,0.5268216133117676,402,418,314,162
135,9.565472175254092,143,7.0,0.5783772468566895,368,432,299,150
135,9.632363589067058,144,7.0,0.6830504536628723,338,439,296,150
135,9.699255002880024,145,7.0,0.2730230391025543,314,448,303,150
135,9.766146416692989,146,7.0,0.4502113461494446,289,456,315,155
135,9.833037830505955,147,7.0,0.7577117085456848,263,464,327,161
135,9.89992924431892,148,7.0,0.8163532614707947,236,473,341,167
210,9.89992924431892,148,2.0,0.5205296277999878,482,375,74,42
135,9.966820658131887,149,7.0,0.7835983037948608,208,482,351,170
210,9.966820658131887,149,2.0,0.5106762051582336,473,377,76,45
135,10.033712071944851,150,6.0,0.5813741087913513,184,491,360,180
210,10.033712071944851,150,2.0,0.4788343906402588,463,381,79,49
135,10.100603485757818,151,6.0,0.4588928520679474,169,500,339,185
210,10.100603485757818,151,2.0,0.2594251036643982,452,383,80,52
135,10.167494899570784,152,6.0,0.4944629967212677,157,502,314,177
210,10.167494899570784,152,2.0,0.210045725107193,441,388,83,48
135,10.234386313383748,153,6.0,0.6581857800483704,145,507,291,172
210,10.234386313383748,153,2.0,0.24325740337371826,428,391,86,50
135,10.301277727196714,154,6.0,0.6807018518447876,132,506,265,159
210,10.301277727196714,154,2.0,0.37051448225975037,417,396,85,51
210,10.36816914100968,155,2.0,0.36013051867485046,403,401,85,50
210,10.435060554822646,156,2.0,0.28735125064849854,393,404,85,51
210,10.50195196863561,157,2.0,0.14666827023029327,380,408,89,52
210,10.568843382448577,158,2.0,0.35969114303588867,367,413,95,54
220,10.568843382448577,158,7.0,0.5270994901657104,1353,813,227,298
210,10.635734796261543,159,2.0,0.44084322452545166,353,417,94,54
220,10.635734796261543,159,7.0,0.4524206519126892,1369,787,220,283
223,10.635734796261543,159,7.0,0.4368238151073456,61,522,123,95
210,10.70262621007451,160,2.0,0.5194017887115479,339,422,96,56
220,10.70262621007451,160,7.0,0.43585205078125,1383,759,204,268
223,10.70262621007451,160,2.0,0.38190028071403503,42,529,85,95
210,10.769517623887474,161,2.0,0.5981900691986084,325,427,94,56
220,10.769517623887474,161,7.0,0.5704982280731201,1396,735,196,256
223,10.769517623887474,161,2.0,0.41606682538986206,21,539,43,80
210,10.83640903770044,162,2.0,0.49205702543258667,311,432,99,57
220,10.83640903770044,162,7.0,0.5460072755813599,1408,716,184,249
227,10.83640903770044,162,6.0,0.41489559412002563,1406,719,186,252
210,10.903300451513406,163,2.0,0.6467764377593994,292,437,97,60
220,10.903300451513406,163,7.0,0.5704038143157959,1417,691,174,236
210,10.970191865326372,164,2.0,0.4902949929237366,278,442,100,62
220,10.970191865326372,164,7.0,0.4361911416053772,1427,669,163,218
210,11.037083279139337,165,2.0,0.4638272523880005,262,447,102,64
220,11.037083279139337,165,7.0,0.6425529718399048,1435,653,156,215
210,11.103974692952303,166,2.0,0.6125645041465759,244,454,106,63
220,11.103974692952303,166,7.0,0.6148166656494141,1441,639,144,210
210,11.170866106765269,167,2.0,0.6564739346504211,227,459,111,62
220,11.170866106765269,167,7.0,0.7069024443626404,1447,623,136,203
210,11.237757520578235,168,2.0,0.6651074886322021,208,463,112,64
220,11.237757520578235,168,7.0,0.37045446038246155,1453,606,129,193
210,11.3046489343912,169,2.0,0.3908962905406952,190,469,113,66
220,11.3046489343912,169,7.0,0.3557449281215668,1462,592,131,186
210,11.371540348204165,170,2.0,0.5546106696128845,168,476,116,66
220,11.371540348204165,170,13.0,0.12510628998279572,1468,580,128,177
210,11.438431762017132,171,2.0,0.49824947118759155,149,483,120,67
210,11.505323175830096,172,2.0,0.5636278390884399,130,490,118,69
220,11.505323175830096,172,7.0,0.49131861329078674,1477,554,117,169
210,11.572214589643062,173,2.0,0.5322584509849548,105,496,127,72
220,11.572214589643062,173,7.0,0.3208325207233429,1482,543,116,163
210,11.639106003456028,174,2.0,0.6924289464950562,82,503,129,71
220,11.639106003456028,174,7.0,0.6060377359390259,1487,534,116,161
210,11.705997417268994,175,2.0,0.6851524114608765,63,511,125,73
220,11.705997417268994,175,7.0,0.34636446833610535,1489,524,111,156
210,11.772888831081959,176,2.0,0.6047598123550415,51,517,102,73
220,11.772888831081959,176,7.0,0.21049658954143524,1494,513,112,154
210,11.839780244894925,177,2.0,0.35523056983947754,40,521,80,67
220,11.839780244894925,177,7.0,0.24688036739826202,1500,506,106,151
210,11.906671658707891,178,2.0,0.5590168237686157,28,526,56,58
220,11.906671658707891,178,7.0,0.32735177874565125,1503,497,105,143
220,11.973563072520857,179,7.0,0.21875101327896118,1505,490,98,139
220,12.040454486333822,180,7.0,0.10607590526342392,1506,482,92,137
238,12.107345900146788,181,2.0,0.7727950215339661,109,827,218,122
238,12.174237313959754,182,2.0,0.8034563064575195,164,794,219,115
238,12.24112872777272,183,2.0,0.8195037841796875,236,758,207,109
238,12.308020141585684,184,2.0,0.8731947541236877,302,724,191,104
243,12.308020141585684,184,2.0,0.36066606640815735,655,293,80,57
238,12.37491155539865,185,2.0,0.7046619057655334,361,697,180,100
243,12.37491155539865,185,2.0,0.14837923645973206,653,294,77,56
238,12.441802969211617,186,2.0,0.7472652792930603,415,672,168,93
243,12.441802969211617,186,2.0,0.2818634808063507,648,295,66,56
238,12.508694383024581,187,2.0,0.7731595039367676,464,647,155,86
243,12.508694383024581,187,2.0,0.21703271567821503,647,296,64,56
238,12.575585796837547,188,2.0,0.7755732536315918,511,624,151,82
243,12.575585796837547,188,2.0,0.12781435251235962,645,297,64,56
238,12.642477210650513,189,2.0,0.7192176580429077,551,604,139,77
238,12.70936862446348,190,2.0,0.7592006325721741,589,585,135,73
255,12.70936862446348,190,2.0,0.6212900876998901,596,381,71,52
238,12.776260038276444,191,2.0,0.7796707153320312,625,568,127,68
255,12.776260038276444,191,2.0,0.5815572142601013,578,387,71,48
238,12.84315145208941,192,2.0,0.7191298604011536,660,550,122,68
255,12.84315145208941,192,2.0,0.6970444917678833,557,396,72,52
238,12.910042865902376,193,2.0,0.7130848169326782,699,534,132,66
255,12.910042865902376,193,2.0,0.5617795586585999,534,403,74,53
238,12.976934279715342,194,2.0,0.7642401456832886,722,519,114,64
255,12.976934279715342,194,2.0,0.6636934280395508,511,412,77,53
257,12.976934279715342,194,2.0,0.6030585169792175,1058,1000,203,140
238,13.043825693528307,195,2.0,0.6427165865898132,754,506,125,62
255,13.043825693528307,195,2.0,0.7295225858688354,489,422,77,55
257,13.043825693528307,195,2.0,0.7481004595756531,1087,974,179,150
238,13.110717107341273,196,2.0,0.7772742509841919,772,493,108,59
255,13.110717107341273,196,2.0,0.7116330862045288,464,427,81,57
257,13.110717107341273,196,2.0,0.7105965614318848,1119,934,163,147
238,13.177608521154239,197,2.0,0.736757755279541,805,481,116,57
255,13.177608521154239,197,2.0,0.6671525239944458,440,438,85,60
257,13.177608521154239,197,2.0,0.7988659739494324,1147,897,155,142
238,13.244499934967205,198,2.0,0.6961032152175903,819,468,99,55
255,13.244499934967205,198,2.0,0.7175230383872986,412,447,87,61
257,13.244499934967205,198,2.0,0.7431214451789856,1174,862,142,133
238,13.31139134878017,199,2.0,0.5469815731048584,841,458,98,51
255,13.31139134878017,199,2.0,0.6538659334182739,384,457,93,60
257,13.31139134878017,199,2.0,0.7026602029800415,1198,823,133,108
238,13.378282762593136,200,2.0,0.70149827003479,858,447,89,51
255,13.378282762593136,200,2.0,0.7254015207290649,354,468,97,63
257,13.378282762593136,200,2.0,0.8218987584114075,1219,798,127,109
238,13.445174176406102,201,2.0,0.6556336283683777,877,437,85,48
255,13.445174176406102,201,2.0,0.6458560228347778,323,479,100,66
257,13.445174176406102,201,2.0,0.6648807525634766,1238,772,119,104
277,13.445174176406102,201,2.0,0.5874899625778198,785,303,42,31
238,13.512065590219068,202,2.0,0.600452184677124,897,429,88,47
255,13.512065590219068,202,2.0,0.709723174571991,289,489,102,67
257,13.512065590219068,202,2.0,0.8036971092224121,1256,747,116,102
277,13.512065590219068,202,2.0,0.5082597136497498,782,305,44,32
238,13.578957004032032,203,2.0,0.7047886848449707,911,419,86,49
255,13.578957004032032,203,2.0,0.7283973097801208,254,501,109,69
257,13.578957004032032,203,2.0,0.734170138835907,1272,723,112,97
238,13.645848417844999,204,2.0,0.7556380033493042,930,412,87,45
255,13.645848417844999,204,2.0,0.6557791829109192,219,514,113,72
257,13.645848417844999,204,2.0,0.5973588228225708,1287,701,105,90
286,13.645848417844999,204,2.0,0.6685565710067749,1083,978,197,165
238,13.712739831657965,205,2.0,0.6351271867752075,940,405,72,44
255,13.712739831657965,205,2.0,0.7272774577140808,180,526,118,75
257,13.712739831657965,205,2.0,0.5474409461021423,1301,680,98,86
286,13.712739831657965,205,2.0,0.7429524064064026,1113,947,189,163
238,13.779631245470929,206,2.0,0.6071787476539612,952,395,73,44
255,13.779631245470929,206,2.0,0.6785799264907837,139,541,123,78
257,13.779631245470929,206,2.0,0.5400484204292297,1313,662,95,83
286,13.779631245470929,206,2.0,0.6555526852607727,1144,906,174,154
298,13.779631245470929,206,2.0,0.4264902174472809,543,356,48,33
238,13.846522659283895,207,2.0,0.496452659368515,967,388,71,42
255,13.846522659283895,207,2.0,0.6970342397689819,96,555,130,80
257,13.846522659283895,207,2.0,0.628199577331543,1325,645,93,79
286,13.846522659283895,207,2.0,0.6695868372917175,1173,871,163,143
238,13.913414073096861,208,2.0,0.6946032047271729,979,382,72,42
255,13.913414073096861,208,2.0,0.6568562984466553,59,570,118,81
257,13.913414073096861,208,2.0,0.5704299211502075,1336,627,87,76
286,13.913414073096861,208,2.0,0.640988826751709,1198,838,152,139
238,13.980305486909828,209,2.0,0.5277472138404846,992,374,73,39
257,13.980305486909828,209,2.0,0.33676376938819885,1346,612,83,73
286,13.980305486909828,209,2.0,0.7182050943374634,1220,808,143,127
238,14.047196900722792,210,2.0,0.6220719814300537,1000,368,68,41
257,14.047196900722792,210,2.0,0.37565386295318604,1355,596,83,71
286,14.047196900722792,210,2.0,0.7011980414390564,1239,780,138,118
238,14.114088314535758,211,2.0,0.5693525671958923,1013,362,68,40
257,14.114088314535758,211,2.0,0.34001675248146057,1364,581,79,68
286,14.114088314535758,211,2.0,0.6682253479957581,1258,754,129,112
238,14.180979728348724,212,2.0,0.6105459928512573,1019,358,63,38
257,14.180979728348724,212,2.0,0.21995848417282104,1373,569,76,66
286,14.180979728348724,212,2.0,0.530181884765625,1274,731,124,105
238,14.24787114216169,213,2.0,0.40469950437545776,1028,352,55,34
257,14.24787114216169,213,2.0,0.22306783497333527,1379,556,73,66
286,14.24787114216169,213,2.0,0.5426152348518372,1289,709,117,102
238,14.314762555974655,214,2.0,0.46326306462287903,1037,343,60,39
257,14.314762555974655,214,2.0,0.5771760940551758,1386,544,72,63
286,14.314762555974655,214,2.0,0.5293396711349487,1302,688,114,99
328,14.314762555974655,214,2.0,0.4214257597923279,477,380,63,41
238,14.381653969787621,215,2.0,0.47083044052124023,1047,338,57,36
257,14.381653969787621,215,2.0,0.23964586853981018,1393,533,68,62
286,14.381653969787621,215,2.0,0.5751057267189026,1315,670,108,92
328,14.381653969787621,215,2.0,0.3801407814025879,470,384,65,41
238,14.448545383600587,216,2.0,0.6140163540840149,1056,334,59,35
257,14.448545383600587,216,2.0,0.5055630207061768,1397,521,68,59
286,14.448545383600587,216,2.0,0.5978406071662903,1327,652,102,89
328,14.448545383600587,216,2.0,0.17246456444263458,459,387,67,43
333,14.448545383600587,216,2.0,0.7512587904930115,843,458,85,43
238,14.515436797413553,217,2.0,0.6112052202224731,1063,329,60,33
257,14.515436797413553,217,2.0,0.5444350242614746,1403,511,64,56
286,14.515436797413553,217,2.0,0.5956315398216248,1338,634,97,82
328,14.515436797413553,217,2.0,0.2722816467285156,449,390,75,45
333,14.515436797413553,217,2.0,0.5994283556938171,859,447,78,44
238,14.582328211226518,218,2.0,0.5473697781562805,1071,325,55,30
257,14.582328211226518,218,2.0,0.44582313299179077,1408,503,64,56
286,14.582328211226518,218,2.0,0.6575577855110168,1348,620,94,81
328,14.582328211226518,218,2.0,0.39683306217193604,437,394,72,44
333,14.582328211226518,218,2.0,0.7119375467300415,876,438,69,40
344,14.582328211226518,218,5.0,0.5784870386123657,165,862,330,276
238,14.649219625039484,219,2.0,0.47410687804222107,1078,319,56,35
257,14.649219625039484,219,2.0,0.4508601427078247,1414,493,58,55
286,14.649219625039484,219,2.0,0.6827144622802734,1357,603,90,80
328,14.649219625039484,219,2.0,0.33875763416290283,423,399,69,40
333,14.649219625039484,219,2.0,0.6916590929031372,893,428,71,37
344,14.649219625039484,219,7.0,0.4020949602127075,206,822,343,258
238,14.71611103885245,220,2.0,0.39024069905281067,1082,315,56,35
257,14.71611103885245,220,2.0,0.66236811876297,1419,484,60,53
286,14.71611103885245,220,2.0,0.6525156497955322,1366,588,88,77
328,14.71611103885245,220,2.0,0.39099258184432983,412,405,72,44
333,14.71611103885245,220,2.0,0.6571680903434753,912,418,72,41
344,14.71611103885245,220,7.0,0.6358336210250854,268,789,332,243
238,14.783002452665414,221,2.0,0.5054836869239807,1087,311,54,33
257,14.783002452665414,221,2.0,0.3346126079559326,1423,476,57,52
286,14.783002452665414,221,2.0,0.4318785071372986,1374,576,83,73
328,14.783002452665414,221,2.0,0.47072163224220276,402,408,76,46
333,14.783002452665414,221,2.0,0.697359561920166,930,412,70,39
344,14.783002452665414,221,5.0,0.6601759791374207,331,749,314,247
238,14.84989386647838,222,2.0,0.6323170065879822,1094,306,47,31
257,14.84989386647838,222,2.0,0.43601900339126587,1427,468,55,49
286,14.84989386647838,222,2.0,0.24669015407562256,1382,561,81,69
328,14.84989386647838,222,2.0,0.17619019746780396,390,413,73,43
333,14.84989386647838,222,2.0,0.7237856388092041,943,403,70,36
344,14.84989386647838,222,5.0,0.7413783073425293,390,714,299,244
238,14.916785280291347,223,2.0,0.47958987951278687,1100,303,47,27
257,14.916785280291347,223,2.0,0.5222207307815552,1430,460,53,49
286,14.916785280291347,223,2.0,0.489006370306015,1389,550,80,67
328,14.916785280291347,223,2.0,0.16499730944633484,378,414,81,46
333,14.916785280291347,223,2.0,0.601239025592804,957,393,66,37
344,14.916785280291347,223,5.0,0.39647749066352844,440,690,280,232
257,14.983676694104313,224,2.0,0.5212786197662354,1433,454,49,45
286,14.983676694104313,224,2.0,0.4227750599384308,1396,539,74,68
328,14.983676694104313,224,2.0,0.3084412217140198,364,420,76,45
333,14.983676694104313,224,2.0,0.7101654410362244,970,387,66,37
344,14.983676694104313,224,5.0,0.44891148805618286,500,666,283,222
257,15.050568107917277,225,2.0,0.29641193151474,1438,444,51,45
286,15.050568107917277,225,7.0,0.10933271795511246,1402,528,76,69
328,15.050568107917277,225,2.0,0.4302244782447815,350,423,79,47
333,15.050568107917277,225,2.0,0.6278560757637024,981,378,66,36
344,15.050568107917277,225,7.0,0.7322744727134705,535,643,254,212
238,15.050568107917277,225,2.0,0.4379122257232666,1110,294,54,31
257,15.117459521730243,226,2.0,0.499647855758667,1443,438,52,44
286,15.117459521730243,226,2.0,0.656482994556427,1408,518,74,64
328,15.117459521730243,226,2.0,0.5135477185249329,337,429,76,47
333,15.117459521730243,226,2.0,0.5740471482276917,991,373,62,33
344,15.117459521730243,226,5.0,0.49028488993644714,584,626,260,196
238,15.117459521730243,226,2.0,0.3018716871738434,1115,291,48,31
257,15.18435093554321,227,2.0,0.3765799105167389,1445,432,49,43
286,15.18435093554321,227,2.0,0.3215084671974182,1410,508,68,63
328,15.18435093554321,227,2.0,0.3088991045951843,326,433,81,48
333,15.18435093554321,227,2.0,0.6551610827445984,1004,366,61,35
344,15.18435093554321,227,7.0,0.4070417582988739,612,606,236,190
238,15.18435093554321,227,2.0,0.20295783877372742,1117,287,43,31
257,15.251242349356176,228,2.0,0.2033076286315918,1448,426,50,41
286,15.251242349356176,228,2.0,0.49968454241752625,1418,498,67,62
328,15.251242349356176,228,2.0,0.29260143637657166,309,438,85,46
333,15.251242349356176,228,2.0,0.6070681810379028,1012,360,58,36
344,15.251242349356176,228,7.0,0.6331691145896912,642,587,215,186
238,15.251242349356176,228,2.0,0.19543027877807617,1119,284,38,29
377,15.251242349356176,228,2.0,0.7166619300842285,358,467,93,59
257,15.31813376316914,229,2.0,0.3505399227142334,1452,417,49,41
286,15.31813376316914,229,2.0,0.33642300963401794,1421,489,65,61
328,15.31813376316914,229,2.0,0.3975975513458252,296,442,87,47
333,15.31813376316914,229,2.0,0.7871600985527039,1023,354,53,33
344,15.31813376316914,229,7.0,0.7980563640594482,673,570,202,175
238,15.31813376316914,229,2.0,0.1449456661939621,1125,281,43,28
257,15.385025176982106,230,2.0,0.40068843960762024,1455,413,47,40
286,15.385025176982106,230,2.0,0.4274228513240814,1425,483,62,53
328,15.385025176982106,230,2.0,0.20825111865997314,281,448,89,54
333,15.385025176982106,230,2.0,0.4425066411495209,1036,348,56,33
344,15.385025176982106,230,7.0,0.5369517207145691,712,554,211,171
257,15.451916590795072,231,2.0,0.5297946333885193,1456,408,45,39
286,15.451916590795072,231,2.0,0.5136393904685974,1429,474,60,55
328,15.451916590795072,231,2.0,0.23143096268177032,263,453,87,55
333,15.451916590795072,231,2.0,0.5978997945785522,1043,341,53,34
344,15.451916590795072,231,7.0,0.7511265277862549,734,539,192,165
257,15.518808004608038,232,2.0,0.10391417145729065,1461,403,52,41
286,15.518808004608038,232,2.0,0.4274081587791443,1434,466,59,56
328,15.518808004608038,232,2.0,0.24915972352027893,247,457,91,56
333,15.518808004608038,232,2.0,0.6119310855865479,1050,336,51,33
344,15.518808004608038,232,7.0,0.6762946844100952,763,523,187,158
257,15.585699418421003,233,2.0,0.12248414754867554,1465,398,58,42
286,15.585699418421003,233,2.0,0.39236682653427124,1437,457,59,54
328,15.585699418421003,233,2.0,0.3935295343399048,232,461,95,56
333,15.585699418421003,233,2.0,0.6576331257820129,1056,331,53,30
344,15.585699418421003,233,7.0,0.6072344779968262,786,513,177,153
257,15.652590832233969,234,2.0,0.42335045337677,1469,392,59,42
286,15.652590832233969,234,2.0,0.4879729449748993,1441,450,61,55
328,15.652590832233969,234,2.0,0.4522259533405304,214,467,97,59
333,15.652590832233969,234,2.0,0.527023434638977,1063,328,52,30
344,15.652590832233969,234,5.0,0.4216718375682831,809,503,170,142
257,15.719482246046935,235,2.0,0.47825348377227783,1470,387,50,38
286,15.719482246046935,235,2.0,0.6585935950279236,1446,442,60,56
328,15.719482246046935,235,2.0,0.4777480661869049,197,472,100,61
333,15.719482246046935,235,2.0,0.2821946442127228,1072,323,51,30
344,15.719482246046935,235,7.0,0.6800207495689392,830,490,162,136
257,15.786373659859901,236,2.0,0.3955923914909363,1470,382,46,35
286,15.786373659859901,236,2.0,0.5479176640510559,1449,436,60,52
328,15.786373659859901,236,2.0,0.3972821533679962,181,477,101,59
333,15.786373659859901,236,2.0,0.5368881821632385,1077,317,51,36
344,15.786373659859901,236,7.0,0.7432644963264465,851,478,160,133
257,15.853265073672866,237,2.0,0.19590653479099274,1471,379,44,36
286,15.853265073672866,237,2.0,0.5610966682434082,1452,431,58,50
328,15.853265073672866,237,2.0,0.5375655889511108,163,482,103,59
333,15.853265073672866,237,2.0,0.4118782877922058,1082,314,53,34
344,15.853265073672866,237,7.0,0.6430287957191467,867,469,147,129
257,15.920156487485832,238,2.0,0.37685778737068176,1476,373,43,36
286,15.920156487485832,238,2.0,0.5122560858726501,1453,425,50,44
328,15.920156487485832,238,2.0,0.5222488045692444,142,488,105,61
333,15.920156487485832,238,2.0,0.7012040019035339,1088,308,50,30
344,15.920156487485832,238,7.0,0.6107854247093201,885,457,139,130
402,15.920156487485832,238,2.0,0.5053141713142395,434,398,69,36
257,15.987047901298798,239,2.0,0.3009762465953827,1477,368,41,34
286,15.987047901298798,239,2.0,0.5407493114471436,1455,417,49,47
328,15.987047901298798,239,2.0,0.406259149312973,121,495,109,62
333,15.987047901298798,239,2.0,0.58756023645401,1097,305,48,26
344,15.987047901298798,239,7.0,0.5844441652297974,902,447,134,123
257,16.053939315111762,240,2.0,0.2758195400238037,1478,363,42,33
286,16.053939315111762,240,2.0,0.3858776092529297,1459,410,52,50
328,16.053939315111762,240,2.0,0.40162569284439087,101,503,110,62
344,16.053939315111762,240,7.0,0.5584306716918945,917,439,127,121
286,16.12083072892473,241,2.0,0.3715671896934509,1461,405,50,48
328,16.12083072892473,241,2.0,0.45007893443107605,80,508,113,64
344,16.12083072892473,241,7.0,0.5207921862602234,932,429,122,118
286,16.187722142737694,242,2.0,0.559128999710083,1463,400,49,46
328,16.187722142737694,242,2.0,0.37442582845687866,58,513,112,64
344,16.187722142737694,242,7.0,0.5289571285247803,944,422,114,111
286,16.25461355655066,243,2.0,0.4587116837501526,1467,397,52,43
328,16.25461355655066,243,2.0,0.4550902843475342,46,522,92,64
344,16.25461355655066,243,7.0,0.48453134298324585,958,418,106,105
286,16.321504970363627,244,2.0,0.6027799844741821,1468,390,50,44
328,16.321504970363627,244,7.0,0.1443626433610916,34,528,68,59
344,16.321504970363627,244,7.0,0.5415284633636475,969,409,101,104
286,16.38839638417659,245,2.0,0.5243939757347107,1470,384,53,43
344,16.38839638417659,245,7.0,0.7371614575386047,982,399,101,105
422,16.38839638417659,245,2.0,0.6887078881263733,1014,1010,220,131
286,16.455287797989556,246,2.0,0.42184463143348694,1472,382,48,40
344,16.455287797989556,246,7.0,0.6678053140640259,995,395,102,96
422,16.455287797989556,246,2.0,0.7373561859130859,1040,988,199,147
286,16.522179211802523,247,2.0,0.5277132391929626,1473,378,44,38
344,16.522179211802523,247,7.0,0.4827074706554413,1005,391,99,90
422,16.522179211802523,247,2.0,0.771345853805542,1071,954,185,152
433,16.522179211802523,247,2.0,0.8893899917602539,169,872,223,130
286,16.589070625615488,248,2.0,0.5174908638000488,1474,375,41,36
344,16.589070625615488,248,7.0,0.5500140190124512,1016,387,92,85
422,16.589070625615488,248,2.0,0.8458666801452637,1105,916,169,145
433,16.589070625615488,248,2.0,0.854448676109314,231,839,208,120
440,16.589070625615488,248,2.0,0.4944920241832733,306,441,86,44
286,16.655962039428456,249,2.0,0.37999001145362854,1476,371,43,35
344,16.655962039428456,249,7.0,0.4019355773925781,1026,377,90,86
422,16.655962039428456,249,2.0,0.8139368295669556,1135,881,157,138
433,16.655962039428456,249,2.0,0.8508824110031128,301,806,194,109
286,16.72285345324142,250,2.0,0.33988839387893677,1479,367,47,37
344,16.72285345324142,250,7.0,0.6645943522453308,1037,371,86,84
422,16.72285345324142,250,2.0,0.8161971569061279,1160,846,147,129
433,16.72285345324142,250,2.0,0.8457540273666382,360,774,181,105
286,16.789744867054385,251,2.0,0.3796800374984741,1482,362,52,39
344,16.789744867054385,251,7.0,0.5751327276229858,1046,366,87,80
422,16.789744867054385,251,2.0,0.7891878485679626,1184,816,139,119
433,16.789744867054385,251,2.0,0.8566125631332397,413,745,169,98
286,16.856636280867352,252,2.0,0.478302001953125,1483,358,50,38
344,16.856636280867352,252,7.0,0.5964007377624512,1053,359,84,83
422,16.856636280867352,252,2.0,0.8289749622344971,1206,790,132,113
433,16.856636280867352,252,2.0,0.8458299040794373,460,720,161,95
286,16.923527694680317,253,2.0,0.5590941905975342,1482,354,46,33
344,16.923527694680317,253,7.0,0.3596676290035248,1062,353,77,79
422,16.923527694680317,253,2.0,0.8046104907989502,1223,764,125,108
433,16.923527694680317,253,2.0,0.7805527448654175,506,695,152,87
459,16.923527694680317,253,2.0,0.560399055480957,223,467,92,49
286,16.99041910849328,254,2.0,0.4499017000198364,1484,352,43,30
344,16.99041910849328,254,7.0,0.29155176877975464,1068,348,76,79
422,16.99041910849328,254,2.0,0.7776526212692261,1241,740,120,100
433,16.99041910849328,254,2.0,0.8431284427642822,546,671,144,86
459,16.99041910849328,254,2.0,0.4555377960205078,207,473,94,49
286,17.05731052230625,255,2.0,0.26779094338417053,1489,349,49,30
344,17.05731052230625,255,7.0,0.44958776235580444,1075,345,78,78
422,17.05731052230625,255,2.0,0.7291151881217957,1258,718,111,95
433,17.05731052230625,255,2.0,0.7859713435173035,584,651,133,79
459,17.05731052230625,255,2.0,0.21469657123088837,187,481,98,49
465,17.05731052230625,255,2.0,0.6553831696510315,915,416,78,39
286,17.124201936119213,256,2.0,0.1890111118555069,1492,346,53,31
344,17.124201936119213,256,7.0,0.3520653545856476,1083,341,73,73
422,17.124201936119213,256,2.0,0.7850402593612671,1273,697,108,92
433,17.124201936119213,256,2.0,0.8203945159912109,620,630,126,76
459,17.124201936119213,256,2.0,0.42921698093414307,169,485,96,50
465,17.124201936119213,256,2.0,0.7278746366500854,928,408,68,36
344,17.191093349932178,257,2.0,0.3128487169742584,1088,334,71,71
422,17.191093349932178,257,2.0,0.6635582447052002,1288,676,101,84
433,17.191093349932178,257,2.0,0.7913081049919128,653,612,121,75
459,17.191093349932178,257,2.0,0.5017585754394531,147,493,100,53
465,17.191093349932178,257,2.0,0.6596411466598511,943,401,69,33
470,17.191093349932178,257,2.0,0.7331241369247437,1258,994,211,162
344,17.257984763745146,258,7.0,0.22593356668949127,1094,330,68,71
422,17.257984763745146,258,2.0,0.7723181247711182,1301,660,97,83
433,17.257984763745146,258,2.0,0.7253525257110596,682,596,115,70
459,17.257984763745146,258,2.0,0.46852749586105347,127,499,99,53
465,17.257984763745146,258,2.0,0.6776077747344971,957,391,63,36
470,17.257984763745146,258,2.0,0.5309469103813171,1284,975,200,191
344,17.32487617755811,259,2.0,0.1482505351305008,1102,326,66,72
422,17.32487617755811,259,2.0,0.6294165253639221,1311,644,93,78
433,17.32487617755811,259,2.0,0.650459885597229,711,577,110,67
459,17.32487617755811,259,2.0,0.36937862634658813,103,506,110,53
465,17.32487617755811,259,2.0,0.5813062787055969,967,383,61,33
470,17.32487617755811,259,2.0,0.5891041159629822,1314,940,189,198
344,17.391767591371078,260,7.0,0.35445359349250793,1109,321,66,72
422,17.391767591371078,260,2.0,0.6572181582450867,1323,627,88,76
433,17.391767591371078,260,2.0,0.7413607239723206,739,562,105,71
459,17.391767591371078,260,2.0,0.6841463446617126,82,512,115,54
465,17.391767591371078,260,2.0,0.6557038426399231,981,378,61,30
470,17.391767591371078,260,2.0,0.6028715372085571,1339,898,173,185
286,17.391767591371078,260,2.0,0.4227645695209503,1501,329,55,36
344,17.458659005184042,261,7.0,0.20419077575206757,1113,318,60,68
422,17.458659005184042,261,2.0,0.5063313245773315,1333,612,86,74
433,17.458659005184042,261,2.0,0.6330698132514954,765,548,100,65
459,17.458659005184042,261,2.0,0.4915210008621216,62,519,116,54
465,17.458659005184042,261,2.0,0.47034770250320435,991,370,64,33
470,17.458659005184042,261,2.0,0.49313947558403015,1361,859,162,173
286,17.458659005184042,261,2.0,0.46665334701538086,1504,327,54,36
344,17.525550418997007,262,2.0,0.13057036697864532,1117,313,57,62
422,17.525550418997007,262,2.0,0.5864173769950867,1342,597,83,70
433,17.525550418997007,262,2.0,0.5940815210342407,788,532,96,65
459,17.525550418997007,262,2.0,0.18127085268497467,45,527,90,52
465,17.525550418997007,262,2.0,0.6790087223052979,1004,364,64,34
470,17.525550418997007,262,2.0,0.6395657062530518,1378,822,148,158
286,17.525550418997007,262,2.0,0.37140223383903503,1504,324,50,35
344,17.592441832809975,263,2.0,0.26339471340179443,1124,310,55,63
422,17.592441832809975,263,2.0,0.6792491674423218,1352,583,80,68
433,17.592441832809975,263,2.0,0.6806151866912842,811,521,94,59
465,17.592441832809975,263,2.0,0.7367366552352905,1012,359,64,32
470,17.592441832809975,263,2.0,0.5859377980232239,1396,791,140,147
286,17.592441832809975,263,2.0,0.1227448359131813,1507,312,51,43
344,17.65933324662294,264,2.0,0.2853735089302063,1128,305,57,63
422,17.65933324662294,264,2.0,0.6564798355102539,1361,569,78,66
433,17.65933324662294,264,2.0,0.6297134160995483,833,506,92,60
465,17.65933324662294,264,2.0,0.763834536075592,1023,353,59,28
470,17.65933324662294,264,2.0,0.707531213760376,1411,761,129,138
286,17.65933324662294,264,2.0,0.41291478276252747,1503,310,46,47
344,17.726224660435904,265,2.0,0.24411939084529877,1131,302,57,66
422,17.726224660435904,265,2.0,0.5534220933914185,1367,556,76,64
433,17.726224660435904,265,2.0,0.560765266418457,853,496,88,56
465,17.726224660435904,265,2.0,0.37480345368385315,1032,348,60,28
470,17.726224660435904,265,2.0,0.5139193534851074,1424,732,125,129
344,17.79311607424887,266,2.0,0.24561192095279694,1136,299,57,65
422,17.79311607424887,266,2.0,0.725673496723175,1376,545,73,63
433,17.79311607424887,266,2.0,0.5394993424415588,873,485,84,55
465,17.79311607424887,266,2.0,0.5182026028633118,1039,341,52,30
470,17.79311607424887,266,2.0,0.7634026408195496,1432,708,122,121
344,17.860007488061836,267,2.0,0.3327883780002594,1142,295,52,58
422,17.860007488061836,267,2.0,0.4948555827140808,1381,534,68,62
433,17.860007488061836,267,2.0,0.6499028205871582,891,474,80,52
465,17.860007488061836,267,2.0,0.6059008240699768,1048,335,49,27
470,17.860007488061836,267,2.0,0.5076183080673218,1444,686,117,115
286,17.860007488061836,267,2.0,0.33119872212409973,1506,302,47,43
344,17.926898901874804,268,2.0,0.5138188004493713,1144,291,50,59
422,17.926898901874804,268,2.0,0.5534216165542603,1386,524,64,60
433,17.926898901874804,268,2.0,0.5655991435050964,908,465,79,50
465,17.926898901874804,268,2.0,0.7191841006278992,1053,331,51,26
470,17.926898901874804,268,2.0,0.6249189972877502,1452,665,105,108
494,17.926898901874804,268,2.0,0.5735629200935364,923,410,72,46
286,17.926898901874804,268,2.0,0.4109208583831787,1506,300,47,42
344,17.993790315687768,269,2.0,0.34490203857421875,1147,289,49,57
422,17.993790315687768,269,2.0,0.48668941855430603,1394,515,66,57
433,17.993790315687768,269,2.0,0.6548363566398621,921,455,74,50
465,17.993790315687768,269,2.0,0.3749755620956421,1063,325,51,26
470,17.993790315687768,269,2.0,0.7382500171661377,1463,646,102,101
286,17.993790315687768,269,2.0,0.31784588098526,1509,296,45,45
344,18.060681729500732,270,2.0,0.34502294659614563,1150,285,47,59
422,18.060681729500732,270,2.0,0.5284730195999146,1400,505,63,56
433,18.060681729500732,270,2.0,0.5853937268257141,941,446,81,52
470,18.060681729500732,270,2.0,0.7694705724716187,1472,627,98,97
286,18.060681729500732,270,2.0,0.3904697299003601,1511,293,44,44
344,18.1275731433137,271,2.0,0.45241332054138184,1153,281,48,59
422,18.1275731433137,271,2.0,0.6840610504150391,1405,495,62,56
433,18.1275731433137,271,2.0,0.6286708116531372,960,438,85,47
470,18.1275731433137,271,2.0,0.6573275327682495,1477,609,89,94
286,18.1275731433137,271,2.0,0.495157390832901,1513,292,47,41
502,18.1275731433137,271,2.0,0.5916375517845154,961,386,58,40
465,18.1275731433137,271,2.0,0.47761791944503784,1074,316,48,30
344,18.194464557126665,272,2.0,0.5124080777168274,1156,278,49,58
422,18.194464557126665,272,2.0,0.7118643522262573,1411,486,58,55
433,18.194464557126665,272,2.0,0.5638508200645447,970,431,80,44
470,18.194464557126665,272,2.0,0.6127938032150269,1483,595,87,87
286,18.194464557126665,272,2.0,0.4664209485054016,1515,289,44,39
465,18.194464557126665,272,2.0,0.3763849139213562,1081,311,50,29
344,18.26135597093963,273,2.0,0.47083261609077454,1161,275,47,55
422,18.26135597093963,273,2.0,0.6229347586631775,1416,479,59,53
433,18.26135597093963,273,2.0,0.6114014983177185,980,421,74,44
470,18.26135597093963,273,2.0,0.6396123170852661,1487,581,78,85
286,18.26135597093963,273,2.0,0.3794095814228058,1518,287,38,41
465,18.26135597093963,273,2.0,0.5127300024032593,1086,306,47,28
509,18.26135597093963,273,2.0,0.5716935396194458,984,371,63,40
344,18.328247384752597,274,2.0,0.553695023059845,1164,271,47,56
422,18.328247384752597,274,2.0,0.6372861266136169,1421,470,56,53
433,18.328247384752597,274,2.0,0.6100962162017822,991,413,70,45
470,18.328247384752597,274,2.0,0.5837183594703674,1493,567,75,82
286,18.328247384752597,274,2.0,0.2654583156108856,1518,285,35,40
465,18.328247384752597,274,2.0,0.39532700181007385,1094,304,45,25
344,18.39513879856556,275,2.0,0.5229336023330688,1167,269,46,56
422,18.39513879856556,275,2.0,0.6470574736595154,1424,463,56,51
433,18.39513879856556,275,2.0,0.4336675703525543,1001,407,66,42
470,18.39513879856556,275,2.0,0.6174449920654297,1499,553,77,80
286,18.39513879856556,275,2.0,0.26146793365478516,1518,282,35,39
465,18.39513879856556,275,2.0,0.2319217324256897,1099,302,47,25
344,18.462030212378526,276,2.0,0.3274659812450409,1171,267,47,55
422,18.462030212378526,276,2.0,0.6929758787155151,1428,456,54,48
433,18.462030212378526,276,2.0,0.5815358757972717,1013,400,66,39
470,18.462030212378526,276,2.0,0.6292944550514221,1503,541,72,76
286,18.462030212378526,276,2.0,0.2300703078508377,1518,280,32,39
465,18.462030212378526,276,2.0,0.10196280479431152,1104,299,50,28
513,18.462030212378526,276,2.0,0.7350856065750122,1248,747,107,89
344,18.528921626191494,277,2.0,0.4086182415485382,1173,264,48,52
422,18.528921626191494,277,2.0,0.6075226068496704,1432,450,50,46
433,18.528921626191494,277,2.0,0.5943344831466675,1022,392,63,39
470,18.528921626191494,277,2.0,0.5768699645996094,1507,529,74,74
286,18.528921626191494,277,2.0,0.2196691781282425,1517,278,35,39
513,18.528921626191494,277,2.0,0.5703170895576477,1263,724,101,81
344,18.595813040004458,278,2.0,0.44366395473480225,1176,264,44,46
422,18.595813040004458,278,2.0,0.5847387909889221,1436,442,51,47
433,18.595813040004458,278,2.0,0.5173999071121216,1034,387,64,40
470,18.595813040004458,278,2.0,0.6196524500846863,1511,517,69,72
286,18.595813040004458,278,2.0,0.24483153223991394,1516,276,37,40
513,18.595813040004458,278,2.0,0.6651257872581482,1283,697,92,76
344,18.662704453817426,279,2.0,0.20736844837665558,1177,261,44,47
422,18.662704453817426,279,2.0,0.5828685760498047,1439,434,53,47
433,18.662704453817426,279,2.0,0.6059336066246033,1043,381,63,40
470,18.662704453817426,279,2.0,0.378299355506897,1513,508,66,69
286,18.662704453817426,279,2.0,0.2938251793384552,1518,274,41,41
513,18.662704453817426,279,2.0,0.29472318291664124,1296,675,86,76
465,18.662704453817426,279,2.0,0.4416993260383606,1117,285,41,23
344,18.72959586763039,280,2.0,0.1167503371834755,1178,255,44,52
422,18.72959586763039,280,2.0,0.6469796299934387,1443,429,51,45
433,18.72959586763039,280,2.0,0.5765624642372131,1050,375,56,35
470,18.72959586763039,280,2.0,0.6692835688591003,1516,497,64,67
286,18.72959586763039,280,2.0,0.29739540815353394,1518,273,40,40
513,18.72959586763039,280,2.0,0.5638278126716614,1310,654,85,72
465,18.72959586763039,280,2.0,0.45875003933906555,1120,281,43,23
422,18.796487281443355,281,2.0,0.6146352887153625,1446,422,50,45
433,18.796487281443355,281,2.0,0.5794020295143127,1061,368,64,38
470,18.796487281443355,281,2.0,0.6018824577331543,1519,489,59,67
286,18.796487281443355,281,2.0,0.3368014097213745,1518,268,35,38
513,18.796487281443355,281,2.0,0.49592241644859314,1322,636,80,69
422,18.863378695256323,282,2.0,0.5675755143165588,1450,416,47,45
433,18.863378695256323,282,2.0,0.5119712948799133,1071,359,67,46
470,18.863378695256323,282,2.0,0.4081217050552368,1521,479,59,64
286,18.863378695256323,282,2.0,0.3586057126522064,1518,266,32,37
513,18.863378695256323,282,2.0,0.21210339665412903,1335,618,75,65
422,18.930270109069287,283,2.0,0.6799699068069458,1453,411,44,42
433,18.930270109069287,283,2.0,0.5499711036682129,1074,357,58,41
470,18.930270109069287,283,2.0,0.5636932253837585,1522,471,58,61
286,18.930270109069287,283,2.0,0.34284263849258423,1518,265,30,36
513,18.930270109069287,283,2.0,0.49963143467903137,1344,601,73,63
526,18.930270109069287,283,2.0,0.4807552993297577,895,259,44,27
422,18.99716152288225,284,2.0,0.703709602355957,1454,406,44,41
433,18.99716152288225,284,2.0,0.481284499168396,1083,351,59,37
470,18.99716152288225,284,2.0,0.5864413976669312,1524,463,56,59
286,18.99716152288225,284,2.0,0.38616716861724854,1520,266,32,33
513,18.99716152288225,284,2.0,0.41620075702667236,1353,586,69,59
526,18.99716152288225,284,2.0,0.3959556818008423,887,260,47,28
422,19.06405293669522,285,2.0,0.5542367100715637,1456,400,43,38
433,19.06405293669522,285,2.0,0.5450345873832703,1092,346,60,34
470,19.06405293669522,285,2.0,0.5230639576911926,1526,454,57,59
286,19.06405293669522,285,2.0,0.4271605610847473,1522,266,35,34
513,19.06405293669522,285,2.0,0.3316729664802551,1364,569,71,59
526,19.06405293669522,285,2.0,0.4641576409339905,883,263,51,34
422,19.130944350508184,286,2.0,0.46925851702690125,1459,395,46,37
433,19.130944350508184,286,2.0,0.39208468794822693,1098,339,57,36
470,19.130944350508184,286,2.0,0.6060690879821777,1529,449,57,57
286,19.130944350508184,286,2.0,0.2936813235282898,1522,264,33,34
513,19.130944350508184,286,2.0,0.6103142499923706,1371,554,66,58
526,19.130944350508184,286,2.0,0.34700143337249756,877,265,51,38
422,19.19783576432115,287,2.0,0.4648517072200775,1462,389,46,39
433,19.19783576432115,287,2.0,0.4633055329322815,1103,338,55,34
470,19.19783576432115,287,2.0,0.4410385489463806,1529,441,52,55
286,19.19783576432115,287,2.0,0.18748356401920319,1522,262,32,33
513,19.19783576432115,287,2.0,0.6088459491729736,1378,543,63,54
526,19.19783576432115,287,2.0,0.11410103738307953,872,267,55,43
422,19.264727178134116,288,2.0,0.5349551439285278,1465,384,46,39
433,19.264727178134116,288,2.0,0.4763317406177521,1107,333,49,31
470,19.264727178134116,288,2.0,0.5655633211135864,1531,435,54,54
286,19.264727178134116,288,2.0,0.21527066826820374,1523,259,30,30
513,19.264727178134116,288,2.0,0.5062193274497986,1383,532,60,52
422,19.33161859194708,289,2.0,0.6757227778434753,1467,380,43,37
433,19.33161859194708,289,2.0,0.4607445299625397,1112,329,49,29
470,19.33161859194708,289,2.0,0.36953413486480713,1531,428,51,54
286,19.33161859194708,289,2.0,0.3204787075519562,1524,258,33,31
513,19.33161859194708,289,2.0,0.5382416248321533,1395,521,69,51
422,19.39851000576005,290,2.0,0.38622137904167175,1469,376,40,35
433,19.39851000576005,290,2.0,0.11669489741325378,1120,323,53,32
470,19.39851000576005,290,2.0,0.2965114116668701,1533,422,49,51
286,19.39851000576005,290,2.0,0.2777983248233795,1524,257,35,30
513,19.39851000576005,290,2.0,0.6597449779510498,1403,510,74,51
422,19.465401419573013,291,2.0,0.30440300703048706,1471,370,40,35
433,19.465401419573013,291,2.0,0.13085541129112244,1121,317,50,35
470,19.465401419573013,291,2.0,0.42348575592041016,1535,415,49,49
286,19.465401419573013,291,2.0,0.2691631019115448,1523,256,34,30
513,19.465401419573013,291,2.0,0.4101278781890869,1404,499,66,48
422,19.532292833385977,292,2.0,0.37896373867988586,1474,367,38,35
470,19.532292833385977,292,2.0,0.3764941692352295,1536,408,48,49
286,19.532292833385977,292,2.0,0.40532273054122925,1524,255,36,30
513,19.532292833385977,292,2.0,0.6856788396835327,1414,489,68,47
422,19.599184247198945,293,2.0,0.48141762614250183,1475,363,37,35
470,19.599184247198945,293,2.0,0.3865569829940796,1537,404,48,48
286,19.599184247198945,293,2.0,0.2596661150455475,1525,254,35,28
513,19.599184247198945,293,2.0,0.5653915405273438,1416,479,62,47
422,19.66607566101191,294,2.0,0.27068856358528137,1476,359,36,32
470,19.66607566101191,294,2.0,0.34479668736457825,1537,398,48,47
286,19.66607566101191,294,2.0,0.10417376458644867,1526,254,36,27
513,19.66607566101191,294,2.0,0.5476949214935303,1420,469,58,46
422,19.732967074824874,295,2.0,0.3925474286079407,1478,357,39,31
470,19.732967074824874,295,2.0,0.5082980990409851,1537,394,48,45
513,19.732967074824874,295,2.0,0.5686224102973938,1421,463,53,42
422,19.79985848863784,296,2.0,0.2585778534412384,1479,351,38,30
470,19.79985848863784,296,2.0,0.30473649501800537,1539,390,48,42
513,19.79985848863784,296,2.0,0.3786470890045166,1429,454,55,42
422,19.866749902450806,297,2.0,0.3967680037021637,1480,348,41,29
470,19.866749902450806,297,2.0,0.22889107465744019,1541,384,50,44
513,19.866749902450806,297,2.0,0.5333799123764038,1431,446,47,37
422,19.933641316263774,298,2.0,0.2578960955142975,1482,345,38,30
470,19.933641316263774,298,2.0,0.23951153457164764,1542,382,46,41
513,19.933641316263774,298,2.0,0.47595927119255066,1436,438,52,38
557,19.933641316263774,298,2.0,0.6338333487510681,785,308,44,40
422,20.00053273007674,299,2.0,0.20282426476478577,1484,341,36,31
470,20.00053273007674,299,2.0,0.26276570558547974,1543,376,43,38
513,20.00053273007674,299,2.0,0.5589835047721863,1439,433,52,37
557,20.00053273007674,299,2.0,0.5383726954460144,779,311,50,44
422,20.067424143889703,300,2.0,0.32112354040145874,1485,338,36,32
470,20.067424143889703,300,2.0,0.39000606536865234,1543,372,42,39
513,20.067424143889703,300,2.0,0.44906511902809143,1442,426,50,35
422,20.13431555770267,301,2.0,0.4226400554180145,1488,334,33,30
470,20.13431555770267,301,2.0,0.48226699233055115,1544,368,44,39
513,20.13431555770267,301,2.0,0.42376938462257385,1446,419,53,37
422,20.201206971515635,302,2.0,0.40562620759010315,1489,332,33,29
470,20.201206971515635,302,2.0,0.3762025237083435,1545,364,45,39
513,20.201206971515635,302,2.0,0.4194226861000061,1450,413,55,36
422,20.2680983853286,303,2.0,0.325813353061676,1491,329,33,28
470,20.2680983853286,303,2.0,0.4657486379146576,1546,361,43,39
513,20.2680983853286,303,2.0,0.6615986227989197,1452,406,48,35
422,20.334989799141567,304,2.0,0.3496685028076172,1493,326,32,27
470,20.334989799141567,304,2.0,0.13942360877990723,1545,357,39,36
513,20.334989799141567,304,2.0,0.6501916646957397,1454,401,43,32
565,20.334989799141567,304,2.0,0.7394051551818848,964,445,82,44
422,20.40188121295453,305,2.0,0.18644198775291443,1496,324,31,26
470,20.40188121295453,305,2.0,0.26516851782798767,1545,352,43,36
513,20.40188121295453,305,2.0,0.4696884751319885,1456,396,44,30
565,20.40188121295453,305,2.0,0.5752245187759399,981,437,78,42
422,20.468772626767496,306,2.0,0.16745959222316742,1496,320,33,27
470,20.468772626767496,306,2.0,0.15129823982715607,1547,349,39,34
513,20.468772626767496,306,2.0,0.5035962462425232,1458,389,45,32
565,20.468772626767496,306,2.0,0.7125012874603271,998,425,78,39
422,20.535664040580464,307,2.0,0.27863404154777527,1497,317,33,27
470,20.535664040580464,307,2.0,0.13008832931518555,1546,345,42,33
513,20.535664040580464,307,2.0,0.2629382908344269,1460,383,46,30
565,20.535664040580464,307,2.0,0.6790481805801392,1013,414,72,40
422,20.60255545439343,308,2.0,0.24205967783927917,1496,313,30,26
565,20.60255545439343,308,2.0,0.5828410387039185,1027,403,66,38
565,20.669446868206396,309,2.0,0.611361563205719,1040,396,61,38
470,20.669446868206396,309,2.0,0.2855985760688782,1548,339,41,35
565,20.73633828201936,310,2.0,0.6745418906211853,1052,388,61,38
470,20.73633828201936,310,2.0,0.3281376361846924,1549,335,44,35
565,20.803229695832325,311,2.0,0.6676832437515259,1063,382,59,35
470,20.803229695832325,311,2.0,0.43888595700263977,1550,332,44,33
565,20.870121109645293,312,2.0,0.6707881689071655,1075,373,61,34
470,20.870121109645293,312,2.0,0.28599414229393005,1549,329,47,34
577,20.870121109645293,312,2.0,0.4121583104133606,1687,223,67,39
565,20.937012523458257,313,2.0,0.5210868120193481,1084,365,57,35
470,20.937012523458257,313,2.0,0.19516634941101074,1550,327,45,33
577,20.937012523458257,313,2.0,0.47641313076019287,1690,222,68,39
565,21.00390393727122,314,2.0,0.4677942395210266,1094,357,50,35
577,21.00390393727122,314,2.0,0.2579265832901001,1694,222,67,39
565,21.07079535108419,315,2.0,0.4137503206729889,1102,350,50,37
577,21.07079535108419,315,7.0,0.18639497458934784,1701,222,68,39
565,21.137686764897154,316,2.0,0.4239824414253235,1110,344,52,34
577,21.137686764897154,316,7.0,0.18865306675434113,1706,221,69,37
565,21.204578178710122,317,2.0,0.18239280581474304,1118,340,54,34
577,21.204578178710122,317,7.0,0.22671256959438324,1710,222,69,38
565,21.271469592523086,318,2.0,0.33091238141059875,1126,334,50,28
577,21.271469592523086,318,7.0,0.3076128661632538,1715,221,68,39
565,21.33836100633605,319,2.0,0.2386302351951599,1132,330,45,29
577,21.33836100633605,319,2.0,0.1975487470626831,1721,220,69,38
565,21.40525242014902,320,2.0,0.12523213028907776,1140,321,45,32
577,21.40525242014902,320,2.0,0.2968950867652893,1724,218,67,35
565,21.472143833961983,321,2.0,0.15575896203517914,1147,319,42,29
577,21.472143833961983,321,2.0,0.22062371671199799,1730,219,72,34
565,21.539035247774947,322,2.0,0.1302318274974823,1152,312,44,29
577,21.539035247774947,322,2.0,0.43976494669914246,1734,219,70,35
577,21.605926661587915,323,2.0,0.45343154668807983,1739,219,71,34
577,21.67281807540088,324,2.0,0.3753730058670044,1744,218,69,35
602,21.67281807540088,324,2.0,0.6374203562736511,561,400,73,52
577,21.739709489213844,325,7.0,0.20129570364952087,1749,217,72,35
577,21.806600903026812,326,7.0,0.22794580459594727,1755,217,74,36
577,21.873492316839776,327,2.0,0.25198063254356384,1761,217,75,37
612,21.873492316839776,327,2.0,0.6781196594238281,499,424,81,56
577,21.940383730652744,328,2.0,0.30505725741386414,1766,217,75,38
612,21.940383730652744,328,2.0,0.5762539505958557,477,431,85,54
577,22.00727514446571,329,7.0,0.23916377127170563,1771,217,74,37
612,22.00727514446571,329,2.0,0.708716630935669,451,442,87,54
619,22.00727514446571,329,2.0,0.7746245265007019,305,472,87,54
577,22.074166558278673,330,7.0,0.16780447959899902,1777,216,76,36
612,22.074166558278673,330,2.0,0.48383158445358276,425,450,89,56
577,22.14105797209164,331,7.0,0.2841350734233856,1782,216,75,34
612,22.14105797209164,331,2.0,0.6253407001495361,397,460,92,57
577,22.207949385904605,332,7.0,0.2589433193206787,1789,215,75,33
612,22.207949385904605,332,2.0,0.7562325596809387,367,471,97,61
627,22.207949385904605,332,2.0,0.5787899494171143,1279,1016,219,125
577,22.27484079971757,333,7.0,0.2500905990600586,1794,216,76,33
612,22.27484079971757,333,2.0,0.5657259225845337,336,481,102,63
627,22.27484079971757,333,2.0,0.7665348649024963,1306,990,204,137
577,22.341732213530538,334,7.0,0.21285372972488403,1801,216,77,35
612,22.341732213530538,334,2.0,0.6836930513381958,306,492,103,67
627,22.341732213530538,334,2.0,0.7196992635726929,1333,949,192,136
577,22.408623627343502,335,2.0,0.4343956708908081,1807,216,81,36
612,22.408623627343502,335,2.0,0.7279574871063232,273,504,108,68
627,22.408623627343502,335,2.0,0.7568800449371338,1353,908,178,128
577,22.47551504115647,336,2.0,0.46484676003456116,1812,216,80,36
612,22.47551504115647,336,2.0,0.7637407779693604,239,516,113,71
627,22.47551504115647,336,2.0,0.8504318594932556,1374,868,170,117
577,22.542406454969434,337,2.0,0.2587018311023712,1818,216,79,37
612,22.542406454969434,337,2.0,0.7342970371246338,203,529,116,72
627,22.542406454969434,337,2.0,0.6487215757369995,1389,834,160,110
577,22.6092978687824,338,2.0,0.31145796179771423,1823,215,77,38
612,22.6092978687824,338,2.0,0.5298236012458801,163,542,122,74
627,22.6092978687824,338,2.0,0.7310717105865479,1404,803,153,102
577,22.676189282595367,339,2.0,0.4660424292087555,1829,215,78,37
612,22.676189282595367,339,2.0,0.749835729598999,122,555,130,77
627,22.676189282595367,339,2.0,0.6466755270957947,1418,773,143,94
577,22.74308069640833,340,2.0,0.3733426332473755,1835,215,79,37
612,22.74308069640833,340,2.0,0.5161800980567932,78,572,134,80
627,22.74308069640833,340,2.0,0.6086773872375488,1430,748,135,90
577,22.809972110221295,341,2.0,0.2704314887523651,1842,215,82,36
612,22.809972110221295,341,2.0,0.45989730954170227,50,587,101,80
627,22.809972110221295,341,2.0,0.5405700206756592,1442,722,133,86
577,22.876863524034263,342,2.0,0.10971611738204956,1847,213,77,35
627,22.876863524034263,342,2.0,0.563182532787323,1451,701,127,80
577,22.943754937847228,343,2.0,0.15177030861377716,1851,214,73,35
627,22.943754937847228,343,2.0,0.4849576950073242,1463,680,122,74
627,23.010646351660192,344,2.0,0.5365140438079834,1466,660,112,71
627,23.07753776547316,345,2.0,0.46902406215667725,1463,640,84,66
627,23.144429179286124,346,2.0,0.5380017757415771,1466,623,72,64
627,23.211320593099092,347,2.0,0.3591413199901581,1472,608,69,62
627,23.278212006912057,348,2.0,0.41102084517478943,1481,593,73,59
649,23.278212006912057,348,2.0,0.5840473771095276,1263,1007,203,139
627,23.34510342072502,349,2.0,0.4877322316169739,1483,579,61,57
649,23.34510342072502,349,2.0,0.8492118716239929,1282,990,185,165
649,23.41199483453799,350,2.0,0.7129020094871521,1308,956,168,173
649,23.478886248350953,351,2.0,0.8682209849357605,1332,915,154,167
627,23.478886248350953,351,2.0,0.6552298069000244,1494,553,59,52
649,23.545777662163918,352,2.0,0.8000056743621826,1352,878,145,163
627,23.545777662163918,352,2.0,0.551807701587677,1500,542,67,52
649,23.612669075976886,353,2.0,0.6764124631881714,1370,843,136,149
627,23.612669075976886,353,2.0,0.5281564593315125,1507,531,69,52
649,23.67956048978985,354,2.0,0.6892396211624146,1386,810,129,139
627,23.67956048978985,354,2.0,0.5049923658370972,1509,520,67,50
649,23.746451903602818,355,2.0,0.7680104374885559,1414,781,153,131
627,23.746451903602818,355,2.0,0.5278151631355286,1517,511,76,49
649,23.813343317415782,356,2.0,0.7248750925064087,1419,754,128,119
627,23.813343317415782,356,2.0,0.4586482048034668,1521,502,74,47
649,23.880234731228747,357,2.0,0.43712860345840454,1426,727,113,114
627,23.880234731228747,357,2.0,0.5365797281265259,1521,491,63,43
649,23.947126145041715,358,2.0,0.5493972301483154,1434,704,105,107
627,23.947126145041715,358,2.0,0.6457015872001648,1523,482,64,43
661,23.947126145041715,358,2.0,0.5919172167778015,461,417,71,47
649,24.01401755885468,359,2.0,0.49575886130332947,1442,683,97,101
649,24.080908972667643,360,2.0,0.5032805800437927,1452,664,92,97
649,24.14780038648061,361,2.0,0.4642390310764313,1459,643,89,89
664,24.14780038648061,361,2.0,0.6365483999252319,399,440,80,46
649,24.214691800293576,362,2.0,0.6445927023887634,1466,626,86,85
649,24.28158321410654,363,2.0,0.441045880317688,1473,609,82,84
649,24.348474627919508,364,2.0,0.7246255874633789,1479,594,81,79
672,24.348474627919508,364,2.0,0.49194782972335815,1528,442,48,32
649,24.415366041732472,365,2.0,0.5489414930343628,1483,578,73,75
672,24.415366041732472,365,2.0,0.5775700807571411,1531,436,50,35
649,24.48225745554544,366,2.0,0.5325804352760315,1488,565,70,74
672,24.48225745554544,366,2.0,0.6496917605400085,1533,429,51,32
649,24.549148869358405,367,2.0,0.4048130214214325,1492,553,65,72
672,24.549148869358405,367,2.0,0.559536874294281,1536,423,56,33
649,24.61604028317137,368,2.0,0.6183283925056458,1496,542,64,70
672,24.61604028317137,368,2.0,0.5038341879844666,1537,416,53,34
649,24.682931696984337,369,2.0,0.6034910082817078,1500,530,61,66
672,24.682931696984337,369,2.0,0.5993282794952393,1538,410,50,33
649,24.7498231107973,370,2.0,0.640625536441803,1503,520,60,63
672,24.7498231107973,370,2.0,0.6575788259506226,1539,404,45,32
649,24.816714524610266,371,2.0,0.6119747757911682,1507,510,61,63
672,24.816714524610266,371,2.0,0.5707367658615112,1540,400,50,31
649,24.883605938423234,372,2.0,0.6610195636749268,1510,501,59,62
672,24.883605938423234,372,2.0,0.4387172758579254,1543,395,51,29
649,24.950497352236198,373,2.0,0.49354681372642517,1513,491,58,58
672,24.950497352236198,373,2.0,0.3658646047115326,1543,391,47,30
649,25.017388766049162,374,2.0,0.4426254332065582,1514,483,57,57
672,25.017388766049162,374,2.0,0.37263092398643494,1543,385,41,27
649,25.08428017986213,375,2.0,0.4211069941520691,1516,474,54,56
672,25.08428017986213,375,2.0,0.22312353551387787,1544,379,45,27
708,25.08428017986213,375,2.0,0.5041283369064331,889,259,42,31
649,25.151171593675095,376,2.0,0.4273383915424347,1518,465,53,55
672,25.151171593675095,376,2.0,0.3817206621170044,1546,375,50,27
708,25.151171593675095,376,2.0,0.4046831727027893,887,262,41,33
661,25.151171593675095,376,2.0,0.5011687278747559,464,418,78,43
649,25.218063007488063,377,2.0,0.41919976472854614,1518,457,52,52
672,25.218063007488063,377,2.0,0.13861019909381866,1547,370,48,26
708,25.218063007488063,377,2.0,0.45301443338394165,880,265,41,36
649,25.284954421301027,378,2.0,0.2172885239124298,1520,451,50,47
672,25.284954421301027,378,2.0,0.10701031237840652,1546,367,45,26
708,25.284954421301027,378,2.0,0.4325900077819824,874,267,41,38
649,25.35184583511399,379,2.0,0.5693196058273315,1522,445,48,48
708,25.35184583511399,379,2.0,0.34588420391082764,867,268,42,41
664,25.35184583511399,379,2.0,0.35087284445762634,405,440,85,44
649,25.41873724892696,380,2.0,0.4664897918701172,1523,438,45,49
708,25.41873724892696,380,2.0,0.2378002107143402,859,272,40,41
672,25.41873724892696,380,2.0,0.3521360754966736,1546,359,37,25
649,25.485628662739924,381,2.0,0.37025943398475647,1524,432,46,46
708,25.485628662739924,381,2.0,0.32837334275245667,853,275,37,44
672,25.485628662739924,381,2.0,0.2665652930736542,1545,354,35,25
649,25.552520076552888,382,2.0,0.4011217951774597,1525,425,45,43
708,25.552520076552888,382,2.0,0.3270013928413391,845,278,38,44
672,25.552520076552888,382,2.0,0.11572930216789246,1545,350,42,25
649,25.619411490365856,383,2.0,0.41835087537765503,1526,420,44,41
708,25.619411490365856,383,2.0,0.23812949657440186,839,283,40,41
672,25.619411490365856,383,2.0,0.1317567676305771,1548,347,44,25
649,25.68630290417882,384,2.0,0.2882641553878784,1527,414,44,44
708,25.68630290417882,384,2.0,0.36353588104248047,831,285,39,42
649,25.753194317991788,385,2.0,0.26141655445098877,1527,408,44,43
708,25.753194317991788,385,2.0,0.33652904629707336,823,288,41,42
649,25.820085731804753,386,2.0,0.32121333479881287,1526,402,41,38
708,25.820085731804753,386,2.0,0.16186082363128662,815,293,44,44
649,25.886977145617717,387,2.0,0.34002685546875,1527,398,40,37
708,25.886977145617717,387,2.0,0.19529655575752258,806,297,44,47
740,25.886977145617717,387,2.0,0.5984813570976257,1010,363,61,38
649,25.953868559430685,388,2.0,0.23475459218025208,1529,395,41,35
708,25.953868559430685,388,2.0,0.11719439923763275,800,298,51,50
740,25.953868559430685,388,2.0,0.5439708828926086,1022,356,56,33
649,26.02075997324365,389,2.0,0.24556367099285126,1529,390,43,37
708,26.02075997324365,389,2.0,0.12181586772203445,795,297,42,43
747,26.02075997324365,389,7.0,0.6136409044265747,1038,977,232,192
751,26.02075997324365,389,2.0,0.6801439523696899,1046,976,216,190
649,26.087651387056614,390,2.0,0.2336723655462265,1531,384,47,37
751,26.087651387056614,390,2.0,0.6170356273651123,1067,941,223,186
661,26.087651387056614,390,2.0,0.538801908493042,491,411,73,38
649,26.15454280086958,391,2.0,0.3773210644721985,1530,380,42,35
751,26.15454280086958,391,2.0,0.45789626240730286,1106,894,204,174
758,26.15454280086958,391,2.0,0.6948117017745972,76,548,118,61
760,26.15454280086958,391,2.0,0.6400893926620483,1053,333,54,29
661,26.15454280086958,391,2.0,0.4967184364795685,476,413,73,41
751,26.221434214682546,392,2.0,0.7597233057022095,1142,851,184,161
758,26.221434214682546,392,2.0,0.638410747051239,54,560,99,57
760,26.221434214682546,392,2.0,0.4700146019458771,1063,329,52,28
766,26.221434214682546,392,2.0,0.4401477575302124,884,263,45,38
751,26.28832562849551,393,2.0,0.609714150428772,1174,815,169,144
758,26.28832562849551,393,2.0,0.6364769339561462,29,565,59,50
766,26.28832562849551,393,2.0,0.35165753960609436,879,264,42,40
751,26.355217042308478,394,7.0,0.49348247051239014,1199,780,161,140
766,26.355217042308478,394,2.0,0.3641049563884735,874,265,46,44
664,26.355217042308478,394,2.0,0.44437146186828613,410,438,79,42
751,26.422108456121443,395,2.0,0.5618335008621216,1224,750,147,131
766,26.422108456121443,395,2.0,0.3541710376739502,868,268,48,45
778,26.422108456121443,395,2.0,0.5737541913986206,1085,310,47,29
664,26.422108456121443,395,2.0,0.5352497696876526,396,442,83,46
751,26.48899986993441,396,2.0,0.7039220929145813,1245,720,139,117
778,26.48899986993441,396,2.0,0.5418620109558105,1094,306,45,25
751,26.555891283747375,397,2.0,0.5320426821708679,1263,697,134,110
778,26.555891283747375,397,2.0,0.1316225379705429,1101,302,48,25
751,26.62278269756034,398,2.0,0.6650307774543762,1280,674,124,106
778,26.62278269756034,398,2.0,0.16121652722358704,1106,294,47,32
784,26.62278269756034,398,2.0,0.7581376433372498,322,467,88,49
751,26.689674111373307,399,2.0,0.721354603767395,1297,651,115,101
778,26.689674111373307,399,2.0,0.10472022742033005,1113,290,43,30
784,26.689674111373307,399,2.0,0.6051372289657593,296,475,90,51
751,26.75656552518627,400,2.0,0.6126195192337036,1310,632,110,97
778,26.75656552518627,400,2.0,0.3653237521648407,1118,285,41,28
784,26.75656552518627,400,2.0,0.7071912884712219,266,485,91,51
751,26.823456938999236,401,2.0,0.6202027201652527,1323,613,105,92
778,26.823456938999236,401,2.0,0.12948699295520782,1121,283,40,26
784,26.823456938999236,401,2.0,0.5843676924705505,235,495,98,51
751,26.890348352812204,402,2.0,0.7027004361152649,1335,595,100,87
784,26.890348352812204,402,2.0,0.5943859219551086,207,504,98,54
751,26.957239766625168,403,2.0,0.46483537554740906,1344,579,98,84
784,26.957239766625168,403,2.0,0.621946394443512,177,516,106,55
751,27.024131180438136,404,2.0,0.5413721203804016,1356,563,91,78
784,27.024131180438136,404,2.0,0.48360297083854675,146,526,115,56
751,27.0910225942511,405,2.0,0.4856087267398834,1365,548,88,76
784,27.0910225942511,405,2.0,0.6423441767692566,112,537,117,58
813,27.0910225942511,405,2.0,0.3595362901687622,1550,314,54,64
751,27.157914008064065,406,2.0,0.48628100752830505,1374,534,81,74
784,27.157914008064065,406,2.0,0.7271610498428345,74,549,121,58
813,27.157914008064065,406,2.0,0.31374531984329224,1550,313,53,63
814,27.157914008064065,406,2.0,0.7326049208641052,855,505,98,55
751,27.224805421877033,407,2.0,0.5047379732131958,1382,522,81,71
784,27.224805421877033,407,2.0,0.48195576667785645,49,562,99,59
813,27.224805421877033,407,2.0,0.36256444454193115,1548,314,43,56
751,27.291696835689997,408,2.0,0.5793513655662537,1389,509,79,70
784,27.291696835689997,408,2.0,0.48571595549583435,30,569,61,52
813,27.291696835689997,408,2.0,0.2266255021095276,1549,309,43,58
751,27.35858824950296,409,2.0,0.546762228012085,1397,499,77,67
813,27.35858824950296,409,2.0,0.20706281065940857,1549,306,42,60
751,27.42547966331593,410,2.0,0.5671573877334595,1404,489,76,67
813,27.42547966331593,410,2.0,0.25788021087646484,1549,304,43,62
828,27.42547966331593,410,2.0,0.6509753465652466,939,456,90,54
751,27.492371077128894,411,2.0,0.638410747051239,1410,478,73,65
813,27.492371077128894,411,2.0,0.42876213788986206,1548,304,39,54
828,27.492371077128894,411,2.0,0.7555474638938904,958,447,92,48
664,27.492371077128894,411,2.0,0.5600830316543579,398,458,83,49
751,27.559262490941858,412,2.0,0.6194919347763062,1416,467,67,63
813,27.559262490941858,412,2.0,0.3742149770259857,1548,303,35,44
828,27.559262490941858,412,2.0,0.7126270532608032,971,436,83,44
664,27.559262490941858,412,2.0,0.5919577479362488,379,464,87,51
751,27.626153904754826,413,2.0,0.47278738021850586,1422,460,64,59
813,27.626153904754826,413,2.0,0.29465144872665405,1551,301,37,44
828,27.626153904754826,413,2.0,0.6455239057540894,986,427,76,43
751,27.69304531856779,414,2.0,0.4054638743400574,1427,451,66,58
813,27.69304531856779,414,2.0,0.3624110519886017,1552,299,38,46
828,27.69304531856779,414,2.0,0.6750641465187073,1002,417,77,42
661,27.69304531856779,414,2.0,0.3388150632381439,480,405,72,48
751,27.75993673238076,415,2.0,0.4165326654911041,1432,442,64,56
813,27.75993673238076,415,2.0,0.24561844766139984,1552,298,38,44
828,27.75993673238076,415,2.0,0.6975388526916504,1016,408,73,43
661,27.75993673238076,415,2.0,0.425662100315094,466,408,73,51
751,27.826828146193723,416,2.0,0.47250136733055115,1437,436,60,55
813,27.826828146193723,416,2.0,0.3280419707298279,1555,299,41,43
828,27.826828146193723,416,2.0,0.6485913395881653,1029,399,72,40
661,27.826828146193723,416,2.0,0.6771798729896545,449,414,76,54
751,27.893719560006687,417,2.0,0.5272799134254456,1441,427,57,55
813,27.893719560006687,417,2.0,0.133133202791214,1554,296,42,39
828,27.893719560006687,417,2.0,0.721182644367218,1040,389,71,40
661,27.893719560006687,417,2.0,0.6726356744766235,426,420,76,58
751,27.960610973819655,418,2.0,0.608213484287262,1445,421,55,53
813,27.960610973819655,418,2.0,0.2827739417552948,1555,293,42,40
828,27.960610973819655,418,2.0,0.6657781600952148,1051,384,69,40
661,27.960610973819655,418,2.0,0.5368009805679321,405,429,81,58
751,28.02750238763262,419,2.0,0.5220168232917786,1450,415,57,52
813,28.02750238763262,419,2.0,0.12136748433113098,1558,283,46,46
828,28.02750238763262,419,2.0,0.6018641591072083,1062,377,67,36
661,28.02750238763262,419,2.0,0.5710098743438721,381,437,83,59
851,28.02750238763262,419,2.0,0.5628636479377747,800,307,45,35
751,28.094393801445584,420,2.0,0.4232957661151886,1453,407,54,47
813,28.094393801445584,420,2.0,0.12968803942203522,1557,282,48,51
828,28.094393801445584,420,2.0,0.694922685623169,1071,370,67,35
661,28.094393801445584,420,2.0,0.6396461725234985,355,445,84,62
851,28.094393801445584,420,2.0,0.5244596004486084,793,310,50,36
751,28.16128521525855,421,2.0,0.523080587387085,1459,401,53,49
813,28.16128521525855,421,2.0,0.16424033045768738,1559,280,49,52
828,28.16128521525855,421,2.0,0.6034127473831177,1081,364,64,36
661,28.16128521525855,421,2.0,0.6465197801589966,329,456,87,59
851,28.16128521525855,421,2.0,0.42061376571655273,780,315,47,36
751,28.228176629071516,422,2.0,0.5956781506538391,1463,394,55,48
813,28.228176629071516,422,2.0,0.3149348199367523,1560,278,49,51
828,28.228176629071516,422,2.0,0.6946387887001038,1089,358,60,35
661,28.228176629071516,422,2.0,0.7997556328773499,302,465,88,62
851,28.228176629071516,422,2.0,0.518548309803009,770,318,49,40
751,28.295068042884484,423,2.0,0.48906761407852173,1464,388,53,47
813,28.295068042884484,423,2.0,0.13075502216815948,1560,277,48,48
828,28.295068042884484,423,2.0,0.6345950365066528,1096,351,55,33
661,28.295068042884484,423,2.0,0.558881938457489,271,473,91,65
851,28.295068042884484,423,2.0,0.34439370036125183,758,323,48,40
751,28.36195945669745,424,2.0,0.48808276653289795,1468,383,52,47
813,28.36195945669745,424,2.0,0.1559937298297882,1561,276,49,47
828,28.36195945669745,424,2.0,0.6379859447479248,1103,345,53,32
661,28.36195945669745,424,2.0,0.6654984354972839,243,484,94,63
851,28.36195945669745,424,2.0,0.5040571093559265,746,332,50,41
751,28.428850870510413,425,2.0,0.6046348810195923,1469,378,52,46
813,28.428850870510413,425,2.0,0.16456064581871033,1563,275,51,46
828,28.428850870510413,425,2.0,0.647783637046814,1110,339,53,35
661,28.428850870510413,425,2.0,0.5842593908309937,212,494,98,66
851,28.428850870510413,425,2.0,0.18367497622966766,734,338,52,38
751,28.49574228432338,426,2.0,0.6020903587341309,1474,373,53,45
813,28.49574228432338,426,2.0,0.24783681333065033,1565,274,54,46
828,28.49574228432338,426,2.0,0.5788083672523499,1117,334,51,32
661,28.49574228432338,426,2.0,0.44491541385650635,180,505,103,66
851,28.49574228432338,426,2.0,0.43709126114845276,722,342,54,41
877,28.49574228432338,426,2.0,0.3335500657558441,1555,282,36,37
751,28.562633698136345,427,2.0,0.6062203049659729,1477,369,47,45
813,28.562633698136345,427,2.0,0.3100348711013794,1568,273,58,45
828,28.562633698136345,427,2.0,0.5820836424827576,1126,330,53,31
661,28.562633698136345,427,2.0,0.5859116911888123,145,517,106,68
851,28.562633698136345,427,2.0,0.5079622864723206,708,345,56,41
877,28.562633698136345,427,2.0,0.3335926830768585,1553,280,31,37
751,28.62952511194931,428,2.0,0.6781598329544067,1479,363,47,42
813,28.62952511194931,428,2.0,0.32698166370391846,1567,272,57,48
828,28.62952511194931,428,2.0,0.35288313031196594,1131,322,54,32
661,28.62952511194931,428,2.0,0.49765825271606445,109,527,112,71
851,28.62952511194931,428,2.0,0.3100660741329193,694,351,58,40
664,28.62952511194931,428,2.0,0.6479011178016663,367,474,95,59
751,28.696416525762277,429,2.0,0.640120804309845,1480,359,47,43
813,28.696416525762277,429,2.0,0.43897074460983276,1567,271,57,45
828,28.696416525762277,429,2.0,0.2982705533504486,1138,318,50,31
661,28.696416525762277,429,2.0,0.6141486167907715,70,540,117,74
851,28.696416525762277,429,2.0,0.6116053462028503,679,357,57,43
889,28.696416525762277,429,2.0,0.6689034700393677,182,773,248,120
751,28.763307939575242,430,2.0,0.723817765712738,1481,355,44,41
813,28.763307939575242,430,2.0,0.39150023460388184,1568,269,58,43
828,28.763307939575242,430,2.0,0.3429412543773651,1143,313,46,31
661,28.763307939575242,430,2.0,0.6541445255279541,46,552,93,73
851,28.763307939575242,430,2.0,0.45565417408943176,663,362,60,44
751,28.830199353388206,431,2.0,0.7088575959205627,1481,351,41,37
813,28.830199353388206,431,2.0,0.35387420654296875,1568,268,58,39
828,28.830199353388206,431,2.0,0.2916390299797058,1147,308,43,28
851,28.830199353388206,431,2.0,0.44325608015060425,647,365,59,44
751,28.897090767201174,432,2.0,0.5623841881752014,1487,347,50,39
813,28.897090767201174,432,2.0,0.30650007724761963,1569,268,59,36
828,28.897090767201174,432,2.0,0.3358263075351715,1152,306,44,28
851,28.897090767201174,432,2.0,0.6434726715087891,631,374,61,46
751,28.96398218101414,433,2.0,0.5269469022750854,1491,342,51,40
813,28.96398218101414,433,2.0,0.23165158927440643,1569,268,58,33
828,28.96398218101414,433,2.0,0.16530157625675201,1158,300,48,29
851,28.96398218101414,433,2.0,0.5057401657104492,613,379,65,48
751,29.030873594827106,434,2.0,0.37914443016052246,1492,338,50,41
813,29.030873594827106,434,2.0,0.18876302242279053,1569,268,56,31
828,29.030873594827106,434,2.0,0.19329233467578888,1161,296,46,29
851,29.030873594827106,434,2.0,0.40789201855659485,595,386,65,47
751,29.09776500864007,435,2.0,0.3256625533103943,1495,335,55,40
813,29.09776500864007,435,2.0,0.1643795222043991,1570,269,55,30
828,29.09776500864007,435,2.0,0.1746508628129959,1166,294,40,29
851,29.09776500864007,435,2.0,0.43550243973731995,576,394,68,50
751,29.164656422453035,436,2.0,0.4513798952102661,1495,331,50,37
813,29.164656422453035,436,2.0,0.16964660584926605,1571,268,56,30
851,29.164656422453035,436,2.0,0.6261797547340393,557,400,70,49
751,29.231547836266003,437,2.0,0.40785497426986694,1497,327,45,36
813,29.231547836266003,437,2.0,0.24651776254177094,1571,265,57,33
851,29.231547836266003,437,2.0,0.48351338505744934,535,407,72,50
920,29.231547836266003,437,2.0,0.7862709164619446,272,472,95,69
751,29.298439250078967,438,2.0,0.33027753233909607,1498,324,44,36
813,29.298439250078967,438,2.0,0.17778129875659943,1573,264,59,32
851,29.298439250078967,438,2.0,0.6134308576583862,513,416,74,51
920,29.298439250078967,438,2.0,0.6462936401367188,247,484,98,67
751,29.365330663891932,439,2.0,0.3435363471508026,1499,320,41,36
813,29.365330663891932,439,2.0,0.14580826461315155,1568,263,50,29
851,29.365330663891932,439,2.0,0.6257849931716919,490,424,76,54
920,29.365330663891932,439,2.0,0.6546043157577515,212,495,104,69
751,29.4322220777049,440,2.0,0.5305742621421814,1500,316,41,37
813,29.4322220777049,440,2.0,0.12405799329280853,1565,262,42,28
851,29.4322220777049,440,2.0,0.5436439514160156,465,432,78,54
920,29.4322220777049,440,2.0,0.4210612177848816,178,506,110,70
751,29.499113491517864,441,2.0,0.4252714216709137,1501,314,38,36
851,29.499113491517864,441,2.0,0.454146146774292,438,443,83,56
920,29.499113491517864,441,2.0,0.7128135561943054,141,519,111,72
751,29.56600490533083,442,2.0,0.6102636456489563,1500,310,37,32
851,29.56600490533083,442,2.0,0.5863050222396851,412,452,84,57
920,29.56600490533083,442,2.0,0.5846885442733765,104,529,119,78
889,29.56600490533083,442,2.0,0.7498235702514648,143,814,206,110
751,29.632896319143796,443,2.0,0.4834952652454376,1500,307,34,32
851,29.632896319143796,443,2.0,0.5429250597953796,384,462,90,61
920,29.632896319143796,443,2.0,0.39042726159095764,68,542,125,78
751,29.69978773295676,444,2.0,0.586858868598938,1500,305,35,31
851,29.69978773295676,444,2.0,0.5660909414291382,356,472,92,62
920,29.69978773295676,444,2.0,0.47199609875679016,45,547,91,66
751,29.76667914676973,445,2.0,0.4053448438644409,1501,302,35,30
851,29.76667914676973,445,2.0,0.39255696535110474,325,482,96,62
751,29.833570560582693,446,2.0,0.18290093541145325,1505,301,38,30
851,29.833570560582693,446,2.0,0.5852500200271606,291,494,99,64
751,29.900461974395657,447,2.0,0.1394178867340088,1510,298,39,30
851,29.900461974395657,447,2.0,0.6202086210250854,257,506,104,65
751,29.967353388208625,448,2.0,0.2936839163303375,1511,294,38,31
851,29.967353388208625,448,2.0,0.6683807373046875,220,517,105,67
751,30.03424480202159,449,2.0,0.11416041851043701,1513,292,35,30
851,30.03424480202159,449,2.0,0.6805281043052673,182,531,112,69
952,30.03424480202159,449,2.0,0.5351707935333252,902,418,89,56
751,30.101136215834554,450,2.0,0.3335057497024536,1514,289,33,31
851,30.101136215834554,450,2.0,0.6129087209701538,139,545,121,71
952,30.101136215834554,450,2.0,0.4837232232093811,918,410,88,51
751,30.168027629647522,451,2.0,0.5712051391601562,1515,286,33,30
851,30.168027629647522,451,2.0,0.6999202370643616,97,560,127,75
960,30.168027629647522,451,2.0,0.4825955927371979,788,306,48,31
751,30.234919043460486,452,2.0,0.6383438110351562,1515,285,33,29
851,30.234919043460486,452,2.0,0.561551570892334,59,575,114,75
965,30.234919043460486,452,2.0,0.7554372549057007,374,768,182,115
751,30.301810457273454,453,2.0,0.6932849884033203,1516,283,34,28
851,30.301810457273454,453,2.0,0.6698102355003357,33,588,67,70
751,30.36870187108642,454,2.0,0.5117599964141846,1516,280,34,27
751,30.435593284899383,455,2.0,0.287544846534729,1519,279,33,26
987,30.50248469871235,456,2.0,0.7045747637748718,608,638,136,87
987,30.569376112525315,457,2.0,0.6116868853569031,637,623,130,85
889,30.569376112525315,457,2.0,0.5125722885131836,76,845,151,112
987,30.63626752633828,458,2.0,0.5930786728858948,676,601,122,82
889,30.63626752633828,458,2.0,0.7266122698783875,104,825,208,123
987,30.703158940151248,459,2.0,0.5670040249824524,714,580,121,79
987,30.770050353964212,460,2.0,0.4842495322227478,744,562,110,77
987,30.836941767777176,461,2.0,0.5537393093109131,774,547,107,73
987,30.903833181590144,462,2.0,0.6326104998588562,801,529,102,70
1012,30.903833181590144,462,2.0,0.7647350430488586,920,417,77,40
1015,30.903833181590144,462,2.0,0.5053377151489258,1062,325,61,37
987,30.97072459540311,463,2.0,0.5376014113426208,827,516,97,67
1012,30.97072459540311,463,2.0,0.7635615468025208,934,410,66,41
987,31.037616009216077,464,2.0,0.4086712598800659,849,503,92,65
1012,31.037616009216077,464,2.0,0.6406856775283813,954,401,61,37
987,31.10450742302904,465,2.0,0.29726192355155945,871,490,91,65
1012,31.10450742302904,465,2.0,0.5527305006980896,968,392,64,38
1028,31.10450742302904,465,2.0,0.5206146240234375,1082,311,58,35
987,31.171398836842005,466,2.0,0.5848267674446106,890,477,83,60
1012,31.171398836842005,466,2.0,0.7054581642150879,980,382,60,36
1028,31.171398836842005,466,2.0,0.5757969617843628,1086,307,48,32
987,31.238290250654973,467,2.0,0.4564895033836365,918,466,96,60
1012,31.238290250654973,467,2.0,0.6045151948928833,993,376,54,34
1028,31.238290250654973,467,2.0,0.203170508146286,1093,301,44,29
987,31.305181664467938,468,2.0,0.5593633651733398,938,455,102,59
1012,31.305181664467938,468,2.0,0.6348506808280945,1007,368,58,35
1028,31.305181664467938,468,2.0,0.4766034781932831,1103,295,55,35
987,31.372073078280902,469,2.0,0.6028329133987427,950,445,89,55
1012,31.372073078280902,469,2.0,0.6244102716445923,1015,361,56,37
1028,31.372073078280902,469,2.0,0.4173167049884796,1105,292,56,35
1048,31.372073078280902,469,2.0,0.670803964138031,521,413,81,45
1049,31.372073078280902,469,2.0,0.6840810179710388,1378,546,67,55
960,31.372073078280902,469,2.0,0.5097662806510925,802,307,38,26
965,31.372073078280902,469,2.0,0.8248744010925293,332,803,217,106
987,31.43896449209387,470,2.0,0.4991150200366974,964,436,84,53
1012,31.43896449209387,470,2.0,0.7026067972183228,1028,355,57,34
1028,31.43896449209387,470,2.0,0.45275068283081055,1112,288,49,33
1049,31.43896449209387,470,2.0,0.6339448690414429,1391,531,71,52
960,31.43896449209387,470,2.0,0.6186146140098572,797,309,41,29
965,31.43896449209387,470,2.0,0.7912740707397461,364,779,192,100
987,31.505855905906834,471,2.0,0.6866577863693237,977,426,77,53
1012,31.505855905906834,471,2.0,0.40179920196533203,1038,350,54,34
1028,31.505855905906834,471,2.0,0.4616720974445343,1115,284,41,32
1049,31.505855905906834,471,2.0,0.6750849485397339,1397,515,62,49
960,31.505855905906834,471,2.0,0.5072943568229675,790,310,44,34
987,31.572747319719802,472,2.0,0.5750542283058167,989,417,72,49
1012,31.572747319719802,472,2.0,0.6622604727745056,1046,341,48,34
1028,31.572747319719802,472,2.0,0.18063974380493164,1117,279,42,31
1049,31.572747319719802,472,2.0,0.6365858912467957,1404,500,54,47
960,31.572747319719802,472,2.0,0.5329111218452454,780,314,45,36
987,31.639638733532767,473,2.0,0.520026445388794,1003,409,73,49
1012,31.639638733532767,473,2.0,0.621932327747345,1054,335,51,32
1049,31.639638733532767,473,2.0,0.6610396504402161,1411,488,51,49
987,31.70653014734573,474,2.0,0.36279988288879395,1015,401,68,49
1012,31.70653014734573,474,2.0,0.6818906664848328,1063,330,50,31
1049,31.70653014734573,474,2.0,0.6072741150856018,1421,477,63,45
1012,31.7734215611587,475,2.0,0.443193256855011,1072,325,49,28
1049,31.7734215611587,475,2.0,0.6717892289161682,1425,464,57,44
1012,31.840312974971663,476,2.0,0.4619152247905731,1079,319,51,32
1049,31.840312974971663,476,2.0,0.6453467607498169,1430,455,49,41
987,31.840312974971663,476,2.0,0.4153730273246765,1040,386,68,48
1012,31.907204388784628,477,2.0,0.6050711870193481,1086,314,49,32
1049,31.907204388784628,477,2.0,0.5199443101882935,1437,444,55,39
987,31.907204388784628,477,2.0,0.34393948316574097,1050,380,65,47
1012,31.974095802597596,478,2.0,0.7148020267486572,1091,309,45,30
1049,31.974095802597596,478,2.0,0.5509575009346008,1442,435,59,37
987,31.974095802597596,478,2.0,0.4964797794818878,1059,373,65,44
1083,31.974095802597596,478,2.0,0.7358867526054382,901,421,87,51
1012,32.040987216410564,479,2.0,0.4512200355529785,1098,305,45,28
1049,32.040987216410564,479,2.0,0.5879625082015991,1447,426,56,37
987,32.040987216410564,479,2.0,0.44803616404533386,1067,367,60,42
1083,32.040987216410564,479,2.0,0.6084940433502197,918,413,82,47
1089,32.040987216410564,479,2.0,0.6017627120018005,1290,973,175,174
1049,32.107878630223524,480,2.0,0.4016181528568268,1453,417,58,36
987,32.107878630223524,480,2.0,0.3779520094394684,1078,361,63,42
1083,32.107878630223524,480,2.0,0.5257852077484131,934,404,72,46
1089,32.107878630223524,480,2.0,0.5925731062889099,1314,939,167,171
1049,32.17477004403649,481,2.0,0.606130838394165,1455,410,49,35
987,32.17477004403649,481,2.0,0.43917858600616455,1085,354,54,38
1083,32.17477004403649,481,2.0,0.5948271155357361,948,395,70,47
1089,32.17477004403649,481,2.0,0.6030656099319458,1334,895,153,153
889,32.17477004403649,481,2.0,0.608473002910614,93,844,186,123
1049,32.24166145784946,482,2.0,0.6264147758483887,1457,402,46,34
987,32.24166145784946,482,2.0,0.44978436827659607,1093,350,51,38
1083,32.24166145784946,482,2.0,0.6203851103782654,967,386,73,44
1089,32.24166145784946,482,2.0,0.5955517888069153,1356,855,140,143
889,32.24166145784946,482,2.0,0.7485005855560303,139,819,206,123
1049,32.30855287166242,483,2.0,0.39410850405693054,1462,394,51,32
987,32.30855287166242,483,2.0,0.370936781167984,1100,343,50,37
1083,32.30855287166242,483,2.0,0.5084168314933777,979,378,66,42
1089,32.30855287166242,483,2.0,0.425325483083725,1372,817,132,128
1049,32.37544428547539,484,2.0,0.5555034875869751,1463,387,47,33
987,32.37544428547539,484,2.0,0.3870633840560913,1106,339,51,37
1083,32.37544428547539,484,2.0,0.47084593772888184,989,369,67,44
1089,32.37544428547539,484,2.0,0.4664907455444336,1387,787,122,124
1049,32.44233569928836,485,2.0,0.6115018725395203,1465,380,45,30
987,32.44233569928836,485,2.0,0.40390342473983765,1113,334,48,36
1083,32.44233569928836,485,2.0,0.618667721748352,1005,363,66,41
1089,32.44233569928836,485,2.0,0.5293064117431641,1398,759,118,117
1049,32.50922711310132,486,2.0,0.4873507618904114,1471,374,46,31
987,32.50922711310132,486,2.0,0.10500609874725342,1119,328,48,34
1083,32.50922711310132,486,2.0,0.6808452606201172,1013,358,57,41
1089,32.50922711310132,486,2.0,0.6525191068649292,1409,731,109,109
1049,32.576118526914286,487,2.0,0.5569702982902527,1474,368,47,31
987,32.576118526914286,487,2.0,0.342069149017334,1126,322,52,32
1083,32.576118526914286,487,2.0,0.5239577293395996,1025,351,56,39
1089,32.576118526914286,487,2.0,0.5824945569038391,1420,707,105,101
1049,32.643009940727254,488,2.0,0.7790115475654602,1476,362,43,32
987,32.643009940727254,488,2.0,0.33756428956985474,1132,318,49,33
1083,32.643009940727254,488,2.0,0.5932241082191467,1034,342,57,39
1089,32.643009940727254,488,2.0,0.5093237161636353,1428,685,101,95
1123,32.643009940727254,488,2.0,0.7123132944107056,969,436,75,43
1048,32.643009940727254,488,2.0,0.5524272322654724,532,410,75,46
1049,32.709901354540214,489,2.0,0.789680540561676,1477,356,42,29
987,32.709901354540214,489,2.0,0.3116261065006256,1138,314,46,34
1083,32.709901354540214,489,2.0,0.6329847574234009,1040,337,51,39
1089,32.709901354540214,489,2.0,0.286563903093338,1438,663,95,90
1123,32.709901354540214,489,2.0,0.6136053800582886,983,425,72,41
1048,32.709901354540214,489,2.0,0.6569196581840515,515,416,76,48
1049,32.77679276835318,490,2.0,0.511380136013031,1480,353,42,27
987,32.77679276835318,490,2.0,0.16455435752868652,1142,310,41,30
1083,32.77679276835318,490,2.0,0.6654990911483765,1052,332,53,36
1089,32.77679276835318,490,2.0,0.5084668397903442,1447,645,93,85
1123,32.77679276835318,490,2.0,0.4394778907299042,1002,415,74,42
1049,32.84368418216615,491,2.0,0.5390368103981018,1481,347,43,28
987,32.84368418216615,491,2.0,0.4537028968334198,1147,306,42,30
1089,32.84368418216615,491,2.0,0.46316370368003845,1453,626,88,83
1123,32.84368418216615,491,2.0,0.7652863264083862,1016,407,67,40
1015,32.84368418216615,491,2.0,0.5382987856864929,1062,327,71,38
1049,32.91057559597911,492,2.0,0.5514906644821167,1483,342,41,29
987,32.91057559597911,492,2.0,0.22482703626155853,1152,301,46,32
1089,32.91057559597911,492,2.0,0.6095466017723083,1460,610,84,82
1123,32.91057559597911,492,2.0,0.39240801334381104,1031,396,68,40
1083,32.91057559597911,492,2.0,0.49682170152664185,1069,319,52,38
1049,32.97746700979208,493,2.0,0.3996553421020508,1485,338,38,27
987,32.97746700979208,493,2.0,0.15442019701004028,1157,297,44,31
1089,32.97746700979208,493,2.0,0.5045253038406372,1466,593,81,78
1123,32.97746700979208,493,2.0,0.6044406294822693,1042,389,64,39
1083,32.97746700979208,493,2.0,0.43428346514701843,1076,314,51,37
1049,33.04435842360505,494,2.0,0.27804329991340637,1488,333,37,24
1089,33.04435842360505,494,2.0,0.40301215648651123,1470,578,78,76
1123,33.04435842360505,494,2.0,0.6134152412414551,1051,381,61,35
1083,33.04435842360505,494,2.0,0.44932159781455994,1080,311,52,36
1049,33.11124983741801,495,2.0,0.1340283453464508,1491,330,37,25
1089,33.11124983741801,495,7.0,0.14743010699748993,1475,565,80,74
1123,33.11124983741801,495,2.0,0.6308077573776245,1063,375,59,35
1083,33.11124983741801,495,2.0,0.505465030670166,1087,306,47,33
1049,33.178141251230976,496,2.0,0.26028937101364136,1495,325,36,26
1089,33.178141251230976,496,7.0,0.14451821148395538,1478,551,77,71
1123,33.178141251230976,496,2.0,0.5182044506072998,1072,366,56,34
1083,33.178141251230976,496,2.0,0.12424051016569138,1092,302,38,32
1049,33.245032665043944,497,2.0,0.19580693542957306,1498,323,39,25
1089,33.245032665043944,497,2.0,0.3902450203895569,1482,540,74,68
1123,33.245032665043944,497,2.0,0.519242525100708,1082,360,55,33
1049,33.31192407885691,498,2.0,0.33825063705444336,1498,318,37,26
1089,33.31192407885691,498,2.0,0.3706085681915283,1487,528,68,66
1123,33.31192407885691,498,2.0,0.6492594480514526,1092,354,54,30
1083,33.31192407885691,498,2.0,0.37711337208747864,1108,292,41,33
1049,33.37881549266987,499,2.0,0.42908892035484314,1498,313,34,22
1089,33.37881549266987,499,2.0,0.4739812910556793,1491,517,67,63
1123,33.37881549266987,499,2.0,0.6454872488975525,1100,347,54,30
1049,33.44570690648284,500,2.0,0.4244159162044525,1498,309,33,23
1089,33.44570690648284,500,2.0,0.4973476231098175,1496,507,62,60
1123,33.44570690648284,500,2.0,0.5001897811889648,1107,343,51,32
1049,33.51259832029581,501,2.0,0.4363269507884979,1501,306,35,22
1089,33.51259832029581,501,2.0,0.5438615679740906,1499,497,63,60
1123,33.51259832029581,501,2.0,0.4575057327747345,1115,336,47,29
1160,33.51259832029581,501,2.0,0.6048113107681274,907,429,79,47
1049,33.57948973410877,502,2.0,0.3547855615615845,1501,303,35,23
1089,33.57948973410877,502,2.0,0.3734903335571289,1501,488,60,60
1123,33.57948973410877,502,2.0,0.5845609307289124,1121,330,45,26
1160,33.57948973410877,502,2.0,0.7627126574516296,929,420,88,45
1165,33.57948973410877,502,2.0,0.5810310244560242,820,295,42,33
1049,33.64638114792174,503,2.0,0.12384455651044846,1502,301,37,24
1089,33.64638114792174,503,2.0,0.4077022671699524,1504,480,55,58
1123,33.64638114792174,503,2.0,0.45841285586357117,1126,326,46,24
1160,33.64638114792174,503,2.0,0.6657987833023071,943,410,79,46
1049,33.713272561734705,504,2.0,0.14320969581604004,1503,299,39,25
1089,33.713272561734705,504,2.0,0.4782494306564331,1506,472,57,56
1123,33.713272561734705,504,2.0,0.1680995523929596,1132,321,47,29
1160,33.713272561734705,504,2.0,0.6550173163414001,960,401,75,47
1170,33.713272561734705,504,2.0,0.6442782282829285,801,306,37,29
1089,33.780163975547666,505,2.0,0.3081599473953247,1510,462,57,55
1123,33.780163975547666,505,2.0,0.23757144808769226,1138,315,43,30
1160,33.780163975547666,505,2.0,0.6093205213546753,971,391,70,43
1170,33.780163975547666,505,2.0,0.49683764576911926,793,307,49,33
1089,33.847055389360634,506,2.0,0.3530184030532837,1513,456,55,54
1123,33.847055389360634,506,2.0,0.24932532012462616,1142,310,39,27
1160,33.847055389360634,506,2.0,0.6588465571403503,986,383,66,40
1170,33.847055389360634,506,2.0,0.4667527973651886,784,311,47,36
1089,33.9139468031736,507,2.0,0.5622929334640503,1515,449,56,51
1123,33.9139468031736,507,2.0,0.5132205486297607,1147,306,40,24
1160,33.9139468031736,507,2.0,0.4520173668861389,1003,376,72,37
1170,33.9139468031736,507,2.0,0.3410572111606598,771,314,47,40
1089,33.98083821698656,508,2.0,0.5335104465484619,1516,441,53,47
1123,33.98083821698656,508,2.0,0.23412282764911652,1153,303,44,24
1160,33.98083821698656,508,2.0,0.6357691884040833,1012,367,63,38
1170,33.98083821698656,508,2.0,0.15961112082004547,760,318,51,41
1089,34.04772963079953,509,2.0,0.44061988592147827,1518,435,56,49
1160,34.04772963079953,509,2.0,0.4346682131290436,1022,361,61,37
1089,34.1146210446125,510,2.0,0.3397441804409027,1520,428,53,45
1160,34.1146210446125,510,2.0,0.645229697227478,1032,355,62,35
1089,34.18151245842546,511,2.0,0.4555789530277252,1522,423,52,46
1160,34.18151245842546,511,2.0,0.4873238801956177,1042,347,63,39
1089,34.24840387223843,512,2.0,0.39826151728630066,1524,418,46,44
1160,34.24840387223843,512,2.0,0.6440143585205078,1052,340,59,36
1089,34.315295286051395,513,2.0,0.41080546379089355,1526,411,47,43
1160,34.315295286051395,513,2.0,0.47552138566970825,1059,334,59,33
1089,34.382186699864356,514,2.0,0.5947470664978027,1527,406,45,41
1160,34.382186699864356,514,2.0,0.4437435567378998,1068,330,59,32
1089,34.449078113677324,515,2.0,0.44054779410362244,1528,401,43,39
1160,34.449078113677324,515,2.0,0.19612881541252136,1077,324,54,29
1089,34.51596952749029,516,2.0,0.31070175766944885,1530,396,44,40
1160,34.51596952749029,516,2.0,0.4291648864746094,1083,318,55,34
1089,34.58286094130326,517,2.0,0.33130690455436707,1530,391,44,38
1089,34.64975235511622,518,2.0,0.32876530289649963,1531,387,45,36
1160,34.64975235511622,518,2.0,0.47832393646240234,1095,307,48,31
1089,34.71664376892919,519,2.0,0.235860213637352,1532,383,44,35
1160,34.71664376892919,519,2.0,0.1578751504421234,1102,305,48,26
1089,34.783535182742156,520,2.0,0.4294899106025696,1533,378,44,34
1160,34.783535182742156,520,2.0,0.1772424727678299,1107,300,51,29
1089,34.85042659655512,521,2.0,0.24135088920593262,1534,374,44,36
1160,34.85042659655512,521,2.0,0.11752060055732727,1114,296,51,29
1089,34.917318010368085,522,2.0,0.24404916167259216,1534,370,44,35
1089,34.98420942418105,523,2.0,0.36891287565231323,1534,366,44,37
1089,35.051100837994014,524,2.0,0.24905678629875183,1535,361,46,37
1089,35.11799225180698,525,2.0,0.32679784297943115,1535,358,44,37
1089,35.18488366561995,526,2.0,0.1143820583820343,1535,354,42,36
1199,35.25177507943291,527,2.0,0.7877349257469177,362,467,90,58
1089,35.25177507943291,527,2.0,0.35578495264053345,1540,344,37,31
1089,35.31866649324588,528,2.0,0.17883877456188202,1539,342,40,34
1089,35.385557907058846,529,2.0,0.1258658766746521,1540,339,42,36
1202,35.385557907058846,529,2.0,0.778976559638977,297,490,100,61
1089,35.45244932087181,530,2.0,0.12417877465486526,1542,335,37,33
1213,35.519340734684775,531,6.0,0.40959247946739197,855,235,378,220
1213,35.58623214849774,532,6.0,0.29587313532829285,849,239,392,224
1213,35.653123562310704,533,6.0,0.3944765329360962,842,244,404,231
1213,35.72001497612367,534,6.0,0.4078103005886078,835,247,419,232
1213,35.78690638993664,535,6.0,0.316601037979126,828,249,431,239
1213,35.85379780374961,536,6.0,0.16892166435718536,849,247,391,238
1213,35.92068921756257,537,6.0,0.23657865822315216,824,251,439,237
1213,35.987580631375536,538,6.0,0.13941776752471924,811,253,466,244
1225,36.054472045188504,539,2.0,0.5927395820617676,639,366,66,47
1238,36.121363459001465,540,2.0,0.6001318097114563,461,411,76,50
1238,36.18825487281443,541,2.0,0.10591061413288116,455,415,100,52
1249,36.2551462866274,542,2.0,0.7651910781860352,106,819,213,135
1249,36.32203770044036,543,2.0,0.8135767579078674,150,788,236,128
1238,36.32203770044036,543,2.0,0.5340776443481445,439,441,92,54
1249,36.38892911425333,544,2.0,0.7348625659942627,218,752,232,120
1238,36.38892911425333,544,2.0,0.493442177772522,418,449,94,56
1249,36.4558205280663,545,2.0,0.814968466758728,288,718,216,116
1202,36.4558205280663,545,2.0,0.6749725937843323,283,470,94,65
1249,36.52271194187926,546,2.0,0.7746471762657166,351,687,201,110
1199,36.52271194187926,546,2.0,0.25841259956359863,354,471,100,61
1249,36.589603355692226,547,2.0,0.6827481389045715,410,660,187,101
1199,36.589603355692226,547,2.0,0.5300523638725281,333,478,103,63
1225,36.589603355692226,547,2.0,0.5990154147148132,656,358,86,44
1249,36.656494769505194,548,2.0,0.7369835376739502,464,634,175,97
1264,36.656494769505194,548,2.0,0.6200021505355835,881,261,59,30
1225,36.656494769505194,548,2.0,0.46015220880508423,647,361,85,45
1202,36.656494769505194,548,2.0,0.6388689279556274,288,490,105,61
1249,36.723386183318155,549,2.0,0.7436946630477905,511,612,164,90
1264,36.723386183318155,549,2.0,0.6070595979690552,876,264,61,35
1249,36.79027759713112,550,2.0,0.7056370973587036,553,595,155,85
1264,36.79027759713112,550,2.0,0.4106711149215698,871,267,57,38
1249,36.85716901094409,551,2.0,0.7075991034507751,593,575,147,82
1264,36.85716901094409,551,2.0,0.4701640009880066,863,270,57,38
1249,36.92406042475705,552,2.0,0.6378324031829834,629,555,138,78
1264,36.92406042475705,552,2.0,0.1917809247970581,859,273,60,37
1249,36.99095183857002,553,2.0,0.499208927154541,663,538,134,78
1264,36.99095183857002,553,2.0,0.40637579560279846,849,280,56,34
1249,37.05784325238299,554,2.0,0.7302789688110352,695,521,128,74
1264,37.05784325238299,554,2.0,0.4718727171421051,840,283,55,34
1283,37.05784325238299,554,2.0,0.6740389466285706,62,568,114,66
1249,37.124734666195955,555,2.0,0.596176266670227,726,508,122,71
1264,37.124734666195955,555,2.0,0.6604588031768799,835,286,54,36
1287,37.124734666195955,555,2.0,0.6913089156150818,515,410,82,57
1249,37.191626080008916,556,2.0,0.4975323975086212,754,495,115,69
1264,37.191626080008916,556,2.0,0.6780819892883301,828,290,58,40
1287,37.191626080008916,556,2.0,0.701215386390686,496,419,80,58
1249,37.258517493821884,557,2.0,0.6592305898666382,780,479,114,66
1264,37.258517493821884,557,2.0,0.6017375588417053,819,292,60,43
1287,37.258517493821884,557,2.0,0.7201467156410217,470,426,84,64
1249,37.32540890763485,558,2.0,0.7216876745223999,805,468,104,65
1264,37.32540890763485,558,2.0,0.5620205998420715,813,295,61,44
1287,37.32540890763485,558,2.0,0.5697137713432312,446,433,90,68
1292,37.32540890763485,558,2.0,0.6075783371925354,705,348,60,41
1249,37.39230032144781,559,2.0,0.5867617130279541,831,456,112,62
1264,37.39230032144781,559,2.0,0.5532556772232056,802,301,58,41
1287,37.39230032144781,559,2.0,0.41039812564849854,421,442,93,74
1292,37.39230032144781,559,2.0,0.4557170569896698,693,352,60,41
1249,37.45919173526078,560,2.0,0.5410065054893494,852,446,96,59
1264,37.45919173526078,560,2.0,0.5710486769676208,792,304,59,44
1287,37.45919173526078,560,2.0,0.46616294980049133,394,454,98,72
1249,37.52608314907375,561,2.0,0.4374244809150696,874,435,101,57
1264,37.52608314907375,561,2.0,0.6417210698127747,783,308,58,46
1287,37.52608314907375,561,2.0,0.4872809648513794,368,463,113,78
1249,37.59297456288671,562,2.0,0.5508100390434265,891,425,94,57
1264,37.59297456288671,562,2.0,0.5168181657791138,771,312,59,48
1287,37.59297456288671,562,2.0,0.4331139326095581,340,472,125,82
1249,37.65986597669968,563,2.0,0.7168375253677368,906,416,89,52
1264,37.65986597669968,563,2.0,0.6140358448028564,761,314,60,49
1287,37.65986597669968,563,2.0,0.5124548077583313,312,482,138,87
1199,37.65986597669968,563,2.0,0.3591088056564331,292,487,106,82
1249,37.726757390512645,564,2.0,0.44740936160087585,923,410,82,48
1264,37.726757390512645,564,2.0,0.37721261382102966,750,318,66,53
1287,37.726757390512645,564,7.0,0.2230837196111679,282,493,154,94
1249,37.793648804325606,565,2.0,0.45223990082740784,937,401,78,50
1264,37.793648804325606,565,2.0,0.42655766010284424,739,323,68,55
1287,37.793648804325606,565,2.0,0.40784555673599243,249,504,163,102
1249,37.860540218138574,566,2.0,0.5360349416732788,950,393,75,47
1264,37.860540218138574,566,2.0,0.20088356733322144,730,328,80,59
1287,37.860540218138574,566,2.0,0.34403032064437866,213,516,178,106
1249,37.92743163195154,567,2.0,0.44124317169189453,965,385,72,45
1264,37.92743163195154,567,2.0,0.5386928915977478,716,334,79,57
1249,37.9943230457645,568,2.0,0.4236994981765747,978,378,70,46
1264,37.9943230457645,568,2.0,0.4395831227302551,701,340,77,55
1314,37.9943230457645,568,2.0,0.7172020077705383,117,923,234,151
1283,37.9943230457645,568,2.0,0.6362687945365906,85,566,129,77
1249,38.06121445957747,569,2.0,0.4925849735736847,992,370,75,46
1264,38.06121445957747,569,2.0,0.5103079676628113,684,349,73,51
1314,38.06121445957747,569,2.0,0.8282085657119751,163,889,249,146
1283,38.06121445957747,569,2.0,0.5836400389671326,64,577,114,77
1249,38.12810587339044,570,2.0,0.3347928822040558,1007,365,78,41
1264,38.12810587339044,570,2.0,0.1614401489496231,673,352,85,57
1314,38.12810587339044,570,2.0,0.8374118804931641,233,847,238,140
1249,38.1949972872034,571,2.0,0.4428125023841858,1015,360,67,41
1314,38.1949972872034,571,2.0,0.8312166929244995,301,811,221,126
1287,38.1949972872034,571,2.0,0.5845578908920288,76,548,132,66
1249,38.26188870101637,572,2.0,0.5238615870475769,1020,356,60,36
1314,38.26188870101637,572,2.0,0.7581865787506104,363,777,205,117
1287,38.26188870101637,572,2.0,0.5046604871749878,52,559,104,59
1249,38.328780114829335,573,2.0,0.346410870552063,1035,346,65,41
1314,38.328780114829335,573,2.0,0.7651844024658203,420,747,192,112
1287,38.328780114829335,573,2.0,0.48608922958374023,32,567,64,49
1264,38.328780114829335,573,2.0,0.31309378147125244,631,367,110,68
1249,38.3956715286423,574,2.0,0.3473074734210968,1042,339,61,39
1314,38.3956715286423,574,2.0,0.7503454089164734,471,719,181,106
1341,38.3956715286423,574,2.0,0.7887392640113831,372,470,94,60
1264,38.3956715286423,574,2.0,0.10227686911821365,616,371,118,69
1249,38.462562942455264,575,2.0,0.5493889451026917,1050,334,53,38
1314,38.462562942455264,575,2.0,0.6412354707717896,530,694,197,104
1341,38.462562942455264,575,2.0,0.6820571422576904,343,480,104,60
1264,38.462562942455264,575,2.0,0.12068108469247818,592,381,118,65
1344,38.462562942455264,575,2.0,0.5781199932098389,834,285,56,33
1292,38.462562942455264,575,2.0,0.5821094512939453,576,390,81,52
1249,38.52945435626823,576,2.0,0.4045194089412689,1057,329,55,35
1314,38.52945435626823,576,2.0,0.746583104133606,566,673,171,97
1341,38.52945435626823,576,2.0,0.7815400958061218,310,493,105,64
1344,38.52945435626823,576,2.0,0.3988897204399109,828,292,54,39
1292,38.52945435626823,576,2.0,0.6605188846588135,561,396,86,55
1249,38.5963457700812,577,2.0,0.49220508337020874,1065,324,59,37
1314,38.5963457700812,577,2.0,0.5677725672721863,605,649,165,93
1292,38.5963457700812,577,2.0,0.5969516038894653,542,403,91,53
1199,38.5963457700812,577,2.0,0.6559968590736389,269,507,109,65
1249,38.66323718389416,578,2.0,0.2357698231935501,1075,317,56,38
1314,38.66323718389416,578,2.0,0.46043387055397034,641,628,158,90
1292,38.66323718389416,578,2.0,0.5298742055892944,521,410,94,56
1199,38.66323718389416,578,2.0,0.6972526907920837,243,516,111,70
1344,38.66323718389416,578,2.0,0.5209187865257263,808,302,55,35
1249,38.73012859770713,579,2.0,0.4810107350349426,1082,315,56,38
1314,38.73012859770713,579,2.0,0.6793033480644226,672,609,141,86
1292,38.73012859770713,579,2.0,0.7651644945144653,497,419,96,57
1199,38.73012859770713,579,2.0,0.7433596253395081,209,529,119,72
1344,38.73012859770713,579,2.0,0.5258845686912537,794,305,55,35
1249,38.7970200115201,580,2.0,0.5994800925254822,1087,309,53,37
1314,38.7970200115201,580,2.0,0.6617077589035034,701,590,130,79
1292,38.7970200115201,580,2.0,0.6502963900566101,473,428,99,58
1199,38.7970200115201,580,2.0,0.7061102986335754,169,542,124,72
1344,38.7970200115201,580,2.0,0.6492924690246582,786,309,54,37
1249,38.86391142533306,581,2.0,0.5832545757293701,1093,305,50,33
1314,38.86391142533306,581,2.0,0.6312909722328186,728,575,124,75
1292,38.86391142533306,581,2.0,0.6523491144180298,448,433,104,65
1344,38.86391142533306,581,2.0,0.5569508075714111,773,312,55,40
1364,38.86391142533306,581,2.0,0.582481324672699,539,389,80,43
1283,38.86391142533306,581,2.0,0.7205612659454346,102,563,131,79
1249,38.930802839146025,582,2.0,0.422513484954834,1097,302,45,30
1314,38.930802839146025,582,2.0,0.4295826554298401,763,553,128,85
1292,38.930802839146025,582,2.0,0.6823199391365051,422,446,110,63
1344,38.930802839146025,582,2.0,0.4214201867580414,764,316,59,41
1364,38.930802839146025,582,2.0,0.4784865081310272,521,391,85,49
1367,38.930802839146025,582,2.0,0.450599730014801,925,243,40,39
1283,38.930802839146025,582,2.0,0.706996500492096,79,572,131,80
1249,38.99769425295899,583,2.0,0.3586304783821106,1105,296,55,33
1314,38.99769425295899,583,2.0,0.6515640020370483,785,541,118,75
1292,38.99769425295899,583,2.0,0.65907883644104,394,458,117,61
1344,38.99769425295899,583,2.0,0.5076569318771362,754,319,61,42
1364,38.99769425295899,583,2.0,0.5115812420845032,498,399,88,54
1367,38.99769425295899,583,2.0,0.4270203113555908,921,244,41,40
1249,39.064585666771954,584,2.0,0.3901939392089844,1111,291,54,35
1314,39.064585666771954,584,2.0,0.5020646452903748,812,512,117,99
1292,39.064585666771954,584,2.0,0.7307655811309814,364,469,123,63
1344,39.064585666771954,584,2.0,0.27907535433769226,743,326,61,46
1364,39.064585666771954,584,2.0,0.5640954375267029,477,405,98,56
1367,39.064585666771954,584,2.0,0.24894602596759796,914,247,47,46
1249,39.13147708058492,585,2.0,0.5067828297615051,1116,288,45,33
1314,39.13147708058492,585,2.0,0.4765739440917969,837,495,120,106
1292,39.13147708058492,585,2.0,0.6510032415390015,333,479,129,67
1344,39.13147708058492,585,2.0,0.5039728879928589,731,334,61,45
1364,39.13147708058492,585,2.0,0.6089438199996948,459,413,101,56
1367,39.13147708058492,585,2.0,0.4190458059310913,906,252,45,41
1249,39.19836849439789,586,2.0,0.536575436592102,1118,284,43,30
1292,39.19836849439789,586,2.0,0.673793375492096,298,492,131,71
1344,39.19836849439789,586,2.0,0.36921846866607666,717,337,59,49
1364,39.19836849439789,586,2.0,0.6119779348373413,439,417,105,68
1367,39.19836849439789,586,2.0,0.45131945610046387,904,254,49,40
1249,39.26525990821085,587,2.0,0.5268936157226562,1121,282,42,30
1292,39.26525990821085,587,2.0,0.6137629747390747,263,504,133,73
1344,39.26525990821085,587,2.0,0.51296067237854,705,342,60,50
1364,39.26525990821085,587,2.0,0.5637995004653931,416,421,105,74
1367,39.26525990821085,587,2.0,0.4869309663772583,900,259,50,36
1249,39.33215132202382,588,2.0,0.3509407937526703,1124,279,39,29
1292,39.33215132202382,588,2.0,0.6706485152244568,226,518,138,75
1344,39.33215132202382,588,2.0,0.4524485170841217,691,348,59,47
1364,39.33215132202382,588,2.0,0.42229968309402466,394,426,110,81
1367,39.33215132202382,588,2.0,0.17489348351955414,891,261,51,41
1249,39.39904273583679,589,2.0,0.1794005185365677,1130,276,44,30
1292,39.39904273583679,589,2.0,0.4993705451488495,188,531,146,77
1344,39.39904273583679,589,2.0,0.38624605536460876,676,354,59,48
1364,39.39904273583679,589,2.0,0.614069938659668,375,431,119,89
1249,39.46593414964975,590,2.0,0.263538122177124,1135,271,44,31
1292,39.46593414964975,590,2.0,0.6115453839302063,144,544,153,78
1344,39.46593414964975,590,2.0,0.42011114954948425,659,360,61,48
1364,39.46593414964975,590,2.0,0.30603182315826416,354,437,134,95
1344,39.532825563462715,591,2.0,0.5351558327674866,644,364,68,50
1364,39.532825563462715,591,2.0,0.2747346758842468,334,443,150,102
1283,39.532825563462715,591,2.0,0.653288722038269,88,561,167,87
1344,39.59971697727568,592,2.0,0.40525975823402405,627,373,70,48
1364,39.59971697727568,592,7.0,0.1347554475069046,306,453,154,104
1394,39.59971697727568,592,2.0,0.5878222584724426,946,427,84,81
1283,39.59971697727568,592,2.0,0.406698614358902,73,568,143,77
1367,39.59971697727568,592,2.0,0.41815873980522156,863,278,48,33
1344,39.666608391088644,593,2.0,0.16567231714725494,612,377,80,58
1394,39.666608391088644,593,2.0,0.5254606008529663,959,423,81,79
1367,39.666608391088644,593,2.0,0.49602851271629333,854,282,43,31
1344,39.73349980490161,594,2.0,0.43406814336776733,588,386,74,51
1394,39.73349980490161,594,2.0,0.37119561433792114,981,419,89,69
1344,39.80039121871458,595,2.0,0.5296109914779663,565,398,71,43
1394,39.80039121871458,595,2.0,0.40985867381095886,988,419,74,47
1403,39.80039121871458,595,2.0,0.5411723256111145,310,436,86,47
1344,39.86728263252755,596,2.0,0.5534222722053528,545,409,79,42
1403,39.86728263252755,596,2.0,0.5190604329109192,297,441,90,52
1344,39.93417404634051,597,2.0,0.5287254452705383,522,415,79,47
1403,39.93417404634051,597,2.0,0.5328942537307739,278,447,88,54
1411,39.93417404634051,597,2.0,0.5523081421852112,1010,389,74,77
1394,39.93417404634051,597,2.0,0.4509826898574829,1012,406,68,43
1344,40.00106546015348,598,2.0,0.3793770670890808,498,424,75,48
1403,40.00106546015348,598,2.0,0.6322983503341675,261,453,86,53
1411,40.00106546015348,598,2.0,0.6571236252784729,1017,382,68,74
1283,40.00106546015348,598,2.0,0.5430135726928711,82,540,151,83
1344,40.067956873966445,599,2.0,0.20767804980278015,474,427,82,59
1403,40.067956873966445,599,2.0,0.4115491509437561,243,458,88,52
1411,40.067956873966445,599,2.0,0.10597050189971924,1036,378,80,72
1283,40.067956873966445,599,7.0,0.24091549217700958,69,545,133,77
1394,40.067956873966445,599,2.0,0.4847707152366638,1033,386,68,55
1403,40.134848287779405,600,2.0,0.598482072353363,224,462,95,55
1283,40.134848287779405,600,2.0,0.544949471950531,50,552,98,74
1417,40.134848287779405,600,2.0,0.4371464252471924,791,310,55,36
1394,40.134848287779405,600,2.0,0.5469510555267334,1042,375,66,64
1403,40.20173970159237,601,2.0,0.5536174774169922,208,468,97,56
1394,40.20173970159237,601,2.0,0.4642278254032135,1052,364,65,68
1344,40.20173970159237,601,2.0,0.536229133605957,421,449,84,54
1411,40.20173970159237,601,2.0,0.45786741375923157,1052,372,66,53
1403,40.26863111540534,602,2.0,0.40352413058280945,189,474,98,56
1394,40.26863111540534,602,2.0,0.5593318939208984,1059,356,65,70
1344,40.26863111540534,602,2.0,0.4673541188240051,390,460,87,57
1403,40.3355225292183,603,2.0,0.6342402696609497,169,481,98,55
1394,40.3355225292183,603,2.0,0.5576371550559998,1065,349,61,70
1344,40.3355225292183,603,2.0,0.5222783088684082,360,473,91,56
1403,40.40241394303127,604,2.0,0.435332715511322,148,486,100,55
1394,40.40241394303127,604,2.0,0.34964612126350403,1075,344,59,68
1344,40.40241394303127,604,2.0,0.368293821811676,329,483,97,58
1403,40.46930535684424,605,2.0,0.5055010318756104,128,492,102,58
1394,40.46930535684424,605,2.0,0.40086638927459717,1083,340,59,62
1403,40.5361967706572,606,2.0,0.5647774338722229,106,499,106,58
1394,40.5361967706572,606,2.0,0.5765429139137268,1088,334,61,65
1427,40.5361967706572,606,6.0,0.34141501784324646,863,251,356,218
1344,40.5361967706572,606,2.0,0.5803179144859314,260,506,106,62
1403,40.60308818447017,607,2.0,0.6159788966178894,83,506,112,60
1394,40.60308818447017,607,2.0,0.5898192524909973,1095,329,62,66
1427,40.60308818447017,607,6.0,0.11528896540403366,850,262,361,206
1344,40.60308818447017,607,2.0,0.5266661047935486,223,521,113,63
1403,40.669979598283135,608,2.0,0.5851243138313293,61,511,113,63
1394,40.669979598283135,608,2.0,0.5698865652084351,1100,325,58,65
1344,40.669979598283135,608,2.0,0.6581611633300781,183,534,116,67
1403,40.736871012096096,609,2.0,0.46800628304481506,47,520,95,61
1394,40.736871012096096,609,2.0,0.4369896948337555,1106,322,56,59
1344,40.736871012096096,609,2.0,0.7105828523635864,141,549,121,69
1403,40.80376242590906,610,2.0,0.21762041747570038,34,527,69,60
1394,40.80376242590906,610,2.0,0.6553069353103638,1112,318,56,55
1344,40.80376242590906,610,2.0,0.6592164039611816,94,564,127,70
1394,40.87065383972203,611,2.0,0.3847525119781494,1118,313,55,54
1344,40.87065383972203,611,2.0,0.44391000270843506,58,580,116,76
1394,40.93754525353499,612,2.0,0.643416166305542,1123,310,50,51
1394,41.00443666734796,613,2.0,0.5501351356506348,1128,309,52,47
1443,41.00443666734796,613,2.0,0.5605365037918091,607,379,78,46
1394,41.07132808116093,614,2.0,0.3986828327178955,1131,300,50,48
1443,41.07132808116093,614,2.0,0.480439156293869,591,386,82,45
1394,41.138219494973896,615,2.0,0.24079936742782593,1135,297,49,50
1417,41.138219494973896,615,2.0,0.28014570474624634,792,308,58,32
1394,41.20511090878686,616,2.0,0.4795079529285431,1142,300,46,40
1417,41.20511090878686,616,2.0,0.22230519354343414,786,312,49,36
1394,41.272002322599825,617,2.0,0.3181188702583313,1147,293,51,44
1394,41.33889373641279,618,2.0,0.4742904305458069,1150,290,51,45
1394,41.40578515022575,619,2.0,0.34264907240867615,1153,288,49,42
1394,41.47267656403872,620,2.0,0.20479145646095276,1155,285,49,41
1394,41.53956797785169,621,2.0,0.19282685220241547,1159,283,47,37
1467,41.60645939166465,622,2.0,0.7217022776603699,369,467,118,63
1467,41.67335080547762,623,2.0,0.5050998330116272,344,477,120,63
1467,41.740242219290586,624,2.0,0.5653791427612305,306,488,125,67
1467,41.80713363310355,625,2.0,0.5936364531517029,270,501,131,68
1467,41.874025046916515,626,2.0,0.6282880306243896,231,515,138,72
1467,41.94091646072948,627,2.0,0.46963000297546387,192,528,148,73
1467,42.00780787454244,628,2.0,0.737162172794342,149,544,153,78
1467,42.07469928835541,629,2.0,0.3598027527332306,103,558,165,82
1467,42.14159070216838,630,2.0,0.4286476969718933,71,573,142,83
1467,42.20848211598134,631,7.0,0.2021207958459854,47,587,94,78
1500,42.27537352979431,632,2.0,0.701242983341217,731,520,102,57
1502,42.27537352979431,632,2.0,0.43936508893966675,925,245,38,35
1500,42.342264943607276,633,2.0,0.7598164081573486,757,509,103,53
1502,42.342264943607276,633,2.0,0.39166152477264404,921,247,37,38
1500,42.409156357420244,634,2.0,0.7640852928161621,778,493,94,48
1443,42.409156357420244,634,2.0,0.363768070936203,449,435,80,61
1500,42.476047771233205,635,2.0,0.7170811295509338,804,483,93,49
1500,42.54293918504617,636,2.0,0.6680358648300171,830,470,96,49
1500,42.60983059885914,637,2.0,0.6672469973564148,849,457,90,48
1500,42.6767220126721,638,2.0,0.5636024475097656,869,449,82,42
1500,42.74361342648507,639,2.0,0.6431496143341064,882,439,79,42
1520,42.74361342648507,639,2.0,0.49747592210769653,890,265,40,36
1500,42.81050484029804,640,2.0,0.5188621282577515,899,429,77,42
1520,42.81050484029804,640,2.0,0.5093868374824524,883,267,40,35
1500,42.877396254111,641,2.0,0.7096648216247559,918,420,77,42
1520,42.877396254111,641,2.0,0.5166495442390442,877,268,43,40
1500,42.944287667923966,642,2.0,0.5898677110671997,931,413,75,40
1520,42.944287667923966,642,2.0,0.38393765687942505,873,268,48,45
1532,42.944287667923966,642,2.0,0.8001485466957092,320,462,87,56
1500,43.011179081736934,643,2.0,0.7459461688995361,943,405,69,39
1532,43.011179081736934,643,2.0,0.7441318035125732,296,469,91,60
1500,43.078070495549895,644,2.0,0.7442168593406677,960,399,70,37
1532,43.078070495549895,644,2.0,0.6291891932487488,270,478,96,64
1500,43.14496190936286,645,2.0,0.4561566114425659,971,390,70,39
1532,43.14496190936286,645,2.0,0.6466500163078308,241,488,97,63
1500,43.21185332317583,646,2.0,0.6389391422271729,980,382,64,37
1532,43.21185332317583,646,2.0,0.6922605633735657,211,496,102,65
1500,43.27874473698879,647,2.0,0.5242997407913208,991,376,65,35
1532,43.27874473698879,647,2.0,0.5794048309326172,183,507,104,64
1555,43.27874473698879,647,2.0,0.5984416604042053,696,354,55,35
1557,43.27874473698879,647,2.0,0.49194836616516113,829,296,45,33
1500,43.34563615080176,648,2.0,0.4683144688606262,1004,370,62,33
1532,43.34563615080176,648,2.0,0.6523718237876892,152,518,110,67
1500,43.41252756461473,649,2.0,0.5448430180549622,1013,364,61,37
1532,43.41252756461473,649,2.0,0.5673072338104248,121,527,113,69
1500,43.47941897842769,650,2.0,0.6683230400085449,1019,358,54,35
1532,43.47941897842769,650,2.0,0.6014226078987122,88,539,117,72
1500,43.546310392240656,651,2.0,0.6047135591506958,1031,352,57,33
1532,43.546310392240656,651,2.0,0.6716220378875732,57,548,113,75
1500,43.613201806053624,652,2.0,0.35795077681541443,1038,345,57,35
1532,43.613201806053624,652,2.0,0.6064358949661255,38,556,77,70
1500,43.68009321986659,653,2.0,0.45466557145118713,1046,340,52,35
1500,43.74698463367955,654,2.0,0.5501169562339783,1054,334,54,33
1500,43.81387604749252,655,2.0,0.5084890723228455,1060,330,56,31
1500,43.88076746130549,656,2.0,0.4829210937023163,1071,326,51,30
1597,43.88076746130549,656,2.0,0.6191850900650024,838,455,87,50
1443,43.88076746130549,656,2.0,0.7334171533584595,308,467,99,60
1597,43.94765887511845,657,2.0,0.5395376682281494,856,445,85,49
1443,43.94765887511845,657,2.0,0.6588829755783081,287,471,102,65
1597,44.01455028893142,658,2.0,0.5654655694961548,875,435,86,44
1443,44.01455028893142,658,2.0,0.5079827904701233,260,479,106,66
1555,44.01455028893142,658,2.0,0.632366418838501,705,352,52,35
1597,44.081441702744385,659,2.0,0.5896314978599548,895,424,80,48
1555,44.081441702744385,659,2.0,0.60164475440979,696,355,58,33
1597,44.148333116557346,660,2.0,0.6506196856498718,918,414,85,44
1597,44.215224530370314,661,2.0,0.6625154614448547,932,408,78,41
1597,44.28211594418328,662,2.0,0.5200098156929016,944,398,72,41
1597,44.34900735799624,663,2.0,0.466218501329422,957,389,65,40
1597,44.41589877180921,664,2.0,0.6198886036872864,969,383,64,39
1634,44.41589877180921,664,2.0,0.6678969264030457,64,547,117,78
1597,44.48279018562218,665,2.0,0.4613523781299591,982,375,64,38
1597,44.54968159943514,666,2.0,0.44886502623558044,990,367,63,39
1597,44.61657301324811,667,2.0,0.6715429425239563,1005,363,62,37
1646,44.61657301324811,667,2.0,0.7190693020820618,558,405,71,43
1597,44.683464427061075,668,2.0,0.6324752569198608,1014,358,59,37
1646,44.683464427061075,668,2.0,0.5836231112480164,538,411,74,42
1597,44.750355840874036,669,2.0,0.5234548449516296,1027,352,56,34
1646,44.750355840874036,669,2.0,0.8342324495315552,513,420,75,45
1597,44.817247254687004,670,2.0,0.4122810363769531,1036,344,58,38
1646,44.817247254687004,670,2.0,0.6846996545791626,492,430,78,46
1634,44.817247254687004,670,2.0,0.6330336928367615,98,570,135,71
1597,44.88413866849997,671,2.0,0.48232221603393555,1043,338,48,36
1646,44.88413866849997,671,2.0,0.8023594617843628,466,437,80,45
1597,44.95103008231294,672,2.0,0.6267126798629761,1052,333,52,34
1646,44.95103008231294,672,2.0,0.8338690996170044,441,446,83,48
1597,45.0179214961259,673,2.0,0.5969568490982056,1061,328,57,34
1646,45.0179214961259,673,2.0,0.7798874974250793,414,457,86,50
1597,45.08481290993887,674,2.0,0.46449989080429077,1071,323,52,30
1646,45.08481290993887,674,2.0,0.7408303022384644,386,465,89,53
1668,45.08481290993887,674,2.0,0.7323771119117737,964,432,83,52
1597,45.15170432375184,675,2.0,0.4259267747402191,1076,317,51,35
1646,45.15170432375184,675,2.0,0.7173967957496643,357,476,94,54
1668,45.15170432375184,675,2.0,0.7122304439544678,974,422,71,50
1597,45.2185957375648,676,2.0,0.3221941292285919,1082,313,53,36
1646,45.2185957375648,676,2.0,0.679919421672821,327,487,98,56
1668,45.2185957375648,676,2.0,0.7418327927589417,990,412,69,48
1597,45.285487151377765,677,2.0,0.6432824730873108,1087,308,49,32
1646,45.285487151377765,677,2.0,0.8108078241348267,294,498,99,58
1668,45.285487151377765,677,2.0,0.5193765759468079,1003,404,63,49
1597,45.35237856519073,678,2.0,0.533787190914154,1093,305,42,30
1646,45.35237856519073,678,2.0,0.660305917263031,259,511,104,61
1668,45.35237856519073,678,2.0,0.6392040252685547,1015,395,60,47
1597,45.419269979003694,679,2.0,0.39686617255210876,1098,301,43,28
1646,45.419269979003694,679,2.0,0.7670533061027527,224,523,110,61
1668,45.419269979003694,679,2.0,0.6667082905769348,1027,387,59,44
1597,45.48616139281666,680,2.0,0.16170252859592438,1105,296,52,32
1646,45.48616139281666,680,2.0,0.7198677659034729,187,537,118,64
1668,45.48616139281666,680,2.0,0.6450157761573792,1040,381,59,45
1679,45.48616139281666,680,2.0,0.5628042817115784,1295,1020,220,112
1597,45.55305280662963,681,2.0,0.1833903044462204,1114,292,47,31
1646,45.55305280662963,681,2.0,0.8152549862861633,146,550,122,66
1668,45.55305280662963,681,2.0,0.6287453770637512,1051,374,59,41
1679,45.55305280662963,681,2.0,0.7908582091331482,1293,1001,191,148
1597,45.61994422044259,682,2.0,0.19313548505306244,1118,289,43,31
1646,45.61994422044259,682,2.0,0.7390702366828918,103,565,128,68
1668,45.61994422044259,682,2.0,0.6091184616088867,1063,367,61,42
1679,45.61994422044259,682,2.0,0.7561736702919006,1327,965,192,161
1597,45.68683563425556,683,2.0,0.21648740768432617,1120,285,40,29
1646,45.68683563425556,683,2.0,0.7611621022224426,63,579,121,73
1668,45.68683563425556,683,2.0,0.65214604139328,1072,361,64,41
1679,45.68683563425556,683,2.0,0.7338575124740601,1343,918,162,157
1646,45.75372704806853,684,2.0,0.6943227052688599,39,592,78,68
1668,45.75372704806853,684,2.0,0.5609222054481506,1081,355,58,40
1679,45.75372704806853,684,2.0,0.6462796926498413,1376,872,170,147
1687,45.75372704806853,684,2.0,0.6117997169494629,482,374,64,39
1668,45.82061846188149,685,2.0,0.4389564096927643,1089,349,54,40
1679,45.82061846188149,685,2.0,0.5762811899185181,1387,832,147,135
1687,45.82061846188149,685,2.0,0.6064852476119995,476,378,69,42
1668,45.887509875694455,686,2.0,0.6209291815757751,1097,342,53,38
1679,45.887509875694455,686,2.0,0.7559650540351868,1401,792,126,122
1687,45.887509875694455,686,2.0,0.5478278994560242,467,381,72,43
1668,45.95440128950742,687,2.0,0.6236658692359924,1102,338,49,38
1679,45.95440128950742,687,2.0,0.47561055421829224,1414,759,115,112
1687,45.95440128950742,687,2.0,0.5230099558830261,455,384,71,46
1668,46.021292703320384,688,2.0,0.5507925748825073,1109,333,48,35
1679,46.021292703320384,688,2.0,0.5400332808494568,1428,729,107,103
1687,46.021292703320384,688,2.0,0.4671677350997925,444,387,73,45
1668,46.08818411713335,689,2.0,0.5958568453788757,1116,328,45,34
1679,46.08818411713335,689,2.0,0.5715073943138123,1439,700,99,94
1687,46.08818411713335,689,2.0,0.415962815284729,433,391,78,45
1668,46.15507553094632,690,2.0,0.4473522901535034,1122,322,43,35
1679,46.15507553094632,690,2.0,0.6391327381134033,1450,677,96,89
1687,46.15507553094632,690,2.0,0.5576604008674622,420,396,77,43
1668,46.22196694475929,691,2.0,0.3903496563434601,1128,317,43,35
1679,46.22196694475929,691,2.0,0.7025432586669922,1458,655,88,82
1687,46.22196694475929,691,2.0,0.3971627652645111,406,402,76,47
1668,46.28885835857225,692,2.0,0.3800218999385834,1134,313,41,33
1679,46.28885835857225,692,2.0,0.5278916954994202,1465,634,81,78
1687,46.28885835857225,692,2.0,0.2889710068702698,395,406,83,48
1668,46.35574977238522,693,2.0,0.3303349018096924,1140,309,40,32
1679,46.35574977238522,693,2.0,0.5744329690933228,1474,615,77,73
1687,46.35574977238522,693,2.0,0.3315928280353546,383,409,82,50
1668,46.422641186198184,694,2.0,0.28243348002433777,1145,305,38,31
1679,46.422641186198184,694,2.0,0.6145767569541931,1481,598,77,69
1687,46.422641186198184,694,2.0,0.5800999999046326,366,413,81,49
1668,46.489532600011145,695,2.0,0.2429308444261551,1151,301,42,31
1679,46.489532600011145,695,2.0,0.3473863899707794,1485,580,70,64
1687,46.489532600011145,695,2.0,0.46416598558425903,352,417,87,49
1668,46.55642401382411,696,2.0,0.1303149312734604,1154,297,45,32
1679,46.55642401382411,696,2.0,0.2167166918516159,1490,566,67,61
1687,46.55642401382411,696,2.0,0.6240017414093018,337,423,84,52
1668,46.62331542763708,697,2.0,0.28881072998046875,1158,292,43,33
1679,46.62331542763708,697,2.0,0.5954066514968872,1493,553,63,58
1687,46.62331542763708,697,2.0,0.6544005274772644,323,428,89,51
1668,46.69020684145004,698,2.0,0.1993163675069809,1162,288,39,32
1679,46.69020684145004,698,2.0,0.5712775588035583,1499,538,63,57
1687,46.69020684145004,698,2.0,0.4876481294631958,307,432,90,52
1668,46.75709825526301,699,2.0,0.22154948115348816,1165,285,36,32
1687,46.75709825526301,699,2.0,0.5148133635520935,290,437,90,54
1668,46.82398966907598,700,2.0,0.13431750237941742,1169,282,32,29
1687,46.82398966907598,700,2.0,0.5789089798927307,277,442,94,57
1679,46.82398966907598,700,2.0,0.5376829504966736,1507,513,58,55
1668,46.89088108288894,701,2.0,0.22094792127609253,1173,278,33,27
1687,46.89088108288894,701,2.0,0.5195267796516418,258,448,95,57
1708,46.89088108288894,701,2.0,0.47834843397140503,527,361,57,33
1679,46.89088108288894,701,2.0,0.5309578776359558,1510,502,55,52
1687,46.95777249670191,702,2.0,0.5777201056480408,240,454,95,55
1708,46.95777249670191,702,2.0,0.3964845836162567,520,363,55,34
1679,46.95777249670191,702,2.0,0.5251911878585815,1514,490,55,51
1687,47.024663910514874,703,2.0,0.6894416213035583,218,460,96,57
1708,47.024663910514874,703,2.0,0.24945206940174103,511,367,64,33
1679,47.024663910514874,703,2.0,0.5825740694999695,1516,481,53,47
1687,47.091555324327835,704,2.0,0.5892314910888672,201,465,99,57
1708,47.091555324327835,704,2.0,0.23356054723262787,501,372,61,32
1679,47.091555324327835,704,2.0,0.4064546525478363,1518,472,52,44
1687,47.1584467381408,705,2.0,0.6899278163909912,182,471,100,58
1708,47.1584467381408,705,2.0,0.37733787298202515,489,375,65,34
1679,47.1584467381408,705,2.0,0.5318567156791687,1520,462,51,46
1687,47.22533815195377,706,2.0,0.6667904853820801,160,477,106,59
1708,47.22533815195377,706,2.0,0.3214288055896759,479,377,62,31
1679,47.22533815195377,706,2.0,0.528044581413269,1523,453,51,47
1687,47.29222956576673,707,2.0,0.6524661183357239,140,484,107,57
1708,47.29222956576673,707,2.0,0.5798354148864746,472,381,65,34
1687,47.3591209795797,708,2.0,0.6326313614845276,117,490,109,62
1708,47.3591209795797,708,2.0,0.37832605838775635,460,386,62,35
1679,47.3591209795797,708,2.0,0.6423540115356445,1525,437,46,42
1687,47.42601239339267,709,2.0,0.6978921294212341,94,497,110,63
1708,47.42601239339267,709,2.0,0.3272362947463989,450,390,62,33
1687,47.492903807205636,710,2.0,0.6557817459106445,71,505,117,63
1708,47.492903807205636,710,2.0,0.36579445004463196,439,393,72,36
1679,47.492903807205636,710,2.0,0.47764480113983154,1527,423,43,37
1687,47.5597952210186,711,2.0,0.6742509603500366,54,511,104,63
1708,47.5597952210186,711,2.0,0.42922961711883545,429,398,76,35
1679,47.5597952210186,711,2.0,0.49000585079193115,1530,416,49,39
1687,47.626686634831565,712,2.0,0.6178328990936279,42,517,84,62
1708,47.626686634831565,712,2.0,0.48438677191734314,415,401,77,35
1679,47.626686634831565,712,2.0,0.5126184821128845,1530,410,47,38
1687,47.69357804864453,713,2.0,0.4538719356060028,28,524,57,59
1708,47.69357804864453,713,2.0,0.41503262519836426,404,405,78,39
1679,47.69357804864453,713,2.0,0.5866467952728271,1532,403,45,36
1708,47.76046946245749,714,2.0,0.2637258470058441,396,408,80,39
1679,47.76046946245749,714,2.0,0.546678364276886,1532,398,43,32
1679,47.82736087627046,715,2.0,0.2196541279554367,1534,394,43,32
1715,47.82736087627046,715,2.0,0.8520375490188599,98,881,197,130
1679,47.89425229008343,716,2.0,0.3341246247291565,1537,390,46,33
1715,47.89425229008343,716,2.0,0.8753932118415833,143,850,220,128
1715,47.96114370389639,717,2.0,0.8189891576766968,216,808,215,118
1715,48.02803511770936,718,2.0,0.8754170536994934,293,770,204,111
1708,48.02803511770936,718,2.0,0.5073215365409851,338,429,82,45
1679,48.02803511770936,718,2.0,0.3703412115573883,1540,376,48,34
1715,48.094926531522326,719,2.0,0.8475040793418884,365,734,188,103
1708,48.094926531522326,719,2.0,0.42781922221183777,323,433,85,43
1679,48.094926531522326,719,2.0,0.22143897414207458,1544,373,55,33
1715,48.16181794533529,720,2.0,0.8519806265830994,428,705,176,100
1708,48.16181794533529,720,2.0,0.3271350860595703,307,438,86,43
1679,48.16181794533529,720,2.0,0.31127166748046875,1544,369,55,33
1715,48.228709359148255,721,2.0,0.8442814946174622,486,676,167,94
1708,48.228709359148255,721,2.0,0.26968514919281006,290,442,88,44
1679,48.228709359148255,721,2.0,0.4704027771949768,1545,366,60,35
1715,48.29560077296122,722,2.0,0.7269735932350159,539,650,154,86
1708,48.29560077296122,722,2.0,0.5303158164024353,275,448,88,44
1679,48.29560077296122,722,2.0,0.23932002484798431,1542,358,54,36
1715,48.36249218677418,723,2.0,0.7791142463684082,586,629,147,83
1708,48.36249218677418,723,2.0,0.5323391556739807,257,453,89,46
1679,48.36249218677418,723,2.0,0.35609474778175354,1543,353,45,33
1715,48.42938360058715,724,2.0,0.8142828345298767,626,607,136,79
1708,48.42938360058715,724,2.0,0.5447030067443848,240,459,95,49
1679,48.42938360058715,724,2.0,0.3143651485443115,1545,350,48,29
1715,48.49627501440012,725,2.0,0.7548264265060425,666,586,128,77
1708,48.49627501440012,725,2.0,0.5859387516975403,219,463,96,53
1679,48.49627501440012,725,2.0,0.29611727595329285,1547,347,49,28
1724,48.49627501440012,725,2.0,0.6958271265029907,464,415,74,47
1715,48.56316642821308,726,2.0,0.6547142863273621,704,566,120,72
1708,48.56316642821308,726,2.0,0.36681365966796875,202,468,101,53
1679,48.56316642821308,726,2.0,0.129242941737175,1545,344,50,31
1715,48.63005784202605,727,2.0,0.7123607993125916,740,549,113,66
1708,48.63005784202605,727,2.0,0.5737091898918152,183,476,101,51
1679,48.63005784202605,727,2.0,0.3806184232234955,1547,341,47,30
1715,48.696949255839016,728,2.0,0.5300049185752869,775,532,113,65
1708,48.696949255839016,728,2.0,0.4751429557800293,164,482,102,51
1679,48.696949255839016,728,2.0,0.20841829478740692,1545,336,40,26
1715,48.76384066965198,729,2.0,0.7671916484832764,801,517,106,63
1708,48.76384066965198,729,2.0,0.531161367893219,144,489,101,50
1679,48.76384066965198,729,2.0,0.18949633836746216,1546,332,39,28
1729,48.76384066965198,729,2.0,0.6363745331764221,111,814,223,120
1715,48.830732083464945,730,2.0,0.60076904296875,828,503,96,59
1708,48.830732083464945,730,2.0,0.30807414650917053,121,497,102,52
1679,48.830732083464945,730,2.0,0.4571714997291565,1548,329,44,28
1729,48.830732083464945,730,2.0,0.7411463856697083,159,791,245,130
1715,48.89762349727791,731,2.0,0.5928664207458496,854,489,95,58
1708,48.89762349727791,731,2.0,0.46002593636512756,98,503,107,53
1679,48.89762349727791,731,2.0,0.3835368752479553,1548,326,44,28
1732,48.89762349727791,731,2.0,0.6711648106575012,325,465,88,48
1715,48.96451491109088,732,2.0,0.616158664226532,878,476,89,55
1708,48.96451491109088,732,2.0,0.5709255337715149,76,509,115,56
1679,48.96451491109088,732,2.0,0.18866810202598572,1550,325,47,27
1735,48.96451491109088,732,2.0,0.7578787207603455,308,717,205,107
1715,49.03140632490384,733,2.0,0.6174222826957703,900,463,86,50
1708,49.03140632490384,733,2.0,0.5324375033378601,55,517,109,57
1679,49.03140632490384,733,2.0,0.15114130079746246,1551,323,49,27
1735,49.03140632490384,733,2.0,0.8095516562461853,356,697,200,110
1715,49.09829773871681,734,2.0,0.5508808493614197,918,453,79,48
1708,49.09829773871681,734,2.0,0.14967551827430725,41,524,82,51
1735,49.09829773871681,734,2.0,0.7945132851600647,416,671,188,106
1715,49.16518915252978,735,2.0,0.5569877028465271,939,440,79,47
1735,49.16518915252978,735,2.0,0.6321590542793274,473,644,174,101
1741,49.16518915252978,735,2.0,0.6903181672096252,115,911,229,132
1715,49.23208056634274,736,2.0,0.6922441124916077,957,431,79,46
1735,49.23208056634274,736,2.0,0.7336775660514832,521,620,165,96
1741,49.23208056634274,736,2.0,0.8756411671638489,169,874,224,125
1715,49.298971980155706,737,2.0,0.6315085887908936,976,423,79,46
1735,49.298971980155706,737,2.0,0.78258216381073,566,597,155,89
1741,49.298971980155706,737,2.0,0.8712089657783508,245,834,206,117
1715,49.365863393968674,738,2.0,0.5915513634681702,991,413,74,45
1735,49.365863393968674,738,2.0,0.6844494342803955,605,575,149,84
1741,49.365863393968674,738,2.0,0.8666873574256897,316,795,191,109
1715,49.432754807781635,739,2.0,0.6588653922080994,1005,405,77,45
1735,49.432754807781635,739,2.0,0.6047021746635437,645,556,136,78
1741,49.432754807781635,739,2.0,0.8488113284111023,379,761,177,103
1715,49.4996462215946,740,2.0,0.6590207815170288,1018,397,68,40
1735,49.4996462215946,740,2.0,0.6467630863189697,678,540,128,78
1741,49.4996462215946,740,2.0,0.8143560290336609,435,731,167,97
1715,49.56653763540757,741,2.0,0.5876811146736145,1035,389,73,40
1735,49.56653763540757,741,2.0,0.547717809677124,709,523,123,74
1741,49.56653763540757,741,2.0,0.833814799785614,487,702,155,91
1715,49.63342904922053,742,2.0,0.7859595417976379,1047,382,67,42
1735,49.63342904922053,742,2.0,0.7207386493682861,739,509,116,72
1741,49.63342904922053,742,2.0,0.7584489583969116,535,675,147,91
1715,49.7003204630335,743,2.0,0.6451135873794556,1058,375,67,41
1735,49.7003204630335,743,2.0,0.7303032279014587,766,496,110,71
1741,49.7003204630335,743,2.0,0.7275453805923462,578,652,138,83
1715,49.76721187684647,744,2.0,0.7634633183479309,1067,367,65,39
1735,49.76721187684647,744,2.0,0.5874856114387512,792,482,107,69
1741,49.76721187684647,744,2.0,0.8149644136428833,618,630,130,77
1715,49.83410329065943,745,2.0,0.6784210205078125,1075,361,59,39
1735,49.83410329065943,745,2.0,0.7823042869567871,814,468,103,65
1741,49.83410329065943,745,2.0,0.7912391424179077,654,611,122,76
1758,49.83410329065943,745,2.0,0.6183599233627319,796,308,44,31
1715,49.900994704472396,746,2.0,0.6801998019218445,1085,354,55,38
1735,49.900994704472396,746,2.0,0.6100379228591919,836,457,95,61
1741,49.900994704472396,746,2.0,0.7796710133552551,688,591,115,69
1758,49.900994704472396,746,2.0,0.5138547420501709,790,310,48,37
1715,49.967886118285364,747,2.0,0.6731312274932861,1097,349,55,37
1735,49.967886118285364,747,2.0,0.696139931678772,857,446,93,59
1741,49.967886118285364,747,2.0,0.6582203507423401,721,573,111,66
1760,49.967886118285364,747,2.0,0.5054342746734619,645,346,60,39
1715,50.034777532098325,748,2.0,0.7231063842773438,1105,342,53,37
1735,50.034777532098325,748,2.0,0.4547010064125061,878,435,89,58
1741,50.034777532098325,748,2.0,0.6239290833473206,750,556,105,63
1760,50.034777532098325,748,2.0,0.4016662538051605,633,349,62,42
1715,50.10166894591129,749,2.0,0.6881809830665588,1111,337,51,38
1735,50.10166894591129,749,2.0,0.5835623741149902,897,425,86,60
1741,50.10166894591129,749,2.0,0.7108639478683472,779,540,100,62
1760,50.10166894591129,749,2.0,0.5160848498344421,619,355,61,43
1715,50.16856035972426,750,2.0,0.6102121472358704,1119,331,52,34
1735,50.16856035972426,750,2.0,0.6481062769889832,913,416,87,55
1741,50.16856035972426,750,2.0,0.693406879901886,805,524,96,59
1760,50.16856035972426,750,2.0,0.4497421085834503,602,362,64,44
1715,50.23545177353723,751,2.0,0.5555515885353088,1126,326,51,34
1735,50.23545177353723,751,2.0,0.703332781791687,933,408,85,53
1741,50.23545177353723,751,2.0,0.656329870223999,828,511,90,57
1760,50.23545177353723,751,2.0,0.5732594132423401,585,365,67,45
1715,50.30234318735019,752,2.0,0.38603946566581726,1131,319,53,35
1735,50.30234318735019,752,2.0,0.4525369107723236,946,398,79,53
1741,50.30234318735019,752,2.0,0.8283125758171082,848,498,84,54
1760,50.30234318735019,752,2.0,0.286396861076355,571,371,66,45
1715,50.36923460116316,753,2.0,0.4512929320335388,1138,315,49,34
1735,50.36923460116316,753,2.0,0.4633261561393738,959,391,72,49
1741,50.36923460116316,753,2.0,0.5876237750053406,869,486,81,51
1760,50.36923460116316,753,2.0,0.46615320444107056,555,380,69,47
1715,50.436126014976125,754,2.0,0.43321701884269714,1144,312,46,32
1735,50.436126014976125,754,2.0,0.6124624609947205,975,384,77,49
1741,50.436126014976125,754,2.0,0.6264777183532715,889,474,79,50
1760,50.436126014976125,754,2.0,0.4869314730167389,536,386,72,49
1769,50.436126014976125,754,2.0,0.6028321981430054,701,348,58,37
1715,50.503017428789086,755,2.0,0.43795162439346313,1149,308,45,29
1735,50.503017428789086,755,2.0,0.5408807396888733,990,376,79,49
1741,50.503017428789086,755,2.0,0.7087587714195251,909,463,78,49
1760,50.503017428789086,755,2.0,0.6162333488464355,519,390,75,50
1769,50.503017428789086,755,2.0,0.5313400030136108,688,353,56,42
1715,50.569908842602054,756,2.0,0.33537614345550537,1155,302,50,31
1735,50.569908842602054,756,2.0,0.517319917678833,997,369,72,47
1741,50.569908842602054,756,2.0,0.7065272331237793,926,454,75,47
1760,50.569908842602054,756,2.0,0.4444378614425659,503,395,75,50
1769,50.569908842602054,756,2.0,0.4820840656757355,674,360,57,44
1715,50.63680025641502,757,2.0,0.4799709618091583,1158,298,48,32
1735,50.63680025641502,757,2.0,0.583505392074585,1012,363,73,45
1741,50.63680025641502,757,2.0,0.6348541975021362,944,444,74,47
1760,50.63680025641502,757,2.0,0.5238513946533203,481,404,82,50
1769,50.63680025641502,757,2.0,0.20985084772109985,658,363,57,43
1715,50.70369167022798,758,2.0,0.4884120523929596,1163,294,48,32
1735,50.70369167022798,758,2.0,0.7112550139427185,1018,357,65,42
1741,50.70369167022798,758,2.0,0.728313684463501,959,433,70,45
1760,50.70369167022798,758,2.0,0.7268402576446533,461,410,84,51
1769,50.70369167022798,758,2.0,0.58030766248703,643,369,60,42
1715,50.77058308404095,759,2.0,0.5851520895957947,1167,290,41,32
1735,50.77058308404095,759,2.0,0.5683236122131348,1029,350,64,43
1741,50.77058308404095,759,2.0,0.7216035723686218,976,425,74,44
1760,50.77058308404095,759,2.0,0.6548188328742981,441,417,87,55
1769,50.77058308404095,759,2.0,0.3710709512233734,627,375,65,46
1715,50.83747449785392,760,2.0,0.48683470487594604,1171,288,36,31
1735,50.83747449785392,760,2.0,0.500429630279541,1037,343,63,43
1741,50.83747449785392,760,2.0,0.6241445541381836,989,416,70,43
1760,50.83747449785392,760,2.0,0.7855198979377747,419,424,85,59
1769,50.83747449785392,760,2.0,0.42878082394599915,610,382,65,46
1715,50.90436591166688,761,2.0,0.41056305170059204,1175,283,37,28
1735,50.90436591166688,761,2.0,0.47278690338134766,1046,338,66,39
1741,50.90436591166688,761,2.0,0.7167637348175049,1001,408,69,42
1760,50.90436591166688,761,2.0,0.6132057905197144,397,432,89,59
1769,50.90436591166688,761,2.0,0.41619637608528137,593,388,66,46
1715,50.97125732547985,762,2.0,0.4170292019844055,1179,279,41,27
1735,50.97125732547985,762,2.0,0.6427434682846069,1054,333,61,39
1741,50.97125732547985,762,2.0,0.676572322845459,1014,400,67,42
1760,50.97125732547985,762,2.0,0.6570379137992859,372,440,91,60
1769,50.97125732547985,762,2.0,0.516521155834198,576,394,72,45
1715,51.038148739292815,763,2.0,0.24026642739772797,1183,276,41,27
1735,51.038148739292815,763,2.0,0.36590927839279175,1065,327,68,40
1741,51.038148739292815,763,2.0,0.6335515379905701,1025,392,62,40
1760,51.038148739292815,763,2.0,0.5260570049285889,346,449,94,63
1769,51.038148739292815,763,2.0,0.3731597065925598,558,400,72,48
1715,51.105040153105776,764,2.0,0.40593022108078003,1185,272,42,26
1735,51.105040153105776,764,2.0,0.46357324719429016,1069,320,67,42
1741,51.105040153105776,764,2.0,0.6611447334289551,1037,385,63,40
1760,51.105040153105776,764,2.0,0.6668680310249329,320,459,99,60
1769,51.105040153105776,764,2.0,0.5514703989028931,539,405,74,51
1715,51.171931566918744,765,2.0,0.3830024302005768,1189,268,40,25
1735,51.171931566918744,765,2.0,0.41862890124320984,1077,315,61,40
1741,51.171931566918744,765,2.0,0.7086459398269653,1048,380,63,39
1760,51.171931566918744,765,2.0,0.7663935422897339,292,468,102,65
1769,51.171931566918744,765,2.0,0.6204625964164734,518,414,77,51
1735,51.23882298073171,766,2.0,0.24501144886016846,1082,312,58,37
1741,51.23882298073171,766,2.0,0.611364483833313,1061,373,69,37
1760,51.23882298073171,766,2.0,0.687470555305481,263,477,104,66
1769,51.23882298073171,766,2.0,0.5893833637237549,499,421,80,52
1735,51.30571439454467,767,2.0,0.47260627150535583,1086,307,50,35
1741,51.30571439454467,767,2.0,0.6804420351982117,1068,366,65,37
1760,51.30571439454467,767,2.0,0.6050998568534851,234,487,107,67
1769,51.30571439454467,767,2.0,0.3578791320323944,477,430,83,53
1735,51.37260580835764,768,2.0,0.3124861717224121,1092,304,43,33
1741,51.37260580835764,768,2.0,0.4683254361152649,1074,361,60,36
1760,51.37260580835764,768,2.0,0.5301982760429382,203,498,113,68
1769,51.37260580835764,768,2.0,0.5530543327331543,455,438,85,52
1735,51.43949722217061,769,2.0,0.10179983824491501,1100,300,49,31
1741,51.43949722217061,769,2.0,0.589135468006134,1082,354,56,34
1760,51.43949722217061,769,2.0,0.45595553517341614,168,510,118,69
1769,51.43949722217061,769,2.0,0.5456663966178894,430,446,86,54
1735,51.506388635983576,770,2.0,0.37581607699394226,1106,295,56,34
1741,51.506388635983576,770,2.0,0.5259447693824768,1090,347,54,33
1760,51.506388635983576,770,2.0,0.7217803597450256,135,520,119,72
1769,51.506388635983576,770,2.0,0.600254476070404,405,455,86,54
1735,51.57328004979654,771,2.0,0.15981169044971466,1107,291,53,34
1741,51.57328004979654,771,2.0,0.6390937566757202,1097,342,50,33
1760,51.57328004979654,771,2.0,0.5806082487106323,97,532,131,74
1769,51.57328004979654,771,2.0,0.5744252800941467,379,463,92,57
1735,51.640171463609505,772,2.0,0.13224126398563385,1114,287,43,32
1741,51.640171463609505,772,2.0,0.5630572438240051,1103,338,49,35
1760,51.640171463609505,772,2.0,0.6693137288093567,64,544,125,76
1769,51.640171463609505,772,2.0,0.6759896278381348,351,473,95,58
1785,51.640171463609505,772,2.0,0.3767037093639374,618,280,52,39
1735,51.70706287742247,773,2.0,0.3288438022136688,1118,284,44,32
1741,51.70706287742247,773,2.0,0.5387163758277893,1109,333,48,32
1760,51.70706287742247,773,2.0,0.4010496437549591,42,552,85,71
1769,51.70706287742247,773,2.0,0.4249502420425415,323,483,98,59
1785,51.70706287742247,773,2.0,0.3108524978160858,619,280,57,43
1741,51.773954291235434,774,2.0,0.41984236240386963,1117,328,49,30
1769,51.773954291235434,774,2.0,0.6091659069061279,292,495,98,62
1785,51.773954291235434,774,2.0,0.1944701224565506,618,281,54,43
1741,51.8408457050484,775,2.0,0.34891200065612793,1123,323,49,29
1769,51.8408457050484,775,2.0,0.47458741068840027,260,505,103,64
1741,51.90773711886137,776,2.0,0.21430400013923645,1129,319,53,33
1769,51.90773711886137,776,2.0,0.6835077404975891,227,517,108,66
1795,51.90773711886137,776,2.0,0.6544314026832581,468,382,77,45
1796,51.90773711886137,776,2.0,0.6096946001052856,642,349,67,40
1741,51.97462853267433,777,2.0,0.2927570044994354,1134,313,46,34
1769,51.97462853267433,777,2.0,0.6380326151847839,191,528,111,71
1795,51.97462853267433,777,2.0,0.5979456305503845,462,384,81,48
1769,52.0415199464873,778,2.0,0.709322452545166,155,540,118,72
1795,52.0415199464873,778,2.0,0.4646472632884979,450,387,85,48
1769,52.108411360300266,779,2.0,0.6373637318611145,116,553,124,73
1795,52.108411360300266,779,2.0,0.41335663199424744,437,394,78,45
1769,52.17530277411323,780,2.0,0.6264971494674683,75,568,131,76
1795,52.17530277411323,780,2.0,0.5694318413734436,423,397,82,44
1769,52.242194187926195,781,2.0,0.36538392305374146,49,582,99,76
1795,52.242194187926195,781,2.0,0.3445892333984375,405,402,71,44
1795,52.30908560173916,782,2.0,0.3098786175251007,398,406,83,49
1795,52.375977015552124,783,2.0,0.3360798954963684,389,409,91,49
1795,52.44286842936509,784,2.0,0.16791319847106934,377,413,94,52
1795,52.50975984317806,785,2.0,0.2919328808784485,360,417,91,53
1795,52.57665125699102,786,2.0,0.28036290407180786,349,423,95,51
1820,52.57665125699102,786,2.0,0.6054781079292297,458,413,97,56
1795,52.64354267080399,787,2.0,0.5537635684013367,334,427,104,55
1820,52.64354267080399,787,2.0,0.7316086888313293,435,419,100,62
1795,52.710434084616956,788,2.0,0.28892359137535095,320,432,106,56
1820,52.710434084616956,788,2.0,0.6268628239631653,412,423,102,72
1795,52.777325498429924,789,2.0,0.46250078082084656,302,436,101,58
1820,52.777325498429924,789,2.0,0.6078163981437683,387,435,106,66
1795,52.844216912242885,790,2.0,0.3380570709705353,284,441,97,57
1820,52.844216912242885,790,2.0,0.5776559114456177,362,444,112,67
1795,52.91110832605585,791,2.0,0.46711456775665283,262,448,88,58
1820,52.91110832605585,791,2.0,0.6524235606193542,332,455,111,69
1827,52.91110832605585,791,2.0,0.4905180335044861,785,306,52,37
1795,52.97799973986882,792,2.0,0.39051488041877747,242,455,80,57
1820,52.97799973986882,792,2.0,0.6959423422813416,301,468,118,65
1827,52.97799973986882,792,2.0,0.5514812469482422,775,310,58,41
1796,52.97799973986882,792,2.0,0.36987239122390747,655,348,56,31
1820,53.04489115368178,793,2.0,0.7076320052146912,262,473,137,74
1827,53.04489115368178,793,2.0,0.5437120795249939,762,315,56,43
1796,53.04489115368178,793,2.0,0.6475235223770142,648,351,62,34
1820,53.11178256749475,794,2.0,0.746782660484314,232,479,135,83
1827,53.11178256749475,794,2.0,0.5217947959899902,750,318,58,46
1796,53.11178256749475,794,2.0,0.5204160809516907,636,356,62,36
1820,53.17867398130772,795,2.0,0.7455118298530579,201,487,136,93
1827,53.17867398130772,795,2.0,0.14583046734333038,738,322,56,49
1820,53.24556539512068,796,2.0,0.6864994168281555,173,495,153,105
1827,53.24556539512068,796,2.0,0.1608983725309372,725,327,53,50
1820,53.312456808933646,797,2.0,0.6246920228004456,140,504,169,112
1820,53.379348222746614,798,2.0,0.7015857100486755,109,516,192,121
1827,53.379348222746614,798,2.0,0.27157020568847656,704,335,53,52
1820,53.446239636559575,799,7.0,0.12938156723976135,91,522,182,122
1827,53.446239636559575,799,2.0,0.29734179377555847,689,339,56,56
1827,53.51313105037254,800,2.0,0.19686435163021088,677,347,56,54
1827,53.58002246418551,801,2.0,0.33249983191490173,663,352,58,56
1827,53.64691387799847,802,2.0,0.16510139405727386,649,356,57,59
1827,53.71380529181144,803,2.0,0.13221554458141327,633,363,61,59
1827,53.78069670562441,804,2.0,0.2779785990715027,618,369,62,59
1862,53.84758811943737,805,2.0,0.6553771495819092,144,939,288,165
1862,53.914479533250336,806,2.0,0.5789148211479187,185,915,309,179
1865,53.914479533250336,806,2.0,0.7157039046287537,96,836,192,139
1862,53.981370947063304,807,2.0,0.7446387410163879,240,865,269,157
1865,53.981370947063304,807,2.0,0.6880397200584412,122,806,240,135
1862,54.04826236087627,808,2.0,0.6867745518684387,309,822,257,138
1865,54.04826236087627,808,2.0,0.7432761192321777,178,773,246,126
1862,54.11515377468923,809,2.0,0.7296501398086548,364,789,226,130
1865,54.11515377468923,809,2.0,0.6451799869537354,243,740,238,119
1862,54.1820451885022,810,2.0,0.8242284655570984,413,760,203,118
1865,54.1820451885022,810,2.0,0.7439143657684326,306,712,223,120
1879,54.1820451885022,810,2.0,0.39114198088645935,541,357,54,31
1862,54.24893660231517,811,2.0,0.7742940187454224,473,732,211,114
1865,54.24893660231517,811,2.0,0.6625958681106567,362,685,210,114
1862,54.31582801612813,812,2.0,0.8301130533218384,509,708,179,108
1865,54.31582801612813,812,2.0,0.5379733443260193,414,661,191,109
1862,54.3827194299411,813,2.0,0.6250423192977905,547,683,166,105
1865,54.3827194299411,813,2.0,0.614864706993103,462,640,182,101
1862,54.449610843754066,814,2.0,0.7041434645652771,590,662,168,101
1865,54.449610843754066,814,2.0,0.6527491211891174,505,621,173,97
1862,54.516502257567026,815,2.0,0.6575298309326172,630,640,166,96
1865,54.516502257567026,815,2.0,0.5853907465934753,545,602,161,91
1897,54.516502257567026,815,2.0,0.50741046667099,500,374,62,32
1862,54.583393671379994,816,2.0,0.7569005489349365,659,622,149,91
1865,54.583393671379994,816,2.0,0.6627180576324463,584,580,155,89
1897,54.583393671379994,816,2.0,0.48227596282958984,489,376,62,34
1898,54.583393671379994,816,2.0,0.64996337890625,39,553,78,68
1862,54.65028508519296,817,2.0,0.7462782859802246,695,603,149,86
1865,54.65028508519296,817,2.0,0.5884397625923157,619,564,147,83
1897,54.65028508519296,817,2.0,0.5653952956199646,479,382,63,36
1901,54.65028508519296,817,2.0,0.49475449323654175,231,460,114,61
1862,54.71717649900592,818,2.0,0.7049577236175537,732,588,155,85
1865,54.71717649900592,818,2.0,0.5270505547523499,648,550,147,79
1897,54.71717649900592,818,2.0,0.44458526372909546,470,385,68,39
1901,54.71717649900592,818,2.0,0.6478664875030518,212,465,113,63
1862,54.78406791281889,819,2.0,0.6343000531196594,751,570,134,81
1865,54.78406791281889,819,2.0,0.5052281022071838,679,535,135,81
1897,54.78406791281889,819,2.0,0.22735725343227386,458,389,66,37
1901,54.78406791281889,819,2.0,0.5640407800674438,191,472,117,64
1862,54.85095932663186,820,2.0,0.6133419275283813,771,556,121,79
1865,54.85095932663186,820,2.0,0.48949992656707764,707,521,130,78
1897,54.85095932663186,820,2.0,0.4769029915332794,446,393,72,38
1901,54.85095932663186,820,2.0,0.6115797758102417,171,480,125,61
1862,54.91785074044482,821,2.0,0.6459769010543823,805,542,136,75
1865,54.91785074044482,821,2.0,0.4332197904586792,731,511,120,68
1897,54.91785074044482,821,2.0,0.5826315879821777,435,398,73,39
1901,54.91785074044482,821,2.0,0.5928077101707458,149,486,128,64
1862,54.98474215425779,822,2.0,0.6765645742416382,829,528,136,73
1865,54.98474215425779,822,2.0,0.5699863433837891,754,498,115,67
1897,54.98474215425779,822,2.0,0.45317625999450684,423,402,80,39
1901,54.98474215425779,822,2.0,0.5519119501113892,124,494,131,65
1908,54.98474215425779,822,2.0,0.47084853053092957,782,306,43,32
1862,55.051633568070756,823,2.0,0.6239883899688721,852,515,132,72
1865,55.051633568070756,823,2.0,0.39202016592025757,779,484,113,70
1897,55.051633568070756,823,2.0,0.4881170690059662,412,406,79,44
1901,55.051633568070756,823,2.0,0.5870225429534912,101,502,138,67
1862,55.118524981883716,824,2.0,0.6774827837944031,866,504,117,68
1865,55.118524981883716,824,2.0,0.6090583205223083,802,472,111,69
1897,55.118524981883716,824,2.0,0.4974346160888672,403,409,84,46
1901,55.118524981883716,824,2.0,0.4275936782360077,77,510,143,68
1862,55.185416395696684,825,2.0,0.5116115212440491,879,493,102,65
1865,55.185416395696684,825,2.0,0.4747467637062073,821,461,104,65
1897,55.185416395696684,825,2.0,0.3709579110145569,388,414,80,44
1901,55.185416395696684,825,2.0,0.35013771057128906,62,517,124,70
1862,55.25230780950965,826,2.0,0.684856653213501,904,481,116,62
1865,55.25230780950965,826,2.0,0.5714901089668274,840,454,98,58
1897,55.25230780950965,826,2.0,0.5459297299385071,375,418,85,46
1901,55.25230780950965,826,2.0,0.4567866921424866,49,523,99,68
1862,55.31919922332262,827,2.0,0.6530225276947021,924,471,118,63
1865,55.31919922332262,827,2.0,0.49974679946899414,853,447,83,53
1897,55.31919922332262,827,2.0,0.28544023633003235,360,422,86,45
1862,55.38609063713558,828,2.0,0.606572151184082,939,460,115,57
1865,55.38609063713558,828,2.0,0.4128953516483307,872,435,78,56
1897,55.38609063713558,828,2.0,0.554500162601471,347,427,87,47
1862,55.45298205094855,829,2.0,0.6561129689216614,946,451,92,56
1865,55.45298205094855,829,2.0,0.5231155753135681,891,424,79,60
1897,55.45298205094855,829,2.0,0.6085842847824097,331,432,87,46
1862,55.51987346476152,830,2.0,0.6830624341964722,959,441,88,55
1865,55.51987346476152,830,2.0,0.4857454299926758,903,418,77,52
1897,55.51987346476152,830,2.0,0.49067631363868713,315,438,90,45
1925,55.51987346476152,830,2.0,0.8265389800071716,87,847,174,108
1862,55.58676487857448,831,2.0,0.5679698586463928,976,433,97,53
1865,55.58676487857448,831,2.0,0.5116274356842041,920,410,79,53
1897,55.58676487857448,831,2.0,0.4422149062156677,299,443,88,45
1862,55.653656292387446,832,2.0,0.5106790661811829,983,425,82,50
1865,55.653656292387446,832,2.0,0.43443015217781067,934,402,74,53
1897,55.653656292387446,832,2.0,0.5681041479110718,283,449,92,49
1862,55.72054770620041,833,2.0,0.5352182388305664,1002,418,92,49
1865,55.72054770620041,833,2.0,0.5353541970252991,944,398,71,44
1897,55.72054770620041,833,2.0,0.5975732803344727,265,454,89,51
1934,55.72054770620041,833,2.0,0.7664409875869751,680,600,107,69
1862,55.787439120013374,834,2.0,0.6061519980430603,1009,411,86,49
1865,55.787439120013374,834,2.0,0.42043691873550415,959,389,68,46
1897,55.787439120013374,834,2.0,0.5465620756149292,248,460,97,50
1934,55.787439120013374,834,2.0,0.6401168704032898,705,584,106,66
1862,55.85433053382634,835,2.0,0.4807738661766052,1016,403,75,46
1865,55.85433053382634,835,2.0,0.37045934796333313,969,383,63,47
1897,55.85433053382634,835,2.0,0.46821853518486023,231,464,96,50
1934,55.85433053382634,835,2.0,0.7227548360824585,733,568,100,66
1862,55.92122194763931,836,2.0,0.5866269469261169,1027,394,69,45
1865,55.92122194763931,836,2.0,0.47156280279159546,980,374,62,48
1897,55.92122194763931,836,2.0,0.5596999526023865,212,470,101,54
1934,55.92122194763931,836,2.0,0.4447253942489624,761,553,97,63
1862,55.98811336145227,837,2.0,0.539086103439331,1034,389,65,43
1865,55.98811336145227,837,2.0,0.523080587387085,990,368,61,43
1897,55.98811336145227,837,2.0,0.5348915457725525,193,476,103,54
1934,55.98811336145227,837,2.0,0.621465265750885,786,538,96,61
1862,56.05500477526524,838,2.0,0.5051663517951965,1046,384,69,42
1897,56.05500477526524,838,2.0,0.6083086729049683,172,483,106,53
1934,56.05500477526524,838,2.0,0.694898247718811,808,525,93,59
1862,56.12189618907821,839,2.0,0.43273821473121643,1053,378,65,41
1897,56.12189618907821,839,2.0,0.35406264662742615,151,489,111,53
1934,56.12189618907821,839,2.0,0.5130916833877563,829,513,89,56
1862,56.18878760289117,840,2.0,0.5733033418655396,1061,372,64,41
1897,56.18878760289117,840,2.0,0.41855788230895996,129,497,112,54
1934,56.18878760289117,840,2.0,0.6791285872459412,849,502,86,55
1957,56.18878760289117,840,2.0,0.6881083250045776,566,394,70,45
1862,56.255679016704136,841,2.0,0.5820885896682739,1070,365,61,41
1897,56.255679016704136,841,2.0,0.4933442175388336,104,504,117,56
1934,56.255679016704136,841,2.0,0.6379727721214294,869,493,84,54
1957,56.255679016704136,841,2.0,0.6643563508987427,550,402,75,45
1908,56.255679016704136,841,2.0,0.5998377203941345,802,307,49,32
1862,56.3225704305171,842,2.0,0.40702903270721436,1079,359,63,41
1897,56.3225704305171,842,2.0,0.4444578289985657,81,510,121,58
1934,56.3225704305171,842,2.0,0.6129673719406128,888,481,83,50
1957,56.3225704305171,842,2.0,0.5282884240150452,532,410,76,45
1967,56.3225704305171,842,2.0,0.40418657660484314,1032,343,59,41
1908,56.3225704305171,842,2.0,0.5924791693687439,796,308,52,35
1862,56.389461844330064,843,2.0,0.2221367359161377,1083,352,61,40
1897,56.389461844330064,843,2.0,0.574422299861908,60,518,118,59
1934,56.389461844330064,843,2.0,0.6853891611099243,903,472,78,51
1957,56.389461844330064,843,2.0,0.7456335425376892,511,416,77,47
1908,56.389461844330064,843,2.0,0.5237712264060974,788,310,53,40
1862,56.45635325814303,844,2.0,0.532130241394043,1092,349,55,36
1934,56.45635325814303,844,2.0,0.6628785133361816,921,462,81,50
1957,56.45635325814303,844,2.0,0.7023833394050598,491,424,81,51
1969,56.45635325814303,844,2.0,0.6885154843330383,724,523,110,58
1970,56.45635325814303,844,2.0,0.6976867318153381,1053,980,183,147
1967,56.45635325814303,844,2.0,0.5257371664047241,1046,337,52,34
1862,56.523244671956,845,2.0,0.3225197494029999,1099,345,54,33
1934,56.523244671956,845,2.0,0.6883162260055542,935,454,75,48
1957,56.523244671956,845,2.0,0.6021737456321716,469,432,81,50
1969,56.523244671956,845,2.0,0.6650375723838806,745,509,96,55
1967,56.523244671956,845,2.0,0.5614618062973022,1059,331,64,37
1862,56.59013608576897,846,2.0,0.38804784417152405,1105,339,51,35
1934,56.59013608576897,846,2.0,0.5189347267150879,948,445,74,47
1957,56.59013608576897,846,2.0,0.6394445300102234,449,440,83,52
1969,56.59013608576897,846,2.0,0.7146373987197876,771,495,93,49
1967,56.59013608576897,846,2.0,0.44283512234687805,1064,323,58,40
1977,56.59013608576897,846,2.0,0.8222970962524414,1123,899,155,130
1862,56.65702749958193,847,2.0,0.37013933062553406,1110,335,48,31
1934,56.65702749958193,847,2.0,0.6507661938667297,966,437,83,47
1957,56.65702749958193,847,2.0,0.7120534777641296,424,449,88,55
1969,56.65702749958193,847,2.0,0.6698054075241089,795,481,87,51
1967,56.65702749958193,847,2.0,0.30043983459472656,1069,317,54,40
1977,56.65702749958193,847,2.0,0.7998492121696472,1150,865,144,119
1862,56.7239189133949,848,2.0,0.3654416501522064,1117,329,48,34
1934,56.7239189133949,848,2.0,0.7658675909042358,975,430,71,44
1957,56.7239189133949,848,2.0,0.7224465012550354,399,458,91,53
1969,56.7239189133949,848,2.0,0.6912053227424622,820,468,92,50
1967,56.7239189133949,848,2.0,0.47262001037597656,1074,315,51,39
1977,56.7239189133949,848,2.0,0.774649977684021,1178,828,134,113
1862,56.790810327207865,849,2.0,0.5274439454078674,1123,325,48,36
1934,56.790810327207865,849,2.0,0.521796703338623,985,421,66,43
1957,56.790810327207865,849,2.0,0.7482208013534546,374,466,94,52
1969,56.790810327207865,849,2.0,0.6968968510627747,839,459,86,44
1967,56.790810327207865,849,2.0,0.5966835618019104,1079,311,49,37
1977,56.790810327207865,849,2.0,0.805365800857544,1202,795,126,107
1934,56.857701741020826,850,2.0,0.6990671157836914,996,413,66,42
1957,56.857701741020826,850,2.0,0.5225766897201538,349,476,96,56
1969,56.857701741020826,850,2.0,0.6273034811019897,860,449,85,40
1967,56.857701741020826,850,2.0,0.5576450824737549,1085,306,42,32
1977,56.857701741020826,850,2.0,0.7517820596694946,1224,766,119,100
1925,56.857701741020826,850,2.0,0.7449900507926941,49,855,98,78
1934,56.924593154833794,851,2.0,0.6825945973396301,1008,407,67,41
1957,56.924593154833794,851,2.0,0.7398009300231934,323,486,100,59
1969,56.924593154833794,851,2.0,0.7759582996368408,876,438,78,40
1967,56.924593154833794,851,2.0,0.4486013352870941,1091,304,39,27
1977,56.924593154833794,851,2.0,0.7240892052650452,1245,737,113,92
1989,56.924593154833794,851,2.0,0.5666141510009766,693,347,65,45
1925,56.924593154833794,851,2.0,0.8168733716011047,77,841,155,103
1862,56.924593154833794,851,2.0,0.39045611023902893,1132,315,48,36
1934,56.99148456864676,852,2.0,0.42090359330177307,1017,401,62,40
1957,56.99148456864676,852,2.0,0.7014734745025635,292,496,101,61
1969,56.99148456864676,852,2.0,0.6392013430595398,896,428,81,42
1967,56.99148456864676,852,2.0,0.13201598823070526,1098,298,45,34
1977,56.99148456864676,852,2.0,0.530133843421936,1263,714,105,89
1989,56.99148456864676,852,2.0,0.586230456829071,679,352,70,50
1925,56.99148456864676,852,2.0,0.8380807042121887,111,818,183,108
1862,56.99148456864676,852,2.0,0.22927071154117584,1137,312,46,31
1934,57.05837598245972,853,2.0,0.4889439642429352,1027,394,58,40
1957,57.05837598245972,853,2.0,0.6076374650001526,261,508,104,62
1969,57.05837598245972,853,2.0,0.6653704047203064,914,420,81,40
1967,57.05837598245972,853,2.0,0.5543093085289001,1102,294,44,37
1977,57.05837598245972,853,2.0,0.6369470357894897,1278,690,103,86
1989,57.05837598245972,853,2.0,0.49939656257629395,664,359,73,50
1862,57.05837598245972,853,2.0,0.24072299897670746,1140,309,44,30
1934,57.12526739627269,854,2.0,0.6193521022796631,1038,387,62,40
1957,57.12526739627269,854,2.0,0.6628382802009583,230,519,111,65
1969,57.12526739627269,854,2.0,0.7505938410758972,927,412,77,39
1967,57.12526739627269,854,2.0,0.37471964955329895,1106,291,44,38
1977,57.12526739627269,854,2.0,0.5010373592376709,1294,668,93,82
1989,57.12526739627269,854,2.0,0.5052946209907532,649,364,73,50
1862,57.12526739627269,854,2.0,0.4348287284374237,1145,305,42,29
1994,57.12526739627269,854,2.0,0.4948238432407379,546,355,52,37
1934,57.19215881008566,855,2.0,0.5414656400680542,1047,383,59,39
1957,57.19215881008566,855,2.0,0.684508740901947,195,531,115,66
1969,57.19215881008566,855,2.0,0.5792728066444397,942,402,74,41
1967,57.19215881008566,855,2.0,0.5270248651504517,1112,288,38,34
1977,57.19215881008566,855,2.0,0.4792020916938782,1306,650,88,79
1989,57.19215881008566,855,2.0,0.6718106269836426,633,370,76,53
1862,57.19215881008566,855,2.0,0.3834713101387024,1150,301,47,30
1934,57.25905022389862,856,2.0,0.5504388809204102,1054,377,58,37
1957,57.25905022389862,856,2.0,0.7099074721336365,158,543,121,68
1969,57.25905022389862,856,2.0,0.7247669696807861,954,396,71,34
1967,57.25905022389862,856,2.0,0.5912628173828125,1116,285,38,32
1977,57.25905022389862,856,2.0,0.42065584659576416,1318,631,83,75
1989,57.25905022389862,856,2.0,0.7426373958587646,617,376,75,55
1862,57.25905022389862,856,2.0,0.16857753694057465,1154,298,45,31
1934,57.32594163771159,857,2.0,0.6197450160980225,1063,370,58,36
1957,57.32594163771159,857,2.0,0.654480516910553,119,557,125,69
1969,57.32594163771159,857,2.0,0.6756882667541504,966,389,68,37
1967,57.32594163771159,857,2.0,0.5228229761123657,1119,282,39,29
1977,57.32594163771159,857,2.0,0.5429633855819702,1331,614,79,72
1989,57.32594163771159,857,2.0,0.4721641540527344,601,383,81,58
1862,57.32594163771159,857,2.0,0.31899458169937134,1157,295,42,31
2000,57.32594163771159,857,2.0,0.8092599511146545,109,934,218,146
1934,57.392833051524555,858,2.0,0.5842887759208679,1070,365,58,37
1957,57.392833051524555,858,2.0,0.608006477355957,80,570,131,72
1969,57.392833051524555,858,2.0,0.57965087890625,978,381,65,36
1967,57.392833051524555,858,2.0,0.1701367199420929,1124,282,38,31
1977,57.392833051524555,858,2.0,0.5681701302528381,1341,597,75,70
1989,57.392833051524555,858,2.0,0.44944244623184204,583,388,82,56
1862,57.392833051524555,858,2.0,0.20752432942390442,1160,291,42,30
2000,57.392833051524555,858,2.0,0.782219409942627,145,899,242,138
1934,57.459724465337516,859,2.0,0.4134235084056854,1079,360,58,36
1957,57.459724465337516,859,2.0,0.6782938838005066,52,586,104,74
1969,57.459724465337516,859,2.0,0.5612281560897827,989,375,63,35
1977,57.459724465337516,859,2.0,0.36110225319862366,1350,581,72,67
1989,57.459724465337516,859,2.0,0.690883219242096,564,396,83,55
2000,57.459724465337516,859,2.0,0.8719069361686707,204,862,234,132
2004,57.459724465337516,859,2.0,0.7464073300361633,85,839,171,119
1934,57.526615879150484,860,2.0,0.49276068806648254,1084,356,53,35
1969,57.526615879150484,860,2.0,0.474109023809433,998,366,59,37
1977,57.526615879150484,860,2.0,0.5967535376548767,1359,567,67,65
1989,57.526615879150484,860,2.0,0.5374100804328918,545,403,88,58
2000,57.526615879150484,860,2.0,0.8622680902481079,267,828,214,123
1925,57.526615879150484,860,2.0,0.7518627643585205,144,803,212,121
1934,57.59350729296345,861,2.0,0.4077925682067871,1092,351,51,35
1969,57.59350729296345,861,2.0,0.5079792141914368,1010,361,59,36
1989,57.59350729296345,861,2.0,0.5606973767280579,523,412,94,59
2000,57.59350729296345,861,2.0,0.8249800205230713,329,795,198,113
1925,57.59350729296345,861,2.0,0.8237008452415466,187,782,203,113
1934,57.66039870677641,862,2.0,0.383327454328537,1097,345,51,35
1969,57.66039870677641,862,2.0,0.661710262298584,1019,355,58,33
1989,57.66039870677641,862,2.0,0.7112162709236145,504,418,93,61
2000,57.66039870677641,862,2.0,0.8548893928527832,385,768,184,108
2014,57.66039870677641,862,2.0,0.6311576962471008,473,383,63,41
1977,57.66039870677641,862,2.0,0.49752211570739746,1376,540,65,60
1934,57.72729012058938,863,2.0,0.31292685866355896,1102,341,51,35
1969,57.72729012058938,863,2.0,0.5364751219749451,1029,349,59,31
1989,57.72729012058938,863,2.0,0.5948873162269592,482,426,99,65
2000,57.72729012058938,863,2.0,0.7880253791809082,434,740,177,105
1977,57.72729012058938,863,2.0,0.5725484490394592,1381,529,64,60
1934,57.79418153440235,864,2.0,0.49961090087890625,1107,337,47,34
1969,57.79418153440235,864,2.0,0.41380348801612854,1037,342,57,33
1989,57.79418153440235,864,2.0,0.5501511693000793,461,433,101,66
2000,57.79418153440235,864,2.0,0.8339472413063049,482,717,172,99
1977,57.79418153440235,864,2.0,0.37125349044799805,1390,517,62,59
2020,57.79418153440235,864,2.0,0.47269439697265625,1141,264,35,26
1934,57.86107294821531,865,2.0,0.33314400911331177,1113,333,43,30
1969,57.86107294821531,865,2.0,0.5462992787361145,1045,337,50,33
1989,57.86107294821531,865,2.0,0.5462247729301453,438,441,104,67
2000,57.86107294821531,865,2.0,0.7496435642242432,522,694,163,92
1977,57.86107294821531,865,2.0,0.5111249089241028,1397,506,61,56
1967,57.86107294821531,865,2.0,0.39402174949645996,1154,263,49,27
1969,57.92796436202828,866,2.0,0.44764798879623413,1052,332,48,29
1989,57.92796436202828,866,2.0,0.5687379240989685,415,448,111,70
2000,57.92796436202828,866,2.0,0.7881034016609192,565,671,158,91
1977,57.92796436202828,866,2.0,0.7249769568443298,1401,495,61,56
1967,57.92796436202828,866,2.0,0.21047329902648926,1155,260,46,27
1969,57.994855775841245,867,2.0,0.4669892489910126,1061,328,54,29
1989,57.994855775841245,867,2.0,0.515824019908905,389,459,113,68
2000,57.994855775841245,867,2.0,0.7958245873451233,598,651,144,85
1977,57.994855775841245,867,2.0,0.41495460271835327,1407,485,58,53
1969,58.06174718965421,868,2.0,0.32144689559936523,1071,324,50,27
1989,58.06174718965421,868,2.0,0.534132719039917,360,468,117,73
2000,58.06174718965421,868,2.0,0.8185569643974304,635,633,140,82
1977,58.06174718965421,868,2.0,0.500481367111206,1411,477,52,50
2037,58.06174718965421,868,2.0,0.49944189190864563,405,407,74,46
1989,58.128638603467174,869,2.0,0.45664143562316895,332,480,121,73
2000,58.128638603467174,869,2.0,0.6129134893417358,669,615,139,77
1977,58.128638603467174,869,2.0,0.3664996027946472,1418,467,54,51
2037,58.128638603467174,869,2.0,0.22749078273773193,395,410,78,47
1989,58.19553001728014,870,2.0,0.6318631768226624,301,489,124,75
2000,58.19553001728014,870,2.0,0.7337090373039246,694,598,128,75
1977,58.19553001728014,870,2.0,0.46880683302879333,1421,459,53,47
2037,58.19553001728014,870,2.0,0.369067907333374,379,413,79,47
1989,58.26242143109311,871,2.0,0.5486040711402893,270,500,133,78
2000,58.26242143109311,871,2.0,0.6213049292564392,723,581,120,70
1977,58.26242143109311,871,2.0,0.45185860991477966,1426,452,51,45
2037,58.26242143109311,871,2.0,0.4139305055141449,364,418,76,46
1969,58.26242143109311,871,2.0,0.547978401184082,1088,308,46,28
1989,58.32931284490607,872,2.0,0.768711507320404,238,512,140,81
2000,58.32931284490607,872,2.0,0.6560200452804565,750,565,114,68
1977,58.32931284490607,872,2.0,0.4566991627216339,1431,443,50,45
2037,58.32931284490607,872,2.0,0.5630211234092712,348,424,78,46
1969,58.32931284490607,872,2.0,0.24003775417804718,1095,306,45,27
1989,58.39620425871904,873,2.0,0.6509926319122314,204,524,143,83
2000,58.39620425871904,873,2.0,0.6726794838905334,773,550,104,66
1977,58.39620425871904,873,2.0,0.5624415278434753,1435,436,48,42
2037,58.39620425871904,873,2.0,0.656513512134552,335,429,77,48
1969,58.39620425871904,873,2.0,0.16996027529239655,1099,303,44,26
2052,58.39620425871904,873,2.0,0.6700035929679871,868,440,83,43
1989,58.463095672532006,874,2.0,0.7431683540344238,165,537,149,84
2000,58.463095672532006,874,2.0,0.5609698295593262,795,537,101,66
1977,58.463095672532006,874,2.0,0.46558821201324463,1438,430,50,43
2037,58.463095672532006,874,2.0,0.6424861550331116,320,434,84,48
1969,58.463095672532006,874,2.0,0.11517932265996933,1105,299,48,30
2052,58.463095672532006,874,2.0,0.51632159948349,880,432,73,48
1989,58.52998708634497,875,2.0,0.7923582196235657,125,550,154,86
2000,58.52998708634497,875,2.0,0.7617886662483215,825,525,118,64
1977,58.52998708634497,875,2.0,0.37665224075317383,1442,422,51,45
2037,58.52998708634497,875,2.0,0.46711498498916626,304,439,88,50
2052,58.52998708634497,875,2.0,0.5131035447120667,903,422,88,46
2054,58.52998708634497,875,2.0,0.8092228770256042,149,895,230,133
1989,58.596878500157935,876,2.0,0.6109939813613892,86,562,158,88
2000,58.596878500157935,876,2.0,0.5744232535362244,845,512,109,59
1977,58.596878500157935,876,2.0,0.5669043064117432,1447,416,52,43
2037,58.596878500157935,876,2.0,0.5458184480667114,287,444,89,51
2052,58.596878500157935,876,2.0,0.6779649257659912,915,414,78,42
2054,58.596878500157935,876,2.0,0.874308705329895,205,864,218,126
1989,58.6637699139709,877,5.0,0.16844791173934937,62,575,125,92
2000,58.6637699139709,877,2.0,0.6218616962432861,859,501,98,56
1977,58.6637699139709,877,2.0,0.41461989283561707,1450,410,48,41
2037,58.6637699139709,877,2.0,0.5665324330329895,271,450,90,52
2052,58.6637699139709,877,2.0,0.625683605670929,925,407,68,40
2054,58.6637699139709,877,2.0,0.8804675340652466,268,827,199,116
1989,58.730661327783864,878,7.0,0.10123257339000702,40,585,80,92
2000,58.730661327783864,878,2.0,0.6309627890586853,876,489,93,58
1977,58.730661327783864,878,2.0,0.5139481425285339,1453,404,40,38
2037,58.730661327783864,878,2.0,0.6144181489944458,254,455,89,52
2052,58.730661327783864,878,2.0,0.6100438237190247,937,398,62,38
2054,58.730661327783864,878,2.0,0.8730121850967407,327,799,186,110
2000,58.79755274159683,879,2.0,0.5538422465324402,892,480,88,55
1977,58.79755274159683,879,2.0,0.48776182532310486,1454,398,36,36
2037,58.79755274159683,879,2.0,0.6251062750816345,235,460,94,50
2052,58.79755274159683,879,2.0,0.5814434885978699,950,389,53,38
2054,58.79755274159683,879,2.0,0.9003899097442627,379,770,176,105
2000,58.8644441554098,880,2.0,0.6362593173980713,915,472,97,54
1977,58.8644441554098,880,2.0,0.4729366600513458,1456,392,40,37
2037,58.8644441554098,880,2.0,0.6850742101669312,217,464,97,51
2052,58.8644441554098,880,2.0,0.7020981907844543,963,384,57,35
2054,58.8644441554098,880,2.0,0.8478552103042603,426,745,168,100
2066,58.8644441554098,880,2.0,0.44804486632347107,777,301,48,26
2000,58.93133556922276,881,2.0,0.6158778071403503,934,461,103,52
1977,58.93133556922276,881,2.0,0.45537814497947693,1459,387,40,37
2037,58.93133556922276,881,2.0,0.5527005195617676,201,470,100,54
2052,58.93133556922276,881,2.0,0.6080771088600159,974,376,55,37
2054,58.93133556922276,881,2.0,0.8287269473075867,471,720,160,94
2068,58.93133556922276,881,2.0,0.7012605667114258,870,437,78,44
2000,58.99822698303573,882,2.0,0.6117781400680542,945,451,87,54
1977,58.99822698303573,882,2.0,0.46870800852775574,1463,382,43,36
2037,58.99822698303573,882,2.0,0.6481593251228333,181,476,99,53
2052,58.99822698303573,882,2.0,0.5096933841705322,986,368,62,39
2054,58.99822698303573,882,2.0,0.849559485912323,511,697,150,89
2068,58.99822698303573,882,2.0,0.5851712822914124,884,430,71,46
2000,59.065118396848696,883,2.0,0.6467297673225403,955,442,78,52
1977,59.065118396848696,883,2.0,0.4965820610523224,1467,378,42,35
2037,59.065118396848696,883,2.0,0.5538309812545776,163,482,98,55
2052,59.065118396848696,883,2.0,0.6935540437698364,997,363,56,37
2054,59.065118396848696,883,2.0,0.7616169452667236,551,677,145,88
2068,59.065118396848696,883,2.0,0.5110775232315063,899,420,73,47
2000,59.13200981066166,884,2.0,0.6090664863586426,966,433,76,52
1977,59.13200981066166,884,2.0,0.4187944233417511,1469,373,42,37
2037,59.13200981066166,884,2.0,0.7124229073524475,141,487,101,56
2052,59.13200981066166,884,2.0,0.6817229986190796,1009,358,60,34
2054,59.13200981066166,884,2.0,0.795843780040741,588,656,141,83
2068,59.13200981066166,884,2.0,0.5779908895492554,914,413,68,46
2004,59.13200981066166,884,2.0,0.754578173160553,40,863,81,78
2000,59.198901224474625,885,2.0,0.5418264865875244,978,425,72,50
1977,59.198901224474625,885,2.0,0.5170998573303223,1472,367,40,35
2037,59.198901224474625,885,2.0,0.6470160484313965,120,494,105,58
2052,59.198901224474625,885,2.0,0.6139246225357056,1016,352,55,35
2054,59.198901224474625,885,2.0,0.7689135074615479,621,638,136,81
2068,59.198901224474625,885,2.0,0.4636358618736267,929,405,61,43
2004,59.198901224474625,885,2.0,0.6479348540306091,72,854,144,106
2000,59.26579263828759,886,2.0,0.45949575304985046,989,419,70,46
1977,59.26579263828759,886,2.0,0.6498622894287109,1475,363,40,35
2037,59.26579263828759,886,2.0,0.6589228510856628,98,502,109,59
2052,59.26579263828759,886,2.0,0.3545059561729431,1023,345,49,36
2054,59.26579263828759,886,2.0,0.842568039894104,650,620,128,76
2068,59.26579263828759,886,2.0,0.47987574338912964,941,396,61,38
2004,59.26579263828759,886,2.0,0.8422671556472778,96,831,193,117
2000,59.33268405210056,887,2.0,0.4343220889568329,1001,412,78,46
1977,59.33268405210056,887,2.0,0.5972044467926025,1477,360,37,32
2037,59.33268405210056,887,2.0,0.5196396112442017,76,508,114,59
2052,59.33268405210056,887,2.0,0.4095548987388611,1030,340,52,35
2054,59.33268405210056,887,2.0,0.7071274518966675,679,603,119,72
2068,59.33268405210056,887,2.0,0.4714029133319855,955,388,58,39
2004,59.33268405210056,887,2.0,0.7569763660430908,145,801,206,115
2000,59.39957546591352,888,2.0,0.5429887175559998,1017,407,81,47
1977,59.39957546591352,888,2.0,0.4643542468547821,1476,355,34,28
2037,59.39957546591352,888,2.0,0.7025964260101318,55,515,111,61
2052,59.39957546591352,888,2.0,0.4721280038356781,1039,335,44,32
2054,59.39957546591352,888,2.0,0.6743504405021667,706,586,116,70
2068,59.39957546591352,888,2.0,0.5424324870109558,966,382,57,39
2004,59.39957546591352,888,2.0,0.8679937720298767,208,768,202,107
2000,59.46646687972649,889,2.0,0.6144853234291077,1023,400,70,43
1977,59.46646687972649,889,2.0,0.43359634280204773,1477,351,33,30
2037,59.46646687972649,889,2.0,0.6295984983444214,43,522,87,59
2054,59.46646687972649,889,2.0,0.7392976880073547,737,572,120,68
2068,59.46646687972649,889,2.0,0.3804907202720642,977,375,51,38
2004,59.46646687972649,889,2.0,0.8433573842048645,270,735,191,99
2000,59.53335829353946,890,2.0,0.46225279569625854,1034,394,68,43
1977,59.53335829353946,890,2.0,0.43728628754615784,1481,347,39,32
2037,59.53335829353946,890,2.0,0.4278033673763275,32,527,65,53
2054,59.53335829353946,890,2.0,0.6049918532371521,759,557,108,65
2068,59.53335829353946,890,2.0,0.5100427865982056,988,368,57,37
2004,59.53335829353946,890,2.0,0.8268885016441345,329,707,181,96
2000,59.60024970735242,891,2.0,0.34169381856918335,1043,387,65,41
1977,59.60024970735242,891,2.0,0.42401012778282166,1483,343,38,31
2037,59.60024970735242,891,2.0,0.5084747076034546,19,533,38,49
2054,59.60024970735242,891,2.0,0.6782813668251038,780,544,102,64
2068,59.60024970735242,891,2.0,0.3448081314563751,999,363,51,36
2004,59.60024970735242,891,2.0,0.7948907613754272,384,681,170,92
2000,59.667141121165386,892,2.0,0.551758885383606,1050,381,61,38
1977,59.667141121165386,892,2.0,0.2765069603919983,1483,339,34,32
2054,59.667141121165386,892,2.0,0.6100714802742004,802,530,99,62
2068,59.667141121165386,892,2.0,0.5200448036193848,1010,359,51,38
2004,59.667141121165386,892,2.0,0.7033757567405701,432,657,160,85
2000,59.734032534978354,893,2.0,0.4521695077419281,1059,374,60,39
1977,59.734032534978354,893,2.0,0.35093796253204346,1485,334,34,29
2054,59.734032534978354,893,2.0,0.7133893370628357,824,519,98,62
2068,59.734032534978354,893,2.0,0.4667914807796478,1019,354,53,34
2004,59.734032534978354,893,2.0,0.7088819742202759,478,635,147,83
2082,59.734032534978354,893,2.0,0.5813747644424438,636,355,62,31
2084,59.734032534978354,893,2.0,0.4659465551376343,1074,316,58,36
2000,59.800923948791315,894,2.0,0.5321805477142334,1066,369,62,38
1977,59.800923948791315,894,2.0,0.37262043356895447,1490,331,38,29
2054,59.800923948791315,894,2.0,0.7745973467826843,840,507,91,59
2068,59.800923948791315,894,2.0,0.18389742076396942,1033,347,63,33
2004,59.800923948791315,894,2.0,0.8120449781417847,519,615,142,80
2000,59.86781536260428,895,2.0,0.21807654201984406,1075,364,60,38
1977,59.86781536260428,895,2.0,0.3520788550376892,1491,329,37,30
2054,59.86781536260428,895,2.0,0.7172946929931641,857,497,88,56
2068,59.86781536260428,895,2.0,0.24742639064788818,1036,340,56,33
2004,59.86781536260428,895,2.0,0.7924562096595764,558,596,133,75
2000,59.93470677641725,896,2.0,0.6097313761711121,1081,358,58,36
1977,59.93470677641725,896,2.0,0.2495361864566803,1492,326,33,30
2054,59.93470677641725,896,2.0,0.5810700058937073,876,487,86,55
2068,59.93470677641725,896,2.0,0.5266090035438538,1043,336,47,29
2004,59.93470677641725,896,2.0,0.7748669981956482,595,577,127,73
