id,time,frame_num,class,conf,x,y,w,h
1,0.0,0,2.0,0.49603256583213806,530,259,46,29
2,0.0,0,2.0,0.4201135039329529,322,445,76,59
3,0.0,0,2.0,0.32733288407325745,1651,328,63,32
4,0.0,0,2.0,0.2890576422214508,1744,316,49,20
5,0.0,0,2.0,0.2821739912033081,374,452,52,40
6,0.0,0,2.0,0.2679121494293213,215,270,51,28
7,0.0,0,2.0,0.26158374547958374,530,248,48,52
1,0.03333835568232331,1,2.0,0.49603256583213806,530,259,46,29
2,0.03333835568232331,1,2.0,0.4201135039329529,322,445,76,59
3,0.03333835568232331,1,2.0,0.32733288407325745,1651,328,63,32
4,0.03333835568232331,1,2.0,0.2890576422214508,1744,316,49,20
5,0.03333835568232331,1,2.0,0.2821739912033081,374,452,52,40
6,0.03333835568232331,1,2.0,0.2679121494293213,215,270,51,28
7,0.03333835568232331,1,2.0,0.26158374547958374,530,248,48,52
1,0.06667671136464662,2,2.0,0.39849191904067993,528,259,45,28
2,0.06667671136464662,2,2.0,0.43878424167633057,325,445,76,64
3,0.06667671136464662,2,2.0,0.3341623842716217,1652,328,62,32
4,0.06667671136464662,2,2.0,0.14429715275764465,1742,316,51,20
5,0.06667671136464662,2,2.0,0.23931600153446198,378,454,53,41
6,0.06667671136464662,2,2.0,0.16510391235351562,212,271,40,27
7,0.06667671136464662,2,2.0,0.138178750872612,528,245,47,55
2,0.10001506704696993,3,2.0,0.5054471492767334,326,446,74,70
3,0.10001506704696993,3,2.0,0.3605618178844452,1652,328,61,32
4,0.10001506704696993,3,2.0,0.1422732025384903,1738,315,54,20
5,0.10001506704696993,3,2.0,0.12165547162294388,376,459,43,43
6,0.10001506704696993,3,2.0,0.16931062936782837,220,272,56,28
7,0.10001506704696993,3,2.0,0.17503733932971954,525,244,46,50
2,0.13335342272929324,4,2.0,0.4334973096847534,329,448,75,76
3,0.13335342272929324,4,2.0,0.3916272222995758,1654,328,65,31
4,0.13335342272929324,4,2.0,0.1824105978012085,1733,314,50,21
6,0.13335342272929324,4,2.0,0.11904920637607574,223,275,64,30
7,0.13335342272929324,4,2.0,0.23136600852012634,522,244,51,47
2,0.16669177841161653,5,2.0,0.4642537236213684,333,454,76,76
3,0.16669177841161653,5,2.0,0.4096028804779053,1654,329,65,30
4,0.16669177841161653,5,2.0,0.24472258985042572,1729,314,45,22
6,0.16669177841161653,5,2.0,0.40010806918144226,226,276,64,32
7,0.16669177841161653,5,2.0,0.4047512114048004,518,242,49,43
11,0.16669177841161653,5,2.0,0.5722643733024597,334,466,77,53
12,0.16669177841161653,5,2.0,0.3724559545516968,248,233,35,26
2,0.20003013409393985,6,2.0,0.6169378161430359,335,461,74,75
3,0.20003013409393985,6,2.0,0.373974084854126,1654,328,64,30
4,0.20003013409393985,6,2.0,0.18459604680538177,1725,314,48,22
6,0.20003013409393985,6,2.0,0.44080817699432373,226,278,64,34
7,0.20003013409393985,6,2.0,0.328203022480011,515,239,48,45
12,0.20003013409393985,6,2.0,0.480826735496521,248,234,35,26
2,0.23336848977626315,7,2.0,0.7298895716667175,338,468,78,74
3,0.23336848977626315,7,2.0,0.4003227651119232,1653,329,63,30
4,0.23336848977626315,7,2.0,0.16673250496387482,1722,311,52,22
6,0.23336848977626315,7,2.0,0.43076130747795105,227,279,63,35
7,0.23336848977626315,7,2.0,0.47994497418403625,512,243,47,36
12,0.23336848977626315,7,2.0,0.3616328537464142,250,235,35,23
15,0.23336848977626315,7,2.0,0.3548925518989563,1529,459,70,44
2,0.2667068454585865,8,2.0,0.7356915473937988,340,472,76,78
3,0.2667068454585865,8,2.0,0.38065123558044434,1654,329,65,31
4,0.2667068454585865,8,2.0,0.13435021042823792,1719,309,50,22
6,0.2667068454585865,8,2.0,0.48153144121170044,221,280,49,36
7,0.2667068454585865,8,2.0,0.31101614236831665,509,240,46,32
12,0.2667068454585865,8,2.0,0.235937237739563,250,236,32,25
15,0.2667068454585865,8,2.0,0.3751910328865051,1529,459,70,45
2,0.30004520114090977,9,2.0,0.5909404158592224,344,478,78,77
3,0.30004520114090977,9,2.0,0.3934105336666107,1654,329,64,30
6,0.30004520114090977,9,2.0,0.47792965173721313,223,282,53,37
7,0.30004520114090977,9,2.0,0.4376310408115387,507,243,47,26
12,0.30004520114090977,9,2.0,0.40055927634239197,252,238,33,25
15,0.30004520114090977,9,2.0,0.344469279050827,1529,459,71,46
2,0.33338355682323306,10,2.0,0.5292945504188538,347,483,78,81
3,0.33338355682323306,10,2.0,0.3724120259284973,1654,330,65,30
6,0.33338355682323306,10,2.0,0.470912903547287,224,284,54,38
12,0.33338355682323306,10,2.0,0.391644686460495,253,241,33,25
15,0.33338355682323306,10,2.0,0.3805557191371918,1530,460,71,46
2,0.3667219125055564,11,2.0,0.5499644875526428,348,488,78,80
3,0.3667219125055564,11,2.0,0.3598613739013672,1655,330,68,31
6,0.3667219125055564,11,2.0,0.5849106311798096,228,286,57,40
12,0.3667219125055564,11,2.0,0.5269792079925537,255,243,31,25
15,0.3667219125055564,11,2.0,0.37455543875694275,1530,460,71,46
7,0.3667219125055564,11,2.0,0.45170485973358154,499,237,46,33
2,0.4000602681878797,12,2.0,0.5357348918914795,353,496,81,80
3,0.4000602681878797,12,2.0,0.3888181149959564,1657,330,70,32
6,0.4000602681878797,12,2.0,0.50652015209198,228,288,55,41
12,0.4000602681878797,12,2.0,0.24891822040081024,254,244,29,25
15,0.4000602681878797,12,2.0,0.3588608503341675,1530,460,71,46
7,0.4000602681878797,12,2.0,0.45464831590652466,496,234,47,34
2,0.433398623870203,13,2.0,0.486555278301239,359,503,86,79
3,0.433398623870203,13,2.0,0.3420160710811615,1656,330,68,32
6,0.433398623870203,13,2.0,0.3979363441467285,229,290,55,41
12,0.433398623870203,13,2.0,0.2792403995990753,255,246,30,27
15,0.433398623870203,13,2.0,0.3577338457107544,1530,459,71,45
7,0.433398623870203,13,2.0,0.2576098144054413,493,232,46,36
2,0.4667369795525263,14,2.0,0.4411356747150421,363,508,87,84
3,0.4667369795525263,14,2.0,0.2881471514701843,1656,330,68,32
6,0.4667369795525263,14,2.0,0.5257940292358398,229,293,54,40
15,0.4667369795525263,14,2.0,0.36007317900657654,1530,459,71,46
7,0.4667369795525263,14,2.0,0.3329488933086395,488,227,45,44
2,0.5000753352348496,15,2.0,0.4568619728088379,367,519,85,76
3,0.5000753352348496,15,2.0,0.28888148069381714,1654,329,64,33
6,0.5000753352348496,15,2.0,0.5853486061096191,229,295,51,42
15,0.5000753352348496,15,2.0,0.3557502031326294,1530,459,71,45
7,0.5000753352348496,15,2.0,0.35789620876312256,485,224,44,45
2,0.533413690917173,16,2.0,0.3977302610874176,371,524,88,81
3,0.533413690917173,16,2.0,0.30870550870895386,1655,327,65,34
6,0.533413690917173,16,2.0,0.5727129578590393,234,297,58,38
15,0.533413690917173,16,2.0,0.3347122073173523,1530,459,71,45
7,0.533413690917173,16,2.0,0.4539428651332855,482,223,45,44
2,0.5667520465994962,17,2.0,0.29950961470603943,374,529,90,86
3,0.5667520465994962,17,2.0,0.29758015275001526,1656,326,67,35
6,0.5667520465994962,17,2.0,0.6217578053474426,235,299,60,37
15,0.5667520465994962,17,2.0,0.2925258278846741,1530,459,71,45
7,0.5667520465994962,17,2.0,0.4491982161998749,480,221,46,42
2,0.6000904022818195,18,2.0,0.7319043278694153,377,534,92,90
3,0.6000904022818195,18,2.0,0.2961868345737457,1658,325,72,36
6,0.6000904022818195,18,2.0,0.4427078068256378,232,300,51,35
15,0.6000904022818195,18,2.0,0.3139517605304718,1530,459,71,45
7,0.6000904022818195,18,2.0,0.2108469009399414,479,220,44,41
2,0.6334287579641429,19,2.0,0.7236756086349487,382,541,94,90
3,0.6334287579641429,19,2.0,0.259313702583313,1659,325,74,39
6,0.6334287579641429,19,2.0,0.6202833652496338,237,304,58,36
15,0.6334287579641429,19,2.0,0.3516860604286194,1530,459,71,45
7,0.6334287579641429,19,2.0,0.2433706820011139,475,219,43,37
2,0.6667671136464661,20,2.0,0.532220184803009,385,549,95,95
3,0.6667671136464661,20,2.0,0.31998857855796814,1659,322,74,40
6,0.6667671136464661,20,2.0,0.4490804970264435,240,309,60,38
15,0.6667671136464661,20,2.0,0.36763158440589905,1530,459,71,46
7,0.6667671136464661,20,2.0,0.23815302550792694,472,218,41,36
17,0.6667671136464661,20,2.0,0.5721387267112732,174,856,75,65
2,0.7001054693287895,21,2.0,0.6669066548347473,389,555,96,97
3,0.7001054693287895,21,2.0,0.38835248351097107,1658,319,73,44
6,0.7001054693287895,21,2.0,0.5418323874473572,244,313,67,39
15,0.7001054693287895,21,2.0,0.36214181780815125,1530,459,70,45
7,0.7001054693287895,21,2.0,0.3509134352207184,469,218,42,35
17,0.7001054693287895,21,2.0,0.7432059049606323,165,855,92,80
2,0.7334438250111128,22,2.0,0.6447569727897644,393,562,97,102
3,0.7334438250111128,22,2.0,0.35128045082092285,1657,318,71,43
6,0.7334438250111128,22,2.0,0.4948388934135437,240,315,54,40
15,0.7334438250111128,22,2.0,0.35730814933776855,1530,459,70,44
7,0.7334438250111128,22,2.0,0.47389212250709534,467,217,44,35
17,0.7334438250111128,22,2.0,0.7183968424797058,158,856,110,85
20,0.7334438250111128,22,2.0,0.39906376600265503,923,680,67,55
2,0.7667821806934361,23,2.0,0.4787499010562897,398,571,97,101
3,0.7667821806934361,23,2.0,0.31404808163642883,1656,319,68,42
6,0.7667821806934361,23,2.0,0.4233388304710388,243,319,53,40
15,0.7667821806934361,23,2.0,0.3586864173412323,1530,459,70,44
7,0.7667821806934361,23,2.0,0.5859473347663879,466,215,45,35
17,0.7667821806934361,23,2.0,0.6254419088363647,149,858,130,94
20,0.7667821806934361,23,2.0,0.4681917130947113,922,681,68,55
2,0.8001205363757594,24,2.0,0.5794979929924011,402,580,99,102
3,0.8001205363757594,24,2.0,0.21460701525211334,1654,319,65,40
6,0.8001205363757594,24,2.0,0.4181898534297943,249,322,66,40
15,0.8001205363757594,24,2.0,0.3471808135509491,1530,459,70,44
7,0.8001205363757594,24,2.0,0.5923759937286377,464,213,45,37
17,0.8001205363757594,24,2.0,0.6489284038543701,139,857,150,107
20,0.8001205363757594,24,2.0,0.38099101185798645,920,681,74,57
12,0.8001205363757594,24,2.0,0.45172443985939026,274,265,40,26
2,0.8334588920580827,25,2.0,0.5143738389015198,409,588,101,105
6,0.8334588920580827,25,2.0,0.5043386220932007,252,324,68,41
15,0.8334588920580827,25,2.0,0.3496752083301544,1530,459,70,44
7,0.8334588920580827,25,2.0,0.41639915108680725,462,211,43,37
17,0.8334588920580827,25,2.0,0.7706888914108276,128,859,170,118
20,0.8334588920580827,25,2.0,0.40778520703315735,918,682,80,61
12,0.8334588920580827,25,2.0,0.5009133815765381,275,268,39,27
2,0.866797247740406,26,7.0,0.5167981386184692,413,597,103,107
6,0.866797247740406,26,2.0,0.623939573764801,254,326,73,42
15,0.866797247740406,26,2.0,0.32351240515708923,1530,459,70,44
7,0.866797247740406,26,2.0,0.3371039927005768,458,209,47,36
17,0.866797247740406,26,2.0,0.694510281085968,117,861,191,123
20,0.866797247740406,26,2.0,0.45411112904548645,914,682,91,65
12,0.866797247740406,26,2.0,0.44915732741355896,275,270,37,27
29,0.866797247740406,26,2.0,0.34940221905708313,907,673,112,85
2,0.9001356034227294,27,2.0,0.4664803147315979,419,607,107,107
6,0.9001356034227294,27,2.0,0.6252752542495728,254,328,70,42
15,0.9001356034227294,27,2.0,0.3415769040584564,1530,459,71,44
7,0.9001356034227294,27,2.0,0.29458603262901306,455,207,48,36
17,0.9001356034227294,27,2.0,0.67305988073349,107,865,208,122
20,0.9001356034227294,27,2.0,0.4054984152317047,910,681,100,71
12,0.9001356034227294,27,2.0,0.39307740330696106,276,271,38,27
29,0.9001356034227294,27,2.0,0.1156233623623848,907,671,115,86
30,0.9001356034227294,27,7.0,0.44199028611183167,420,606,106,108
2,0.9334739591050526,28,2.0,0.5590078830718994,424,617,109,110
6,0.9334739591050526,28,2.0,0.43666449189186096,254,330,71,44
15,0.9334739591050526,28,2.0,0.33352822065353394,1530,459,71,44
7,0.9334739591050526,28,2.0,0.440544456243515,451,208,47,34
17,0.9334739591050526,28,2.0,0.5097491145133972,101,873,202,123
20,0.9334739591050526,28,2.0,0.3651789426803589,907,684,105,70
12,0.9334739591050526,28,2.0,0.2169889360666275,280,272,35,28
2,0.966812314787376,29,2.0,0.5927082896232605,430,625,109,113
6,0.966812314787376,29,2.0,0.5345823764801025,252,333,67,46
15,0.966812314787376,29,2.0,0.3456074297428131,1530,459,70,44
7,0.966812314787376,29,2.0,0.3123329281806946,448,208,44,34
17,0.966812314787376,29,2.0,0.38310226798057556,90,878,181,120
20,0.966812314787376,29,2.0,0.3032377064228058,904,686,111,69
12,0.966812314787376,29,2.0,0.21218816936016083,287,275,40,29
29,0.966812314787376,29,2.0,0.3111029863357544,890,676,142,93
2,1.0001506704696992,30,2.0,0.4107278883457184,437,636,114,117
6,1.0001506704696992,30,2.0,0.606430172920227,253,334,66,48
15,1.0001506704696992,30,2.0,0.34870123863220215,1530,459,70,44
7,1.0001506704696992,30,2.0,0.46000978350639343,445,207,45,32
17,1.0001506704696992,30,2.0,0.3313939571380615,82,879,164,114
20,1.0001506704696992,30,2.0,0.3683362305164337,901,690,114,67
12,1.0001506704696992,30,2.0,0.3253811299800873,289,277,42,29
29,1.0001506704696992,30,2.0,0.3369393050670624,880,684,155,82
2,1.0334890261520226,31,2.0,0.5669623613357544,444,646,115,117
6,1.0334890261520226,31,2.0,0.4555864632129669,251,337,57,48
15,1.0334890261520226,31,2.0,0.3645422160625458,1530,459,70,43
7,1.0334890261520226,31,2.0,0.3890896439552307,444,207,45,31
17,1.0334890261520226,31,2.0,0.35087889432907104,72,886,145,109
20,1.0334890261520226,31,2.0,0.4166494309902191,899,690,115,65
12,1.0334890261520226,31,2.0,0.503926694393158,291,280,40,26
29,1.0334890261520226,31,2.0,0.3445735275745392,880,688,151,75
39,1.0334890261520226,31,2.0,0.3069559931755066,1661,330,78,32
2,1.066827381834346,32,2.0,0.4943728744983673,451,656,120,121
6,1.066827381834346,32,2.0,0.4798128306865692,250,340,51,46
15,1.066827381834346,32,2.0,0.3273813724517822,1530,459,70,43
7,1.066827381834346,32,2.0,0.404114693403244,442,205,44,31
17,1.066827381834346,32,2.0,0.5056939125061035,65,889,130,104
20,1.066827381834346,32,2.0,0.3262448310852051,899,691,113,62
12,1.066827381834346,32,2.0,0.5977342128753662,291,282,37,25
29,1.066827381834346,32,2.0,0.33582907915115356,875,691,156,73
39,1.066827381834346,32,2.0,0.33373749256134033,1660,330,77,32
2,1.1001657375166691,33,2.0,0.36443355679512024,458,667,121,125
6,1.1001657375166691,33,2.0,0.4929066002368927,251,344,48,44
15,1.1001657375166691,33,2.0,0.3205115497112274,1530,459,70,43
7,1.1001657375166691,33,2.0,0.3532044291496277,440,204,45,31
20,1.1001657375166691,33,2.0,0.2528916597366333,892,692,118,66
12,1.1001657375166691,33,2.0,0.5242919325828552,291,284,34,27
39,1.1001657375166691,33,2.0,0.3012329339981079,1660,330,76,33
2,1.1335040931989924,34,2.0,0.4609028100967407,466,679,124,130
6,1.1335040931989924,34,2.0,0.5902407765388489,252,346,47,42
15,1.1335040931989924,34,2.0,0.31405219435691833,1530,459,70,43
7,1.1335040931989924,34,2.0,0.1766359508037567,438,200,42,31
20,1.1335040931989924,34,2.0,0.2438431978225708,877,690,144,73
12,1.1335040931989924,34,2.0,0.5829845070838928,293,286,35,27
39,1.1335040931989924,34,2.0,0.3223738670349121,1660,329,76,33
2,1.1668424488813158,35,2.0,0.5657922029495239,474,691,127,132
6,1.1668424488813158,35,2.0,0.6059600710868835,254,349,46,44
15,1.1668424488813158,35,2.0,0.3221966028213501,1530,459,70,43
7,1.1668424488813158,35,2.0,0.29503706097602844,436,200,43,33
20,1.1668424488813158,35,2.0,0.32413846254348755,869,688,151,79
12,1.1668424488813158,35,2.0,0.5956471562385559,294,287,37,26
39,1.1668424488813158,35,2.0,0.33441683650016785,1660,329,76,33
2,1.200180804563639,36,2.0,0.720228910446167,483,702,133,137
6,1.200180804563639,36,2.0,0.5255478620529175,255,352,43,46
15,1.200180804563639,36,2.0,0.3395386338233948,1529,459,71,43
7,1.200180804563639,36,2.0,0.3008464574813843,437,199,41,32
20,1.200180804563639,36,2.0,0.2834775447845459,863,686,153,81
12,1.200180804563639,36,2.0,0.6224582195281982,296,292,39,29
39,1.200180804563639,36,2.0,0.2805940508842468,1660,328,76,34
2,1.2335191602459623,37,2.0,0.799344539642334,490,710,134,149
6,1.2335191602459623,37,2.0,0.5503154397010803,259,358,48,48
15,1.2335191602459623,37,2.0,0.3371084928512573,1529,458,71,44
7,1.2335191602459623,37,2.0,0.1617572158575058,432,199,42,30
20,1.2335191602459623,37,2.0,0.11989705264568329,853,685,152,86
12,1.2335191602459623,37,2.0,0.5823275446891785,298,294,38,29
39,1.2335191602459623,37,2.0,0.29603737592697144,1661,328,77,34
2,1.2668575159282858,38,2.0,0.5533758997917175,497,721,135,161
6,1.2668575159282858,38,2.0,0.5058906078338623,261,361,48,49
15,1.2668575159282858,38,2.0,0.3557567596435547,1529,458,71,44
7,1.2668575159282858,38,2.0,0.325398713350296,428,197,41,28
20,1.2668575159282858,38,2.0,0.16921113431453705,846,688,134,84
12,1.2668575159282858,38,2.0,0.5771232843399048,298,296,38,33
39,1.2668575159282858,38,2.0,0.3034467101097107,1661,328,78,34
2,1.300195871610609,39,2.0,0.7094419598579407,505,740,138,155
6,1.300195871610609,39,2.0,0.5247234106063843,263,365,50,48
15,1.300195871610609,39,2.0,0.30943235754966736,1529,458,71,43
7,1.300195871610609,39,2.0,0.4605300724506378,427,197,41,28
12,1.300195871610609,39,2.0,0.4577887952327728,304,300,45,31
39,1.300195871610609,39,2.0,0.2947763204574585,1661,328,78,34
52,1.300195871610609,39,2.0,0.4601576626300812,431,194,43,28
2,1.3335342272929323,40,2.0,0.6552367210388184,514,758,140,154
6,1.3335342272929323,40,2.0,0.4781268835067749,272,369,64,50
15,1.3335342272929323,40,2.0,0.3093286454677582,1529,458,71,43
7,1.3335342272929323,40,2.0,0.4999094307422638,425,197,41,27
12,1.3335342272929323,40,2.0,0.5085333585739136,305,303,46,30
39,1.3335342272929323,40,2.0,0.2532321810722351,1661,328,78,35
2,1.3668725829752557,41,2.0,0.5193437337875366,524,774,144,157
6,1.3668725829752557,41,2.0,0.3782247006893158,271,372,62,49
15,1.3668725829752557,41,2.0,0.31751903891563416,1529,458,71,43
7,1.3668725829752557,41,2.0,0.37681862711906433,422,196,40,26
12,1.3668725829752557,41,2.0,0.4851551353931427,307,305,44,30
39,1.3668725829752557,41,2.0,0.2822166681289673,1661,328,78,35
54,1.3668725829752557,41,2.0,0.41622644662857056,201,239,38,26
2,1.400210938657579,42,2.0,0.4494834840297699,534,789,149,160
6,1.400210938657579,42,2.0,0.6197472810745239,269,375,57,51
15,1.400210938657579,42,2.0,0.32721254229545593,1529,458,71,43
7,1.400210938657579,42,2.0,0.3899001479148865,421,195,41,27
12,1.400210938657579,42,2.0,0.587561845779419,310,308,44,30
39,1.400210938657579,42,2.0,0.29854530096054077,1661,328,78,35
54,1.400210938657579,42,2.0,0.4933556616306305,203,242,41,26
2,1.4335492943399022,43,2.0,0.7956389784812927,544,806,153,166
6,1.4335492943399022,43,2.0,0.5721142292022705,269,378,57,53
15,1.4335492943399022,43,2.0,0.3515655994415283,1529,458,71,43
7,1.4335492943399022,43,2.0,0.41012465953826904,418,195,43,26
12,1.4335492943399022,43,2.0,0.586149275302887,311,310,42,31
39,1.4335492943399022,43,2.0,0.29812923073768616,1661,328,78,35
54,1.4335492943399022,43,2.0,0.5456957221031189,204,244,41,27
2,1.4668876500222257,44,2.0,0.7573762536048889,555,821,155,174
6,1.4668876500222257,44,2.0,0.43775779008865356,271,382,56,51
15,1.4668876500222257,44,2.0,0.33126676082611084,1529,458,71,43
7,1.4668876500222257,44,2.0,0.3817429840564728,419,192,41,24
12,1.4668876500222257,44,2.0,0.5734936594963074,313,312,42,31
39,1.4668876500222257,44,2.0,0.3138188421726227,1661,329,78,35
54,1.4668876500222257,44,2.0,0.4868887960910797,205,246,43,30
2,1.500226005704549,45,2.0,0.6981970071792603,566,839,160,177
6,1.500226005704549,45,2.0,0.511742115020752,275,386,57,50
15,1.500226005704549,45,2.0,0.3451929986476898,1529,458,70,43
7,1.500226005704549,45,2.0,0.3812550902366638,416,192,42,24
12,1.500226005704549,45,2.0,0.6015979051589966,316,316,46,34
39,1.500226005704549,45,2.0,0.31536972522735596,1661,329,79,35
54,1.500226005704549,45,2.0,0.3760315477848053,207,248,45,30
2,1.5335643613868721,46,2.0,0.6199043989181519,577,852,166,173
6,1.5335643613868721,46,2.0,0.4743061065673828,276,389,54,51
15,1.5335643613868721,46,2.0,0.3761606514453888,1529,458,70,43
7,1.5335643613868721,46,2.0,0.4688376486301422,415,190,44,23
12,1.5335643613868721,46,2.0,0.5271767377853394,318,319,48,38
39,1.5335643613868721,46,2.0,0.29309654235839844,1661,329,79,35
54,1.5335643613868721,46,2.0,0.335243284702301,207,249,44,30
2,1.5669027170691954,47,2.0,0.33598756790161133,591,866,172,167
6,1.5669027170691954,47,2.0,0.481388121843338,280,393,58,53
15,1.5669027170691954,47,2.0,0.31649404764175415,1529,458,70,42
7,1.5669027170691954,47,2.0,0.38507112860679626,416,188,45,25
12,1.5669027170691954,47,2.0,0.5015931129455566,323,321,53,41
39,1.5669027170691954,47,2.0,0.2774959206581116,1661,329,79,35
54,1.5669027170691954,47,2.0,0.24563170969486237,207,250,40,32
2,1.6002410727515188,48,2.0,0.32383641600608826,607,894,183,187
6,1.6002410727515188,48,2.0,0.5359680652618408,280,398,55,54
15,1.6002410727515188,48,2.0,0.31575554609298706,1529,458,70,42
7,1.6002410727515188,48,2.0,0.1714203953742981,418,187,37,26
12,1.6002410727515188,48,2.0,0.49061551690101624,323,324,48,39
39,1.6002410727515188,48,2.0,0.280331552028656,1661,329,78,35
54,1.6002410727515188,48,2.0,0.2917267382144928,208,251,40,33
2,1.633579428433842,49,7.0,0.10838202387094498,622,920,192,203
6,1.633579428433842,49,2.0,0.3675273656845093,286,403,66,57
15,1.633579428433842,49,2.0,0.3183179199695587,1529,458,70,42
7,1.633579428433842,49,2.0,0.3187161982059479,413,186,48,26
12,1.633579428433842,49,2.0,0.40592607855796814,324,327,47,35
39,1.633579428433842,49,2.0,0.26658058166503906,1661,329,78,35
54,1.633579428433842,49,2.0,0.19805994629859924,211,252,45,32
2,1.6669177841161653,50,2.0,0.18106719851493835,635,942,192,211
6,1.6669177841161653,50,2.0,0.37705132365226746,288,407,64,56
15,1.6669177841161653,50,2.0,0.3326185643672943,1529,458,70,42
7,1.6669177841161653,50,2.0,0.324370801448822,412,185,49,26
12,1.6669177841161653,50,2.0,0.46610885858535767,327,332,49,35
39,1.6669177841161653,50,2.0,0.2299686223268509,1661,329,78,35
54,1.6669177841161653,50,2.0,0.4076272249221802,213,253,44,30
6,1.7002561397984888,51,2.0,0.49772313237190247,290,412,63,57
15,1.7002561397984888,51,2.0,0.349152535200119,1529,458,70,43
7,1.7002561397984888,51,2.0,0.1719016432762146,411,184,57,26
12,1.7002561397984888,51,2.0,0.46099260449409485,329,334,51,36
39,1.7002561397984888,51,2.0,0.22727766633033752,1660,329,78,35
54,1.7002561397984888,51,2.0,0.3838496804237366,214,254,42,29
6,1.733594495480812,52,2.0,0.3968070447444916,295,417,67,56
15,1.733594495480812,52,2.0,0.30244359374046326,1529,458,70,42
12,1.733594495480812,52,2.0,0.4944138526916504,332,338,49,35
39,1.733594495480812,52,2.0,0.2109786421060562,1660,329,78,35
54,1.733594495480812,52,2.0,0.2996913194656372,213,256,38,31
6,1.7669328511631353,53,2.0,0.4078215956687927,296,422,66,58
15,1.7669328511631353,53,2.0,0.3540157377719879,1529,458,70,43
12,1.7669328511631353,53,2.0,0.4866851270198822,335,342,49,36
39,1.7669328511631353,53,2.0,0.18803347647190094,1660,329,79,35
54,1.7669328511631353,53,2.0,0.28923895955085754,214,258,39,29
6,1.8002712068454587,54,2.0,0.4133349359035492,297,427,65,60
15,1.8002712068454587,54,2.0,0.274530827999115,1529,458,71,43
12,1.8002712068454587,54,2.0,0.508225679397583,340,344,55,39
39,1.8002712068454587,54,2.0,0.171087846159935,1660,329,79,35
54,1.8002712068454587,54,2.0,0.3044936954975128,214,258,38,32
61,1.8002712068454587,54,7.0,0.485606849193573,1637,792,287,153
6,1.833609562527782,55,2.0,0.30994918942451477,299,431,63,60
15,1.833609562527782,55,2.0,0.3397020697593689,1529,458,71,43
12,1.833609562527782,55,2.0,0.4144405424594879,348,348,66,40
39,1.833609562527782,55,2.0,0.17105484008789062,1660,329,79,35
54,1.833609562527782,55,2.0,0.38309165835380554,214,260,36,32
61,1.833609562527782,55,7.0,0.48963144421577454,1602,769,289,151
6,1.8669479182101052,56,2.0,0.2685725688934326,303,436,62,60
15,1.8669479182101052,56,2.0,0.31890198588371277,1529,458,71,43
12,1.8669479182101052,56,2.0,0.5201890468597412,348,350,62,40
39,1.8669479182101052,56,2.0,0.1631476879119873,1660,329,79,35
54,1.8669479182101052,56,2.0,0.39694130420684814,217,263,41,31
61,1.8669479182101052,56,7.0,0.5450367331504822,1557,748,285,145
6,1.9002862738924287,57,2.0,0.40162017941474915,305,446,61,57
15,1.9002862738924287,57,2.0,0.2981545925140381,1529,458,71,43
12,1.9002862738924287,57,2.0,0.4208694398403168,350,354,60,39
39,1.9002862738924287,57,2.0,0.16395710408687592,1660,329,79,35
54,1.9002862738924287,57,2.0,0.4083249270915985,217,266,42,32
61,1.9002862738924287,57,7.0,0.5245036482810974,1516,727,275,135
6,1.933624629574752,58,2.0,0.5180931091308594,308,450,61,60
15,1.933624629574752,58,2.0,0.3131698668003082,1530,459,71,44
12,1.933624629574752,58,2.0,0.4944235682487488,353,358,60,39
39,1.933624629574752,58,2.0,0.16799169778823853,1660,329,78,35
54,1.933624629574752,58,2.0,0.3808835446834564,220,269,50,33
61,1.933624629574752,58,7.0,0.463689923286438,1472,707,263,128
6,1.9669629852570751,59,2.0,0.24242940545082092,308,450,55,56
15,1.9669629852570751,59,2.0,0.3407042920589447,1530,459,71,44
12,1.9669629852570751,59,2.0,0.4885633885860443,356,362,61,40
39,1.9669629852570751,59,2.0,0.15870778262615204,1660,329,79,35
54,1.9669629852570751,59,2.0,0.3127326965332031,222,271,53,33
61,1.9669629852570751,59,7.0,0.4054969847202301,1432,687,255,125
6,2.0003013409393984,60,2.0,0.21122273802757263,321,458,70,60
15,2.0003013409393984,60,2.0,0.3625851571559906,1529,459,71,44
12,2.0003013409393984,60,2.0,0.3446945548057556,357,365,60,43
39,2.0003013409393984,60,2.0,0.17096857726573944,1660,329,79,35
54,2.0003013409393984,60,2.0,0.3636554777622223,225,274,55,33
61,2.0003013409393984,60,7.0,0.48396897315979004,1386,670,227,121
6,2.0336396966217216,61,2.0,0.3923204243183136,321,465,68,64
15,2.0336396966217216,61,2.0,0.3610096275806427,1529,459,71,43
12,2.0336396966217216,61,2.0,0.5595389604568481,361,369,60,42
39,2.0336396966217216,61,2.0,0.18630675971508026,1660,329,79,35
54,2.0336396966217216,61,2.0,0.3836464583873749,227,274,56,36
61,2.0336396966217216,61,7.0,0.31765690445899963,1353,652,216,114
68,2.0336396966217216,61,2.0,0.317179411649704,1868,336,66,31
6,2.0669780523040453,62,2.0,0.40420883893966675,322,471,65,68
15,2.0669780523040453,62,2.0,0.2655605971813202,1529,457,70,40
12,2.0669780523040453,62,2.0,0.5348025560379028,364,372,58,44
39,2.0669780523040453,62,2.0,0.17158272862434387,1658,328,75,35
54,2.0669780523040453,62,2.0,0.4010833203792572,229,276,57,36
61,2.0669780523040453,62,7.0,0.5266447067260742,1325,638,219,111
68,2.0669780523040453,62,2.0,0.4590848684310913,1864,335,66,30
6,2.1003164079863685,63,2.0,0.5498101115226746,324,477,64,66
15,2.1003164079863685,63,2.0,0.25089791417121887,1529,457,69,39
12,2.1003164079863685,63,2.0,0.428732693195343,366,375,55,46
39,2.1003164079863685,63,2.0,0.1628255695104599,1658,328,73,35
54,2.1003164079863685,63,2.0,0.39477065205574036,228,278,55,36
61,2.1003164079863685,63,7.0,0.3267455995082855,1289,624,206,107
68,2.1003164079863685,63,2.0,0.403655469417572,1860,334,65,29
6,2.133654763668692,64,2.0,0.30753833055496216,329,482,64,67
15,2.133654763668692,64,2.0,0.1985749900341034,1529,457,69,39
12,2.133654763668692,64,2.0,0.37690550088882446,369,379,55,45
39,2.133654763668692,64,2.0,0.14492474496364594,1657,328,72,35
54,2.133654763668692,64,2.0,0.29350847005844116,228,279,53,38
61,2.133654763668692,64,7.0,0.24163426458835602,1256,610,191,102
68,2.133654763668692,64,2.0,0.2763349115848541,1857,333,67,30
6,2.166993119351015,65,2.0,0.24744641780853271,331,488,68,70
15,2.166993119351015,65,2.0,0.251141756772995,1529,456,69,39
12,2.166993119351015,65,2.0,0.4823800325393677,372,384,56,46
39,2.166993119351015,65,2.0,0.1552668809890747,1657,328,72,35
54,2.166993119351015,65,2.0,0.507003128528595,230,282,55,36
61,2.166993119351015,65,7.0,0.3543185293674469,1229,597,185,103
68,2.166993119351015,65,2.0,0.2906150221824646,1854,334,65,31
6,2.2003314750333383,66,2.0,0.29983222484588623,335,494,69,72
15,2.2003314750333383,66,2.0,0.18454194068908691,1529,457,69,39
12,2.2003314750333383,66,2.0,0.40768617391586304,376,388,59,47
39,2.2003314750333383,66,2.0,0.14939171075820923,1657,328,72,35
54,2.2003314750333383,66,2.0,0.43783876299858093,229,286,54,36
68,2.2003314750333383,66,2.0,0.1733270138502121,1852,334,60,29
6,2.2336698307156615,67,2.0,0.4821312427520752,339,500,70,74
15,2.2336698307156615,67,2.0,0.23027104139328003,1529,457,69,40
12,2.2336698307156615,67,2.0,0.47131046652793884,380,393,60,44
39,2.2336698307156615,67,2.0,0.16313832998275757,1657,328,73,35
54,2.2336698307156615,67,2.0,0.47626781463623047,229,288,52,36
68,2.2336698307156615,67,2.0,0.2035570740699768,1850,334,56,28
6,2.2670081863979847,68,2.0,0.32076725363731384,342,509,69,75
15,2.2670081863979847,68,2.0,0.28663119673728943,1529,457,70,40
12,2.2670081863979847,68,2.0,0.48451417684555054,382,396,59,47
39,2.2670081863979847,68,2.0,0.1642221212387085,1657,328,73,35
54,2.2670081863979847,68,2.0,0.5032088160514832,231,290,54,36
6,2.3003465420803084,69,2.0,0.48969393968582153,345,516,69,76
15,2.3003465420803084,69,2.0,0.28911152482032776,1529,457,69,40
12,2.3003465420803084,69,2.0,0.5569860935211182,386,399,61,50
39,2.3003465420803084,69,2.0,0.15948185324668884,1657,328,73,35
54,2.3003465420803084,69,2.0,0.5235283374786377,232,293,53,33
6,2.3336848977626317,70,2.0,0.5500766038894653,349,520,73,78
15,2.3336848977626317,70,2.0,0.2805343568325043,1529,457,69,40
12,2.3336848977626317,70,2.0,0.5074347853660583,391,405,63,50
39,2.3336848977626317,70,2.0,0.16204124689102173,1657,328,73,35
54,2.3336848977626317,70,2.0,0.3787696063518524,232,296,51,30
81,2.3336848977626317,70,2.0,0.40080568194389343,1874,560,89,51
6,2.367023253444955,71,2.0,0.36315929889678955,355,529,76,81
15,2.367023253444955,71,2.0,0.2759498357772827,1529,457,69,40
12,2.367023253444955,71,2.0,0.5694077014923096,395,410,68,50
39,2.367023253444955,71,2.0,0.15145480632781982,1657,328,73,35
54,2.367023253444955,71,2.0,0.5000817775726318,232,297,50,31
81,2.367023253444955,71,2.0,0.37925174832344055,1872,559,91,50
7,2.367023253444955,71,2.0,0.35167911648750305,368,161,46,28
6,2.400361609127278,72,2.0,0.4864632785320282,359,537,78,82
15,2.400361609127278,72,2.0,0.26055827736854553,1529,457,69,39
12,2.400361609127278,72,2.0,0.6653892993927002,399,415,66,50
39,2.400361609127278,72,2.0,0.1441836804151535,1657,328,73,35
54,2.400361609127278,72,2.0,0.4485146999359131,236,300,51,29
81,2.400361609127278,72,2.0,0.27692705392837524,1874,558,87,53
7,2.400361609127278,72,2.0,0.3123278021812439,366,161,42,28
6,2.4336999648096014,73,2.0,0.49654728174209595,364,544,79,84
15,2.4336999648096014,73,2.0,0.27724114060401917,1529,456,69,39
12,2.4336999648096014,73,2.0,0.5743199586868286,403,419,68,49
39,2.4336999648096014,73,2.0,0.14805585145950317,1657,328,73,35
54,2.4336999648096014,73,2.0,0.6456945538520813,239,302,53,28
81,2.4336999648096014,73,2.0,0.31585755944252014,1872,556,91,54
7,2.4336999648096014,73,2.0,0.10977892577648163,366,162,40,25
6,2.4670383204919246,74,2.0,0.3056374192237854,369,552,83,88
15,2.4670383204919246,74,2.0,0.2998690903186798,1529,456,69,39
12,2.4670383204919246,74,2.0,0.5823007822036743,406,425,69,52
39,2.4670383204919246,74,2.0,0.15795592963695526,1657,328,73,35
54,2.4670383204919246,74,2.0,0.6719149351119995,240,304,52,29
81,2.4670383204919246,74,2.0,0.46366336941719055,1867,555,93,53
7,2.4670383204919246,74,2.0,0.14947764575481415,366,161,44,25
6,2.5003766761742483,75,7.0,0.3108200132846832,375,560,88,92
15,2.5003766761742483,75,2.0,0.280779093503952,1529,456,69,39
12,2.5003766761742483,75,2.0,0.4819812476634979,412,432,64,53
39,2.5003766761742483,75,2.0,0.15405234694480896,1657,328,73,35
54,2.5003766761742483,75,2.0,0.5512413382530212,240,306,44,29
81,2.5003766761742483,75,2.0,0.38677340745925903,1864,555,91,50
7,2.5003766761742483,75,2.0,0.29414108395576477,366,161,48,25
6,2.5337150318565715,76,2.0,0.3190944492816925,380,568,86,92
15,2.5337150318565715,76,2.0,0.2940524220466614,1529,457,69,39
12,2.5337150318565715,76,2.0,0.5913296341896057,416,439,66,51
39,2.5337150318565715,76,2.0,0.17067274451255798,1657,328,73,35
54,2.5337150318565715,76,2.0,0.5251683592796326,243,309,50,33
81,2.5337150318565715,76,2.0,0.5309675931930542,1860,554,90,48
7,2.5337150318565715,76,2.0,0.2359563261270523,365,161,48,26
6,2.567053387538895,77,2.0,0.45883244276046753,385,578,85,93
15,2.567053387538895,77,2.0,0.29007917642593384,1529,457,69,39
12,2.567053387538895,77,2.0,0.5285707712173462,422,445,72,53
39,2.567053387538895,77,2.0,0.1645737588405609,1657,328,73,35
54,2.567053387538895,77,2.0,0.591863751411438,245,312,53,33
81,2.567053387538895,77,2.0,0.4488976001739502,1857,553,88,46
97,2.567053387538895,77,2.0,0.3874639570713043,250,311,64,43
6,2.600391743221218,78,2.0,0.5519803762435913,390,587,88,93
15,2.600391743221218,78,2.0,0.32170698046684265,1529,457,69,40
12,2.600391743221218,78,2.0,0.5556706786155701,427,450,73,53
39,2.600391743221218,78,2.0,0.17196424305438995,1657,328,73,35
54,2.600391743221218,78,2.0,0.5960864424705505,249,315,59,36
81,2.600391743221218,78,2.0,0.5467367172241211,1856,551,87,45
97,2.600391743221218,78,2.0,0.1422712206840515,251,310,65,49
6,2.6337300989035413,79,2.0,0.5148581266403198,395,598,92,97
15,2.6337300989035413,79,2.0,0.31089457869529724,1529,457,69,40
12,2.6337300989035413,79,2.0,0.4022831618785858,431,455,71,55
39,2.6337300989035413,79,2.0,0.16361764073371887,1657,328,73,35
54,2.6337300989035413,79,2.0,0.6066568493843079,251,318,61,38
81,2.6337300989035413,79,2.0,0.35020712018013,1854,550,84,43
6,2.6670684545858645,80,2.0,0.576871395111084,401,607,96,99
15,2.6670684545858645,80,2.0,0.3132607638835907,1529,457,70,40
12,2.6670684545858645,80,2.0,0.5908437371253967,435,459,70,56
39,2.6670684545858645,80,2.0,0.17444103956222534,1657,328,73,35
54,2.6670684545858645,80,2.0,0.5222231149673462,252,322,60,36
81,2.6670684545858645,80,2.0,0.3792155981063843,1853,548,82,42
6,2.7004068102681877,81,2.0,0.5748549103736877,407,618,96,101
15,2.7004068102681877,81,2.0,0.3081384003162384,1529,457,70,40
12,2.7004068102681877,81,2.0,0.5168076753616333,441,466,75,59
39,2.7004068102681877,81,2.0,0.1877249777317047,1657,328,74,35
54,2.7004068102681877,81,2.0,0.6030673980712891,252,324,59,36
81,2.7004068102681877,81,2.0,0.5282318592071533,1850,547,79,42
6,2.7337451659505114,82,2.0,0.5053720474243164,414,630,99,102
15,2.7337451659505114,82,2.0,0.32907938957214355,1529,457,70,40
12,2.7337451659505114,82,2.0,0.6338672041893005,445,473,76,60
39,2.7337451659505114,82,2.0,0.19360509514808655,1657,328,73,35
54,2.7337451659505114,82,2.0,0.5608834624290466,248,326,50,35
81,2.7337451659505114,82,2.0,0.5583528876304626,1848,545,76,44
6,2.7670835216328347,83,7.0,0.4155117869377136,420,640,100,108
15,2.7670835216328347,83,2.0,0.2939128577709198,1529,457,69,39
12,2.7670835216328347,83,2.0,0.49009883403778076,450,478,75,62
39,2.7670835216328347,83,2.0,0.14361916482448578,1657,328,73,35
54,2.7670835216328347,83,2.0,0.6300169825553894,249,328,52,35
81,2.7670835216328347,83,2.0,0.39516428112983704,1846,544,74,44
6,2.800421877315158,84,2.0,0.39021551609039307,426,650,101,109
15,2.800421877315158,84,2.0,0.32741159200668335,1528,457,70,40
12,2.800421877315158,84,2.0,0.46674779057502747,455,485,72,60
39,2.800421877315158,84,2.0,0.16062302887439728,1657,328,73,35
54,2.800421877315158,84,2.0,0.6611599326133728,253,331,57,37
81,2.800421877315158,84,2.0,0.5294175744056702,1843,539,76,44
6,2.833760232997481,85,2.0,0.354347288608551,434,663,102,114
15,2.833760232997481,85,2.0,0.3292074203491211,1528,457,70,40
12,2.833760232997481,85,2.0,0.6370925307273865,460,493,72,61
39,2.833760232997481,85,2.0,0.1786433458328247,1657,328,73,35
54,2.833760232997481,85,2.0,0.5580934882164001,257,335,59,37
81,2.833760232997481,85,2.0,0.5379771590232849,1841,537,77,43
107,2.833760232997481,85,2.0,0.4768889248371124,873,425,99,65
6,2.8670985886798044,86,2.0,0.46844911575317383,443,675,108,117
15,2.8670985886798044,86,2.0,0.3133241534233093,1528,457,70,40
12,2.8670985886798044,86,2.0,0.3969672918319702,466,498,78,64
39,2.8670985886798044,86,2.0,0.1638210564851761,1657,328,73,35
54,2.8670985886798044,86,2.0,0.47077322006225586,258,338,58,37
81,2.8670985886798044,86,2.0,0.5312699675559998,1839,536,77,44
107,2.8670985886798044,86,2.0,0.4624920189380646,863,419,105,64
6,2.9004369443621276,87,2.0,0.5128772258758545,450,688,112,120
15,2.9004369443621276,87,2.0,0.3277653753757477,1528,457,70,40
12,2.9004369443621276,87,2.0,0.4815157353878021,473,505,77,64
39,2.9004369443621276,87,2.0,0.17834743857383728,1657,328,72,34
54,2.9004369443621276,87,2.0,0.5351368188858032,258,341,56,36
81,2.9004369443621276,87,2.0,0.5612333416938782,1837,534,75,46
107,2.9004369443621276,87,2.0,0.29836878180503845,854,414,110,60
6,2.9337753000444513,88,2.0,0.556975245475769,458,701,115,124
15,2.9337753000444513,88,2.0,0.33277395367622375,1528,457,70,40
12,2.9337753000444513,88,2.0,0.3663138747215271,479,513,77,64
39,2.9337753000444513,88,2.0,0.17121677100658417,1657,328,72,35
54,2.9337753000444513,88,2.0,0.5741392374038696,261,342,57,37
81,2.9337753000444513,88,2.0,0.5860710740089417,1837,534,72,44
107,2.9337753000444513,88,2.0,0.33244815468788147,838,406,97,57
6,2.9671136557267745,89,2.0,0.49857065081596375,467,716,116,126
15,2.9671136557267745,89,2.0,0.33775943517684937,1528,457,70,40
12,2.9671136557267745,89,2.0,0.5569109916687012,484,521,79,65
39,2.9671136557267745,89,2.0,0.20431646704673767,1657,328,71,34
54,2.9671136557267745,89,2.0,0.5945330858230591,263,345,58,37
81,2.9671136557267745,89,2.0,0.5485712289810181,1836,534,70,42
107,2.9671136557267745,89,2.0,0.5495461821556091,825,401,89,57
6,3.000452011409098,90,2.0,0.5283152461051941,477,731,122,131
15,3.000452011409098,90,2.0,0.35208842158317566,1528,457,70,40
12,3.000452011409098,90,2.0,0.5372986793518066,491,528,84,67
39,3.000452011409098,90,2.0,0.19277846813201904,1657,328,71,34
54,3.000452011409098,90,2.0,0.5309716463088989,262,348,54,37
81,3.000452011409098,90,2.0,0.6055382490158081,1835,532,73,44
107,3.000452011409098,90,2.0,0.24807246029376984,819,396,86,55
6,3.033790367091421,91,2.0,0.56058269739151,488,746,127,137
15,3.033790367091421,91,2.0,0.36364486813545227,1529,457,69,40
12,3.033790367091421,91,2.0,0.5610139966011047,501,536,92,70
39,3.033790367091421,91,2.0,0.21866203844547272,1657,328,72,34
54,3.033790367091421,91,2.0,0.6102389097213745,265,351,57,36
81,3.033790367091421,91,2.0,0.6308144330978394,1832,531,72,45
107,3.033790367091421,91,2.0,0.33655864000320435,805,390,85,56
6,3.0671287227737443,92,2.0,0.630524754524231,498,763,131,141
15,3.0671287227737443,92,2.0,0.3895898461341858,1529,457,69,39
12,3.0671287227737443,92,2.0,0.4789741039276123,506,543,91,70
39,3.0671287227737443,92,2.0,0.21094800531864166,1657,328,71,34
54,3.0671287227737443,92,2.0,0.5082147121429443,265,354,54,38
81,3.0671287227737443,92,2.0,0.5760077238082886,1830,529,71,44
107,3.0671287227737443,92,2.0,0.4214732348918915,801,386,100,56
6,3.1004670784560675,93,2.0,0.5156818628311157,508,780,132,143
15,3.1004670784560675,93,2.0,0.3908599317073822,1529,457,69,39
12,3.1004670784560675,93,2.0,0.3618486225605011,513,553,91,73
39,3.1004670784560675,93,2.0,0.18731988966464996,1657,328,71,34
54,3.1004670784560675,93,2.0,0.40468481183052063,266,358,51,39
81,3.1004670784560675,93,2.0,0.4974851906299591,1829,527,70,45
107,3.1004670784560675,93,2.0,0.6222766637802124,786,381,89,55
6,3.1338054341383907,94,2.0,0.5098039507865906,518,797,137,149
15,3.1338054341383907,94,2.0,0.38707971572875977,1529,456,69,39
12,3.1338054341383907,94,2.0,0.2970631420612335,518,562,92,75
39,3.1338054341383907,94,2.0,0.21723000705242157,1657,328,72,34
54,3.1338054341383907,94,2.0,0.453222393989563,266,362,49,38
81,3.1338054341383907,94,2.0,0.5714943408966064,1827,527,67,44
107,3.1338054341383907,94,2.0,0.4468744397163391,775,376,84,55
6,3.1671437898207144,95,2.0,0.41490182280540466,529,816,140,156
15,3.1671437898207144,95,2.0,0.39397069811820984,1529,456,69,39
12,3.1671437898207144,95,2.0,0.49463483691215515,526,571,94,76
39,3.1671437898207144,95,2.0,0.25000134110450745,1657,328,71,34
54,3.1671437898207144,95,2.0,0.467350035905838,268,365,50,41
81,3.1671437898207144,95,2.0,0.45270317792892456,1826,526,66,45
107,3.1671437898207144,95,2.0,0.5256967544555664,767,371,84,53
6,3.2004821455030377,96,2.0,0.5409392714500427,542,834,145,159
15,3.2004821455030377,96,2.0,0.37850868701934814,1529,456,69,39
12,3.2004821455030377,96,2.0,0.5086637735366821,532,579,93,80
39,3.2004821455030377,96,2.0,0.27773305773735046,1657,328,71,34
54,3.2004821455030377,96,2.0,0.545312225818634,270,368,56,43
81,3.2004821455030377,96,2.0,0.5214661359786987,1826,525,64,44
107,3.2004821455030377,96,2.0,0.5420743227005005,757,366,82,54
6,3.233820501185361,97,2.0,0.48874688148498535,554,850,147,159
15,3.233820501185361,97,2.0,0.37892335653305054,1529,456,69,39
12,3.233820501185361,97,2.0,0.35466766357421875,542,590,100,81
39,3.233820501185361,97,2.0,0.3243168890476227,1657,328,71,34
54,3.233820501185361,97,2.0,0.41460877656936646,273,372,58,43
81,3.233820501185361,97,2.0,0.41376423835754395,1825,524,62,43
107,3.233820501185361,97,2.0,0.3281569480895996,755,362,92,54
6,3.267158856867684,98,2.0,0.44570669531822205,561,851,140,123
15,3.267158856867684,98,2.0,0.3652729094028473,1529,456,69,39
12,3.267158856867684,98,2.0,0.3869973421096802,552,601,101,82
39,3.267158856867684,98,2.0,0.2762340307235718,1656,328,69,34
54,3.267158856867684,98,2.0,0.46726101636886597,275,375,57,43
81,3.267158856867684,98,2.0,0.5699784159660339,1824,523,60,42
107,3.267158856867684,98,2.0,0.37942150235176086,741,356,81,53
6,3.3004972125500074,99,2.0,0.14841490983963013,572,869,140,119
15,3.3004972125500074,99,2.0,0.35227033495903015,1529,456,69,39
12,3.3004972125500074,99,7.0,0.401040256023407,565,611,109,85
39,3.3004972125500074,99,2.0,0.28688085079193115,1655,327,67,33
54,3.3004972125500074,99,2.0,0.5096220970153809,275,380,55,43
81,3.3004972125500074,99,2.0,0.5575477480888367,1823,521,59,42
107,3.3004972125500074,99,2.0,0.42149507999420166,735,353,85,50
15,3.3338355682323306,100,2.0,0.30969345569610596,1529,456,69,39
12,3.3338355682323306,100,2.0,0.4251898229122162,573,623,112,89
39,3.3338355682323306,100,2.0,0.27200791239738464,1654,327,64,33
54,3.3338355682323306,100,2.0,0.5208885669708252,278,383,55,45
81,3.3338355682323306,100,2.0,0.5012872219085693,1822,520,58,41
107,3.3338355682323306,100,2.0,0.5443130135536194,724,349,81,47
15,3.3671739239146543,101,2.0,0.33390673995018005,1529,456,69,39
12,3.3671739239146543,101,2.0,0.45107996463775635,580,633,107,91
39,3.3671739239146543,101,2.0,0.23011639714241028,1653,327,62,33
54,3.3671739239146543,101,2.0,0.5015742778778076,287,387,68,43
81,3.3671739239146543,101,2.0,0.5116105675697327,1821,518,56,42
107,3.3671739239146543,101,2.0,0.4914001226425171,715,345,71,48
15,3.4005122795969775,102,2.0,0.34396079182624817,1529,456,69,38
12,3.4005122795969775,102,2.0,0.5293482542037964,591,647,111,91
39,3.4005122795969775,102,2.0,0.25263193249702454,1653,327,63,34
54,3.4005122795969775,102,2.0,0.5541509985923767,288,390,67,44
81,3.4005122795969775,102,2.0,0.5605392456054688,1820,517,55,43
107,3.4005122795969775,102,2.0,0.4010370671749115,710,342,75,49
15,3.433850635279301,103,2.0,0.32897159457206726,1529,456,69,38
12,3.433850635279301,103,7.0,0.39282283186912537,600,659,113,93
39,3.433850635279301,103,2.0,0.31399837136268616,1655,328,68,34
54,3.433850635279301,103,2.0,0.5654323101043701,287,393,62,44
81,3.433850635279301,103,2.0,0.48422548174858093,1820,515,55,43
107,3.433850635279301,103,2.0,0.4309554398059845,703,338,75,46
15,3.467188990961624,104,2.0,0.3258326053619385,1529,456,69,38
12,3.467188990961624,104,2.0,0.41029444336891174,612,671,119,97
39,3.467188990961624,104,2.0,0.31517642736434937,1657,329,69,35
54,3.467188990961624,104,2.0,0.5122546553611755,290,397,63,44
81,3.467188990961624,104,2.0,0.4280134439468384,1819,514,56,43
107,3.467188990961624,104,2.0,0.5107736587524414,696,335,72,47
15,3.5005273466439473,105,2.0,0.3267829418182373,1529,456,69,39
12,3.5005273466439473,105,7.0,0.2908356785774231,621,683,116,101
39,3.5005273466439473,105,2.0,0.3488112688064575,1658,329,71,35
54,3.5005273466439473,105,2.0,0.47410848736763,292,402,60,47
81,3.5005273466439473,105,2.0,0.5510051846504211,1819,512,56,44
107,3.5005273466439473,105,2.0,0.5221039056777954,689,330,71,46
15,3.5338657023262705,106,2.0,0.32238471508026123,1529,456,69,39
12,3.5338657023262705,106,2.0,0.4069957137107849,634,698,121,104
39,3.5338657023262705,106,2.0,0.3686380386352539,1659,330,71,34
54,3.5338657023262705,106,2.0,0.5622340440750122,295,405,62,51
81,3.5338657023262705,106,2.0,0.5904051661491394,1818,511,55,43
107,3.5338657023262705,106,2.0,0.5266242623329163,680,326,67,45
15,3.5672040580085937,107,2.0,0.2941490411758423,1529,456,69,39
12,3.5672040580085937,107,2.0,0.5338996648788452,646,712,124,108
39,3.5672040580085937,107,2.0,0.43893784284591675,1660,331,75,34
54,3.5672040580085937,107,2.0,0.4715067148208618,297,410,62,49
81,3.5672040580085937,107,2.0,0.6117311120033264,1818,509,55,42
107,3.5672040580085937,107,2.0,0.6542066335678101,671,322,64,45
15,3.6005424136909174,108,2.0,0.28570953011512756,1529,456,69,39
12,3.6005424136909174,108,7.0,0.3764379918575287,657,727,124,112
39,3.6005424136909174,108,2.0,0.38717836141586304,1662,330,79,34
54,3.6005424136909174,108,2.0,0.48559606075286865,298,414,63,51
81,3.6005424136909174,108,2.0,0.5152814388275146,1817,509,54,41
107,3.6005424136909174,108,2.0,0.6208122372627258,665,319,62,45
15,3.6338807693732407,109,2.0,0.2796061635017395,1529,456,69,39
12,3.6338807693732407,109,2.0,0.5819635391235352,673,742,128,117
39,3.6338807693732407,109,2.0,0.36431849002838135,1662,331,80,35
54,3.6338807693732407,109,2.0,0.4319781959056854,300,417,59,51
81,3.6338807693732407,109,2.0,0.5978137850761414,1817,508,53,40
107,3.6338807693732407,109,2.0,0.5406924486160278,662,316,67,45
15,3.667219125055564,110,2.0,0.2741304337978363,1529,456,69,39
12,3.667219125055564,110,2.0,0.4717581868171692,689,759,137,121
39,3.667219125055564,110,2.0,0.3375363349914551,1663,331,81,35
54,3.667219125055564,110,2.0,0.49044084548950195,302,424,56,51
81,3.667219125055564,110,2.0,0.5628436803817749,1816,507,53,41
107,3.667219125055564,110,2.0,0.4499627947807312,654,313,63,44
15,3.700557480737887,111,2.0,0.29938215017318726,1529,456,69,39
12,3.700557480737887,111,2.0,0.44141504168510437,702,776,139,127
39,3.700557480737887,111,2.0,0.34247875213623047,1663,331,83,35
54,3.700557480737887,111,2.0,0.44425681233406067,307,428,61,52
81,3.700557480737887,111,2.0,0.6060057878494263,1817,506,53,42
107,3.700557480737887,111,2.0,0.4821974039077759,648,310,63,45
15,3.7338958364202104,112,2.0,0.29873165488243103,1529,457,69,39
12,3.7338958364202104,112,2.0,0.3859356641769409,719,794,146,134
39,3.7338958364202104,112,2.0,0.3263232111930847,1665,331,84,34
54,3.7338958364202104,112,2.0,0.3798026144504547,309,432,63,52
81,3.7338958364202104,112,2.0,0.5762727856636047,1816,504,52,41
107,3.7338958364202104,112,2.0,0.5174294114112854,644,306,61,42
149,3.7338958364202104,112,2.0,0.7790617346763611,1649,805,253,127
15,3.7672341921025336,113,2.0,0.31170138716697693,1529,457,69,40
12,3.7672341921025336,113,2.0,0.40624743700027466,736,815,149,139
39,3.7672341921025336,113,2.0,0.35967662930488586,1665,332,84,33
54,3.7672341921025336,113,2.0,0.46828028559684753,310,437,61,52
81,3.7672341921025336,113,2.0,0.49236929416656494,1816,502,51,41
107,3.7672341921025336,113,2.0,0.5284913778305054,641,302,67,40
149,3.7672341921025336,113,2.0,0.7719153761863708,1603,782,239,119
15,3.8005725477848573,114,2.0,0.32132479548454285,1529,457,69,40
12,3.8005725477848573,114,2.0,0.453201562166214,754,835,156,142
39,3.8005725477848573,114,2.0,0.3671490252017975,1667,332,80,32
54,3.8005725477848573,114,2.0,0.3500860631465912,314,443,62,54
81,3.8005725477848573,114,2.0,0.5348877310752869,1816,500,51,40
107,3.8005725477848573,114,2.0,0.6396540403366089,633,300,65,42
149,3.8005725477848573,114,2.0,0.7911625504493713,1554,759,232,120
15,3.8339109034671806,115,2.0,0.3002101480960846,1529,457,69,40
12,3.8339109034671806,115,2.0,0.478875070810318,771,850,160,143
39,3.8339109034671806,115,2.0,0.3036763668060303,1669,332,77,32
54,3.8339109034671806,115,2.0,0.4236817955970764,317,449,65,54
81,3.8339109034671806,115,2.0,0.36524128913879395,1816,499,50,42
107,3.8339109034671806,115,2.0,0.5510146021842957,626,297,60,43
149,3.8339109034671806,115,2.0,0.7741256356239319,1509,738,223,114
15,3.867249259149504,116,2.0,0.3159148395061493,1529,457,69,40
12,3.867249259149504,116,2.0,0.44465214014053345,782,856,150,111
39,3.867249259149504,116,2.0,0.3703610301017761,1670,332,75,31
54,3.867249259149504,116,2.0,0.4213523268699646,322,454,67,54
81,3.867249259149504,116,2.0,0.5443302392959595,1817,498,51,42
107,3.867249259149504,116,2.0,0.6472083330154419,621,295,63,42
149,3.867249259149504,116,2.0,0.7630017995834351,1469,719,219,104
15,3.900587614831827,117,2.0,0.3306845724582672,1529,457,69,41
12,3.900587614831827,117,2.0,0.1435244083404541,802,884,154,125
39,3.900587614831827,117,2.0,0.3253903388977051,1672,332,75,31
54,3.900587614831827,117,2.0,0.4675767719745636,326,460,72,54
81,3.900587614831827,117,2.0,0.5167405009269714,1817,497,51,40
107,3.900587614831827,117,2.0,0.6035462021827698,618,293,67,41
149,3.900587614831827,117,2.0,0.7565727829933167,1430,701,207,99
15,3.9339259705141503,118,2.0,0.3262125253677368,1529,457,69,41
12,3.9339259705141503,118,2.0,0.1031104251742363,829,909,170,132
39,3.9339259705141503,118,2.0,0.28753018379211426,1672,332,74,32
54,3.9339259705141503,118,2.0,0.5183418989181519,327,466,69,56
81,3.9339259705141503,118,2.0,0.5139843821525574,1816,495,49,40
107,3.9339259705141503,118,2.0,0.5052075982093811,611,291,65,38
149,3.9339259705141503,118,2.0,0.7430057525634766,1393,682,201,97
15,3.9672643261964735,119,2.0,0.32243451476097107,1529,457,69,40
39,3.9672643261964735,119,2.0,0.3212977647781372,1672,332,74,33
54,3.9672643261964735,119,2.0,0.6342807412147522,330,472,69,54
81,3.9672643261964735,119,2.0,0.7020542621612549,1816,495,49,38
107,3.9672643261964735,119,2.0,0.5215741991996765,603,289,57,38
149,3.9672643261964735,119,2.0,0.7101797461509705,1354,666,186,89
15,4.000602681878797,120,2.0,0.3032401204109192,1529,457,69,40
39,4.000602681878797,120,2.0,0.2883656919002533,1673,331,78,35
54,4.000602681878797,120,2.0,0.5925834774971008,333,476,70,58
81,4.000602681878797,120,2.0,0.6030765175819397,1816,494,49,41
107,4.000602681878797,120,2.0,0.5784367918968201,597,285,54,38
149,4.000602681878797,120,2.0,0.6889619827270508,1321,651,176,86
15,4.03394103756112,121,2.0,0.30876514315605164,1529,457,69,40
39,4.03394103756112,121,2.0,0.44422170519828796,1674,332,76,35
54,4.03394103756112,121,2.0,0.4367346465587616,336,482,69,58
81,4.03394103756112,121,2.0,0.5505931973457336,1816,492,49,42
107,4.03394103756112,121,2.0,0.5494553446769714,595,282,57,37
149,4.03394103756112,121,2.0,0.6747551560401917,1294,636,176,84
15,4.067279393243443,122,2.0,0.32278236746788025,1529,457,69,40
39,4.067279393243443,122,2.0,0.32326701283454895,1679,332,70,34
54,4.067279393243443,122,2.0,0.5513060092926025,339,488,69,61
81,4.067279393243443,122,2.0,0.6039797067642212,1816,491,51,43
107,4.067279393243443,122,2.0,0.5451220870018005,592,279,59,37
149,4.067279393243443,122,2.0,0.6665868759155273,1263,622,162,81
15,4.1006177489257665,123,2.0,0.25162577629089355,1529,458,68,42
39,4.1006177489257665,123,2.0,0.27258485555648804,1679,332,66,33
54,4.1006177489257665,123,2.0,0.5291785597801208,342,495,72,63
81,4.1006177489257665,123,2.0,0.5555179119110107,1817,489,51,41
107,4.1006177489257665,123,2.0,0.6968852281570435,588,277,58,39
149,4.1006177489257665,123,2.0,0.6790623068809509,1233,609,152,79
15,4.133956104608091,124,2.0,0.22746598720550537,1529,459,68,43
39,4.133956104608091,124,2.0,0.29260319471359253,1679,332,65,31
54,4.133956104608091,124,2.0,0.47899314761161804,344,500,71,62
81,4.133956104608091,124,2.0,0.6573176383972168,1817,489,51,43
107,4.133956104608091,124,2.0,0.6789118051528931,582,275,59,41
149,4.133956104608091,124,2.0,0.4828784465789795,1206,596,144,74
15,4.167294460290414,125,2.0,0.26057904958724976,1530,459,68,43
39,4.167294460290414,125,2.0,0.2322482466697693,1679,332,62,32
54,4.167294460290414,125,2.0,0.650873064994812,348,507,71,63
81,4.167294460290414,125,2.0,0.6649509072303772,1817,487,52,41
107,4.167294460290414,125,2.0,0.5707680583000183,577,272,57,40
149,4.167294460290414,125,2.0,0.48136547207832336,1185,583,151,77
164,4.167294460290414,125,2.0,0.43942946195602417,830,368,69,46
15,4.200632815972737,126,2.0,0.26634272933006287,1530,459,68,43
39,4.200632815972737,126,2.0,0.2040618658065796,1680,332,65,33
54,4.200632815972737,126,2.0,0.5698828101158142,352,513,73,69
81,4.200632815972737,126,2.0,0.6229038834571838,1817,486,52,42
107,4.200632815972737,126,2.0,0.5476840138435364,578,271,66,41
149,4.200632815972737,126,2.0,0.6393937468528748,1156,571,138,74
164,4.200632815972737,126,2.0,0.19019481539726257,828,365,73,44
15,4.23397117165506,127,2.0,0.2882536053657532,1530,459,68,43
39,4.23397117165506,127,2.0,0.2529318332672119,1682,333,67,34
54,4.23397117165506,127,2.0,0.48470380902290344,357,521,76,68
81,4.23397117165506,127,2.0,0.6263163685798645,1818,485,50,41
107,4.23397117165506,127,2.0,0.4967394471168518,572,268,65,40
149,4.23397117165506,127,2.0,0.6923542022705078,1136,560,140,74
164,4.23397117165506,127,2.0,0.140206977725029,828,363,73,42
15,4.267309527337384,128,2.0,0.30174246430397034,1529,459,68,43
39,4.267309527337384,128,2.0,0.3356991112232208,1683,334,66,35
54,4.267309527337384,128,2.0,0.3866835832595825,360,528,76,68
81,4.267309527337384,128,2.0,0.664527177810669,1818,484,50,41
107,4.267309527337384,128,2.0,0.4489435851573944,566,266,59,39
149,4.267309527337384,128,2.0,0.5473400354385376,1112,550,134,71
164,4.267309527337384,128,2.0,0.4553258419036865,812,357,67,41
15,4.300647883019707,129,2.0,0.24795790016651154,1529,459,68,43
39,4.300647883019707,129,2.0,0.350456565618515,1683,334,63,34
54,4.300647883019707,129,2.0,0.4372573792934418,365,536,76,70
81,4.300647883019707,129,2.0,0.6882237792015076,1819,484,49,41
107,4.300647883019707,129,2.0,0.44012120366096497,564,264,62,38
149,4.300647883019707,129,2.0,0.5302450656890869,1093,539,130,70
164,4.300647883019707,129,2.0,0.1570454239845276,802,353,68,41
15,4.33398623870203,130,2.0,0.23943668603897095,1529,459,68,43
39,4.33398623870203,130,2.0,0.3568945825099945,1684,335,63,32
54,4.33398623870203,130,2.0,0.6083194017410278,369,542,79,71
81,4.33398623870203,130,2.0,0.6953071355819702,1819,483,49,40
107,4.33398623870203,130,2.0,0.4440488815307617,556,261,53,35
149,4.33398623870203,130,2.0,0.401426762342453,1075,529,128,66
164,4.33398623870203,130,2.0,0.2094600349664688,795,350,70,41
15,4.367324594384353,131,2.0,0.2977891266345978,1529,459,68,42
39,4.367324594384353,131,2.0,0.30979540944099426,1684,335,62,31
54,4.367324594384353,131,2.0,0.5364566445350647,374,549,80,75
81,4.367324594384353,131,2.0,0.7267391681671143,1820,482,49,40
107,4.367324594384353,131,2.0,0.6012035608291626,553,260,55,32
149,4.367324594384353,131,2.0,0.7276548147201538,1051,520,119,65
164,4.367324594384353,131,2.0,0.30374571681022644,787,346,68,40
15,4.4006629500666765,132,2.0,0.2457580864429474,1529,458,68,42
39,4.4006629500666765,132,2.0,0.3300333023071289,1685,335,62,30
54,4.4006629500666765,132,2.0,0.44985681772232056,379,558,81,76
81,4.4006629500666765,132,2.0,0.6993576884269714,1821,481,49,39
107,4.4006629500666765,132,2.0,0.3948698043823242,547,256,52,34
149,4.4006629500666765,132,2.0,0.6640322804450989,1032,511,118,64
164,4.4006629500666765,132,2.0,0.35339048504829407,780,343,67,42
15,4.434001305749,133,2.0,0.21085532009601593,1529,459,68,43
39,4.434001305749,133,2.0,0.3805428743362427,1688,336,65,28
54,4.434001305749,133,2.0,0.49321410059928894,384,566,82,79
81,4.434001305749,133,2.0,0.7184457182884216,1822,480,48,38
107,4.434001305749,133,2.0,0.4246559143066406,547,254,56,35
149,4.434001305749,133,2.0,0.5578027367591858,1015,502,112,61
164,4.434001305749,133,2.0,0.327653169631958,776,341,68,43
15,4.467339661431323,134,2.0,0.2537204921245575,1529,459,69,43
39,4.467339661431323,134,2.0,0.4191925525665283,1688,336,66,29
54,4.467339661431323,134,2.0,0.360050767660141,390,576,83,78
81,4.467339661431323,134,2.0,0.7165621519088745,1823,479,48,36
107,4.467339661431323,134,2.0,0.4942311942577362,544,253,55,36
149,4.467339661431323,134,2.0,0.5750930905342102,998,493,106,59
164,4.467339661431323,134,2.0,0.3536703586578369,770,339,70,45
15,4.500678017113646,135,2.0,0.24268154799938202,1529,459,69,44
39,4.500678017113646,135,2.0,0.39449024200439453,1689,337,66,28
54,4.500678017113646,135,2.0,0.34137511253356934,394,584,86,82
81,4.500678017113646,135,2.0,0.713994562625885,1824,479,49,35
107,4.500678017113646,135,2.0,0.2801518738269806,543,251,64,38
149,4.500678017113646,135,2.0,0.43333733081817627,980,485,105,57
164,4.500678017113646,135,2.0,0.44842109084129333,766,336,74,42
171,4.500678017113646,135,2.0,0.7163026928901672,1616,799,235,113
15,4.5340163727959695,136,2.0,0.2900006175041199,1529,459,69,43
39,4.5340163727959695,136,2.0,0.4210696220397949,1690,337,61,29
54,4.5340163727959695,136,2.0,0.45034852623939514,398,594,87,82
81,4.5340163727959695,136,2.0,0.7109039425849915,1825,478,49,34
107,4.5340163727959695,136,2.0,0.22256295382976532,534,249,57,37
149,4.5340163727959695,136,2.0,0.6726091504096985,963,476,100,58
164,4.5340163727959695,136,2.0,0.41876888275146484,758,333,64,39
171,4.5340163727959695,136,2.0,0.7017101049423218,1576,778,229,110
15,4.567354728478294,137,2.0,0.27438876032829285,1529,459,69,44
39,4.567354728478294,137,2.0,0.29131388664245605,1690,336,66,31
54,4.567354728478294,137,2.0,0.38993123173713684,404,604,88,84
81,4.567354728478294,137,2.0,0.6603862643241882,1827,477,50,34
107,4.567354728478294,137,2.0,0.35482439398765564,529,248,52,36
149,4.567354728478294,137,2.0,0.47623753547668457,947,469,99,57
164,4.567354728478294,137,2.0,0.28482091426849365,752,330,63,39
171,4.567354728478294,137,2.0,0.7246893048286438,1533,755,221,110
15,4.600693084160617,138,2.0,0.2944536507129669,1529,459,69,44
39,4.600693084160617,138,2.0,0.2277008593082428,1690,335,70,32
54,4.600693084160617,138,7.0,0.3256436884403229,410,613,89,85
81,4.600693084160617,138,2.0,0.6524662971496582,1828,476,50,33
107,4.600693084160617,138,2.0,0.3841763436794281,527,246,53,37
149,4.600693084160617,138,2.0,0.6026303768157959,937,461,102,55
164,4.600693084160617,138,2.0,0.20207558572292328,746,328,64,37
171,4.600693084160617,138,2.0,0.7568730115890503,1493,736,220,105
15,4.63403143984294,139,2.0,0.2861614525318146,1529,459,69,43
39,4.63403143984294,139,2.0,0.19233986735343933,1692,335,77,34
54,4.63403143984294,139,7.0,0.2781807780265808,416,624,90,87
81,4.63403143984294,139,2.0,0.7053616642951965,1829,475,50,31
107,4.63403143984294,139,2.0,0.5109383463859558,524,245,53,34
149,4.63403143984294,139,2.0,0.6251936554908752,920,454,94,54
164,4.63403143984294,139,2.0,0.4115888774394989,738,324,61,37
171,4.63403143984294,139,2.0,0.7132049798965454,1450,717,201,97
15,4.667369795525263,140,2.0,0.3138892948627472,1529,459,69,43
39,4.667369795525263,140,2.0,0.1392597109079361,1692,335,79,34
54,4.667369795525263,140,2.0,0.4935544729232788,421,634,91,90
81,4.667369795525263,140,2.0,0.6515921950340271,1831,474,51,31
107,4.667369795525263,140,2.0,0.457691490650177,519,243,54,35
149,4.667369795525263,140,2.0,0.7039355635643005,907,448,91,53
164,4.667369795525263,140,2.0,0.4592212736606598,734,323,62,37
171,4.667369795525263,140,2.0,0.8066315054893494,1411,700,191,93
15,4.700708151207587,141,2.0,0.2914787232875824,1529,459,69,43
39,4.700708151207587,141,2.0,0.227848619222641,1693,335,79,35
54,4.700708151207587,141,2.0,0.43273377418518066,427,645,93,94
81,4.700708151207587,141,2.0,0.6527826189994812,1832,473,51,32
107,4.700708151207587,141,2.0,0.44342929124832153,517,241,55,35
149,4.700708151207587,141,2.0,0.6788322329521179,894,441,89,49
164,4.700708151207587,141,2.0,0.44792577624320984,727,319,57,38
171,4.700708151207587,141,2.0,0.6955955624580383,1380,682,192,92
15,4.73404650688991,142,2.0,0.28384536504745483,1529,459,69,44
39,4.73404650688991,142,2.0,0.19304870069026947,1694,335,71,32
54,4.73404650688991,142,2.0,0.5402659177780151,435,656,94,97
81,4.73404650688991,142,2.0,0.7112807035446167,1833,473,51,32
107,4.73404650688991,142,2.0,0.3817782700061798,512,240,50,33
149,4.73404650688991,142,2.0,0.6907551288604736,881,435,84,51
164,4.73404650688991,142,2.0,0.3796490430831909,719,317,51,38
171,4.73404650688991,142,2.0,0.6919203400611877,1346,665,179,89
15,4.767384862572233,143,2.0,0.29376980662345886,1529,459,69,43
39,4.767384862572233,143,2.0,0.19687490165233612,1695,335,66,30
54,4.767384862572233,143,2.0,0.5024585723876953,442,667,101,98
81,4.767384862572233,143,2.0,0.7240931987762451,1834,472,51,32
107,4.767384862572233,143,2.0,0.46645587682724,510,238,51,32
149,4.767384862572233,143,2.0,0.6163404583930969,868,429,83,51
164,4.767384862572233,143,2.0,0.47369885444641113,715,315,55,39
171,4.767384862572233,143,2.0,0.7620362043380737,1313,651,165,82
15,4.800723218254556,144,2.0,0.32829153537750244,1529,458,68,42
39,4.800723218254556,144,2.0,0.20470668375492096,1697,335,66,27
54,4.800723218254556,144,2.0,0.2889755070209503,450,679,104,100
81,4.800723218254556,144,2.0,0.6782707571983337,1835,471,54,33
107,4.800723218254556,144,2.0,0.36161085963249207,506,236,52,28
149,4.800723218254556,144,2.0,0.6846718192100525,858,423,84,50
164,4.800723218254556,144,2.0,0.37472522258758545,709,312,54,37
171,4.800723218254556,144,2.0,0.647450864315033,1281,636,156,78
180,4.800723218254556,144,7.0,0.3511100709438324,111,961,219,123
15,4.8340615739368795,145,2.0,0.30579206347465515,1530,458,67,42
39,4.8340615739368795,145,2.0,0.23135805130004883,1699,336,68,30
54,4.8340615739368795,145,7.0,0.4736807644367218,458,692,107,107
81,4.8340615739368795,145,2.0,0.6512372493743896,1836,470,55,32
107,4.8340615739368795,145,2.0,0.4079805016517639,502,235,48,29
149,4.8340615739368795,145,2.0,0.5998945236206055,843,417,80,47
164,4.8340615739368795,145,2.0,0.42328038811683655,706,309,56,35
171,4.8340615739368795,145,2.0,0.5088246464729309,1253,623,152,76
180,4.8340615739368795,145,7.0,0.32263582944869995,112,966,222,126
15,4.867399929619203,146,2.0,0.30933985114097595,1530,458,67,41
39,4.867399929619203,146,2.0,0.20180371403694153,1704,339,71,34
54,4.867399929619203,146,7.0,0.16027681529521942,466,704,111,111
81,4.867399929619203,146,2.0,0.6358608603477478,1839,468,53,31
107,4.867399929619203,146,2.0,0.37178122997283936,499,232,46,31
149,4.867399929619203,146,2.0,0.6775757074356079,832,412,80,46
164,4.867399929619203,146,2.0,0.4322477877140045,699,307,54,36
171,4.867399929619203,146,2.0,0.7199092507362366,1228,612,150,77
180,4.867399929619203,146,7.0,0.2405473291873932,107,971,214,128
15,4.900738285301526,147,2.0,0.28224506974220276,1530,458,67,41
39,4.900738285301526,147,2.0,0.24145463109016418,1709,342,69,38
54,4.900738285301526,147,7.0,0.37766483426094055,475,717,114,115
81,4.900738285301526,147,2.0,0.562464714050293,1840,468,54,31
107,4.900738285301526,147,2.0,0.40452396869659424,496,232,46,32
149,4.900738285301526,147,2.0,0.7048405408859253,819,406,81,45
164,4.900738285301526,147,2.0,0.3111175298690796,694,304,54,36
171,4.900738285301526,147,2.0,0.5389493703842163,1202,598,140,72
180,4.900738285301526,147,7.0,0.14265698194503784,106,972,213,127
15,4.934076640983849,148,2.0,0.3341010510921478,1530,458,67,41
39,4.934076640983849,148,2.0,0.2844131290912628,1707,341,73,38
54,4.934076640983849,148,2.0,0.5020344257354736,484,732,117,118
81,4.934076640983849,148,2.0,0.5463982820510864,1841,466,54,32
107,4.934076640983849,148,2.0,0.36018306016921997,494,230,49,32
149,4.934076640983849,148,2.0,0.6693920493125916,813,401,84,45
164,4.934076640983849,148,2.0,0.30879446864128113,689,302,54,36
171,4.934076640983849,148,2.0,0.6029753684997559,1182,587,141,70
15,4.9674149966661725,149,2.0,0.3516730070114136,1530,458,67,41
39,4.9674149966661725,149,2.0,0.19840216636657715,1713,345,66,39
54,4.9674149966661725,149,2.0,0.6455811262130737,493,748,121,122
81,4.9674149966661725,149,2.0,0.52186119556427,1842,465,54,33
107,4.9674149966661725,149,2.0,0.10664879530668259,491,229,45,35
149,4.9674149966661725,149,2.0,0.6510444283485413,805,396,85,44
164,4.9674149966661725,149,2.0,0.33020180463790894,689,301,57,34
171,4.9674149966661725,149,2.0,0.5571832656860352,1156,574,135,70
15,5.000753352348497,150,2.0,0.3685426115989685,1530,458,67,41
39,5.000753352348497,150,2.0,0.1330634504556656,1718,352,62,36
54,5.000753352348497,150,2.0,0.6757301092147827,502,764,120,124
81,5.000753352348497,150,2.0,0.5594741106033325,1844,463,54,35
107,5.000753352348497,150,2.0,0.1749265193939209,489,227,43,34
149,5.000753352348497,150,2.0,0.49196168780326843,792,390,75,42
164,5.000753352348497,150,2.0,0.42086875438690186,682,298,55,37
171,5.000753352348497,150,2.0,0.565189778804779,1133,564,130,70
15,5.03409170803082,151,2.0,0.325701504945755,1530,458,67,41
39,5.03409170803082,151,2.0,0.21949808299541473,1720,353,59,36
54,5.03409170803082,151,7.0,0.44961705803871155,511,782,123,129
81,5.03409170803082,151,2.0,0.48588937520980835,1845,463,53,33
107,5.03409170803082,151,2.0,0.20365679264068604,484,225,41,33
149,5.03409170803082,151,2.0,0.7367836236953735,780,386,74,44
164,5.03409170803082,151,2.0,0.4343877136707306,678,296,56,37
171,5.03409170803082,151,2.0,0.4648377597332001,1116,553,129,67
15,5.067430063713143,152,2.0,0.33580929040908813,1530,458,67,41
39,5.067430063713143,152,2.0,0.36549317836761475,1724,352,51,35
54,5.067430063713143,152,2.0,0.5348957777023315,521,799,129,134
81,5.067430063713143,152,2.0,0.5852726697921753,1847,463,53,33
107,5.067430063713143,152,2.0,0.3918692171573639,483,224,44,32
149,5.067430063713143,152,2.0,0.6579456925392151,770,381,73,43
164,5.067430063713143,152,2.0,0.44775551557540894,671,295,54,36
171,5.067430063713143,152,2.0,0.6819446086883545,1094,544,122,65
15,5.100768419395466,153,2.0,0.32997530698776245,1530,458,67,41
54,5.100768419395466,153,2.0,0.41464927792549133,533,817,132,140
81,5.100768419395466,153,2.0,0.600646436214447,1850,463,58,34
107,5.100768419395466,153,2.0,0.324833482503891,480,222,42,31
149,5.100768419395466,153,2.0,0.7061399817466736,763,376,71,44
164,5.100768419395466,153,2.0,0.4536052942276001,665,293,51,36
171,5.100768419395466,153,2.0,0.5595620274543762,1079,533,123,62
15,5.13410677507779,154,2.0,0.32845115661621094,1530,458,67,41
54,5.13410677507779,154,2.0,0.5343647599220276,544,835,134,143
81,5.13410677507779,154,2.0,0.5746731162071228,1853,461,62,35
107,5.13410677507779,154,2.0,0.36627089977264404,479,222,44,31
149,5.13410677507779,154,2.0,0.7849833369255066,754,372,70,44
164,5.13410677507779,154,2.0,0.37794795632362366,661,291,54,36
171,5.13410677507779,154,2.0,0.6367818117141724,1055,524,116,61
15,5.167445130760113,155,2.0,0.29434746503829956,1530,458,67,41
54,5.167445130760113,155,2.0,0.6532429456710815,554,855,139,149
81,5.167445130760113,155,2.0,0.593307614326477,1854,460,58,35
107,5.167445130760113,155,2.0,0.2884645462036133,475,220,39,30
149,5.167445130760113,155,2.0,0.5984971523284912,749,368,79,44
164,5.167445130760113,155,2.0,0.4712797999382019,656,288,50,35
171,5.167445130760113,155,2.0,0.578984797000885,1039,514,115,59
15,5.200783486442436,156,2.0,0.27516642212867737,1529,458,67,40
54,5.200783486442436,156,2.0,0.3362199366092682,567,870,144,141
81,5.200783486442436,156,2.0,0.529160737991333,1853,459,51,35
107,5.200783486442436,156,2.0,0.42413315176963806,475,219,47,30
149,5.200783486442436,156,2.0,0.5228245854377747,740,364,75,43
164,5.200783486442436,156,2.0,0.5499966144561768,652,286,47,34
171,5.200783486442436,156,2.0,0.5848253965377808,1022,505,111,58
15,5.234121842124759,157,2.0,0.2745315730571747,1529,457,67,40
54,5.234121842124759,157,2.0,0.3731898069381714,576,877,135,118
81,5.234121842124759,157,2.0,0.6484159231185913,1855,458,45,33
149,5.234121842124759,157,2.0,0.6016420125961304,728,359,70,41
164,5.234121842124759,157,2.0,0.37930789589881897,650,284,49,33
171,5.234121842124759,157,2.0,0.5681090950965881,1003,498,108,56
15,5.2674601978070825,158,2.0,0.3007654547691345,1530,458,67,40
81,5.2674601978070825,158,2.0,0.6905815005302429,1857,457,48,32
149,5.2674601978070825,158,2.0,0.6199100017547607,719,354,68,37
164,5.2674601978070825,158,2.0,0.3733709752559662,646,282,45,31
171,5.2674601978070825,158,2.0,0.6127265691757202,988,489,107,54
107,5.2674601978070825,158,2.0,0.37163421511650085,466,212,40,28
15,5.300798553489406,159,2.0,0.29594236612319946,1530,458,67,40
81,5.300798553489406,159,2.0,0.7263268232345581,1860,457,52,31
149,5.300798553489406,159,2.0,0.4993436634540558,711,350,62,35
164,5.300798553489406,159,2.0,0.34406906366348267,644,282,48,29
171,5.300798553489406,159,2.0,0.6536702513694763,972,481,100,54
107,5.300798553489406,159,2.0,0.3170909881591797,463,210,38,27
15,5.334136909171729,160,2.0,0.2848539352416992,1530,458,67,40
81,5.334136909171729,160,2.0,0.7330496907234192,1859,456,46,31
149,5.334136909171729,160,2.0,0.567176342010498,703,347,61,34
164,5.334136909171729,160,2.0,0.26381272077560425,641,279,49,29
171,5.334136909171729,160,2.0,0.6453955769538879,959,473,99,54
107,5.334136909171729,160,2.0,0.34324711561203003,461,209,36,25
15,5.367475264854052,161,2.0,0.33226555585861206,1529,458,67,40
81,5.367475264854052,161,2.0,0.7526339888572693,1861,454,48,30
149,5.367475264854052,161,2.0,0.40637367963790894,696,342,62,36
164,5.367475264854052,161,2.0,0.40779900550842285,635,278,48,29
171,5.367475264854052,161,2.0,0.5763631463050842,948,467,103,54
107,5.367475264854052,161,2.0,0.48908501863479614,459,209,34,25
15,5.4008136205363755,162,2.0,0.30723944306373596,1529,458,67,41
81,5.4008136205363755,162,2.0,0.7220514416694641,1862,453,46,31
149,5.4008136205363755,162,2.0,0.5624236464500427,690,338,59,37
164,5.4008136205363755,162,2.0,0.12070900946855545,635,276,50,31
171,5.4008136205363755,162,2.0,0.4888550639152527,929,460,101,53
107,5.4008136205363755,162,2.0,0.47644710540771484,456,208,39,26
15,5.4341519762187,163,2.0,0.3062828481197357,1529,458,67,40
81,5.4341519762187,163,2.0,0.7125541567802429,1867,453,53,30
149,5.4341519762187,163,2.0,0.5578551888465881,681,334,62,36
164,5.4341519762187,163,2.0,0.20241732895374298,629,274,51,33
171,5.4341519762187,163,2.0,0.6740012168884277,916,453,96,51
107,5.4341519762187,163,2.0,0.4872221052646637,456,208,43,26
207,5.4341519762187,163,2.0,0.43986809253692627,280,267,40,26
15,5.467490331901023,164,2.0,0.28712010383605957,1529,458,67,40
81,5.467490331901023,164,2.0,0.6960099935531616,1868,452,54,29
149,5.467490331901023,164,2.0,0.5610466599464417,673,331,57,34
164,5.467490331901023,164,2.0,0.34422987699508667,621,273,48,32
171,5.467490331901023,164,2.0,0.7182855010032654,905,447,95,49
107,5.467490331901023,164,2.0,0.4085244834423065,453,207,39,27
207,5.467490331901023,164,2.0,0.36323806643486023,281,268,37,28
15,5.500828687583346,165,2.0,0.2966460883617401,1530,458,67,40
81,5.500828687583346,165,2.0,0.6784251928329468,1871,450,57,30
149,5.500828687583346,165,2.0,0.6001588106155396,668,326,59,33
164,5.500828687583346,165,2.0,0.3526359796524048,613,269,40,32
171,5.500828687583346,165,2.0,0.6677913665771484,893,441,94,48
107,5.500828687583346,165,2.0,0.4875487685203552,453,206,44,29
207,5.500828687583346,165,2.0,0.22566647827625275,282,267,36,27
15,5.534167043265669,166,2.0,0.30843815207481384,1530,458,67,41
81,5.534167043265669,166,2.0,0.623891294002533,1872,450,57,29
149,5.534167043265669,166,2.0,0.5717878341674805,662,323,58,35
164,5.534167043265669,166,2.0,0.530195415019989,610,267,39,32
171,5.534167043265669,166,2.0,0.6602553725242615,881,435,96,48
107,5.534167043265669,166,2.0,0.37060457468032837,450,205,41,29
207,5.534167043265669,166,2.0,0.35643309354782104,284,269,37,28
15,5.567505398947993,167,2.0,0.28377556800842285,1530,458,67,40
81,5.567505398947993,167,2.0,0.5439578890800476,1872,449,56,28
149,5.567505398947993,167,2.0,0.49697235226631165,654,320,59,36
164,5.567505398947993,167,2.0,0.5374472737312317,607,264,36,26
171,5.567505398947993,167,2.0,0.6501946449279785,868,428,88,49
107,5.567505398947993,167,2.0,0.3244926631450653,448,204,45,30
207,5.567505398947993,167,2.0,0.4187217652797699,286,271,37,31
15,5.600843754630316,168,2.0,0.2729056775569916,1529,458,67,40
81,5.600843754630316,168,2.0,0.6031803488731384,1877,449,59,29
149,5.600843754630316,168,2.0,0.274204820394516,649,317,58,36
164,5.600843754630316,168,2.0,0.5236617922782898,605,263,40,28
171,5.600843754630316,168,2.0,0.6723949313163757,857,423,87,48
107,5.600843754630316,168,2.0,0.20443883538246155,448,203,48,31
15,5.634182110312639,169,2.0,0.2632676064968109,1529,457,67,40
81,5.634182110312639,169,2.0,0.5878807306289673,1880,448,63,30
149,5.634182110312639,169,2.0,0.5002684593200684,644,313,59,38
164,5.634182110312639,169,2.0,0.5127261877059937,603,262,43,28
171,5.634182110312639,169,2.0,0.5052211880683899,843,417,82,46
107,5.634182110312639,169,2.0,0.41317281126976013,445,201,49,33
214,5.634182110312639,169,2.0,0.48098647594451904,219,302,47,36
207,5.634182110312639,169,2.0,0.40185925364494324,293,278,40,25
15,5.667520465994962,170,2.0,0.25885823369026184,1529,458,67,40
81,5.667520465994962,170,2.0,0.5100196003913879,1879,447,58,29
149,5.667520465994962,170,2.0,0.5888835787773132,636,309,58,37
164,5.667520465994962,170,2.0,0.3545607328414917,599,262,43,29
171,5.667520465994962,170,2.0,0.5922030210494995,831,412,79,43
107,5.667520465994962,170,2.0,0.41793322563171387,444,200,50,34
214,5.667520465994962,170,2.0,0.4884132444858551,223,303,51,35
207,5.667520465994962,170,2.0,0.5311801433563232,293,281,36,23
15,5.7008588216772855,171,2.0,0.29852432012557983,1530,458,67,40
81,5.7008588216772855,171,2.0,0.5706161856651306,1878,446,51,28
149,5.7008588216772855,171,2.0,0.7577672600746155,627,307,54,35
164,5.7008588216772855,171,2.0,0.3178849518299103,595,260,40,29
171,5.7008588216772855,171,2.0,0.7007978558540344,822,407,80,40
107,5.7008588216772855,171,2.0,0.49166780710220337,441,197,44,34
214,5.7008588216772855,171,2.0,0.4961570203304291,222,305,48,35
207,5.7008588216772855,171,2.0,0.5647657513618469,292,283,34,22
15,5.734197177359609,172,2.0,0.27672508358955383,1530,458,67,40
81,5.734197177359609,172,2.0,0.5583027601242065,1885,445,54,28
149,5.734197177359609,172,2.0,0.6074933409690857,622,303,52,34
164,5.734197177359609,172,2.0,0.3086971640586853,591,257,39,28
171,5.734197177359609,172,2.0,0.6468788385391235,815,402,84,41
107,5.734197177359609,172,2.0,0.5167233347892761,439,198,45,33
214,5.734197177359609,172,2.0,0.23642463982105255,223,308,44,35
207,5.734197177359609,172,2.0,0.6645800471305847,294,285,37,22
15,5.767535533041932,173,2.0,0.2987666130065918,1530,458,67,40
81,5.767535533041932,173,2.0,0.3911444842815399,1889,444,53,29
149,5.767535533041932,173,2.0,0.6973561644554138,617,301,53,34
164,5.767535533041932,173,2.0,0.30492061376571655,588,255,42,27
171,5.767535533041932,173,2.0,0.5125136375427246,808,396,85,41
107,5.767535533041932,173,2.0,0.4367317855358124,439,197,50,33
214,5.767535533041932,173,2.0,0.35791242122650146,225,312,42,39
207,5.767535533041932,173,2.0,0.6150383949279785,296,286,38,25
15,5.800873888724255,174,2.0,0.30706024169921875,1530,458,67,40
81,5.800873888724255,174,2.0,0.4263983368873596,1891,444,51,28
149,5.800873888724255,174,2.0,0.677466094493866,613,299,53,34
171,5.800873888724255,174,2.0,0.5031659007072449,793,391,75,41
107,5.800873888724255,174,2.0,0.39618340134620667,433,196,40,30
214,5.800873888724255,174,2.0,0.31567004323005676,226,315,43,39
207,5.800873888724255,174,2.0,0.6417074799537659,298,289,39,25
15,5.8342122444065785,175,2.0,0.31812363862991333,1530,458,67,41
81,5.8342122444065785,175,2.0,0.39191198348999023,1893,443,50,29
149,5.8342122444065785,175,2.0,0.48508182168006897,607,295,53,36
171,5.8342122444065785,175,2.0,0.5899041295051575,782,387,75,41
107,5.8342122444065785,175,2.0,0.48080286383628845,429,194,36,28
214,5.8342122444065785,175,2.0,0.359585702419281,228,319,45,39
207,5.8342122444065785,175,2.0,0.593890368938446,299,291,39,26
15,5.867550600088903,176,2.0,0.3081091344356537,1530,458,67,41
81,5.867550600088903,176,2.0,0.42038974165916443,1894,442,49,29
149,5.867550600088903,176,2.0,0.5339490175247192,604,293,56,36
171,5.867550600088903,176,2.0,0.6345353722572327,773,382,74,41
107,5.867550600088903,176,2.0,0.4903161823749542,428,193,37,26
214,5.867550600088903,176,2.0,0.44920384883880615,233,322,50,37
207,5.867550600088903,176,2.0,0.5810316801071167,300,292,40,27
15,5.900888955771226,177,2.0,0.3280993402004242,1530,458,68,41
81,5.900888955771226,177,2.0,0.4078443646430969,1895,441,47,30
149,5.900888955771226,177,2.0,0.47880181670188904,598,289,55,38
171,5.900888955771226,177,2.0,0.7014109492301941,767,377,73,41
107,5.900888955771226,177,2.0,0.3198941648006439,425,193,31,26
214,5.900888955771226,177,2.0,0.4417645037174225,237,324,56,37
207,5.900888955771226,177,2.0,0.49863961338996887,304,294,42,28
15,5.934227311453549,178,2.0,0.30632174015045166,1530,458,68,41
81,5.934227311453549,178,2.0,0.34499815106391907,1896,440,46,29
149,5.934227311453549,178,2.0,0.5005612373352051,592,286,54,36
171,5.934227311453549,178,2.0,0.6248125433921814,759,373,75,41
107,5.934227311453549,178,2.0,0.42639410495758057,424,193,32,25
214,5.934227311453549,178,2.0,0.4049667418003082,237,326,53,37
207,5.934227311453549,178,2.0,0.5362571477890015,308,297,46,31
228,5.934227311453549,178,7.0,0.5317427515983582,1491,725,265,147
15,5.967565667135872,179,2.0,0.3147110044956207,1530,458,68,42
81,5.967565667135872,179,2.0,0.4032299220561981,1897,440,45,30
149,5.967565667135872,179,2.0,0.5477251410484314,586,283,53,37
171,5.967565667135872,179,2.0,0.46055495738983154,749,369,73,39
107,5.967565667135872,179,2.0,0.15233395993709564,420,190,29,25
214,5.967565667135872,179,2.0,0.3407319486141205,236,327,52,39
207,5.967565667135872,179,2.0,0.5236170887947083,311,301,47,29
228,5.967565667135872,179,7.0,0.4529579281806946,1470,707,279,152
15,6.000904022818196,180,2.0,0.28876689076423645,1530,458,68,42
81,6.000904022818196,180,2.0,0.38241010904312134,1897,440,44,31
149,6.000904022818196,180,2.0,0.5701609253883362,581,281,51,33
171,6.000904022818196,180,2.0,0.4516269266605377,741,365,69,39
107,6.000904022818196,180,2.0,0.17709940671920776,416,188,28,25
214,6.000904022818196,180,2.0,0.26341933012008667,237,329,55,40
207,6.000904022818196,180,2.0,0.4949890971183777,312,303,46,28
228,6.000904022818196,180,7.0,0.4388114809989929,1428,686,255,153
164,6.000904022818196,180,2.0,0.3568372428417206,565,247,39,29
15,6.034242378500519,181,2.0,0.2787395119667053,1529,458,68,41
81,6.034242378500519,181,2.0,0.37330445647239685,1898,439,43,31
149,6.034242378500519,181,2.0,0.5542414784431458,578,272,59,46
171,6.034242378500519,181,2.0,0.5540406703948975,732,360,70,38
107,6.034242378500519,181,2.0,0.18739627301692963,415,187,32,25
214,6.034242378500519,181,2.0,0.33217477798461914,237,332,52,37
207,6.034242378500519,181,2.0,0.5716090202331543,313,306,45,28
228,6.034242378500519,181,7.0,0.3353196084499359,1398,674,250,142
235,6.034242378500519,181,2.0,0.44038769602775574,572,265,55,65
15,6.067580734182842,182,2.0,0.30524957180023193,1529,458,68,42
81,6.067580734182842,182,2.0,0.382270485162735,1898,439,42,31
149,6.067580734182842,182,2.0,0.5349273681640625,571,268,57,50
171,6.067580734182842,182,2.0,0.4488978385925293,720,356,66,34
107,6.067580734182842,182,2.0,0.2323676496744156,414,186,33,24
214,6.067580734182842,182,2.0,0.44057175517082214,240,336,54,39
207,6.067580734182842,182,2.0,0.5515303015708923,314,307,44,29
228,6.067580734182842,182,7.0,0.183871790766716,1367,660,241,136
15,6.100919089865165,183,2.0,0.2895796000957489,1529,459,68,43
81,6.100919089865165,183,2.0,0.20806372165679932,1899,439,40,30
149,6.100919089865165,183,2.0,0.4654826521873474,568,270,55,42
171,6.100919089865165,183,2.0,0.5316081047058105,714,352,62,33
214,6.100919089865165,183,2.0,0.4355781674385071,240,339,51,40
207,6.100919089865165,183,2.0,0.6570993661880493,315,309,43,29
228,6.100919089865165,183,7.0,0.3253191411495209,1332,646,224,126
15,6.1342574455474885,184,2.0,0.1951426863670349,1529,458,69,41
81,6.1342574455474885,184,2.0,0.17308010160923004,1900,438,38,32
149,6.1342574455474885,184,2.0,0.5619133710861206,562,265,54,48
171,6.1342574455474885,184,2.0,0.41985562443733215,707,348,59,34
214,6.1342574455474885,184,2.0,0.47034865617752075,242,341,52,41
207,6.1342574455474885,184,2.0,0.6294663548469543,319,311,44,30
228,6.1342574455474885,184,7.0,0.4933471083641052,1304,633,210,120
107,6.1342574455474885,184,2.0,0.37768658995628357,413,186,36,23
15,6.167595801229812,185,2.0,0.21057425439357758,1529,458,69,41
81,6.167595801229812,185,2.0,0.13449835777282715,1902,436,34,32
149,6.167595801229812,185,2.0,0.5488312244415283,559,265,51,40
171,6.167595801229812,185,2.0,0.2866690158843994,701,344,61,34
214,6.167595801229812,185,2.0,0.47782397270202637,244,343,54,43
207,6.167595801229812,185,2.0,0.6447523832321167,321,314,44,30
228,6.167595801229812,185,7.0,0.30833157896995544,1276,621,202,117
243,6.167595801229812,185,2.0,0.4087761342525482,1750,375,40,28
107,6.167595801229812,185,2.0,0.43774110078811646,414,186,38,23
15,6.200934156912135,186,2.0,0.19600960612297058,1529,458,69,41
81,6.200934156912135,186,2.0,0.16964353621006012,1902,434,33,33
149,6.200934156912135,186,2.0,0.508152961730957,556,264,52,38
171,6.200934156912135,186,2.0,0.37100374698638916,694,339,58,36
214,6.200934156912135,186,2.0,0.3934667110443115,244,345,55,44
207,6.200934156912135,186,2.0,0.5837705135345459,323,317,47,33
228,6.200934156912135,186,7.0,0.20262032747268677,1251,609,198,114
243,6.200934156912135,186,2.0,0.2473374307155609,1750,376,41,27
107,6.200934156912135,186,2.0,0.4793342351913452,413,186,38,23
15,6.234272512594458,187,2.0,0.2251904010772705,1529,458,69,41
81,6.234272512594458,187,2.0,0.16022484004497528,1904,434,30,35
149,6.234272512594458,187,2.0,0.5218690633773804,551,261,52,37
171,6.234272512594458,187,2.0,0.3461587131023407,687,336,56,35
214,6.234272512594458,187,2.0,0.3445832133293152,245,346,56,46
207,6.234272512594458,187,2.0,0.5978654026985168,325,320,49,37
228,6.234272512594458,187,2.0,0.3563532531261444,1226,597,190,111
107,6.234272512594458,187,2.0,0.31713253259658813,412,186,38,24
15,6.2676108682767815,188,2.0,0.23398913443088531,1529,458,69,41
81,6.2676108682767815,188,2.0,0.11720969527959824,1905,433,28,36
149,6.2676108682767815,188,2.0,0.4171859323978424,548,255,52,44
171,6.2676108682767815,188,2.0,0.4385552704334259,677,332,56,31
214,6.2676108682767815,188,2.0,0.34186676144599915,245,349,56,45
207,6.2676108682767815,188,2.0,0.571818470954895,327,322,51,37
228,6.2676108682767815,188,2.0,0.3139178454875946,1203,586,183,107
15,6.300949223959106,189,2.0,0.25601354241371155,1529,458,69,41
149,6.300949223959106,189,2.0,0.4269440174102783,542,251,46,45
171,6.300949223959106,189,2.0,0.5545983910560608,670,330,54,29
214,6.300949223959106,189,2.0,0.26318973302841187,247,351,59,46
207,6.300949223959106,189,2.0,0.5678476691246033,329,325,51,36
228,6.300949223959106,189,2.0,0.5015037059783936,1182,578,177,105
252,6.300949223959106,189,2.0,0.6142826080322266,1703,742,248,120
243,6.300949223959106,189,2.0,0.30592653155326843,1750,377,39,29
15,6.334287579641429,190,2.0,0.2591622471809387,1529,458,69,40
149,6.334287579641429,190,2.0,0.46077510714530945,536,249,48,48
171,6.334287579641429,190,2.0,0.5235078930854797,667,327,54,31
214,6.334287579641429,190,2.0,0.3031885325908661,250,357,55,44
207,6.334287579641429,190,2.0,0.6471719741821289,332,330,50,33
228,6.334287579641429,190,2.0,0.3206779360771179,1159,568,174,100
252,6.334287579641429,190,2.0,0.6705682873725891,1665,727,238,114
243,6.334287579641429,190,2.0,0.3655247688293457,1749,377,39,28
15,6.367625935323752,191,2.0,0.24655300378799438,1529,458,69,41
149,6.367625935323752,191,2.0,0.5167179107666016,534,246,50,51
171,6.367625935323752,191,2.0,0.39418888092041016,660,323,56,33
214,6.367625935323752,191,2.0,0.2643056809902191,253,362,52,45
207,6.367625935323752,191,2.0,0.5951012372970581,333,332,49,34
228,6.367625935323752,191,2.0,0.5793544054031372,1138,556,168,96
252,6.367625935323752,191,2.0,0.7355470657348633,1626,710,231,111
243,6.367625935323752,191,2.0,0.2640739381313324,1750,379,36,27
15,6.400964291006075,192,2.0,0.2692895531654358,1529,458,69,41
149,6.400964291006075,192,2.0,0.40363386273384094,530,245,45,51
171,6.400964291006075,192,2.0,0.43486976623535156,654,319,56,34
214,6.400964291006075,192,2.0,0.3121037781238556,255,366,52,43
207,6.400964291006075,192,2.0,0.5552889704704285,337,335,50,34
228,6.400964291006075,192,2.0,0.4929537773132324,1121,546,166,96
252,6.400964291006075,192,2.0,0.7225147485733032,1590,694,227,108
243,6.400964291006075,192,2.0,0.12111936509609222,1752,380,32,28
15,6.434302646688399,193,2.0,0.23507098853588104,1529,458,69,41
149,6.434302646688399,193,2.0,0.40563106536865234,526,243,43,52
171,6.434302646688399,193,2.0,0.46167656779289246,648,315,57,35
214,6.434302646688399,193,2.0,0.3832037150859833,257,370,52,43
207,6.434302646688399,193,2.0,0.6853572726249695,339,338,49,37
228,6.434302646688399,193,2.0,0.22659453749656677,1103,537,160,96
252,6.434302646688399,193,2.0,0.813953161239624,1553,679,216,102
243,6.434302646688399,193,2.0,0.1584521383047104,1749,381,35,28
15,6.467641002370722,194,2.0,0.2866068184375763,1529,458,70,42
149,6.467641002370722,194,2.0,0.32517537474632263,525,243,48,48
171,6.467641002370722,194,2.0,0.4732430577278137,642,312,56,34
214,6.467641002370722,194,2.0,0.3186766505241394,260,374,54,41
207,6.467641002370722,194,2.0,0.6940338015556335,341,342,50,37
228,6.467641002370722,194,2.0,0.16457343101501465,1084,530,152,92
252,6.467641002370722,194,2.0,0.6584123373031616,1522,667,209,99
243,6.467641002370722,194,2.0,0.30014365911483765,1747,380,37,29
15,6.500979358053045,195,2.0,0.2390730381011963,1529,458,70,42
149,6.500979358053045,195,2.0,0.47936561703681946,520,241,48,45
171,6.500979358053045,195,2.0,0.4418695867061615,634,309,54,32
214,6.500979358053045,195,2.0,0.38425037264823914,261,375,55,43
207,6.500979358053045,195,2.0,0.6423566937446594,345,344,53,38
228,6.500979358053045,195,2.0,0.2383125126361847,1067,522,151,90
252,6.500979358053045,195,2.0,0.7040327787399292,1489,653,200,96
243,6.500979358053045,195,2.0,0.26231738924980164,1747,381,39,29
15,6.534317713735368,196,2.0,0.24779130518436432,1529,458,70,42
149,6.534317713735368,196,2.0,0.4839215576648712,516,239,49,46
171,6.534317713735368,196,2.0,0.5919310450553894,626,306,51,31
214,6.534317713735368,196,2.0,0.23764674365520477,262,378,57,46
207,6.534317713735368,196,2.0,0.5250856280326843,347,346,56,38
228,6.534317713735368,196,2.0,0.21371769905090332,1050,516,145,86
252,6.534317713735368,196,2.0,0.533616304397583,1457,639,190,91
243,6.534317713735368,196,2.0,0.21408763527870178,1746,382,40,30
15,6.5676560694176915,197,2.0,0.28110063076019287,1529,458,70,42
149,6.5676560694176915,197,2.0,0.522666871547699,514,238,47,45
171,6.5676560694176915,197,2.0,0.6382465362548828,621,303,50,31
214,6.5676560694176915,197,2.0,0.44400885701179504,264,381,58,49
207,6.5676560694176915,197,2.0,0.4294176995754242,349,348,55,38
228,6.5676560694176915,197,2.0,0.2362164705991745,1035,507,143,83
252,6.5676560694176915,197,2.0,0.6732741594314575,1431,627,190,90
243,6.5676560694176915,197,2.0,0.23087778687477112,1746,383,40,31
256,6.5676560694176915,197,2.0,0.7585545778274536,1650,810,232,109
15,6.600994425100015,198,2.0,0.22395433485507965,1529,458,69,41
149,6.600994425100015,198,2.0,0.36202067136764526,511,236,46,43
171,6.600994425100015,198,2.0,0.4203470051288605,619,302,52,30
214,6.600994425100015,198,2.0,0.29036521911621094,266,385,56,46
207,6.600994425100015,198,2.0,0.43974050879478455,350,352,53,35
228,6.600994425100015,198,7.0,0.17505966126918793,1017,496,136,85
252,6.600994425100015,198,2.0,0.4460327625274658,1401,615,186,88
243,6.600994425100015,198,2.0,0.2677588164806366,1745,384,40,32
256,6.600994425100015,198,2.0,0.8010315895080566,1614,795,225,109
15,6.634332780782338,199,2.0,0.23051777482032776,1529,458,69,40
149,6.634332780782338,199,2.0,0.3039468228816986,509,234,47,44
171,6.634332780782338,199,2.0,0.31894466280937195,613,300,51,30
214,6.634332780782338,199,2.0,0.4430685043334961,268,388,56,47
207,6.634332780782338,199,2.0,0.5060874223709106,353,356,52,36
228,6.634332780782338,199,2.0,0.26916348934173584,1001,489,130,88
252,6.634332780782338,199,2.0,0.7309368848800659,1369,603,167,86
243,6.634332780782338,199,2.0,0.32103994488716125,1744,385,42,32
256,6.634332780782338,199,2.0,0.7570408582687378,1570,775,221,107
15,6.667671136464661,200,2.0,0.2451774775981903,1529,458,69,40
171,6.667671136464661,200,2.0,0.4982948303222656,606,297,51,30
214,6.667671136464661,200,2.0,0.5188628435134888,272,392,59,48
207,6.667671136464661,200,2.0,0.561021089553833,357,360,52,36
228,6.667671136464661,200,7.0,0.13863080739974976,987,481,130,86
252,6.667671136464661,200,2.0,0.4720141589641571,1343,593,158,83
243,6.667671136464661,200,2.0,0.18070343136787415,1745,385,43,32
256,6.667671136464661,200,2.0,0.7565625905990601,1527,753,210,107
259,6.667671136464661,200,2.0,0.34215259552001953,285,391,86,50
15,6.7010094921469845,201,2.0,0.23229774832725525,1529,458,69,41
171,6.7010094921469845,201,2.0,0.4873371720314026,601,294,51,31
214,6.7010094921469845,201,2.0,0.324371874332428,272,397,58,47
207,6.7010094921469845,201,2.0,0.5415400266647339,361,364,52,39
228,6.7010094921469845,201,7.0,0.12237165123224258,975,475,125,80
252,6.7010094921469845,201,2.0,0.4426421523094177,1320,582,151,82
243,6.7010094921469845,201,2.0,0.24823366105556488,1745,386,42,32
256,6.7010094921469845,201,2.0,0.7174004316329956,1495,734,209,100
149,6.7010094921469845,201,2.0,0.35825133323669434,499,232,47,40
15,6.734347847829309,202,2.0,0.24931426346302032,1529,458,69,41
171,6.734347847829309,202,2.0,0.4919273555278778,597,290,52,30
214,6.734347847829309,202,2.0,0.29005029797554016,275,401,64,56
207,6.734347847829309,202,2.0,0.5473851561546326,364,366,53,40
228,6.734347847829309,202,2.0,0.2830250859260559,960,469,122,79
252,6.734347847829309,202,2.0,0.2962633967399597,1300,570,150,77
243,6.734347847829309,202,2.0,0.3768770694732666,1746,387,41,31
256,6.734347847829309,202,2.0,0.6673117876052856,1455,718,197,95
149,6.734347847829309,202,2.0,0.24607941508293152,494,229,42,38
15,6.767686203511632,203,2.0,0.2586621344089508,1529,458,69,41
171,6.767686203511632,203,2.0,0.48432910442352295,591,286,51,28
214,6.767686203511632,203,2.0,0.4074128270149231,275,405,63,58
207,6.767686203511632,203,2.0,0.5854548811912537,367,368,55,41
228,6.767686203511632,203,2.0,0.12695974111557007,948,462,119,78
252,6.767686203511632,203,2.0,0.257113516330719,1275,561,146,76
243,6.767686203511632,203,2.0,0.47172731161117554,1745,388,42,31
256,6.767686203511632,203,2.0,0.7943354249000549,1422,705,188,93
149,6.767686203511632,203,2.0,0.2182159274816513,492,229,45,38
15,6.801024559193955,204,2.0,0.27586618065834045,1529,458,70,41
171,6.801024559193955,204,2.0,0.5259948968887329,585,284,45,27
214,6.801024559193955,204,2.0,0.3496025800704956,276,409,61,56
207,6.801024559193955,204,2.0,0.5613364577293396,370,373,53,40
228,6.801024559193955,204,7.0,0.1297120451927185,936,457,119,73
252,6.801024559193955,204,2.0,0.5686708688735962,1254,553,141,72
243,6.801024559193955,204,2.0,0.4065658152103424,1744,388,43,31
256,6.801024559193955,204,2.0,0.6806804537773132,1391,689,181,90
149,6.801024559193955,204,2.0,0.27608343958854675,490,228,46,39
15,6.834362914876278,205,2.0,0.26341912150382996,1529,458,70,41
171,6.834362914876278,205,2.0,0.5392038822174072,582,282,45,28
214,6.834362914876278,205,2.0,0.4733326733112335,280,413,60,54
207,6.834362914876278,205,2.0,0.5123783349990845,372,375,53,42
228,6.834362914876278,205,2.0,0.16013842821121216,923,450,115,75
252,6.834362914876278,205,2.0,0.4337863326072693,1232,544,137,74
243,6.834362914876278,205,2.0,0.21713706851005554,1744,388,43,31
256,6.834362914876278,205,2.0,0.6096328496932983,1359,672,174,87
149,6.834362914876278,205,2.0,0.38574767112731934,487,227,45,37
15,6.867701270558602,206,2.0,0.28387853503227234,1529,458,69,42
171,6.867701270558602,206,2.0,0.5043197870254517,577,280,46,31
214,6.867701270558602,206,2.0,0.4155901074409485,286,417,65,53
207,6.867701270558602,206,2.0,0.5772666335105896,374,378,54,42
228,6.867701270558602,206,2.0,0.20361542701721191,910,443,110,75
252,6.867701270558602,206,2.0,0.5083629488945007,1216,536,134,77
243,6.867701270558602,206,2.0,0.38746464252471924,1744,390,43,31
256,6.867701270558602,206,2.0,0.6480873227119446,1332,659,168,84
149,6.867701270558602,206,2.0,0.33081546425819397,484,226,45,38
15,6.901039626240925,207,2.0,0.2808867394924164,1529,458,69,42
171,6.901039626240925,207,2.0,0.45241591334342957,572,279,50,31
214,6.901039626240925,207,2.0,0.3852565288543701,287,421,65,54
207,6.901039626240925,207,2.0,0.5745206475257874,378,383,58,42
228,6.901039626240925,207,2.0,0.2310505509376526,899,437,110,70
252,6.901039626240925,207,2.0,0.4629083275794983,1195,526,129,74
243,6.901039626240925,207,2.0,0.4703666865825653,1744,391,45,33
256,6.901039626240925,207,2.0,0.6965307593345642,1304,647,159,80
149,6.901039626240925,207,2.0,0.3543649911880493,483,223,48,37
15,6.934377981923248,208,2.0,0.2887962758541107,1529,458,69,42
171,6.934377981923248,208,2.0,0.2837100625038147,567,276,51,30
214,6.934377981923248,208,2.0,0.31312185525894165,289,424,62,55
207,6.934377981923248,208,2.0,0.5554090738296509,383,389,60,43
228,6.934377981923248,208,2.0,0.20817768573760986,888,431,107,69
252,6.934377981923248,208,2.0,0.39906468987464905,1176,519,125,72
243,6.934377981923248,208,2.0,0.44895023107528687,1743,391,47,33
256,6.934377981923248,208,2.0,0.6558017730712891,1279,635,156,76
149,6.934377981923248,208,2.0,0.36857303977012634,481,220,48,36
15,6.967716337605571,209,2.0,0.287789523601532,1529,458,69,42
171,6.967716337605571,209,2.0,0.20503011345863342,564,274,50,28
214,6.967716337605571,209,2.0,0.4042237401008606,291,428,64,58
207,6.967716337605571,209,2.0,0.5944814085960388,387,392,60,42
228,6.967716337605571,209,2.0,0.38391441106796265,878,428,107,68
252,6.967716337605571,209,2.0,0.4785205125808716,1158,511,123,68
243,6.967716337605571,209,2.0,0.32280048727989197,1743,390,45,34
256,6.967716337605571,209,2.0,0.5061892867088318,1251,622,148,73
149,6.967716337605571,209,2.0,0.45110148191452026,477,221,49,34
15,7.0010546932878945,210,2.0,0.31506797671318054,1529,458,69,42
171,7.0010546932878945,210,2.0,0.3671858310699463,561,272,50,28
214,7.0010546932878945,210,2.0,0.43625587224960327,294,431,64,57
207,7.0010546932878945,210,2.0,0.630600094795227,388,394,58,44
228,7.0010546932878945,210,2.0,0.2982082664966583,868,423,100,65
252,7.0010546932878945,210,2.0,0.3917894661426544,1141,502,118,66
243,7.0010546932878945,210,2.0,0.30781054496765137,1743,391,44,34
256,7.0010546932878945,210,2.0,0.4720481038093567,1228,609,144,70
149,7.0010546932878945,210,2.0,0.5005731582641602,474,220,50,33
15,7.034393048970218,211,2.0,0.26940444111824036,1529,458,69,42
171,7.034393048970218,211,2.0,0.42914435267448425,555,270,49,30
214,7.034393048970218,211,2.0,0.3615126609802246,295,436,64,57
207,7.034393048970218,211,2.0,0.5322701334953308,392,398,60,50
228,7.034393048970218,211,2.0,0.28837257623672485,856,418,101,65
252,7.034393048970218,211,2.0,0.4371524751186371,1123,496,116,66
243,7.034393048970218,211,2.0,0.32528984546661377,1743,392,45,33
256,7.034393048970218,211,2.0,0.5134571194648743,1205,598,141,69
149,7.034393048970218,211,2.0,0.4667511284351349,470,219,52,33
15,7.067731404652541,212,2.0,0.3275403678417206,1529,458,69,42
171,7.067731404652541,212,2.0,0.5021436214447021,551,265,46,29
214,7.067731404652541,212,2.0,0.4498499631881714,297,441,66,62
207,7.067731404652541,212,2.0,0.5803843140602112,395,403,61,52
228,7.067731404652541,212,2.0,0.31613603234291077,845,414,101,65
252,7.067731404652541,212,2.0,0.3839759826660156,1107,488,111,63
243,7.067731404652541,212,2.0,0.3158165216445923,1743,392,45,33
256,7.067731404652541,212,2.0,0.43667131662368774,1185,588,146,71
149,7.067731404652541,212,2.0,0.5755279064178467,468,218,52,32
15,7.101069760334864,213,2.0,0.30553337931632996,1529,458,69,42
171,7.101069760334864,213,2.0,0.5301379561424255,544,261,45,27
214,7.101069760334864,213,2.0,0.27333715558052063,299,448,68,65
207,7.101069760334864,213,2.0,0.5424414873123169,400,409,63,49
228,7.101069760334864,213,2.0,0.35979390144348145,837,411,95,58
252,7.101069760334864,213,2.0,0.6028929352760315,1091,481,108,62
243,7.101069760334864,213,2.0,0.24612949788570404,1743,393,46,33
256,7.101069760334864,213,2.0,0.6117795705795288,1165,578,141,68
149,7.101069760334864,213,2.0,0.6079800724983215,467,217,53,31
15,7.1344081160171875,214,2.0,0.2701653242111206,1529,458,69,42
171,7.1344081160171875,214,2.0,0.4399586021900177,539,260,44,26
214,7.1344081160171875,214,2.0,0.251601904630661,304,453,68,64
207,7.1344081160171875,214,2.0,0.5952368378639221,403,413,62,47
228,7.1344081160171875,214,2.0,0.3368905186653137,825,405,92,61
252,7.1344081160171875,214,2.0,0.48702412843704224,1077,475,110,62
243,7.1344081160171875,214,2.0,0.2922172248363495,1743,393,45,34
256,7.1344081160171875,214,2.0,0.6126717925071716,1146,569,132,66
149,7.1344081160171875,214,2.0,0.6323655247688293,463,214,51,30
269,7.1344081160171875,214,2.0,0.7904426455497742,1652,799,235,114
15,7.167746471699512,215,2.0,0.31475830078125,1529,458,69,42
171,7.167746471699512,215,2.0,0.30961865186691284,536,258,43,27
214,7.167746471699512,215,2.0,0.10732252895832062,307,458,70,62
207,7.167746471699512,215,2.0,0.6862838268280029,409,418,63,48
228,7.167746471699512,215,2.0,0.35086652636528015,816,400,92,58
252,7.167746471699512,215,2.0,0.5292576551437378,1063,467,106,61
243,7.167746471699512,215,2.0,0.40281006693840027,1743,392,45,36
256,7.167746471699512,215,2.0,0.6932235360145569,1129,558,131,65
149,7.167746471699512,215,2.0,0.5521997213363647,459,213,51,29
269,7.167746471699512,215,2.0,0.7590404152870178,1615,782,227,109
15,7.201084827381835,216,2.0,0.27357667684555054,1529,458,69,42
171,7.201084827381835,216,2.0,0.32360947132110596,534,258,41,27
214,7.201084827381835,216,2.0,0.12429696321487427,322,467,89,56
207,7.201084827381835,216,2.0,0.7057583332061768,412,422,61,52
228,7.201084827381835,216,2.0,0.33461323380470276,808,393,93,55
252,7.201084827381835,216,2.0,0.34558287262916565,1050,462,100,57
243,7.201084827381835,216,2.0,0.32058173418045044,1743,393,45,35
256,7.201084827381835,216,2.0,0.6245623230934143,1104,549,117,62
149,7.201084827381835,216,2.0,0.6157212257385254,457,213,49,28
269,7.201084827381835,216,2.0,0.6951751708984375,1571,762,220,103
15,7.234423183064158,217,2.0,0.29444196820259094,1529,458,69,42
171,7.234423183064158,217,2.0,0.32624921202659607,530,256,40,26
214,7.234423183064158,217,2.0,0.13884733617305756,326,470,90,63
207,7.234423183064158,217,2.0,0.6806222796440125,416,427,65,54
228,7.234423183064158,217,2.0,0.4808005392551422,799,388,90,57
252,7.234423183064158,217,2.0,0.5786130428314209,1035,457,100,58
243,7.234423183064158,217,2.0,0.29666024446487427,1743,395,45,31
256,7.234423183064158,217,2.0,0.6623528003692627,1090,540,120,61
149,7.234423183064158,217,2.0,0.6305362582206726,454,211,51,27
269,7.234423183064158,217,2.0,0.7723149061203003,1530,742,212,105
15,7.267761538746481,218,2.0,0.3177435100078583,1529,459,69,42
171,7.267761538746481,218,2.0,0.36704203486442566,527,255,44,28
214,7.267761538746481,218,2.0,0.4317973256111145,329,475,92,67
207,7.267761538746481,218,2.0,0.6340940594673157,420,432,65,53
228,7.267761538746481,218,2.0,0.5309554934501648,791,385,91,56
252,7.267761538746481,218,2.0,0.7003175020217896,1020,450,98,56
243,7.267761538746481,218,2.0,0.2721724510192871,1743,395,44,31
256,7.267761538746481,218,2.0,0.705402672290802,1071,531,115,58
149,7.267761538746481,218,2.0,0.5016481876373291,452,209,53,28
269,7.267761538746481,218,2.0,0.7331698536872864,1495,725,209,99
274,7.267761538746481,218,2.0,0.40279534459114075,316,475,67,64
15,7.301099894428805,219,2.0,0.3022681772708893,1529,459,69,42
171,7.301099894428805,219,2.0,0.4282098114490509,522,253,48,27
214,7.301099894428805,219,2.0,0.12596963346004486,336,480,104,69
207,7.301099894428805,219,2.0,0.6689751148223877,423,438,62,53
228,7.301099894428805,219,2.0,0.46968206763267517,782,380,88,59
252,7.301099894428805,219,2.0,0.667288064956665,1008,444,95,56
243,7.301099894428805,219,2.0,0.2830308973789215,1743,395,43,31
256,7.301099894428805,219,2.0,0.6598719358444214,1053,525,112,56
149,7.301099894428805,219,2.0,0.5405551195144653,450,208,53,28
269,7.301099894428805,219,2.0,0.6658724546432495,1459,708,200,95
274,7.301099894428805,219,2.0,0.4451104700565338,318,478,68,66
15,7.334438250111128,220,2.0,0.3040687143802643,1529,459,69,42
171,7.334438250111128,220,2.0,0.33019906282424927,517,251,48,29
214,7.334438250111128,220,7.0,0.2460530549287796,331,485,84,72
207,7.334438250111128,220,2.0,0.5370437502861023,429,444,68,51
228,7.334438250111128,220,2.0,0.45157426595687866,774,376,87,59
252,7.334438250111128,220,2.0,0.5589075684547424,993,439,95,56
243,7.334438250111128,220,2.0,0.48111358284950256,1743,396,42,31
256,7.334438250111128,220,2.0,0.6432133316993713,1040,518,116,57
149,7.334438250111128,220,2.0,0.586461067199707,445,207,48,28
269,7.334438250111128,220,2.0,0.7159516215324402,1426,691,190,92
274,7.334438250111128,220,2.0,0.3122285008430481,322,486,71,64
15,7.367776605793451,221,2.0,0.2586495280265808,1529,459,69,43
171,7.367776605793451,221,2.0,0.27128300070762634,514,249,49,29
214,7.367776605793451,221,2.0,0.32670217752456665,327,490,77,75
207,7.367776605793451,221,2.0,0.5372962951660156,433,448,68,53
228,7.367776605793451,221,2.0,0.5124192833900452,765,371,83,56
252,7.367776605793451,221,2.0,0.4791792631149292,988,434,84,54
243,7.367776605793451,221,2.0,0.4850291311740875,1743,398,42,29
256,7.367776605793451,221,2.0,0.5617921948432922,1022,507,109,57
149,7.367776605793451,221,2.0,0.5400242805480957,445,205,51,28
269,7.367776605793451,221,2.0,0.4869431257247925,1395,677,189,94
274,7.367776605793451,221,2.0,0.3977874219417572,325,499,71,52
15,7.401114961475774,222,2.0,0.24490226805210114,1529,459,69,42
171,7.401114961475774,222,2.0,0.3322663903236389,512,248,45,28
214,7.401114961475774,222,7.0,0.17984206974506378,330,497,78,72
207,7.401114961475774,222,2.0,0.5346390604972839,438,453,71,55
228,7.401114961475774,222,2.0,0.3224186897277832,759,367,82,57
252,7.401114961475774,222,2.0,0.15185357630252838,973,429,88,54
243,7.401114961475774,222,2.0,0.3523466885089874,1743,399,42,27
256,7.401114961475774,222,2.0,0.5664832592010498,1005,500,105,54
149,7.401114961475774,222,2.0,0.4839623272418976,444,205,52,28
269,7.401114961475774,222,2.0,0.6146280169487,1363,660,178,93
274,7.401114961475774,222,2.0,0.3167526423931122,329,504,71,59
15,7.4344533171580975,223,2.0,0.2577957212924957,1529,459,69,42
171,7.4344533171580975,223,2.0,0.40020808577537537,507,245,39,27
214,7.4344533171580975,223,2.0,0.49922871589660645,333,503,77,72
207,7.4344533171580975,223,2.0,0.6326363682746887,445,457,76,56
228,7.4344533171580975,223,2.0,0.43241095542907715,751,362,85,60
252,7.4344533171580975,223,2.0,0.389786958694458,961,423,88,52
243,7.4344533171580975,223,2.0,0.36552324891090393,1743,401,43,28
256,7.4344533171580975,223,2.0,0.5640283823013306,991,493,100,55
149,7.4344533171580975,223,2.0,0.33466461300849915,444,204,55,29
269,7.4344533171580975,223,2.0,0.655886173248291,1334,648,170,89
15,7.467791672840421,224,2.0,0.2451048046350479,1529,459,69,43
171,7.467791672840421,224,2.0,0.3139215409755707,503,244,38,26
214,7.467791672840421,224,2.0,0.2908710837364197,336,510,76,75
207,7.467791672840421,224,2.0,0.5819166898727417,447,463,72,54
228,7.467791672840421,224,2.0,0.4093628227710724,745,359,84,56
252,7.467791672840421,224,2.0,0.3348122239112854,950,418,86,52
243,7.467791672840421,224,2.0,0.5192697048187256,1742,402,42,29
256,7.467791672840421,224,2.0,0.48939841985702515,975,485,96,53
149,7.467791672840421,224,2.0,0.21219074726104736,442,202,57,32
269,7.467791672840421,224,2.0,0.5699447393417358,1308,635,164,84
15,7.501130028522744,225,2.0,0.22956961393356323,1529,459,69,43
171,7.501130028522744,225,2.0,0.392149955034256,499,241,41,26
214,7.501130028522744,225,7.0,0.25142383575439453,339,516,78,78
207,7.501130028522744,225,2.0,0.5680931806564331,451,469,70,55
228,7.501130028522744,225,2.0,0.5153324007987976,738,354,80,55
252,7.501130028522744,225,2.0,0.4463024139404297,937,413,86,51
243,7.501130028522744,225,2.0,0.5533416867256165,1742,403,41,29
256,7.501130028522744,225,2.0,0.41053837537765503,962,478,99,54
149,7.501130028522744,225,2.0,0.13085584342479706,441,200,58,33
269,7.501130028522744,225,2.0,0.4269736707210541,1283,623,161,77
15,7.534468384205067,226,2.0,0.2770976126194,1529,459,69,43
171,7.534468384205067,226,2.0,0.23509275913238525,495,238,40,25
214,7.534468384205067,226,2.0,0.3815586566925049,344,525,76,72
207,7.534468384205067,226,2.0,0.6423743963241577,455,474,72,58
228,7.534468384205067,226,2.0,0.4310852289199829,730,352,81,51
243,7.534468384205067,226,2.0,0.5493927001953125,1741,404,42,29
256,7.534468384205067,226,2.0,0.5129084587097168,950,470,95,53
149,7.534468384205067,226,2.0,0.3197653293609619,439,199,60,31
269,7.534468384205067,226,2.0,0.4532034993171692,1258,612,154,75
15,7.567806739887391,227,2.0,0.25108060240745544,1529,459,69,43
171,7.567806739887391,227,2.0,0.29301515221595764,491,236,40,27
214,7.567806739887391,227,2.0,0.3837139308452606,347,530,78,80
207,7.567806739887391,227,2.0,0.39995330572128296,460,480,74,62
228,7.567806739887391,227,2.0,0.5430099964141846,721,349,77,49
243,7.567806739887391,227,2.0,0.4759243428707123,1741,404,42,30
256,7.567806739887391,227,2.0,0.5703575015068054,941,464,90,52
149,7.567806739887391,227,2.0,0.3756200969219208,435,198,60,32
269,7.567806739887391,227,2.0,0.3727620244026184,1232,600,143,71
252,7.567806739887391,227,2.0,0.42770668864250183,917,402,81,50
15,7.601145095569715,228,2.0,0.285455584526062,1529,459,69,43
171,7.601145095569715,228,2.0,0.24933746457099915,488,235,39,27
214,7.601145095569715,228,2.0,0.5663513541221619,351,535,80,84
207,7.601145095569715,228,2.0,0.5363645553588867,466,487,72,60
228,7.601145095569715,228,2.0,0.4344238042831421,714,345,74,50
243,7.601145095569715,228,2.0,0.5105534791946411,1741,404,42,31
256,7.601145095569715,228,2.0,0.487411767244339,927,457,90,52
269,7.601145095569715,228,2.0,0.5778848528862,1210,590,142,72
252,7.601145095569715,228,2.0,0.37934380769729614,906,397,79,50
15,7.634483451252038,229,2.0,0.3105800151824951,1529,459,69,43
171,7.634483451252038,229,2.0,0.20699842274188995,486,234,36,27
214,7.634483451252038,229,2.0,0.5504492521286011,356,541,85,86
207,7.634483451252038,229,2.0,0.5341583490371704,473,495,79,60
228,7.634483451252038,229,2.0,0.5807203650474548,709,343,73,51
243,7.634483451252038,229,2.0,0.6138726472854614,1741,404,43,32
256,7.634483451252038,229,2.0,0.6547964215278625,914,451,91,51
269,7.634483451252038,229,2.0,0.36992570757865906,1189,579,140,69
252,7.634483451252038,229,2.0,0.6007555723190308,898,393,75,49
149,7.634483451252038,229,2.0,0.40101367235183716,429,199,56,28
15,7.667821806934361,230,2.0,0.32518792152404785,1529,459,69,43
171,7.667821806934361,230,2.0,0.12017033994197845,483,233,35,27
214,7.667821806934361,230,2.0,0.4293931722640991,359,549,85,89
207,7.667821806934361,230,2.0,0.46198686957359314,478,500,78,60
228,7.667821806934361,230,2.0,0.5732491612434387,701,340,73,53
243,7.667821806934361,230,2.0,0.629912257194519,1740,405,44,32
256,7.667821806934361,230,2.0,0.6805500984191895,903,447,90,47
269,7.667821806934361,230,2.0,0.5091373324394226,1171,569,138,71
252,7.667821806934361,230,2.0,0.41419199109077454,889,389,76,46
149,7.667821806934361,230,2.0,0.42271941900253296,428,198,56,26
15,7.701160162616684,231,2.0,0.35051214694976807,1529,459,69,43
214,7.701160162616684,231,2.0,0.42897844314575195,365,555,87,94
207,7.701160162616684,231,2.0,0.5514014959335327,482,505,78,64
228,7.701160162616684,231,2.0,0.5063442587852478,697,336,75,51
243,7.701160162616684,231,2.0,0.6600775718688965,1740,406,44,34
256,7.701160162616684,231,2.0,0.7346881628036499,890,442,85,45
269,7.701160162616684,231,2.0,0.5314635038375854,1149,558,134,67
252,7.701160162616684,231,2.0,0.29274654388427734,877,385,72,42
149,7.701160162616684,231,2.0,0.5022249221801758,425,197,57,25
288,7.701160162616684,231,2.0,0.4084894061088562,437,194,41,24
15,7.734498518299008,232,2.0,0.35795164108276367,1529,458,69,42
214,7.734498518299008,232,2.0,0.24192427098751068,369,562,90,97
207,7.734498518299008,232,2.0,0.6627775430679321,488,512,76,64
228,7.734498518299008,232,2.0,0.6586579084396362,690,332,72,47
243,7.734498518299008,232,2.0,0.6446549296379089,1740,407,44,34
256,7.734498518299008,232,2.0,0.6131189465522766,879,436,81,47
269,7.734498518299008,232,2.0,0.430753618478775,1128,549,127,65
252,7.734498518299008,232,2.0,0.26662200689315796,868,381,74,42
149,7.734498518299008,232,2.0,0.3942412734031677,422,195,54,25
15,7.767836873981331,233,2.0,0.3681534230709076,1529,458,69,42
214,7.767836873981331,233,2.0,0.3165809214115143,374,572,91,95
207,7.767836873981331,233,2.0,0.491924524307251,492,519,77,66
228,7.767836873981331,233,2.0,0.7070925235748291,685,329,72,48
243,7.767836873981331,233,2.0,0.6369910836219788,1740,406,43,35
256,7.767836873981331,233,2.0,0.47729572653770447,868,431,79,48
269,7.767836873981331,233,2.0,0.5403784513473511,1106,540,117,63
252,7.767836873981331,233,2.0,0.16812756657600403,859,377,75,44
149,7.767836873981331,233,2.0,0.5002014636993408,419,193,53,23
288,7.767836873981331,233,2.0,0.37524178624153137,430,192,46,24
15,7.801175229663654,234,2.0,0.33483368158340454,1529,458,69,42
214,7.801175229663654,234,2.0,0.3593103289604187,378,582,92,96
207,7.801175229663654,234,2.0,0.5753316879272461,499,526,80,66
228,7.801175229663654,234,2.0,0.6087646484375,677,325,69,47
243,7.801175229663654,234,2.0,0.6099516749382019,1740,407,43,36
256,7.801175229663654,234,2.0,0.5850960612297058,861,426,82,45
269,7.801175229663654,234,2.0,0.446729451417923,1089,531,117,61
252,7.801175229663654,234,2.0,0.45577648282051086,849,374,71,44
149,7.801175229663654,234,2.0,0.5090817809104919,418,192,54,23
15,7.834513585345977,235,2.0,0.36537638306617737,1530,458,69,42
214,7.834513585345977,235,2.0,0.381724089384079,384,591,93,98
207,7.834513585345977,235,2.0,0.4688291549682617,505,533,81,69
228,7.834513585345977,235,2.0,0.6347193121910095,671,322,68,48
243,7.834513585345977,235,2.0,0.5999057292938232,1740,407,42,35
256,7.834513585345977,235,2.0,0.567412793636322,851,421,79,43
269,7.834513585345977,235,2.0,0.5004172325134277,1078,524,124,60
252,7.834513585345977,235,2.0,0.40618738532066345,842,369,73,46
149,7.834513585345977,235,2.0,0.3694821298122406,413,190,46,22
288,7.834513585345977,235,2.0,0.522489607334137,418,189,53,27
15,7.8678519410283005,236,2.0,0.3573732078075409,1529,458,69,42
214,7.8678519410283005,236,2.0,0.5237224698066711,389,599,97,100
207,7.8678519410283005,236,2.0,0.6583340764045715,513,541,85,69
228,7.8678519410283005,236,2.0,0.6867086887359619,666,319,67,49
243,7.8678519410283005,236,2.0,0.5625496506690979,1740,409,42,33
256,7.8678519410283005,236,2.0,0.5340757369995117,842,416,73,43
269,7.8678519410283005,236,2.0,0.5241432785987854,1059,515,117,60
252,7.8678519410283005,236,2.0,0.35132911801338196,835,366,69,46
149,7.8678519410283005,236,2.0,0.4244685769081116,411,189,44,22
288,7.8678519410283005,236,2.0,0.49705415964126587,415,187,56,27
15,7.901190296710624,237,2.0,0.30615681409835815,1529,458,69,41
214,7.901190296710624,237,2.0,0.39532631635665894,395,608,99,102
207,7.901190296710624,237,2.0,0.44505345821380615,519,548,86,69
228,7.901190296710624,237,2.0,0.6855739951133728,660,317,67,47
243,7.901190296710624,237,2.0,0.5478793978691101,1740,411,42,31
256,7.901190296710624,237,2.0,0.5216677188873291,828,411,73,44
269,7.901190296710624,237,2.0,0.5439879298210144,1041,508,110,59
252,7.901190296710624,237,2.0,0.5183494687080383,825,362,67,45
149,7.901190296710624,237,2.0,0.3644251525402069,405,189,36,22
288,7.901190296710624,237,2.0,0.33345192670822144,414,186,57,27
15,7.934528652392947,238,2.0,0.3182450830936432,1529,458,69,41
214,7.934528652392947,238,2.0,0.5511797666549683,400,618,99,105
207,7.934528652392947,238,2.0,0.44177553057670593,528,556,89,72
228,7.934528652392947,238,2.0,0.5963565111160278,655,314,65,46
243,7.934528652392947,238,2.0,0.576602041721344,1740,412,43,32
256,7.934528652392947,238,2.0,0.6465892195701599,819,407,72,43
269,7.934528652392947,238,2.0,0.3730062246322632,1022,499,101,56
252,7.934528652392947,238,2.0,0.30011361837387085,817,358,68,42
149,7.934528652392947,238,2.0,0.3816662132740021,400,187,32,20
288,7.934528652392947,238,2.0,0.3068296015262604,413,185,60,26
15,7.96786700807527,239,2.0,0.3246166706085205,1529,458,69,41
214,7.96786700807527,239,2.0,0.51120525598526,405,627,103,107
207,7.96786700807527,239,2.0,0.5531246066093445,534,565,89,74
228,7.96786700807527,239,2.0,0.5442523956298828,649,310,65,44
243,7.96786700807527,239,2.0,0.5852231383323669,1740,412,43,33
256,7.96786700807527,239,2.0,0.6703006625175476,812,401,71,40
269,7.96786700807527,239,2.0,0.6128541827201843,1008,491,98,54
252,7.96786700807527,239,7.0,0.13203184306621552,809,356,67,42
149,7.96786700807527,239,2.0,0.37471094727516174,397,187,33,21
288,7.96786700807527,239,2.0,0.17257742583751678,412,185,64,25
301,7.96786700807527,239,2.0,0.5751075744628906,1548,758,254,135
171,7.96786700807527,239,2.0,0.3789981007575989,456,217,42,23
15,8.001205363757594,240,2.0,0.3200775980949402,1529,458,69,40
214,8.001205363757594,240,2.0,0.49191805720329285,412,637,105,112
207,8.001205363757594,240,2.0,0.593527615070343,541,574,91,74
228,8.001205363757594,240,2.0,0.536622166633606,644,308,62,44
243,8.001205363757594,240,2.0,0.5514680743217468,1740,413,42,33
256,8.001205363757594,240,2.0,0.39504438638687134,803,396,74,41
269,8.001205363757594,240,2.0,0.39562711119651794,994,485,97,54
252,8.001205363757594,240,2.0,0.30252164602279663,802,352,66,40
149,8.001205363757594,240,2.0,0.3893152177333832,396,186,34,21
288,8.001205363757594,240,2.0,0.14421698451042175,411,186,67,25
301,8.001205363757594,240,2.0,0.5209295153617859,1510,741,239,129
171,8.001205363757594,240,2.0,0.3642312288284302,452,214,49,28
15,8.034543719439917,241,2.0,0.32583218812942505,1530,458,68,39
214,8.034543719439917,241,2.0,0.4380021393299103,418,648,106,112
207,8.034543719439917,241,7.0,0.4086276590824127,550,582,93,79
228,8.034543719439917,241,2.0,0.5497385859489441,639,305,65,44
243,8.034543719439917,241,2.0,0.5351850390434265,1740,412,41,34
256,8.034543719439917,241,2.0,0.4850408136844635,798,393,58,36
269,8.034543719439917,241,2.0,0.367481529712677,980,478,94,54
252,8.034543719439917,241,2.0,0.5210872888565063,795,348,64,39
149,8.034543719439917,241,2.0,0.48129335045814514,395,186,38,23
288,8.034543719439917,241,2.0,0.2589532136917114,409,187,68,26
301,8.034543719439917,241,7.0,0.2877410352230072,1480,723,246,126
171,8.034543719439917,241,2.0,0.3106629252433777,448,212,43,29
309,8.034543719439917,241,7.0,0.4328975975513458,417,647,106,112
15,8.06788207512224,242,2.0,0.3296656310558319,1530,457,68,38
214,8.06788207512224,242,7.0,0.38324156403541565,424,659,108,117
207,8.06788207512224,242,2.0,0.47961509227752686,559,592,96,79
228,8.06788207512224,242,2.0,0.6223963499069214,633,302,64,43
243,8.06788207512224,242,2.0,0.5463094115257263,1740,413,42,34
256,8.06788207512224,242,2.0,0.41969531774520874,784,388,68,43
269,8.06788207512224,242,2.0,0.5008130073547363,967,471,94,53
252,8.06788207512224,242,2.0,0.47903314232826233,789,344,60,39
149,8.06788207512224,242,2.0,0.42379119992256165,391,186,36,23
288,8.06788207512224,242,2.0,0.24270114302635193,409,188,72,29
301,8.06788207512224,242,2.0,0.473046213388443,1439,705,226,121
171,8.06788207512224,242,2.0,0.3169991075992584,445,211,42,29
309,8.06788207512224,242,2.0,0.28647345304489136,423,656,108,116
310,8.06788207512224,242,2.0,0.7233831286430359,1833,812,171,109
15,8.101220430804563,243,2.0,0.27987557649612427,1530,458,68,39
214,8.101220430804563,243,7.0,0.32511699199676514,431,670,111,121
207,8.101220430804563,243,2.0,0.358514666557312,566,601,96,80
228,8.101220430804563,243,2.0,0.6539071202278137,628,300,61,43
243,8.101220430804563,243,2.0,0.45953965187072754,1739,414,43,32
256,8.101220430804563,243,2.0,0.5076016187667847,777,384,69,43
269,8.101220430804563,243,2.0,0.5199416875839233,953,465,89,53
252,8.101220430804563,243,2.0,0.36051610112190247,781,341,61,41
149,8.101220430804563,243,2.0,0.3281422555446625,389,188,34,27
301,8.101220430804563,243,2.0,0.4070141017436981,1400,689,206,116
171,8.101220430804563,243,2.0,0.33527347445487976,442,210,37,30
309,8.101220430804563,243,2.0,0.15674139559268951,432,669,110,120
310,8.101220430804563,243,2.0,0.8112713098526001,1815,795,208,110
15,8.134558786486886,244,2.0,0.3160764276981354,1530,457,68,38
214,8.134558786486886,244,7.0,0.46715298295021057,439,683,114,125
207,8.134558786486886,244,2.0,0.3217783272266388,574,611,99,83
228,8.134558786486886,244,2.0,0.6212981343269348,623,298,63,43
243,8.134558786486886,244,2.0,0.4367578625679016,1739,415,43,32
256,8.134558786486886,244,2.0,0.6653086543083191,768,381,70,41
269,8.134558786486886,244,2.0,0.5240238308906555,948,459,101,53
252,8.134558786486886,244,2.0,0.4185112714767456,773,337,65,40
301,8.134558786486886,244,2.0,0.4016307294368744,1370,673,198,114
171,8.134558786486886,244,2.0,0.2173372209072113,440,207,37,34
309,8.134558786486886,244,2.0,0.2639881670475006,442,684,110,122
310,8.134558786486886,244,2.0,0.7963626384735107,1782,775,229,107
15,8.16789714216921,245,2.0,0.20993196964263916,1529,457,67,37
214,8.16789714216921,245,7.0,0.43571606278419495,448,693,117,129
207,8.16789714216921,245,2.0,0.5730426907539368,583,621,102,83
228,8.16789714216921,245,2.0,0.6136877536773682,617,296,62,43
243,8.16789714216921,245,2.0,0.36514511704444885,1739,416,44,33
256,8.16789714216921,245,2.0,0.6282225251197815,764,376,61,38
269,8.16789714216921,245,2.0,0.5327973961830139,928,453,89,49
252,8.16789714216921,245,2.0,0.3912276327610016,765,334,64,37
301,8.16789714216921,245,2.0,0.448814332485199,1340,657,190,107
171,8.16789714216921,245,2.0,0.2937887907028198,439,205,37,35
309,8.16789714216921,245,2.0,0.3601312041282654,449,696,116,127
310,8.16789714216921,245,2.0,0.8055316805839539,1741,755,233,104
15,8.201235497851533,246,2.0,0.2229723334312439,1529,457,67,37
207,8.201235497851533,246,2.0,0.5255873799324036,591,631,100,85
228,8.201235497851533,246,2.0,0.4556371569633484,615,294,65,43
243,8.201235497851533,246,2.0,0.33470264077186584,1739,416,42,34
256,8.201235497851533,246,2.0,0.6323162913322449,754,373,64,41
269,8.201235497851533,246,2.0,0.6652260422706604,917,446,87,47
252,8.201235497851533,246,2.0,0.3812476694583893,759,333,62,35
301,8.201235497851533,246,2.0,0.5423809289932251,1315,645,191,104
171,8.201235497851533,246,2.0,0.1994093805551529,437,204,36,33
310,8.201235497851533,246,2.0,0.7950664162635803,1696,734,225,98
15,8.234573853533858,247,2.0,0.19644325971603394,1529,457,67,37
207,8.234573853533858,247,2.0,0.5860291719436646,602,641,107,86
228,8.234573853533858,247,2.0,0.5219813585281372,609,292,63,41
243,8.234573853533858,247,2.0,0.3220071494579315,1739,415,41,36
256,8.234573853533858,247,2.0,0.4516448676586151,749,370,63,38
269,8.234573853533858,247,2.0,0.5581209659576416,904,441,84,47
252,8.234573853533858,247,2.0,0.30152732133865356,753,330,60,34
301,8.234573853533858,247,2.0,0.40091079473495483,1286,632,177,101
171,8.234573853533858,247,2.0,0.2951364517211914,435,205,36,30
310,8.234573853533858,247,2.0,0.7528521418571472,1652,717,216,92
214,8.234573853533858,247,7.0,0.37512198090553284,466,712,132,151
15,8.267912209216181,248,2.0,0.1968720406293869,1529,457,67,37
207,8.267912209216181,248,2.0,0.33821114897727966,611,652,109,92
228,8.267912209216181,248,2.0,0.5704131126403809,604,290,59,39
243,8.267912209216181,248,2.0,0.2415224015712738,1738,415,42,35
256,8.267912209216181,248,2.0,0.27711501717567444,741,365,62,38
269,8.267912209216181,248,2.0,0.5284713506698608,895,435,89,49
252,8.267912209216181,248,2.0,0.3766878545284271,746,325,57,34
301,8.267912209216181,248,7.0,0.3470650017261505,1259,619,170,101
171,8.267912209216181,248,2.0,0.22811181843280792,434,205,39,27
310,8.267912209216181,248,2.0,0.82063889503479,1610,699,206,90
321,8.267912209216181,248,2.0,0.412134051322937,1357,280,57,25
214,8.267912209216181,248,7.0,0.42668288946151733,472,731,130,143
15,8.301250564898504,249,2.0,0.20142975449562073,1529,457,67,37
207,8.301250564898504,249,2.0,0.512477457523346,620,664,110,95
228,8.301250564898504,249,2.0,0.6021385788917542,598,287,57,38
243,8.301250564898504,249,2.0,0.18803375959396362,1738,418,42,32
256,8.301250564898504,249,2.0,0.4914046823978424,731,362,62,40
269,8.301250564898504,249,2.0,0.6017798185348511,880,431,81,50
252,8.301250564898504,249,2.0,0.5272986888885498,739,323,60,35
301,8.301250564898504,249,2.0,0.6589869260787964,1235,608,166,99
171,8.301250564898504,249,2.0,0.1658339947462082,431,203,42,32
310,8.301250564898504,249,2.0,0.7867565751075745,1574,685,200,87
321,8.301250564898504,249,2.0,0.4100441634654999,1360,281,59,25
214,8.301250564898504,249,7.0,0.37999558448791504,481,746,132,143
15,8.334588920580828,250,2.0,0.23816895484924316,1529,457,67,37
207,8.334588920580828,250,2.0,0.5240492820739746,632,676,113,96
228,8.334588920580828,250,2.0,0.6591999530792236,594,284,57,39
243,8.334588920580828,250,2.0,0.2542484998703003,1738,420,42,31
256,8.334588920580828,250,2.0,0.5827813744544983,722,358,59,36
269,8.334588920580828,250,2.0,0.5772498250007629,870,424,80,49
252,8.334588920580828,250,2.0,0.4117316007614136,733,320,59,38
301,8.334588920580828,250,2.0,0.4970581531524658,1214,596,163,95
171,8.334588920580828,250,2.0,0.14245054125785828,426,201,49,32
310,8.334588920580828,250,2.0,0.7720063328742981,1537,669,189,84
321,8.334588920580828,250,2.0,0.45230036973953247,1361,281,56,25
214,8.334588920580828,250,7.0,0.4110194742679596,491,762,134,152
15,8.367927276263151,251,2.0,0.2325558364391327,1529,457,67,38
207,8.367927276263151,251,2.0,0.5819576978683472,642,688,119,100
228,8.367927276263151,251,2.0,0.6529248952865601,592,282,58,39
243,8.367927276263151,251,2.0,0.2943476438522339,1738,419,41,32
256,8.367927276263151,251,2.0,0.501046895980835,714,353,59,34
269,8.367927276263151,251,2.0,0.6280791163444519,861,420,79,49
252,8.367927276263151,251,2.0,0.36269140243530273,727,317,56,37
301,8.367927276263151,251,2.0,0.43058550357818604,1191,586,156,95
171,8.367927276263151,251,2.0,0.211978942155838,425,201,43,31
310,8.367927276263151,251,2.0,0.8557206392288208,1501,655,183,78
321,8.367927276263151,251,2.0,0.38806891441345215,1365,282,53,24
214,8.367927276263151,251,7.0,0.4156760275363922,500,778,136,154
15,8.401265631945474,252,2.0,0.21923595666885376,1529,457,67,37
207,8.401265631945474,252,2.0,0.5003578662872314,654,700,119,104
228,8.401265631945474,252,2.0,0.6684048771858215,587,279,55,41
243,8.401265631945474,252,2.0,0.32432422041893005,1737,419,41,32
256,8.401265631945474,252,2.0,0.6054697036743164,710,352,59,32
269,8.401265631945474,252,2.0,0.5603660941123962,852,416,81,47
252,8.401265631945474,252,2.0,0.4622049331665039,720,314,57,36
301,8.401265631945474,252,2.0,0.4082449674606323,1169,576,152,90
171,8.401265631945474,252,2.0,0.1667245626449585,421,199,37,31
310,8.401265631945474,252,2.0,0.683038055896759,1472,642,177,77
321,8.401265631945474,252,2.0,0.14893855154514313,1366,282,54,24
214,8.401265631945474,252,2.0,0.45969218015670776,509,796,142,159
15,8.434603987627797,253,2.0,0.24050186574459076,1529,457,67,37
207,8.434603987627797,253,2.0,0.4147905111312866,665,714,125,106
228,8.434603987627797,253,2.0,0.7152490019798279,583,277,54,41
243,8.434603987627797,253,2.0,0.2638067901134491,1736,420,42,32
256,8.434603987627797,253,2.0,0.4908331334590912,704,349,57,31
269,8.434603987627797,253,2.0,0.4783153831958771,840,411,75,45
252,8.434603987627797,253,2.0,0.4769114851951599,716,310,56,29
301,8.434603987627797,253,2.0,0.4482896625995636,1148,566,150,88
171,8.434603987627797,253,2.0,0.42021408677101135,421,198,39,32
310,8.434603987627797,253,2.0,0.6848764419555664,1439,628,168,75
321,8.434603987627797,253,2.0,0.18271929025650024,1367,283,52,24
214,8.434603987627797,253,7.0,0.5063844919204712,519,812,145,165
15,8.46794234331012,254,2.0,0.25909215211868286,1529,457,67,37
207,8.46794234331012,254,2.0,0.5589611530303955,679,728,128,108
228,8.46794234331012,254,2.0,0.677334189414978,579,276,56,41
243,8.46794234331012,254,2.0,0.34925785660743713,1736,420,43,33
256,8.46794234331012,254,2.0,0.2704160511493683,696,346,57,32
269,8.46794234331012,254,2.0,0.6836326122283936,829,405,74,43
252,8.46794234331012,254,2.0,0.4648171067237854,708,307,57,31
301,8.46794234331012,254,2.0,0.5746299624443054,1130,556,146,84
171,8.46794234331012,254,2.0,0.4166274070739746,418,196,39,32
310,8.46794234331012,254,2.0,0.7936500310897827,1409,616,162,71
321,8.46794234331012,254,2.0,0.21319825947284698,1368,283,49,25
214,8.46794234331012,254,7.0,0.48837465047836304,530,829,147,166
15,8.501280698992444,255,2.0,0.24426548182964325,1529,457,67,37
207,8.501280698992444,255,2.0,0.6038578748703003,694,742,133,111
228,8.501280698992444,255,2.0,0.6091041564941406,573,274,55,40
243,8.501280698992444,255,2.0,0.40345853567123413,1735,420,43,34
256,8.501280698992444,255,2.0,0.4034580588340759,690,341,55,34
269,8.501280698992444,255,2.0,0.530480682849884,820,401,73,41
252,8.501280698992444,255,2.0,0.31398993730545044,704,305,57,30
301,8.501280698992444,255,2.0,0.3426230847835541,1109,546,138,82
171,8.501280698992444,255,2.0,0.5061416029930115,416,196,34,30
310,8.501280698992444,255,2.0,0.7563610672950745,1380,605,157,70
321,8.501280698992444,255,2.0,0.324524462223053,1372,282,44,24
214,8.501280698992444,255,7.0,0.4242100119590759,541,846,151,169
15,8.534619054674767,256,2.0,0.2217123657464981,1529,456,67,37
207,8.534619054674767,256,2.0,0.5354032516479492,706,758,132,113
228,8.534619054674767,256,2.0,0.5311393141746521,569,272,56,41
243,8.534619054674767,256,2.0,0.3996427655220032,1735,420,42,34
256,8.534619054674767,256,2.0,0.3918039798736572,685,339,55,33
269,8.534619054674767,256,2.0,0.4154582917690277,813,397,74,41
301,8.534619054674767,256,2.0,0.2971007525920868,1092,538,139,84
171,8.534619054674767,256,2.0,0.4246540665626526,413,194,31,30
310,8.534619054674767,256,2.0,0.6806344389915466,1353,593,148,69
321,8.534619054674767,256,2.0,0.3526057302951813,1376,281,44,24
214,8.534619054674767,256,2.0,0.39760622382164,550,858,151,163
15,8.56795741035709,257,2.0,0.22281110286712646,1529,456,66,37
207,8.56795741035709,257,7.0,0.3667367696762085,718,773,136,120
228,8.56795741035709,257,2.0,0.5443782210350037,566,270,57,39
243,8.56795741035709,257,2.0,0.4868263602256775,1734,420,41,34
256,8.56795741035709,257,2.0,0.5630121827125549,677,335,54,33
269,8.56795741035709,257,2.0,0.5329093933105469,803,393,70,41
301,8.56795741035709,257,2.0,0.26168304681777954,1074,529,133,80
171,8.56795741035709,257,2.0,0.41906440258026123,413,193,31,29
310,8.56795741035709,257,2.0,0.46961432695388794,1328,583,142,67
321,8.56795741035709,257,2.0,0.12204039841890335,1377,281,45,23
214,8.56795741035709,257,7.0,0.3597603440284729,567,886,163,179
15,8.601295766039414,258,2.0,0.2784251868724823,1529,456,67,37
207,8.601295766039414,258,2.0,0.5405546426773071,733,788,143,123
228,8.601295766039414,258,2.0,0.5622837543487549,562,267,57,39
243,8.601295766039414,258,2.0,0.5221964716911316,1733,420,41,34
256,8.601295766039414,258,2.0,0.5834207534790039,672,332,54,32
269,8.601295766039414,258,2.0,0.4153297543525696,793,388,68,41
301,8.601295766039414,258,2.0,0.22423821687698364,1058,521,132,77
171,8.601295766039414,258,2.0,0.5075947046279907,413,192,36,26
310,8.601295766039414,258,2.0,0.5695353746414185,1303,572,138,66
321,8.601295766039414,258,2.0,0.17168129980564117,1379,282,43,22
214,8.601295766039414,258,7.0,0.15669161081314087,578,912,163,202
252,8.601295766039414,258,2.0,0.4084223508834839,686,299,54,35
15,8.634634121721737,259,2.0,0.28200748562812805,1529,456,67,37
207,8.634634121721737,259,2.0,0.546161413192749,750,806,147,126
228,8.634634121721737,259,2.0,0.5747470259666443,557,264,52,37
243,8.634634121721737,259,2.0,0.4464331865310669,1732,420,43,34
256,8.634634121721737,259,2.0,0.5419751405715942,670,329,52,32
269,8.634634121721737,259,2.0,0.5550113320350647,785,384,69,41
301,8.634634121721737,259,2.0,0.48185262084007263,1043,514,133,77
171,8.634634121721737,259,2.0,0.23188744485378265,410,191,35,25
310,8.634634121721737,259,2.0,0.7228215336799622,1280,561,133,63
321,8.634634121721737,259,2.0,0.18066798150539398,1381,282,40,21
214,8.634634121721737,259,7.0,0.15445774793624878,598,935,186,208
252,8.634634121721737,259,2.0,0.34206461906433105,679,297,51,33
15,8.66797247740406,260,2.0,0.2960149049758911,1529,456,67,37
207,8.66797247740406,260,2.0,0.4228837490081787,766,825,151,132
228,8.66797247740406,260,2.0,0.624556303024292,553,264,50,35
243,8.66797247740406,260,2.0,0.4398458003997803,1731,421,44,33
256,8.66797247740406,260,2.0,0.32887983322143555,665,326,54,31
269,8.66797247740406,260,2.0,0.5916213989257812,776,380,69,41
301,8.66797247740406,260,2.0,0.4533873498439789,1026,506,124,73
171,8.66797247740406,260,2.0,0.19290301203727722,411,188,42,27
310,8.66797247740406,260,2.0,0.7692681550979614,1258,552,130,60
321,8.66797247740406,260,2.0,0.15894706547260284,1385,283,38,21
252,8.66797247740406,260,2.0,0.32434093952178955,677,294,45,34
15,8.701310833086383,261,2.0,0.276577353477478,1529,456,66,36
207,8.701310833086383,261,7.0,0.40902090072631836,784,843,157,138
228,8.701310833086383,261,2.0,0.5327741503715515,548,261,51,35
243,8.701310833086383,261,2.0,0.47480881214141846,1731,422,44,33
256,8.701310833086383,261,2.0,0.26840701699256897,659,324,53,30
269,8.701310833086383,261,2.0,0.5093001127243042,771,376,72,42
301,8.701310833086383,261,2.0,0.2698512077331543,1012,497,121,71
171,8.701310833086383,261,2.0,0.16394834220409393,410,188,45,28
310,8.701310833086383,261,2.0,0.561710774898529,1237,542,124,60
321,8.701310833086383,261,2.0,0.10795637965202332,1389,284,37,19
252,8.701310833086383,261,2.0,0.36046335101127625,670,292,48,35
15,8.734649188768707,262,2.0,0.30727845430374146,1529,456,66,36
207,8.734649188768707,262,2.0,0.21470355987548828,803,858,168,138
228,8.734649188768707,262,2.0,0.7219237089157104,544,258,50,35
243,8.734649188768707,262,2.0,0.5202447175979614,1730,422,45,33
269,8.734649188768707,262,2.0,0.6616067290306091,768,372,78,43
301,8.734649188768707,262,2.0,0.4847635328769684,997,489,118,74
171,8.734649188768707,262,2.0,0.13445694744586945,402,186,33,27
310,8.734649188768707,262,2.0,0.584392786026001,1217,532,118,58
252,8.734649188768707,262,2.0,0.5685790777206421,662,299,57,52
15,8.76798754445103,263,2.0,0.2966492772102356,1529,456,66,35
207,8.76798754445103,263,2.0,0.12373615056276321,813,861,153,105
228,8.76798754445103,263,2.0,0.5925201773643494,542,256,50,34
243,8.76798754445103,263,2.0,0.500683069229126,1729,423,47,33
269,8.76798754445103,263,2.0,0.5822759866714478,756,368,70,41
301,8.76798754445103,263,2.0,0.5850381851196289,982,482,114,71
171,8.76798754445103,263,2.0,0.1308320015668869,398,186,26,24
310,8.76798754445103,263,2.0,0.6375455260276794,1197,524,114,56
252,8.76798754445103,263,2.0,0.4476708769798279,658,295,58,48
15,8.801325900133353,264,2.0,0.27912867069244385,1529,456,66,36
207,8.801325900133353,264,2.0,0.23259584605693817,830,885,155,120
228,8.801325900133353,264,2.0,0.5155755877494812,539,255,49,35
243,8.801325900133353,264,2.0,0.5336241126060486,1728,423,47,34
269,8.801325900133353,264,2.0,0.45937076210975647,745,364,61,38
301,8.801325900133353,264,2.0,0.6443667411804199,968,475,113,71
171,8.801325900133353,264,2.0,0.22810766100883484,396,186,27,23
310,8.801325900133353,264,2.0,0.5978990793228149,1176,515,107,54
252,8.801325900133353,264,2.0,0.37152308225631714,654,291,56,43
15,8.834664255815676,265,2.0,0.33280977606773376,1529,456,66,36
207,8.834664255815676,265,2.0,0.16169023513793945,848,915,156,137
228,8.834664255815676,265,2.0,0.46645230054855347,536,253,49,37
243,8.834664255815676,265,2.0,0.5668593645095825,1729,423,47,34
269,8.834664255815676,265,2.0,0.4314466118812561,740,360,62,38
301,8.834664255815676,265,2.0,0.5578578114509583,955,470,111,69
171,8.834664255815676,265,2.0,0.22829106450080872,393,184,28,24
310,8.834664255815676,265,2.0,0.7117608785629272,1159,507,111,54
252,8.834664255815676,265,2.0,0.4375169575214386,650,288,53,39
15,8.868002611498,266,2.0,0.2813055217266083,1529,456,66,35
228,8.868002611498,266,2.0,0.39762839674949646,533,252,51,38
243,8.868002611498,266,2.0,0.4330884516239166,1729,424,47,35
269,8.868002611498,266,2.0,0.5164635181427002,733,356,61,35
301,8.868002611498,266,7.0,0.30575016140937805,942,464,109,66
171,8.868002611498,266,2.0,0.1911826729774475,391,184,29,25
310,8.868002611498,266,2.0,0.6140512228012085,1140,500,105,52
252,8.868002611498,266,2.0,0.514507532119751,645,285,53,36
256,8.868002611498,266,2.0,0.5228517055511475,627,308,51,32
15,8.901340967180323,267,2.0,0.3117535710334778,1529,456,65,35
228,8.901340967180323,267,2.0,0.42398691177368164,528,250,53,38
243,8.901340967180323,267,2.0,0.4311876893043518,1729,424,47,35
269,8.901340967180323,267,2.0,0.41465625166893005,723,352,58,34
301,8.901340967180323,267,2.0,0.3735934793949127,930,457,107,63
310,8.901340967180323,267,2.0,0.6355865001678467,1122,492,105,50
252,8.901340967180323,267,2.0,0.20674949884414673,634,287,58,46
355,8.901340967180323,267,2.0,0.36255761981010437,221,200,38,35
256,8.901340967180323,267,2.0,0.5065428018569946,623,306,50,31
15,8.934679322862646,268,2.0,0.31363487243652344,1529,456,66,35
228,8.934679322862646,268,2.0,0.45768749713897705,524,249,53,37
243,8.934679322862646,268,2.0,0.44680655002593994,1728,424,48,35
269,8.934679322862646,268,2.0,0.47363990545272827,716,349,62,34
301,8.934679322862646,268,2.0,0.37091541290283203,916,452,101,61
310,8.934679322862646,268,2.0,0.6600938439369202,1106,484,104,49
252,8.934679322862646,268,2.0,0.352944552898407,626,291,55,50
355,8.934679322862646,268,2.0,0.3314594626426697,222,201,41,36
256,8.934679322862646,268,2.0,0.4434069097042084,620,305,49,31
15,8.96801767854497,269,2.0,0.3199738562107086,1528,456,66,35
228,8.96801767854497,269,2.0,0.5188828110694885,521,248,53,36
243,8.96801767854497,269,2.0,0.5333362221717834,1728,424,48,35
269,8.96801767854497,269,2.0,0.4009660482406616,711,347,60,33
301,8.96801767854497,269,2.0,0.4383810758590698,904,445,100,62
310,8.96801767854497,269,2.0,0.5627458691596985,1096,478,88,49
252,8.96801767854497,269,2.0,0.2844600975513458,623,290,55,50
355,8.96801767854497,269,2.0,0.32552096247673035,223,204,41,31
256,8.96801767854497,269,2.0,0.39789727330207825,617,302,49,29
15,9.001356034227292,270,2.0,0.27516892552375793,1529,456,66,36
228,9.001356034227292,270,2.0,0.500016450881958,518,246,54,35
243,9.001356034227292,270,2.0,0.4496496319770813,1728,425,49,36
269,9.001356034227292,270,2.0,0.32142066955566406,705,344,58,32
301,9.001356034227292,270,2.0,0.45887812972068787,894,438,96,64
310,9.001356034227292,270,2.0,0.49466872215270996,1077,470,87,46
252,9.001356034227292,270,2.0,0.21299324929714203,618,290,56,44
355,9.001356034227292,270,2.0,0.27105003595352173,224,204,42,31
15,9.034694389909616,271,2.0,0.2678579092025757,1529,456,66,36
228,9.034694389909616,271,2.0,0.5419252514839172,516,244,54,33
243,9.034694389909616,271,2.0,0.3996901512145996,1727,426,51,37
269,9.034694389909616,271,2.0,0.45855018496513367,698,340,55,34
301,9.034694389909616,271,2.0,0.5290132164955139,884,433,99,63
310,9.034694389909616,271,2.0,0.4511064291000366,1060,463,93,46
252,9.034694389909616,271,2.0,0.3133617043495178,613,287,61,47
355,9.034694389909616,271,2.0,0.23425762355327606,225,204,42,31
256,9.034694389909616,271,2.0,0.43764883279800415,610,296,54,31
15,9.068032745591939,272,2.0,0.28028902411460876,1529,456,66,36
228,9.068032745591939,272,2.0,0.49542269110679626,512,242,50,34
243,9.068032745591939,272,2.0,0.3459290862083435,1727,426,51,37
269,9.068032745591939,272,2.0,0.574207067489624,691,336,53,33
301,9.068032745591939,272,2.0,0.6570475697517395,873,428,95,63
310,9.068032745591939,272,2.0,0.5276692509651184,1046,457,97,48
252,9.068032745591939,272,2.0,0.4239670932292938,613,281,60,49
256,9.068032745591939,272,2.0,0.39469754695892334,603,293,51,32
15,9.101371101274264,273,2.0,0.2698949873447418,1529,456,66,36
228,9.101371101274264,273,2.0,0.5350704193115234,508,241,50,32
243,9.101371101274264,273,2.0,0.3431665003299713,1727,426,52,38
269,9.101371101274264,273,2.0,0.538070559501648,684,333,51,34
301,9.101371101274264,273,2.0,0.6175035834312439,862,423,93,62
310,9.101371101274264,273,2.0,0.5926110744476318,1028,451,91,44
252,9.101371101274264,273,2.0,0.3291659355163574,609,277,62,50
256,9.101371101274264,273,2.0,0.49591004848480225,599,292,47,30
355,9.101371101274264,273,2.0,0.2767508625984192,225,205,42,30
15,9.134709456956587,274,2.0,0.26720571517944336,1529,456,67,37
228,9.134709456956587,274,2.0,0.46225637197494507,504,239,47,31
243,9.134709456956587,274,2.0,0.2068137675523758,1726,427,52,40
269,9.134709456956587,274,2.0,0.3576904237270355,678,329,51,33
301,9.134709456956587,274,2.0,0.5404125452041626,851,420,92,59
310,9.134709456956587,274,2.0,0.6421088576316833,1013,446,93,45
252,9.134709456956587,274,2.0,0.2070496380329132,604,277,66,52
256,9.134709456956587,274,2.0,0.4547313153743744,593,291,45,27
355,9.134709456956587,274,2.0,0.35737544298171997,225,205,42,32
15,9.16804781263891,275,2.0,0.26566627621650696,1529,456,67,37
228,9.16804781263891,275,2.0,0.368619829416275,502,237,44,30
243,9.16804781263891,275,2.0,0.19341355562210083,1726,427,52,41
269,9.16804781263891,275,2.0,0.3818993866443634,672,326,53,33
301,9.16804781263891,275,2.0,0.3862799406051636,842,414,90,56
310,9.16804781263891,275,2.0,0.7108210325241089,1002,440,91,47
252,9.16804781263891,275,2.0,0.3228890895843506,600,274,62,48
256,9.16804781263891,275,2.0,0.3574450612068176,591,286,50,29
355,9.16804781263891,275,2.0,0.4579128324985504,227,206,42,33
15,9.201386168321234,276,2.0,0.24239963293075562,1529,456,66,36
228,9.201386168321234,276,2.0,0.3069795072078705,498,236,46,30
243,9.201386168321234,276,2.0,0.21972475945949554,1725,427,52,41
269,9.201386168321234,276,2.0,0.42144346237182617,668,323,54,33
301,9.201386168321234,276,2.0,0.23166844248771667,833,411,83,55
310,9.201386168321234,276,2.0,0.44838759303092957,992,435,87,46
252,9.201386168321234,276,2.0,0.42219841480255127,598,271,58,48
355,9.201386168321234,276,2.0,0.41995757818222046,228,208,39,33
15,9.234724524003557,277,2.0,0.24134670197963715,1529,456,66,36
228,9.234724524003557,277,2.0,0.40564805269241333,495,234,45,30
243,9.234724524003557,277,2.0,0.29491233825683594,1725,427,51,39
269,9.234724524003557,277,2.0,0.3879212737083435,661,322,52,34
301,9.234724524003557,277,2.0,0.360983669757843,819,403,77,49
310,9.234724524003557,277,2.0,0.5475411415100098,979,430,79,44
252,9.234724524003557,277,2.0,0.564220666885376,592,270,63,47
355,9.234724524003557,277,2.0,0.40991032123565674,228,211,41,36
256,9.234724524003557,277,2.0,0.4598683714866638,583,279,50,34
15,9.26806287968588,278,2.0,0.20441308617591858,1529,456,67,36
228,9.26806287968588,278,2.0,0.2289574295282364,493,233,45,32
243,9.26806287968588,278,2.0,0.20324523746967316,1725,428,52,39
269,9.26806287968588,278,2.0,0.4825955927371979,655,318,50,34
301,9.26806287968588,278,2.0,0.6180132627487183,812,399,81,52
310,9.26806287968588,278,2.0,0.49419790506362915,966,425,81,41
252,9.26806287968588,278,2.0,0.48783421516418457,587,269,64,47
355,9.26806287968588,278,2.0,0.29011353850364685,228,213,39,35
256,9.26806287968588,278,2.0,0.5851933360099792,578,277,49,36
15,9.301401235368203,279,2.0,0.21065925061702728,1529,456,67,37
228,9.301401235368203,279,2.0,0.23696033656597137,490,232,43,33
243,9.301401235368203,279,2.0,0.28146693110466003,1724,428,52,38
269,9.301401235368203,279,2.0,0.3833836019039154,652,315,52,34
301,9.301401235368203,279,2.0,0.44865959882736206,804,395,81,52
310,9.301401235368203,279,2.0,0.374914288520813,953,419,81,42
252,9.301401235368203,279,2.0,0.4252770245075226,582,268,60,48
355,9.301401235368203,279,2.0,0.4270172715187073,229,215,37,36
256,9.301401235368203,279,2.0,0.4039243161678314,575,274,46,39
15,9.334739591050527,280,2.0,0.2215789407491684,1529,456,67,37
243,9.334739591050527,280,2.0,0.3961838483810425,1723,428,53,37
269,9.334739591050527,280,2.0,0.3613486886024475,646,311,48,31
301,9.334739591050527,280,2.0,0.522579550743103,797,390,82,51
310,9.334739591050527,280,2.0,0.4665531516075134,938,412,76,41
252,9.334739591050527,280,2.0,0.38957104086875916,579,267,60,48
355,9.334739591050527,280,2.0,0.3710987865924835,229,216,37,35
256,9.334739591050527,280,2.0,0.1948983520269394,572,274,48,34
15,9.36807794673285,281,2.0,0.2665000557899475,1529,457,67,37
243,9.36807794673285,281,2.0,0.3547348976135254,1723,428,55,37
269,9.36807794673285,281,2.0,0.4665641188621521,640,307,50,30
301,9.36807794673285,281,2.0,0.6174867153167725,787,386,82,54
310,9.36807794673285,281,2.0,0.6322806477546692,927,408,78,44
252,9.36807794673285,281,2.0,0.305794894695282,577,263,59,44
355,9.36807794673285,281,2.0,0.3275090456008911,231,217,38,35
378,9.36807794673285,281,2.0,0.7511901259422302,1634,799,250,131
15,9.401416302415173,282,2.0,0.2860759198665619,1529,456,67,37
243,9.401416302415173,282,2.0,0.3602171242237091,1723,427,54,36
269,9.401416302415173,282,2.0,0.5519070029258728,633,305,50,30
301,9.401416302415173,282,2.0,0.6224902868270874,779,382,80,53
310,9.401416302415173,282,2.0,0.7296605110168457,918,402,83,40
252,9.401416302415173,282,2.0,0.23484182357788086,575,262,61,45
355,9.401416302415173,282,2.0,0.3170406222343445,233,216,42,35
378,9.401416302415173,282,2.0,0.7108508348464966,1596,781,238,122
15,9.434754658097496,283,2.0,0.2967929542064667,1529,456,67,37
243,9.434754658097496,283,2.0,0.43297651410102844,1723,427,53,37
269,9.434754658097496,283,2.0,0.5978665351867676,627,303,54,32
301,9.434754658097496,283,2.0,0.6063842177391052,770,378,77,52
310,9.434754658097496,283,2.0,0.5109809637069702,906,397,75,38
252,9.434754658097496,283,2.0,0.33328598737716675,570,261,64,44
355,9.434754658097496,283,2.0,0.19210189580917358,234,216,42,35
378,9.434754658097496,283,2.0,0.6081957221031189,1553,756,232,123
15,9.46809301377982,284,2.0,0.26362475752830505,1529,456,67,38
243,9.46809301377982,284,2.0,0.30338239669799805,1723,427,51,38
269,9.46809301377982,284,2.0,0.48657694458961487,623,301,55,32
301,9.46809301377982,284,2.0,0.6539148688316345,762,374,75,53
310,9.46809301377982,284,2.0,0.40603742003440857,898,393,74,37
252,9.46809301377982,284,2.0,0.2530660927295685,567,260,68,46
355,9.46809301377982,284,2.0,0.144840270280838,238,223,42,35
378,9.46809301377982,284,2.0,0.7863454222679138,1516,738,229,117
256,9.46809301377982,284,2.0,0.3549569547176361,555,269,44,30
15,9.501431369462143,285,2.0,0.28570738434791565,1529,457,67,38
243,9.501431369462143,285,2.0,0.263420045375824,1723,427,52,38
269,9.501431369462143,285,2.0,0.24680979549884796,619,299,53,33
301,9.501431369462143,285,2.0,0.44037434458732605,755,369,74,49
310,9.501431369462143,285,2.0,0.40430620312690735,890,389,66,36
252,9.501431369462143,285,2.0,0.13008606433868408,557,256,55,46
355,9.501431369462143,285,2.0,0.14767806231975555,243,228,43,30
378,9.501431369462143,285,2.0,0.1828647255897522,1482,722,225,111
256,9.501431369462143,285,2.0,0.3763085901737213,549,265,43,30
15,9.534769725144466,286,2.0,0.29679256677627563,1529,457,67,38
243,9.534769725144466,286,2.0,0.19979849457740784,1722,427,52,39
269,9.534769725144466,286,2.0,0.386707603931427,616,298,52,31
301,9.534769725144466,286,2.0,0.48007068037986755,747,365,75,50
310,9.534769725144466,286,2.0,0.4086378216743469,877,385,70,36
252,9.534769725144466,286,2.0,0.14974083006381989,555,252,47,41
355,9.534769725144466,286,2.0,0.2703326940536499,246,229,46,30
378,9.534769725144466,286,2.0,0.7166591882705688,1441,705,207,104
256,9.534769725144466,286,2.0,0.3483370542526245,547,262,41,28
15,9.56810808082679,287,2.0,0.3003844916820526,1529,457,67,38
243,9.56810808082679,287,2.0,0.219030499458313,1722,428,52,39
269,9.56810808082679,287,2.0,0.3899039924144745,610,296,47,31
301,9.56810808082679,287,2.0,0.5433843731880188,739,361,77,48
310,9.56810808082679,287,2.0,0.49829956889152527,870,381,76,37
252,9.56810808082679,287,2.0,0.14810626208782196,550,253,53,39
355,9.56810808082679,287,2.0,0.29279372096061707,246,229,43,30
378,9.56810808082679,287,2.0,0.3196622431278229,1409,688,201,101
256,9.56810808082679,287,2.0,0.2606751620769501,544,260,43,29
228,9.56810808082679,287,2.0,0.2947271466255188,469,221,47,30
15,9.601446436509113,288,2.0,0.33211660385131836,1529,457,67,37
243,9.601446436509113,288,2.0,0.2027912586927414,1722,428,50,39
269,9.601446436509113,288,2.0,0.45938947796821594,604,293,52,33
301,9.601446436509113,288,2.0,0.5922417640686035,732,355,74,47
310,9.601446436509113,288,2.0,0.6181154251098633,860,378,72,35
252,9.601446436509113,288,2.0,0.52254718542099,553,248,50,39
355,9.601446436509113,288,2.0,0.362850159406662,247,230,47,30
378,9.601446436509113,288,2.0,0.6361185312271118,1380,673,200,103
228,9.601446436509113,288,2.0,0.2911998927593231,467,220,45,31
15,9.634784792191436,289,2.0,0.3059455454349518,1529,457,67,37
243,9.634784792191436,289,2.0,0.2608005404472351,1722,429,50,40
269,9.634784792191436,289,2.0,0.5315499305725098,600,289,51,32
301,9.634784792191436,289,2.0,0.4248523712158203,725,353,73,47
310,9.634784792191436,289,2.0,0.5144970417022705,855,376,58,33
252,9.634784792191436,289,2.0,0.3824211359024048,554,246,45,40
355,9.634784792191436,289,2.0,0.39323002099990845,246,230,50,31
378,9.634784792191436,289,2.0,0.6583857536315918,1351,658,194,98
228,9.634784792191436,289,2.0,0.4874320328235626,464,217,42,29
15,9.668123147873759,290,2.0,0.31273412704467773,1529,457,67,38
243,9.668123147873759,290,2.0,0.30265870690345764,1721,429,51,41
269,9.668123147873759,290,2.0,0.5821887850761414,596,286,46,29
301,9.668123147873759,290,2.0,0.4241967499256134,717,350,72,46
310,9.668123147873759,290,2.0,0.48069244623184204,842,369,60,37
252,9.668123147873759,290,2.0,0.47103479504585266,554,243,41,38
355,9.668123147873759,290,2.0,0.5554528832435608,248,232,48,29
378,9.668123147873759,290,2.0,0.5554690957069397,1323,645,185,93
228,9.668123147873759,290,2.0,0.4819207191467285,462,216,42,30
15,9.701461503556082,291,2.0,0.30693933367729187,1529,457,67,38
243,9.701461503556082,291,2.0,0.24740736186504364,1720,429,53,40
269,9.701461503556082,291,2.0,0.6287176012992859,591,283,45,30
301,9.701461503556082,291,2.0,0.5039507746696472,710,346,70,45
310,9.701461503556082,291,2.0,0.5189040303230286,833,365,65,39
252,9.701461503556082,291,2.0,0.37261801958084106,551,243,41,38
355,9.701461503556082,291,2.0,0.4835781455039978,248,234,46,28
378,9.701461503556082,291,2.0,0.26833751797676086,1290,633,168,89
228,9.701461503556082,291,2.0,0.5072152614593506,458,215,44,30
392,9.701461503556082,291,2.0,0.36990657448768616,291,280,35,34
256,9.701461503556082,291,2.0,0.3164975643157959,530,253,40,34
15,9.734799859238406,292,2.0,0.29150962829589844,1529,457,68,38
243,9.734799859238406,292,2.0,0.2821376621723175,1719,431,55,41
269,9.734799859238406,292,2.0,0.49819254875183105,588,281,45,30
301,9.734799859238406,292,2.0,0.46548596024513245,704,344,70,45
310,9.734799859238406,292,2.0,0.5485341548919678,822,362,63,39
252,9.734799859238406,292,2.0,0.32801884412765503,552,240,36,34
355,9.734799859238406,292,2.0,0.6953772306442261,251,235,46,30
378,9.734799859238406,292,2.0,0.41526511311531067,1266,621,169,83
228,9.734799859238406,292,2.0,0.3932842016220093,456,213,45,29
392,9.734799859238406,292,2.0,0.548712432384491,291,283,35,33
256,9.734799859238406,292,2.0,0.23746970295906067,527,250,41,37
15,9.768138214920729,293,2.0,0.2960347831249237,1529,457,68,38
243,9.768138214920729,293,2.0,0.28076714277267456,1719,431,55,40
269,9.768138214920729,293,2.0,0.47646215558052063,586,279,50,32
301,9.768138214920729,293,2.0,0.35428598523139954,697,341,70,46
310,9.768138214920729,293,2.0,0.5359013676643372,816,356,65,35
252,9.768138214920729,293,2.0,0.15872396528720856,552,238,31,28
355,9.768138214920729,293,2.0,0.6081894040107727,251,237,48,30
378,9.768138214920729,293,2.0,0.6852740049362183,1237,610,154,81
228,9.768138214920729,293,2.0,0.2255801558494568,453,212,40,29
392,9.768138214920729,293,2.0,0.4067137539386749,294,286,36,36
256,9.768138214920729,293,2.0,0.21101944148540497,524,248,42,37
15,9.801476570603052,294,2.0,0.26905733346939087,1529,457,68,38
243,9.801476570603052,294,2.0,0.27243155241012573,1719,431,56,39
269,9.801476570603052,294,2.0,0.3368973135948181,584,276,49,33
301,9.801476570603052,294,2.0,0.46243178844451904,694,338,61,44
310,9.801476570603052,294,2.0,0.7174068093299866,806,352,60,31
355,9.801476570603052,294,2.0,0.6138328909873962,253,240,45,29
378,9.801476570603052,294,2.0,0.38848888874053955,1217,599,158,80
228,9.801476570603052,294,2.0,0.18292060494422913,451,211,39,29
392,9.801476570603052,294,2.0,0.3526594638824463,297,290,37,34
256,9.801476570603052,294,2.0,0.3284381330013275,520,246,43,34
15,9.834814926285375,295,2.0,0.32093292474746704,1529,457,68,38
243,9.834814926285375,295,2.0,0.29740995168685913,1718,431,56,39
269,9.834814926285375,295,2.0,0.23550254106521606,577,274,48,34
301,9.834814926285375,295,2.0,0.6303125619888306,687,336,63,42
310,9.834814926285375,295,2.0,0.5161522030830383,798,350,57,31
355,9.834814926285375,295,2.0,0.6111424565315247,252,242,46,27
378,9.834814926285375,295,2.0,0.51915043592453,1189,587,142,77
228,9.834814926285375,295,2.0,0.2562417685985565,449,210,38,29
392,9.834814926285375,295,2.0,0.433943510055542,298,292,40,33
256,9.834814926285375,295,2.0,0.3584196865558624,517,246,40,32
15,9.868153281967698,296,2.0,0.32795536518096924,1529,457,68,38
243,9.868153281967698,296,2.0,0.2799440026283264,1716,431,56,40
269,9.868153281967698,296,2.0,0.27192389965057373,572,272,47,35
301,9.868153281967698,296,2.0,0.576278805732727,678,332,65,43
310,9.868153281967698,296,2.0,0.36803871393203735,791,346,58,32
355,9.868153281967698,296,2.0,0.44843193888664246,254,244,45,28
378,9.868153281967698,296,2.0,0.23660804331302643,1169,576,138,75
228,9.868153281967698,296,2.0,0.273465633392334,446,209,40,29
392,9.868153281967698,296,2.0,0.39622101187705994,299,294,41,32
256,9.868153281967698,296,2.0,0.17198869585990906,514,246,37,29
15,9.901491637650022,297,2.0,0.33037203550338745,1529,457,68,38
243,9.901491637650022,297,2.0,0.26273152232170105,1716,431,55,40
269,9.901491637650022,297,2.0,0.3129342198371887,566,269,42,31
301,9.901491637650022,297,2.0,0.5912520289421082,672,328,64,45
310,9.901491637650022,297,2.0,0.4701433479785919,783,343,60,34
355,9.901491637650022,297,2.0,0.47887343168258667,254,245,49,28
378,9.901491637650022,297,2.0,0.6630221605300903,1146,566,129,73
228,9.901491637650022,297,2.0,0.3036946952342987,444,209,42,28
392,9.901491637650022,297,2.0,0.38235044479370117,301,296,43,33
256,9.901491637650022,297,2.0,0.29853570461273193,511,246,41,29
15,9.934829993332345,298,2.0,0.29691699147224426,1529,457,68,38
243,9.934829993332345,298,2.0,0.23819682002067566,1716,431,54,40
269,9.934829993332345,298,2.0,0.3996443748474121,562,269,44,30
301,9.934829993332345,298,2.0,0.6853182315826416,667,324,64,44
310,9.934829993332345,298,2.0,0.5073513388633728,775,340,61,37
355,9.934829993332345,298,2.0,0.5054441094398499,257,246,45,29
228,9.934829993332345,298,2.0,0.2900483310222626,442,207,42,30
392,9.934829993332345,298,2.0,0.4660675525665283,304,298,46,34
256,9.934829993332345,298,2.0,0.2267560511827469,509,241,38,34
15,9.96816834901467,299,2.0,0.3075511157512665,1529,457,68,38
243,9.96816834901467,299,2.0,0.2339920699596405,1716,430,52,39
269,9.96816834901467,299,2.0,0.45857149362564087,558,266,44,28
301,9.96816834901467,299,2.0,0.6323526501655579,663,322,63,46
310,9.96816834901467,299,2.0,0.6281808614730835,767,336,62,35
355,9.96816834901467,299,2.0,0.5595215559005737,258,246,46,33
228,9.96816834901467,299,2.0,0.1846127063035965,441,205,43,30
392,9.96816834901467,299,2.0,0.4521028697490692,306,301,42,32
256,9.96816834901467,299,2.0,0.23477120697498322,505,239,35,34
378,9.96816834901467,299,2.0,0.3247329294681549,1107,547,126,69
15,10.001506704696993,300,2.0,0.32026752829551697,1529,457,68,38
243,10.001506704696993,300,2.0,0.1829291582107544,1716,430,51,39
269,10.001506704696993,300,2.0,0.5074614882469177,554,264,42,28
301,10.001506704696993,300,2.0,0.4856651723384857,656,318,62,44
310,10.001506704696993,300,2.0,0.6789035201072693,761,332,58,31
355,10.001506704696993,300,2.0,0.46327969431877136,259,246,44,37
228,10.001506704696993,300,2.0,0.20038510859012604,438,203,43,34
392,10.001506704696993,300,2.0,0.4358541667461395,309,304,46,33
378,10.001506704696993,300,2.0,0.4233560562133789,1089,537,123,70
15,10.034845060379316,301,2.0,0.2915765941143036,1529,457,68,38
243,10.034845060379316,301,2.0,0.17265722155570984,1716,430,51,38
269,10.034845060379316,301,2.0,0.44614261388778687,551,261,40,29
301,10.034845060379316,301,2.0,0.5377789735794067,650,315,60,43
310,10.034845060379316,301,2.0,0.5182521343231201,753,329,54,31
355,10.034845060379316,301,2.0,0.48674532771110535,261,247,46,39
228,10.034845060379316,301,2.0,0.17480254173278809,436,203,38,31
392,10.034845060379316,301,2.0,0.40571317076683044,312,307,47,35
378,10.034845060379316,301,2.0,0.3277865946292877,1075,529,125,68
15,10.06818341606164,302,2.0,0.3284059166908264,1529,457,68,38
243,10.06818341606164,302,2.0,0.2175191044807434,1714,430,52,37
269,10.06818341606164,302,2.0,0.28517594933509827,547,259,39,29
301,10.06818341606164,302,2.0,0.6069638133049011,644,312,57,41
310,10.06818341606164,302,2.0,0.6023826003074646,748,328,58,29
355,10.06818341606164,302,2.0,0.3121224045753479,263,248,49,41
228,10.06818341606164,302,2.0,0.21206261217594147,433,202,42,33
392,10.06818341606164,302,2.0,0.5411088466644287,315,310,50,37
378,10.06818341606164,302,2.0,0.5027234554290771,1054,522,121,68
15,10.101521771743963,303,2.0,0.31981614232063293,1529,457,67,38
243,10.101521771743963,303,2.0,0.18847504258155823,1713,429,51,36
269,10.101521771743963,303,2.0,0.42442435026168823,543,257,40,30
301,10.101521771743963,303,2.0,0.6036181449890137,640,310,59,41
310,10.101521771743963,303,2.0,0.6091563701629639,742,326,59,28
355,10.101521771743963,303,2.0,0.3121355175971985,266,250,53,39
392,10.101521771743963,303,2.0,0.5611346960067749,315,312,48,37
378,10.101521771743963,303,2.0,0.4555145800113678,1040,513,116,68
256,10.101521771743963,303,2.0,0.31818944215774536,493,234,38,29
15,10.134860127426286,304,2.0,0.29846540093421936,1529,457,67,37
243,10.134860127426286,304,2.0,0.19736240804195404,1712,430,52,37
269,10.134860127426286,304,2.0,0.3704400062561035,539,256,40,31
301,10.134860127426286,304,2.0,0.6361964344978333,634,307,61,41
310,10.134860127426286,304,2.0,0.5399696230888367,739,324,59,30
355,10.134860127426286,304,2.0,0.43299734592437744,263,249,53,41
392,10.134860127426286,304,2.0,0.5965903401374817,317,314,47,39
378,10.134860127426286,304,2.0,0.2386738806962967,1022,505,110,62
256,10.134860127426286,304,2.0,0.39115628600120544,491,234,39,27
228,10.134860127426286,304,2.0,0.32446256279945374,429,200,39,30
15,10.16819848310861,305,2.0,0.3011869788169861,1529,457,67,37
243,10.16819848310861,305,2.0,0.2265813797712326,1712,431,53,37
269,10.16819848310861,305,2.0,0.36235135793685913,537,255,41,31
301,10.16819848310861,305,2.0,0.6243876814842224,628,304,58,40
310,10.16819848310861,305,2.0,0.5602598786354065,728,319,59,35
355,10.16819848310861,305,2.0,0.3742295205593109,262,249,51,41
392,10.16819848310861,305,2.0,0.5422081351280212,318,317,46,40
378,10.16819848310861,305,2.0,0.37818610668182373,1005,497,110,62
256,10.16819848310861,305,2.0,0.3483976423740387,489,232,39,29
228,10.16819848310861,305,2.0,0.30317020416259766,427,200,36,28
15,10.201536838790933,306,2.0,0.3007957339286804,1529,457,68,38
243,10.201536838790933,306,2.0,0.23386847972869873,1712,431,52,38
269,10.201536838790933,306,2.0,0.2747804522514343,537,253,46,31
301,10.201536838790933,306,2.0,0.6150684356689453,623,302,58,41
310,10.201536838790933,306,2.0,0.5972383618354797,721,315,58,32
355,10.201536838790933,306,2.0,0.26000064611434937,264,250,53,43
392,10.201536838790933,306,2.0,0.4230256974697113,320,319,46,39
378,10.201536838790933,306,2.0,0.5102031230926514,991,488,106,62
256,10.201536838790933,306,2.0,0.185406893491745,485,231,35,29
228,10.201536838790933,306,2.0,0.1072855219244957,425,200,35,27
15,10.234875194473256,307,2.0,0.255270391702652,1529,457,69,38
243,10.234875194473256,307,2.0,0.20168881118297577,1712,432,52,39
269,10.234875194473256,307,2.0,0.3949584662914276,533,251,45,33
301,10.234875194473256,307,2.0,0.5721373558044434,618,300,58,43
310,10.234875194473256,307,2.0,0.603082001209259,714,311,49,30
355,10.234875194473256,307,2.0,0.5077758431434631,269,258,45,36
392,10.234875194473256,307,2.0,0.40442174673080444,322,321,47,40
378,10.234875194473256,307,2.0,0.314290314912796,977,480,105,63
256,10.234875194473256,307,2.0,0.29542243480682373,483,231,34,27
228,10.234875194473256,307,2.0,0.26472240686416626,422,200,38,27
15,10.26821355015558,308,2.0,0.29418128728866577,1529,457,69,38
243,10.26821355015558,308,2.0,0.2513717710971832,1712,432,52,39
269,10.26821355015558,308,2.0,0.28968381881713867,529,250,47,34
301,10.26821355015558,308,2.0,0.531308650970459,614,299,57,43
310,10.26821355015558,308,2.0,0.677252471446991,707,307,45,28
355,10.26821355015558,308,2.0,0.4772857427597046,272,261,44,31
392,10.26821355015558,308,2.0,0.5825397372245789,324,323,49,42
378,10.26821355015558,308,2.0,0.6134577393531799,963,474,100,63
228,10.26821355015558,308,2.0,0.29790198802948,420,199,40,28
15,10.301551905837902,309,2.0,0.3034228980541229,1529,457,69,38
243,10.301551905837902,309,2.0,0.26500019431114197,1712,433,53,39
269,10.301551905837902,309,2.0,0.3850274980068207,525,249,42,33
301,10.301551905837902,309,2.0,0.4433600902557373,609,296,57,42
310,10.301551905837902,309,2.0,0.6295895576477051,701,304,44,26
355,10.301551905837902,309,2.0,0.5668097138404846,274,266,45,30
392,10.301551905837902,309,2.0,0.5921473503112793,327,327,50,39
378,10.301551905837902,309,2.0,0.46550801396369934,948,468,100,60
228,10.301551905837902,309,2.0,0.30549007654190063,417,197,39,28
15,10.334890261520226,310,2.0,0.30645063519477844,1529,456,69,38
243,10.334890261520226,310,2.0,0.27346789836883545,1712,433,54,39
301,10.334890261520226,310,2.0,0.5412355065345764,604,293,56,41
310,10.334890261520226,310,2.0,0.7228552103042603,695,303,49,25
355,10.334890261520226,310,2.0,0.5053885579109192,274,269,51,33
392,10.334890261520226,310,2.0,0.5628530979156494,330,329,52,39
378,10.334890261520226,310,2.0,0.2764424681663513,939,461,104,58
228,10.334890261520226,310,2.0,0.4346349239349365,415,195,39,30
414,10.334890261520226,310,2.0,0.399680495262146,218,300,49,33
15,10.368228617202549,311,2.0,0.3301543593406677,1529,456,69,38
243,10.368228617202549,311,2.0,0.2818250358104706,1712,433,55,41
301,10.368228617202549,311,2.0,0.5819491147994995,599,291,52,39
310,10.368228617202549,311,2.0,0.7032838463783264,689,302,53,27
355,10.368228617202549,311,2.0,0.5259174108505249,276,271,50,34
392,10.368228617202549,311,2.0,0.6045916080474854,331,332,52,38
378,10.368228617202549,311,2.0,0.26471665501594543,923,455,96,56
228,10.368228617202549,311,2.0,0.3253042995929718,413,195,37,30
414,10.368228617202549,311,2.0,0.32064345479011536,215,301,45,32
415,10.368228617202549,311,2.0,0.486233651638031,252,236,34,21
269,10.368228617202549,311,2.0,0.3031182289123535,518,247,46,29
15,10.401566972884872,312,2.0,0.33694911003112793,1529,456,69,38
243,10.401566972884872,312,2.0,0.28546473383903503,1712,434,55,41
301,10.401566972884872,312,2.0,0.5997219085693359,595,289,56,38
310,10.401566972884872,312,2.0,0.3599540889263153,685,299,55,29
355,10.401566972884872,312,2.0,0.4194898009300232,277,272,51,35
392,10.401566972884872,312,2.0,0.555233359336853,333,336,51,40
378,10.401566972884872,312,2.0,0.5982376933097839,913,449,95,55
228,10.401566972884872,312,2.0,0.4538610279560089,412,192,37,27
414,10.401566972884872,312,2.0,0.19891822338104248,215,301,46,31
415,10.401566972884872,312,2.0,0.4223301112651825,253,236,34,22
269,10.401566972884872,312,2.0,0.40211763978004456,516,246,47,29
15,10.434905328567195,313,2.0,0.3482474088668823,1529,456,69,38
243,10.434905328567195,313,2.0,0.28186771273612976,1712,434,55,41
301,10.434905328567195,313,2.0,0.6743412017822266,591,287,55,39
310,10.434905328567195,313,2.0,0.4000762403011322,678,297,56,32
355,10.434905328567195,313,2.0,0.45648571848869324,282,275,45,32
392,10.434905328567195,313,2.0,0.5717542767524719,337,340,50,42
378,10.434905328567195,313,2.0,0.501096248626709,899,445,95,54
228,10.434905328567195,313,2.0,0.38692155480384827,410,191,38,29
414,10.434905328567195,313,2.0,0.6003217697143555,215,305,49,35
415,10.434905328567195,313,2.0,0.3716937005519867,254,238,34,23
269,10.434905328567195,313,2.0,0.3833508789539337,513,244,49,26
256,10.434905328567195,313,2.0,0.29946598410606384,467,222,34,29
15,10.468243684249519,314,2.0,0.3274223208427429,1529,456,69,38
243,10.468243684249519,314,2.0,0.2709241807460785,1712,434,55,41
301,10.468243684249519,314,2.0,0.5982822179794312,586,284,51,39
310,10.468243684249519,314,2.0,0.4338172674179077,676,294,48,32
355,10.468243684249519,314,2.0,0.4909372925758362,283,276,45,32
392,10.468243684249519,314,2.0,0.6155088543891907,340,343,52,43
378,10.468243684249519,314,2.0,0.5439567565917969,889,438,93,53
228,10.468243684249519,314,2.0,0.2152690589427948,409,190,37,29
414,10.468243684249519,314,2.0,0.4357556402683258,217,310,48,35
415,10.468243684249519,314,2.0,0.2942926287651062,257,241,38,24
269,10.468243684249519,314,2.0,0.5613653659820557,510,242,47,29
256,10.468243684249519,314,2.0,0.246250182390213,466,220,33,29
15,10.501582039931842,315,2.0,0.3104575276374817,1529,456,68,37
243,10.501582039931842,315,2.0,0.27834588289260864,1712,434,55,41
301,10.501582039931842,315,2.0,0.6090485453605652,582,281,50,36
310,10.501582039931842,315,2.0,0.4272361695766449,667,292,47,31
355,10.501582039931842,315,2.0,0.4265991449356079,286,278,46,34
392,10.501582039931842,315,2.0,0.66792231798172,340,345,51,43
378,10.501582039931842,315,2.0,0.6019267439842224,878,433,88,54
228,10.501582039931842,315,2.0,0.21768438816070557,407,190,37,27
414,10.501582039931842,315,2.0,0.38905656337738037,217,313,47,38
415,10.501582039931842,315,2.0,0.348500519990921,256,241,36,23
269,10.501582039931842,315,2.0,0.42428645491600037,506,240,46,27
256,10.501582039931842,315,2.0,0.18056720495224,464,220,33,27
15,10.534920395614165,316,2.0,0.3357822597026825,1529,456,69,38
243,10.534920395614165,316,2.0,0.2674074172973633,1711,434,54,41
301,10.534920395614165,316,2.0,0.39616623520851135,577,278,50,38
310,10.534920395614165,316,2.0,0.5248539447784424,662,290,48,30
355,10.534920395614165,316,2.0,0.42158135771751404,287,280,43,33
392,10.534920395614165,316,2.0,0.5689809322357178,342,347,51,42
378,10.534920395614165,316,2.0,0.561165988445282,868,428,88,54
228,10.534920395614165,316,2.0,0.16769783198833466,406,189,40,29
414,10.534920395614165,316,2.0,0.39409592747688293,219,315,47,39
415,10.534920395614165,316,2.0,0.1702541708946228,256,242,32,25
269,10.534920395614165,316,2.0,0.47614264488220215,502,238,50,30
256,10.534920395614165,316,2.0,0.12927912175655365,462,217,32,30
421,10.534920395614165,316,2.0,0.378104031085968,282,276,51,39
15,10.568258751296488,317,2.0,0.3046223521232605,1529,456,69,38
243,10.568258751296488,317,2.0,0.2436654418706894,1711,434,54,40
301,10.568258751296488,317,2.0,0.2737787365913391,573,275,51,40
310,10.568258751296488,317,2.0,0.5844337344169617,655,287,48,28
355,10.568258751296488,317,2.0,0.48907336592674255,289,282,44,33
392,10.568258751296488,317,2.0,0.5968813896179199,346,352,52,41
378,10.568258751296488,317,2.0,0.542542576789856,856,422,86,52
228,10.568258751296488,317,2.0,0.11730612814426422,403,188,34,26
414,10.568258751296488,317,2.0,0.366628497838974,221,318,45,42
415,10.568258751296488,317,2.0,0.12840330600738525,255,243,30,24
269,10.568258751296488,317,2.0,0.15734082460403442,499,236,46,28
256,10.568258751296488,317,2.0,0.22915847599506378,460,215,33,31
421,10.568258751296488,317,2.0,0.2310093641281128,280,278,61,43
15,10.601597106978812,318,2.0,0.269479900598526,1529,456,68,37
243,10.601597106978812,318,2.0,0.25505509972572327,1711,434,54,40
301,10.601597106978812,318,2.0,0.3816068172454834,568,274,52,39
310,10.601597106978812,318,2.0,0.6630647778511047,651,284,44,26
355,10.601597106978812,318,2.0,0.5964506268501282,291,284,44,32
392,10.601597106978812,318,2.0,0.650959312915802,349,356,53,43
378,10.601597106978812,318,2.0,0.4366084039211273,845,416,84,52
414,10.601597106978812,318,2.0,0.30018070340156555,223,321,45,42
415,10.601597106978812,318,2.0,0.1274571269750595,257,244,30,27
421,10.601597106978812,318,2.0,0.2165791094303131,283,278,57,43
15,10.634935462661135,319,2.0,0.25062665343284607,1529,456,68,37
243,10.634935462661135,319,2.0,0.27874812483787537,1711,434,53,39
301,10.634935462661135,319,2.0,0.30341705679893494,565,273,52,40
310,10.634935462661135,319,2.0,0.7021340727806091,648,282,47,26
355,10.634935462661135,319,2.0,0.6052783131599426,292,286,40,32
392,10.634935462661135,319,2.0,0.6182809472084045,353,359,58,45
378,10.634935462661135,319,2.0,0.4887644648551941,834,412,80,50
414,10.634935462661135,319,2.0,0.3426136076450348,223,323,45,41
15,10.668273818343458,320,2.0,0.24817653000354767,1529,456,68,37
243,10.668273818343458,320,2.0,0.2814466953277588,1711,434,53,39
301,10.668273818343458,320,2.0,0.4236508011817932,561,271,50,37
310,10.668273818343458,320,2.0,0.6903682947158813,643,281,48,25
355,10.668273818343458,320,2.0,0.48502105474472046,294,289,42,36
392,10.668273818343458,320,2.0,0.5139452815055847,355,363,58,48
378,10.668273818343458,320,2.0,0.6243454217910767,825,407,77,48
414,10.668273818343458,320,2.0,0.2544608414173126,224,326,43,38
15,10.701612174025781,321,2.0,0.27344420552253723,1529,456,68,37
243,10.701612174025781,321,2.0,0.27180686593055725,1711,434,52,38
301,10.701612174025781,321,2.0,0.6043357253074646,556,268,50,36
310,10.701612174025781,321,2.0,0.650586724281311,638,279,46,25
355,10.701612174025781,321,2.0,0.585828423500061,297,293,44,33
392,10.701612174025781,321,2.0,0.6041845083236694,357,366,59,49
378,10.701612174025781,321,2.0,0.4256858825683594,817,402,76,44
414,10.701612174025781,321,2.0,0.5986018776893616,226,328,46,39
269,10.701612174025781,321,2.0,0.3148811161518097,488,232,41,30
15,10.734950529708104,322,2.0,0.2801463007926941,1529,456,69,37
243,10.734950529708104,322,2.0,0.2795681655406952,1711,434,52,38
301,10.734950529708104,322,2.0,0.5568084120750427,553,267,48,35
310,10.734950529708104,322,2.0,0.4669429063796997,635,278,46,23
355,10.734950529708104,322,2.0,0.6156505942344666,299,293,44,34
392,10.734950529708104,322,2.0,0.6042260527610779,361,370,58,50
378,10.734950529708104,322,2.0,0.5638205409049988,807,397,74,44
414,10.734950529708104,322,2.0,0.37933796644210815,227,330,49,41
429,10.734950529708104,322,5.0,0.5630464553833008,1832,819,174,117
269,10.734950529708104,322,2.0,0.36795955896377563,487,231,43,29
15,10.768288885390428,323,2.0,0.3026059865951538,1529,456,68,37
243,10.768288885390428,323,2.0,0.29256075620651245,1711,434,52,38
301,10.768288885390428,323,2.0,0.33513620495796204,550,265,44,34
355,10.768288885390428,323,2.0,0.6353108286857605,301,294,47,37
392,10.768288885390428,323,2.0,0.4858497977256775,362,372,56,49
378,10.768288885390428,323,2.0,0.42684322595596313,797,393,74,44
414,10.768288885390428,323,2.0,0.4991491138935089,229,333,49,42
429,10.768288885390428,323,5.0,0.6541535258293152,1815,811,206,132
269,10.768288885390428,323,2.0,0.1576821357011795,485,231,39,27
256,10.768288885390428,323,2.0,0.35550063848495483,447,208,38,26
15,10.801627241072751,324,2.0,0.3267829418182373,1529,456,68,38
243,10.801627241072751,324,2.0,0.2939160168170929,1710,434,51,38
301,10.801627241072751,324,2.0,0.5873129367828369,545,262,47,33
355,10.801627241072751,324,2.0,0.6366609334945679,302,295,49,41
392,10.801627241072751,324,2.0,0.5440972447395325,364,376,56,50
378,10.801627241072751,324,2.0,0.5319118499755859,788,389,73,44
414,10.801627241072751,324,2.0,0.46943262219429016,230,336,50,45
429,10.801627241072751,324,2.0,0.6057603359222412,1797,796,244,133
269,10.801627241072751,324,2.0,0.1434631049633026,483,229,43,29
256,10.801627241072751,324,2.0,0.1019451692700386,449,204,43,33
15,10.834965596755076,325,2.0,0.2957713007926941,1529,456,69,38
243,10.834965596755076,325,2.0,0.29484671354293823,1710,434,51,38
301,10.834965596755076,325,2.0,0.4049157202243805,541,260,46,34
355,10.834965596755076,325,2.0,0.6341832280158997,305,299,49,39
392,10.834965596755076,325,2.0,0.4626067876815796,369,381,56,49
378,10.834965596755076,325,2.0,0.6131892800331116,779,385,72,46
414,10.834965596755076,325,2.0,0.34026315808296204,232,339,50,46
429,10.834965596755076,325,5.0,0.5201835632324219,1772,778,268,131
269,10.834965596755076,325,2.0,0.19317473471164703,477,224,45,28
256,10.834965596755076,325,2.0,0.21976761519908905,444,204,36,32
310,10.834965596755076,325,2.0,0.32487785816192627,617,271,44,25
15,10.8683039524374,326,2.0,0.29316213726997375,1529,456,69,38
243,10.8683039524374,326,2.0,0.2955494821071625,1710,434,51,38
301,10.8683039524374,326,2.0,0.44583696126937866,538,258,46,33
355,10.8683039524374,326,2.0,0.6032390594482422,308,302,49,38
392,10.8683039524374,326,2.0,0.4876190423965454,372,385,59,51
378,10.8683039524374,326,2.0,0.4883241355419159,771,381,72,44
429,10.8683039524374,326,2.0,0.593366801738739,1736,763,269,128
269,10.8683039524374,326,2.0,0.1507643610239029,472,221,49,32
433,10.8683039524374,326,2.0,0.4131304919719696,271,259,37,26
310,10.8683039524374,326,2.0,0.27116724848747253,613,268,40,26
15,10.901642308119722,327,2.0,0.2988831102848053,1529,456,68,37
243,10.901642308119722,327,2.0,0.3036140203475952,1710,434,51,38
301,10.901642308119722,327,2.0,0.45060399174690247,534,256,45,33
355,10.901642308119722,327,2.0,0.6351280808448792,310,305,51,37
392,10.901642308119722,327,2.0,0.6427931785583496,376,389,61,52
378,10.901642308119722,327,2.0,0.510373055934906,764,376,73,46
429,10.901642308119722,327,2.0,0.5950098037719727,1699,745,260,125
269,10.901642308119722,327,2.0,0.10662253201007843,470,220,54,34
433,10.901642308119722,327,2.0,0.3997384011745453,270,260,34,23
310,10.901642308119722,327,2.0,0.3763705790042877,608,264,39,24
15,10.934980663802046,328,2.0,0.3178131878376007,1529,456,68,38
243,10.934980663802046,328,2.0,0.3030616044998169,1710,434,50,38
301,10.934980663802046,328,2.0,0.2219858020544052,530,255,46,35
355,10.934980663802046,328,2.0,0.6400358080863953,312,308,52,37
392,10.934980663802046,328,2.0,0.6213871836662292,379,392,60,52
378,10.934980663802046,328,2.0,0.5611046552658081,757,372,71,46
429,10.934980663802046,328,2.0,0.5089168548583984,1663,728,250,119
269,10.934980663802046,328,2.0,0.24090467393398285,468,218,49,32
433,10.934980663802046,328,2.0,0.2879611551761627,271,260,33,24
310,10.934980663802046,328,2.0,0.4849698543548584,606,262,41,23
414,10.934980663802046,328,2.0,0.41303199529647827,238,348,57,45
15,10.968319019484369,329,2.0,0.3112170696258545,1529,456,68,38
243,10.968319019484369,329,2.0,0.30235305428504944,1710,434,50,37
301,10.968319019484369,329,2.0,0.19772902131080627,526,253,48,38
355,10.968319019484369,329,2.0,0.6688644289970398,313,310,51,39
392,10.968319019484369,329,2.0,0.6650925874710083,383,397,60,52
378,10.968319019484369,329,2.0,0.5201278924942017,747,369,72,45
429,10.968319019484369,329,2.0,0.702586829662323,1631,714,245,117
269,10.968319019484369,329,2.0,0.4016479253768921,466,217,48,31
433,10.968319019484369,329,2.0,0.4178193211555481,273,261,35,24
310,10.968319019484369,329,2.0,0.4876250624656677,603,260,37,22
414,10.968319019484369,329,2.0,0.6072651743888855,239,351,56,44
15,11.001657375166692,330,2.0,0.3418040871620178,1529,457,69,38
243,11.001657375166692,330,2.0,0.3089536726474762,1710,434,50,37
301,11.001657375166692,330,2.0,0.18052417039871216,522,251,47,37
355,11.001657375166692,330,2.0,0.5858633518218994,315,313,54,42
392,11.001657375166692,330,2.0,0.6904891729354858,387,401,60,56
378,11.001657375166692,330,2.0,0.44185125827789307,742,365,71,44
429,11.001657375166692,330,2.0,0.6723747849464417,1594,700,233,113
269,11.001657375166692,330,2.0,0.5327062010765076,463,216,43,31
433,11.001657375166692,330,2.0,0.38309890031814575,272,264,34,26
310,11.001657375166692,330,2.0,0.4391807019710541,599,259,38,24
414,11.001657375166692,330,2.0,0.42150673270225525,239,354,57,43
15,11.034995730849015,331,2.0,0.34208497405052185,1529,457,69,38
243,11.034995730849015,331,2.0,0.3058226406574249,1710,434,50,37
301,11.034995730849015,331,2.0,0.3142630159854889,519,250,47,36
355,11.034995730849015,331,2.0,0.6666604280471802,317,316,55,41
392,11.034995730849015,331,2.0,0.6343300938606262,389,404,60,56
378,11.034995730849015,331,2.0,0.7080801129341125,734,361,71,42
429,11.034995730849015,331,2.0,0.6863368153572083,1561,686,220,107
269,11.034995730849015,331,2.0,0.5610802173614502,461,216,42,29
433,11.034995730849015,331,2.0,0.406856894493103,273,266,35,25
310,11.034995730849015,331,2.0,0.3858782947063446,595,257,40,22
414,11.034995730849015,331,2.0,0.512946605682373,241,357,59,46
15,11.068334086531339,332,2.0,0.3480190634727478,1529,457,69,38
243,11.068334086531339,332,2.0,0.29936718940734863,1710,434,50,37
301,11.068334086531339,332,2.0,0.3888287842273712,516,249,45,34
355,11.068334086531339,332,2.0,0.5552550554275513,318,318,55,41
392,11.068334086531339,332,2.0,0.643159031867981,393,409,63,57
378,11.068334086531339,332,2.0,0.5639165043830872,724,356,70,40
429,11.068334086531339,332,2.0,0.7418654561042786,1536,674,220,106
269,11.068334086531339,332,2.0,0.49923229217529297,459,215,43,28
433,11.068334086531339,332,2.0,0.17220856249332428,274,268,34,28
310,11.068334086531339,332,2.0,0.4966440498828888,591,256,46,21
414,11.068334086531339,332,2.0,0.524774968624115,241,361,60,48
15,11.101672442213662,333,2.0,0.3574509620666504,1529,457,69,38
243,11.101672442213662,333,2.0,0.2937213182449341,1710,434,50,37
301,11.101672442213662,333,2.0,0.34444668889045715,513,247,44,32
355,11.101672442213662,333,2.0,0.6743385195732117,321,319,52,44
392,11.101672442213662,333,2.0,0.5899957418441772,398,415,64,54
378,11.101672442213662,333,2.0,0.43071454763412476,716,353,67,38
429,11.101672442213662,333,2.0,0.5223202109336853,1504,663,207,101
269,11.101672442213662,333,2.0,0.45189595222473145,458,214,43,28
433,11.101672442213662,333,2.0,0.41672733426094055,276,270,36,29
310,11.101672442213662,333,2.0,0.4086332619190216,586,255,42,21
414,11.101672442213662,333,2.0,0.5331641435623169,243,365,60,48
15,11.135010797895985,334,2.0,0.3417038917541504,1529,457,69,38
243,11.135010797895985,334,2.0,0.2958487868309021,1710,434,50,37
301,11.135010797895985,334,2.0,0.4958707094192505,509,247,43,31
355,11.135010797895985,334,2.0,0.7116916179656982,324,321,52,46
392,11.135010797895985,334,2.0,0.5657228231430054,402,419,65,53
378,11.135010797895985,334,2.0,0.44560706615448,709,349,63,38
429,11.135010797895985,334,2.0,0.6409668922424316,1477,652,201,99
269,11.135010797895985,334,2.0,0.30591416358947754,456,214,44,27
433,11.135010797895985,334,2.0,0.14194661378860474,279,270,33,29
310,11.135010797895985,334,2.0,0.43236133456230164,582,254,39,21
414,11.135010797895985,334,2.0,0.3675983250141144,245,368,61,47
441,11.135010797895985,334,2.0,0.36462709307670593,199,257,43,33
15,11.168349153578308,335,2.0,0.33587756752967834,1529,456,69,38
243,11.168349153578308,335,2.0,0.29787468910217285,1710,434,50,37
301,11.168349153578308,335,2.0,0.3054383099079132,506,244,42,33
355,11.168349153578308,335,2.0,0.6013078093528748,327,324,54,44
392,11.168349153578308,335,2.0,0.55795818567276,405,425,66,57
378,11.168349153578308,335,2.0,0.6566227674484253,704,346,62,37
429,11.168349153578308,335,2.0,0.7130432724952698,1446,639,189,93
269,11.168349153578308,335,2.0,0.24168038368225098,452,212,41,29
433,11.168349153578308,335,2.0,0.11461883783340454,282,274,33,31
310,11.168349153578308,335,2.0,0.11119198799133301,575,252,40,26
414,11.168349153578308,335,2.0,0.4828799068927765,246,371,63,48
441,11.168349153578308,335,2.0,0.39217838644981384,200,257,45,33
15,11.201687509260632,336,2.0,0.35257482528686523,1529,457,69,38
243,11.201687509260632,336,2.0,0.2919943928718567,1710,434,50,37
301,11.201687509260632,336,2.0,0.4071713387966156,504,242,42,31
355,11.201687509260632,336,2.0,0.6313502192497253,330,328,55,41
392,11.201687509260632,336,2.0,0.463714599609375,410,431,64,58
378,11.201687509260632,336,2.0,0.529065728187561,698,343,60,37
429,11.201687509260632,336,2.0,0.7261472940444946,1421,628,179,93
269,11.201687509260632,336,2.0,0.22465671598911285,449,211,38,28
433,11.201687509260632,336,2.0,0.23606517910957336,285,277,36,29
310,11.201687509260632,336,2.0,0.17463834583759308,567,249,37,28
414,11.201687509260632,336,2.0,0.3951275646686554,249,375,58,48
441,11.201687509260632,336,2.0,0.3774617910385132,202,260,47,36
15,11.235025864942955,337,2.0,0.31991928815841675,1529,457,69,38
243,11.235025864942955,337,2.0,0.28598517179489136,1710,434,50,37
301,11.235025864942955,337,2.0,0.17711137235164642,501,241,39,32
355,11.235025864942955,337,2.0,0.6367217898368835,332,331,53,39
392,11.235025864942955,337,2.0,0.5083164572715759,415,436,68,58
378,11.235025864942955,337,2.0,0.5657090544700623,691,339,59,36
429,11.235025864942955,337,5.0,0.3799673020839691,1395,617,178,91
269,11.235025864942955,337,2.0,0.2238585352897644,445,209,35,28
310,11.235025864942955,337,2.0,0.2317473292350769,566,248,41,28
414,11.235025864942955,337,2.0,0.38540446758270264,252,378,56,50
441,11.235025864942955,337,2.0,0.4606156051158905,202,262,42,36
228,11.235025864942955,337,2.0,0.4006774127483368,365,168,30,21
15,11.268364220625278,338,2.0,0.28194859623908997,1529,457,69,38
243,11.268364220625278,338,2.0,0.2816629111766815,1710,434,50,37
301,11.268364220625278,338,2.0,0.42369458079338074,497,239,40,30
355,11.268364220625278,338,2.0,0.7131878137588501,334,335,53,42
392,11.268364220625278,338,2.0,0.5613394975662231,418,441,68,59
378,11.268364220625278,338,2.0,0.5268653631210327,684,336,60,37
429,11.268364220625278,338,2.0,0.5809810757637024,1374,606,176,89
269,11.268364220625278,338,2.0,0.2354225367307663,442,207,33,30
310,11.268364220625278,338,2.0,0.2725490927696228,563,246,41,27
414,11.268364220625278,338,2.0,0.5418664813041687,253,380,55,50
441,11.268364220625278,338,2.0,0.4417343735694885,207,265,48,36
228,11.268364220625278,338,2.0,0.2918745279312134,364,168,28,21
433,11.268364220625278,338,2.0,0.3692590892314911,290,282,38,24
15,11.301702576307601,339,2.0,0.2985730469226837,1529,457,69,38
243,11.301702576307601,339,2.0,0.29509657621383667,1710,434,50,38
301,11.301702576307601,339,2.0,0.21832574903964996,495,237,41,29
355,11.301702576307601,339,2.0,0.5936833620071411,337,339,54,42
392,11.301702576307601,339,2.0,0.6826497912406921,423,447,70,60
378,11.301702576307601,339,2.0,0.43409886956214905,677,333,58,36
429,11.301702576307601,339,2.0,0.3951455354690552,1354,597,164,88
310,11.301702576307601,339,2.0,0.32701313495635986,560,244,44,26
414,11.301702576307601,339,2.0,0.5371630191802979,255,384,57,51
441,11.301702576307601,339,2.0,0.29836538434028625,206,269,44,34
228,11.301702576307601,339,2.0,0.37379229068756104,364,167,29,21
433,11.301702576307601,339,2.0,0.4871911406517029,291,283,35,25
15,11.335040931989925,340,2.0,0.2956036925315857,1529,457,69,38
243,11.335040931989925,340,2.0,0.2900852560997009,1710,434,50,38
301,11.335040931989925,340,2.0,0.19048523902893066,491,235,38,29
355,11.335040931989925,340,2.0,0.6470807194709778,340,342,57,41
392,11.335040931989925,340,2.0,0.4804667830467224,428,454,72,60
378,11.335040931989925,340,2.0,0.467926025390625,670,331,55,33
429,11.335040931989925,340,5.0,0.3617894649505615,1330,587,163,84
310,11.335040931989925,340,2.0,0.27973681688308716,558,243,40,26
414,11.335040931989925,340,2.0,0.32602640986442566,258,387,57,52
441,11.335040931989925,340,2.0,0.302854984998703,207,271,46,32
228,11.335040931989925,340,2.0,0.3429071009159088,363,166,29,21
433,11.335040931989925,340,2.0,0.4709939658641815,290,284,32,26
269,11.335040931989925,340,2.0,0.3784274756908417,438,201,38,36
15,11.368379287672248,341,2.0,0.3106057345867157,1529,457,69,38
243,11.368379287672248,341,2.0,0.27919912338256836,1710,434,50,38
301,11.368379287672248,341,2.0,0.12241631001234055,489,234,38,30
355,11.368379287672248,341,2.0,0.649616003036499,341,344,56,41
392,11.368379287672248,341,2.0,0.4401463270187378,431,458,69,60
378,11.368379287672248,341,2.0,0.6021447777748108,666,327,57,36
429,11.368379287672248,341,2.0,0.41752123832702637,1308,577,157,84
414,11.368379287672248,341,2.0,0.4502033293247223,261,391,57,51
441,11.368379287672248,341,2.0,0.29069310426712036,211,274,54,33
228,11.368379287672248,341,2.0,0.22028903663158417,363,165,29,22
433,11.368379287672248,341,2.0,0.4525238871574402,290,286,30,25
269,11.368379287672248,341,2.0,0.3741377294063568,436,204,38,31
15,11.401717643354571,342,2.0,0.30001887679100037,1529,457,69,38
243,11.401717643354571,342,2.0,0.2700726091861725,1710,434,50,38
301,11.401717643354571,342,2.0,0.16795916855335236,486,232,38,32
355,11.401717643354571,342,2.0,0.6956195831298828,344,346,58,44
392,11.401717643354571,342,2.0,0.5788437128067017,435,463,73,63
378,11.401717643354571,342,2.0,0.5528636574745178,660,324,57,36
429,11.401717643354571,342,5.0,0.1903603971004486,1287,567,151,80
414,11.401717643354571,342,2.0,0.4816914200782776,263,397,56,54
441,11.401717643354571,342,2.0,0.21743112802505493,209,275,51,36
228,11.401717643354571,342,2.0,0.21337848901748657,362,165,30,23
433,11.401717643354571,342,2.0,0.5452457666397095,291,287,29,25
269,11.401717643354571,342,2.0,0.28585219383239746,435,204,36,30
15,11.435055999036894,343,2.0,0.28659841418266296,1529,457,69,39
243,11.435055999036894,343,2.0,0.2805187702178955,1710,434,51,38
301,11.435055999036894,343,2.0,0.1001167818903923,484,231,37,33
355,11.435055999036894,343,2.0,0.7090899348258972,346,349,57,45
392,11.435055999036894,343,2.0,0.7172970175743103,440,470,72,65
378,11.435055999036894,343,2.0,0.5091091990470886,653,320,55,36
429,11.435055999036894,343,2.0,0.36665064096450806,1267,559,148,78
414,11.435055999036894,343,2.0,0.5120790600776672,264,402,57,55
441,11.435055999036894,343,2.0,0.3064901530742645,207,277,44,37
228,11.435055999036894,343,2.0,0.15378668904304504,361,164,31,24
433,11.435055999036894,343,2.0,0.5844571590423584,292,290,31,28
269,11.435055999036894,343,2.0,0.16279838979244232,432,202,38,32
310,11.435055999036894,343,2.0,0.29916638135910034,547,237,34,23
15,11.468394354719218,344,2.0,0.2735954523086548,1529,457,69,39
243,11.468394354719218,344,2.0,0.2832341194152832,1710,434,51,38
301,11.468394354719218,344,2.0,0.10832908004522324,481,229,36,34
355,11.468394354719218,344,2.0,0.7137269377708435,349,352,61,45
392,11.468394354719218,344,2.0,0.6316049695014954,446,476,73,68
378,11.468394354719218,344,2.0,0.4144865572452545,649,317,57,37
429,11.468394354719218,344,2.0,0.5325165390968323,1249,553,141,73
414,11.468394354719218,344,2.0,0.5002398490905762,267,407,60,55
441,11.468394354719218,344,2.0,0.49965691566467285,210,279,52,36
228,11.468394354719218,344,2.0,0.1546093225479126,360,164,32,22
433,11.468394354719218,344,2.0,0.5651363134384155,295,293,36,31
269,11.468394354719218,344,2.0,0.15102657675743103,430,200,39,31
459,11.468394354719218,344,2.0,0.38021111488342285,360,354,87,43
310,11.468394354719218,344,2.0,0.23477020859718323,544,236,29,22
421,11.468394354719218,344,2.0,0.29168418049812317,303,296,56,36
15,11.50173271040154,345,2.0,0.30869555473327637,1529,457,69,39
243,11.50173271040154,345,2.0,0.29899904131889343,1710,434,51,38
301,11.50173271040154,345,2.0,0.1086558923125267,479,229,36,33
355,11.50173271040154,345,2.0,0.699363112449646,352,356,58,45
392,11.50173271040154,345,2.0,0.5873640179634094,450,480,73,68
378,11.50173271040154,345,2.0,0.5071735382080078,642,314,61,38
429,11.50173271040154,345,2.0,0.39860716462135315,1230,543,140,76
414,11.50173271040154,345,2.0,0.5136294364929199,269,410,61,55
441,11.50173271040154,345,2.0,0.37033945322036743,212,281,55,37
228,11.50173271040154,345,2.0,0.16138966381549835,360,164,34,23
433,11.50173271040154,345,2.0,0.512946605682373,297,295,37,33
269,11.50173271040154,345,2.0,0.4212895631790161,423,195,42,28
310,11.50173271040154,345,2.0,0.2525174021720886,541,235,31,22
421,11.50173271040154,345,2.0,0.2495143860578537,305,297,56,39
15,11.535071066083864,346,2.0,0.25772711634635925,1529,457,69,39
243,11.535071066083864,346,2.0,0.2765544652938843,1710,434,51,38
355,11.535071066083864,346,2.0,0.6306560039520264,355,360,61,49
392,11.535071066083864,346,2.0,0.44919437170028687,456,488,72,69
378,11.535071066083864,346,2.0,0.4107223451137543,637,311,60,37
429,11.535071066083864,346,2.0,0.3041702210903168,1214,537,139,74
414,11.535071066083864,346,2.0,0.5843689441680908,272,413,62,55
441,11.535071066083864,346,2.0,0.31633976101875305,210,283,48,39
433,11.535071066083864,346,2.0,0.42785677313804626,298,297,37,34
269,11.535071066083864,346,2.0,0.2747821807861328,422,193,41,29
310,11.535071066083864,346,2.0,0.21003811061382294,538,235,30,21
15,11.568409421766187,347,2.0,0.2688741087913513,1529,457,69,39
243,11.568409421766187,347,2.0,0.27979984879493713,1710,434,51,38
355,11.568409421766187,347,2.0,0.6851813793182373,357,363,59,51
392,11.568409421766187,347,2.0,0.5547536015510559,461,495,76,69
378,11.568409421766187,347,2.0,0.5198158025741577,629,308,56,36
429,11.568409421766187,347,2.0,0.41963958740234375,1197,530,132,74
414,11.568409421766187,347,2.0,0.5692729949951172,274,418,65,57
441,11.568409421766187,347,2.0,0.36564376950263977,209,284,46,39
269,11.568409421766187,347,2.0,0.37280237674713135,420,193,40,30
310,11.568409421766187,347,2.0,0.38947737216949463,533,234,33,21
15,11.60174777744851,348,2.0,0.2610909342765808,1529,457,69,38
243,11.60174777744851,348,2.0,0.2752668559551239,1710,434,51,38
355,11.60174777744851,348,2.0,0.6252608895301819,361,367,59,51
392,11.60174777744851,348,2.0,0.4478802978992462,469,501,78,71
378,11.60174777744851,348,2.0,0.6896894574165344,624,306,55,35
429,11.60174777744851,348,2.0,0.39675021171569824,1180,523,130,73
414,11.60174777744851,348,2.0,0.5698477029800415,278,423,65,58
441,11.60174777744851,348,2.0,0.41621628403663635,215,286,55,39
269,11.60174777744851,348,2.0,0.3714926242828369,413,193,49,32
310,11.60174777744851,348,2.0,0.21759767830371857,531,233,36,21
433,11.60174777744851,348,2.0,0.3667040169239044,303,301,43,34
15,11.635086133130834,349,2.0,0.25116902589797974,1529,457,69,38
243,11.635086133130834,349,2.0,0.27272140979766846,1710,434,51,38
355,11.635086133130834,349,2.0,0.6915091872215271,364,369,62,53
392,11.635086133130834,349,2.0,0.4084723889827728,476,508,80,73
378,11.635086133130834,349,2.0,0.6391269564628601,619,303,55,34
429,11.635086133130834,349,5.0,0.16451384127140045,1166,516,129,67
414,11.635086133130834,349,2.0,0.5838791728019714,281,428,65,58
441,11.635086133130834,349,2.0,0.19305050373077393,217,288,56,41
269,11.635086133130834,349,2.0,0.38665667176246643,412,192,48,31
310,11.635086133130834,349,2.0,0.13276734948158264,527,232,37,22
433,11.635086133130834,349,2.0,0.4122348129749298,305,304,40,29
15,11.668424488813157,350,2.0,0.27092963457107544,1529,457,69,38
243,11.668424488813157,350,2.0,0.27940434217453003,1709,434,51,38
355,11.668424488813157,350,2.0,0.6881129741668701,367,372,62,55
392,11.668424488813157,350,2.0,0.41577330231666565,481,517,79,72
378,11.668424488813157,350,2.0,0.68990558385849,615,302,54,33
429,11.668424488813157,350,5.0,0.30751538276672363,1150,509,126,66
414,11.668424488813157,350,2.0,0.5621731877326965,283,433,65,59
441,11.668424488813157,350,2.0,0.24387308955192566,220,290,60,41
433,11.668424488813157,350,2.0,0.3239598572254181,308,307,39,27
301,11.668424488813157,350,2.0,0.28832656145095825,464,222,34,28
15,11.701762844495482,351,2.0,0.28771308064460754,1529,457,69,38
243,11.701762844495482,351,2.0,0.2909362018108368,1709,434,51,38
355,11.701762844495482,351,2.0,0.5817426443099976,369,376,60,56
392,11.701762844495482,351,2.0,0.35699814558029175,487,523,82,74
378,11.701762844495482,351,2.0,0.5256068706512451,611,300,53,33
429,11.701762844495482,351,2.0,0.34713196754455566,1133,502,125,65
414,11.701762844495482,351,2.0,0.4041534662246704,285,437,68,61
441,11.701762844495482,351,2.0,0.35020238161087036,221,292,56,39
433,11.701762844495482,351,2.0,0.3422444760799408,309,310,37,30
301,11.701762844495482,351,2.0,0.3386426866054535,463,220,35,30
15,11.735101200177805,352,2.0,0.25413909554481506,1529,457,69,38
243,11.735101200177805,352,2.0,0.2923048138618469,1709,434,51,38
355,11.735101200177805,352,2.0,0.7052972316741943,373,380,60,56
392,11.735101200177805,352,2.0,0.40790146589279175,493,530,86,77
378,11.735101200177805,352,2.0,0.5193568468093872,606,298,53,33
429,11.735101200177805,352,2.0,0.279990553855896,1119,496,119,65
414,11.735101200177805,352,2.0,0.5234750509262085,286,443,71,64
441,11.735101200177805,352,2.0,0.4036584198474884,219,294,52,40
433,11.735101200177805,352,2.0,0.3681927025318146,310,312,36,30
301,11.735101200177805,352,2.0,0.22798842191696167,460,218,36,28
15,11.768439555860128,353,2.0,0.2975885570049286,1529,457,69,38
243,11.768439555860128,353,2.0,0.29827114939689636,1709,434,50,38
355,11.768439555860128,353,2.0,0.7166396379470825,378,384,63,57
392,11.768439555860128,353,2.0,0.47083404660224915,501,538,88,80
378,11.768439555860128,353,2.0,0.6636722087860107,602,294,52,34
429,11.768439555860128,353,2.0,0.2792622745037079,1105,489,115,63
414,11.768439555860128,353,2.0,0.573918879032135,289,448,72,64
441,11.768439555860128,353,2.0,0.39097464084625244,217,297,52,40
433,11.768439555860128,353,2.0,0.4938724935054779,311,314,39,32
301,11.768439555860128,353,2.0,0.28369104862213135,456,215,39,32
471,11.768439555860128,353,5.0,0.5111435055732727,1835,827,167,123
15,11.801777911542452,354,2.0,0.30154478549957275,1529,457,69,38
243,11.801777911542452,354,2.0,0.30903980135917664,1709,434,50,37
355,11.801777911542452,354,2.0,0.6507716774940491,382,388,66,58
392,11.801777911542452,354,2.0,0.38604870438575745,508,547,92,81
378,11.801777911542452,354,2.0,0.5913220643997192,598,292,54,33
429,11.801777911542452,354,2.0,0.35053035616874695,1092,483,108,61
414,11.801777911542452,354,2.0,0.5708299875259399,292,454,69,63
441,11.801777911542452,354,2.0,0.39539292454719543,217,299,54,39
433,11.801777911542452,354,2.0,0.4822466969490051,314,315,40,33
301,11.801777911542452,354,2.0,0.16182783246040344,451,213,41,32
471,11.801777911542452,354,5.0,0.6530733108520508,1819,815,200,130
15,11.835116267224775,355,2.0,0.32060253620147705,1529,457,69,38
243,11.835116267224775,355,2.0,0.30590322613716125,1709,433,50,37
355,11.835116267224775,355,2.0,0.6241163611412048,384,392,66,57
392,11.835116267224775,355,2.0,0.39434534311294556,515,554,93,84
378,11.835116267224775,355,2.0,0.6580806374549866,593,289,53,32
429,11.835116267224775,355,2.0,0.4674666225910187,1078,478,109,60
414,11.835116267224775,355,2.0,0.5395443439483643,297,458,70,63
441,11.835116267224775,355,2.0,0.3882627487182617,220,301,54,40
433,11.835116267224775,355,2.0,0.4487319588661194,318,318,48,37
301,11.835116267224775,355,2.0,0.24646106362342834,449,212,41,30
471,11.835116267224775,355,7.0,0.35351821780204773,1798,808,242,147
476,11.835116267224775,355,2.0,0.5671051740646362,1073,794,160,74
15,11.868454622907098,356,2.0,0.31434953212738037,1529,456,69,38
243,11.868454622907098,356,2.0,0.311664342880249,1709,434,50,37
355,11.868454622907098,356,2.0,0.6414118409156799,387,397,65,58
392,11.868454622907098,356,7.0,0.46498364210128784,522,562,94,86
378,11.868454622907098,356,2.0,0.5969516038894653,588,286,49,30
429,11.868454622907098,356,2.0,0.32723817229270935,1065,471,107,60
414,11.868454622907098,356,2.0,0.5910803079605103,303,466,68,62
441,11.868454622907098,356,2.0,0.5348421931266785,223,304,58,38
433,11.868454622907098,356,2.0,0.3390253186225891,321,321,50,38
301,11.868454622907098,356,2.0,0.16986799240112305,447,210,38,32
471,11.868454622907098,356,5.0,0.3883366286754608,1779,793,278,151
476,11.868454622907098,356,2.0,0.47494935989379883,1082,790,154,77
15,11.901792978589421,357,2.0,0.29122215509414673,1530,457,69,38
243,11.901792978589421,357,2.0,0.2968142628669739,1710,434,50,37
355,11.901792978589421,357,2.0,0.6590696573257446,390,400,67,59
392,11.901792978589421,357,7.0,0.41785290837287903,527,571,92,85
378,11.901792978589421,357,2.0,0.49689632654190063,582,284,47,30
429,11.901792978589421,357,2.0,0.39549025893211365,1052,466,103,58
414,11.901792978589421,357,2.0,0.5962997674942017,306,472,65,63
441,11.901792978589421,357,2.0,0.3711197078227997,221,306,52,38
433,11.901792978589421,357,2.0,0.4745374917984009,322,326,48,34
301,11.901792978589421,357,2.0,0.1508067399263382,445,209,38,32
471,11.901792978589421,357,7.0,0.36881497502326965,1751,774,295,148
476,11.901792978589421,357,2.0,0.3602927327156067,1091,778,153,96
15,11.935131334271745,358,2.0,0.295394629240036,1529,457,68,38
243,11.935131334271745,358,2.0,0.3022589087486267,1710,434,50,37
355,11.935131334271745,358,2.0,0.6330443620681763,393,404,68,63
392,11.935131334271745,358,7.0,0.40236157178878784,534,580,91,88
378,11.935131334271745,358,2.0,0.5803659558296204,578,282,48,31
429,11.935131334271745,358,2.0,0.26160016655921936,1041,461,100,57
414,11.935131334271745,358,2.0,0.6552666425704956,309,477,68,64
441,11.935131334271745,358,2.0,0.33296671509742737,219,309,48,39
433,11.935131334271745,358,2.0,0.4847213923931122,324,328,44,32
301,11.935131334271745,358,2.0,0.1220097541809082,442,209,37,32
471,11.935131334271745,358,7.0,0.4691563844680786,1715,758,294,144
476,11.935131334271745,358,2.0,0.31040850281715393,1096,774,154,103
15,11.968469689954068,359,2.0,0.3041248321533203,1529,457,68,38
243,11.968469689954068,359,2.0,0.31230485439300537,1710,433,49,37
355,11.968469689954068,359,2.0,0.5957736968994141,397,408,69,64
392,11.968469689954068,359,2.0,0.3900619447231293,546,590,102,92
378,11.968469689954068,359,2.0,0.5539805889129639,574,280,49,32
429,11.968469689954068,359,2.0,0.3965260982513428,1030,456,98,56
414,11.968469689954068,359,2.0,0.5786551237106323,312,482,70,65
441,11.968469689954068,359,2.0,0.2917592525482178,221,312,50,42
433,11.968469689954068,359,2.0,0.5126153826713562,326,332,44,32
301,11.968469689954068,359,2.0,0.13088959455490112,440,209,35,30
471,11.968469689954068,359,7.0,0.5922104716300964,1677,743,283,140
476,11.968469689954068,359,2.0,0.22774648666381836,1098,771,152,101
15,12.001808045636391,360,2.0,0.26144397258758545,1529,457,68,38
243,12.001808045636391,360,2.0,0.2890266478061676,1710,433,49,37
355,12.001808045636391,360,2.0,0.4018618166446686,403,414,72,59
392,12.001808045636391,360,7.0,0.4007212221622467,556,601,106,96
378,12.001808045636391,360,2.0,0.43127864599227905,571,278,51,32
429,12.001808045636391,360,2.0,0.571845293045044,1017,450,100,55
414,12.001808045636391,360,2.0,0.5668469667434692,314,489,71,69
441,12.001808045636391,360,2.0,0.15305611491203308,225,315,54,42
433,12.001808045636391,360,2.0,0.5854727029800415,326,335,47,33
301,12.001808045636391,360,2.0,0.1666228175163269,438,206,39,33
471,12.001808045636391,360,7.0,0.5318564772605896,1641,724,276,134
476,12.001808045636391,360,2.0,0.22680196166038513,1106,772,158,95
15,12.035146401318714,361,2.0,0.30142027139663696,1529,457,69,39
243,12.035146401318714,361,2.0,0.30674928426742554,1710,433,49,37
355,12.035146401318714,361,2.0,0.5739832520484924,407,419,72,63
392,12.035146401318714,361,7.0,0.5455340147018433,566,611,106,99
378,12.035146401318714,361,2.0,0.31039300560951233,567,277,50,33
429,12.035146401318714,361,2.0,0.5375134348869324,1006,444,97,55
414,12.035146401318714,361,2.0,0.5695480108261108,318,494,72,71
441,12.035146401318714,361,2.0,0.24737736582756042,226,318,51,41
433,12.035146401318714,361,2.0,0.6240673661231995,328,338,47,34
301,12.035146401318714,361,2.0,0.11128722131252289,436,205,36,34
471,12.035146401318714,361,7.0,0.6506075263023376,1609,711,274,129
476,12.035146401318714,361,2.0,0.33137810230255127,1116,770,157,91
15,12.068484757001038,362,2.0,0.27050939202308655,1529,457,69,39
243,12.068484757001038,362,2.0,0.29928213357925415,1710,434,49,37
355,12.068484757001038,362,2.0,0.6229845285415649,410,424,70,64
392,12.068484757001038,362,7.0,0.3523460328578949,573,621,107,100
378,12.068484757001038,362,2.0,0.38065800070762634,563,275,51,32
429,12.068484757001038,362,2.0,0.47865691781044006,994,439,98,54
414,12.068484757001038,362,2.0,0.5645456314086914,321,501,71,71
441,12.068484757001038,362,2.0,0.2848409116268158,228,322,50,39
433,12.068484757001038,362,2.0,0.40064606070518494,330,340,43,32
301,12.068484757001038,362,2.0,0.18703782558441162,436,206,37,32
471,12.068484757001038,362,7.0,0.5045751333236694,1575,695,260,124
476,12.068484757001038,362,2.0,0.48539599776268005,1124,770,150,81
15,12.10182311268336,363,2.0,0.30277204513549805,1530,457,69,39
243,12.10182311268336,363,2.0,0.2879357635974884,1709,434,48,37
355,12.10182311268336,363,2.0,0.5854217410087585,414,430,71,65
392,12.10182311268336,363,2.0,0.4034539461135864,584,632,111,102
378,12.10182311268336,363,2.0,0.2611100673675537,560,273,51,30
429,12.10182311268336,363,2.0,0.41506022214889526,985,436,98,53
414,12.10182311268336,363,2.0,0.49337881803512573,325,508,76,74
441,12.10182311268336,363,2.0,0.2776699364185333,229,324,48,39
433,12.10182311268336,363,2.0,0.44113147258758545,332,343,44,35
301,12.10182311268336,363,2.0,0.1265234500169754,436,206,36,30
471,12.10182311268336,363,7.0,0.6358597874641418,1539,682,244,121
476,12.10182311268336,363,2.0,0.4965670704841614,1131,765,142,79
15,12.135161468365684,364,2.0,0.2949393093585968,1530,457,69,39
243,12.135161468365684,364,2.0,0.2824210822582245,1709,434,48,37
355,12.135161468365684,364,2.0,0.5257412195205688,419,434,74,65
392,12.135161468365684,364,2.0,0.5847207307815552,592,644,114,104
378,12.135161468365684,364,2.0,0.39052098989486694,556,271,50,31
429,12.135161468365684,364,7.0,0.28665944933891296,973,431,96,53
414,12.135161468365684,364,2.0,0.5222561955451965,331,515,74,74
441,12.135161468365684,364,2.0,0.37808969616889954,229,326,46,39
433,12.135161468365684,364,2.0,0.48698315024375916,335,345,48,36
471,12.135161468365684,364,7.0,0.43095916509628296,1511,669,241,117
476,12.135161468365684,364,2.0,0.48132404685020447,1134,763,134,76
498,12.135161468365684,364,2.0,0.39827775955200195,1772,402,46,37
15,12.168499824048007,365,2.0,0.2575649619102478,1530,457,69,38
243,12.168499824048007,365,2.0,0.2750295102596283,1709,434,48,37
355,12.168499824048007,365,2.0,0.5086625218391418,425,441,73,65
392,12.168499824048007,365,7.0,0.3868505358695984,603,656,116,109
378,12.168499824048007,365,2.0,0.47978100180625916,552,268,50,33
429,12.168499824048007,365,2.0,0.3448272943496704,963,427,94,54
414,12.168499824048007,365,2.0,0.5436427593231201,333,521,78,76
441,12.168499824048007,365,2.0,0.3839820921421051,229,328,49,40
433,12.168499824048007,365,2.0,0.4526596963405609,340,348,53,37
471,12.168499824048007,365,7.0,0.33358460664749146,1482,657,236,114
476,12.168499824048007,365,2.0,0.5183797478675842,1141,761,132,75
498,12.168499824048007,365,2.0,0.45409128069877625,1772,403,47,36
15,12.20183817973033,366,2.0,0.252164751291275,1529,457,69,38
243,12.20183817973033,366,2.0,0.27809134125709534,1709,434,48,37
355,12.20183817973033,366,2.0,0.6131146550178528,429,446,74,66
392,12.20183817973033,366,7.0,0.4596281945705414,613,667,114,110
378,12.20183817973033,366,2.0,0.4639560282230377,547,265,50,31
429,12.20183817973033,366,2.0,0.33620908856391907,951,420,88,49
414,12.20183817973033,366,2.0,0.6377747058868408,336,528,77,80
441,12.20183817973033,366,2.0,0.35151907801628113,231,330,48,40
433,12.20183817973033,366,2.0,0.3671756386756897,342,351,54,35
471,12.20183817973033,366,7.0,0.4634091258049011,1450,644,223,112
476,12.20183817973033,366,2.0,0.4227762222290039,1145,760,130,75
498,12.20183817973033,366,2.0,0.48375222086906433,1772,403,48,37
15,12.235176535412654,367,2.0,0.23628193140029907,1529,457,69,39
243,12.235176535412654,367,2.0,0.24718494713306427,1709,433,46,36
355,12.235176535412654,367,2.0,0.49097704887390137,432,452,75,65
392,12.235176535412654,367,7.0,0.39162927865982056,623,681,116,115
378,12.235176535412654,367,2.0,0.2981535792350769,543,262,51,29
429,12.235176535412654,367,2.0,0.2925049066543579,941,416,89,49
414,12.235176535412654,367,2.0,0.6762003302574158,342,536,81,79
441,12.235176535412654,367,2.0,0.24647754430770874,232,333,44,40
433,12.235176535412654,367,2.0,0.43765732645988464,344,355,55,37
471,12.235176535412654,367,7.0,0.4692385792732239,1421,632,211,105
476,12.235176535412654,367,2.0,0.4338430166244507,1150,757,125,72
498,12.235176535412654,367,2.0,0.2891117334365845,1771,403,47,39
15,12.268514891094977,368,2.0,0.24246303737163544,1529,457,69,39
243,12.268514891094977,368,2.0,0.2301953136920929,1709,433,45,36
355,12.268514891094977,368,2.0,0.5529704093933105,438,457,80,67
392,12.268514891094977,368,7.0,0.4117935299873352,636,695,122,119
378,12.268514891094977,368,2.0,0.33813753724098206,537,260,45,30
429,12.268514891094977,368,2.0,0.35921287536621094,931,413,86,51
414,12.268514891094977,368,2.0,0.6626532077789307,346,543,83,81
441,12.268514891094977,368,2.0,0.21882109344005585,233,336,47,41
433,12.268514891094977,368,2.0,0.41069114208221436,345,359,54,39
471,12.268514891094977,368,7.0,0.44412678480148315,1395,622,202,103
476,12.268514891094977,368,2.0,0.4476510286331177,1156,756,122,68
498,12.268514891094977,368,2.0,0.30691540241241455,1770,404,47,40
15,12.3018532467773,369,2.0,0.22921407222747803,1529,457,69,39
243,12.3018532467773,369,2.0,0.2473539412021637,1710,433,45,35
355,12.3018532467773,369,2.0,0.5248090028762817,442,463,81,69
392,12.3018532467773,369,7.0,0.4755669832229614,649,708,127,122
378,12.3018532467773,369,2.0,0.47384029626846313,535,258,45,29
429,12.3018532467773,369,2.0,0.3894183933734894,923,410,86,50
414,12.3018532467773,369,2.0,0.442790150642395,350,550,84,87
441,12.3018532467773,369,2.0,0.20679925382137299,234,339,45,43
433,12.3018532467773,369,2.0,0.3651132881641388,348,362,54,39
471,12.3018532467773,369,7.0,0.33210286498069763,1372,608,190,98
476,12.3018532467773,369,2.0,0.522088885307312,1161,751,117,68
498,12.3018532467773,369,2.0,0.21630047261714935,1769,404,45,39
505,12.3018532467773,369,2.0,0.3696385622024536,247,226,43,30
15,12.335191602459624,370,2.0,0.23436076939105988,1529,457,69,39
243,12.335191602459624,370,2.0,0.26443126797676086,1710,433,44,35
355,12.335191602459624,370,2.0,0.5973688960075378,446,469,81,71
392,12.335191602459624,370,7.0,0.4777064919471741,661,723,127,127
378,12.335191602459624,370,2.0,0.4775077700614929,532,258,42,28
429,12.335191602459624,370,2.0,0.3061006963253021,914,405,85,50
414,12.335191602459624,370,2.0,0.5985512137413025,356,559,85,88
441,12.335191602459624,370,2.0,0.2369520366191864,237,342,49,43
433,12.335191602459624,370,2.0,0.2999624013900757,352,366,60,42
471,12.335191602459624,370,7.0,0.40403062105178833,1347,600,185,95
476,12.335191602459624,370,2.0,0.4671570360660553,1164,750,110,65
498,12.335191602459624,370,2.0,0.18743519484996796,1767,405,43,39
505,12.335191602459624,370,2.0,0.2770865559577942,250,228,46,27
15,12.368529958141947,371,2.0,0.24028280377388,1529,457,69,39
243,12.368529958141947,371,2.0,0.26778140664100647,1709,433,44,35
355,12.368529958141947,371,2.0,0.5485461950302124,450,475,80,71
392,12.368529958141947,371,2.0,0.4216437041759491,675,739,131,130
378,12.368529958141947,371,2.0,0.4074549674987793,527,256,46,31
429,12.368529958141947,371,2.0,0.3066194951534271,905,401,84,48
414,12.368529958141947,371,2.0,0.57733154296875,360,567,87,89
441,12.368529958141947,371,2.0,0.15977239608764648,240,345,50,43
433,12.368529958141947,371,2.0,0.36640241742134094,356,369,64,43
471,12.368529958141947,371,7.0,0.254128098487854,1325,591,181,93
476,12.368529958141947,371,2.0,0.3698425590991974,1166,751,103,57
498,12.368529958141947,371,2.0,0.19229289889335632,1767,405,45,39
505,12.368529958141947,371,2.0,0.41997313499450684,252,230,47,26
15,12.40186831382427,372,2.0,0.260606974363327,1529,457,69,39
243,12.40186831382427,372,2.0,0.2779638469219208,1709,433,44,35
355,12.40186831382427,372,2.0,0.6286986470222473,456,480,79,72
392,12.40186831382427,372,7.0,0.3621405065059662,690,755,136,135
378,12.40186831382427,372,2.0,0.4949421286582947,526,255,49,30
429,12.40186831382427,372,2.0,0.19354020059108734,894,396,84,48
414,12.40186831382427,372,2.0,0.6146880984306335,366,576,91,92
441,12.40186831382427,372,2.0,0.28954702615737915,243,348,57,44
433,12.40186831382427,372,2.0,0.3998093605041504,358,372,61,44
471,12.40186831382427,372,7.0,0.19315524399280548,1303,582,179,93
476,12.40186831382427,372,2.0,0.38373780250549316,1169,750,96,55
498,12.40186831382427,372,2.0,0.2680891156196594,1768,404,49,41
505,12.40186831382427,372,2.0,0.4873824417591095,251,230,43,26
15,12.435206669506593,373,2.0,0.2278929501771927,1529,457,69,39
243,12.435206669506593,373,2.0,0.2739843428134918,1709,433,44,36
355,12.435206669506593,373,2.0,0.41428178548812866,461,486,83,77
392,12.435206669506593,373,7.0,0.47213035821914673,704,772,140,140
378,12.435206669506593,373,2.0,0.43834564089775085,522,252,51,30
429,12.435206669506593,373,2.0,0.4216076731681824,886,391,82,44
414,12.435206669506593,373,2.0,0.6264634728431702,372,585,91,94
441,12.435206669506593,373,2.0,0.268757700920105,244,350,54,44
433,12.435206669506593,373,2.0,0.409696489572525,359,375,60,43
471,12.435206669506593,373,7.0,0.2355978637933731,1284,574,178,91
476,12.435206669506593,373,2.0,0.37521424889564514,1173,751,89,51
498,12.435206669506593,373,2.0,0.360516756772995,1768,404,51,42
505,12.435206669506593,373,2.0,0.5387725830078125,252,231,42,28
301,12.435206669506593,373,2.0,0.27813825011253357,412,196,35,25
15,12.468545025188916,374,2.0,0.23987706005573273,1529,457,69,40
243,12.468545025188916,374,2.0,0.2664172947406769,1709,433,43,36
355,12.468545025188916,374,2.0,0.49582943320274353,468,495,84,73
392,12.468545025188916,374,2.0,0.38467103242874146,719,790,143,146
378,12.468545025188916,374,2.0,0.42172136902809143,518,251,51,30
429,12.468545025188916,374,2.0,0.4071296751499176,878,388,79,44
414,12.468545025188916,374,2.0,0.5003385543823242,376,594,90,97
441,12.468545025188916,374,2.0,0.5941857099533081,245,353,59,46
433,12.468545025188916,374,2.0,0.4762813448905945,362,379,56,42
471,12.468545025188916,374,7.0,0.23140162229537964,1261,564,167,88
476,12.468545025188916,374,2.0,0.2547665238380432,1176,750,83,50
498,12.468545025188916,374,2.0,0.3015913963317871,1769,404,53,41
505,12.468545025188916,374,2.0,0.573143482208252,252,233,41,28
510,12.468545025188916,374,2.0,0.3849193751811981,371,163,36,29
301,12.468545025188916,374,2.0,0.37426233291625977,411,195,35,26
15,12.50188338087124,375,2.0,0.23192867636680603,1529,457,69,40
243,12.50188338087124,375,2.0,0.24679861962795258,1709,433,43,36
355,12.50188338087124,375,2.0,0.3568539023399353,473,501,88,72
392,12.50188338087124,375,7.0,0.4043799340724945,736,809,148,153
378,12.50188338087124,375,2.0,0.39367976784706116,515,250,51,30
429,12.50188338087124,375,7.0,0.32265645265579224,870,385,78,43
414,12.50188338087124,375,2.0,0.6645711064338684,381,604,95,100
441,12.50188338087124,375,2.0,0.28959786891937256,244,356,60,47
433,12.50188338087124,375,2.0,0.5549265146255493,365,383,56,41
471,12.50188338087124,375,7.0,0.18197093904018402,1240,557,161,82
498,12.50188338087124,375,2.0,0.2964196801185608,1768,404,52,40
505,12.50188338087124,375,2.0,0.48225218057632446,252,233,38,28
510,12.50188338087124,375,2.0,0.16971205174922943,372,162,30,27
301,12.50188338087124,375,2.0,0.26209285855293274,410,193,35,26
512,12.50188338087124,375,2.0,0.3538421392440796,1639,330,51,26
15,12.535221736553563,376,2.0,0.2754552662372589,1529,457,69,40
243,12.535221736553563,376,2.0,0.2529105842113495,1709,433,43,36
355,12.535221736553563,376,7.0,0.42849189043045044,479,506,88,79
392,12.535221736553563,376,7.0,0.42421185970306396,754,828,154,157
378,12.535221736553563,376,2.0,0.3743722438812256,514,248,52,29
429,12.535221736553563,376,2.0,0.2568179666996002,863,383,78,42
414,12.535221736553563,376,2.0,0.6408205032348633,388,613,96,101
441,12.535221736553563,376,2.0,0.2684086859226227,246,358,58,47
433,12.535221736553563,376,2.0,0.5637738704681396,368,388,56,43
471,12.535221736553563,376,5.0,0.2982262372970581,1221,547,158,82
498,12.535221736553563,376,2.0,0.38627973198890686,1769,405,54,39
505,12.535221736553563,376,2.0,0.5084730386734009,253,233,38,27
510,12.535221736553563,376,2.0,0.1536182165145874,373,163,28,29
301,12.535221736553563,376,2.0,0.1980990171432495,411,192,43,25
512,12.535221736553563,376,2.0,0.32827767729759216,1640,330,50,26
15,12.568560092235888,377,2.0,0.28555673360824585,1529,457,69,40
243,12.568560092235888,377,2.0,0.24750933051109314,1709,433,43,36
355,12.568560092235888,377,2.0,0.5850358605384827,484,512,89,83
392,12.568560092235888,377,2.0,0.4855513274669647,771,845,158,153
378,12.568560092235888,377,2.0,0.44507986307144165,510,247,49,28
429,12.568560092235888,377,2.0,0.2985093295574188,855,379,77,42
414,12.568560092235888,377,2.0,0.7150193452835083,394,623,99,102
441,12.568560092235888,377,2.0,0.3743688762187958,248,362,56,48
433,12.568560092235888,377,2.0,0.5347233414649963,372,392,58,44
471,12.568560092235888,377,7.0,0.3083230257034302,1205,539,152,82
498,12.568560092235888,377,2.0,0.42897701263427734,1769,405,56,39
505,12.568560092235888,377,2.0,0.5158302187919617,255,235,36,27
510,12.568560092235888,377,2.0,0.41598573327064514,369,162,33,29
301,12.568560092235888,377,2.0,0.11802615225315094,418,190,59,24
512,12.568560092235888,377,2.0,0.2418382316827774,1641,330,49,25
15,12.601898447918211,378,2.0,0.29085573554039,1529,457,69,40
243,12.601898447918211,378,2.0,0.24462933838367462,1709,433,43,36
355,12.601898447918211,378,2.0,0.5295436978340149,491,519,91,84
392,12.601898447918211,378,2.0,0.37847816944122314,785,862,155,151
378,12.601898447918211,378,2.0,0.41118869185447693,507,245,48,29
429,12.601898447918211,378,2.0,0.5197974443435669,848,376,74,47
414,12.601898447918211,378,2.0,0.6789976358413696,399,633,103,105
441,12.601898447918211,378,2.0,0.2450903058052063,251,366,56,48
433,12.601898447918211,378,2.0,0.5731362700462341,376,395,60,45
471,12.601898447918211,378,2.0,0.4219318628311157,1186,532,148,84
498,12.601898447918211,378,2.0,0.46606382727622986,1770,405,56,40
505,12.601898447918211,378,2.0,0.5737810134887695,256,239,37,30
510,12.601898447918211,378,2.0,0.2459893822669983,368,163,33,33
301,12.601898447918211,378,2.0,0.16222599148750305,417,189,64,26
512,12.601898447918211,378,2.0,0.17322441935539246,1642,330,47,26
15,12.635236803600534,379,2.0,0.26675087213516235,1529,457,69,39
243,12.635236803600534,379,2.0,0.22926028072834015,1709,433,42,35
355,12.635236803600534,379,2.0,0.3687477111816406,496,526,92,88
378,12.635236803600534,379,2.0,0.434538871049881,503,243,47,28
429,12.635236803600534,379,2.0,0.4165859520435333,840,372,74,46
414,12.635236803600534,379,2.0,0.5966335535049438,405,645,106,109
441,12.635236803600534,379,2.0,0.4291401207447052,253,370,57,48
433,12.635236803600534,379,2.0,0.6156585216522217,379,398,61,45
471,12.635236803600534,379,7.0,0.20901523530483246,1171,526,146,80
498,12.635236803600534,379,2.0,0.421902060508728,1770,405,56,41
505,12.635236803600534,379,2.0,0.45252129435539246,258,241,36,30
510,12.635236803600534,379,2.0,0.27002525329589844,365,162,33,33
301,12.635236803600534,379,2.0,0.13638368248939514,418,188,67,27
512,12.635236803600534,379,2.0,0.14061179757118225,1642,330,45,26
15,12.668575159282858,380,2.0,0.2952941954135895,1529,457,69,39
243,12.668575159282858,380,2.0,0.2437688261270523,1708,434,42,35
355,12.668575159282858,380,2.0,0.6759503483772278,504,533,94,89
378,12.668575159282858,380,2.0,0.4823329448699951,499,241,45,27
429,12.668575159282858,380,2.0,0.4677733778953552,832,368,72,46
414,12.668575159282858,380,2.0,0.5790473222732544,412,656,108,110
441,12.668575159282858,380,2.0,0.4581950902938843,255,373,57,46
433,12.668575159282858,380,2.0,0.5621964335441589,382,403,62,46
471,12.668575159282858,380,2.0,0.12812462449073792,1151,516,137,78
498,12.668575159282858,380,2.0,0.40734928846359253,1769,405,55,41
505,12.668575159282858,380,2.0,0.45440903306007385,259,244,38,31
510,12.668575159282858,380,2.0,0.3302290141582489,364,162,34,32
512,12.668575159282858,380,2.0,0.16704198718070984,1642,331,45,26
15,12.701913514965181,381,2.0,0.29551175236701965,1529,457,69,39
243,12.701913514965181,381,2.0,0.2399507761001587,1708,434,42,35
355,12.701913514965181,381,2.0,0.5006132125854492,510,541,94,91
378,12.701913514965181,381,2.0,0.42459535598754883,496,239,45,26
429,12.701913514965181,381,2.0,0.4764844477176666,826,365,69,46
414,12.701913514965181,381,2.0,0.43260428309440613,419,668,112,115
441,12.701913514965181,381,2.0,0.4831830859184265,256,377,56,47
433,12.701913514965181,381,2.0,0.5335308313369751,385,406,63,48
471,12.701913514965181,381,7.0,0.33924078941345215,1135,510,138,75
498,12.701913514965181,381,2.0,0.4009619355201721,1769,405,54,40
505,12.701913514965181,381,2.0,0.45830681920051575,261,244,37,33
510,12.701913514965181,381,2.0,0.3240193724632263,364,163,36,35
512,12.701913514965181,381,2.0,0.1422768086194992,1643,331,44,26
15,12.735251870647504,382,2.0,0.27177515625953674,1529,457,69,39
243,12.735251870647504,382,2.0,0.2244497835636139,1708,434,41,35
355,12.735251870647504,382,7.0,0.38345441222190857,517,549,97,95
378,12.735251870647504,382,2.0,0.24150215089321136,492,237,42,26
429,12.735251870647504,382,2.0,0.4922298192977905,819,362,71,43
414,12.735251870647504,382,2.0,0.47836655378341675,426,681,114,118
441,12.735251870647504,382,2.0,0.2456652671098709,258,379,58,49
433,12.735251870647504,382,2.0,0.47326207160949707,387,411,61,47
471,12.735251870647504,382,2.0,0.22528742253780365,1122,504,135,73
498,12.735251870647504,382,2.0,0.348238080739975,1767,406,52,40
505,12.735251870647504,382,2.0,0.4235658347606659,263,245,40,35
510,12.735251870647504,382,2.0,0.10955403745174408,363,163,34,37
512,12.735251870647504,382,2.0,0.14074081182479858,1646,331,46,26
15,12.768590226329827,383,2.0,0.2735319435596466,1529,457,69,39
243,12.768590226329827,383,2.0,0.2376071959733963,1708,434,41,36
355,12.768590226329827,383,7.0,0.3583815395832062,524,558,101,96
378,12.768590226329827,383,2.0,0.3080633878707886,489,236,43,27
429,12.768590226329827,383,2.0,0.5498719811439514,810,358,69,39
414,12.768590226329827,383,2.0,0.7219460010528564,434,693,117,121
441,12.768590226329827,383,2.0,0.2815724313259125,261,382,59,49
433,12.768590226329827,383,2.0,0.5381479859352112,392,416,65,48
471,12.768590226329827,383,7.0,0.13068349659442902,1109,497,135,74
498,12.768590226329827,383,2.0,0.29001516103744507,1767,406,52,40
505,12.768590226329827,383,2.0,0.4139793813228607,265,245,40,36
510,12.768590226329827,383,2.0,0.1584848314523697,361,161,33,36
15,12.80192858201215,384,2.0,0.24340280890464783,1529,457,68,39
243,12.80192858201215,384,2.0,0.20369994640350342,1708,434,41,35
355,12.80192858201215,384,2.0,0.5456498265266418,532,566,102,97
378,12.80192858201215,384,2.0,0.21903686225414276,486,235,40,27
429,12.80192858201215,384,2.0,0.48301273584365845,802,355,67,40
414,12.80192858201215,384,2.0,0.6997361183166504,444,707,117,126
441,12.80192858201215,384,2.0,0.25882163643836975,263,385,58,50
433,12.80192858201215,384,2.0,0.512687623500824,398,421,67,49
471,12.80192858201215,384,7.0,0.1753595471382141,1093,489,129,72
498,12.80192858201215,384,2.0,0.16367962956428528,1766,406,52,41
505,12.80192858201215,384,2.0,0.436300665140152,266,247,41,35
510,12.80192858201215,384,2.0,0.15087586641311646,361,160,34,34
15,12.835266937694474,385,2.0,0.25532010197639465,1529,457,69,39
243,12.835266937694474,385,2.0,0.1815689653158188,1708,434,40,35
355,12.835266937694474,385,2.0,0.34801432490348816,539,574,105,103
378,12.835266937694474,385,2.0,0.2632182240486145,484,234,39,27
429,12.835266937694474,385,2.0,0.35057249665260315,797,353,64,35
414,12.835266937694474,385,2.0,0.6936152577400208,451,721,120,130
441,12.835266937694474,385,2.0,0.3425120711326599,269,390,67,51
433,12.835266937694474,385,2.0,0.5347709655761719,402,426,68,52
471,12.835266937694474,385,7.0,0.2030346691608429,1077,483,127,70
498,12.835266937694474,385,2.0,0.1350138634443283,1766,406,54,42
505,12.835266937694474,385,2.0,0.42641326785087585,267,248,42,36
510,12.835266937694474,385,2.0,0.11674473434686661,360,160,34,34
15,12.868605293376797,386,2.0,0.2656402289867401,1529,457,69,39
243,12.868605293376797,386,2.0,0.1978815644979477,1708,434,40,35
355,12.868605293376797,386,2.0,0.47678855061531067,548,584,108,102
378,12.868605293376797,386,2.0,0.10258983820676804,483,234,38,26
429,12.868605293376797,386,2.0,0.4017737805843353,791,350,64,38
414,12.868605293376797,386,2.0,0.6436887383460999,460,735,126,135
441,12.868605293376797,386,2.0,0.3049885332584381,269,394,65,53
433,12.868605293376797,386,2.0,0.499617338180542,405,431,69,52
471,12.868605293376797,386,7.0,0.15914784371852875,1060,476,115,65
498,12.868605293376797,386,2.0,0.21583618223667145,1766,407,56,41
505,12.868605293376797,386,2.0,0.2927842438220978,271,251,43,32
510,12.868605293376797,386,2.0,0.14426548779010773,364,163,41,39
15,12.90194364905912,387,2.0,0.2641458809375763,1529,457,69,39
243,12.90194364905912,387,2.0,0.1758984625339508,1708,434,40,35
355,12.90194364905912,387,2.0,0.5535045862197876,557,594,112,106
378,12.90194364905912,387,2.0,0.13247859477996826,481,233,44,27
429,12.90194364905912,387,2.0,0.48305490612983704,785,347,65,37
414,12.90194364905912,387,2.0,0.6457240581512451,470,751,127,138
441,12.90194364905912,387,2.0,0.35826247930526733,268,399,63,54
433,12.90194364905912,387,2.0,0.497679203748703,407,436,73,51
471,12.90194364905912,387,2.0,0.11066979914903641,1045,468,106,58
498,12.90194364905912,387,2.0,0.20867520570755005,1767,406,57,41
505,12.90194364905912,387,2.0,0.40776169300079346,272,253,45,30
15,12.935282004741444,388,2.0,0.24228143692016602,1529,457,69,39
243,12.935282004741444,388,2.0,0.17517082393169403,1708,434,40,35
355,12.935282004741444,388,7.0,0.3680906593799591,566,604,114,108
429,12.935282004741444,388,2.0,0.6044253706932068,778,344,67,39
414,12.935282004741444,388,2.0,0.6530666351318359,478,766,131,140
441,12.935282004741444,388,2.0,0.38528206944465637,271,405,62,56
433,12.935282004741444,388,2.0,0.5470144152641296,412,441,69,51
498,12.935282004741444,388,2.0,0.21029379963874817,1767,407,57,40
505,12.935282004741444,388,2.0,0.3324805498123169,273,254,43,30
15,12.968620360423767,389,2.0,0.23194299638271332,1529,457,68,39
243,12.968620360423767,389,2.0,0.15590524673461914,1708,434,40,35
355,12.968620360423767,389,2.0,0.5533297061920166,575,615,116,110
429,12.968620360423767,389,2.0,0.5649235248565674,772,340,67,40
414,12.968620360423767,389,2.0,0.7028307318687439,487,783,137,145
441,12.968620360423767,389,2.0,0.2975873649120331,274,408,65,56
433,12.968620360423767,389,2.0,0.5750618577003479,417,445,71,54
498,12.968620360423767,389,2.0,0.1988913118839264,1767,408,57,39
505,12.968620360423767,389,2.0,0.40349501371383667,274,255,42,29
527,12.968620360423767,389,7.0,0.41914403438568115,573,615,115,110
15,13.00195871610609,390,2.0,0.22755999863147736,1529,457,68,38
243,13.00195871610609,390,2.0,0.15161162614822388,1708,435,39,35
355,13.00195871610609,390,2.0,0.5958763360977173,584,625,120,114
429,13.00195871610609,390,2.0,0.5934352874755859,765,338,65,40
414,13.00195871610609,390,2.0,0.7230055332183838,499,800,138,153
441,13.00195871610609,390,2.0,0.3824130594730377,276,412,64,56
433,13.00195871610609,390,2.0,0.37985408306121826,421,451,75,55
498,13.00195871610609,390,2.0,0.19558222591876984,1767,409,58,39
505,13.00195871610609,390,2.0,0.48569807410240173,274,258,39,29
15,13.035297071788413,391,2.0,0.21601203083992004,1529,457,69,39
243,13.035297071788413,391,2.0,0.14870129525661469,1708,435,39,35
355,13.035297071788413,391,2.0,0.6987385749816895,593,636,121,117
429,13.035297071788413,391,2.0,0.5947009325027466,760,336,66,40
414,13.035297071788413,391,2.0,0.5484836101531982,510,819,142,157
441,13.035297071788413,391,2.0,0.47399649024009705,283,415,75,56
433,13.035297071788413,391,2.0,0.4595090448856354,424,457,74,56
498,13.035297071788413,391,2.0,0.13825826346874237,1766,408,58,40
505,13.035297071788413,391,2.0,0.520878791809082,275,261,41,30
15,13.068635427470737,392,2.0,0.2493860274553299,1529,457,69,39
243,13.068635427470737,392,2.0,0.18026457726955414,1708,435,39,35
355,13.068635427470737,392,2.0,0.6965639591217041,604,647,126,119
429,13.068635427470737,392,2.0,0.5545095801353455,754,334,65,38
414,13.068635427470737,392,2.0,0.6677090525627136,520,838,148,164
441,13.068635427470737,392,2.0,0.4424325227737427,283,420,73,58
433,13.068635427470737,392,2.0,0.5909622311592102,428,462,72,55
498,13.068635427470737,392,2.0,0.1639431118965149,1766,408,58,40
505,13.068635427470737,392,2.0,0.6225182414054871,277,264,41,30
15,13.10197378315306,393,2.0,0.25478899478912354,1529,457,68,39
243,13.10197378315306,393,2.0,0.17577531933784485,1708,435,39,35
355,13.10197378315306,393,2.0,0.4632730185985565,612,660,125,124
429,13.10197378315306,393,2.0,0.6387001872062683,749,332,62,35
414,13.10197378315306,393,2.0,0.5015537738800049,532,853,150,157
441,13.10197378315306,393,2.0,0.41747602820396423,283,424,69,58
433,13.10197378315306,393,2.0,0.5439789295196533,432,467,69,57
498,13.10197378315306,393,2.0,0.15250571072101593,1766,408,58,39
505,13.10197378315306,393,2.0,0.4946433901786804,279,268,44,31
378,13.10197378315306,393,2.0,0.2512274980545044,463,224,39,26
15,13.135312138835383,394,2.0,0.22412078082561493,1529,457,68,39
243,13.135312138835383,394,2.0,0.18553772568702698,1708,435,40,35
355,13.135312138835383,394,7.0,0.4539882242679596,624,671,128,124
429,13.135312138835383,394,2.0,0.5566012859344482,743,329,61,34
414,13.135312138835383,394,2.0,0.33409786224365234,542,867,150,150
441,13.135312138835383,394,2.0,0.3069295883178711,286,428,67,58
433,13.135312138835383,394,2.0,0.41859501600265503,436,474,69,57
498,13.135312138835383,394,2.0,0.14163224399089813,1765,407,58,40
505,13.135312138835383,394,2.0,0.5629964470863342,281,270,42,32
378,13.135312138835383,394,2.0,0.16748909652233124,462,222,39,26
15,13.168650494517706,395,2.0,0.22194957733154297,1529,457,69,40
243,13.168650494517706,395,2.0,0.18407182395458221,1708,434,39,34
355,13.168650494517706,395,2.0,0.38098853826522827,635,685,133,130
429,13.168650494517706,395,2.0,0.4859696626663208,740,327,62,33
414,13.168650494517706,395,2.0,0.1303253471851349,552,888,148,155
441,13.168650494517706,395,2.0,0.3819881081581116,289,432,66,58
433,13.168650494517706,395,2.0,0.3863566219806671,442,480,74,59
498,13.168650494517706,395,2.0,0.20908017456531525,1765,406,58,40
505,13.168650494517706,395,2.0,0.5731791853904724,283,271,40,34
378,13.168650494517706,395,2.0,0.1734578162431717,461,220,42,27
15,13.20198885020003,396,2.0,0.21217671036720276,1529,457,69,40
243,13.20198885020003,396,2.0,0.18297834694385529,1708,434,39,34
355,13.20198885020003,396,2.0,0.5639945864677429,648,699,137,134
429,13.20198885020003,396,2.0,0.5623921751976013,732,324,59,36
414,13.20198885020003,396,2.0,0.11214397847652435,563,910,151,160
441,13.20198885020003,396,2.0,0.347420334815979,290,437,70,60
433,13.20198885020003,396,2.0,0.4759107232093811,450,488,69,54
498,13.20198885020003,396,2.0,0.22781206667423248,1765,406,58,40
505,13.20198885020003,396,2.0,0.565588116645813,285,273,40,36
378,13.20198885020003,396,2.0,0.2517596185207367,457,218,44,27
15,13.235327205882353,397,2.0,0.22136268019676208,1529,457,69,40
243,13.235327205882353,397,2.0,0.1795281618833542,1707,434,39,34
355,13.235327205882353,397,7.0,0.3928266763687134,660,711,141,139
429,13.235327205882353,397,2.0,0.5065354108810425,727,321,61,39
441,13.235327205882353,397,2.0,0.353192001581192,291,443,73,64
433,13.235327205882353,397,2.0,0.43157297372817993,454,493,71,59
498,13.235327205882353,397,2.0,0.17268870770931244,1765,406,58,41
505,13.235327205882353,397,2.0,0.5310528874397278,287,273,41,37
378,13.235327205882353,397,2.0,0.2718219757080078,453,216,43,25
15,13.268665561564676,398,2.0,0.2349429577589035,1529,457,69,40
243,13.268665561564676,398,2.0,0.1880592405796051,1708,434,39,34
355,13.268665561564676,398,7.0,0.45986035466194153,672,727,144,142
429,13.268665561564676,398,2.0,0.46168744564056396,722,319,61,38
441,13.268665561564676,398,2.0,0.2797733545303345,295,450,78,64
433,13.268665561564676,398,2.0,0.4692496955394745,456,498,74,62
498,13.268665561564676,398,2.0,0.2539675831794739,1764,406,58,41
505,13.268665561564676,398,2.0,0.6418699026107788,289,276,42,36
378,13.268665561564676,398,2.0,0.219076007604599,450,215,42,23
15,13.302003917247,399,2.0,0.2133294641971588,1529,457,69,39
243,13.302003917247,399,2.0,0.1717054396867752,1708,434,39,33
355,13.302003917247,399,2.0,0.5255618691444397,687,742,149,149
429,13.302003917247,399,2.0,0.5613200664520264,716,316,59,37
441,13.302003917247,399,2.0,0.3554825186729431,298,455,73,63
433,13.302003917247,399,2.0,0.348539263010025,462,504,79,65
498,13.302003917247,399,2.0,0.23015645146369934,1764,406,58,41
505,13.302003917247,399,2.0,0.5782830715179443,292,279,42,35
378,13.302003917247,399,2.0,0.17783862352371216,446,214,38,25
510,13.302003917247,399,2.0,0.3075781464576721,360,165,44,32
15,13.335342272929323,400,2.0,0.24238736927509308,1529,457,69,40
243,13.335342272929323,400,2.0,0.19685018062591553,1708,434,38,33
355,13.335342272929323,400,2.0,0.4730236530303955,701,759,155,154
429,13.335342272929323,400,2.0,0.4784974753856659,711,313,59,35
441,13.335342272929323,400,2.0,0.4092915952205658,301,460,75,64
433,13.335342272929323,400,2.0,0.41307222843170166,467,512,81,65
498,13.335342272929323,400,2.0,0.2744861841201782,1764,407,59,40
505,13.335342272929323,400,2.0,0.6677257418632507,292,281,43,32
378,13.335342272929323,400,2.0,0.14295035600662231,442,212,38,27
510,13.335342272929323,400,2.0,0.34940198063850403,359,163,50,34
15,13.368680628611646,401,2.0,0.22508175671100616,1529,457,69,40
243,13.368680628611646,401,2.0,0.20186714828014374,1708,434,38,33
355,13.368680628611646,401,2.0,0.3655526638031006,716,776,158,158
429,13.368680628611646,401,2.0,0.602356493473053,706,310,59,35
441,13.368680628611646,401,2.0,0.31691116094589233,306,465,70,64
433,13.368680628611646,401,2.0,0.49081215262413025,474,519,82,66
498,13.368680628611646,401,2.0,0.27666476368904114,1764,407,59,40
505,13.368680628611646,401,2.0,0.6553915739059448,293,283,41,32
378,13.368680628611646,401,2.0,0.18076172471046448,440,211,38,28
510,13.368680628611646,401,2.0,0.3412713408470154,358,163,49,34
15,13.402018984293969,402,2.0,0.26167938113212585,1529,457,68,40
243,13.402018984293969,402,2.0,0.21135371923446655,1708,434,38,33
355,13.402018984293969,402,7.0,0.417294442653656,731,793,162,164
429,13.402018984293969,402,2.0,0.6132797598838806,701,308,57,32
441,13.402018984293969,402,2.0,0.4452793598175049,309,470,69,64
433,13.402018984293969,402,2.0,0.543190062046051,479,525,80,67
498,13.402018984293969,402,2.0,0.28827333450317383,1764,407,59,40
505,13.402018984293969,402,2.0,0.6241058707237244,295,286,41,32
378,13.402018984293969,402,2.0,0.22068899869918823,439,208,38,29
510,13.402018984293969,402,2.0,0.2361188381910324,358,164,44,32
15,13.435357339976294,403,2.0,0.2718382179737091,1529,457,68,40
243,13.435357339976294,403,2.0,0.23902621865272522,1708,434,39,34
355,13.435357339976294,403,2.0,0.39334768056869507,746,811,165,169
429,13.435357339976294,403,2.0,0.6061012148857117,697,305,55,31
441,13.435357339976294,403,2.0,0.3829803168773651,314,479,68,57
433,13.435357339976294,403,2.0,0.5290847420692444,487,533,86,69
498,13.435357339976294,403,2.0,0.29863378405570984,1763,407,59,40
505,13.435357339976294,403,2.0,0.589884340763092,298,289,43,34
378,13.435357339976294,403,2.0,0.12517352402210236,437,209,36,28
510,13.435357339976294,403,2.0,0.2483404278755188,357,162,49,33
15,13.468695695658617,404,2.0,0.2787567377090454,1529,457,68,40
243,13.468695695658617,404,2.0,0.2571636140346527,1708,434,40,33
355,13.468695695658617,404,7.0,0.3653753101825714,766,830,175,174
429,13.468695695658617,404,2.0,0.5297161936759949,691,303,56,32
441,13.468695695658617,404,2.0,0.34731051325798035,316,483,72,63
433,13.468695695658617,404,2.0,0.7145978808403015,491,540,85,70
498,13.468695695658617,404,2.0,0.3143836557865143,1763,408,59,40
505,13.468695695658617,404,2.0,0.4844103753566742,299,292,44,33
378,13.468695695658617,404,2.0,0.14305098354816437,436,208,34,27
510,13.468695695658617,404,2.0,0.16725213825702667,357,160,52,35
15,13.50203405134094,405,2.0,0.2732924818992615,1530,457,68,39
243,13.50203405134094,405,2.0,0.25428664684295654,1708,434,40,33
355,13.50203405134094,405,7.0,0.2462514191865921,785,846,182,175
429,13.50203405134094,405,2.0,0.41352665424346924,686,301,56,34
441,13.50203405134094,405,2.0,0.3246695399284363,319,489,77,67
433,13.50203405134094,405,2.0,0.5741117000579834,496,547,83,71
498,13.50203405134094,405,2.0,0.3081369698047638,1762,408,60,39
505,13.50203405134094,405,2.0,0.5583564043045044,301,294,45,34
378,13.50203405134094,405,2.0,0.10852905362844467,435,208,36,26
510,13.50203405134094,405,2.0,0.1920589804649353,357,159,53,35
15,13.535372407023264,406,2.0,0.30381086468696594,1529,457,69,39
243,13.535372407023264,406,2.0,0.25534093379974365,1708,434,40,34
355,13.535372407023264,406,7.0,0.23397426307201385,803,873,188,195
429,13.535372407023264,406,2.0,0.4212351441383362,683,300,53,34
441,13.535372407023264,406,2.0,0.33737555146217346,321,494,80,72
433,13.535372407023264,406,2.0,0.5855928063392639,502,555,86,73
498,13.535372407023264,406,2.0,0.289422869682312,1762,408,59,39
505,13.535372407023264,406,2.0,0.626309871673584,303,295,48,36
510,13.535372407023264,406,2.0,0.1386808156967163,357,158,52,38
15,13.568710762705587,407,2.0,0.27346959710121155,1529,457,69,39
243,13.568710762705587,407,2.0,0.24091266095638275,1708,434,41,34
355,13.568710762705587,407,7.0,0.334405779838562,841,896,229,203
429,13.568710762705587,407,2.0,0.45791545510292053,677,298,56,35
441,13.568710762705587,407,2.0,0.40014833211898804,327,503,75,63
433,13.568710762705587,407,2.0,0.3354199528694153,510,563,89,74
498,13.568710762705587,407,2.0,0.27211764454841614,1761,410,60,38
505,13.568710762705587,407,2.0,0.5784505009651184,306,298,46,38
510,13.568710762705587,407,2.0,0.12109216302633286,350,154,43,41
15,13.60204911838791,408,2.0,0.32330456376075745,1529,457,69,39
243,13.60204911838791,408,2.0,0.27229487895965576,1708,434,41,34
355,13.60204911838791,408,7.0,0.29146018624305725,856,920,221,210
429,13.60204911838791,408,2.0,0.5279259085655212,674,296,58,35
441,13.60204911838791,408,2.0,0.5045534372329712,331,507,76,69
433,13.60204911838791,408,2.0,0.38887590169906616,516,572,92,75
498,13.60204911838791,408,2.0,0.3282873332500458,1760,410,61,40
505,13.60204911838791,408,2.0,0.6423912644386292,309,300,48,38
555,13.60204911838791,408,2.0,0.5393561720848083,858,383,64,37
558,13.60204911838791,408,2.0,0.3969273269176483,322,301,73,38
15,13.635387474070233,409,2.0,0.30618295073509216,1529,457,69,39
243,13.635387474070233,409,2.0,0.2568889558315277,1708,434,40,34
355,13.635387474070233,409,2.0,0.5715837478637695,875,940,217,203
429,13.635387474070233,409,2.0,0.6158003807067871,669,294,57,35
441,13.635387474070233,409,2.0,0.4556886851787567,335,514,78,75
433,13.635387474070233,409,2.0,0.5532622933387756,524,581,94,79
498,13.635387474070233,409,2.0,0.26952195167541504,1760,410,61,41
505,13.635387474070233,409,2.0,0.5605825185775757,312,303,49,38
555,13.635387474070233,409,2.0,0.18119923770427704,850,379,55,37
558,13.635387474070233,409,2.0,0.3720204830169678,323,302,72,40
510,13.635387474070233,409,2.0,0.3263888657093048,341,152,43,42
15,13.668725829752557,410,2.0,0.2883719801902771,1529,457,69,39
243,13.668725829752557,410,2.0,0.2554704546928406,1708,434,40,34
429,13.668725829752557,410,2.0,0.5821481943130493,665,293,57,35
441,13.668725829752557,410,2.0,0.3676533102989197,339,522,77,70
433,13.668725829752557,410,2.0,0.4346693754196167,535,593,84,75
498,13.668725829752557,410,2.0,0.24616064131259918,1760,411,61,40
505,13.668725829752557,410,2.0,0.5361871719360352,315,306,51,40
555,13.668725829752557,410,2.0,0.1608833223581314,844,376,50,37
558,13.668725829752557,410,2.0,0.26190733909606934,324,305,71,44
510,13.668725829752557,410,2.0,0.25675463676452637,339,151,43,42
15,13.70206418543488,411,2.0,0.2643965482711792,1529,457,69,39
243,13.70206418543488,411,2.0,0.21423964202404022,1708,434,39,33
429,13.70206418543488,411,2.0,0.4829248785972595,659,290,54,32
441,13.70206418543488,411,2.0,0.309642493724823,343,525,80,78
433,13.70206418543488,411,2.0,0.26450416445732117,539,601,92,80
498,13.70206418543488,411,2.0,0.21215660870075226,1760,411,62,40
505,13.70206418543488,411,2.0,0.5810528993606567,315,308,50,42
555,13.70206418543488,411,2.0,0.19744884967803955,833,372,68,40
558,13.70206418543488,411,2.0,0.11069786548614502,322,308,67,48
510,13.70206418543488,411,2.0,0.15117190778255463,337,150,41,42
15,13.735402541117203,412,2.0,0.2981126606464386,1529,457,69,39
243,13.735402541117203,412,2.0,0.21835879981517792,1708,434,39,33
429,13.735402541117203,412,2.0,0.5399830937385559,655,288,55,33
441,13.735402541117203,412,2.0,0.5105858445167542,347,533,82,78
433,13.735402541117203,412,2.0,0.38581547141075134,548,609,100,85
498,13.735402541117203,412,2.0,0.2023320496082306,1760,411,61,39
505,13.735402541117203,412,2.0,0.5892324447631836,317,313,52,42
555,13.735402541117203,412,2.0,0.17042654752731323,826,368,70,42
15,13.768740896799526,413,2.0,0.29471465945243835,1529,457,69,39
243,13.768740896799526,413,2.0,0.18160708248615265,1708,434,38,33
429,13.768740896799526,413,2.0,0.5224053859710693,651,286,51,29
441,13.768740896799526,413,2.0,0.548493504524231,349,541,87,80
433,13.768740896799526,413,2.0,0.5342000722885132,557,619,103,85
498,13.768740896799526,413,2.0,0.13526777923107147,1759,411,61,39
505,13.768740896799526,413,2.0,0.5973938703536987,320,316,52,42
15,13.80207925248185,414,2.0,0.29275956749916077,1529,457,69,38
243,13.80207925248185,414,2.0,0.182718425989151,1707,434,38,33
429,13.80207925248185,414,2.0,0.5092462301254272,648,284,51,28
441,13.80207925248185,414,2.0,0.3736700117588043,352,545,91,85
433,13.80207925248185,414,2.0,0.5640714764595032,565,630,106,88
498,13.80207925248185,414,2.0,0.1259792447090149,1760,409,59,37
505,13.80207925248185,414,2.0,0.5583622455596924,321,318,49,41
15,13.835417608164173,415,2.0,0.3066880404949188,1529,457,69,39
243,13.835417608164173,415,2.0,0.19309298694133759,1708,434,38,33
429,13.835417608164173,415,2.0,0.5934325456619263,643,282,52,28
441,13.835417608164173,415,2.0,0.4612487852573395,357,554,92,87
433,13.835417608164173,415,2.0,0.5276502370834351,573,641,105,87
498,13.835417608164173,415,2.0,0.14293737709522247,1761,409,58,36
505,13.835417608164173,415,2.0,0.536427915096283,323,320,49,42
15,13.868755963846496,416,2.0,0.3125457763671875,1529,457,69,39
243,13.868755963846496,416,2.0,0.20380331575870514,1708,434,38,33
429,13.868755963846496,416,2.0,0.569771945476532,640,281,52,27
441,13.868755963846496,416,2.0,0.47777286171913147,361,563,95,88
433,13.868755963846496,416,2.0,0.46147745847702026,583,652,108,91
498,13.868755963846496,416,2.0,0.14418190717697144,1761,408,58,36
505,13.868755963846496,416,2.0,0.5650032162666321,326,322,50,43
15,13.90209431952882,417,2.0,0.26560690999031067,1529,457,69,39
243,13.90209431952882,417,2.0,0.17844359576702118,1708,434,38,33
429,13.90209431952882,417,2.0,0.4165527820587158,636,279,48,26
441,13.90209431952882,417,2.0,0.3778686225414276,367,571,97,90
433,13.90209431952882,417,2.0,0.45743632316589355,593,663,112,93
505,13.90209431952882,417,2.0,0.5353128910064697,328,324,53,43
15,13.935432675211143,418,2.0,0.2530565559864044,1529,457,69,39
243,13.935432675211143,418,2.0,0.17110013961791992,1708,434,38,33
429,13.935432675211143,418,2.0,0.3486085534095764,632,278,46,27
441,13.935432675211143,418,2.0,0.3285005986690521,371,579,97,93
433,13.935432675211143,418,2.0,0.2623583674430847,604,676,117,96
505,13.935432675211143,418,2.0,0.5442907810211182,331,328,54,41
555,13.935432675211143,418,2.0,0.378894180059433,774,343,82,50
15,13.968771030893466,419,2.0,0.24486206471920013,1529,457,69,38
243,13.968771030893466,419,2.0,0.14420145750045776,1707,434,38,33
429,13.968771030893466,419,2.0,0.2486661970615387,628,277,49,27
441,13.968771030893466,419,7.0,0.28871282935142517,374,588,98,94
433,13.968771030893466,419,2.0,0.3903934359550476,615,687,120,101
505,13.968771030893466,419,2.0,0.6100154519081116,334,333,53,41
555,13.968771030893466,419,2.0,0.4840373396873474,765,340,77,49
15,14.002109386575789,420,2.0,0.27539169788360596,1529,456,69,38
243,14.002109386575789,420,2.0,0.16625142097473145,1707,434,39,33
429,14.002109386575789,420,2.0,0.31102004647254944,625,275,50,28
441,14.002109386575789,420,7.0,0.3646871745586395,380,597,101,97
433,14.002109386575789,420,2.0,0.5252465605735779,625,701,120,104
505,14.002109386575789,420,2.0,0.5799545645713806,337,337,55,44
555,14.002109386575789,420,2.0,0.5434016585350037,760,338,76,47
15,14.035447742258112,421,2.0,0.28282734751701355,1529,456,69,38
243,14.035447742258112,421,2.0,0.1715470850467682,1707,434,39,34
429,14.035447742258112,421,2.0,0.32342663407325745,619,273,47,30
441,14.035447742258112,421,2.0,0.39061248302459717,385,606,103,99
433,14.035447742258112,421,2.0,0.4550739824771881,636,715,122,109
505,14.035447742258112,421,2.0,0.6478565335273743,341,340,55,43
555,14.035447742258112,421,2.0,0.3912180960178375,760,337,62,43
15,14.068786097940436,422,2.0,0.23822206258773804,1529,456,69,39
243,14.068786097940436,422,2.0,0.16904614865779877,1707,434,39,34
429,14.068786097940436,422,2.0,0.34943604469299316,616,272,50,31
441,14.068786097940436,422,2.0,0.5726534724235535,392,617,104,100
433,14.068786097940436,422,2.0,0.5118317008018494,649,727,125,107
505,14.068786097940436,422,2.0,0.6365927457809448,343,343,55,41
555,14.068786097940436,422,2.0,0.16063381731510162,748,332,66,42
15,14.102124453622759,423,2.0,0.2579081356525421,1529,456,69,39
243,14.102124453622759,423,2.0,0.1760566681623459,1707,435,39,34
429,14.102124453622759,423,2.0,0.385689377784729,614,270,51,31
441,14.102124453622759,423,2.0,0.535820722579956,397,626,107,102
433,14.102124453622759,423,2.0,0.3121224045753479,661,742,127,114
505,14.102124453622759,423,2.0,0.705362856388092,345,345,57,43
555,14.102124453622759,423,2.0,0.20062114298343658,742,329,65,40
15,14.135462809305082,424,2.0,0.30696773529052734,1529,456,69,38
243,14.135462809305082,424,2.0,0.1558392494916916,1707,434,39,34
429,14.135462809305082,424,2.0,0.512302577495575,610,267,49,29
441,14.135462809305082,424,2.0,0.39466723799705505,403,635,111,108
433,14.135462809305082,424,2.0,0.2796388268470764,673,758,130,118
505,14.135462809305082,424,2.0,0.6111955046653748,347,347,55,44
555,14.135462809305082,424,2.0,0.3398926556110382,739,326,65,39
15,14.168801164987405,425,2.0,0.2968940734863281,1529,456,69,38
243,14.168801164987405,425,2.0,0.13987849652767181,1707,434,38,34
429,14.168801164987405,425,2.0,0.6583379507064819,606,264,42,25
441,14.168801164987405,425,2.0,0.4423139691352844,409,646,112,109
433,14.168801164987405,425,2.0,0.4092344045639038,689,775,137,124
505,14.168801164987405,425,2.0,0.6143580675125122,351,351,59,48
555,14.168801164987405,425,2.0,0.23248589038848877,731,324,66,41
15,14.202139520669729,426,2.0,0.28425130248069763,1529,456,69,38
243,14.202139520669729,426,2.0,0.1383930891752243,1707,434,38,34
429,14.202139520669729,426,2.0,0.5311867594718933,602,262,43,24
441,14.202139520669729,426,2.0,0.3860005736351013,416,657,114,113
433,14.202139520669729,426,2.0,0.4632187485694885,704,791,141,126
505,14.202139520669729,426,2.0,0.5725850462913513,353,356,59,51
555,14.202139520669729,426,2.0,0.26499295234680176,720,320,65,43
15,14.235477876352052,427,2.0,0.30967143177986145,1529,456,69,38
243,14.235477876352052,427,2.0,0.1683426946401596,1707,434,39,34
429,14.235477876352052,427,2.0,0.5655717253684998,597,260,41,23
441,14.235477876352052,427,2.0,0.4370556175708771,423,669,117,115
433,14.235477876352052,427,2.0,0.34958890080451965,718,809,145,134
505,14.235477876352052,427,2.0,0.6135434508323669,356,359,60,52
555,14.235477876352052,427,2.0,0.25340965390205383,714,318,63,42
582,14.235477876352052,427,2.0,0.656554639339447,1144,845,159,92
584,14.235477876352052,427,2.0,0.3897155225276947,1010,806,145,78
15,14.268816232034375,428,2.0,0.24093256890773773,1529,456,69,37
243,14.268816232034375,428,2.0,0.13247650861740112,1707,435,40,35
429,14.268816232034375,428,2.0,0.5216829776763916,593,258,41,24
441,14.268816232034375,428,7.0,0.5029590129852295,430,681,121,119
433,14.268816232034375,428,2.0,0.41930100321769714,735,828,150,138
505,14.268816232034375,428,2.0,0.4956716299057007,361,363,63,50
555,14.268816232034375,428,2.0,0.39680570363998413,708,315,63,40
582,14.268816232034375,428,2.0,0.5237880945205688,1152,842,164,93
584,14.268816232034375,428,2.0,0.43813782930374146,1017,805,146,76
15,14.3021545877167,429,2.0,0.24331167340278625,1529,456,69,37
243,14.3021545877167,429,2.0,0.12177281826734543,1707,436,40,35
429,14.3021545877167,429,2.0,0.5198431611061096,590,256,42,23
441,14.3021545877167,429,2.0,0.2992003858089447,437,692,123,122
433,14.3021545877167,429,2.0,0.4742262065410614,751,844,151,137
505,14.3021545877167,429,2.0,0.5455290079116821,364,367,59,50
555,14.3021545877167,429,2.0,0.45419415831565857,704,314,65,41
582,14.3021545877167,429,2.0,0.38028597831726074,1160,840,168,94
584,14.3021545877167,429,2.0,0.3656289875507355,1016,805,152,79
15,14.335492943399023,430,2.0,0.22876352071762085,1529,456,69,37
243,14.335492943399023,430,2.0,0.11756253987550735,1707,436,41,35
429,14.335492943399023,430,2.0,0.5419219136238098,588,255,44,23
441,14.335492943399023,430,7.0,0.3503302037715912,446,705,124,127
433,14.335492943399023,430,7.0,0.17498598992824554,768,864,156,142
505,14.335492943399023,430,2.0,0.60301673412323,366,369,60,51
555,14.335492943399023,430,2.0,0.34511324763298035,699,310,67,41
582,14.335492943399023,430,2.0,0.36525920033454895,1169,836,173,94
584,14.335492943399023,430,2.0,0.5155791640281677,1024,805,162,89
589,14.335492943399023,430,2.0,0.31821051239967346,1622,312,75,28
15,14.368831299081346,431,2.0,0.22347566485404968,1529,456,69,36
243,14.368831299081346,431,2.0,0.12505348026752472,1707,436,41,35
429,14.368831299081346,431,2.0,0.5507557988166809,586,254,45,23
441,14.368831299081346,431,2.0,0.3941752016544342,454,719,127,131
433,14.368831299081346,431,2.0,0.15183071792125702,784,888,157,152
505,14.368831299081346,431,2.0,0.4810183644294739,368,373,58,53
555,14.368831299081346,431,2.0,0.18310512602329254,693,308,65,41
582,14.368831299081346,431,2.0,0.4253644049167633,1178,830,167,91
584,14.368831299081346,431,2.0,0.42760327458381653,1031,806,167,91
589,14.368831299081346,431,2.0,0.32179978489875793,1622,312,77,29
15,14.40216965476367,432,2.0,0.2414453774690628,1529,456,69,36
243,14.40216965476367,432,2.0,0.13089925050735474,1707,436,41,35
429,14.40216965476367,432,2.0,0.3280453383922577,585,253,45,23
441,14.40216965476367,432,2.0,0.5040575265884399,462,732,132,135
505,14.40216965476367,432,2.0,0.44937562942504883,371,377,58,54
555,14.40216965476367,432,2.0,0.45032209157943726,691,306,66,37
582,14.40216965476367,432,2.0,0.3838280439376831,1187,823,164,96
584,14.40216965476367,432,2.0,0.5736581087112427,1036,804,177,92
589,14.40216965476367,432,2.0,0.30977725982666016,1624,312,80,29
15,14.435508010445993,433,2.0,0.2339838445186615,1529,456,69,36
243,14.435508010445993,433,2.0,0.12223713099956512,1707,436,41,36
429,14.435508010445993,433,2.0,0.29694467782974243,582,253,46,24
441,14.435508010445993,433,2.0,0.4431960880756378,470,745,136,141
505,14.435508010445993,433,2.0,0.5360187888145447,377,382,63,57
555,14.435508010445993,433,2.0,0.3776894807815552,686,303,61,36
582,14.435508010445993,433,2.0,0.4768841564655304,1198,817,156,96
584,14.435508010445993,433,2.0,0.41060879826545715,1039,800,184,91
589,14.435508010445993,433,2.0,0.27934595942497253,1625,312,80,29
15,14.468846366128316,434,2.0,0.2431466430425644,1529,456,69,36
243,14.468846366128316,434,2.0,0.13103991746902466,1707,436,41,36
429,14.468846366128316,434,2.0,0.2901066839694977,580,253,49,24
441,14.468846366128316,434,2.0,0.432052880525589,479,762,141,146
505,14.468846366128316,434,2.0,0.6840103268623352,380,386,66,56
555,14.468846366128316,434,2.0,0.40785545110702515,682,301,62,37
582,14.468846366128316,434,2.0,0.4780448079109192,1208,814,154,91
584,14.468846366128316,434,2.0,0.5122095942497253,1042,797,188,93
589,14.468846366128316,434,2.0,0.295440673828125,1625,312,79,29
15,14.50218472181064,435,2.0,0.23600375652313232,1529,456,69,36
243,14.50218472181064,435,2.0,0.11422227323055267,1707,436,41,36
429,14.50218472181064,435,2.0,0.184810608625412,574,252,47,25
441,14.50218472181064,435,2.0,0.4566773772239685,487,778,146,147
505,14.50218472181064,435,2.0,0.6207578778266907,384,390,67,56
555,14.50218472181064,435,2.0,0.28101852536201477,677,299,65,38
582,14.50218472181064,435,2.0,0.4342815577983856,1214,811,148,88
589,14.50218472181064,435,2.0,0.28061676025390625,1628,313,78,30
15,14.535523077492963,436,2.0,0.2541031241416931,1529,456,69,36
243,14.535523077492963,436,2.0,0.12366855144500732,1707,436,41,36
429,14.535523077492963,436,2.0,0.19705304503440857,570,250,46,27
441,14.535523077492963,436,7.0,0.44185033440589905,497,794,149,154
505,14.535523077492963,436,2.0,0.6174743175506592,386,396,65,56
555,14.535523077492963,436,2.0,0.28351008892059326,670,297,62,40
582,14.535523077492963,436,2.0,0.5442088842391968,1221,807,140,88
589,14.535523077492963,436,2.0,0.23596233129501343,1626,312,72,28
15,14.568861433175286,437,2.0,0.26894161105155945,1529,456,69,36
243,14.568861433175286,437,2.0,0.12778393924236298,1707,436,42,35
429,14.568861433175286,437,2.0,0.3740479350090027,566,249,46,28
441,14.568861433175286,437,7.0,0.4383704662322998,509,812,152,161
505,14.568861433175286,437,2.0,0.6637677550315857,389,400,66,58
555,14.568861433175286,437,2.0,0.2960346043109894,664,296,60,39
582,14.568861433175286,437,2.0,0.37610581517219543,1226,803,133,89
589,14.568861433175286,437,2.0,0.2225821167230606,1629,313,75,30
15,14.60219978885761,438,2.0,0.27210840582847595,1529,456,69,36
243,14.60219978885761,438,2.0,0.12806077301502228,1707,436,42,35
429,14.60219978885761,438,2.0,0.20022884011268616,563,247,46,27
441,14.60219978885761,438,7.0,0.38690727949142456,519,830,158,169
505,14.60219978885761,438,2.0,0.6632136702537537,393,402,65,61
555,14.60219978885761,438,2.0,0.2304147332906723,662,294,60,39
582,14.60219978885761,438,2.0,0.3755923807621002,1232,801,127,86
589,14.60219978885761,438,2.0,0.23952040076255798,1630,313,77,30
584,14.60219978885761,438,2.0,0.4669061601161957,1079,781,167,92
15,14.635538144539932,439,2.0,0.25801950693130493,1529,456,69,36
243,14.635538144539932,439,2.0,0.12231963127851486,1707,436,42,35
429,14.635538144539932,439,2.0,0.4179476201534271,560,246,45,26
441,14.635538144539932,439,7.0,0.5395111441612244,530,847,164,171
505,14.635538144539932,439,2.0,0.5635954141616821,397,407,66,62
555,14.635538144539932,439,2.0,0.30926263332366943,656,291,61,38
582,14.635538144539932,439,2.0,0.43287256360054016,1236,796,119,80
589,14.635538144539932,439,2.0,0.2970470190048218,1632,314,79,31
584,14.635538144539932,439,2.0,0.5882720947265625,1089,776,162,95
15,14.668876500222256,440,2.0,0.2661582827568054,1529,456,69,36
243,14.668876500222256,440,2.0,0.13392433524131775,1707,436,42,35
429,14.668876500222256,440,2.0,0.37576842308044434,557,242,43,25
441,14.668876500222256,440,2.0,0.38284873962402344,540,859,165,163
505,14.668876500222256,440,2.0,0.4500199556350708,403,413,70,61
555,14.668876500222256,440,2.0,0.18959450721740723,649,289,55,37
582,14.668876500222256,440,2.0,0.4030557870864868,1243,794,113,76
589,14.668876500222256,440,2.0,0.20963998138904572,1633,314,79,31
584,14.668876500222256,440,2.0,0.484476774930954,1096,773,163,96
15,14.702214855904579,441,2.0,0.28970736265182495,1529,456,69,36
243,14.702214855904579,441,2.0,0.1431010216474533,1707,436,42,35
429,14.702214855904579,441,2.0,0.4576101005077362,554,241,40,25
441,14.702214855904579,441,7.0,0.10018301010131836,546,872,155,154
505,14.702214855904579,441,2.0,0.6283773183822632,406,418,67,58
555,14.702214855904579,441,2.0,0.3177453577518463,646,287,56,37
582,14.702214855904579,441,2.0,0.5650275945663452,1247,793,104,69
589,14.702214855904579,441,2.0,0.216448575258255,1634,314,78,30
584,14.702214855904579,441,2.0,0.43385306000709534,1102,770,161,96
606,14.702214855904579,441,2.0,0.765608012676239,1626,794,238,117
15,14.735553211586902,442,2.0,0.3053436279296875,1529,456,69,36
243,14.735553211586902,442,2.0,0.15151755511760712,1707,436,43,36
429,14.735553211586902,442,2.0,0.19959381222724915,551,239,37,26
441,14.735553211586902,442,7.0,0.1959487497806549,555,883,152,138
505,14.735553211586902,442,2.0,0.6124930381774902,412,424,66,61
555,14.735553211586902,442,2.0,0.4936705529689789,644,284,54,33
582,14.735553211586902,442,2.0,0.6003943085670471,1251,793,95,63
589,14.735553211586902,442,2.0,0.21428412199020386,1636,314,79,30
584,14.735553211586902,442,2.0,0.4472879469394684,1109,770,173,99
606,14.735553211586902,442,2.0,0.7205979824066162,1592,777,235,110
15,14.768891567269225,443,2.0,0.314890593290329,1529,456,69,36
243,14.768891567269225,443,2.0,0.15538887679576874,1707,436,43,36
429,14.768891567269225,443,2.0,0.14804719388484955,549,238,35,25
505,14.768891567269225,443,2.0,0.5892021656036377,416,430,69,64
555,14.768891567269225,443,2.0,0.3515351712703705,642,283,53,31
582,14.768891567269225,443,2.0,0.4374198019504547,1254,792,85,59
589,14.768891567269225,443,2.0,0.32834601402282715,1638,315,81,29
584,14.768891567269225,443,2.0,0.43595919013023376,1116,767,177,96
606,14.768891567269225,443,2.0,0.7418044209480286,1548,754,224,111
15,14.802229922951549,444,2.0,0.3093186616897583,1529,456,69,36
243,14.802229922951549,444,2.0,0.1595001220703125,1707,436,43,36
505,14.802229922951549,444,2.0,0.6118289232254028,421,434,73,64
555,14.802229922951549,444,2.0,0.22025825083255768,637,281,54,30
582,14.802229922951549,444,2.0,0.4033019542694092,1255,793,67,51
589,14.802229922951549,444,2.0,0.2908933460712433,1640,315,84,30
584,14.802229922951549,444,2.0,0.3228747248649597,1124,763,167,94
606,14.802229922951549,444,2.0,0.6784079074859619,1511,739,221,105
15,14.835568278633872,445,2.0,0.3024914562702179,1529,456,69,37
243,14.835568278633872,445,2.0,0.14693357050418854,1707,436,43,36
505,14.835568278633872,445,2.0,0.5559902191162109,426,440,73,63
555,14.835568278633872,445,2.0,0.24625709652900696,631,279,49,30
589,14.835568278633872,445,2.0,0.25504711270332336,1641,315,85,30
584,14.835568278633872,445,2.0,0.49283477663993835,1127,759,147,89
606,14.835568278633872,445,2.0,0.5059161186218262,1476,722,215,100
15,14.868906634316195,446,2.0,0.3038756251335144,1529,456,69,36
243,14.868906634316195,446,2.0,0.1502724587917328,1707,436,43,35
505,14.868906634316195,446,2.0,0.6513169407844543,431,447,75,64
555,14.868906634316195,446,2.0,0.11930408328771591,628,278,55,33
589,14.868906634316195,446,2.0,0.24610844254493713,1641,315,85,30
584,14.868906634316195,446,2.0,0.4148191809654236,1132,756,142,87
606,14.868906634316195,446,2.0,0.7526991963386536,1439,707,202,96
15,14.902244989998518,447,2.0,0.3188570439815521,1529,456,69,37
243,14.902244989998518,447,2.0,0.14556515216827393,1707,436,43,36
505,14.902244989998518,447,2.0,0.5708926320075989,437,454,77,62
555,14.902244989998518,447,2.0,0.1542251855134964,625,277,57,32
589,14.902244989998518,447,2.0,0.27632975578308105,1641,315,84,29
584,14.902244989998518,447,2.0,0.44632193446159363,1137,753,139,85
606,14.902244989998518,447,2.0,0.7658894658088684,1407,690,194,91
15,14.935583345680842,448,2.0,0.31032687425613403,1529,456,69,37
243,14.935583345680842,448,2.0,0.14341869950294495,1707,436,43,36
505,14.935583345680842,448,2.0,0.639382541179657,441,458,79,67
555,14.935583345680842,448,2.0,0.21476104855537415,622,275,58,32
589,14.935583345680842,448,2.0,0.2573113739490509,1641,314,81,27
584,14.935583345680842,448,2.0,0.2614031136035919,1142,753,132,82
606,14.935583345680842,448,2.0,0.7012603282928467,1380,674,193,92
15,14.968921701363165,449,2.0,0.3043329417705536,1529,456,69,37
243,14.968921701363165,449,2.0,0.12065203487873077,1707,436,42,36
505,14.968921701363165,449,2.0,0.4062069058418274,446,463,80,70
555,14.968921701363165,449,2.0,0.14525051414966583,615,273,55,34
589,14.968921701363165,449,2.0,0.2395753115415573,1641,314,76,26
584,14.968921701363165,449,2.0,0.36701035499572754,1145,750,126,82
606,14.968921701363165,449,2.0,0.6344778537750244,1348,660,183,89
15,15.002260057045488,450,2.0,0.30138495564460754,1529,456,69,37
243,15.002260057045488,450,2.0,0.122335284948349,1707,436,41,36
505,15.002260057045488,450,2.0,0.6779104471206665,449,471,79,68
555,15.002260057045488,450,2.0,0.21920526027679443,614,272,55,35
589,15.002260057045488,450,2.0,0.29110798239707947,1641,314,71,25
584,15.002260057045488,450,2.0,0.30807557702064514,1149,748,122,81
606,15.002260057045488,450,2.0,0.743287205696106,1319,647,176,82
15,15.035598412727811,451,2.0,0.29375216364860535,1529,456,69,37
243,15.035598412727811,451,2.0,0.1152007132768631,1707,436,41,36
505,15.035598412727811,451,2.0,0.5054851174354553,455,478,79,70
555,15.035598412727811,451,2.0,0.3307153880596161,610,269,52,35
589,15.035598412727811,451,2.0,0.22272075712680817,1642,314,70,25
584,15.035598412727811,451,2.0,0.35730621218681335,1154,746,118,76
606,15.035598412727811,451,2.0,0.5736667513847351,1294,636,175,82
15,15.068936768410135,452,2.0,0.2685457766056061,1529,456,69,38
243,15.068936768410135,452,2.0,0.10160280764102936,1706,436,41,36
505,15.068936768410135,452,2.0,0.5093125104904175,460,482,81,73
555,15.068936768410135,452,2.0,0.22386333346366882,606,268,53,36
589,15.068936768410135,452,2.0,0.1638670563697815,1644,314,61,24
584,15.068936768410135,452,2.0,0.3677695095539093,1157,745,113,71
606,15.068936768410135,452,2.0,0.6457198858261108,1267,623,168,79
15,15.102275124092458,453,2.0,0.28027650713920593,1529,456,69,37
243,15.102275124092458,453,2.0,0.1028614193201065,1706,436,41,36
505,15.102275124092458,453,2.0,0.5317196846008301,466,490,83,76
555,15.102275124092458,453,2.0,0.293117493391037,602,265,49,33
589,15.102275124092458,453,2.0,0.1750439554452896,1648,314,65,24
584,15.102275124092458,453,2.0,0.4327217936515808,1160,744,107,68
606,15.102275124092458,453,2.0,0.7847468256950378,1239,611,153,76
15,15.135613479774783,454,2.0,0.2873844504356384,1529,456,69,37
243,15.135613479774783,454,2.0,0.10128173977136612,1706,436,41,36
505,15.135613479774783,454,2.0,0.47014355659484863,472,496,83,76
555,15.135613479774783,454,2.0,0.34500831365585327,595,261,48,29
589,15.135613479774783,454,2.0,0.19864390790462494,1649,315,66,25
584,15.135613479774783,454,2.0,0.39329078793525696,1164,745,100,61
606,15.135613479774783,454,2.0,0.7495365142822266,1221,601,157,72
15,15.168951835457106,455,2.0,0.3058151602745056,1529,456,69,37
243,15.168951835457106,455,2.0,0.11455421149730682,1706,436,41,36
505,15.168951835457106,455,2.0,0.4745888113975525,478,503,84,74
555,15.168951835457106,455,2.0,0.40142837166786194,592,260,50,27
589,15.168951835457106,455,2.0,0.19014061987400055,1650,314,62,24
584,15.168951835457106,455,2.0,0.45329537987709045,1167,744,94,60
606,15.168951835457106,455,2.0,0.6297506093978882,1196,590,149,70
15,15.20229019113943,456,2.0,0.28332045674324036,1529,456,69,37
243,15.20229019113943,456,2.0,0.11305218935012817,1706,436,41,36
505,15.20229019113943,456,7.0,0.3208179473876953,486,510,87,80
555,15.20229019113943,456,2.0,0.5118224024772644,588,257,52,25
589,15.20229019113943,456,2.0,0.1062178760766983,1651,314,50,22
584,15.20229019113943,456,2.0,0.33280426263809204,1170,743,85,57
606,15.20229019113943,456,2.0,0.4700418710708618,1176,579,143,69
15,15.235628546821752,457,2.0,0.3222682774066925,1529,456,69,38
243,15.235628546821752,457,2.0,0.13655328750610352,1707,436,41,36
505,15.235628546821752,457,2.0,0.34731656312942505,492,517,89,80
555,15.235628546821752,457,2.0,0.412389874458313,585,257,50,25
589,15.235628546821752,457,2.0,0.14536742866039276,1651,313,48,22
584,15.235628546821752,457,2.0,0.4486178457736969,1172,745,75,48
606,15.235628546821752,457,2.0,0.6963523030281067,1152,569,135,67
15,15.268966902504076,458,2.0,0.3026973605155945,1529,456,69,37
243,15.268966902504076,458,2.0,0.12853282690048218,1707,436,41,36
505,15.268966902504076,458,2.0,0.4182220697402954,499,524,92,81
555,15.268966902504076,458,2.0,0.5426450967788696,583,255,51,26
589,15.268966902504076,458,2.0,0.18504318594932556,1651,313,49,22
584,15.268966902504076,458,2.0,0.214599609375,1174,746,61,41
606,15.268966902504076,458,2.0,0.5289991497993469,1135,559,138,65
15,15.302305258186399,459,2.0,0.3104056715965271,1529,456,69,37
243,15.302305258186399,459,2.0,0.13074515759944916,1707,436,41,36
505,15.302305258186399,459,2.0,0.6165591478347778,508,534,94,83
555,15.302305258186399,459,2.0,0.24937422573566437,584,254,51,27
589,15.302305258186399,459,2.0,0.16559259593486786,1651,313,50,23
606,15.302305258186399,459,2.0,0.618399977684021,1115,549,130,63
15,15.335643613868722,460,2.0,0.2988739311695099,1529,456,69,36
243,15.335643613868722,460,2.0,0.13697707653045654,1707,436,41,36
505,15.335643613868722,460,2.0,0.3312242925167084,514,542,96,86
555,15.335643613868722,460,2.0,0.2386617660522461,579,253,53,26
589,15.335643613868722,460,2.0,0.15010303258895874,1651,314,54,24
606,15.335643613868722,460,2.0,0.6382365822792053,1096,541,121,63
15,15.368981969551045,461,2.0,0.2842871844768524,1529,456,69,37
243,15.368981969551045,461,2.0,0.13358664512634277,1707,436,41,35
505,15.368981969551045,461,2.0,0.4264146387577057,521,550,99,86
555,15.368981969551045,461,2.0,0.14045099914073944,576,253,51,26
589,15.368981969551045,461,2.0,0.16222158074378967,1651,314,57,24
606,15.368981969551045,461,2.0,0.5483542084693909,1082,532,126,62
15,15.402320325233369,462,2.0,0.29003989696502686,1529,456,69,37
243,15.402320325233369,462,2.0,0.12949085235595703,1707,437,42,36
505,15.402320325233369,462,7.0,0.48195168375968933,529,559,97,88
555,15.402320325233369,462,2.0,0.17912647128105164,573,252,52,27
589,15.402320325233369,462,2.0,0.141368567943573,1652,314,60,25
606,15.402320325233369,462,2.0,0.6502265334129333,1064,524,125,61
15,15.435658680915692,463,2.0,0.31408795714378357,1529,456,69,37
243,15.435658680915692,463,2.0,0.14116135239601135,1707,436,41,35
505,15.435658680915692,463,2.0,0.43462181091308594,537,567,101,93
555,15.435658680915692,463,2.0,0.20315860211849213,571,251,55,28
589,15.435658680915692,463,2.0,0.10861488431692123,1652,315,59,24
606,15.435658680915692,463,2.0,0.6755138039588928,1048,518,121,60
15,15.468997036598015,464,2.0,0.25483861565589905,1529,456,69,36
243,15.468997036598015,464,2.0,0.12147359549999237,1707,436,41,35
505,15.468997036598015,464,2.0,0.45846232771873474,546,578,104,96
555,15.468997036598015,464,2.0,0.14574970304965973,564,250,49,30
589,15.468997036598015,464,2.0,0.12390396744012833,1652,315,60,24
606,15.468997036598015,464,2.0,0.5547583103179932,1033,509,122,59
15,15.502335392280338,465,2.0,0.2841457426548004,1529,456,69,37
243,15.502335392280338,465,2.0,0.12877455353736877,1707,436,41,35
505,15.502335392280338,465,2.0,0.5874460339546204,555,588,105,99
555,15.502335392280338,465,2.0,0.21376384794712067,562,248,47,30
589,15.502335392280338,465,2.0,0.10472030937671661,1653,316,64,25
606,15.502335392280338,465,2.0,0.5529450178146362,1016,501,113,55
15,15.535673747962662,466,2.0,0.24806782603263855,1529,456,69,37
243,15.535673747962662,466,2.0,0.11398588865995407,1707,436,41,35
505,15.535673747962662,466,7.0,0.49326080083847046,565,597,108,102
555,15.535673747962662,466,2.0,0.1754809468984604,560,247,52,31
589,15.535673747962662,466,2.0,0.12385646253824234,1653,315,62,24
606,15.535673747962662,466,2.0,0.646884024143219,1000,495,107,55
15,15.569012103644985,467,2.0,0.2796088457107544,1529,456,69,37
243,15.569012103644985,467,2.0,0.12389539182186127,1707,436,41,36
505,15.569012103644985,467,7.0,0.46426698565483093,573,610,108,102
606,15.569012103644985,467,2.0,0.44125160574913025,989,486,109,54
15,15.602350459327308,468,2.0,0.28270357847213745,1529,456,69,36
243,15.602350459327308,468,2.0,0.14798152446746826,1707,436,41,35
505,15.602350459327308,468,2.0,0.5530090928077698,583,620,111,105
606,15.602350459327308,468,2.0,0.604996383190155,972,479,101,53
15,15.635688815009631,469,2.0,0.28668734431266785,1529,456,68,36
243,15.635688815009631,469,2.0,0.15166500210762024,1707,436,41,35
505,15.635688815009631,469,2.0,0.5070050358772278,594,630,118,110
606,15.635688815009631,469,2.0,0.6398265957832336,959,472,101,54
15,15.669027170691955,470,2.0,0.25178027153015137,1529,456,69,37
243,15.669027170691955,470,2.0,0.15333238244056702,1707,436,40,35
505,15.669027170691955,470,2.0,0.6025490164756775,604,642,120,114
606,15.669027170691955,470,2.0,0.5879731178283691,950,467,107,53
15,15.702365526374278,471,2.0,0.31190580129623413,1529,456,69,36
243,15.702365526374278,471,2.0,0.15376868844032288,1707,436,40,35
505,15.702365526374278,471,7.0,0.4459547996520996,616,655,123,117
606,15.702365526374278,471,2.0,0.7032227516174316,935,461,97,52
15,15.735703882056601,472,2.0,0.3190430700778961,1529,456,69,36
243,15.735703882056601,472,2.0,0.15245060622692108,1707,436,41,35
505,15.735703882056601,472,2.0,0.39344531297683716,627,668,128,119
606,15.735703882056601,472,2.0,0.6987007856369019,920,455,91,50
15,15.769042237738924,473,2.0,0.31574729084968567,1529,456,69,37
243,15.769042237738924,473,2.0,0.1560276448726654,1707,436,41,35
505,15.769042237738924,473,7.0,0.4884611964225769,640,680,130,125
606,15.769042237738924,473,2.0,0.7456019520759583,910,450,93,48
15,15.802380593421248,474,2.0,0.3113342225551605,1529,456,69,37
243,15.802380593421248,474,2.0,0.15984384715557098,1707,436,41,35
505,15.802380593421248,474,7.0,0.4271005690097809,652,695,134,129
606,15.802380593421248,474,2.0,0.6698994636535645,899,444,92,46
15,15.83571894910357,475,2.0,0.30990391969680786,1529,456,68,37
243,15.83571894910357,475,2.0,0.16318337619304657,1707,436,40,35
505,15.83571894910357,475,7.0,0.44418519735336304,665,707,139,134
606,15.83571894910357,475,2.0,0.7761339545249939,886,439,89,47
15,15.869057304785894,476,2.0,0.31477785110473633,1529,456,68,37
243,15.869057304785894,476,2.0,0.17863509058952332,1707,436,40,35
505,15.869057304785894,476,2.0,0.5757561922073364,678,724,140,137
606,15.869057304785894,476,2.0,0.7003548741340637,876,432,90,48
15,15.902395660468217,477,2.0,0.29268649220466614,1529,456,68,36
243,15.902395660468217,477,2.0,0.15563885867595673,1707,436,40,35
505,15.902395660468217,477,2.0,0.6394459009170532,694,739,146,142
606,15.902395660468217,477,2.0,0.5745980739593506,866,427,89,48
15,15.93573401615054,478,2.0,0.30265530943870544,1529,456,68,36
243,15.93573401615054,478,2.0,0.15482422709465027,1707,436,40,35
505,15.93573401615054,478,2.0,0.6472176909446716,707,756,148,146
606,15.93573401615054,478,2.0,0.6926897168159485,856,422,89,48
15,15.969072371832864,479,2.0,0.2777673304080963,1529,456,68,36
243,15.969072371832864,479,2.0,0.14873437583446503,1707,436,40,35
505,15.969072371832864,479,2.0,0.5701380968093872,724,774,154,151
606,15.969072371832864,479,2.0,0.5908820033073425,843,417,82,47
15,16.002410727515187,480,2.0,0.2590377628803253,1529,456,68,36
243,16.002410727515187,480,2.0,0.14237144589424133,1707,436,40,35
505,16.002410727515187,480,2.0,0.44031885266304016,740,792,159,157
606,16.002410727515187,480,2.0,0.4691388010978699,833,412,79,44
15,16.035749083197512,481,2.0,0.2657487094402313,1529,456,68,37
243,16.035749083197512,481,2.0,0.14209243655204773,1707,436,40,35
505,16.035749083197512,481,2.0,0.3731447756290436,758,811,164,163
606,16.035749083197512,481,2.0,0.670917272567749,824,408,76,43
15,16.069087438879833,482,2.0,0.2536020576953888,1529,456,68,37
243,16.069087438879833,482,2.0,0.14013662934303284,1707,436,40,35
505,16.069087438879833,482,2.0,0.5110021829605103,775,831,168,169
606,16.069087438879833,482,2.0,0.7091230154037476,817,403,77,41
15,16.10242579456216,483,2.0,0.2737700343132019,1529,456,69,37
243,16.10242579456216,483,2.0,0.14375057816505432,1707,436,40,35
505,16.10242579456216,483,2.0,0.4275650084018707,795,848,176,168
606,16.10242579456216,483,2.0,0.6548317670822144,809,398,80,41
15,16.13576415024448,484,2.0,0.2633756697177887,1529,456,68,37
243,16.13576415024448,484,2.0,0.13577446341514587,1707,436,40,35
606,16.13576415024448,484,2.0,0.525256335735321,797,393,74,40
15,16.169102505926805,485,2.0,0.25402721762657166,1529,456,69,37
243,16.169102505926805,485,2.0,0.13987688720226288,1707,436,40,35
606,16.169102505926805,485,2.0,0.5204313397407532,787,389,71,40
15,16.202440861609126,486,2.0,0.27554208040237427,1529,456,69,37
243,16.202440861609126,486,2.0,0.14492273330688477,1707,436,40,35
606,16.202440861609126,486,2.0,0.7194713950157166,779,385,70,40
15,16.23577921729145,487,2.0,0.24480104446411133,1529,456,69,37
243,16.23577921729145,487,2.0,0.11409254372119904,1706,436,40,35
606,16.23577921729145,487,2.0,0.6676787734031677,771,382,72,40
15,16.269117572973773,488,2.0,0.26757746934890747,1529,456,69,37
243,16.269117572973773,488,2.0,0.11335846781730652,1706,436,40,35
606,16.269117572973773,488,2.0,0.6775515079498291,764,378,68,40
626,16.269117572973773,488,2.0,0.385172039270401,1322,498,58,38
15,16.302455928656098,489,2.0,0.2020592987537384,1529,457,68,37
243,16.302455928656098,489,2.0,0.14065583050251007,1706,435,40,36
606,16.302455928656098,489,2.0,0.6189565658569336,758,373,74,42
626,16.302455928656098,489,2.0,0.16925644874572754,1320,497,53,35
627,16.302455928656098,489,2.0,0.37078699469566345,269,242,35,36
15,16.33579428433842,490,2.0,0.18303167819976807,1530,457,68,38
243,16.33579428433842,490,2.0,0.13206681609153748,1707,435,40,36
606,16.33579428433842,490,2.0,0.521416425704956,750,369,67,39
627,16.33579428433842,490,2.0,0.2537529766559601,270,242,37,35
15,16.369132640020744,491,2.0,0.2096131145954132,1530,457,68,38
243,16.369132640020744,491,2.0,0.14767061173915863,1707,435,40,36
606,16.369132640020744,491,2.0,0.6193721294403076,743,366,68,40
627,16.369132640020744,491,2.0,0.2846798896789551,271,244,38,36
15,16.402470995703066,492,2.0,0.222686767578125,1530,457,68,38
243,16.402470995703066,492,2.0,0.16747182607650757,1707,435,40,36
606,16.402470995703066,492,2.0,0.5919351577758789,736,362,69,40
627,16.402470995703066,492,2.0,0.26576730608940125,273,246,40,35
15,16.43580935138539,493,2.0,0.21295392513275146,1530,457,68,37
243,16.43580935138539,493,2.0,0.16890354454517365,1707,435,40,36
606,16.43580935138539,493,2.0,0.5075032114982605,726,358,68,37
627,16.43580935138539,493,2.0,0.22399426996707916,275,251,41,30
15,16.469147707067716,494,2.0,0.23772452771663666,1530,457,68,37
243,16.469147707067716,494,2.0,0.17763303220272064,1707,435,40,36
606,16.469147707067716,494,2.0,0.5682202577590942,718,354,64,35
627,16.469147707067716,494,2.0,0.20451468229293823,276,253,40,27
15,16.502486062750037,495,2.0,0.24636100232601166,1530,457,68,37
243,16.502486062750037,495,2.0,0.18749110400676727,1707,435,40,36
606,16.502486062750037,495,2.0,0.5110253095626831,711,351,59,34
627,16.502486062750037,495,2.0,0.4040563702583313,279,254,45,27
15,16.535824418432362,496,2.0,0.21221943199634552,1530,456,67,37
243,16.535824418432362,496,2.0,0.17297282814979553,1707,435,40,35
606,16.535824418432362,496,2.0,0.4315759837627411,706,347,61,34
627,16.535824418432362,496,2.0,0.3120155334472656,279,255,41,28
15,16.569162774114684,497,2.0,0.20319180190563202,1530,456,67,37
243,16.569162774114684,497,2.0,0.1855047196149826,1707,435,39,35
606,16.569162774114684,497,2.0,0.3614664375782013,700,344,60,34
627,16.569162774114684,497,2.0,0.35948312282562256,281,256,39,28
15,16.60250112979701,498,2.0,0.20643796026706696,1530,456,68,37
243,16.60250112979701,498,2.0,0.17390674352645874,1707,435,40,35
606,16.60250112979701,498,2.0,0.4710792601108551,693,340,60,35
627,16.60250112979701,498,2.0,0.22476935386657715,284,258,38,27
15,16.63583948547933,499,2.0,0.2234266996383667,1530,457,68,37
243,16.63583948547933,499,2.0,0.17319613695144653,1707,435,40,35
606,16.63583948547933,499,2.0,0.5388448238372803,688,336,60,35
627,16.63583948547933,499,2.0,0.46763041615486145,285,260,36,27
635,16.63583948547933,499,2.0,0.5205353498458862,1630,612,88,49
15,16.669177841161655,500,2.0,0.23990367352962494,1530,457,68,37
243,16.669177841161655,500,2.0,0.17686256766319275,1707,435,40,35
606,16.669177841161655,500,2.0,0.6171357035636902,681,332,61,32
627,16.669177841161655,500,2.0,0.3837098479270935,287,263,37,30
635,16.669177841161655,500,2.0,0.5378175973892212,1635,611,91,51
15,16.702516196843977,501,2.0,0.26112332940101624,1530,457,68,37
243,16.702516196843977,501,2.0,0.16973987221717834,1707,435,40,35
606,16.702516196843977,501,2.0,0.5380124449729919,675,330,58,31
627,16.702516196843977,501,2.0,0.42289096117019653,287,265,37,33
635,16.702516196843977,501,2.0,0.6406367421150208,1638,610,94,52
639,16.702516196843977,501,2.0,0.38511085510253906,1274,475,82,34
15,16.735854552526302,502,2.0,0.28164923191070557,1530,457,68,38
243,16.735854552526302,502,2.0,0.18052516877651215,1707,435,40,35
606,16.735854552526302,502,2.0,0.5835141539573669,670,328,59,33
627,16.735854552526302,502,2.0,0.5580214858055115,288,267,37,34
635,16.735854552526302,502,2.0,0.5690025091171265,1642,608,93,53
639,16.735854552526302,502,2.0,0.3338921070098877,1271,474,75,36
15,16.769192908208623,503,2.0,0.27337315678596497,1530,457,68,37
243,16.769192908208623,503,2.0,0.18254247307777405,1707,435,40,35
606,16.769192908208623,503,2.0,0.5854997634887695,665,326,58,32
627,16.769192908208623,503,2.0,0.43081462383270264,291,267,39,37
635,16.769192908208623,503,2.0,0.6159709692001343,1646,606,94,56
639,16.769192908208623,503,2.0,0.40578925609588623,1266,473,72,37
640,16.769192908208623,503,2.0,0.4475303292274475,1080,777,160,91
15,16.80253126389095,504,2.0,0.27423974871635437,1530,457,68,37
243,16.80253126389095,504,2.0,0.18430395424365997,1707,435,41,35
606,16.80253126389095,504,2.0,0.5414221286773682,659,323,56,33
627,16.80253126389095,504,2.0,0.519515872001648,292,268,37,40
635,16.80253126389095,504,2.0,0.6820319294929504,1651,606,96,58
639,16.80253126389095,504,2.0,0.2638625502586365,1261,471,66,35
640,16.80253126389095,504,2.0,0.5005640983581543,1087,776,157,94
15,16.83586961957327,505,2.0,0.30231040716171265,1530,457,68,38
243,16.83586961957327,505,2.0,0.19197715818881989,1707,435,41,35
606,16.83586961957327,505,2.0,0.5371010899543762,653,319,56,34
627,16.83586961957327,505,2.0,0.6048033833503723,294,270,40,42
635,16.83586961957327,505,2.0,0.6342212557792664,1656,604,95,57
639,16.83586961957327,505,2.0,0.45768728852272034,1262,471,68,37
640,16.83586961957327,505,2.0,0.35815703868865967,1091,772,146,90
15,16.869207975255595,506,2.0,0.2822313606739044,1530,457,68,37
243,16.869207975255595,506,2.0,0.18768543004989624,1707,435,40,35
606,16.869207975255595,506,2.0,0.48648133873939514,649,316,60,35
627,16.869207975255595,506,2.0,0.44337916374206543,299,275,47,37
635,16.869207975255595,506,2.0,0.5401062369346619,1662,604,94,58
639,16.869207975255595,506,2.0,0.23591487109661102,1258,469,67,37
640,16.869207975255595,506,2.0,0.35948535799980164,1099,770,149,88
15,16.902546330937916,507,2.0,0.2898213863372803,1530,457,68,37
243,16.902546330937916,507,2.0,0.1953103393316269,1707,435,40,35
606,16.902546330937916,507,2.0,0.5028500556945801,642,313,61,35
627,16.902546330937916,507,2.0,0.4468379318714142,299,277,46,36
635,16.902546330937916,507,2.0,0.5670443177223206,1666,602,94,56
639,16.902546330937916,507,2.0,0.2633891701698303,1257,469,64,37
640,16.902546330937916,507,2.0,0.4288964867591858,1102,767,152,88
15,16.93588468662024,508,2.0,0.26520082354545593,1530,457,68,37
243,16.93588468662024,508,2.0,0.18571533262729645,1707,435,41,35
606,16.93588468662024,508,2.0,0.5376355648040771,637,310,57,32
627,16.93588468662024,508,2.0,0.4451090395450592,301,280,46,34
635,16.93588468662024,508,2.0,0.5891112089157104,1669,601,95,55
639,16.93588468662024,508,2.0,0.20360451936721802,1254,468,64,38
640,16.93588468662024,508,2.0,0.484706848859787,1109,767,145,78
644,16.93588468662024,508,2.0,0.8025605082511902,1616,799,222,110
15,16.969223042302563,509,2.0,0.2968471050262451,1530,458,68,39
243,16.969223042302563,509,2.0,0.18399162590503693,1707,435,40,35
606,16.969223042302563,509,2.0,0.6873664855957031,629,308,53,31
627,16.969223042302563,509,2.0,0.5782372355461121,301,282,44,33
635,16.969223042302563,509,2.0,0.6387734413146973,1674,598,94,51
639,16.969223042302563,509,2.0,0.2720712125301361,1251,467,66,39
640,16.969223042302563,509,2.0,0.5617644786834717,1120,765,145,74
644,16.969223042302563,509,2.0,0.6256094574928284,1578,780,214,105
15,17.002561397984888,510,2.0,0.34894949197769165,1530,458,68,39
243,17.002561397984888,510,2.0,0.2073361575603485,1707,435,40,35
606,17.002561397984888,510,2.0,0.6660783886909485,624,306,52,32
627,17.002561397984888,510,2.0,0.5470160245895386,301,283,40,33
635,17.002561397984888,510,2.0,0.6435973644256592,1676,595,86,48
639,17.002561397984888,510,2.0,0.32786285877227783,1254,466,61,39
640,17.002561397984888,510,2.0,0.5515215992927551,1121,761,133,75
15,17.03589975366721,511,2.0,0.3039757013320923,1530,458,68,40
243,17.03589975366721,511,2.0,0.16754576563835144,1707,435,40,35
606,17.03589975366721,511,2.0,0.6208187341690063,620,303,50,32
627,17.03589975366721,511,2.0,0.5077808499336243,304,285,42,33
635,17.03589975366721,511,2.0,0.6414515376091003,1682,593,87,47
639,17.03589975366721,511,2.0,0.2936813235282898,1255,465,53,36
640,17.03589975366721,511,2.0,0.5769973397254944,1125,758,131,74
644,17.03589975366721,511,2.0,0.774603545665741,1504,742,206,102
15,17.069238109349534,512,2.0,0.32886168360710144,1530,458,68,40
243,17.069238109349534,512,2.0,0.1803211122751236,1707,435,40,34
606,17.069238109349534,512,2.0,0.5755884647369385,616,301,53,31
627,17.069238109349534,512,2.0,0.476187139749527,308,289,44,34
635,17.069238109349534,512,2.0,0.6595180630683899,1686,591,86,49
639,17.069238109349534,512,2.0,0.23774993419647217,1255,463,53,35
640,17.069238109349534,512,2.0,0.5390320420265198,1134,755,132,74
644,17.069238109349534,512,2.0,0.45529839396476746,1465,725,193,98
15,17.102576465031856,513,2.0,0.30919235944747925,1530,458,68,40
243,17.102576465031856,513,2.0,0.18652388453483582,1707,435,40,34
606,17.102576465031856,513,2.0,0.5240956544876099,611,299,51,30
627,17.102576465031856,513,2.0,0.5088379383087158,309,292,44,33
635,17.102576465031856,513,2.0,0.5853541493415833,1690,589,85,49
639,17.102576465031856,513,2.0,0.2627873420715332,1253,462,47,34
640,17.102576465031856,513,2.0,0.5199088454246521,1140,755,129,72
644,17.102576465031856,513,2.0,0.33983853459358215,1430,710,184,91
15,17.13591482071418,514,2.0,0.3299371302127838,1530,459,69,41
243,17.13591482071418,514,2.0,0.1832292675971985,1707,435,40,34
606,17.13591482071418,514,2.0,0.535776674747467,606,297,50,30
627,17.13591482071418,514,2.0,0.5402595400810242,312,294,46,36
635,17.13591482071418,514,2.0,0.6087580323219299,1696,585,88,53
640,17.13591482071418,514,2.0,0.6762099266052246,1142,753,122,71
644,17.13591482071418,514,2.0,0.4434109628200531,1401,695,186,87
15,17.169253176396502,515,2.0,0.3163143992424011,1530,459,68,41
243,17.169253176396502,515,2.0,0.20093731582164764,1707,435,40,34
606,17.169253176396502,515,2.0,0.5549903512001038,602,295,51,31
627,17.169253176396502,515,2.0,0.5719519853591919,314,294,47,40
635,17.169253176396502,515,2.0,0.6761714816093445,1700,583,89,53
640,17.169253176396502,515,2.0,0.4316595196723938,1146,749,119,71
644,17.169253176396502,515,7.0,0.16909842193126678,1370,680,176,88
15,17.202591532078827,516,2.0,0.3054957687854767,1530,459,69,41
243,17.202591532078827,516,2.0,0.18721580505371094,1707,435,39,35
606,17.202591532078827,516,2.0,0.55218905210495,598,292,53,31
627,17.202591532078827,516,2.0,0.6416008472442627,320,295,57,43
635,17.202591532078827,516,2.0,0.7453632354736328,1704,580,88,54
640,17.202591532078827,516,2.0,0.6225066184997559,1150,746,114,69
644,17.202591532078827,516,2.0,0.603752076625824,1342,665,171,84
15,17.23592988776115,517,2.0,0.28205421566963196,1530,459,69,42
243,17.23592988776115,517,2.0,0.17331089079380035,1707,435,39,35
606,17.23592988776115,517,2.0,0.5735123753547668,594,290,54,30
627,17.23592988776115,517,2.0,0.5883000493049622,323,297,57,44
635,17.23592988776115,517,2.0,0.6813293695449829,1709,580,91,55
640,17.23592988776115,517,2.0,0.48092150688171387,1155,747,109,64
644,17.23592988776115,517,2.0,0.5886937975883484,1316,654,168,81
15,17.269268243443474,518,2.0,0.2596519887447357,1530,459,69,42
243,17.269268243443474,518,2.0,0.16599725186824799,1707,435,39,34
606,17.269268243443474,518,2.0,0.580160915851593,589,287,51,27
627,17.269268243443474,518,2.0,0.45571160316467285,320,299,51,43
635,17.269268243443474,518,2.0,0.720050573348999,1713,579,91,54
640,17.269268243443474,518,2.0,0.4007725119590759,1160,746,109,63
644,17.269268243443474,518,2.0,0.5589157938957214,1287,641,154,77
15,17.3026065991258,519,2.0,0.298324853181839,1530,459,68,41
243,17.3026065991258,519,2.0,0.20012012124061584,1707,435,39,34
606,17.3026065991258,519,2.0,0.5824703574180603,583,285,49,26
627,17.3026065991258,519,2.0,0.44688600301742554,320,305,48,37
635,17.3026065991258,519,2.0,0.7049724459648132,1717,578,91,52
640,17.3026065991258,519,2.0,0.39850908517837524,1164,747,105,58
644,17.3026065991258,519,2.0,0.37697112560272217,1263,629,153,76
15,17.33594495480812,520,2.0,0.2937474250793457,1530,459,68,42
243,17.33594495480812,520,2.0,0.18580922484397888,1707,435,40,35
606,17.33594495480812,520,2.0,0.5710297226905823,578,282,46,29
627,17.33594495480812,520,2.0,0.42711174488067627,323,308,50,39
635,17.33594495480812,520,2.0,0.6820974946022034,1722,576,87,51
640,17.33594495480812,520,2.0,0.5275470614433289,1167,745,99,58
644,17.33594495480812,520,2.0,0.6680039763450623,1236,618,143,72
15,17.369283310490445,521,2.0,0.24159301817417145,1530,459,69,42
243,17.369283310490445,521,2.0,0.14641661942005157,1707,435,39,34
606,17.369283310490445,521,2.0,0.6098763942718506,575,281,45,30
627,17.369283310490445,521,2.0,0.47960126399993896,324,312,49,43
635,17.369283310490445,521,2.0,0.7445669174194336,1726,574,86,46
640,17.369283310490445,521,2.0,0.5305880904197693,1169,746,92,51
644,17.369283310490445,521,2.0,0.3045045733451843,1213,607,138,72
15,17.402621666172767,522,2.0,0.2948821783065796,1530,459,69,42
243,17.402621666172767,522,2.0,0.154911607503891,1707,435,39,34
606,17.402621666172767,522,2.0,0.5273134708404541,572,279,50,30
627,17.402621666172767,522,2.0,0.43290746212005615,327,314,51,43
635,17.402621666172767,522,2.0,0.652633011341095,1730,572,84,47
640,17.402621666172767,522,2.0,0.6028100848197937,1171,746,83,45
644,17.402621666172767,522,2.0,0.5601692199707031,1194,596,129,70
15,17.43596002185509,523,2.0,0.3198155462741852,1530,459,69,42
243,17.43596002185509,523,2.0,0.1738012731075287,1707,435,40,35
606,17.43596002185509,523,2.0,0.24524065852165222,568,276,52,29
627,17.43596002185509,523,2.0,0.5143347978591919,330,318,54,40
635,17.43596002185509,523,2.0,0.6898853778839111,1734,570,83,48
640,17.43596002185509,523,2.0,0.3858785033226013,1173,745,71,38
644,17.43596002185509,523,2.0,0.4845618009567261,1173,585,127,72
15,17.469298377537413,524,2.0,0.3297516107559204,1530,459,69,42
243,17.469298377537413,524,2.0,0.16988977789878845,1707,435,40,35
606,17.469298377537413,524,2.0,0.32057470083236694,563,274,50,29
627,17.469298377537413,524,2.0,0.5387092232704163,335,320,62,43
635,17.469298377537413,524,2.0,0.6471878290176392,1738,567,83,48
640,17.469298377537413,524,2.0,0.17088329792022705,1174,742,60,35
644,17.469298377537413,524,2.0,0.6327514052391052,1150,574,120,71
15,17.502636733219738,525,2.0,0.3460244834423065,1530,459,69,42
243,17.502636733219738,525,2.0,0.18218711018562317,1707,435,40,35
606,17.502636733219738,525,2.0,0.33760201930999756,561,272,51,28
627,17.502636733219738,525,2.0,0.6249828934669495,338,321,65,46
635,17.502636733219738,525,2.0,0.5790387392044067,1743,565,87,50
644,17.502636733219738,525,2.0,0.5315233469009399,1130,565,118,67
15,17.53597508890206,526,2.0,0.33884522318840027,1530,459,69,42
243,17.53597508890206,526,2.0,0.18804717063903809,1707,435,40,35
606,17.53597508890206,526,2.0,0.4693858325481415,558,270,49,31
627,17.53597508890206,526,2.0,0.6356287002563477,342,323,65,46
635,17.53597508890206,526,2.0,0.6486332416534424,1744,563,82,48
644,17.53597508890206,526,2.0,0.44118228554725647,1119,556,128,65
668,17.53597508890206,526,2.0,0.3748186528682709,1190,437,76,44
15,17.569313444584385,527,2.0,0.2937033176422119,1530,458,69,41
243,17.569313444584385,527,2.0,0.1708889752626419,1707,435,40,35
606,17.569313444584385,527,2.0,0.6034161448478699,553,267,47,30
627,17.569313444584385,527,2.0,0.5993655920028687,347,326,69,48
635,17.569313444584385,527,2.0,0.6393346190452576,1746,562,80,48
644,17.569313444584385,527,2.0,0.6970219016075134,1097,547,116,63
668,17.569313444584385,527,2.0,0.2751806974411011,1185,437,67,41
15,17.602651800266706,528,2.0,0.2990468144416809,1530,458,69,40
243,17.602651800266706,528,2.0,0.16853904724121094,1707,435,40,35
606,17.602651800266706,528,2.0,0.564408004283905,549,266,46,30
627,17.602651800266706,528,2.0,0.605009138584137,345,329,63,47
635,17.602651800266706,528,2.0,0.6283281445503235,1752,558,83,49
644,17.602651800266706,528,2.0,0.6389085650444031,1083,539,123,63
668,17.602651800266706,528,2.0,0.2992279827594757,1182,434,62,41
15,17.63599015594903,529,2.0,0.30788713693618774,1530,458,69,40
243,17.63599015594903,529,2.0,0.16961276531219482,1707,435,39,35
606,17.63599015594903,529,2.0,0.582510769367218,545,262,48,27
627,17.63599015594903,529,2.0,0.3938315808773041,344,332,59,49
635,17.63599015594903,529,2.0,0.6116930246353149,1755,557,83,50
644,17.63599015594903,529,2.0,0.7285749912261963,1062,531,112,60
668,17.63599015594903,529,2.0,0.2585568428039551,1177,432,55,39
669,17.63599015594903,529,2.0,0.5230782628059387,237,302,55,29
15,17.669328511631353,530,2.0,0.3314081132411957,1530,458,69,40
243,17.669328511631353,530,2.0,0.17705856263637543,1707,435,39,35
606,17.669328511631353,530,2.0,0.42944690585136414,539,260,45,26
627,17.669328511631353,530,2.0,0.48164668679237366,346,337,56,46
635,17.669328511631353,530,2.0,0.5902494788169861,1759,556,85,52
644,17.669328511631353,530,2.0,0.6603909730911255,1047,523,112,59
668,17.669328511631353,530,2.0,0.3446398973464966,1178,433,56,41
669,17.669328511631353,530,2.0,0.46405258774757385,238,303,54,30
15,17.702666867313678,531,2.0,0.2652471363544464,1530,458,69,40
243,17.702666867313678,531,2.0,0.15643861889839172,1707,435,39,35
606,17.702666867313678,531,2.0,0.45991602540016174,536,259,45,25
627,17.702666867313678,531,2.0,0.5459526777267456,349,340,56,45
635,17.702666867313678,531,2.0,0.6617565751075745,1764,554,84,52
644,17.702666867313678,531,2.0,0.5989521741867065,1035,516,115,58
668,17.702666867313678,531,2.0,0.3348451256752014,1177,432,54,40
669,17.702666867313678,531,2.0,0.44244474172592163,240,306,53,34
15,17.736005222996,532,2.0,0.2498999685049057,1530,458,69,39
243,17.736005222996,532,2.0,0.15657445788383484,1707,435,39,34
606,17.736005222996,532,2.0,0.4793175160884857,533,258,42,25
627,17.736005222996,532,2.0,0.6651278734207153,350,344,52,43
635,17.736005222996,532,2.0,0.6857791543006897,1767,552,82,50
644,17.736005222996,532,2.0,0.5884411334991455,1018,508,106,58
668,17.736005222996,532,2.0,0.2469458132982254,1178,431,50,40
669,17.736005222996,532,2.0,0.5509230494499207,243,310,55,37
15,17.769343578678324,533,2.0,0.2518618404865265,1530,458,68,39
243,17.769343578678324,533,2.0,0.15286743640899658,1707,435,39,34
606,17.769343578678324,533,2.0,0.44674214720726013,528,257,43,28
627,17.769343578678324,533,2.0,0.6057702898979187,363,350,71,41
635,17.769343578678324,533,2.0,0.7037419676780701,1773,551,85,49
644,17.769343578678324,533,2.0,0.5932410955429077,1001,500,102,53
668,17.769343578678324,533,2.0,0.15675312280654907,1176,431,45,40
669,17.769343578678324,533,2.0,0.41180920600891113,244,313,54,36
15,17.802681934360645,534,2.0,0.27876901626586914,1530,458,69,39
243,17.802681934360645,534,2.0,0.1704401671886444,1707,434,38,34
606,17.802681934360645,534,2.0,0.5038811564445496,527,255,46,29
627,17.802681934360645,534,2.0,0.5044764280319214,365,351,73,44
635,17.802681934360645,534,2.0,0.628751814365387,1777,550,84,48
644,17.802681934360645,534,2.0,0.4741194248199463,988,494,96,50
668,17.802681934360645,534,2.0,0.11502917110919952,1175,429,39,37
669,17.802681934360645,534,2.0,0.1952749639749527,246,315,58,38
15,17.83602029004297,535,2.0,0.25489458441734314,1530,458,69,39
243,17.83602029004297,535,2.0,0.16575855016708374,1707,434,38,35
606,17.83602029004297,535,2.0,0.3731141686439514,524,254,46,28
627,17.83602029004297,535,2.0,0.5074817538261414,363,352,64,47
635,17.83602029004297,535,2.0,0.5613712072372437,1780,548,83,48
644,17.83602029004297,535,2.0,0.6022676825523376,973,486,96,51
669,17.83602029004297,535,2.0,0.16623543202877045,247,318,60,38
15,17.869358645725292,536,2.0,0.25170785188674927,1530,457,68,39
243,17.869358645725292,536,2.0,0.16631938517093658,1707,434,38,34
606,17.869358645725292,536,2.0,0.35931697487831116,520,253,47,28
627,17.869358645725292,536,2.0,0.5535757541656494,364,357,59,46
635,17.869358645725292,536,2.0,0.5758218765258789,1783,547,82,47
644,17.869358645725292,536,2.0,0.5237388610839844,959,479,92,52
669,17.869358645725292,536,2.0,0.25982600450515747,248,321,62,36
674,17.869358645725292,536,2.0,0.43765586614608765,369,355,78,51
15,17.902697001407617,537,2.0,0.27163341641426086,1530,458,68,39
243,17.902697001407617,537,2.0,0.17601613700389862,1707,434,38,34
606,17.902697001407617,537,2.0,0.3460123836994171,517,250,49,29
627,17.902697001407617,537,2.0,0.5337532758712769,366,361,57,47
635,17.902697001407617,537,2.0,0.5106354355812073,1785,544,82,47
644,17.902697001407617,537,2.0,0.5819345116615295,950,473,97,55
669,17.902697001407617,537,2.0,0.47773808240890503,247,324,53,34
15,17.93603535708994,538,2.0,0.266857773065567,1530,457,68,39
243,17.93603535708994,538,2.0,0.17205756902694702,1707,434,38,34
606,17.93603535708994,538,2.0,0.32684460282325745,514,249,50,29
627,17.93603535708994,538,2.0,0.5309029817581177,367,365,56,46
635,17.93603535708994,538,2.0,0.5069511532783508,1788,542,80,46
644,17.93603535708994,538,2.0,0.4387863576412201,944,466,105,56
669,17.93603535708994,538,2.0,0.5020041465759277,250,326,58,34
15,17.969373712772263,539,2.0,0.316745400428772,1530,457,68,39
243,17.969373712772263,539,2.0,0.19890499114990234,1707,434,38,34
606,17.969373712772263,539,2.0,0.34352603554725647,511,247,48,29
627,17.969373712772263,539,2.0,0.46855103969573975,369,367,57,46
635,17.969373712772263,539,2.0,0.5704605579376221,1792,540,80,45
644,17.969373712772263,539,2.0,0.34958627820014954,927,461,97,54
669,17.969373712772263,539,2.0,0.514171838760376,252,328,60,35
15,18.002712068454585,540,2.0,0.28952211141586304,1530,457,68,39
243,18.002712068454585,540,2.0,0.1922837197780609,1707,434,39,34
606,18.002712068454585,540,2.0,0.3389672040939331,507,246,46,29
627,18.002712068454585,540,2.0,0.5239174962043762,371,369,56,49
635,18.002712068454585,540,2.0,0.637240469455719,1796,538,82,46
644,18.002712068454585,540,2.0,0.5520376563072205,914,455,89,52
669,18.002712068454585,540,2.0,0.5232873558998108,253,331,60,34
15,18.03605042413691,541,2.0,0.30473488569259644,1530,457,68,39
243,18.03605042413691,541,2.0,0.1598474234342575,1707,434,38,34
606,18.03605042413691,541,2.0,0.4841047525405884,504,244,47,28
627,18.03605042413691,541,2.0,0.5038880109786987,374,372,59,52
635,18.03605042413691,541,2.0,0.5777250528335571,1799,537,81,46
644,18.03605042413691,541,2.0,0.6295541524887085,906,450,97,49
669,18.03605042413691,541,2.0,0.546271562576294,252,334,56,35
15,18.06938877981923,542,2.0,0.3039684295654297,1530,458,68,40
243,18.06938877981923,542,2.0,0.1713697463274002,1707,434,38,34
606,18.06938877981923,542,2.0,0.5043538808822632,500,243,43,27
627,18.06938877981923,542,2.0,0.5417919158935547,379,377,61,55
635,18.06938877981923,542,2.0,0.6262156963348389,1803,536,81,47
644,18.06938877981923,542,2.0,0.618441104888916,891,445,87,46
669,18.06938877981923,542,2.0,0.489700585603714,256,337,63,36
15,18.102727135501556,543,2.0,0.3173481523990631,1530,458,68,39
243,18.102727135501556,543,2.0,0.1787470579147339,1707,434,37,34
606,18.102727135501556,543,2.0,0.4720098376274109,496,241,43,26
627,18.102727135501556,543,2.0,0.588853120803833,382,382,63,56
635,18.102727135501556,543,2.0,0.7026336789131165,1806,535,83,48
644,18.102727135501556,543,2.0,0.6297541260719299,881,440,84,44
669,18.102727135501556,543,2.0,0.5342330932617188,256,339,60,38
15,18.136065491183878,544,2.0,0.32533422112464905,1530,458,68,40
243,18.136065491183878,544,2.0,0.1855209916830063,1707,434,37,34
606,18.136065491183878,544,2.0,0.3527847230434418,493,239,41,24
627,18.136065491183878,544,2.0,0.5823031663894653,385,385,63,56
635,18.136065491183878,544,2.0,0.6870973706245422,1808,533,83,49
644,18.136065491183878,544,2.0,0.6390904784202576,870,434,84,46
669,18.136065491183878,544,2.0,0.4973040223121643,255,342,53,38
15,18.169403846866203,545,2.0,0.3087887763977051,1530,458,68,40
243,18.169403846866203,545,2.0,0.17601047456264496,1707,434,38,34
606,18.169403846866203,545,2.0,0.21549144387245178,490,236,41,26
627,18.169403846866203,545,2.0,0.6295003890991211,388,390,65,54
635,18.169403846866203,545,2.0,0.6693198680877686,1813,533,82,49
644,18.169403846866203,545,2.0,0.6592074632644653,860,430,85,46
669,18.169403846866203,545,2.0,0.3429866135120392,253,345,46,37
677,18.169403846866203,545,2.0,0.41738325357437134,202,244,39,32
15,18.202742202548528,546,2.0,0.28105512261390686,1530,458,68,40
243,18.202742202548528,546,2.0,0.16229820251464844,1707,434,37,34
606,18.202742202548528,546,2.0,0.3338015675544739,486,235,38,26
627,18.202742202548528,546,2.0,0.5188997387886047,394,394,72,56
635,18.202742202548528,546,2.0,0.6580748558044434,1817,531,81,48
644,18.202742202548528,546,2.0,0.5770769119262695,851,424,84,46
669,18.202742202548528,546,2.0,0.43693479895591736,259,348,57,35
677,18.202742202548528,546,2.0,0.37063753604888916,202,247,37,33
15,18.23608055823085,547,2.0,0.26935771107673645,1530,458,68,41
243,18.23608055823085,547,2.0,0.15537571907043457,1707,434,38,34
606,18.23608055823085,547,2.0,0.23512142896652222,484,235,37,26
627,18.23608055823085,547,2.0,0.6028342843055725,396,398,70,57
635,18.23608055823085,547,2.0,0.6896969676017761,1820,530,80,49
644,18.23608055823085,547,2.0,0.5790930986404419,840,419,77,45
669,18.23608055823085,547,2.0,0.4459875226020813,261,351,57,36
677,18.23608055823085,547,2.0,0.3455869257450104,202,249,36,34
15,18.269418913913174,548,2.0,0.24761787056922913,1530,458,68,41
243,18.269418913913174,548,2.0,0.15412990748882294,1707,434,37,34
606,18.269418913913174,548,2.0,0.1715821921825409,483,234,38,25
627,18.269418913913174,548,2.0,0.5315119028091431,398,401,68,59
635,18.269418913913174,548,2.0,0.662665605545044,1824,529,80,49
644,18.269418913913174,548,2.0,0.6051538586616516,829,414,76,43
669,18.269418913913174,548,2.0,0.442376047372818,258,353,49,36
677,18.269418913913174,548,2.0,0.25660398602485657,203,251,36,33
15,18.302757269595496,549,2.0,0.29273173213005066,1530,458,69,41
243,18.302757269595496,549,2.0,0.16872729361057281,1707,434,38,34
606,18.302757269595496,549,2.0,0.16455528140068054,482,233,41,24
627,18.302757269595496,549,2.0,0.47528159618377686,403,406,67,61
635,18.302757269595496,549,2.0,0.7265101075172424,1828,527,82,48
644,18.302757269595496,549,2.0,0.680176317691803,820,410,74,42
669,18.302757269595496,549,2.0,0.4579417407512665,261,357,51,38
677,18.302757269595496,549,2.0,0.373524934053421,205,252,37,33
679,18.302757269595496,549,2.0,0.6562227010726929,1095,764,152,78
15,18.33609562527782,550,2.0,0.26704609394073486,1529,457,68,39
243,18.33609562527782,550,2.0,0.14382466673851013,1707,436,38,33
627,18.33609562527782,550,2.0,0.30740612745285034,408,410,68,62
635,18.33609562527782,550,2.0,0.7178470492362976,1831,525,81,45
644,18.33609562527782,550,2.0,0.5781951546669006,814,406,72,39
669,18.33609562527782,550,2.0,0.31719860434532166,260,361,46,37
677,18.33609562527782,550,2.0,0.3342116177082062,206,253,38,34
679,18.33609562527782,550,2.0,0.6628685593605042,1100,760,148,81
15,18.369433980960142,551,2.0,0.28124961256980896,1529,457,68,38
243,18.369433980960142,551,2.0,0.13804957270622253,1707,436,37,33
627,18.369433980960142,551,2.0,0.36532068252563477,414,417,70,60
635,18.369433980960142,551,2.0,0.653973400592804,1834,523,78,43
644,18.369433980960142,551,2.0,0.5100106000900269,807,400,72,39
669,18.369433980960142,551,2.0,0.382488489151001,263,363,48,37
677,18.369433980960142,551,2.0,0.20315012335777283,206,254,34,35
679,18.369433980960142,551,2.0,0.6071915030479431,1105,758,141,79
15,18.402772336642467,552,2.0,0.26865726709365845,1529,457,68,38
243,18.402772336642467,552,2.0,0.12803500890731812,1707,436,37,33
627,18.402772336642467,552,2.0,0.3254182040691376,417,423,69,61
635,18.402772336642467,552,2.0,0.6494691967964172,1835,521,72,43
644,18.402772336642467,552,2.0,0.608418881893158,798,397,62,38
669,18.402772336642467,552,2.0,0.375448614358902,262,366,44,35
677,18.402772336642467,552,2.0,0.2842227518558502,209,255,37,35
679,18.402772336642467,552,2.0,0.46442851424217224,1112,755,136,80
15,18.43611069232479,553,2.0,0.28515106439590454,1529,457,68,38
243,18.43611069232479,553,2.0,0.13693085312843323,1707,437,37,33
627,18.43611069232479,553,2.0,0.40105608105659485,421,428,70,65
635,18.43611069232479,553,2.0,0.5752485394477844,1838,519,70,43
644,18.43611069232479,553,2.0,0.5267685651779175,788,392,65,38
669,18.43611069232479,553,2.0,0.29209041595458984,261,369,40,36
677,18.43611069232479,553,2.0,0.3480006754398346,209,257,39,35
679,18.43611069232479,553,2.0,0.6482861042022705,1119,753,136,80
682,18.43611069232479,553,2.0,0.43404096364974976,274,371,71,39
15,18.469449048007114,554,2.0,0.2681769132614136,1529,457,68,38
243,18.469449048007114,554,2.0,0.13503903150558472,1707,437,37,33
627,18.469449048007114,554,2.0,0.3754112422466278,426,431,70,68
635,18.469449048007114,554,2.0,0.6745669841766357,1842,518,72,42
644,18.469449048007114,554,2.0,0.6520066261291504,779,389,67,40
669,18.469449048007114,554,2.0,0.23001085221767426,262,373,40,37
677,18.469449048007114,554,2.0,0.3738086223602295,211,259,37,35
679,18.469449048007114,554,2.0,0.6926330924034119,1122,751,130,80
682,18.469449048007114,554,2.0,0.45389315485954285,274,373,69,39
15,18.502787403689435,555,2.0,0.2922588586807251,1529,457,68,38
243,18.502787403689435,555,2.0,0.13957884907722473,1707,437,37,33
627,18.502787403689435,555,2.0,0.41392821073532104,431,437,73,68
635,18.502787403689435,555,2.0,0.6013811826705933,1846,516,73,43
644,18.502787403689435,555,2.0,0.6498193144798279,772,385,70,39
669,18.502787403689435,555,2.0,0.2147091180086136,264,375,42,38
677,18.502787403689435,555,2.0,0.41953808069229126,212,259,36,35
679,18.502787403689435,555,2.0,0.7211931943893433,1126,748,126,80
682,18.502787403689435,555,2.0,0.45840269327163696,272,376,57,39
685,18.502787403689435,555,2.0,0.3976258635520935,1328,498,50,30
15,18.53612575937176,556,2.0,0.2890978157520294,1529,457,68,38
243,18.53612575937176,556,2.0,0.12043295055627823,1707,436,37,33
627,18.53612575937176,556,2.0,0.49173951148986816,437,444,77,67
635,18.53612575937176,556,2.0,0.7016605734825134,1848,516,74,44
644,18.53612575937176,556,2.0,0.630298376083374,764,381,68,39
677,18.53612575937176,556,2.0,0.28679656982421875,212,262,33,36
679,18.53612575937176,556,2.0,0.6482569575309753,1132,746,125,77
682,18.53612575937176,556,2.0,0.4317924380302429,269,380,51,39
685,18.53612575937176,556,2.0,0.5091032385826111,1325,498,53,31
15,18.569464115054082,557,2.0,0.2903514504432678,1529,457,68,38
243,18.569464115054082,557,2.0,0.11940032243728638,1707,436,37,33
627,18.569464115054082,557,2.0,0.32600337266921997,440,449,75,68
635,18.569464115054082,557,2.0,0.6764266490936279,1852,515,76,43
644,18.569464115054082,557,2.0,0.6450386643409729,758,376,68,38
677,18.569464115054082,557,2.0,0.28553399443626404,214,265,35,36
679,18.569464115054082,557,2.0,0.605806291103363,1135,744,121,75
682,18.569464115054082,557,2.0,0.26331496238708496,270,384,49,40
685,18.569464115054082,557,2.0,0.4968748688697815,1326,497,50,32
15,18.602802470736407,558,2.0,0.2955973446369171,1529,457,68,38
243,18.602802470736407,558,2.0,0.11177730560302734,1707,436,37,33
627,18.602802470736407,558,2.0,0.40664082765579224,442,453,75,68
635,18.602802470736407,558,2.0,0.6528630256652832,1855,514,77,44
644,18.602802470736407,558,2.0,0.6870256066322327,754,373,73,40
677,18.602802470736407,558,2.0,0.35536956787109375,215,267,37,34
679,18.602802470736407,558,2.0,0.5792086124420166,1139,742,114,72
685,18.602802470736407,558,2.0,0.5395504832267761,1323,497,54,34
15,18.63614082641873,559,2.0,0.281955361366272,1529,456,68,38
243,18.63614082641873,559,2.0,0.11452364921569824,1707,436,37,33
627,18.63614082641873,559,2.0,0.21960166096687317,449,458,73,70
635,18.63614082641873,559,2.0,0.6242451667785645,1857,511,73,44
644,18.63614082641873,559,2.0,0.5898229479789734,747,369,72,43
677,18.63614082641873,559,2.0,0.24382387101650238,215,271,34,33
679,18.63614082641873,559,2.0,0.527665913105011,1143,742,109,69
685,18.63614082641873,559,2.0,0.4664579927921295,1324,496,53,33
606,18.63614082641873,559,2.0,0.25895923376083374,455,219,38,21
682,18.63614082641873,559,2.0,0.46735453605651855,281,391,61,40
15,18.669479182101053,560,2.0,0.23773090541362762,1529,457,68,38
243,18.669479182101053,560,2.0,0.12099261581897736,1707,436,37,33
627,18.669479182101053,560,2.0,0.3332253694534302,453,464,75,71
635,18.669479182101053,560,2.0,0.6383618116378784,1859,509,71,45
644,18.669479182101053,560,2.0,0.492532342672348,738,366,66,39
677,18.669479182101053,560,2.0,0.24079446494579315,216,273,38,35
679,18.669479182101053,560,2.0,0.36768171191215515,1149,742,109,67
685,18.669479182101053,560,2.0,0.2774617075920105,1321,496,57,33
606,18.669479182101053,560,2.0,0.2056896686553955,451,217,35,21
682,18.669479182101053,560,2.0,0.503302276134491,284,395,65,39
15,18.702817537783375,561,2.0,0.23605623841285706,1529,456,68,38
243,18.702817537783375,561,2.0,0.11040885001420975,1707,436,37,33
627,18.702817537783375,561,2.0,0.3410683870315552,459,473,76,69
635,18.702817537783375,561,2.0,0.6710090041160583,1862,508,70,45
644,18.702817537783375,561,2.0,0.49880337715148926,729,363,68,39
677,18.702817537783375,561,2.0,0.3008898198604584,217,274,36,35
679,18.702817537783375,561,2.0,0.15040329098701477,1144,740,87,66
685,18.702817537783375,561,2.0,0.4552712142467499,1320,496,56,34
682,18.702817537783375,561,2.0,0.5872606635093689,286,400,65,42
15,18.7361558934657,562,2.0,0.2180282473564148,1529,456,68,38
243,18.7361558934657,562,2.0,0.10131528973579407,1707,436,37,33
627,18.7361558934657,562,2.0,0.2540667951107025,466,481,77,66
635,18.7361558934657,562,2.0,0.6758596897125244,1866,507,70,44
644,18.7361558934657,562,2.0,0.42893245816230774,720,359,64,36
677,18.7361558934657,562,2.0,0.3854494094848633,219,276,41,35
679,18.7361558934657,562,2.0,0.14894980192184448,1152,739,93,64
685,18.7361558934657,562,2.0,0.2479342669248581,1318,496,58,36
682,18.7361558934657,562,2.0,0.39694562554359436,287,403,64,43
15,18.76949424914802,563,2.0,0.24481935799121857,1529,456,68,38
243,18.76949424914802,563,2.0,0.11003519594669342,1707,436,37,33
627,18.76949424914802,563,2.0,0.1839309185743332,471,485,80,76
635,18.76949424914802,563,2.0,0.5894384980201721,1869,506,69,45
644,18.76949424914802,563,2.0,0.6099383234977722,713,354,59,34
677,18.76949424914802,563,2.0,0.43032804131507874,224,279,49,37
685,18.76949424914802,563,2.0,0.3056325614452362,1318,496,55,37
682,18.76949424914802,563,2.0,0.3583598732948303,286,407,57,45
15,18.802832604830346,564,2.0,0.22703959047794342,1529,456,68,38
243,18.802832604830346,564,2.0,0.10091720521450043,1707,436,38,33
627,18.802832604830346,564,2.0,0.14299756288528442,485,493,96,75
635,18.802832604830346,564,2.0,0.5939499139785767,1872,504,69,43
644,18.802832604830346,564,2.0,0.6231755614280701,710,352,57,32
677,18.802832604830346,564,2.0,0.4298776388168335,223,280,47,36
685,18.802832604830346,564,2.0,0.40039923787117004,1319,495,58,38
682,18.802832604830346,564,2.0,0.4339810013771057,292,411,69,46
15,18.836170960512668,565,2.0,0.21408042311668396,1529,456,68,38
243,18.836170960512668,565,2.0,0.10954995453357697,1707,436,38,33
627,18.836170960512668,565,2.0,0.35683444142341614,488,501,88,72
635,18.836170960512668,565,2.0,0.6096501350402832,1874,503,72,43
644,18.836170960512668,565,2.0,0.3165687620639801,703,349,53,31
677,18.836170960512668,565,2.0,0.4484859108924866,224,283,49,39
682,18.836170960512668,565,2.0,0.5085161924362183,293,414,64,46
15,18.869509316194993,566,2.0,0.18300415575504303,1529,456,68,38
243,18.869509316194993,566,2.0,0.10678574442863464,1707,436,38,33
627,18.869509316194993,566,2.0,0.2993941605091095,489,504,85,78
635,18.869509316194993,566,2.0,0.6331055164337158,1877,501,72,43
644,18.869509316194993,566,2.0,0.37372422218322754,698,345,61,33
677,18.869509316194993,566,2.0,0.4431929886341095,227,286,54,41
682,18.869509316194993,566,2.0,0.4654422402381897,298,418,70,44
15,18.902847671877314,567,2.0,0.20872384309768677,1529,457,68,39
243,18.902847671877314,567,2.0,0.10466596484184265,1707,436,38,33
627,18.902847671877314,567,2.0,0.38591331243515015,492,511,87,82
635,18.902847671877314,567,2.0,0.6151926517486572,1879,501,67,41
644,18.902847671877314,567,2.0,0.4412786364555359,692,342,59,33
677,18.902847671877314,567,2.0,0.42400363087654114,229,287,54,41
682,18.902847671877314,567,2.0,0.5448870062828064,299,423,65,47
696,18.902847671877314,567,2.0,0.41184526681900024,1298,484,63,34
15,18.93618602755964,568,2.0,0.20416703820228577,1529,457,68,39
243,18.93618602755964,568,2.0,0.10561639815568924,1707,436,38,33
627,18.93618602755964,568,2.0,0.28612443804740906,498,516,82,84
635,18.93618602755964,568,2.0,0.5886399745941162,1881,499,65,39
644,18.93618602755964,568,2.0,0.34309449791908264,686,339,52,31
677,18.93618602755964,568,2.0,0.41842350363731384,228,289,51,41
682,18.93618602755964,568,2.0,0.5371760725975037,301,427,67,51
696,18.93618602755964,568,2.0,0.483451247215271,1295,482,64,35
15,18.96952438324196,569,2.0,0.30151787400245667,1529,456,67,38
243,18.96952438324196,569,2.0,0.12911978363990784,1708,436,38,33
627,18.96952438324196,569,2.0,0.3887655436992645,505,524,88,86
635,18.96952438324196,569,2.0,0.5880151987075806,1881,499,58,39
644,18.96952438324196,569,2.0,0.4805241525173187,677,336,51,32
677,18.96952438324196,569,2.0,0.45637404918670654,231,291,55,39
682,18.96952438324196,569,2.0,0.27734795212745667,301,432,61,51
696,18.96952438324196,569,2.0,0.457077294588089,1295,482,71,37
15,19.002862738924286,570,2.0,0.25059494376182556,1529,456,67,37
243,19.002862738924286,570,2.0,0.1165311187505722,1707,436,38,33
627,19.002862738924286,570,2.0,0.32674139738082886,512,533,92,87
635,19.002862738924286,570,2.0,0.5336165428161621,1883,497,54,36
644,19.002862738924286,570,2.0,0.5506741404533386,672,332,55,30
677,19.002862738924286,570,2.0,0.4611720144748688,230,294,51,39
682,19.002862738924286,570,2.0,0.3127933740615845,305,438,64,46
696,19.002862738924286,570,2.0,0.4233935475349426,1292,480,71,36
15,19.03620109460661,571,2.0,0.20999684929847717,1529,456,67,37
627,19.03620109460661,571,7.0,0.2573990523815155,519,538,95,93
635,19.03620109460661,571,2.0,0.5802121758460999,1886,496,56,37
644,19.03620109460661,571,2.0,0.5801267027854919,668,330,56,30
677,19.03620109460661,571,2.0,0.48184338212013245,230,297,50,38
682,19.03620109460661,571,2.0,0.3467080295085907,308,445,65,45
696,19.03620109460661,571,2.0,0.40324416756629944,1290,478,70,35
15,19.069539450288932,572,2.0,0.22147761285305023,1529,456,67,37
627,19.069539450288932,572,7.0,0.30845075845718384,527,549,97,94
635,19.069539450288932,572,2.0,0.4329835772514343,1889,492,57,40
644,19.069539450288932,572,2.0,0.6365047693252563,663,327,55,29
677,19.069539450288932,572,2.0,0.534883975982666,231,298,49,37
682,19.069539450288932,572,2.0,0.42730268836021423,317,450,75,48
696,19.069539450288932,572,2.0,0.3993311822414398,1289,478,68,34
15,19.102877805971257,573,2.0,0.24816299974918365,1529,456,68,38
627,19.102877805971257,573,2.0,0.42085012793540955,535,558,95,94
635,19.102877805971257,573,2.0,0.5927296876907349,1891,493,55,37
644,19.102877805971257,573,2.0,0.4732915461063385,658,324,54,31
677,19.102877805971257,573,2.0,0.6038171052932739,232,300,51,36
682,19.102877805971257,573,2.0,0.359226256608963,319,454,73,52
696,19.102877805971257,573,2.0,0.2704920768737793,1285,478,73,36
15,19.13621616165358,574,2.0,0.2605617642402649,1529,456,68,38
627,19.13621616165358,574,2.0,0.584248960018158,543,567,101,98
635,19.13621616165358,574,2.0,0.47687581181526184,1892,494,54,37
644,19.13621616165358,574,2.0,0.5455014109611511,653,321,55,32
677,19.13621616165358,574,2.0,0.5865087509155273,236,302,54,35
682,19.13621616165358,574,2.0,0.42733651399612427,324,459,76,50
696,19.13621616165358,574,2.0,0.34585079550743103,1282,478,77,41
700,19.13621616165358,574,2.0,0.40160393714904785,246,304,78,39
15,19.169554517335904,575,2.0,0.2771452069282532,1529,457,68,38
627,19.169554517335904,575,2.0,0.553410530090332,551,576,104,99
635,19.169554517335904,575,2.0,0.5283368825912476,1893,490,52,41
644,19.169554517335904,575,2.0,0.4770476520061493,649,317,59,34
677,19.169554517335904,575,2.0,0.4640687108039856,236,305,53,38
682,19.169554517335904,575,2.0,0.5659400820732117,328,463,80,53
696,19.169554517335904,575,2.0,0.28963789343833923,1283,477,68,42
700,19.169554517335904,575,2.0,0.21247129142284393,247,307,81,46
15,19.202892873018225,576,2.0,0.268735408782959,1529,457,68,39
627,19.202892873018225,576,2.0,0.4968774914741516,560,585,108,103
635,19.202892873018225,576,2.0,0.6219249367713928,1895,489,48,39
644,19.202892873018225,576,2.0,0.4669177532196045,642,314,55,33
677,19.202892873018225,576,2.0,0.46431204676628113,236,308,45,39
682,19.202892873018225,576,2.0,0.5820087790489197,332,467,87,58
696,19.202892873018225,576,2.0,0.13150224089622498,1276,475,81,45
700,19.202892873018225,576,2.0,0.2005767971277237,250,310,79,47
15,19.23623122870055,577,2.0,0.27390220761299133,1529,457,68,41
627,19.23623122870055,577,7.0,0.3494291305541992,569,594,108,107
635,19.23623122870055,577,2.0,0.6824216246604919,1896,487,46,41
644,19.23623122870055,577,2.0,0.48006898164749146,636,312,51,31
677,19.23623122870055,577,2.0,0.5069428086280823,237,310,41,42
682,19.23623122870055,577,2.0,0.3795095384120941,334,473,88,58
696,19.23623122870055,577,2.0,0.229299858212471,1272,472,81,43
700,19.23623122870055,577,2.0,0.16149476170539856,253,311,76,49
15,19.26956958438287,578,2.0,0.2790260314941406,1529,457,68,41
627,19.26956958438287,578,2.0,0.39139798283576965,578,604,112,109
635,19.26956958438287,578,2.0,0.6522310376167297,1897,486,43,40
644,19.26956958438287,578,2.0,0.5963374376296997,630,310,47,31
677,19.26956958438287,578,2.0,0.37918752431869507,238,312,38,43
682,19.26956958438287,578,2.0,0.3562718629837036,332,481,73,52
696,19.26956958438287,578,2.0,0.20618121325969696,1270,471,78,42
15,19.302907940065197,579,2.0,0.2420101761817932,1529,457,68,41
627,19.302907940065197,579,2.0,0.43634405732154846,587,615,115,110
635,19.302907940065197,579,2.0,0.5348594784736633,1899,485,40,37
644,19.302907940065197,579,2.0,0.6249659061431885,624,306,48,30
677,19.302907940065197,579,2.0,0.4343797564506531,241,315,44,45
682,19.302907940065197,579,2.0,0.43431535363197327,331,488,64,49
696,19.302907940065197,579,2.0,0.2208932638168335,1268,471,78,44
15,19.336246295747518,580,2.0,0.2782803773880005,1529,457,69,41
627,19.336246295747518,580,2.0,0.5729479789733887,597,626,120,113
635,19.336246295747518,580,2.0,0.6156476736068726,1900,484,38,34
644,19.336246295747518,580,2.0,0.6339473128318787,621,304,45,28
677,19.336246295747518,580,2.0,0.5871342420578003,246,318,53,46
682,19.336246295747518,580,2.0,0.4840180575847626,336,493,69,55
696,19.336246295747518,580,2.0,0.24065859615802765,1266,471,75,45
705,19.336246295747518,580,2.0,0.7698371410369873,1602,795,241,128
15,19.369584651429843,581,2.0,0.24958904087543488,1529,457,68,40
627,19.369584651429843,581,7.0,0.5673465728759766,607,638,120,116
635,19.369584651429843,581,2.0,0.44356653094291687,1901,484,36,33
644,19.369584651429843,581,2.0,0.5530315041542053,618,303,52,28
677,19.369584651429843,581,2.0,0.6274769902229309,248,321,54,44
682,19.369584651429843,581,2.0,0.528462827205658,348,499,89,56
696,19.369584651429843,581,2.0,0.2103598415851593,1262,469,73,43
708,19.369584651429843,581,2.0,0.42779892683029175,989,811,89,58
15,19.402923007112165,582,2.0,0.29299598932266235,1530,457,68,40
627,19.402923007112165,582,7.0,0.3934120833873749,617,649,123,121
635,19.402923007112165,582,2.0,0.4500919282436371,1903,483,32,34
644,19.402923007112165,582,2.0,0.556632399559021,614,301,49,29
677,19.402923007112165,582,2.0,0.4317145049571991,246,322,51,46
682,19.402923007112165,582,2.0,0.6151896715164185,349,503,82,59
696,19.402923007112165,582,2.0,0.24333590269088745,1264,469,69,43
708,19.402923007112165,582,2.0,0.411729097366333,994,811,95,63
700,19.402923007112165,582,2.0,0.5661642551422119,256,323,70,47
15,19.43626136279449,583,2.0,0.28524264693260193,1530,457,68,40
627,19.43626136279449,583,7.0,0.42046019434928894,629,661,128,123
635,19.43626136279449,583,2.0,0.5443754196166992,1903,481,31,35
644,19.43626136279449,583,2.0,0.41357338428497314,609,299,50,30
682,19.43626136279449,583,2.0,0.5818062424659729,353,510,84,59
696,19.43626136279449,583,2.0,0.2930220365524292,1261,467,64,44
708,19.43626136279449,583,2.0,0.6007552742958069,998,811,107,65
710,19.43626136279449,583,2.0,0.554845929145813,1495,739,230,119
700,19.43626136279449,583,2.0,0.5586583614349365,255,325,67,45
15,19.46959971847681,584,2.0,0.2724156677722931,1530,457,68,40
627,19.46959971847681,584,7.0,0.6163684129714966,642,674,131,127
635,19.46959971847681,584,2.0,0.3905622959136963,1904,479,29,34
644,19.46959971847681,584,2.0,0.4409081041812897,604,297,49,30
682,19.46959971847681,584,2.0,0.6199865937232971,352,515,80,65
696,19.46959971847681,584,2.0,0.2940274775028229,1261,466,62,42
708,19.46959971847681,584,2.0,0.429416298866272,1004,807,119,71
700,19.46959971847681,584,2.0,0.24115049839019775,261,327,78,47
677,19.46959971847681,584,2.0,0.5395507216453552,251,327,56,46
15,19.502938074159136,585,2.0,0.2575303018093109,1530,457,68,40
627,19.502938074159136,585,7.0,0.5525380373001099,654,687,133,131
635,19.502938074159136,585,2.0,0.2758783996105194,1906,479,25,34
644,19.502938074159136,585,2.0,0.46162229776382446,600,295,48,29
682,19.502938074159136,585,2.0,0.39594656229019165,354,521,79,67
696,19.502938074159136,585,2.0,0.23076380789279938,1259,464,57,38
708,19.502938074159136,585,2.0,0.42196235060691833,1009,807,126,72
700,19.502938074159136,585,2.0,0.10795187950134277,266,333,78,42
677,19.502938074159136,585,2.0,0.4721137583255768,253,330,56,45
15,19.536276429841458,586,2.0,0.2798842191696167,1530,457,68,40
627,19.536276429841458,586,7.0,0.4000137448310852,665,700,134,136
635,19.536276429841458,586,2.0,0.1687317192554474,1908,478,22,33
644,19.536276429841458,586,2.0,0.47263288497924805,597,292,51,29
682,19.536276429841458,586,2.0,0.45317086577415466,356,527,74,66
696,19.536276429841458,586,2.0,0.22244025766849518,1257,464,53,38
708,19.536276429841458,586,2.0,0.33577612042427063,1011,806,130,73
677,19.536276429841458,586,2.0,0.4277961254119873,253,334,53,45
15,19.569614785523783,587,2.0,0.28657054901123047,1530,457,68,40
627,19.569614785523783,587,2.0,0.3800733685493469,679,715,137,142
635,19.569614785523783,587,0.0,0.1516818106174469,1909,477,19,31
644,19.569614785523783,587,2.0,0.49009814858436584,592,290,45,27
682,19.569614785523783,587,2.0,0.38944652676582336,360,535,75,68
696,19.569614785523783,587,2.0,0.16531407833099365,1257,463,49,37
708,19.569614785523783,587,2.0,0.28848060965538025,1014,804,137,77
677,19.569614785523783,587,2.0,0.4534494876861572,254,337,51,46
15,19.602953141206104,588,2.0,0.3120552599430084,1530,457,68,40
627,19.602953141206104,588,2.0,0.564218282699585,693,730,142,144
644,19.602953141206104,588,2.0,0.5056023597717285,587,287,42,26
682,19.602953141206104,588,2.0,0.488249808549881,363,542,77,70
696,19.602953141206104,588,2.0,0.2005203813314438,1257,463,46,37
708,19.602953141206104,588,2.0,0.3369177579879761,1018,804,147,79
677,19.602953141206104,588,2.0,0.5181688070297241,256,340,52,46
718,19.602953141206104,588,2.0,0.38459882140159607,379,541,111,72
719,19.602953141206104,588,2.0,0.681586503982544,1340,663,195,99
15,19.63629149688843,589,2.0,0.2784608006477356,1530,457,68,39
627,19.63629149688843,589,7.0,0.3939816355705261,708,746,150,150
644,19.63629149688843,589,2.0,0.5943705439567566,582,284,45,27
682,19.63629149688843,589,2.0,0.33222681283950806,367,549,77,72
708,19.63629149688843,589,2.0,0.2698095142841339,1022,805,150,77
677,19.63629149688843,589,2.0,0.47733765840530396,258,343,54,45
15,19.66962985257075,590,2.0,0.2882649302482605,1530,457,68,39
627,19.66962985257075,590,7.0,0.4266705811023712,722,763,155,156
644,19.66962985257075,590,2.0,0.5101940631866455,578,282,44,26
682,19.66962985257075,590,2.0,0.2724827527999878,371,556,79,74
708,19.66962985257075,590,2.0,0.3913387060165405,1028,802,155,76
677,19.66962985257075,590,2.0,0.44437870383262634,259,346,54,46
15,19.702968208253075,591,2.0,0.29061898589134216,1530,457,68,39
627,19.702968208253075,591,7.0,0.5644490718841553,739,781,161,162
644,19.702968208253075,591,2.0,0.5453155040740967,574,281,44,29
682,19.702968208253075,591,2.0,0.33326074481010437,376,565,81,73
708,19.702968208253075,591,2.0,0.4942617118358612,1037,799,151,76
677,19.702968208253075,591,2.0,0.3786933124065399,262,349,54,46
15,19.736306563935397,592,2.0,0.30384334921836853,1530,457,68,40
627,19.736306563935397,592,7.0,0.44046807289123535,755,799,165,166
644,19.736306563935397,592,2.0,0.4965549111366272,572,279,49,29
682,19.736306563935397,592,2.0,0.41009971499443054,380,573,80,73
708,19.736306563935397,592,2.0,0.44430387020111084,1046,797,149,76
677,19.736306563935397,592,2.0,0.4809790849685669,264,352,54,47
727,19.736306563935397,592,2.0,0.7101754546165466,1230,614,157,88
728,19.736306563935397,592,2.0,0.4280655086040497,1112,867,146,85
15,19.769644919617722,593,2.0,0.3047528564929962,1530,456,68,39
627,19.769644919617722,593,7.0,0.4072282016277313,772,818,173,173
644,19.769644919617722,593,2.0,0.3824024498462677,570,278,49,28
682,19.769644919617722,593,7.0,0.17745032906532288,385,581,81,77
708,19.769644919617722,593,2.0,0.5241875052452087,1055,794,145,73
677,19.769644919617722,593,2.0,0.42498451471328735,266,355,54,50
727,19.769644919617722,593,2.0,0.4777897298336029,1209,603,148,81
728,19.769644919617722,593,2.0,0.3718518912792206,1112,863,171,88
15,19.802983275300043,594,2.0,0.3316858410835266,1529,456,69,39
627,19.802983275300043,594,7.0,0.2993793785572052,789,838,173,176
644,19.802983275300043,594,2.0,0.28806188702583313,566,275,50,29
682,19.802983275300043,594,2.0,0.47684893012046814,393,596,81,67
708,19.802983275300043,594,2.0,0.5908022522926331,1063,791,142,71
677,19.802983275300043,594,2.0,0.3987795114517212,268,356,52,53
727,19.802983275300043,594,2.0,0.4329432547092438,1182,590,138,82
728,19.802983275300043,594,2.0,0.5705040097236633,1115,858,177,98
15,19.83632163098237,595,2.0,0.29013732075691223,1530,457,69,39
627,19.83632163098237,595,7.0,0.16607238352298737,804,839,171,146
644,19.83632163098237,595,2.0,0.38591986894607544,564,274,51,29
682,19.83632163098237,595,2.0,0.38063958287239075,397,601,84,76
708,19.83632163098237,595,2.0,0.5383909344673157,1069,790,138,70
677,19.83632163098237,595,2.0,0.42433905601501465,270,360,54,55
727,19.83632163098237,595,2.0,0.3550346791744232,1160,579,141,80
728,19.83632163098237,595,2.0,0.5266723036766052,1123,848,179,102
15,19.86965998666469,596,2.0,0.3324993848800659,1530,457,69,39
627,19.86965998666469,596,7.0,0.10186102986335754,821,855,169,138
644,19.86965998666469,596,2.0,0.39187103509902954,560,272,49,28
682,19.86965998666469,596,2.0,0.30596357583999634,401,609,88,82
708,19.86965998666469,596,2.0,0.4956258237361908,1075,787,134,69
677,19.86965998666469,596,2.0,0.6262025237083435,271,365,57,55
727,19.86965998666469,596,2.0,0.6775063276290894,1137,569,133,78
728,19.86965998666469,596,2.0,0.5288611054420471,1130,842,164,98
15,19.902998342347015,597,2.0,0.34294599294662476,1530,456,68,38
644,19.902998342347015,597,2.0,0.480683833360672,556,269,47,28
682,19.902998342347015,597,2.0,0.39571669697761536,406,618,91,84
708,19.902998342347015,597,2.0,0.6016303896903992,1080,785,133,70
677,19.902998342347015,597,2.0,0.5897929668426514,273,369,60,54
727,19.902998342347015,597,2.0,0.4693136513233185,1121,559,137,78
728,19.902998342347015,597,2.0,0.6049244403839111,1141,840,168,97
15,19.93633669802934,598,2.0,0.3075651526451111,1530,456,68,38
644,19.93633669802934,598,2.0,0.5155344009399414,552,267,45,27
682,19.93633669802934,598,2.0,0.40128400921821594,413,626,91,88
708,19.93633669802934,598,2.0,0.5086053609848022,1087,782,135,75
677,19.93633669802934,598,2.0,0.4641593098640442,277,373,63,52
727,19.93633669802934,598,2.0,0.49742746353149414,1102,549,128,74
728,19.93633669802934,598,2.0,0.5968822836875916,1150,837,174,97
15,19.96967505371166,599,2.0,0.3232150673866272,1529,456,68,38
644,19.96967505371166,599,2.0,0.4780852496623993,546,263,42,24
682,19.96967505371166,599,2.0,0.4030970633029938,420,634,94,92
708,19.96967505371166,599,2.0,0.4369650185108185,1093,780,135,78
677,19.96967505371166,599,2.0,0.36336398124694824,277,375,62,53
727,19.96967505371166,599,2.0,0.5258781909942627,1081,540,121,74
728,19.96967505371166,599,2.0,0.6068875789642334,1162,831,172,98
700,19.96967505371166,599,2.0,0.4825155436992645,288,375,86,55
15,20.003013409393986,600,2.0,0.36154285073280334,1529,456,68,38
644,20.003013409393986,600,2.0,0.44731318950653076,541,262,40,24
682,20.003013409393986,600,2.0,0.3526078760623932,424,645,95,94
708,20.003013409393986,600,2.0,0.443252295255661,1096,774,139,85
677,20.003013409393986,600,2.0,0.5752508640289307,283,379,66,55
727,20.003013409393986,600,2.0,0.5766094923019409,1074,532,137,70
728,20.003013409393986,600,2.0,0.5403291583061218,1171,828,169,97
15,20.036351765076308,601,2.0,0.3666081130504608,1529,456,68,38
644,20.036351765076308,601,2.0,0.33976322412490845,538,260,40,25
682,20.036351765076308,601,2.0,0.12332642078399658,428,655,89,90
708,20.036351765076308,601,2.0,0.30739495158195496,1101,773,138,79
677,20.036351765076308,601,2.0,0.567301332950592,285,382,65,53
727,20.036351765076308,601,2.0,0.7432400584220886,1051,524,121,68
728,20.036351765076308,601,2.0,0.27365076541900635,1177,826,168,94
736,20.036351765076308,601,2.0,0.32358860969543457,1197,438,81,48
15,20.069690120758633,602,2.0,0.34774842858314514,1529,456,68,38
644,20.069690120758633,602,2.0,0.5310673117637634,535,258,41,25
682,20.069690120758633,602,2.0,0.4900444746017456,439,668,98,95
708,20.069690120758633,602,2.0,0.25645628571510315,1112,769,133,74
677,20.069690120758633,602,2.0,0.5460106134414673,286,386,65,53
727,20.069690120758633,602,2.0,0.6037333607673645,1033,515,118,68
728,20.069690120758633,602,2.0,0.31963422894477844,1185,820,159,92
736,20.069690120758633,602,2.0,0.4273638129234314,1195,437,80,49
15,20.103028476440954,603,2.0,0.3087533414363861,1529,456,68,38
644,20.103028476440954,603,2.0,0.4217388331890106,532,257,38,24
682,20.103028476440954,603,2.0,0.47284963726997375,447,680,101,98
708,20.103028476440954,603,2.0,0.2569921910762787,1122,764,133,71
677,20.103028476440954,603,2.0,0.6237914562225342,289,390,67,54
727,20.103028476440954,603,2.0,0.5391896367073059,1018,506,116,65
728,20.103028476440954,603,2.0,0.27636370062828064,1193,814,156,94
736,20.103028476440954,603,2.0,0.3484956920146942,1193,436,80,48
15,20.13636683212328,604,2.0,0.29510608315467834,1530,456,68,37
644,20.13636683212328,604,2.0,0.37988173961639404,529,257,41,26
682,20.13636683212328,604,7.0,0.44908279180526733,454,692,106,101
708,20.13636683212328,604,2.0,0.5166028738021851,1128,762,130,69
677,20.13636683212328,604,2.0,0.5897761583328247,291,394,66,56
727,20.13636683212328,604,2.0,0.5521966218948364,1000,499,106,63
728,20.13636683212328,604,2.0,0.5593575239181519,1206,810,160,94
736,20.13636683212328,604,2.0,0.34128183126449585,1191,436,76,46
739,20.13636683212328,604,2.0,0.5411614179611206,1843,822,152,116
15,20.1697051878056,605,2.0,0.2812451720237732,1530,456,67,37
644,20.1697051878056,605,2.0,0.28351494669914246,526,255,42,27
682,20.1697051878056,605,2.0,0.5007264614105225,462,705,108,106
708,20.1697051878056,605,2.0,0.43632644414901733,1132,761,127,68
677,20.1697051878056,605,2.0,0.5165983438491821,293,399,65,56
727,20.1697051878056,605,2.0,0.4472799301147461,987,492,103,64
728,20.1697051878056,605,2.0,0.5082206726074219,1211,806,149,91
736,20.1697051878056,605,2.0,0.34385859966278076,1189,436,74,43
739,20.1697051878056,605,2.0,0.6293771266937256,1822,811,192,124
15,20.203043543487926,606,2.0,0.31585216522216797,1530,456,67,37
644,20.203043543487926,606,2.0,0.3648329973220825,523,254,43,28
682,20.203043543487926,606,2.0,0.46555954217910767,469,718,111,108
708,20.203043543487926,606,2.0,0.5421519875526428,1138,759,129,67
677,20.203043543487926,606,2.0,0.6185370087623596,296,403,64,58
727,20.203043543487926,606,2.0,0.5964425802230835,974,484,101,62
728,20.203043543487926,606,2.0,0.6374701261520386,1215,803,145,90
736,20.203043543487926,606,2.0,0.3843139410018921,1188,433,75,46
739,20.203043543487926,606,2.0,0.6788230538368225,1801,791,232,121
15,20.236381899170247,607,2.0,0.30434465408325195,1530,456,67,38
644,20.236381899170247,607,2.0,0.27632957696914673,520,253,46,28
682,20.236381899170247,607,2.0,0.3981906771659851,476,731,115,112
708,20.236381899170247,607,2.0,0.4799506962299347,1145,758,129,65
677,20.236381899170247,607,2.0,0.5796620845794678,297,406,65,61
727,20.236381899170247,607,2.0,0.5951240658760071,960,477,98,63
728,20.236381899170247,607,2.0,0.6650299429893494,1220,799,135,89
736,20.236381899170247,607,2.0,0.30791375041007996,1186,432,69,47
739,20.236381899170247,607,2.0,0.6644769310951233,1765,772,248,119
15,20.269720254852572,608,2.0,0.3009261190891266,1530,456,67,38
644,20.269720254852572,608,2.0,0.2303067147731781,518,250,51,29
682,20.269720254852572,608,2.0,0.423796147108078,495,745,139,116
708,20.269720254852572,608,2.0,0.41883736848831177,1152,757,123,63
677,20.269720254852572,608,2.0,0.5588541626930237,299,410,64,60
727,20.269720254852572,608,2.0,0.5782995820045471,945,471,96,61
728,20.269720254852572,608,2.0,0.5905163288116455,1227,801,127,79
736,20.269720254852572,608,2.0,0.1564091593027115,1180,431,57,45
739,20.269720254852572,608,7.0,0.43639400601387024,1722,750,246,113
15,20.303058610534894,609,2.0,0.3265261948108673,1530,456,67,38
644,20.303058610534894,609,2.0,0.29121801257133484,516,249,52,30
682,20.303058610534894,609,2.0,0.5262126922607422,499,760,130,121
708,20.303058610534894,609,2.0,0.5095455646514893,1155,755,116,64
677,20.303058610534894,609,2.0,0.4665657579898834,302,414,65,63
727,20.303058610534894,609,7.0,0.29427775740623474,934,466,94,59
728,20.303058610534894,609,2.0,0.5042182207107544,1229,799,114,72
736,20.303058610534894,609,2.0,0.23433253169059753,1178,429,53,44
739,20.303058610534894,609,2.0,0.4487810432910919,1681,732,243,107
15,20.33639696621722,610,2.0,0.32407182455062866,1529,457,67,38
644,20.33639696621722,610,2.0,0.2930218577384949,513,247,49,29
682,20.33639696621722,610,2.0,0.47739356756210327,505,776,128,124
708,20.33639696621722,610,2.0,0.42397451400756836,1159,751,112,63
677,20.33639696621722,610,2.0,0.4745928943157196,305,419,69,65
727,20.33639696621722,610,2.0,0.5623233914375305,921,459,91,58
728,20.33639696621722,610,2.0,0.43401145935058594,1235,796,108,69
736,20.33639696621722,610,2.0,0.18861177563667297,1176,428,54,44
739,20.33639696621722,610,2.0,0.5975746512413025,1639,714,236,104
15,20.36973532189954,611,2.0,0.2773410677909851,1529,457,68,38
644,20.36973532189954,611,2.0,0.37612152099609375,509,245,44,29
682,20.36973532189954,611,7.0,0.41852304339408875,515,792,130,129
708,20.36973532189954,611,2.0,0.4698302149772644,1162,749,110,62
677,20.36973532189954,611,2.0,0.43781810998916626,310,424,69,65
727,20.36973532189954,611,2.0,0.6026408672332764,908,454,89,56
728,20.36973532189954,611,2.0,0.5014357566833496,1239,792,101,68
736,20.36973532189954,611,2.0,0.3209528625011444,1176,428,54,44
739,20.36973532189954,611,2.0,0.552379846572876,1600,697,227,101
15,20.403073677581865,612,2.0,0.2852955162525177,1529,457,68,38
644,20.403073677581865,612,2.0,0.3275546729564667,505,244,44,27
682,20.403073677581865,612,2.0,0.573244035243988,526,809,134,132
708,20.403073677581865,612,2.0,0.5803406238555908,1166,747,106,59
677,20.403073677581865,612,2.0,0.3305661678314209,312,429,68,65
727,20.403073677581865,612,2.0,0.6652676463127136,897,448,90,55
728,20.403073677581865,612,2.0,0.46441760659217834,1246,790,98,63
736,20.403073677581865,612,2.0,0.2696937918663025,1177,428,48,41
739,20.403073677581865,612,2.0,0.6603140234947205,1558,682,206,97
15,20.436412033264187,613,2.0,0.2753911316394806,1529,457,68,39
644,20.436412033264187,613,2.0,0.36037299036979675,503,243,48,24
682,20.436412033264187,613,2.0,0.5037857890129089,535,826,133,135
708,20.436412033264187,613,2.0,0.5643140077590942,1169,746,95,55
677,20.436412033264187,613,2.0,0.4986066520214081,315,434,68,65
727,20.436412033264187,613,2.0,0.6068880558013916,884,442,86,55
728,20.436412033264187,613,2.0,0.3638746738433838,1249,793,85,52
736,20.436412033264187,613,2.0,0.2112317979335785,1176,428,49,41
739,20.436412033264187,613,2.0,0.47013238072395325,1526,669,201,94
15,20.469750388946512,614,2.0,0.2717171907424927,1529,457,68,39
644,20.469750388946512,614,2.0,0.37076300382614136,498,242,45,24
682,20.469750388946512,614,2.0,0.44807153940200806,546,845,138,140
708,20.469750388946512,614,2.0,0.4277498722076416,1171,746,87,49
677,20.469750388946512,614,2.0,0.42510029673576355,321,440,77,67
727,20.469750388946512,614,2.0,0.5089883804321289,873,435,86,54
728,20.469750388946512,614,2.0,0.2545914947986603,1253,793,73,46
736,20.469750388946512,614,2.0,0.22491562366485596,1176,427,46,38
739,20.469750388946512,614,2.0,0.4204448461532593,1495,652,194,85
15,20.503088744628833,615,2.0,0.2663861811161041,1529,457,68,38
682,20.503088744628833,615,2.0,0.5098618268966675,555,860,139,140
708,20.503088744628833,615,2.0,0.1778114140033722,1173,748,83,47
677,20.503088744628833,615,2.0,0.5240718722343445,324,444,76,68
727,20.503088744628833,615,2.0,0.4256450831890106,862,430,86,53
739,20.503088744628833,615,2.0,0.4222714900970459,1461,638,185,86
15,20.53642710031116,616,2.0,0.33919334411621094,1529,457,68,37
682,20.53642710031116,616,2.0,0.17088830471038818,562,862,131,110
708,20.53642710031116,616,2.0,0.22015492618083954,1173,747,70,41
677,20.53642710031116,616,2.0,0.5204132795333862,327,449,76,69
727,20.53642710031116,616,2.0,0.565269947052002,853,425,86,53
739,20.53642710031116,616,2.0,0.38896387815475464,1426,628,172,87
644,20.53642710031116,616,2.0,0.3322642743587494,492,238,39,25
15,20.56976545599348,617,2.0,0.26314035058021545,1529,457,68,38
708,20.56976545599348,617,2.0,0.15532079339027405,1175,746,66,40
677,20.56976545599348,617,2.0,0.445505291223526,331,455,79,69
727,20.56976545599348,617,2.0,0.42484888434410095,843,420,81,52
739,20.56976545599348,617,2.0,0.3487326204776764,1397,614,160,83
644,20.56976545599348,617,2.0,0.19598224759101868,490,236,36,25
15,20.603103811675805,618,2.0,0.25540223717689514,1529,457,69,38
677,20.603103811675805,618,2.0,0.37940555810928345,336,463,81,67
727,20.603103811675805,618,2.0,0.4011383354663849,831,415,78,48
739,20.603103811675805,618,7.0,0.39143022894859314,1369,602,152,81
644,20.603103811675805,618,2.0,0.2544461786746979,487,235,36,26
15,20.636442167358126,619,2.0,0.25769007205963135,1529,457,69,39
677,20.636442167358126,619,2.0,0.589126467704773,338,468,81,68
727,20.636442167358126,619,2.0,0.6158534288406372,822,411,77,47
739,20.636442167358126,619,2.0,0.5892060995101929,1343,592,147,81
644,20.636442167358126,619,2.0,0.15660040080547333,485,234,36,25
15,20.66978052304045,620,2.0,0.3352791965007782,1529,457,68,38
677,20.66978052304045,620,2.0,0.6901097297668457,341,473,79,71
727,20.66978052304045,620,2.0,0.650442361831665,815,406,77,48
739,20.66978052304045,620,2.0,0.3283979594707489,1318,581,142,81
15,20.703118878722773,621,2.0,0.33126169443130493,1529,457,68,39
677,20.703118878722773,621,2.0,0.4499529004096985,343,477,79,74
727,20.703118878722773,621,2.0,0.5870595574378967,806,402,77,46
739,20.703118878722773,621,2.0,0.21771767735481262,1294,569,137,77
15,20.736457234405098,622,2.0,0.32853996753692627,1529,457,69,40
677,20.736457234405098,622,2.0,0.6231096982955933,348,483,79,78
727,20.736457234405098,622,2.0,0.4777600169181824,797,397,74,45
739,20.736457234405098,622,2.0,0.28037673234939575,1270,560,131,76
15,20.769795590087423,623,2.0,0.3038177192211151,1529,457,69,39
677,20.769795590087423,623,2.0,0.6494683027267456,348,489,79,78
727,20.769795590087423,623,2.0,0.5242993235588074,789,393,68,45
739,20.769795590087423,623,2.0,0.5449333190917969,1248,550,127,73
15,20.803133945769744,624,2.0,0.3540347218513489,1529,456,68,38
677,20.803133945769744,624,2.0,0.38682177662849426,352,498,82,76
727,20.803133945769744,624,2.0,0.643352210521698,780,388,72,47
739,20.803133945769744,624,2.0,0.5241001844406128,1227,541,128,73
15,20.83647230145207,625,2.0,0.31031399965286255,1529,456,68,37
677,20.83647230145207,625,2.0,0.4551853537559509,358,504,81,79
727,20.83647230145207,625,2.0,0.5122920274734497,771,384,73,48
739,20.83647230145207,625,2.0,0.15606734156608582,1206,532,124,71
15,20.86981065713439,626,2.0,0.36120742559432983,1529,456,68,37
677,20.86981065713439,626,2.0,0.5821574926376343,364,510,88,82
727,20.86981065713439,626,2.0,0.5043780207633972,764,379,71,49
739,20.86981065713439,626,2.0,0.45002681016921997,1188,524,116,71
15,20.903149012816716,627,2.0,0.3797217607498169,1529,456,68,36
677,20.903149012816716,627,2.0,0.44740912318229675,369,522,84,73
727,20.903149012816716,627,2.0,0.5651145577430725,757,376,72,49
739,20.903149012816716,627,2.0,0.3384953439235687,1170,514,114,68
15,20.936487368499037,628,2.0,0.35767751932144165,1530,456,68,36
677,20.936487368499037,628,2.0,0.42533645033836365,372,525,84,80
727,20.936487368499037,628,2.0,0.3181443214416504,747,371,67,46
739,20.936487368499037,628,2.0,0.4874105751514435,1151,506,113,63
15,20.969825724181362,629,2.0,0.39529740810394287,1530,456,68,36
677,20.969825724181362,629,2.0,0.5652954578399658,376,530,91,86
727,20.969825724181362,629,2.0,0.4825167655944824,742,368,70,46
739,20.969825724181362,629,2.0,0.500075101852417,1135,500,110,64
15,21.003164079863684,630,2.0,0.37269094586372375,1530,456,68,36
677,21.003164079863684,630,2.0,0.48523494601249695,380,537,94,90
727,21.003164079863684,630,2.0,0.5057129859924316,734,365,66,43
739,21.003164079863684,630,2.0,0.32646703720092773,1116,493,108,63
15,21.03650243554601,631,2.0,0.3835953176021576,1530,456,68,35
677,21.03650243554601,631,2.0,0.4951404333114624,385,544,96,92
727,21.03650243554601,631,2.0,0.39271360635757446,726,361,66,43
739,21.03650243554601,631,2.0,0.48852309584617615,1099,485,106,62
754,21.03650243554601,631,2.0,0.40961694717407227,1341,502,60,29
15,21.06984079122833,632,2.0,0.3636111319065094,1529,456,67,35
677,21.06984079122833,632,2.0,0.7163662910461426,390,552,95,96
727,21.06984079122833,632,2.0,0.4230790436267853,717,358,65,40
739,21.06984079122833,632,2.0,0.555074155330658,1084,479,103,62
754,21.06984079122833,632,2.0,0.31120583415031433,1340,501,58,26
15,21.103179146910655,633,2.0,0.3439808189868927,1529,456,67,35
677,21.103179146910655,633,2.0,0.716143786907196,396,560,97,98
727,21.103179146910655,633,2.0,0.19204668700695038,711,354,61,39
739,21.103179146910655,633,2.0,0.3121299743652344,1068,471,99,61
754,21.103179146910655,633,2.0,0.20033986866474152,1339,502,58,27
15,21.136517502592977,634,2.0,0.3849579989910126,1529,456,67,35
677,21.136517502592977,634,2.0,0.5299656987190247,400,570,98,99
727,21.136517502592977,634,2.0,0.3000132739543915,705,350,60,39
739,21.136517502592977,634,2.0,0.35861337184906006,1054,465,99,59
754,21.136517502592977,634,2.0,0.33528199791908264,1338,500,63,27
15,21.1698558582753,635,2.0,0.38625937700271606,1529,456,67,35
677,21.1698558582753,635,2.0,0.5658629536628723,406,579,102,101
727,21.1698558582753,635,2.0,0.4950334429740906,699,347,59,38
739,21.1698558582753,635,2.0,0.44008171558380127,1040,459,97,58
754,21.1698558582753,635,2.0,0.2800695598125458,1337,502,64,32
15,21.203194213957623,636,2.0,0.3712191879749298,1529,456,67,35
677,21.203194213957623,636,2.0,0.4709181487560272,412,589,104,102
727,21.203194213957623,636,2.0,0.4826436936855316,695,343,63,40
739,21.203194213957623,636,2.0,0.28635337948799133,1025,453,95,57
754,21.203194213957623,636,2.0,0.24799437820911407,1333,500,74,34
15,21.236532569639948,637,2.0,0.36740702390670776,1529,456,67,35
677,21.236532569639948,637,2.0,0.5137399435043335,417,598,105,105
727,21.236532569639948,637,2.0,0.5555878281593323,689,341,58,38
739,21.236532569639948,637,2.0,0.6346665024757385,1011,447,93,56
754,21.236532569639948,637,2.0,0.4318265914916992,1329,499,78,38
15,21.26987092532227,638,2.0,0.3480296730995178,1529,456,68,36
677,21.26987092532227,638,2.0,0.4219425618648529,423,607,107,107
727,21.26987092532227,638,2.0,0.5416854023933411,680,336,59,38
739,21.26987092532227,638,2.0,0.4394008219242096,999,440,89,56
754,21.26987092532227,638,2.0,0.35907524824142456,1326,497,75,36
15,21.303209281004595,639,2.0,0.3395771384239197,1529,456,68,36
677,21.303209281004595,639,2.0,0.37860941886901855,427,617,104,107
727,21.303209281004595,639,2.0,0.47669002413749695,673,333,57,36
739,21.303209281004595,639,2.0,0.5493674278259277,988,436,87,55
754,21.303209281004595,639,2.0,0.2671007513999939,1322,497,73,36
15,21.336547636686916,640,2.0,0.3294644057750702,1529,456,68,36
677,21.336547636686916,640,2.0,0.39941442012786865,434,627,106,111
727,21.336547636686916,640,2.0,0.5621722340583801,668,330,57,35
739,21.336547636686916,640,2.0,0.3780757784843445,974,431,86,55
754,21.336547636686916,640,2.0,0.36091348528862,1322,497,73,37
15,21.36988599236924,641,2.0,0.3122176229953766,1529,456,68,36
677,21.36988599236924,641,2.0,0.5646443367004395,444,639,113,114
727,21.36988599236924,641,2.0,0.5280773639678955,664,328,56,35
739,21.36988599236924,641,2.0,0.23919694125652313,962,424,84,54
754,21.36988599236924,641,2.0,0.40407794713974,1321,497,69,37
763,21.36988599236924,641,2.0,0.5182430744171143,1811,829,214,126
15,21.403224348051562,642,2.0,0.31388211250305176,1529,456,68,35
677,21.403224348051562,642,2.0,0.6413488984107971,449,650,114,116
727,21.403224348051562,642,2.0,0.6365731358528137,659,325,55,37
739,21.403224348051562,642,2.0,0.3249906003475189,949,417,83,47
754,21.403224348051562,642,2.0,0.3727005124092102,1319,496,70,40
763,21.403224348051562,642,2.0,0.2018037587404251,1793,807,243,112
15,21.436562703733888,643,2.0,0.3178526759147644,1529,456,67,35
677,21.436562703733888,643,2.0,0.7261793613433838,457,662,118,121
727,21.436562703733888,643,2.0,0.48451748490333557,651,321,56,39
739,21.436562703733888,643,2.0,0.39892446994781494,941,414,75,49
754,21.436562703733888,643,2.0,0.38959258794784546,1316,495,73,41
763,21.436562703733888,643,2.0,0.7414864897727966,1757,785,261,116
15,21.46990105941621,644,2.0,0.3186793625354767,1529,456,68,36
677,21.46990105941621,644,2.0,0.4322543442249298,464,675,119,124
727,21.46990105941621,644,2.0,0.43223634362220764,647,318,58,40
739,21.46990105941621,644,2.0,0.5232702493667603,927,410,79,49
754,21.46990105941621,644,2.0,0.5075861215591431,1313,495,78,42
763,21.46990105941621,644,2.0,0.6861389875411987,1713,768,258,112
15,21.503239415098534,645,2.0,0.3532266318798065,1529,456,68,36
677,21.503239415098534,645,2.0,0.4299483895301819,475,688,129,129
727,21.503239415098534,645,2.0,0.5626386404037476,642,314,59,38
739,21.503239415098534,645,2.0,0.5025053024291992,916,406,79,51
754,21.503239415098534,645,2.0,0.6179357767105103,1312,494,77,41
763,21.503239415098534,645,2.0,0.7777360081672668,1669,749,250,111
15,21.536577770780855,646,2.0,0.34376242756843567,1529,456,68,36
677,21.536577770780855,646,2.0,0.5787860751152039,485,699,135,134
727,21.536577770780855,646,2.0,0.38468796014785767,636,312,56,38
739,21.536577770780855,646,2.0,0.4231269657611847,905,399,78,49
754,21.536577770780855,646,2.0,0.5442836284637451,1309,490,78,41
763,21.536577770780855,646,2.0,0.575922966003418,1626,731,238,103
15,21.56991612646318,647,2.0,0.3160988986492157,1529,457,68,37
677,21.56991612646318,647,2.0,0.6188069581985474,493,711,135,142
727,21.56991612646318,647,2.0,0.5711801648139954,629,310,54,39
739,21.56991612646318,647,2.0,0.4062621295452118,894,394,76,45
754,21.56991612646318,647,2.0,0.42385435104370117,1308,489,80,42
763,21.56991612646318,647,2.0,0.7783616781234741,1587,712,236,99
15,21.603254482145502,648,2.0,0.3518628776073456,1529,457,68,37
677,21.603254482145502,648,2.0,0.42117443680763245,501,727,135,144
727,21.603254482145502,648,2.0,0.6680851578712463,624,308,53,37
739,21.603254482145502,648,2.0,0.3981790244579315,887,390,73,46
754,21.603254482145502,648,2.0,0.43628376722335815,1305,488,80,42
763,21.603254482145502,648,2.0,0.7962411046028137,1549,696,217,97
15,21.636592837827827,649,2.0,0.3825342059135437,1529,457,68,37
677,21.636592837827827,649,2.0,0.5920372009277344,510,743,138,146
727,21.636592837827827,649,2.0,0.6026694178581238,620,305,52,36
739,21.636592837827827,649,2.0,0.381289541721344,877,386,74,47
754,21.636592837827827,649,2.0,0.39475950598716736,1302,487,80,43
763,21.636592837827827,649,2.0,0.6719054579734802,1512,682,211,93
15,21.669931193510152,650,2.0,0.3762492537498474,1529,457,68,38
677,21.669931193510152,650,2.0,0.5990005135536194,520,759,142,151
727,21.669931193510152,650,2.0,0.717443585395813,616,302,52,36
739,21.669931193510152,650,2.0,0.3897724449634552,867,383,74,48
754,21.669931193510152,650,2.0,0.5320682525634766,1301,486,84,43
763,21.669931193510152,650,2.0,0.679543673992157,1478,667,200,88
775,21.669931193510152,650,2.0,0.5434792637825012,1112,854,173,102
15,21.703269549192473,651,2.0,0.3522433638572693,1529,457,68,38
677,21.703269549192473,651,2.0,0.3716779053211212,531,775,145,158
727,21.703269549192473,651,2.0,0.663375973701477,612,300,51,36
739,21.703269549192473,651,2.0,0.3076356053352356,855,380,71,43
754,21.703269549192473,651,2.0,0.5860569477081299,1296,485,81,43
763,21.703269549192473,651,2.0,0.7534613609313965,1445,653,190,84
775,21.703269549192473,651,2.0,0.4374160170555115,1119,848,170,97
15,21.7366079048748,652,2.0,0.3569267690181732,1529,457,68,38
677,21.7366079048748,652,2.0,0.4380281865596771,542,792,150,161
727,21.7366079048748,652,2.0,0.5792867541313171,607,298,49,35
739,21.7366079048748,652,2.0,0.41271552443504333,849,375,68,45
754,21.7366079048748,652,2.0,0.539309024810791,1291,483,84,42
763,21.7366079048748,652,2.0,0.5438653826713562,1418,640,183,83
775,21.7366079048748,652,2.0,0.6344285011291504,1129,843,169,94
15,21.76994626055712,653,2.0,0.35097426176071167,1530,457,68,38
677,21.76994626055712,653,7.0,0.48425644636154175,554,810,156,166
727,21.76994626055712,653,2.0,0.6018641591072083,603,296,52,35
739,21.76994626055712,653,2.0,0.3191041946411133,839,371,68,47
754,21.76994626055712,653,2.0,0.6038334965705872,1288,482,80,41
763,21.76994626055712,653,2.0,0.5544518232345581,1390,627,183,82
775,21.76994626055712,653,2.0,0.55665123462677,1138,836,164,88
15,21.803284616239445,654,2.0,0.3526749610900879,1529,457,68,38
677,21.803284616239445,654,2.0,0.5429761409759521,564,826,155,170
727,21.803284616239445,654,2.0,0.5770031809806824,599,294,51,35
739,21.803284616239445,654,2.0,0.46895211935043335,829,366,68,47
754,21.803284616239445,654,2.0,0.657350480556488,1285,480,78,39
763,21.803284616239445,654,2.0,0.6382055282592773,1360,614,176,79
775,21.803284616239445,654,2.0,0.5645409226417542,1147,834,163,89
15,21.836622971921766,655,2.0,0.3827957808971405,1529,457,68,38
677,21.836622971921766,655,2.0,0.6035469174385071,574,843,159,170
727,21.836622971921766,655,2.0,0.6618029475212097,594,291,53,35
739,21.836622971921766,655,2.0,0.41631779074668884,822,363,66,47
754,21.836622971921766,655,2.0,0.6714106202125549,1283,478,77,38
763,21.836622971921766,655,2.0,0.6039158701896667,1333,602,166,75
775,21.836622971921766,655,2.0,0.6002499461174011,1157,831,158,88
15,21.86996132760409,656,2.0,0.37556442618370056,1529,457,68,38
677,21.86996132760409,656,2.0,0.6986078023910522,585,858,159,162
727,21.86996132760409,656,2.0,0.6636783480644226,590,289,51,33
739,21.86996132760409,656,2.0,0.5463495850563049,814,358,66,42
754,21.86996132760409,656,2.0,0.6637800335884094,1281,477,79,38
763,21.86996132760409,656,2.0,0.7600356936454773,1312,593,164,76
775,21.86996132760409,656,2.0,0.27202585339546204,1165,826,160,96
15,21.903299683286413,657,2.0,0.36462727189064026,1529,457,68,38
727,21.903299683286413,657,2.0,0.5385993123054504,585,286,47,32
739,21.903299683286413,657,2.0,0.46617746353149414,806,355,70,40
754,21.903299683286413,657,2.0,0.5110350847244263,1275,474,77,38
763,21.903299683286413,657,2.0,0.36623749136924744,1286,582,158,74
775,21.903299683286413,657,2.0,0.28366896510124207,1172,823,164,103
15,21.936638038968738,658,2.0,0.27631887793540955,1529,457,68,37
727,21.936638038968738,658,2.0,0.5173560976982117,581,285,46,32
739,21.936638038968738,658,2.0,0.4620164930820465,799,352,66,38
754,21.936638038968738,658,2.0,0.3644876778125763,1270,473,76,39
763,21.936638038968738,658,6.0,0.15991121530532837,1259,571,149,75
775,21.936638038968738,658,2.0,0.3786603510379791,1182,820,165,105
15,21.96997639465106,659,2.0,0.3570497930049896,1529,457,68,37
727,21.96997639465106,659,2.0,0.5964971780776978,575,282,46,32
739,21.96997639465106,659,2.0,0.4260077178478241,791,348,61,38
754,21.96997639465106,659,2.0,0.5768231749534607,1268,471,76,41
763,21.96997639465106,659,2.0,0.524261474609375,1238,560,144,69
775,21.96997639465106,659,2.0,0.3965536952018738,1191,813,163,99
15,22.003314750333384,660,2.0,0.3472951650619507,1529,457,68,37
727,22.003314750333384,660,2.0,0.4688042104244232,572,280,46,33
739,22.003314750333384,660,2.0,0.3388930857181549,781,346,65,41
754,22.003314750333384,660,2.0,0.4349862337112427,1267,470,75,42
763,22.003314750333384,660,2.0,0.5071441531181335,1218,551,138,65
15,22.036653106015706,661,2.0,0.37532490491867065,1529,457,68,37
727,22.036653106015706,661,2.0,0.45617005228996277,570,279,47,33
739,22.036653106015706,661,2.0,0.45051565766334534,775,341,65,43
754,22.036653106015706,661,2.0,0.5521421432495117,1264,470,73,42
763,22.036653106015706,661,2.0,0.578915536403656,1197,542,134,65
775,22.036653106015706,661,2.0,0.5155087113380432,1205,805,150,95
15,22.06999146169803,662,2.0,0.3027702271938324,1529,456,68,37
727,22.06999146169803,662,2.0,0.43954530358314514,566,277,47,32
739,22.06999146169803,662,2.0,0.4948996901512146,769,339,63,44
754,22.06999146169803,662,2.0,0.33730563521385193,1262,469,71,42
763,22.06999146169803,662,2.0,0.3261638879776001,1178,533,133,63
775,22.06999146169803,662,2.0,0.2060164362192154,1209,801,138,90
15,22.103329817380352,663,2.0,0.26637032628059387,1529,456,68,36
727,22.103329817380352,663,2.0,0.49054500460624695,562,274,48,31
739,22.103329817380352,663,2.0,0.5031067728996277,763,336,66,45
754,22.103329817380352,663,2.0,0.2764216661453247,1260,468,68,42
763,22.103329817380352,663,2.0,0.19481022655963898,1158,524,130,61
775,22.103329817380352,663,2.0,0.11840152740478516,1216,799,136,88
15,22.136668173062677,664,2.0,0.3224692940711975,1529,456,68,36
727,22.136668173062677,664,2.0,0.45165741443634033,559,273,47,31
739,22.136668173062677,664,2.0,0.582953691482544,754,333,64,44
754,22.136668173062677,664,2.0,0.4451111853122711,1258,467,65,41
763,22.136668173062677,664,2.0,0.49451515078544617,1139,515,124,58
775,22.136668173062677,664,2.0,0.1735939085483551,1219,796,127,85
15,22.170006528745,665,2.0,0.2953628599643707,1529,456,68,36
727,22.170006528745,665,2.0,0.5166566371917725,554,270,48,33
739,22.170006528745,665,2.0,0.5769419074058533,748,330,59,41
754,22.170006528745,665,2.0,0.23256483674049377,1258,465,59,38
763,22.170006528745,665,2.0,0.45632052421569824,1122,507,124,57
788,22.170006528745,665,2.0,0.3559701144695282,1620,609,85,41
15,22.203344884427324,666,2.0,0.30634361505508423,1529,456,68,36
727,22.203344884427324,666,2.0,0.5027856826782227,551,268,47,34
739,22.203344884427324,666,2.0,0.5191461443901062,742,327,59,38
763,22.203344884427324,666,2.0,0.4258575141429901,1106,501,121,56
788,22.203344884427324,666,2.0,0.37576979398727417,1623,608,92,44
15,22.236683240109645,667,2.0,0.3132336735725403,1529,456,68,36
727,22.236683240109645,667,2.0,0.5221729278564453,546,264,45,31
739,22.236683240109645,667,2.0,0.524949312210083,737,325,59,38
763,22.236683240109645,667,2.0,0.49650105834007263,1092,494,123,54
788,22.236683240109645,667,2.0,0.5197831988334656,1627,606,95,44
754,22.236683240109645,667,2.0,0.3151097595691681,1255,464,53,35
15,22.27002159579197,668,2.0,0.308631032705307,1529,456,68,37
727,22.27002159579197,668,2.0,0.5228493809700012,541,262,46,30
739,22.27002159579197,668,2.0,0.5926967859268188,730,322,57,38
763,22.27002159579197,668,2.0,0.3794196844100952,1076,487,116,51
788,22.27002159579197,668,2.0,0.5014355182647705,1629,605,92,44
754,22.27002159579197,668,2.0,0.26726192235946655,1253,463,52,34
15,22.30335995147429,669,2.0,0.36003097891807556,1529,456,68,36
727,22.30335995147429,669,2.0,0.44948750734329224,537,260,43,30
739,22.30335995147429,669,2.0,0.587849497795105,724,318,57,38
763,22.30335995147429,669,2.0,0.5088194012641907,1051,478,94,46
788,22.30335995147429,669,2.0,0.543371856212616,1630,604,89,46
754,22.30335995147429,669,2.0,0.2403787225484848,1254,463,55,33
15,22.336698307156617,670,2.0,0.38982418179512024,1529,456,68,37
727,22.336698307156617,670,2.0,0.42413806915283203,534,259,43,29
739,22.336698307156617,670,2.0,0.563445508480072,718,315,60,39
763,22.336698307156617,670,2.0,0.6875857710838318,1042,472,100,51
788,22.336698307156617,670,2.0,0.5661157369613647,1637,604,94,49
754,22.336698307156617,670,2.0,0.4003559648990631,1244,461,69,35
15,22.370036662838938,671,2.0,0.376728355884552,1529,457,68,37
727,22.370036662838938,671,2.0,0.41223037242889404,531,258,41,28
739,22.370036662838938,671,2.0,0.5354599952697754,712,312,58,40
763,22.370036662838938,671,2.0,0.5514925718307495,1026,464,103,50
788,22.370036662838938,671,2.0,0.5717852711677551,1641,602,94,52
754,22.370036662838938,671,2.0,0.3999761939048767,1239,460,78,36
15,22.403375018521263,672,2.0,0.3093147873878479,1529,456,69,38
727,22.403375018521263,672,2.0,0.3307305872440338,528,255,44,32
739,22.403375018521263,672,2.0,0.6140130162239075,704,309,58,39
763,22.403375018521263,672,2.0,0.5736973285675049,1013,458,106,51
788,22.403375018521263,672,2.0,0.48594871163368225,1645,602,98,54
754,22.403375018521263,672,2.0,0.21832561492919922,1232,456,82,34
15,22.436713374203585,673,2.0,0.2992647588253021,1529,456,69,38
727,22.436713374203585,673,2.0,0.29115188121795654,524,254,44,33
739,22.436713374203585,673,2.0,0.6891779899597168,697,306,55,37
763,22.436713374203585,673,2.0,0.6893565058708191,1002,453,106,50
788,22.436713374203585,673,2.0,0.5593504905700684,1649,602,103,59
754,22.436713374203585,673,2.0,0.20899458229541779,1232,455,71,34
794,22.436713374203585,673,2.0,0.41245779395103455,1209,449,43,34
15,22.47005172988591,674,2.0,0.3129063546657562,1529,456,69,38
727,22.47005172988591,674,2.0,0.41957220435142517,524,253,50,33
739,22.47005172988591,674,2.0,0.5003001689910889,692,304,52,34
763,22.47005172988591,674,2.0,0.5591320395469666,989,448,104,50
788,22.47005172988591,674,2.0,0.6041339039802551,1654,602,99,59
754,22.47005172988591,674,2.0,0.10682595521211624,1237,455,56,31
794,22.47005172988591,674,2.0,0.3742344379425049,1215,448,56,38
15,22.503390085568235,675,2.0,0.3086574971675873,1529,456,69,39
727,22.503390085568235,675,2.0,0.3894807696342468,519,251,49,32
739,22.503390085568235,675,2.0,0.5993688106536865,687,301,54,36
763,22.503390085568235,675,2.0,0.5712096095085144,974,442,98,47
788,22.503390085568235,675,2.0,0.4442146420478821,1659,601,99,59
754,22.503390085568235,675,2.0,0.13478147983551025,1228,449,59,40
794,22.503390085568235,675,2.0,0.22121693193912506,1215,447,58,42
15,22.536728441250556,676,2.0,0.3371298015117645,1529,456,69,39
727,22.536728441250556,676,2.0,0.45786455273628235,516,250,50,32
739,22.536728441250556,676,2.0,0.6332705616950989,682,298,53,37
763,22.536728441250556,676,2.0,0.45568016171455383,962,437,98,48
788,22.536728441250556,676,2.0,0.49980729818344116,1665,600,100,60
794,22.536728441250556,676,2.0,0.2088402807712555,1210,445,64,40
15,22.57006679693288,677,2.0,0.3252672553062439,1529,456,69,39
727,22.57006679693288,677,2.0,0.44457417726516724,514,249,50,32
739,22.57006679693288,677,2.0,0.518242597579956,676,296,52,38
763,22.57006679693288,677,2.0,0.6218789219856262,951,432,95,47
788,22.57006679693288,677,2.0,0.574575662612915,1669,598,100,60
794,22.57006679693288,677,2.0,0.2202119082212448,1205,444,63,42
800,22.57006679693288,677,2.0,0.4200616776943207,1097,765,148,75
15,22.603405152615203,678,2.0,0.3081861734390259,1529,456,69,38
727,22.603405152615203,678,2.0,0.4151199460029602,511,248,47,31
739,22.603405152615203,678,2.0,0.5436853170394897,671,294,54,38
763,22.603405152615203,678,2.0,0.4929845333099365,941,427,91,47
788,22.603405152615203,678,2.0,0.5982933640480042,1672,595,100,58
794,22.603405152615203,678,2.0,0.218436136841774,1200,441,76,42
800,22.603405152615203,678,2.0,0.5794382691383362,1101,762,147,77
15,22.636743508297528,679,2.0,0.3112371265888214,1529,456,69,38
727,22.636743508297528,679,2.0,0.4235469698905945,509,246,50,31
739,22.636743508297528,679,2.0,0.522308349609375,666,292,55,39
763,22.636743508297528,679,2.0,0.5529353022575378,929,420,90,47
788,22.636743508297528,679,2.0,0.6157525777816772,1676,592,99,57
794,22.636743508297528,679,2.0,0.26288527250289917,1199,440,83,45
800,22.636743508297528,679,2.0,0.48580145835876465,1107,758,143,78
803,22.636743508297528,679,2.0,0.4257800579071045,1330,500,72,35
15,22.67008186397985,680,2.0,0.3369039297103882,1529,456,69,38
727,22.67008186397985,680,2.0,0.4725209176540375,504,245,46,30
739,22.67008186397985,680,2.0,0.48114433884620667,660,290,53,40
763,22.67008186397985,680,2.0,0.5865568518638611,918,415,89,46
788,22.67008186397985,680,2.0,0.6501936316490173,1680,590,94,54
794,22.67008186397985,680,2.0,0.3760254681110382,1197,438,85,47
800,22.67008186397985,680,2.0,0.5430738925933838,1115,758,135,73
803,22.67008186397985,680,2.0,0.4461708962917328,1328,499,72,36
804,22.67008186397985,680,2.0,0.35852280259132385,1729,358,57,39
15,22.703420219662174,681,2.0,0.31748536229133606,1529,456,69,39
727,22.703420219662174,681,2.0,0.4194031357765198,501,244,49,28
739,22.703420219662174,681,2.0,0.5900416374206543,655,288,52,37
763,22.703420219662174,681,2.0,0.5761716961860657,907,410,86,46
788,22.703420219662174,681,2.0,0.6204581260681152,1684,588,93,55
794,22.703420219662174,681,2.0,0.4231809675693512,1196,438,86,47
800,22.703420219662174,681,2.0,0.5326091051101685,1123,755,138,73
803,22.703420219662174,681,2.0,0.47608229517936707,1329,499,73,35
804,22.703420219662174,681,2.0,0.32552871108055115,1728,358,58,39
15,22.736758575344496,682,2.0,0.3439713418483734,1529,457,70,40
727,22.736758575344496,682,2.0,0.36776861548423767,497,241,44,30
739,22.736758575344496,682,2.0,0.6475144624710083,649,285,49,34
763,22.736758575344496,682,2.0,0.559156060218811,900,407,90,43
788,22.736758575344496,682,2.0,0.6216790676116943,1688,586,93,55
794,22.736758575344496,682,2.0,0.42589807510375977,1194,438,83,45
800,22.736758575344496,682,2.0,0.5163820385932922,1125,752,135,76
803,22.736758575344496,682,2.0,0.4077266752719879,1325,498,71,36
804,22.736758575344496,682,2.0,0.31776687502861023,1729,358,58,39
15,22.77009693102682,683,2.0,0.33161139488220215,1529,457,70,40
727,22.77009693102682,683,2.0,0.4881906807422638,494,239,44,30
739,22.77009693102682,683,2.0,0.666212260723114,646,282,47,31
763,22.77009693102682,683,2.0,0.6744637489318848,886,400,84,41
788,22.77009693102682,683,2.0,0.5873545408248901,1692,583,95,56
794,22.77009693102682,683,2.0,0.396752268075943,1193,436,81,44
800,22.77009693102682,683,2.0,0.5742604732513428,1130,749,128,76
803,22.77009693102682,683,2.0,0.5122799277305603,1323,497,71,37
804,22.77009693102682,683,2.0,0.3631806969642639,1731,358,55,39
15,22.803435286709142,684,2.0,0.3351585268974304,1529,456,70,40
727,22.803435286709142,684,2.0,0.23641860485076904,490,237,40,29
739,22.803435286709142,684,2.0,0.6955893039703369,642,280,47,30
763,22.803435286709142,684,2.0,0.569007158279419,875,394,84,39
788,22.803435286709142,684,2.0,0.6512632369995117,1696,580,94,57
794,22.803435286709142,684,2.0,0.37901628017425537,1192,435,78,43
800,22.803435286709142,684,2.0,0.524181067943573,1132,746,125,75
803,22.803435286709142,684,2.0,0.4565936028957367,1323,496,67,35
804,22.803435286709142,684,2.0,0.3567768335342407,1731,358,54,38
15,22.836773642391467,685,2.0,0.33040475845336914,1529,456,69,39
727,22.836773642391467,685,2.0,0.41019755601882935,488,235,42,29
739,22.836773642391467,685,2.0,0.6437117457389832,637,279,45,28
763,22.836773642391467,685,2.0,0.6443158388137817,865,391,82,39
788,22.836773642391467,685,2.0,0.715901792049408,1701,578,93,55
794,22.836773642391467,685,2.0,0.45046114921569824,1189,435,78,41
800,22.836773642391467,685,2.0,0.6203985810279846,1136,743,117,73
803,22.836773642391467,685,2.0,0.4567455053329468,1322,496,64,37
804,22.836773642391467,685,2.0,0.18166039884090424,1733,360,54,38
15,22.87011199807379,686,2.0,0.31575244665145874,1529,456,69,39
727,22.87011199807379,686,2.0,0.19221366941928864,485,235,38,28
739,22.87011199807379,686,2.0,0.6365152597427368,632,278,44,28
763,22.87011199807379,686,2.0,0.5935165286064148,859,388,85,40
788,22.87011199807379,686,2.0,0.6729182004928589,1705,577,91,53
794,22.87011199807379,686,2.0,0.33186471462249756,1188,435,75,40
800,22.87011199807379,686,2.0,0.5166776180267334,1140,743,111,70
803,22.87011199807379,686,2.0,0.42304831743240356,1321,496,64,37
15,22.903450353756114,687,2.0,0.3187226355075836,1529,456,70,39
727,22.903450353756114,687,2.0,0.22722290456295013,484,235,38,27
739,22.903450353756114,687,2.0,0.3541734516620636,627,276,45,28
763,22.903450353756114,687,2.0,0.5401361584663391,850,384,89,39
788,22.903450353756114,687,2.0,0.638861894607544,1709,577,92,55
794,22.903450353756114,687,2.0,0.3563549816608429,1181,433,69,39
800,22.903450353756114,687,2.0,0.2308737188577652,1146,742,115,69
803,22.903450353756114,687,2.0,0.509110152721405,1320,497,63,39
15,22.936788709438435,688,2.0,0.33672070503234863,1529,456,69,39
739,22.936788709438435,688,2.0,0.38650041818618774,624,274,47,31
763,22.936788709438435,688,2.0,0.5386229753494263,840,379,83,39
788,22.936788709438435,688,2.0,0.575535774230957,1714,576,89,53
794,22.936788709438435,688,2.0,0.2906462848186493,1178,431,59,39
800,22.936788709438435,688,2.0,0.2850060760974884,1151,741,109,67
803,22.936788709438435,688,2.0,0.46270206570625305,1317,496,62,39
808,22.936788709438435,688,2.0,0.4194500744342804,1559,588,86,38
15,22.97012706512076,689,2.0,0.3825128376483917,1529,456,69,39
739,22.97012706512076,689,2.0,0.414752721786499,619,271,47,35
763,22.97012706512076,689,2.0,0.6375005841255188,831,374,78,39
788,22.97012706512076,689,2.0,0.5862367153167725,1718,573,91,52
794,22.97012706512076,689,2.0,0.45843085646629333,1177,430,55,40
800,22.97012706512076,689,2.0,0.3438301980495453,1155,742,103,62
803,22.97012706512076,689,2.0,0.44639313220977783,1312,495,68,40
808,22.97012706512076,689,2.0,0.5772063732147217,1562,585,87,41
15,23.00346542080308,690,2.0,0.3731650710105896,1529,456,70,39
739,23.00346542080308,690,2.0,0.43146300315856934,615,269,46,36
763,23.00346542080308,690,2.0,0.5481345057487488,822,371,81,42
788,23.00346542080308,690,2.0,0.6412865519523621,1724,571,91,52
794,23.00346542080308,690,2.0,0.3072676658630371,1177,430,49,39
800,23.00346542080308,690,2.0,0.23499487340450287,1158,741,99,60
803,23.00346542080308,690,2.0,0.3658522069454193,1310,494,71,40
808,23.00346542080308,690,2.0,0.475679486989975,1567,585,86,43
15,23.036803776485407,691,2.0,0.36143386363983154,1529,456,70,40
739,23.036803776485407,691,2.0,0.5093003511428833,610,268,44,36
763,23.036803776485407,691,2.0,0.589232861995697,816,368,79,41
788,23.036803776485407,691,2.0,0.6108745336532593,1729,568,93,53
794,23.036803776485407,691,2.0,0.4944460093975067,1177,429,48,38
800,23.036803776485407,691,2.0,0.14276444911956787,1162,738,92,57
803,23.036803776485407,691,2.0,0.5075033903121948,1305,490,70,41
808,23.036803776485407,691,2.0,0.6074032187461853,1571,582,86,47
15,23.070142132167728,692,2.0,0.3438433110713959,1529,456,70,40
739,23.070142132167728,692,2.0,0.5959008932113647,605,265,41,32
763,23.070142132167728,692,2.0,0.5276557207107544,811,364,65,38
788,23.070142132167728,692,2.0,0.5886483192443848,1730,566,92,52
794,23.070142132167728,692,2.0,0.34591352939605713,1176,428,44,37
800,23.070142132167728,692,2.0,0.1392294317483902,1164,739,84,50
803,23.070142132167728,692,2.0,0.4048536717891693,1302,488,72,40
808,23.070142132167728,692,2.0,0.6915109753608704,1576,580,86,48
15,23.103480487850053,693,2.0,0.37190088629722595,1529,456,70,40
739,23.103480487850053,693,2.0,0.6718518733978271,603,262,38,29
763,23.103480487850053,693,2.0,0.47879132628440857,797,359,66,36
788,23.103480487850053,693,2.0,0.559812068939209,1732,564,94,54
794,23.103480487850053,693,2.0,0.21792404353618622,1173,426,47,37
800,23.103480487850053,693,2.0,0.12491758912801743,1164,736,72,47
803,23.103480487850053,693,2.0,0.5313632488250732,1300,487,73,41
808,23.103480487850053,693,2.0,0.6645386219024658,1579,579,85,47
15,23.136818843532375,694,2.0,0.36177578568458557,1529,456,70,39
739,23.136818843532375,694,2.0,0.5976879000663757,597,259,39,29
763,23.136818843532375,694,2.0,0.6277147531509399,789,354,67,35
788,23.136818843532375,694,2.0,0.6703967452049255,1737,561,91,53
794,23.136818843532375,694,2.0,0.35581380128860474,1169,425,51,37
803,23.136818843532375,694,2.0,0.5188297033309937,1298,486,74,42
808,23.136818843532375,694,2.0,0.747058629989624,1584,578,82,46
15,23.1701571992147,695,2.0,0.34457460045814514,1529,456,69,39
739,23.1701571992147,695,2.0,0.6234814524650574,593,257,41,27
763,23.1701571992147,695,2.0,0.5122038722038269,782,350,67,36
788,23.1701571992147,695,2.0,0.6290698647499084,1740,559,89,54
794,23.1701571992147,695,2.0,0.12271234393119812,1165,424,52,34
803,23.1701571992147,695,2.0,0.5565996766090393,1295,485,72,43
808,23.1701571992147,695,2.0,0.7269148826599121,1588,578,80,43
15,23.20349555489702,696,2.0,0.3374406099319458,1529,456,69,39
739,23.20349555489702,696,2.0,0.683233380317688,589,255,41,26
763,23.20349555489702,696,2.0,0.5775924324989319,775,347,71,39
788,23.20349555489702,696,2.0,0.6569461226463318,1745,557,90,56
794,23.20349555489702,696,2.0,0.12514366209506989,1162,424,53,35
803,23.20349555489702,696,2.0,0.4249987304210663,1291,482,72,42
808,23.20349555489702,696,2.0,0.6267474889755249,1592,576,82,43
727,23.20349555489702,696,2.0,0.2809065878391266,462,221,40,30
15,23.236833910579346,697,2.0,0.32154300808906555,1529,456,69,38
739,23.236833910579346,697,2.0,0.5865656733512878,587,254,42,26
763,23.236833910579346,697,2.0,0.5127526521682739,769,344,73,39
788,23.236833910579346,697,2.0,0.7033306360244751,1749,555,91,55
803,23.236833910579346,697,2.0,0.44761472940444946,1289,482,67,39
808,23.236833910579346,697,2.0,0.6890657544136047,1597,574,80,40
727,23.236833910579346,697,2.0,0.22590604424476624,457,220,40,28
15,23.270172266261667,698,2.0,0.3110876977443695,1529,456,70,39
739,23.270172266261667,698,2.0,0.5718847513198853,585,253,41,26
763,23.270172266261667,698,2.0,0.5892007946968079,764,341,75,41
788,23.270172266261667,698,2.0,0.7312542796134949,1754,553,91,53
803,23.270172266261667,698,2.0,0.4951120913028717,1284,480,71,39
808,23.270172266261667,698,2.0,0.5977370142936707,1602,572,81,39
727,23.270172266261667,698,2.0,0.3337351679801941,455,219,42,27
15,23.303510621943992,699,2.0,0.34019336104393005,1529,456,70,38
739,23.303510621943992,699,2.0,0.3846281170845032,581,253,41,26
763,23.303510621943992,699,2.0,0.6496530771255493,757,339,75,40
788,23.303510621943992,699,2.0,0.6138079762458801,1758,553,89,54
803,23.303510621943992,699,2.0,0.47739118337631226,1281,478,71,37
808,23.303510621943992,699,2.0,0.638779878616333,1606,570,82,36
727,23.303510621943992,699,2.0,0.21049533784389496,453,218,38,26
15,23.336848977626314,700,2.0,0.32409122586250305,1529,456,69,38
739,23.336848977626314,700,2.0,0.30795788764953613,577,251,46,27
763,23.336848977626314,700,2.0,0.5695127248764038,748,335,68,37
788,23.336848977626314,700,2.0,0.650518000125885,1760,552,86,53
803,23.336848977626314,700,2.0,0.3784696161746979,1282,477,70,37
808,23.336848977626314,700,2.0,0.7276060581207275,1610,569,81,36
15,23.37018733330864,701,2.0,0.3109740614891052,1529,456,69,37
739,23.37018733330864,701,2.0,0.2595079243183136,574,251,48,28
763,23.37018733330864,701,2.0,0.5350808501243591,742,333,70,34
788,23.37018733330864,701,2.0,0.6297506093978882,1765,551,87,53
803,23.37018733330864,701,2.0,0.35652080178260803,1279,476,69,36
808,23.37018733330864,701,2.0,0.6672708988189697,1614,567,81,36
15,23.403525688990964,702,2.0,0.31291475892066956,1529,455,69,37
739,23.403525688990964,702,2.0,0.4112609624862671,568,248,44,31
763,23.403525688990964,702,2.0,0.5960378050804138,736,330,64,31
788,23.403525688990964,702,2.0,0.6450799703598022,1770,549,89,52
803,23.403525688990964,702,2.0,0.3337970972061157,1275,475,67,38
808,23.403525688990964,702,2.0,0.5393296480178833,1617,566,81,34
15,23.436864044673285,703,2.0,0.3288078308105469,1529,455,69,37
739,23.436864044673285,703,2.0,0.5230775475502014,564,247,43,31
763,23.436864044673285,703,2.0,0.5317373275756836,733,328,69,31
788,23.436864044673285,703,2.0,0.6738243699073792,1773,546,90,52
803,23.436864044673285,703,2.0,0.3257213830947876,1275,473,60,37
808,23.436864044673285,703,2.0,0.5809957385063171,1622,564,80,35
15,23.47020240035561,704,2.0,0.3278675079345703,1529,455,69,37
739,23.47020240035561,704,2.0,0.5652992129325867,562,246,43,32
763,23.47020240035561,704,2.0,0.4191465675830841,730,326,73,32
788,23.47020240035561,704,2.0,0.6643025279045105,1776,545,89,52
803,23.47020240035561,704,2.0,0.4312964379787445,1270,472,64,38
808,23.47020240035561,704,2.0,0.5729033946990967,1626,562,81,38
15,23.503540756037932,705,2.0,0.34364452958106995,1529,455,69,37
739,23.503540756037932,705,2.0,0.47832414507865906,560,243,42,33
763,23.503540756037932,705,2.0,0.43450117111206055,721,323,72,35
788,23.503540756037932,705,2.0,0.5162765383720398,1779,543,87,51
803,23.503540756037932,705,2.0,0.23335504531860352,1268,471,62,38
808,23.503540756037932,705,2.0,0.7117049098014832,1629,560,80,40
15,23.536879111720257,706,2.0,0.33215954899787903,1529,455,69,36
739,23.536879111720257,706,2.0,0.29411596059799194,555,241,37,34
763,23.536879111720257,706,2.0,0.5102062225341797,712,319,68,36
788,23.536879111720257,706,2.0,0.5872728824615479,1781,541,89,51
803,23.536879111720257,706,2.0,0.2965655028820038,1264,469,63,39
808,23.536879111720257,706,2.0,0.8062682747840881,1634,557,80,44
15,23.57021746740258,707,2.0,0.3211343288421631,1529,455,69,37
739,23.57021746740258,707,2.0,0.3561032712459564,550,239,36,31
763,23.57021746740258,707,2.0,0.7077311277389526,705,316,66,35
788,23.57021746740258,707,2.0,0.6310719847679138,1784,540,87,51
803,23.57021746740258,707,2.0,0.2854909896850586,1261,468,63,38
808,23.57021746740258,707,2.0,0.7746206521987915,1638,555,80,44
15,23.603555823084903,708,2.0,0.31730642914772034,1529,455,69,36
739,23.603555823084903,708,2.0,0.15764427185058594,547,237,34,29
763,23.603555823084903,708,2.0,0.6532070636749268,697,312,60,33
788,23.603555823084903,708,2.0,0.5911844372749329,1788,537,86,50
803,23.603555823084903,708,2.0,0.21436569094657898,1259,467,59,38
808,23.603555823084903,708,2.0,0.7121356129646301,1641,554,81,41
15,23.636894178767225,709,2.0,0.34150227904319763,1529,455,69,37
739,23.636894178767225,709,2.0,0.18536801636219025,544,236,34,28
763,23.636894178767225,709,2.0,0.6576640605926514,691,308,59,31
788,23.636894178767225,709,2.0,0.5926439762115479,1793,536,86,50
803,23.636894178767225,709,2.0,0.27952685952186584,1257,466,56,36
808,23.636894178767225,709,2.0,0.7435362339019775,1645,552,77,40
15,23.67023253444955,710,2.0,0.318631112575531,1530,455,69,37
763,23.67023253444955,710,2.0,0.7271907925605774,687,305,60,29
788,23.67023253444955,710,2.0,0.6379403471946716,1797,533,87,51
803,23.67023253444955,710,7.0,0.11480306088924408,1255,466,57,37
808,23.67023253444955,710,2.0,0.6340287327766418,1649,551,77,39
15,23.70357089013187,711,2.0,0.27717941999435425,1530,455,69,37
763,23.70357089013187,711,2.0,0.6402093172073364,681,302,61,30
788,23.70357089013187,711,2.0,0.6191909313201904,1800,531,88,51
808,23.70357089013187,711,2.0,0.5110892057418823,1653,550,78,38
15,23.736909245814196,712,2.0,0.29965028166770935,1529,455,69,37
763,23.736909245814196,712,2.0,0.5575460195541382,677,300,59,29
788,23.736909245814196,712,2.0,0.5354751348495483,1804,532,87,53
808,23.736909245814196,712,2.0,0.44509652256965637,1657,548,79,40
15,23.770247601496518,713,2.0,0.32958343625068665,1529,455,69,37
763,23.770247601496518,713,2.0,0.46768221259117126,672,299,56,29
788,23.770247601496518,713,2.0,0.6135061383247375,1806,531,88,53
808,23.770247601496518,713,2.0,0.5536648035049438,1659,547,77,38
15,23.803585957178843,714,2.0,0.3387892246246338,1529,455,69,37
763,23.803585957178843,714,2.0,0.36822107434272766,668,297,57,31
788,23.803585957178843,714,2.0,0.5619081854820251,1808,531,87,53
808,23.803585957178843,714,2.0,0.36830052733421326,1663,545,78,35
15,23.836924312861164,715,2.0,0.357481449842453,1529,455,69,37
763,23.836924312861164,715,2.0,0.5761677622795105,662,295,56,32
788,23.836924312861164,715,2.0,0.6033453941345215,1812,529,88,52
808,23.836924312861164,715,2.0,0.5172787308692932,1667,544,74,32
15,23.87026266854349,716,2.0,0.3448421359062195,1530,455,69,37
763,23.87026266854349,716,2.0,0.520243763923645,658,292,55,33
788,23.87026266854349,716,2.0,0.6167836785316467,1817,528,84,50
808,23.87026266854349,716,2.0,0.6523087024688721,1671,545,74,29
15,23.90360102422581,717,2.0,0.34085148572921753,1529,455,69,37
763,23.90360102422581,717,2.0,0.502009391784668,651,290,55,33
788,23.90360102422581,717,2.0,0.6102709174156189,1820,525,86,49
808,23.90360102422581,717,2.0,0.700223445892334,1674,544,72,28
15,23.936939379908136,718,2.0,0.32200920581817627,1530,455,69,37
763,23.936939379908136,718,2.0,0.6657986044883728,647,286,52,30
788,23.936939379908136,718,2.0,0.5473135709762573,1822,524,83,47
808,23.936939379908136,718,2.0,0.5663056969642639,1678,542,74,30
15,23.970277735590457,719,2.0,0.3037473261356354,1530,455,69,37
763,23.970277735590457,719,2.0,0.6849351525306702,644,284,48,26
788,23.970277735590457,719,2.0,0.5549837350845337,1826,522,82,48
808,23.970277735590457,719,2.0,0.5322171449661255,1681,539,75,32
15,24.003616091272782,720,2.0,0.2792142629623413,1530,455,69,37
763,24.003616091272782,720,2.0,0.7435389757156372,640,281,50,25
788,24.003616091272782,720,2.0,0.5832942128181458,1829,520,81,49
808,24.003616091272782,720,2.0,0.5311880111694336,1685,535,78,37
15,24.036954446955104,721,2.0,0.3096492290496826,1530,455,69,38
763,24.036954446955104,721,2.0,0.6997990608215332,633,280,53,25
788,24.036954446955104,721,2.0,0.5774627923965454,1831,518,80,48
808,24.036954446955104,721,2.0,0.5961707234382629,1688,533,79,40
15,24.07029280263743,722,2.0,0.2855287194252014,1529,456,69,38
763,24.07029280263743,722,2.0,0.5764647126197815,630,279,55,25
788,24.07029280263743,722,2.0,0.6808441877365112,1835,516,81,48
808,24.07029280263743,722,2.0,0.5358392596244812,1691,532,78,41
15,24.10363115831975,723,2.0,0.23778122663497925,1530,456,69,38
763,24.10363115831975,723,2.0,0.35646480321884155,626,278,53,23
788,24.10363115831975,723,2.0,0.6495983600616455,1838,514,77,49
808,24.10363115831975,723,2.0,0.5307505130767822,1696,531,74,38
15,24.136969514002075,724,2.0,0.2345716804265976,1530,456,69,38
763,24.136969514002075,724,2.0,0.27155622839927673,621,278,53,24
788,24.136969514002075,724,2.0,0.6250700950622559,1842,514,78,47
808,24.136969514002075,724,2.0,0.42651820182800293,1700,530,76,37
15,24.170307869684397,725,2.0,0.22442956268787384,1530,456,69,38
763,24.170307869684397,725,2.0,0.40600886940956116,618,276,54,27
788,24.170307869684397,725,2.0,0.5363956689834595,1845,513,76,46
808,24.170307869684397,725,2.0,0.5863810777664185,1704,528,73,37
15,24.20364622536672,726,2.0,0.23838911950588226,1530,456,69,38
763,24.20364622536672,726,2.0,0.41471385955810547,614,274,53,29
788,24.20364622536672,726,2.0,0.5967181921005249,1848,512,77,47
808,24.20364622536672,726,2.0,0.45926129817962646,1707,527,74,36
15,24.236984581049047,727,2.0,0.24754199385643005,1529,456,69,37
763,24.236984581049047,727,2.0,0.5649012327194214,609,270,47,28
788,24.236984581049047,727,2.0,0.6195940375328064,1850,510,76,46
808,24.236984581049047,727,2.0,0.45948514342308044,1710,527,75,36
15,24.270322936731368,728,2.0,0.23896324634552002,1529,455,69,37
763,24.270322936731368,728,2.0,0.5095560550689697,606,267,50,30
788,24.270322936731368,728,2.0,0.5562463402748108,1852,507,75,46
808,24.270322936731368,728,2.0,0.46771708130836487,1714,526,73,36
824,24.270322936731368,728,2.0,0.4502165615558624,1115,752,157,93
825,24.270322936731368,728,2.0,0.36235836148262024,1190,438,71,40
826,24.270322936731368,728,2.0,0.49721553921699524,1625,608,91,43
15,24.303661292413693,729,2.0,0.25568199157714844,1529,456,69,37
763,24.303661292413693,729,2.0,0.528337836265564,602,263,51,26
788,24.303661292413693,729,2.0,0.5661687254905701,1855,507,75,45
808,24.303661292413693,729,2.0,0.5532764196395874,1718,525,72,36
824,24.303661292413693,729,2.0,0.3030243515968323,1117,753,159,85
825,24.303661292413693,729,2.0,0.350292444229126,1188,437,71,40
826,24.303661292413693,729,2.0,0.6045776605606079,1628,607,91,45
15,24.336999648096015,730,2.0,0.22739291191101074,1529,456,69,37
763,24.336999648096015,730,2.0,0.469374418258667,595,259,41,23
788,24.336999648096015,730,2.0,0.5957401990890503,1858,506,75,47
808,24.336999648096015,730,2.0,0.4853605031967163,1720,524,72,34
824,24.336999648096015,730,2.0,0.34915709495544434,1119,752,150,84
825,24.336999648096015,730,2.0,0.2901111841201782,1185,437,62,36
826,24.336999648096015,730,2.0,0.48023921251296997,1632,608,94,52
15,24.37033800377834,731,2.0,0.24131004512310028,1529,455,69,37
763,24.37033800377834,731,2.0,0.47779589891433716,591,257,42,23
788,24.37033800377834,731,2.0,0.6482433080673218,1862,505,73,45
808,24.37033800377834,731,2.0,0.5477253794670105,1724,522,72,32
824,24.37033800377834,731,2.0,0.3179004490375519,1122,750,149,83
825,24.37033800377834,731,2.0,0.28338804841041565,1181,436,54,37
826,24.37033800377834,731,2.0,0.4993486702442169,1634,607,96,55
15,24.40367635946066,732,2.0,0.23954075574874878,1529,455,69,38
763,24.40367635946066,732,2.0,0.6552826166152954,587,256,46,21
788,24.40367635946066,732,2.0,0.6897915005683899,1864,503,72,45
808,24.40367635946066,732,2.0,0.5709778666496277,1727,519,73,33
824,24.40367635946066,732,2.0,0.340248167514801,1124,749,146,83
825,24.40367635946066,732,2.0,0.40206947922706604,1179,434,48,39
826,24.40367635946066,732,2.0,0.5136977434158325,1638,607,96,57
15,24.437014715142986,733,2.0,0.16102394461631775,1529,456,68,38
763,24.437014715142986,733,2.0,0.6047605276107788,583,254,44,22
788,24.437014715142986,733,2.0,0.6230208277702332,1865,502,69,43
808,24.437014715142986,733,2.0,0.6118081212043762,1730,518,74,32
824,24.437014715142986,733,2.0,0.18480658531188965,1130,747,140,81
825,24.437014715142986,733,2.0,0.266308456659317,1179,433,46,38
826,24.437014715142986,733,2.0,0.4829079806804657,1641,606,97,59
15,24.470353070825308,734,2.0,0.20774836838245392,1529,456,68,38
763,24.470353070825308,734,2.0,0.5230082869529724,578,254,47,22
788,24.470353070825308,734,2.0,0.5846530795097351,1871,500,73,43
808,24.470353070825308,734,2.0,0.580603837966919,1735,516,73,35
824,24.470353070825308,734,2.0,0.25117117166519165,1137,746,139,79
825,24.470353070825308,734,2.0,0.2097276747226715,1179,431,46,40
826,24.470353070825308,734,2.0,0.4669227600097656,1646,605,101,59
15,24.503691426507633,735,2.0,0.15360037982463837,1529,457,69,39
763,24.503691426507633,735,2.0,0.4614343047142029,575,254,47,24
788,24.503691426507633,735,2.0,0.6025326251983643,1870,499,66,40
808,24.503691426507633,735,2.0,0.6201232671737671,1737,514,72,37
824,24.503691426507633,735,2.0,0.19775095582008362,1142,744,138,76
825,24.503691426507633,735,2.0,0.16302938759326935,1179,431,42,39
826,24.503691426507633,735,2.0,0.45148423314094543,1651,603,99,58
15,24.537029782189954,736,2.0,0.16744643449783325,1529,457,69,40
763,24.537029782189954,736,2.0,0.37023094296455383,571,253,50,25
788,24.537029782189954,736,2.0,0.5997406840324402,1868,498,58,39
808,24.537029782189954,736,2.0,0.6146962642669678,1740,513,71,39
825,24.537029782189954,736,2.0,0.24843215942382812,1175,429,45,38
826,24.537029782189954,736,2.0,0.5718472003936768,1655,602,98,55
15,24.57036813787228,737,2.0,0.21422581374645233,1529,457,69,40
763,24.57036813787228,737,2.0,0.33272168040275574,569,252,51,26
788,24.57036813787228,737,2.0,0.6133600473403931,1870,497,56,37
808,24.57036813787228,737,2.0,0.5796788334846497,1743,511,71,39
825,24.57036813787228,737,2.0,0.11992231011390686,1170,427,45,37
826,24.57036813787228,737,2.0,0.4103653132915497,1660,601,97,56
15,24.6037064935546,738,2.0,0.22274568676948547,1529,457,68,39
763,24.6037064935546,738,2.0,0.21157093346118927,565,251,48,26
788,24.6037064935546,738,2.0,0.5341070890426636,1874,498,56,34
808,24.6037064935546,738,2.0,0.4956756830215454,1746,510,74,39
825,24.6037064935546,738,2.0,0.1031273603439331,1167,427,43,35
826,24.6037064935546,738,2.0,0.46213123202323914,1663,598,95,55
15,24.637044849236926,739,2.0,0.220317080616951,1529,457,68,39
763,24.637044849236926,739,2.0,0.2697693109512329,563,250,49,28
788,24.637044849236926,739,2.0,0.5380697846412659,1879,495,57,34
808,24.637044849236926,739,2.0,0.6958961486816406,1749,508,73,37
826,24.637044849236926,739,2.0,0.5215901136398315,1667,595,93,52
15,24.670383204919247,740,2.0,0.16399279236793518,1529,457,68,38
788,24.670383204919247,740,2.0,0.46272483468055725,1879,496,54,31
808,24.670383204919247,740,2.0,0.608911395072937,1752,507,74,37
826,24.670383204919247,740,2.0,0.4909663498401642,1671,593,96,52
15,24.703721560601572,741,2.0,0.16086257994174957,1529,456,68,38
788,24.703721560601572,741,2.0,0.48828673362731934,1883,491,57,38
808,24.703721560601572,741,2.0,0.6336804032325745,1756,506,74,37
826,24.703721560601572,741,2.0,0.3255060911178589,1675,591,91,50
763,24.703721560601572,741,2.0,0.4285731613636017,558,245,47,28
15,24.737059916283894,742,2.0,0.1878935992717743,1529,456,69,38
788,24.737059916283894,742,2.0,0.527458131313324,1887,489,59,41
808,24.737059916283894,742,2.0,0.6527785658836365,1760,505,73,36
826,24.737059916283894,742,2.0,0.4101064205169678,1679,589,90,50
763,24.737059916283894,742,2.0,0.11856797337532043,551,243,43,27
15,24.77039827196622,743,2.0,0.2073010504245758,1529,456,68,38
788,24.77039827196622,743,2.0,0.5557474493980408,1889,485,58,48
808,24.77039827196622,743,2.0,0.691988468170166,1763,504,72,36
826,24.77039827196622,743,2.0,0.33310288190841675,1684,587,91,50
763,24.77039827196622,743,2.0,0.13100527226924896,548,241,40,26
15,24.80373662764854,744,2.0,0.18520618975162506,1529,456,69,38
788,24.80373662764854,744,2.0,0.6367291212081909,1891,483,57,49
808,24.80373662764854,744,2.0,0.7044441103935242,1765,503,71,35
826,24.80373662764854,744,2.0,0.3191615641117096,1687,585,94,50
15,24.837074983330865,745,2.0,0.22067850828170776,1529,457,69,38
788,24.837074983330865,745,2.0,0.513494074344635,1892,482,55,51
808,24.837074983330865,745,2.0,0.7114753127098083,1767,503,72,34
826,24.837074983330865,745,2.0,0.4232906401157379,1690,584,94,52
15,24.870413339013187,746,2.0,0.2029552012681961,1529,456,68,38
788,24.870413339013187,746,2.0,0.5423638820648193,1894,482,51,49
808,24.870413339013187,746,2.0,0.7107588648796082,1770,502,71,35
826,24.870413339013187,746,2.0,0.5441920757293701,1697,581,92,54
15,24.90375169469551,747,2.0,0.18749678134918213,1529,456,68,38
788,24.90375169469551,747,2.0,0.5398586988449097,1896,483,47,47
808,24.90375169469551,747,2.0,0.6656856536865234,1774,501,70,33
826,24.90375169469551,747,2.0,0.6802802681922913,1702,580,92,53
15,24.937090050377833,748,2.0,0.19129520654678345,1529,457,69,38
788,24.937090050377833,748,2.0,0.5886512994766235,1897,483,45,41
808,24.937090050377833,748,2.0,0.6413791179656982,1779,500,69,31
826,24.937090050377833,748,2.0,0.6745455861091614,1706,578,91,53
763,24.937090050377833,748,2.0,0.2675688564777374,531,234,42,25
15,24.970428406060158,749,2.0,0.1650828719139099,1529,457,69,38
788,24.970428406060158,749,2.0,0.5847477912902832,1898,483,43,38
808,24.970428406060158,749,2.0,0.624414324760437,1781,498,69,30
826,24.970428406060158,749,2.0,0.5724256038665771,1710,578,92,53
763,24.970428406060158,749,2.0,0.3108392059803009,528,234,45,25
15,25.00376676174248,750,2.0,0.16518686711788177,1529,457,69,38
788,25.00376676174248,750,2.0,0.6473115682601929,1899,483,40,34
808,25.00376676174248,750,2.0,0.5675216317176819,1783,497,69,30
826,25.00376676174248,750,2.0,0.6050553917884827,1714,576,92,51
841,25.00376676174248,750,2.0,0.4354480504989624,283,265,41,27
15,25.037105117424804,751,2.0,0.19890135526657104,1529,457,69,38
788,25.037105117424804,751,2.0,0.5905193090438843,1899,481,40,35
808,25.037105117424804,751,2.0,0.6424717307090759,1787,496,69,31
826,25.037105117424804,751,2.0,0.6698142290115356,1716,574,90,49
841,25.037105117424804,751,2.0,0.31723660230636597,284,266,41,27
843,25.037105117424804,751,2.0,0.6440863013267517,1669,814,259,134
15,25.070443473107126,752,2.0,0.2065429538488388,1529,457,69,38
788,25.070443473107126,752,2.0,0.568604588508606,1900,479,38,35
808,25.070443473107126,752,2.0,0.5981698036193848,1789,494,70,33
826,25.070443473107126,752,2.0,0.618111789226532,1721,572,93,49
843,25.070443473107126,752,2.0,0.8292484283447266,1629,797,251,131
15,25.10378182878945,753,2.0,0.24637801945209503,1529,457,69,38
788,25.10378182878945,753,2.0,0.5353748202323914,1900,479,38,33
808,25.10378182878945,753,2.0,0.6311039924621582,1792,491,70,36
826,25.10378182878945,753,2.0,0.6149546504020691,1725,570,90,49
843,25.10378182878945,753,2.0,0.7619210481643677,1583,775,240,124
845,25.10378182878945,753,2.0,0.34716954827308655,218,274,40,35
15,25.137120184471776,754,2.0,0.18050582706928253,1529,457,69,39
788,25.137120184471776,754,2.0,0.5301756858825684,1901,478,35,30
808,25.137120184471776,754,2.0,0.48347264528274536,1795,492,68,34
826,25.137120184471776,754,2.0,0.6432060599327087,1729,569,90,49
843,25.137120184471776,754,2.0,0.8143534660339355,1541,753,229,128
845,25.137120184471776,754,2.0,0.27764660120010376,218,276,36,36
15,25.170458540154097,755,2.0,0.1886012703180313,1529,457,69,39
788,25.170458540154097,755,2.0,0.5054898262023926,1904,477,29,30
808,25.170458540154097,755,2.0,0.5314297676086426,1797,488,69,36
826,25.170458540154097,755,2.0,0.5893609523773193,1734,569,91,48
843,25.170458540154097,755,2.0,0.8416102528572083,1504,734,220,119
845,25.170458540154097,755,2.0,0.21031391620635986,219,278,39,37
15,25.203796895836422,756,2.0,0.18159973621368408,1529,457,69,39
788,25.203796895836422,756,2.0,0.4285206198692322,1907,475,24,29
808,25.203796895836422,756,2.0,0.5570632815361023,1800,487,68,36
826,25.203796895836422,756,2.0,0.5727307200431824,1737,566,89,47
843,25.203796895836422,756,2.0,0.7301722764968872,1474,719,227,113
845,25.203796895836422,756,2.0,0.23407940566539764,221,279,39,38
15,25.237135251518744,757,2.0,0.21886251866817474,1529,457,69,40
788,25.237135251518744,757,2.0,0.36038440465927124,1908,475,22,28
808,25.237135251518744,757,2.0,0.5031127333641052,1803,486,69,36
826,25.237135251518744,757,2.0,0.5393199324607849,1739,563,89,50
843,25.237135251518744,757,2.0,0.7985248565673828,1436,703,207,110
845,25.237135251518744,757,2.0,0.3050388693809509,223,282,42,39
850,25.237135251518744,757,2.0,0.4319224953651428,295,281,38,27
15,25.27047360720107,758,2.0,0.21179071068763733,1529,457,69,41
788,25.27047360720107,758,2.0,0.2999567687511444,1909,475,19,27
808,25.27047360720107,758,2.0,0.6266905665397644,1806,485,69,35
826,25.27047360720107,758,2.0,0.6046027541160583,1742,560,87,51
843,25.27047360720107,758,2.0,0.7935400009155273,1399,687,193,102
845,25.27047360720107,758,2.0,0.3020039200782776,223,284,42,40
850,25.27047360720107,758,2.0,0.4442233145236969,295,282,37,26
15,25.30381196288339,759,2.0,0.17437157034873962,1529,457,69,40
788,25.30381196288339,759,2.0,0.24062000215053558,1910,474,17,26
808,25.30381196288339,759,2.0,0.6572641134262085,1809,484,69,35
826,25.30381196288339,759,2.0,0.6070746183395386,1747,558,87,51
843,25.30381196288339,759,2.0,0.700400173664093,1377,672,200,105
845,25.30381196288339,759,2.0,0.27941909432411194,224,286,43,41
850,25.30381196288339,759,2.0,0.42558518052101135,297,285,35,30
15,25.337150318565715,760,2.0,0.17022237181663513,1529,457,69,40
788,25.337150318565715,760,2.0,0.10566167533397675,1911,475,15,26
808,25.337150318565715,760,2.0,0.6659621596336365,1811,483,69,33
826,25.337150318565715,760,2.0,0.6697224974632263,1752,556,87,51
843,25.337150318565715,760,2.0,0.7918062806129456,1349,658,198,100
845,25.337150318565715,760,2.0,0.418901652097702,226,289,44,38
850,25.337150318565715,760,2.0,0.5193270444869995,302,288,46,29
15,25.370488674248037,761,2.0,0.17434629797935486,1529,457,69,40
808,25.370488674248037,761,2.0,0.7748468518257141,1813,483,66,33
826,25.370488674248037,761,2.0,0.6622723937034607,1755,555,86,51
843,25.370488674248037,761,2.0,0.7579865455627441,1315,644,180,93
845,25.370488674248037,761,2.0,0.4640229046344757,226,291,44,37
850,25.370488674248037,761,2.0,0.514828622341156,305,290,50,29
15,25.403827029930362,762,2.0,0.16559535264968872,1529,457,69,39
808,25.403827029930362,762,2.0,0.7412418723106384,1815,483,64,32
826,25.403827029930362,762,2.0,0.7000041604042053,1759,554,87,51
843,25.403827029930362,762,2.0,0.7519971132278442,1287,633,171,91
845,25.403827029930362,762,2.0,0.4860663414001465,228,294,44,36
850,25.403827029930362,762,2.0,0.5041665434837341,308,293,51,30
15,25.437165385612683,763,2.0,0.1972828060388565,1529,457,69,39
808,25.437165385612683,763,2.0,0.7590400576591492,1819,482,63,32
826,25.437165385612683,763,2.0,0.6818180084228516,1762,552,87,51
843,25.437165385612683,763,2.0,0.3778408169746399,1263,620,166,89
845,25.437165385612683,763,2.0,0.4669291377067566,230,297,47,36
850,25.437165385612683,763,2.0,0.47259411215782166,309,294,50,31
15,25.47050374129501,764,2.0,0.19697806239128113,1529,457,69,38
808,25.47050374129501,764,2.0,0.760242223739624,1821,480,62,34
826,25.47050374129501,764,2.0,0.6278184056282043,1765,551,88,50
843,25.47050374129501,764,2.0,0.5500308275222778,1238,609,158,87
845,25.47050374129501,764,2.0,0.5506262183189392,233,299,50,35
850,25.47050374129501,764,2.0,0.4826555848121643,311,296,50,34
15,25.50384209697733,765,2.0,0.19239573180675507,1529,456,68,37
808,25.50384209697733,765,2.0,0.6074039340019226,1823,479,64,32
826,25.50384209697733,765,2.0,0.5460208058357239,1765,549,79,48
843,25.50384209697733,765,2.0,0.4726865887641907,1216,599,155,82
845,25.50384209697733,765,2.0,0.5493466854095459,234,301,48,34
850,25.50384209697733,765,2.0,0.5125837326049805,313,298,48,35
15,25.537180452659655,766,2.0,0.22470158338546753,1529,456,68,36
808,25.537180452659655,766,2.0,0.6275280117988586,1826,478,63,31
826,25.537180452659655,766,2.0,0.5534854531288147,1771,548,85,46
843,25.537180452659655,766,2.0,0.38726094365119934,1189,588,145,81
845,25.537180452659655,766,2.0,0.49247464537620544,235,304,46,35
850,25.537180452659655,766,2.0,0.4966001808643341,315,302,48,32
15,25.570518808341976,767,2.0,0.22091589868068695,1529,456,68,37
808,25.570518808341976,767,2.0,0.6450450420379639,1830,477,62,31
826,25.570518808341976,767,2.0,0.44019779562950134,1775,546,87,47
843,25.570518808341976,767,2.0,0.17533031105995178,1169,577,141,79
845,25.570518808341976,767,2.0,0.5160276889801025,235,307,41,37
850,25.570518808341976,767,2.0,0.5633195638656616,316,306,48,29
15,25.6038571640243,768,2.0,0.26938003301620483,1529,457,68,37
808,25.6038571640243,768,2.0,0.7055116891860962,1833,476,63,30
826,25.6038571640243,768,2.0,0.4534258544445038,1780,545,86,47
843,25.6038571640243,768,2.0,0.5469328761100769,1148,565,137,79
845,25.6038571640243,768,2.0,0.5400884747505188,237,309,40,40
850,25.6038571640243,768,2.0,0.6132869720458984,318,309,46,30
15,25.637195519706623,769,2.0,0.28054553270339966,1530,457,68,37
808,25.637195519706623,769,2.0,0.6507909297943115,1835,475,63,30
826,25.637195519706623,769,2.0,0.4104926884174347,1783,543,84,47
843,25.637195519706623,769,2.0,0.46373191475868225,1131,556,133,75
845,25.637195519706623,769,2.0,0.5126211047172546,238,311,37,42
850,25.637195519706623,769,2.0,0.5424512624740601,319,312,45,30
15,25.670533875388948,770,2.0,0.22752177715301514,1529,457,69,37
808,25.670533875388948,770,2.0,0.59178227186203,1838,474,63,30
826,25.670533875388948,770,2.0,0.38283002376556396,1786,540,84,45
845,25.670533875388948,770,2.0,0.48513516783714294,240,314,41,45
850,25.670533875388948,770,2.0,0.4477585554122925,321,315,46,31
15,25.70387223107127,771,2.0,0.2651296854019165,1529,457,69,37
808,25.70387223107127,771,2.0,0.555120587348938,1840,473,63,28
826,25.70387223107127,771,2.0,0.47343161702156067,1789,539,84,46
845,25.70387223107127,771,2.0,0.6155976057052612,245,317,50,47
850,25.70387223107127,771,2.0,0.5381892323493958,325,318,51,32
870,25.70387223107127,771,2.0,0.6098448038101196,1561,689,180,94
843,25.70387223107127,771,2.0,0.4497445225715637,1092,538,128,74
15,25.737210586753594,772,2.0,0.2448306828737259,1529,457,69,38
808,25.737210586753594,772,2.0,0.48458874225616455,1843,471,65,31
826,25.737210586753594,772,2.0,0.5377986431121826,1791,538,84,47
845,25.737210586753594,772,2.0,0.6197893023490906,248,320,54,47
850,25.737210586753594,772,2.0,0.4816069006919861,328,320,55,36
843,25.737210586753594,772,7.0,0.28244489431381226,1077,529,125,70
15,25.770548942435916,773,2.0,0.21604011952877045,1529,457,69,38
808,25.770548942435916,773,2.0,0.4251045286655426,1845,470,65,31
826,25.770548942435916,773,2.0,0.4909592270851135,1795,536,86,46
845,25.770548942435916,773,2.0,0.5280876159667969,246,323,51,46
850,25.770548942435916,773,2.0,0.44040513038635254,331,324,54,33
843,25.770548942435916,773,2.0,0.327219694852829,1058,521,125,70
15,25.80388729811824,774,2.0,0.21516869962215424,1529,457,69,38
808,25.80388729811824,774,2.0,0.35509824752807617,1848,469,65,31
826,25.80388729811824,774,2.0,0.5676038265228271,1798,535,83,49
845,25.80388729811824,774,2.0,0.5559254288673401,246,326,49,45
850,25.80388729811824,774,2.0,0.49227556586265564,334,327,52,33
843,25.80388729811824,774,2.0,0.42597317695617676,1043,513,122,69
15,25.837225653800562,775,2.0,0.18728910386562347,1529,456,69,37
808,25.837225653800562,775,2.0,0.2056066244840622,1851,467,66,33
826,25.837225653800562,775,2.0,0.4257189929485321,1802,534,86,52
845,25.837225653800562,775,2.0,0.49457383155822754,247,328,51,47
850,25.837225653800562,775,2.0,0.5534453988075256,336,330,50,30
843,25.837225653800562,775,2.0,0.3157697916030884,1026,505,114,65
15,25.870564009482887,776,2.0,0.1802300661802292,1529,456,69,37
808,25.870564009482887,776,2.0,0.3846299350261688,1854,465,67,34
826,25.870564009482887,776,2.0,0.5657090544700623,1805,533,86,53
845,25.870564009482887,776,2.0,0.3921433389186859,249,332,49,45
850,25.870564009482887,776,2.0,0.5227320790290833,339,333,53,31
843,25.870564009482887,776,2.0,0.18954205513000488,1009,498,107,61
882,25.870564009482887,776,2.0,0.3967438042163849,347,334,70,36
15,25.90390236516521,777,2.0,0.1932373195886612,1529,456,69,37
808,25.90390236516521,777,2.0,0.48369890451431274,1856,465,68,35
826,25.90390236516521,777,2.0,0.5152933597564697,1808,531,85,49
845,25.90390236516521,777,2.0,0.3280201256275177,251,335,53,45
850,25.90390236516521,777,2.0,0.5125874876976013,341,336,52,33
843,25.90390236516521,777,2.0,0.300650954246521,996,489,106,63
883,25.90390236516521,777,7.0,0.5815878510475159,1616,778,291,163
15,25.937240720847534,778,2.0,0.17453143000602722,1529,456,69,37
808,25.937240720847534,778,2.0,0.4837677478790283,1859,464,71,34
826,25.937240720847534,778,2.0,0.4766167998313904,1811,530,84,49
845,25.937240720847534,778,2.0,0.3469255864620209,254,339,54,45
850,25.937240720847534,778,2.0,0.4715811312198639,342,340,52,33
843,25.937240720847534,778,2.0,0.16592346131801605,982,481,107,62
883,25.937240720847534,778,7.0,0.24036236107349396,1578,762,281,155
15,25.97057907652986,779,2.0,0.17064237594604492,1529,457,69,38
808,25.97057907652986,779,2.0,0.571734607219696,1861,463,69,33
826,25.97057907652986,779,2.0,0.4546191990375519,1814,528,84,45
845,25.97057907652986,779,2.0,0.5135636329650879,256,342,55,44
850,25.97057907652986,779,2.0,0.5032729506492615,346,343,55,36
843,25.97057907652986,779,2.0,0.2759494483470917,968,475,105,62
883,25.97057907652986,779,7.0,0.3520866930484772,1537,742,271,149
15,26.00391743221218,780,2.0,0.17636233568191528,1529,456,69,37
808,26.00391743221218,780,2.0,0.5757114887237549,1863,463,65,32
826,26.00391743221218,780,2.0,0.5102843642234802,1818,527,83,45
845,26.00391743221218,780,2.0,0.5085588693618774,258,347,54,44
850,26.00391743221218,780,2.0,0.4823538362979889,349,346,55,37
843,26.00391743221218,780,2.0,0.26613277196884155,954,468,107,61
883,26.00391743221218,780,7.0,0.3738885223865509,1498,724,257,143
15,26.037255787894505,781,2.0,0.18850290775299072,1529,457,69,38
808,26.037255787894505,781,2.0,0.590031087398529,1866,463,65,31
826,26.037255787894505,781,2.0,0.528174102306366,1822,526,83,45
845,26.037255787894505,781,2.0,0.49649742245674133,260,349,53,45
850,26.037255787894505,781,2.0,0.5386452674865723,351,350,53,35
843,26.037255787894505,781,2.0,0.3415940999984741,942,463,105,58
883,26.037255787894505,781,7.0,0.4522881507873535,1465,706,254,142
15,26.070594143576827,782,2.0,0.21113252639770508,1529,457,69,38
808,26.070594143576827,782,2.0,0.6315397024154663,1867,462,62,31
826,26.070594143576827,782,2.0,0.5588099360466003,1826,525,84,45
845,26.070594143576827,782,2.0,0.3767108917236328,261,352,52,48
850,26.070594143576827,782,2.0,0.5698947310447693,354,352,58,31
843,26.070594143576827,782,2.0,0.3424926996231079,928,458,99,57
883,26.070594143576827,782,7.0,0.44292309880256653,1429,689,239,138
892,26.070594143576827,782,2.0,0.44966498017311096,364,355,81,32
15,26.10393249925915,783,2.0,0.20444613695144653,1529,457,69,38
808,26.10393249925915,783,2.0,0.6372876763343811,1869,461,62,32
826,26.10393249925915,783,2.0,0.558617889881134,1828,524,84,46
845,26.10393249925915,783,2.0,0.40349501371383667,264,355,54,48
850,26.10393249925915,783,2.0,0.5503053069114685,358,356,58,34
843,26.10393249925915,783,2.0,0.4684802293777466,916,452,94,56
883,26.10393249925915,783,7.0,0.3864372968673706,1401,674,239,135
892,26.10393249925915,783,2.0,0.3484920263290405,365,357,79,37
15,26.137270854941473,784,2.0,0.22115088999271393,1529,456,69,37
808,26.137270854941473,784,2.0,0.5896376967430115,1871,460,61,31
826,26.137270854941473,784,2.0,0.5561206340789795,1830,522,80,46
845,26.137270854941473,784,2.0,0.5019166469573975,265,358,54,50
850,26.137270854941473,784,2.0,0.4806700646877289,360,360,54,36
843,26.137270854941473,784,2.0,0.30416539311408997,905,444,96,52
883,26.137270854941473,784,7.0,0.4191918671131134,1368,661,227,129
892,26.137270854941473,784,2.0,0.16316567361354828,367,361,73,41
15,26.170609210623798,785,2.0,0.24878790974617004,1529,456,69,37
808,26.170609210623798,785,2.0,0.5823231339454651,1873,458,60,32
826,26.170609210623798,785,2.0,0.6072881817817688,1833,521,82,44
845,26.170609210623798,785,2.0,0.46921882033348083,267,363,55,51
850,26.170609210623798,785,2.0,0.5513541102409363,362,364,54,37
843,26.170609210623798,785,2.0,0.3829607367515564,895,437,96,56
883,26.170609210623798,785,7.0,0.3896148204803467,1337,647,212,122
15,26.20394756630612,786,2.0,0.23734885454177856,1529,456,69,37
808,26.20394756630612,786,2.0,0.5540298223495483,1875,457,60,34
826,26.20394756630612,786,2.0,0.5042403936386108,1836,519,79,46
845,26.20394756630612,786,2.0,0.6066012978553772,269,367,56,52
850,26.20394756630612,786,2.0,0.5182090401649475,366,367,58,40
843,26.20394756630612,786,2.0,0.40861088037490845,883,433,89,57
883,26.20394756630612,786,7.0,0.42140138149261475,1308,634,203,116
15,26.237285921988445,787,2.0,0.214743509888649,1529,456,69,37
808,26.237285921988445,787,2.0,0.5958846807479858,1878,455,62,36
826,26.237285921988445,787,2.0,0.6734616756439209,1841,517,79,44
845,26.237285921988445,787,2.0,0.6075724363327026,272,370,62,51
850,26.237285921988445,787,2.0,0.4812883734703064,369,370,58,42
843,26.237285921988445,787,2.0,0.5755486488342285,873,428,87,56
883,26.237285921988445,787,7.0,0.1691656857728958,1283,620,196,106
902,26.237285921988445,787,2.0,0.42355746030807495,433,188,30,25
15,26.270624277670766,788,2.0,0.20375178754329681,1529,456,69,37
808,26.270624277670766,788,2.0,0.6122360825538635,1880,454,64,37
826,26.270624277670766,788,2.0,0.5801650881767273,1843,516,79,43
845,26.270624277670766,788,2.0,0.5373152494430542,272,373,61,51
850,26.270624277670766,788,2.0,0.5790201425552368,372,375,57,39
843,26.270624277670766,788,2.0,0.47827085852622986,864,422,84,57
883,26.270624277670766,788,7.0,0.21696090698242188,1257,612,188,103
902,26.270624277670766,788,2.0,0.37563201785087585,432,188,36,23
15,26.30396263335309,789,2.0,0.21150508522987366,1529,456,69,37
808,26.30396263335309,789,2.0,0.5894613265991211,1882,452,65,34
826,26.30396263335309,789,2.0,0.6616261005401611,1846,514,77,42
845,26.30396263335309,789,2.0,0.5134145021438599,274,377,62,53
850,26.30396263335309,789,2.0,0.5758109092712402,376,380,61,40
843,26.30396263335309,789,2.0,0.40986397862434387,855,418,85,52
883,26.30396263335309,789,7.0,0.22340454161167145,1233,600,185,102
902,26.30396263335309,789,2.0,0.3412362039089203,431,187,39,23
15,26.337300989035413,790,2.0,0.2233656495809555,1529,456,69,37
808,26.337300989035413,790,2.0,0.5913861393928528,1884,451,65,31
826,26.337300989035413,790,2.0,0.6184044480323792,1848,513,77,43
845,26.337300989035413,790,2.0,0.48193031549453735,281,381,70,54
850,26.337300989035413,790,2.0,0.582484781742096,379,384,62,41
843,26.337300989035413,790,7.0,0.32415682077407837,847,413,90,52
883,26.337300989035413,790,7.0,0.31381556391716003,1209,591,179,97
15,26.370639344717738,791,2.0,0.22008877992630005,1529,456,68,37
808,26.370639344717738,791,2.0,0.559978187084198,1886,450,63,29
826,26.370639344717738,791,2.0,0.5457850694656372,1851,512,77,43
845,26.370639344717738,791,2.0,0.34013599157333374,282,385,64,53
850,26.370639344717738,791,2.0,0.5289984941482544,383,389,59,41
843,26.370639344717738,791,2.0,0.49711135029792786,832,407,83,49
883,26.370639344717738,791,7.0,0.23412199318408966,1188,579,170,100
902,26.370639344717738,791,2.0,0.28062599897384644,427,186,37,21
15,26.40397770040006,792,2.0,0.24635197222232819,1529,456,68,36
808,26.40397770040006,792,2.0,0.5046099424362183,1887,449,61,27
826,26.40397770040006,792,2.0,0.6491464972496033,1854,510,78,44
845,26.40397770040006,792,2.0,0.5134673714637756,286,388,67,53
850,26.40397770040006,792,2.0,0.6764898300170898,387,392,56,42
843,26.40397770040006,792,2.0,0.6345519423484802,823,403,81,45
883,26.40397770040006,792,7.0,0.18587517738342285,1168,569,163,96
902,26.40397770040006,792,2.0,0.30866217613220215,426,185,36,21
15,26.437316056082384,793,2.0,0.239798441529274,1529,456,68,36
808,26.437316056082384,793,2.0,0.40242651104927063,1890,448,58,26
826,26.437316056082384,793,2.0,0.6350767612457275,1855,508,75,44
845,26.437316056082384,793,2.0,0.4895309507846832,286,392,64,54
850,26.437316056082384,793,2.0,0.5304288864135742,390,395,58,44
843,26.437316056082384,793,2.0,0.5056242942810059,814,398,77,45
883,26.437316056082384,793,7.0,0.20176897943019867,1147,546,158,127
902,26.437316056082384,793,2.0,0.35264796018600464,426,185,36,21
15,26.470654411764706,794,2.0,0.28746354579925537,1529,456,68,37
808,26.470654411764706,794,2.0,0.3224688768386841,1891,446,55,27
826,26.470654411764706,794,2.0,0.7373155355453491,1857,507,73,44
845,26.470654411764706,794,2.0,0.5838024616241455,289,397,69,56
850,26.470654411764706,794,2.0,0.44419601559638977,394,400,60,48
843,26.470654411764706,794,2.0,0.45019087195396423,806,393,79,45
902,26.470654411764706,794,2.0,0.10204430669546127,424,185,34,21
15,26.50399276744703,795,2.0,0.2645924985408783,1529,456,68,37
808,26.50399276744703,795,2.0,0.27734068036079407,1892,446,54,27
826,26.50399276744703,795,2.0,0.673140287399292,1861,507,75,44
845,26.50399276744703,795,2.0,0.5971080660820007,290,402,68,58
850,26.50399276744703,795,2.0,0.49909043312072754,396,402,60,52
843,26.50399276744703,795,2.0,0.49551165103912354,799,390,79,46
15,26.537331123129352,796,2.0,0.24184101819992065,1529,456,68,37
808,26.537331123129352,796,2.0,0.2824587821960449,1893,445,52,27
826,26.537331123129352,796,2.0,0.7230052947998047,1865,505,76,45
845,26.537331123129352,796,2.0,0.5035569071769714,292,405,67,59
850,26.537331123129352,796,2.0,0.5387604236602783,401,409,60,47
843,26.537331123129352,796,2.0,0.4059435725212097,788,385,77,46
15,26.570669478811677,797,2.0,0.22691060602664948,1529,456,68,37
808,26.570669478811677,797,2.0,0.1910477727651596,1895,445,49,28
826,26.570669478811677,797,2.0,0.5794956684112549,1869,504,79,45
845,26.570669478811677,797,2.0,0.42318838834762573,294,410,65,60
850,26.570669478811677,797,2.0,0.42347782850265503,406,415,58,48
843,26.570669478811677,797,2.0,0.5242721438407898,781,381,76,46
915,26.570669478811677,797,2.0,0.41196542978286743,210,255,49,32
15,26.604007834494,798,2.0,0.2262008786201477,1529,456,68,37
808,26.604007834494,798,2.0,0.15204675495624542,1895,446,49,29
826,26.604007834494,798,2.0,0.5298200249671936,1871,502,77,44
845,26.604007834494,798,2.0,0.46103695034980774,296,413,63,62
850,26.604007834494,798,2.0,0.4898180365562439,410,421,62,49
843,26.604007834494,798,2.0,0.50177001953125,771,378,73,44
915,26.604007834494,798,2.0,0.1855773627758026,206,255,39,35
15,26.637346190176324,799,2.0,0.23972944915294647,1529,456,68,37
808,26.637346190176324,799,2.0,0.20593081414699554,1895,444,46,32
826,26.637346190176324,799,2.0,0.5560570955276489,1875,500,78,45
845,26.637346190176324,799,2.0,0.6110044121742249,299,419,67,65
850,26.637346190176324,799,2.0,0.4653869867324829,415,427,63,48
843,26.637346190176324,799,2.0,0.5302303433418274,764,373,72,48
915,26.637346190176324,799,2.0,0.2702257037162781,208,256,39,36
15,26.670684545858645,800,2.0,0.2311859428882599,1529,456,68,37
808,26.670684545858645,800,2.0,0.1486806422472,1896,443,44,34
826,26.670684545858645,800,2.0,0.4387591481208801,1876,499,77,44
845,26.670684545858645,800,2.0,0.4988417625427246,301,424,67,66
850,26.670684545858645,800,2.0,0.2682753801345825,418,434,63,49
843,26.670684545858645,800,2.0,0.39768069982528687,757,369,73,46
915,26.670684545858645,800,2.0,0.1441841572523117,213,261,49,37
15,26.70402290154097,801,2.0,0.20847702026367188,1529,456,68,36
826,26.70402290154097,801,2.0,0.5680877566337585,1877,498,75,43
845,26.70402290154097,801,7.0,0.1675538718700409,305,429,67,66
850,26.70402290154097,801,2.0,0.3523401916027069,425,441,65,49
843,26.70402290154097,801,2.0,0.37497463822364807,750,366,71,47
915,26.70402290154097,801,2.0,0.11812019348144531,218,265,58,36
15,26.73736125722329,802,2.0,0.22834348678588867,1529,456,68,36
826,26.73736125722329,802,2.0,0.43213778734207153,1879,497,73,42
845,26.73736125722329,802,2.0,0.32987260818481445,310,434,69,65
850,26.73736125722329,802,2.0,0.257829487323761,428,445,66,50
843,26.73736125722329,802,2.0,0.4939592778682709,742,362,69,46
915,26.73736125722329,802,2.0,0.216694176197052,221,268,61,36
15,26.770699612905617,803,2.0,0.22402741014957428,1529,456,68,36
826,26.770699612905617,803,2.0,0.4937340021133423,1880,497,68,39
845,26.770699612905617,803,2.0,0.39024028182029724,317,441,79,68
850,26.770699612905617,803,2.0,0.46718648076057434,434,450,67,53
843,26.770699612905617,803,2.0,0.5813267827033997,733,357,71,43
915,26.770699612905617,803,2.0,0.18379053473472595,223,270,64,38
15,26.804037968587938,804,2.0,0.24559123814105988,1529,456,67,36
826,26.804037968587938,804,2.0,0.46597573161125183,1882,496,65,39
845,26.804037968587938,804,2.0,0.5020127296447754,318,446,76,68
850,26.804037968587938,804,2.0,0.6161597967147827,438,456,69,54
843,26.804037968587938,804,2.0,0.5287076234817505,724,353,69,41
915,26.804037968587938,804,2.0,0.30901721119880676,224,273,67,38
924,26.804037968587938,804,2.0,0.6968281269073486,1753,759,238,105
15,26.837376324270263,805,2.0,0.25154176354408264,1529,456,68,36
826,26.837376324270263,805,2.0,0.526475191116333,1882,496,60,35
845,26.837376324270263,805,2.0,0.4106591045856476,324,452,81,68
850,26.837376324270263,805,2.0,0.5935359001159668,444,462,70,55
843,26.837376324270263,805,2.0,0.44134587049484253,718,350,66,38
915,26.837376324270263,805,2.0,0.27533137798309326,226,274,68,37
924,26.837376324270263,805,2.0,0.5601142644882202,1716,746,222,104
15,26.870714679952588,806,2.0,0.2655038833618164,1529,456,68,36
826,26.870714679952588,806,2.0,0.43580561876296997,1884,495,60,35
845,26.870714679952588,806,2.0,0.5086110830307007,325,457,76,68
850,26.870714679952588,806,2.0,0.6379714012145996,449,469,70,56
843,26.870714679952588,806,2.0,0.6167568564414978,712,347,65,38
915,26.870714679952588,806,2.0,0.3110311031341553,225,275,68,37
924,26.870714679952588,806,5.0,0.4326007664203644,1682,730,221,101
931,26.870714679952588,806,2.0,0.37814101576805115,1019,804,141,73
15,26.90405303563491,807,2.0,0.25862759351730347,1529,456,68,36
826,26.90405303563491,807,2.0,0.39883074164390564,1887,493,60,38
845,26.90405303563491,807,2.0,0.6436634063720703,327,465,76,68
850,26.90405303563491,807,2.0,0.5439581274986267,454,474,71,59
843,26.90405303563491,807,2.0,0.5614557266235352,706,343,62,40
915,26.90405303563491,807,2.0,0.4261251986026764,227,277,66,38
924,26.90405303563491,807,2.0,0.4377319812774658,1646,717,208,98
931,26.90405303563491,807,2.0,0.4628860354423523,1024,805,149,77
15,26.937391391317234,808,2.0,0.26828208565711975,1529,456,68,36
826,26.937391391317234,808,2.0,0.40458643436431885,1889,493,58,37
845,26.937391391317234,808,2.0,0.5389379262924194,330,476,73,60
850,26.937391391317234,808,2.0,0.4636557996273041,461,481,67,59
843,26.937391391317234,808,2.0,0.45650729537010193,701,340,63,40
915,26.937391391317234,808,2.0,0.4654136002063751,228,279,63,37
924,26.937391391317234,808,2.0,0.4763888716697693,1613,702,200,96
931,26.937391391317234,808,2.0,0.4746069312095642,1029,804,155,78
15,26.970729746999556,809,2.0,0.2667042315006256,1529,456,68,37
826,26.970729746999556,809,2.0,0.5003597736358643,1891,491,56,38
845,26.970729746999556,809,2.0,0.5499659180641174,332,477,75,70
850,26.970729746999556,809,2.0,0.5009665489196777,467,489,70,60
843,26.970729746999556,809,2.0,0.4959469735622406,694,337,63,40
915,26.970729746999556,809,2.0,0.275290846824646,226,280,56,38
924,26.970729746999556,809,2.0,0.7414295077323914,1586,690,202,92
931,26.970729746999556,809,2.0,0.449927419424057,1034,803,172,83
15,27.00406810268188,810,2.0,0.24844567477703094,1529,456,68,37
826,27.00406810268188,810,2.0,0.4085855185985565,1891,490,55,37
845,27.00406810268188,810,2.0,0.49226367473602295,335,481,76,74
850,27.00406810268188,810,2.0,0.5480997562408447,473,495,74,64
843,27.00406810268188,810,2.0,0.5305300951004028,685,333,62,37
915,27.00406810268188,810,2.0,0.23393186926841736,227,282,58,40
924,27.00406810268188,810,2.0,0.5223206877708435,1554,678,195,90
931,27.00406810268188,810,2.0,0.3339258134365082,1045,799,159,79
15,27.037406458364202,811,2.0,0.26370716094970703,1529,456,68,37
826,27.037406458364202,811,2.0,0.48151713609695435,1892,487,54,41
845,27.037406458364202,811,2.0,0.40442565083503723,336,488,74,77
850,27.037406458364202,811,2.0,0.5737758874893188,478,501,75,65
843,27.037406458364202,811,2.0,0.6244863271713257,679,330,59,34
915,27.037406458364202,811,2.0,0.21406789124011993,226,284,55,41
924,27.037406458364202,811,2.0,0.6322216391563416,1527,667,191,90
931,27.037406458364202,811,2.0,0.23278482258319855,1056,797,148,76
15,27.070744814046527,812,2.0,0.26776981353759766,1529,456,69,38
826,27.070744814046527,812,2.0,0.5152792930603027,1895,486,49,39
845,27.070744814046527,812,2.0,0.41733667254447937,341,495,76,78
850,27.070744814046527,812,2.0,0.48146140575408936,485,509,76,68
843,27.070744814046527,812,2.0,0.5776877999305725,674,327,61,36
915,27.070744814046527,812,2.0,0.11057024449110031,228,287,55,43
924,27.070744814046527,812,2.0,0.4269285798072815,1500,655,184,91
931,27.070744814046527,812,2.0,0.21054698526859283,1064,791,144,71
15,27.10408316972885,813,2.0,0.24953331053256989,1529,456,69,38
826,27.10408316972885,813,2.0,0.472600519657135,1896,486,46,38
845,27.10408316972885,813,2.0,0.48887842893600464,345,503,71,79
850,27.10408316972885,813,2.0,0.563425600528717,491,518,78,65
843,27.10408316972885,813,2.0,0.6992307305335999,669,324,62,39
915,27.10408316972885,813,2.0,0.13552118837833405,230,288,57,43
924,27.10408316972885,813,2.0,0.5810275077819824,1476,644,180,87
931,27.10408316972885,813,2.0,0.24322527647018433,1072,789,145,73
15,27.137421525411174,814,2.0,0.24766317009925842,1529,456,69,37
826,27.137421525411174,814,2.0,0.5842790603637695,1897,484,44,39
845,27.137421525411174,814,2.0,0.49599918723106384,350,509,79,81
850,27.137421525411174,814,2.0,0.482669860124588,498,525,79,66
843,27.137421525411174,814,2.0,0.655583918094635,662,321,59,40
915,27.137421525411174,814,2.0,0.1768822818994522,230,291,56,40
924,27.137421525411174,814,2.0,0.3766513168811798,1452,634,174,85
931,27.137421525411174,814,7.0,0.10776205360889435,1082,775,151,97
15,27.170759881093495,815,2.0,0.24288298189640045,1529,456,68,37
826,27.170759881093495,815,2.0,0.558733344078064,1898,483,42,36
845,27.170759881093495,815,2.0,0.44964492321014404,355,516,83,82
850,27.170759881093495,815,2.0,0.392880380153656,505,532,81,68
843,27.170759881093495,815,2.0,0.5921114087104797,657,318,60,39
915,27.170759881093495,815,2.0,0.20918336510658264,230,294,57,39
924,27.170759881093495,815,2.0,0.531624972820282,1423,622,160,80
931,27.170759881093495,815,2.0,0.16792072355747223,1088,770,151,103
15,27.20409823677582,816,2.0,0.25618869066238403,1529,456,68,37
826,27.20409823677582,816,2.0,0.5680915713310242,1898,482,41,35
845,27.20409823677582,816,2.0,0.49410301446914673,358,524,81,83
850,27.20409823677582,816,2.0,0.5665991306304932,513,541,85,71
843,27.20409823677582,816,2.0,0.5377370119094849,652,316,57,38
915,27.20409823677582,816,2.0,0.37968093156814575,231,296,60,37
924,27.20409823677582,816,2.0,0.5575839281082153,1399,612,154,75
931,27.20409823677582,816,2.0,0.2247164398431778,1095,770,148,102
939,27.20409823677582,816,2.0,0.42158621549606323,1322,493,63,38
15,27.237436592458142,817,2.0,0.2767399847507477,1529,456,68,36
826,27.237436592458142,817,2.0,0.5567625164985657,1899,480,39,36
845,27.237436592458142,817,2.0,0.6148586273193359,364,532,87,86
850,27.237436592458142,817,2.0,0.619098961353302,521,551,86,71
843,27.237436592458142,817,2.0,0.60802161693573,646,313,60,39
915,27.237436592458142,817,2.0,0.656711995601654,234,299,65,37
924,27.237436592458142,817,2.0,0.647210955619812,1377,603,149,76
931,27.237436592458142,817,2.0,0.2719433307647705,1098,768,146,96
939,27.237436592458142,817,2.0,0.3500518202781677,1321,492,63,38
15,27.270774948140467,818,2.0,0.29773208498954773,1529,456,67,35
826,27.270774948140467,818,2.0,0.505153238773346,1900,479,38,36
845,27.270774948140467,818,2.0,0.5304498672485352,368,539,90,86
850,27.270774948140467,818,2.0,0.5516206622123718,529,560,88,75
843,27.270774948140467,818,2.0,0.6695209741592407,640,309,58,37
915,27.270774948140467,818,2.0,0.6155892014503479,237,302,66,37
924,27.270774948140467,818,2.0,0.4390871822834015,1357,594,150,76
931,27.270774948140467,818,2.0,0.24959243834018707,1104,769,146,87
939,27.270774948140467,818,2.0,0.34379124641418457,1323,494,60,37
15,27.30411330382279,819,2.0,0.26729124784469604,1529,456,67,35
826,27.30411330382279,819,2.0,0.4591170847415924,1900,478,36,33
845,27.30411330382279,819,2.0,0.41865071654319763,375,547,96,91
850,27.30411330382279,819,2.0,0.4500487446784973,537,570,89,76
843,27.30411330382279,819,2.0,0.6687108278274536,635,305,58,36
915,27.30411330382279,819,2.0,0.5697692036628723,238,304,67,39
924,27.30411330382279,819,2.0,0.31628119945526123,1335,584,142,70
931,27.30411330382279,819,2.0,0.1699722409248352,1110,768,151,81
15,27.337451659505113,820,2.0,0.2509758770465851,1529,456,68,36
826,27.337451659505113,820,2.0,0.41813740134239197,1902,477,33,34
845,27.337451659505113,820,2.0,0.43756601214408875,379,555,97,95
850,27.337451659505113,820,2.0,0.35519760847091675,545,579,93,79
843,27.337451659505113,820,2.0,0.6884843707084656,629,303,56,36
915,27.337451659505113,820,2.0,0.6012154221534729,242,307,67,40
924,27.337451659505113,820,2.0,0.42979416251182556,1314,575,138,67
931,27.337451659505113,820,2.0,0.13650786876678467,1120,764,146,77
15,27.370790015187435,821,2.0,0.25849321484565735,1529,456,68,37
826,27.370790015187435,821,2.0,0.4866248071193695,1903,476,30,33
845,27.370790015187435,821,2.0,0.45374661684036255,384,562,97,98
850,27.370790015187435,821,2.0,0.4415069818496704,555,589,95,81
843,27.370790015187435,821,2.0,0.6432404518127441,626,301,55,37
915,27.370790015187435,821,2.0,0.40195462107658386,241,309,63,42
924,27.370790015187435,821,2.0,0.4885152578353882,1295,568,130,69
931,27.370790015187435,821,2.0,0.4335286617279053,1128,762,142,76
939,27.370790015187435,821,2.0,0.31486570835113525,1321,492,54,35
15,27.40412837086976,822,2.0,0.25976601243019104,1529,456,68,37
826,27.40412837086976,822,2.0,0.34060168266296387,1904,475,28,32
845,27.40412837086976,822,2.0,0.4400077164173126,388,572,99,101
850,27.40412837086976,822,2.0,0.39896202087402344,563,601,97,83
843,27.40412837086976,822,2.0,0.6278524994850159,621,299,59,37
915,27.40412837086976,822,2.0,0.5057989954948425,242,313,63,42
924,27.40412837086976,822,2.0,0.445678174495697,1276,559,129,67
931,27.40412837086976,822,2.0,0.386084645986557,1135,761,142,74
939,27.40412837086976,822,2.0,0.1483796089887619,1321,493,47,34
15,27.43746672655208,823,2.0,0.23135411739349365,1529,456,68,37
826,27.43746672655208,823,2.0,0.14719437062740326,1905,475,27,32
845,27.43746672655208,823,2.0,0.29707229137420654,394,582,99,103
850,27.43746672655208,823,2.0,0.5183511972427368,573,612,102,86
843,27.43746672655208,823,2.0,0.618449866771698,615,298,57,35
915,27.43746672655208,823,2.0,0.2586246430873871,245,317,65,42
924,27.43746672655208,823,2.0,0.6327771544456482,1259,551,123,66
931,27.43746672655208,823,2.0,0.5461652278900146,1138,757,132,73
939,27.43746672655208,823,2.0,0.11986585706472397,1319,488,45,35
15,27.470805082234406,824,2.0,0.19968950748443604,1529,456,68,36
826,27.470805082234406,824,2.0,0.16948385536670685,1907,474,23,30
845,27.470805082234406,824,2.0,0.31296026706695557,400,592,98,106
850,27.470805082234406,824,2.0,0.5642131567001343,583,623,102,88
843,27.470805082234406,824,2.0,0.5565621852874756,610,295,56,35
915,27.470805082234406,824,2.0,0.2252739518880844,247,320,66,39
924,27.470805082234406,824,2.0,0.6213430166244507,1241,544,120,66
931,27.470805082234406,824,2.0,0.4387417435646057,1142,755,129,73
939,27.470805082234406,824,2.0,0.11650028824806213,1315,486,54,34
15,27.504143437916728,825,2.0,0.20975281298160553,1529,456,69,38
826,27.504143437916728,825,0.0,0.1296757012605667,1909,474,19,29
845,27.504143437916728,825,2.0,0.4100205898284912,404,602,104,106
850,27.504143437916728,825,2.0,0.6190793514251709,593,634,107,89
843,27.504143437916728,825,2.0,0.5332130789756775,605,293,55,36
915,27.504143437916728,825,2.0,0.27178382873535156,250,323,69,38
924,27.504143437916728,825,2.0,0.45618972182273865,1225,537,120,66
931,27.504143437916728,825,2.0,0.3386809527873993,1146,753,123,69
957,27.504143437916728,825,2.0,0.3997342884540558,1293,481,73,37
15,27.537481793599053,826,2.0,0.20813804864883423,1529,456,69,38
845,27.537481793599053,826,2.0,0.444197416305542,412,615,106,107
850,27.537481793599053,826,2.0,0.5652115941047668,603,646,106,93
843,27.537481793599053,826,2.0,0.6230844259262085,601,291,54,34
915,27.537481793599053,826,2.0,0.259748250246048,251,325,68,38
924,27.537481793599053,826,2.0,0.31125837564468384,1210,530,118,64
931,27.537481793599053,826,2.0,0.3390093147754669,1151,750,116,71
957,27.537481793599053,826,2.0,0.3093337416648865,1288,481,73,39
961,27.537481793599053,826,2.0,0.40457817912101746,750,363,83,55
939,27.537481793599053,826,2.0,0.32866576313972473,1305,482,44,36
15,27.570820149281374,827,2.0,0.23176753520965576,1529,456,69,38
845,27.570820149281374,827,2.0,0.39917489886283875,417,624,108,107
850,27.570820149281374,827,2.0,0.4150092601776123,615,658,111,96
843,27.570820149281374,827,2.0,0.6663395166397095,596,289,53,32
915,27.570820149281374,827,2.0,0.4417228400707245,247,327,60,39
924,27.570820149281374,827,2.0,0.6873148679733276,1194,524,113,65
931,27.570820149281374,827,2.0,0.4632073938846588,1155,748,108,67
957,27.570820149281374,827,2.0,0.3422047793865204,1284,480,75,38
961,27.570820149281374,827,2.0,0.4411824643611908,741,361,75,53
939,27.570820149281374,827,2.0,0.31721368432044983,1299,481,48,36
15,27.6041585049637,828,2.0,0.23606139421463013,1529,456,69,37
845,27.6041585049637,828,7.0,0.42537349462509155,423,635,107,113
850,27.6041585049637,828,2.0,0.5199195742607117,626,672,113,100
843,27.6041585049637,828,2.0,0.6985493898391724,591,285,51,29
915,27.6041585049637,828,2.0,0.38167184591293335,243,329,51,40
924,27.6041585049637,828,2.0,0.5613397359848022,1177,516,112,62
931,27.6041585049637,828,2.0,0.44706329703330994,1160,747,105,63
957,27.6041585049637,828,2.0,0.30695655941963196,1280,477,72,38
961,27.6041585049637,828,2.0,0.4387960135936737,735,357,80,50
939,27.6041585049637,828,2.0,0.43567243218421936,1293,478,49,35
965,27.6041585049637,828,2.0,0.3541629910469055,252,329,71,45
15,27.63749686064602,829,2.0,0.2811990976333618,1530,456,69,38
845,27.63749686064602,829,2.0,0.5006895065307617,429,647,110,117
850,27.63749686064602,829,2.0,0.501899242401123,640,685,118,103
843,27.63749686064602,829,2.0,0.6632633209228516,588,283,47,29
924,27.63749686064602,829,2.0,0.5108403563499451,1164,510,113,59
931,27.63749686064602,829,2.0,0.5301358103752136,1164,746,100,60
957,27.63749686064602,829,2.0,0.3788207769393921,1279,477,72,38
961,27.63749686064602,829,2.0,0.48217979073524475,727,353,79,49
939,27.63749686064602,829,2.0,0.3515712320804596,1293,477,46,35
965,27.63749686064602,829,2.0,0.3543314039707184,255,332,72,44
15,27.670835216328346,830,2.0,0.2459256947040558,1530,456,69,37
845,27.670835216328346,830,2.0,0.29538750648498535,438,658,113,121
850,27.670835216328346,830,2.0,0.5539137125015259,653,699,122,109
843,27.670835216328346,830,2.0,0.6814738512039185,584,281,50,30
924,27.670835216328346,830,2.0,0.32410040497779846,1148,505,111,60
931,27.670835216328346,830,2.0,0.4552650451660156,1166,746,95,59
957,27.670835216328346,830,2.0,0.27594926953315735,1274,475,81,40
961,27.670835216328346,830,2.0,0.4423184394836426,719,349,78,49
939,27.670835216328346,830,2.0,0.3468437194824219,1289,476,50,35
965,27.670835216328346,830,2.0,0.3618658185005188,254,335,72,45
15,27.70417357201067,831,2.0,0.21984529495239258,1530,456,68,37
845,27.70417357201067,831,7.0,0.3469039499759674,447,671,118,124
850,27.70417357201067,831,7.0,0.4007074236869812,666,714,122,110
843,27.70417357201067,831,2.0,0.6999562978744507,580,278,50,33
924,27.70417357201067,831,2.0,0.5166240334510803,1134,498,104,59
931,27.70417357201067,831,2.0,0.4251089096069336,1167,745,78,54
957,27.70417357201067,831,2.0,0.36016523838043213,1274,474,73,37
961,27.70417357201067,831,2.0,0.4271080195903778,711,345,74,49
939,27.70417357201067,831,2.0,0.17453402280807495,1290,475,44,36
965,27.70417357201067,831,2.0,0.4565443992614746,255,338,71,46
15,27.737511927692992,832,2.0,0.22576066851615906,1529,456,69,38
845,27.737511927692992,832,7.0,0.4560433030128479,455,684,122,128
850,27.737511927692992,832,2.0,0.5648257732391357,680,730,128,116
843,27.737511927692992,832,2.0,0.529228925704956,578,276,57,36
924,27.737511927692992,832,2.0,0.3857327401638031,1119,491,105,57
931,27.737511927692992,832,2.0,0.19147203862667084,1170,745,73,49
957,27.737511927692992,832,2.0,0.2233504354953766,1272,472,72,37
961,27.737511927692992,832,2.0,0.4115177392959595,707,343,73,50
965,27.737511927692992,832,2.0,0.17691713571548462,259,340,74,46
915,27.737511927692992,832,2.0,0.3345763087272644,249,341,53,42
15,27.770850283375317,833,2.0,0.23700566589832306,1530,456,68,37
850,27.770850283375317,833,2.0,0.6080470681190491,696,747,134,121
843,27.770850283375317,833,2.0,0.48276251554489136,571,275,54,35
924,27.770850283375317,833,2.0,0.5006682872772217,1107,485,101,57
957,27.770850283375317,833,2.0,0.1515999734401703,1272,472,70,36
961,27.770850283375317,833,2.0,0.40083593130111694,700,340,72,48
915,27.770850283375317,833,2.0,0.5020723342895508,253,344,56,44
15,27.80418863905764,834,2.0,0.23666764795780182,1530,456,68,38
850,27.80418863905764,834,2.0,0.38333600759506226,713,765,137,124
843,27.80418863905764,834,2.0,0.5377528667449951,566,273,52,34
924,27.80418863905764,834,2.0,0.6463845372200012,1095,479,101,55
957,27.80418863905764,834,2.0,0.26706361770629883,1270,470,71,40
961,27.80418863905764,834,2.0,0.5929639935493469,692,337,71,45
915,27.80418863905764,834,2.0,0.4585551619529724,252,346,52,45
845,27.80418863905764,834,7.0,0.3812461197376251,477,709,136,143
965,27.80418863905764,834,2.0,0.4699298143386841,263,346,74,46
15,27.837526994739964,835,2.0,0.24423854053020477,1530,456,69,37
850,27.837526994739964,835,2.0,0.5685515403747559,729,784,141,128
843,27.837526994739964,835,2.0,0.5543760061264038,564,271,54,34
924,27.837526994739964,835,2.0,0.4297761917114258,1082,474,100,55
957,27.837526994739964,835,2.0,0.18334659934043884,1267,469,69,40
961,27.837526994739964,835,2.0,0.5572284460067749,687,335,69,44
915,27.837526994739964,835,2.0,0.5068140625953674,253,349,50,47
973,27.837526994739964,835,2.0,0.4830102026462555,767,337,56,35
845,27.837526994739964,835,2.0,0.44760602712631226,484,725,135,142
15,27.870865350422285,836,2.0,0.2556729316711426,1530,456,69,38
850,27.870865350422285,836,2.0,0.6742637157440186,745,802,144,135
843,27.870865350422285,836,2.0,0.5936992168426514,561,269,53,36
924,27.870865350422285,836,2.0,0.6182356476783752,1069,468,97,53
957,27.870865350422285,836,2.0,0.23078759014606476,1263,469,64,39
961,27.870865350422285,836,2.0,0.6271612644195557,682,330,69,46
915,27.870865350422285,836,2.0,0.49492135643959045,255,354,49,46
973,27.870865350422285,836,2.0,0.6689873337745667,762,336,59,35
845,27.870865350422285,836,2.0,0.6770856976509094,491,742,137,144
15,27.90420370610461,837,2.0,0.23377126455307007,1530,456,69,38
850,27.90420370610461,837,2.0,0.49905920028686523,763,824,151,140
843,27.90420370610461,837,2.0,0.6802049875259399,555,265,50,34
924,27.90420370610461,837,2.0,0.6137277483940125,1058,463,96,53
957,27.90420370610461,837,2.0,0.17335954308509827,1260,467,63,38
961,27.90420370610461,837,2.0,0.6051067113876343,675,326,68,47
915,27.90420370610461,837,2.0,0.4255443513393402,259,358,51,49
973,27.90420370610461,837,2.0,0.4429585933685303,758,333,56,32
845,27.90420370610461,837,2.0,0.5851949453353882,501,759,139,150
15,27.93754206178693,838,2.0,0.2378442883491516,1530,456,69,38
850,27.93754206178693,838,2.0,0.6419026255607605,784,844,157,146
843,27.93754206178693,838,2.0,0.6967250108718872,550,263,46,32
924,27.93754206178693,838,2.0,0.5124990940093994,1046,458,96,55
957,27.93754206178693,838,2.0,0.18427056074142456,1259,466,59,38
961,27.93754206178693,838,2.0,0.6832069158554077,668,323,67,47
915,27.93754206178693,838,2.0,0.3930496275424957,260,362,49,48
973,27.93754206178693,838,2.0,0.3793894052505493,753,331,51,34
845,27.93754206178693,838,7.0,0.39817219972610474,511,777,141,156
980,27.93754206178693,838,2.0,0.3939090371131897,290,281,41,27
15,27.970880417469257,839,2.0,0.24314647912979126,1530,456,69,38
850,27.970880417469257,839,2.0,0.31973132491111755,804,864,162,149
843,27.970880417469257,839,2.0,0.6854045987129211,547,261,46,29
924,27.970880417469257,839,2.0,0.3976105749607086,1034,454,93,54
957,27.970880417469257,839,2.0,0.21768991649150848,1260,465,51,36
961,27.970880417469257,839,2.0,0.5622011423110962,662,319,65,48
915,27.970880417469257,839,2.0,0.4208252727985382,263,366,54,46
973,27.970880417469257,839,2.0,0.10938771814107895,743,330,44,34
845,27.970880417469257,839,2.0,0.5848476886749268,523,796,146,161
980,27.970880417469257,839,2.0,0.38903549313545227,290,282,39,26
15,28.004218773151578,840,2.0,0.23589271306991577,1530,456,69,38
850,28.004218773151578,840,7.0,0.19757415354251862,828,891,173,164
843,28.004218773151578,840,2.0,0.6682887673377991,542,258,44,29
924,28.004218773151578,840,2.0,0.4574204981327057,1021,449,88,51
961,28.004218773151578,840,2.0,0.5201975703239441,656,316,65,46
915,28.004218773151578,840,2.0,0.5508638620376587,266,370,61,46
973,28.004218773151578,840,2.0,0.16086643934249878,741,328,49,32
845,28.004218773151578,840,2.0,0.5283069014549255,533,814,151,168
980,28.004218773151578,840,2.0,0.3188742399215698,291,283,38,30
15,28.037557128833903,841,2.0,0.2686608135700226,1530,456,69,38
850,28.037557128833903,841,2.0,0.32532060146331787,861,917,201,172
843,28.037557128833903,841,2.0,0.6260389089584351,539,257,46,29
924,28.037557128833903,841,2.0,0.6681860685348511,1012,444,91,50
961,28.037557128833903,841,2.0,0.5762422680854797,649,314,64,47
915,28.037557128833903,841,2.0,0.3850690722465515,267,373,58,46
973,28.037557128833903,841,2.0,0.11686298251152039,738,325,53,35
845,28.037557128833903,841,2.0,0.5823720693588257,546,834,156,174
980,28.037557128833903,841,2.0,0.3897590637207031,291,285,34,33
15,28.070895484516225,842,2.0,0.2674907445907593,1530,456,70,39
850,28.070895484516225,842,2.0,0.2667781114578247,884,943,206,178
843,28.070895484516225,842,2.0,0.5409132242202759,536,255,46,29
924,28.070895484516225,842,2.0,0.5137323141098022,1002,440,88,50
961,28.070895484516225,842,2.0,0.591139018535614,643,310,62,45
915,28.070895484516225,842,2.0,0.52157062292099,268,376,55,48
973,28.070895484516225,842,2.0,0.27433180809020996,730,323,49,33
845,28.070895484516225,842,2.0,0.47366195917129517,559,851,161,174
980,28.070895484516225,842,2.0,0.4791419208049774,292,288,35,33
15,28.10423384019855,843,2.0,0.28786513209342957,1530,456,70,39
850,28.10423384019855,843,2.0,0.12223783880472183,907,963,209,171
843,28.10423384019855,843,2.0,0.4968622028827667,533,254,45,32
924,28.10423384019855,843,2.0,0.6724081635475159,992,436,86,52
961,28.10423384019855,843,2.0,0.5542216300964355,639,308,65,44
915,28.10423384019855,843,2.0,0.5870829224586487,269,379,57,50
973,28.10423384019855,843,2.0,0.32429787516593933,724,319,48,34
845,28.10423384019855,843,2.0,0.6164363026618958,569,863,161,160
980,28.10423384019855,843,2.0,0.38649997115135193,296,292,41,33
15,28.13757219588087,844,2.0,0.20883838832378387,1530,456,69,39
843,28.13757219588087,844,2.0,0.47118639945983887,530,252,51,33
924,28.13757219588087,844,2.0,0.23604229092597961,981,432,86,50
961,28.13757219588087,844,2.0,0.542715847492218,634,305,64,42
915,28.13757219588087,844,2.0,0.3893703520298004,273,385,60,46
973,28.13757219588087,844,2.0,0.2653047442436218,719,315,50,32
845,28.13757219588087,844,2.0,0.14563977718353271,600,893,202,179
980,28.13757219588087,844,2.0,0.3671053946018219,298,294,42,31
15,28.170910551563196,845,2.0,0.23321449756622314,1530,456,69,38
843,28.170910551563196,845,2.0,0.3964167833328247,526,251,49,32
924,28.170910551563196,845,2.0,0.15310977399349213,973,428,81,50
961,28.170910551563196,845,2.0,0.6363445520401001,629,303,62,42
915,28.170910551563196,845,2.0,0.45864230394363403,276,389,59,46
973,28.170910551563196,845,2.0,0.5352231860160828,714,313,50,31
980,28.170910551563196,845,2.0,0.4290478527545929,300,296,42,30
15,28.204248907245518,846,2.0,0.23539680242538452,1529,456,69,38
843,28.204248907245518,846,2.0,0.4296964406967163,522,250,52,32
924,28.204248907245518,846,2.0,0.2866709530353546,962,422,79,44
961,28.204248907245518,846,2.0,0.5192606449127197,623,301,62,42
915,28.204248907245518,846,2.0,0.473929226398468,276,392,56,47
973,28.204248907245518,846,2.0,0.4505971074104309,710,312,50,32
980,28.204248907245518,846,2.0,0.458719938993454,300,298,42,34
15,28.237587262927843,847,2.0,0.22956067323684692,1529,456,69,39
843,28.237587262927843,847,2.0,0.5395090579986572,519,248,51,31
924,28.237587262927843,847,2.0,0.5101402401924133,953,418,79,45
961,28.237587262927843,847,2.0,0.5297254920005798,618,299,62,44
915,28.237587262927843,847,2.0,0.5953262448310852,279,397,58,52
973,28.237587262927843,847,2.0,0.45087194442749023,705,308,50,31
980,28.237587262927843,847,2.0,0.3273007273674011,301,302,41,34
15,28.270925618610164,848,2.0,0.23038972914218903,1529,456,69,39
843,28.270925618610164,848,2.0,0.48167169094085693,517,247,53,32
924,28.270925618610164,848,2.0,0.33202987909317017,942,413,79,46
961,28.270925618610164,848,2.0,0.3014375567436218,614,297,62,43
915,28.270925618610164,848,2.0,0.46262311935424805,282,402,59,54
973,28.270925618610164,848,2.0,0.35174956917762756,699,307,49,29
980,28.270925618610164,848,2.0,0.4083016514778137,303,304,42,32
15,28.30426397429249,849,2.0,0.22503651678562164,1529,456,69,40
843,28.30426397429249,849,2.0,0.4293069541454315,516,246,56,32
924,28.30426397429249,849,2.0,0.22371724247932434,933,410,80,46
961,28.30426397429249,849,2.0,0.5012943744659424,610,294,61,43
915,28.30426397429249,849,2.0,0.4531536400318146,285,406,64,56
973,28.30426397429249,849,2.0,0.4565846025943756,695,306,48,30
980,28.30426397429249,849,2.0,0.4080420434474945,307,307,44,32
15,28.33760232997481,850,2.0,0.19812068343162537,1529,456,69,40
843,28.33760232997481,850,2.0,0.5356295704841614,511,243,50,31
924,28.33760232997481,850,2.0,0.3913189172744751,924,406,79,46
961,28.33760232997481,850,2.0,0.5297473669052124,605,292,57,42
915,28.33760232997481,850,2.0,0.42792895436286926,285,411,61,53
973,28.33760232997481,850,2.0,0.24415457248687744,690,304,47,31
980,28.33760232997481,850,2.0,0.35256415605545044,311,310,45,34
997,28.33760232997481,850,2.0,0.556689977645874,248,233,35,26
15,28.370940685657136,851,2.0,0.22629788517951965,1529,456,69,40
843,28.370940685657136,851,2.0,0.5049369931221008,506,241,46,30
924,28.370940685657136,851,2.0,0.31313130259513855,915,402,76,42
961,28.370940685657136,851,2.0,0.6250323057174683,599,289,55,38
915,28.370940685657136,851,2.0,0.39709949493408203,287,415,59,52
973,28.370940685657136,851,2.0,0.20291617512702942,688,302,50,30
980,28.370940685657136,851,2.0,0.3111986815929413,313,313,44,37
997,28.370940685657136,851,2.0,0.4727039337158203,247,234,32,26
15,28.404279041339457,852,2.0,0.2116095870733261,1529,456,69,40
843,28.404279041339457,852,2.0,0.42121002078056335,500,240,45,30
924,28.404279041339457,852,2.0,0.32153385877609253,907,397,73,42
961,28.404279041339457,852,2.0,0.5701770782470703,596,288,58,40
915,28.404279041339457,852,2.0,0.5014486312866211,292,420,61,54
980,28.404279041339457,852,2.0,0.3975174129009247,314,316,46,37
997,28.404279041339457,852,2.0,0.39928653836250305,250,235,35,24
15,28.437617397021782,853,2.0,0.2360624074935913,1529,456,69,40
843,28.437617397021782,853,2.0,0.38173800706863403,499,239,49,30
924,28.437617397021782,853,2.0,0.42041391134262085,899,394,74,41
961,28.437617397021782,853,2.0,0.4729432761669159,591,286,55,40
915,28.437617397021782,853,2.0,0.476683646440506,295,424,61,59
980,28.437617397021782,853,2.0,0.3483826816082001,316,318,50,40
997,28.437617397021782,853,2.0,0.2505548298358917,251,237,32,24
15,28.470955752704104,854,2.0,0.23730361461639404,1529,456,68,38
843,28.470955752704104,854,2.0,0.43632954359054565,496,237,45,29
924,28.470955752704104,854,2.0,0.3671422302722931,893,391,72,42
961,28.470955752704104,854,2.0,0.4413788318634033,587,284,54,41
915,28.470955752704104,854,2.0,0.27981847524642944,296,428,60,60
980,28.470955752704104,854,2.0,0.25630393624305725,320,321,52,41
997,28.470955752704104,854,2.0,0.26964402198791504,252,238,33,23
973,28.470955752704104,854,2.0,0.28826767206192017,674,296,46,33
15,28.50429410838643,855,2.0,0.2648245096206665,1529,456,68,38
843,28.50429410838643,855,2.0,0.5573748350143433,493,235,43,29
924,28.50429410838643,855,2.0,0.41906601190567017,886,388,68,41
961,28.50429410838643,855,2.0,0.4734485149383545,582,281,57,41
915,28.50429410838643,855,2.0,0.3688831627368927,298,434,59,57
980,28.50429410838643,855,2.0,0.2946965992450714,321,322,53,43
997,28.50429410838643,855,2.0,0.3637256622314453,252,240,33,25
973,28.50429410838643,855,2.0,0.46490252017974854,671,294,46,33
15,28.53763246406875,856,2.0,0.23595751821994781,1529,456,69,38
843,28.53763246406875,856,2.0,0.4440658390522003,490,234,44,28
924,28.53763246406875,856,2.0,0.37555304169654846,878,385,71,41
961,28.53763246406875,856,2.0,0.4456150531768799,577,279,53,39
915,28.53763246406875,856,2.0,0.3381727337837219,302,440,60,57
980,28.53763246406875,856,2.0,0.26716387271881104,324,324,53,43
997,28.53763246406875,856,2.0,0.4267691969871521,253,243,32,25
973,28.53763246406875,856,2.0,0.3666822612285614,664,292,46,35
15,28.570970819751075,857,2.0,0.27328866720199585,1529,456,68,38
843,28.570970819751075,857,2.0,0.46883144974708557,489,234,45,28
924,28.570970819751075,857,2.0,0.41743987798690796,869,382,70,41
961,28.570970819751075,857,2.0,0.37829264998435974,573,277,55,40
915,28.570970819751075,857,2.0,0.42373883724212646,305,452,65,51
980,28.570970819751075,857,2.0,0.35686326026916504,324,328,50,41
997,28.570970819751075,857,2.0,0.21084244549274445,253,245,31,26
973,28.570970819751075,857,2.0,0.44711652398109436,661,289,45,32
15,28.6043091754334,858,2.0,0.2712569534778595,1529,456,68,37
843,28.6043091754334,858,2.0,0.302933931350708,487,230,44,30
924,28.6043091754334,858,2.0,0.19458803534507751,850,380,49,40
961,28.6043091754334,858,2.0,0.33632275462150574,569,275,54,42
980,28.6043091754334,858,2.0,0.5110684633255005,326,332,50,39
997,28.6043091754334,858,2.0,0.34508997201919556,256,246,35,26
973,28.6043091754334,858,2.0,0.37376198172569275,657,287,45,31
15,28.63764753111572,859,2.0,0.3073612451553345,1529,456,68,37
843,28.63764753111572,859,2.0,0.30370235443115234,484,229,45,30
924,28.63764753111572,859,2.0,0.21850663423538208,851,375,62,40
961,28.63764753111572,859,2.0,0.31050631403923035,565,273,55,41
980,28.63764753111572,859,2.0,0.38387468457221985,327,335,50,40
997,28.63764753111572,859,2.0,0.22632759809494019,260,247,38,28
973,28.63764753111572,859,2.0,0.22132818400859833,652,285,46,32
1013,28.63764753111572,859,2.0,0.485750287771225,230,300,67,33
15,28.670985886798046,860,2.0,0.30953121185302734,1529,456,68,38
843,28.670985886798046,860,2.0,0.10797208547592163,482,228,47,31
924,28.670985886798046,860,2.0,0.3862136900424957,846,371,68,41
961,28.670985886798046,860,2.0,0.3467075824737549,561,270,54,41
980,28.670985886798046,860,2.0,0.4787256419658661,330,338,49,40
997,28.670985886798046,860,2.0,0.2769431173801422,264,249,42,30
973,28.670985886798046,860,2.0,0.3083193600177765,650,283,44,31
1013,28.670985886798046,860,2.0,0.42679908871650696,228,301,61,33
15,28.704324242480368,861,2.0,0.3458811938762665,1529,456,68,38
843,28.704324242480368,861,2.0,0.17349350452423096,481,229,50,31
924,28.704324242480368,861,2.0,0.4672074019908905,839,368,64,41
961,28.704324242480368,861,2.0,0.45086273550987244,556,267,52,40
980,28.704324242480368,861,2.0,0.4547194838523865,332,341,46,41
997,28.704324242480368,861,2.0,0.15958912670612335,267,250,44,31
973,28.704324242480368,861,2.0,0.2619294822216034,646,282,42,29
1013,28.704324242480368,861,2.0,0.42055657505989075,222,306,49,34
915,28.704324242480368,861,2.0,0.35165300965309143,319,469,64,67
15,28.737662598162693,862,2.0,0.35862281918525696,1529,456,68,38
843,28.737662598162693,862,2.0,0.20380763709545135,477,226,43,29
924,28.737662598162693,862,2.0,0.468627005815506,835,366,60,40
961,28.737662598162693,862,2.0,0.5726644396781921,553,266,53,39
980,28.737662598162693,862,2.0,0.5893418192863464,339,343,53,43
997,28.737662598162693,862,2.0,0.3296833336353302,270,253,44,28
973,28.737662598162693,862,2.0,0.21938876807689667,643,281,40,28
1013,28.737662598162693,862,2.0,0.5529466271400452,224,309,50,36
915,28.737662598162693,862,2.0,0.3133906424045563,321,473,66,70
15,28.771000953845014,863,2.0,0.3304429352283478,1529,456,68,39
843,28.771000953845014,863,2.0,0.40780526399612427,474,225,45,29
924,28.771000953845014,863,2.0,0.48065388202667236,826,361,60,38
961,28.771000953845014,863,2.0,0.5705175995826721,549,265,54,39
980,28.771000953845014,863,2.0,0.5333492755889893,341,346,55,44
997,28.771000953845014,863,2.0,0.41586410999298096,272,256,44,25
1013,28.771000953845014,863,2.0,0.5234305262565613,224,311,45,38
915,28.771000953845014,863,2.0,0.11352746188640594,320,476,59,67
15,28.80433930952734,864,2.0,0.3010737895965576,1529,456,68,39
843,28.80433930952734,864,2.0,0.4495776295661926,471,224,45,29
924,28.80433930952734,864,2.0,0.5186066627502441,818,358,62,35
961,28.80433930952734,864,2.0,0.6695543527603149,544,262,53,36
980,28.80433930952734,864,2.0,0.489953875541687,345,350,57,44
997,28.80433930952734,864,2.0,0.4408794641494751,271,257,41,26
1013,28.80433930952734,864,2.0,0.33635297417640686,224,315,43,39
915,28.80433930952734,864,2.0,0.24633215367794037,328,485,64,69
15,28.83767766520966,865,2.0,0.2930874526500702,1529,457,69,40
843,28.83767766520966,865,2.0,0.4752461612224579,468,223,46,30
924,28.83767766520966,865,2.0,0.424623966217041,811,356,65,36
961,28.83767766520966,865,2.0,0.5464715361595154,542,260,52,38
980,28.83767766520966,865,2.0,0.5450213551521301,348,355,57,44
997,28.83767766520966,865,2.0,0.5396923422813416,270,258,38,26
1013,28.83767766520966,865,2.0,0.3349296450614929,225,319,40,40
915,28.83767766520966,865,2.0,0.44455674290657043,333,494,68,67
1025,28.83767766520966,865,2.0,0.41170644760131836,825,358,42,34
15,28.871016020891986,866,2.0,0.28177735209465027,1529,457,69,40
843,28.871016020891986,866,2.0,0.5374966263771057,465,220,43,29
924,28.871016020891986,866,2.0,0.449363112449646,806,353,63,34
961,28.871016020891986,866,2.0,0.5266401767730713,538,259,50,36
980,28.871016020891986,866,2.0,0.445393830537796,350,359,57,45
997,28.871016020891986,866,2.0,0.4983241856098175,271,259,40,27
915,28.871016020891986,866,2.0,0.42541220784187317,337,500,70,71
1025,28.871016020891986,866,2.0,0.4077204763889313,818,355,43,31
15,28.904354376574307,867,2.0,0.3005855679512024,1529,456,69,40
843,28.904354376574307,867,2.0,0.5878442525863647,462,217,38,28
924,28.904354376574307,867,2.0,0.2852964997291565,801,351,62,36
961,28.904354376574307,867,2.0,0.5455108284950256,535,256,46,36
980,28.904354376574307,867,2.0,0.4722437262535095,354,363,60,45
997,28.904354376574307,867,2.0,0.4569433331489563,271,261,40,28
915,28.904354376574307,867,2.0,0.34520223736763,341,506,70,75
1025,28.904354376574307,867,2.0,0.20930613577365875,812,352,41,34
1027,28.904354376574307,867,2.0,0.5925763249397278,1088,774,160,89
1013,28.904354376574307,867,2.0,0.32722222805023193,231,324,46,36
15,28.937692732256632,868,2.0,0.28073766827583313,1529,456,69,39
843,28.937692732256632,868,2.0,0.6498861312866211,459,215,37,30
924,28.937692732256632,868,2.0,0.24088947474956512,794,348,59,37
961,28.937692732256632,868,2.0,0.38564532995224,531,254,49,35
980,28.937692732256632,868,2.0,0.3870745301246643,355,365,59,48
997,28.937692732256632,868,2.0,0.4842478334903717,274,263,44,28
915,28.937692732256632,868,2.0,0.4736510217189789,345,513,72,77
1027,28.937692732256632,868,2.0,0.45610031485557556,1092,771,156,90
1013,28.937692732256632,868,2.0,0.429717481136322,233,327,46,34
15,28.971031087938954,869,2.0,0.2720082998275757,1529,456,69,39
843,28.971031087938954,869,2.0,0.6608004570007324,457,213,37,29
924,28.971031087938954,869,2.0,0.4120834469795227,789,345,57,37
961,28.971031087938954,869,2.0,0.3452477753162384,527,253,52,37
980,28.971031087938954,869,2.0,0.45185530185699463,358,369,58,49
997,28.971031087938954,869,2.0,0.43584170937538147,273,267,40,28
915,28.971031087938954,869,2.0,0.6147276759147644,350,520,74,77
1027,28.971031087938954,869,2.0,0.3231491446495056,1100,768,157,93
1013,28.971031087938954,869,2.0,0.37694019079208374,233,330,46,34
1033,28.971031087938954,869,2.0,0.6759777069091797,1743,776,206,103
15,29.00436944362128,870,2.0,0.32832539081573486,1529,457,70,40
843,29.00436944362128,870,2.0,0.5244743227958679,454,212,36,30
924,29.00436944362128,870,2.0,0.4269488751888275,782,343,59,38
961,29.00436944362128,870,2.0,0.3819088339805603,525,252,52,35
980,29.00436944362128,870,2.0,0.5095787048339844,362,372,58,50
997,29.00436944362128,870,2.0,0.5155820250511169,275,268,40,29
915,29.00436944362128,870,2.0,0.5174632668495178,354,526,78,81
1027,29.00436944362128,870,2.0,0.19843599200248718,1109,763,163,88
1013,29.00436944362128,870,2.0,0.4471219480037689,233,332,43,37
1033,29.00436944362128,870,2.0,0.6775163412094116,1707,762,199,100
973,29.00436944362128,870,2.0,0.5348796844482422,612,270,42,29
15,29.0377077993036,871,2.0,0.32504773139953613,1529,456,69,40
843,29.0377077993036,871,2.0,0.5290438532829285,451,211,37,29
924,29.0377077993036,871,2.0,0.5027732849121094,777,339,62,40
961,29.0377077993036,871,2.0,0.37156206369400024,522,251,54,34
980,29.0377077993036,871,2.0,0.55498206615448,364,376,57,50
997,29.0377077993036,871,2.0,0.4368557035923004,278,270,45,31
915,29.0377077993036,871,2.0,0.46506479382514954,359,534,77,82
1027,29.0377077993036,871,2.0,0.22754409909248352,1115,761,161,82
1013,29.0377077993036,871,2.0,0.5030974745750427,235,336,45,38
1033,29.0377077993036,871,2.0,0.6551617383956909,1668,744,187,93
973,29.0377077993036,871,2.0,0.4710201025009155,609,267,42,31
15,29.071046154985925,872,2.0,0.3489607572555542,1529,456,69,39
843,29.071046154985925,872,2.0,0.5182742476463318,448,211,38,28
924,29.071046154985925,872,2.0,0.4204676151275635,771,337,64,39
961,29.071046154985925,872,2.0,0.29695379734039307,519,249,54,34
980,29.071046154985925,872,2.0,0.34591788053512573,367,380,57,51
997,29.071046154985925,872,2.0,0.47166669368743896,279,271,42,31
915,29.071046154985925,872,2.0,0.5388606786727905,363,542,81,84
1027,29.071046154985925,872,2.0,0.3915213346481323,1122,759,154,82
1013,29.071046154985925,872,2.0,0.48732343316078186,237,338,45,38
1033,29.071046154985925,872,2.0,0.6110730767250061,1631,729,182,91
973,29.071046154985925,872,2.0,0.5712794661521912,607,266,40,30
15,29.104384510668247,873,2.0,0.34515225887298584,1529,456,69,39
843,29.104384510668247,873,2.0,0.6492112874984741,446,209,40,28
924,29.104384510668247,873,2.0,0.5056633949279785,763,334,63,38
961,29.104384510668247,873,2.0,0.42421022057533264,516,248,56,35
980,29.104384510668247,873,2.0,0.42588570713996887,371,384,60,53
997,29.104384510668247,873,2.0,0.2983418405056,281,274,40,34
915,29.104384510668247,873,2.0,0.5764124989509583,367,550,83,88
1027,29.104384510668247,873,2.0,0.5359146595001221,1127,755,148,83
1013,29.104384510668247,873,2.0,0.44014114141464233,239,341,48,40
1033,29.104384510668247,873,2.0,0.5484380722045898,1597,713,179,89
973,29.104384510668247,873,2.0,0.43350622057914734,604,262,39,28
15,29.137722866350572,874,2.0,0.38919463753700256,1529,457,69,40
843,29.137722866350572,874,2.0,0.43302077054977417,444,209,38,26
924,29.137722866350572,874,2.0,0.5081334114074707,758,332,56,35
961,29.137722866350572,874,2.0,0.4551432728767395,511,245,51,33
980,29.137722866350572,874,2.0,0.6648818254470825,374,389,59,51
997,29.137722866350572,874,2.0,0.3622156083583832,288,277,48,32
915,29.137722866350572,874,2.0,0.2121405154466629,371,558,86,90
1027,29.137722866350572,874,2.0,0.5846417546272278,1129,752,138,82
1013,29.137722866350572,874,2.0,0.5366726517677307,247,344,65,41
1033,29.137722866350572,874,2.0,0.8059813380241394,1564,698,174,87
973,29.137722866350572,874,2.0,0.4315083920955658,602,261,39,29
1042,29.137722866350572,874,2.0,0.4748953878879547,1327,491,92,55
15,29.171061222032893,875,2.0,0.4340793490409851,1529,457,69,40
843,29.171061222032893,875,2.0,0.5945995450019836,442,208,40,26
924,29.171061222032893,875,2.0,0.4659615159034729,754,330,54,33
961,29.171061222032893,875,2.0,0.3422827124595642,508,243,51,35
980,29.171061222032893,875,2.0,0.580570638179779,378,393,61,50
997,29.171061222032893,875,2.0,0.5220715403556824,290,280,46,29
915,29.171061222032893,875,2.0,0.2954530119895935,376,568,88,90
1027,29.171061222032893,875,2.0,0.5210339426994324,1134,749,134,82
1013,29.171061222032893,875,2.0,0.5271534323692322,248,347,66,42
1033,29.171061222032893,875,2.0,0.814043402671814,1535,684,169,86
973,29.171061222032893,875,2.0,0.34024283289909363,598,259,38,27
1042,29.171061222032893,875,2.0,0.3292417526245117,1325,491,87,52
15,29.20439957771522,876,2.0,0.42550474405288696,1529,457,69,40
843,29.20439957771522,876,2.0,0.7088711261749268,441,207,42,24
924,29.20439957771522,876,2.0,0.1220155656337738,740,328,38,34
961,29.20439957771522,876,2.0,0.4367344379425049,504,242,49,34
980,29.20439957771522,876,2.0,0.5350483655929565,382,397,61,51
997,29.20439957771522,876,2.0,0.5147545337677002,291,282,42,28
915,29.20439957771522,876,2.0,0.5744595527648926,383,577,88,93
1027,29.20439957771522,876,2.0,0.5554510354995728,1137,747,131,80
1013,29.20439957771522,876,2.0,0.4423113465309143,246,348,59,41
1033,29.20439957771522,876,2.0,0.6836942434310913,1507,673,166,84
973,29.20439957771522,876,2.0,0.188297301530838,595,258,37,25
1042,29.20439957771522,876,2.0,0.45622286200523376,1322,492,88,49
15,29.23773793339754,877,2.0,0.38179224729537964,1529,457,69,41
843,29.23773793339754,877,2.0,0.6456701159477234,439,207,41,23
961,29.23773793339754,877,2.0,0.32447636127471924,501,241,46,34
980,29.23773793339754,877,2.0,0.6435872912406921,386,401,60,57
997,29.23773793339754,877,2.0,0.5719092488288879,290,284,42,29
915,29.23773793339754,877,2.0,0.6323735117912292,390,587,90,94
1027,29.23773793339754,877,2.0,0.3831815719604492,1142,747,126,77
1013,29.23773793339754,877,2.0,0.3927086293697357,246,352,55,43
1033,29.23773793339754,877,2.0,0.6402963399887085,1477,661,157,81
973,29.23773793339754,877,2.0,0.18652330338954926,592,256,35,24
1042,29.23773793339754,877,2.0,0.28916603326797485,1323,491,82,49
15,29.271076289079865,878,2.0,0.3509282171726227,1529,457,69,41
843,29.271076289079865,878,2.0,0.5623478293418884,437,207,38,24
961,29.271076289079865,878,2.0,0.3100454807281494,497,240,46,34
980,29.271076289079865,878,2.0,0.5809207558631897,390,403,64,59
997,29.271076289079865,878,2.0,0.5736621022224426,291,286,39,31
915,29.271076289079865,878,2.0,0.5207141041755676,396,597,93,97
1027,29.271076289079865,878,2.0,0.464954674243927,1146,745,120,73
1013,29.271076289079865,878,2.0,0.30321675539016724,247,356,50,45
1033,29.271076289079865,878,2.0,0.7374939322471619,1449,649,151,77
973,29.271076289079865,878,2.0,0.1519775539636612,589,255,37,24
1042,29.271076289079865,878,2.0,0.36907830834388733,1330,491,67,49
15,29.304414644762186,879,2.0,0.36099112033843994,1529,457,69,41
843,29.304414644762186,879,2.0,0.42436912655830383,436,207,38,24
961,29.304414644762186,879,2.0,0.2859857678413391,494,238,46,33
980,29.304414644762186,879,2.0,0.4720250964164734,394,408,65,58
997,29.304414644762186,879,2.0,0.5022504329681396,291,287,36,30
915,29.304414644762186,879,2.0,0.3786493241786957,401,606,98,100
1027,29.304414644762186,879,2.0,0.4697430729866028,1151,743,116,70
1013,29.304414644762186,879,2.0,0.3435109853744507,248,360,51,46
1033,29.304414644762186,879,2.0,0.4728154242038727,1423,637,150,77
973,29.304414644762186,879,2.0,0.19258412718772888,586,255,39,24
1042,29.304414644762186,879,2.0,0.2655998766422272,1330,490,57,50
1056,29.304414644762186,879,2.0,0.39364561438560486,735,322,54,37
15,29.33775300044451,880,2.0,0.37838104367256165,1529,457,69,41
843,29.33775300044451,880,2.0,0.3014744818210602,434,206,39,25
961,29.33775300044451,880,2.0,0.32710757851600647,492,236,46,32
980,29.33775300044451,880,2.0,0.5404743552207947,398,414,66,55
997,29.33775300044451,880,2.0,0.564685583114624,294,291,40,32
915,29.33775300044451,880,2.0,0.5097362399101257,407,618,99,100
1027,29.33775300044451,880,2.0,0.4447738826274872,1154,742,110,69
1013,29.33775300044451,880,2.0,0.20623867213726044,251,364,50,45
1033,29.33775300044451,880,2.0,0.628447949886322,1397,626,142,75
1042,29.33775300044451,880,2.0,0.43301960825920105,1313,487,84,51
1056,29.33775300044451,880,2.0,0.41547054052352905,730,319,54,37
15,29.371091356126833,881,2.0,0.37326163053512573,1529,457,70,42
843,29.371091356126833,881,2.0,0.10150482505559921,432,205,40,26
980,29.371091356126833,881,2.0,0.5338536500930786,402,420,67,56
997,29.371091356126833,881,2.0,0.5016829967498779,297,293,40,31
915,29.371091356126833,881,2.0,0.5463590621948242,414,627,101,104
1027,29.371091356126833,881,2.0,0.43652161955833435,1157,742,104,67
1013,29.371091356126833,881,2.0,0.45778074860572815,254,368,54,43
1033,29.371091356126833,881,2.0,0.5184400081634521,1373,616,139,75
1042,29.371091356126833,881,2.0,0.5593666434288025,1307,484,87,52
1056,29.371091356126833,881,2.0,0.32639890909194946,725,316,53,35
15,29.404429711809158,882,2.0,0.3722631633281708,1529,457,70,42
843,29.404429711809158,882,2.0,0.10763444751501083,430,206,40,27
980,29.404429711809158,882,2.0,0.5519697666168213,406,426,67,58
997,29.404429711809158,882,2.0,0.5434960722923279,300,296,44,33
915,29.404429711809158,882,2.0,0.47969144582748413,420,639,102,108
1027,29.404429711809158,882,2.0,0.3813806474208832,1160,742,95,64
1013,29.404429711809158,882,2.0,0.40643584728240967,257,372,54,42
1033,29.404429711809158,882,2.0,0.5512297749519348,1350,604,130,70
1042,29.404429711809158,882,2.0,0.4901297986507416,1305,483,91,52
1056,29.404429711809158,882,2.0,0.33222195506095886,718,314,51,34
15,29.437768067491483,883,2.0,0.32706981897354126,1529,457,70,42
980,29.437768067491483,883,2.0,0.4721791446208954,410,432,67,58
997,29.437768067491483,883,2.0,0.479870468378067,301,297,44,36
915,29.437768067491483,883,2.0,0.36725476384162903,426,650,102,111
1027,29.437768067491483,883,2.0,0.3586699962615967,1164,741,88,61
1013,29.437768067491483,883,2.0,0.45791593194007874,263,376,62,41
1033,29.437768067491483,883,2.0,0.34889617562294006,1328,595,127,70
1042,29.437768067491483,883,2.0,0.38488301634788513,1303,482,93,53
1056,29.437768067491483,883,2.0,0.4564242362976074,715,312,50,31
1062,29.437768067491483,883,2.0,0.4462173283100128,1571,756,284,150
15,29.471106423173804,884,2.0,0.3543979525566101,1529,457,70,42
980,29.471106423173804,884,2.0,0.5616931319236755,415,435,67,57
997,29.471106423173804,884,2.0,0.4486013352870941,302,299,44,38
915,29.471106423173804,884,2.0,0.4909031391143799,435,662,105,112
1027,29.471106423173804,884,2.0,0.3161032497882843,1165,742,80,54
1013,29.471106423173804,884,2.0,0.5364018082618713,262,379,56,42
1033,29.471106423173804,884,2.0,0.6605088710784912,1307,587,124,70
1042,29.471106423173804,884,2.0,0.27364054322242737,1302,482,90,50
1056,29.471106423173804,884,2.0,0.5544421672821045,710,309,51,29
1062,29.471106423173804,884,7.0,0.42718878388404846,1536,741,265,147
15,29.50444477885613,885,2.0,0.3215028643608093,1529,457,69,42
980,29.50444477885613,885,2.0,0.4289151430130005,421,442,70,59
997,29.50444477885613,885,2.0,0.4802396893501282,304,303,45,35
915,29.50444477885613,885,2.0,0.41551804542541504,443,675,110,114
1027,29.50444477885613,885,2.0,0.440751314163208,1166,740,70,51
1013,29.50444477885613,885,2.0,0.3472467362880707,263,382,54,44
1033,29.50444477885613,885,2.0,0.16513952612876892,1287,576,118,66
1042,29.50444477885613,885,2.0,0.11658139526844025,1301,478,83,49
1056,29.50444477885613,885,2.0,0.5480286478996277,705,306,50,28
15,29.53778313453845,886,2.0,0.3434365391731262,1529,457,69,41
980,29.53778313453845,886,2.0,0.5594024062156677,427,448,71,59
997,29.53778313453845,886,2.0,0.3766153156757355,307,304,46,34
915,29.53778313453845,886,2.0,0.5180385708808899,452,688,111,119
1027,29.53778313453845,886,2.0,0.153350830078125,1171,740,59,43
1013,29.53778313453845,886,2.0,0.4358738362789154,262,384,49,44
1033,29.53778313453845,886,2.0,0.12856616079807281,1277,567,96,61
1042,29.53778313453845,886,2.0,0.11138053238391876,1305,477,65,48
1056,29.53778313453845,886,2.0,0.4083053469657898,699,305,49,28
1062,29.53778313453845,886,7.0,0.5248696804046631,1476,711,269,144
15,29.571121490220776,887,2.0,0.39920446276664734,1529,457,69,42
980,29.571121490220776,887,2.0,0.5090412497520447,430,454,72,60
997,29.571121490220776,887,2.0,0.46389007568359375,310,308,48,34
915,29.571121490220776,887,2.0,0.3430368900299072,460,702,116,125
1013,29.571121490220776,887,2.0,0.5528087019920349,264,389,50,46
1033,29.571121490220776,887,2.0,0.5181137919425964,1250,560,111,62
1042,29.571121490220776,887,2.0,0.13955754041671753,1311,480,61,42
1056,29.571121490220776,887,2.0,0.15501676499843597,696,303,47,29
1062,29.571121490220776,887,2.0,0.5871326327323914,1437,694,248,135
973,29.571121490220776,887,2.0,0.26657572388648987,560,245,35,29
15,29.604459845903097,888,2.0,0.35595154762268066,1529,457,70,41
980,29.604459845903097,888,2.0,0.619684636592865,436,460,67,59
997,29.604459845903097,888,2.0,0.4550628066062927,312,311,45,34
915,29.604459845903097,888,2.0,0.3981303572654724,468,716,119,128
1013,29.604459845903097,888,2.0,0.4169772267341614,266,393,50,46
1033,29.604459845903097,888,2.0,0.6306304931640625,1230,552,109,60
1042,29.604459845903097,888,2.0,0.11857971549034119,1301,477,54,47
1056,29.604459845903097,888,2.0,0.2990592122077942,692,302,48,29
1062,29.604459845903097,888,7.0,0.4490993320941925,1403,677,236,135
973,29.604459845903097,888,2.0,0.2559283673763275,558,245,35,29
843,29.604459845903097,888,2.0,0.31638243794441223,416,199,36,26
15,29.637798201585422,889,2.0,0.36627843976020813,1529,457,69,41
980,29.637798201585422,889,2.0,0.5909869074821472,439,465,68,61
997,29.637798201585422,889,2.0,0.48656216263771057,313,314,45,35
915,29.637798201585422,889,2.0,0.3818858861923218,479,730,124,134
1013,29.637798201585422,889,2.0,0.4660656750202179,270,399,57,48
1033,29.637798201585422,889,2.0,0.45531949400901794,1210,544,107,61
1042,29.637798201585422,889,2.0,0.11142539232969284,1300,478,48,43
1056,29.637798201585422,889,2.0,0.2472561150789261,686,299,47,32
1062,29.637798201585422,889,7.0,0.28746628761291504,1372,666,226,131
973,29.637798201585422,889,2.0,0.2299691140651703,556,244,36,29
843,29.637798201585422,889,2.0,0.2853441536426544,414,197,36,27
15,29.671136557267744,890,2.0,0.35476154088974,1529,457,69,41
980,29.671136557267744,890,2.0,0.6380731463432312,444,472,71,64
997,29.671136557267744,890,2.0,0.44213780760765076,316,317,47,36
915,29.671136557267744,890,2.0,0.36749568581581116,490,747,128,138
1013,29.671136557267744,890,2.0,0.5465788245201111,272,405,58,51
1033,29.671136557267744,890,2.0,0.4384622871875763,1192,538,109,61
1042,29.671136557267744,890,2.0,0.2414761185646057,1301,479,47,38
1056,29.671136557267744,890,2.0,0.23652932047843933,683,297,44,34
1062,29.671136557267744,890,2.0,0.44121095538139343,1345,651,214,122
973,29.671136557267744,890,2.0,0.16800381243228912,554,242,35,30
843,29.671136557267744,890,2.0,0.34548431634902954,413,196,35,29
961,29.671136557267744,890,2.0,0.3012034296989441,465,220,39,32
15,29.70447491295007,891,2.0,0.37385618686676025,1529,457,69,41
980,29.70447491295007,891,2.0,0.47592833638191223,448,477,71,66
997,29.70447491295007,891,2.0,0.38731688261032104,318,319,47,37
915,29.70447491295007,891,2.0,0.5833572745323181,499,763,132,144
1013,29.70447491295007,891,2.0,0.36446404457092285,280,409,69,52
1033,29.70447491295007,891,2.0,0.2809661030769348,1175,530,107,59
1042,29.70447491295007,891,2.0,0.17654664814472198,1299,478,48,34
1056,29.70447491295007,891,2.0,0.3671402037143707,677,296,44,34
1062,29.70447491295007,891,7.0,0.36460718512535095,1320,639,212,119
973,29.70447491295007,891,2.0,0.16885240375995636,552,241,34,31
843,29.70447491295007,891,2.0,0.37028342485427856,411,194,36,28
961,29.70447491295007,891,2.0,0.3169989287853241,463,220,37,33
15,29.73781326863239,892,2.0,0.3756181299686432,1529,457,70,42
980,29.73781326863239,892,2.0,0.4695318937301636,455,483,70,67
997,29.73781326863239,892,2.0,0.49510854482650757,321,321,50,38
915,29.73781326863239,892,2.0,0.4924575090408325,510,781,136,148
1013,29.73781326863239,892,2.0,0.5408070683479309,278,412,60,52
1033,29.73781326863239,892,2.0,0.48165789246559143,1159,522,104,58
1042,29.73781326863239,892,2.0,0.29483914375305176,1296,476,47,33
1056,29.73781326863239,892,2.0,0.41008979082107544,672,294,45,33
1062,29.73781326863239,892,2.0,0.48517996072769165,1296,628,204,113
973,29.73781326863239,892,2.0,0.11700952798128128,549,238,33,29
843,29.73781326863239,892,2.0,0.3241589367389679,410,194,37,29
961,29.73781326863239,892,2.0,0.46210843324661255,461,219,40,33
15,29.771151624314715,893,2.0,0.34241992235183716,1529,457,70,42
980,29.771151624314715,893,2.0,0.49391821026802063,460,491,72,67
997,29.771151624314715,893,2.0,0.5591875314712524,323,323,50,40
915,29.771151624314715,893,2.0,0.4358299970626831,521,798,141,152
1013,29.771151624314715,893,2.0,0.5460070967674255,278,416,62,51
1033,29.771151624314715,893,2.0,0.34442275762557983,1143,516,104,58
1042,29.771151624314715,893,2.0,0.1627102941274643,1296,477,44,30
1056,29.771151624314715,893,2.0,0.4505973756313324,668,292,44,33
1062,29.771151624314715,893,2.0,0.28052011132240295,1272,616,196,111
843,29.771151624314715,893,2.0,0.17777210474014282,405,190,32,26
961,29.771151624314715,893,2.0,0.23663680255413055,456,218,43,35
15,29.804489979997037,894,2.0,0.3513253927230835,1529,457,70,41
980,29.804489979997037,894,2.0,0.41404831409454346,469,496,83,71
997,29.804489979997037,894,2.0,0.5085152387619019,324,327,50,38
915,29.804489979997037,894,2.0,0.43165743350982666,533,817,143,159
1013,29.804489979997037,894,2.0,0.505850076675415,281,421,60,51
1033,29.804489979997037,894,2.0,0.33634573221206665,1128,508,101,56
1042,29.804489979997037,894,2.0,0.10384612530469894,1295,477,43,30
1056,29.804489979997037,894,2.0,0.4175896644592285,663,289,44,31
1062,29.804489979997037,894,7.0,0.18112948536872864,1248,603,189,110
843,29.804489979997037,894,2.0,0.1770770400762558,403,192,34,27
961,29.804489979997037,894,2.0,0.2958579361438751,453,215,42,33
15,29.83782833567936,895,2.0,0.3507221043109894,1529,457,70,42
980,29.83782833567936,895,2.0,0.4039057195186615,476,504,82,72
997,29.83782833567936,895,2.0,0.45195332169532776,326,331,50,37
915,29.83782833567936,895,7.0,0.35912156105041504,546,836,149,163
1013,29.83782833567936,895,2.0,0.48951923847198486,284,426,64,54
1033,29.83782833567936,895,2.0,0.43562763929367065,1112,501,97,54
1056,29.83782833567936,895,2.0,0.1922486275434494,660,287,42,33
1062,29.83782833567936,895,7.0,0.2964010238647461,1225,593,183,108
843,29.83782833567936,895,2.0,0.1346820741891861,400,189,29,25
961,29.83782833567936,895,2.0,0.3771834969520569,452,215,41,30
15,29.871166691361683,896,2.0,0.31865450739860535,1529,457,70,41
980,29.871166691361683,896,2.0,0.5255326628684998,481,510,84,75
997,29.871166691361683,896,2.0,0.5084506273269653,328,335,50,36
915,29.871166691361683,896,2.0,0.4844065010547638,559,854,153,161
1013,29.871166691361683,896,2.0,0.3625783324241638,287,431,64,55
1033,29.871166691361683,896,7.0,0.19327759742736816,1097,496,95,53
1056,29.871166691361683,896,2.0,0.32870954275131226,656,285,43,30
1062,29.871166691361683,896,7.0,0.15134796500205994,1204,585,179,104
961,29.871166691361683,896,2.0,0.2711416184902191,451,213,38,29
15,29.904505047044008,897,2.0,0.3461313247680664,1529,457,70,41
980,29.904505047044008,897,2.0,0.45013704895973206,486,518,82,74
997,29.904505047044008,897,2.0,0.5657886862754822,330,338,53,37
915,29.904505047044008,897,2.0,0.5156113505363464,566,857,147,126
1013,29.904505047044008,897,2.0,0.34322217106819153,289,436,63,57
1033,29.904505047044008,897,2.0,0.48426976799964905,1085,490,93,53
1056,29.904505047044008,897,2.0,0.45769646763801575,651,283,42,29
1062,29.904505047044008,897,2.0,0.15766973793506622,1181,576,170,101
961,29.904505047044008,897,2.0,0.41036784648895264,448,212,42,28
15,29.93784340272633,898,2.0,0.28840309381484985,1529,457,70,41
980,29.93784340272633,898,2.0,0.42092475295066833,492,526,86,75
997,29.93784340272633,898,2.0,0.4272557497024536,333,341,50,39
915,29.93784340272633,898,2.0,0.13539007306098938,575,874,137,121
1013,29.93784340272633,898,2.0,0.4033738374710083,295,441,72,58
1033,29.93784340272633,898,2.0,0.5104497671127319,1071,482,92,50
1056,29.93784340272633,898,2.0,0.21559225022792816,648,282,43,29
1062,29.93784340272633,898,5.0,0.11114319413900375,1163,565,165,100
961,29.93784340272633,898,2.0,0.24014563858509064,444,212,41,30
1085,29.93784340272633,898,5.0,0.628007173538208,1838,824,161,110
15,29.971181758408655,899,2.0,0.33080488443374634,1529,457,70,41
980,29.971181758408655,899,2.0,0.5338231921195984,499,534,89,78
997,29.971181758408655,899,2.0,0.48062342405319214,337,344,49,40
1013,29.971181758408655,899,2.0,0.6611509323120117,296,448,67,59
1033,29.971181758408655,899,2.0,0.36569643020629883,1058,476,90,51
1056,29.971181758408655,899,2.0,0.21109281480312347,644,281,41,28
1062,29.971181758408655,899,7.0,0.19715100526809692,1143,549,162,99
961,29.971181758408655,899,2.0,0.16567206382751465,442,211,39,30
1085,29.971181758408655,899,2.0,0.4381794035434723,1822,815,194,112
15,30.004520114090976,900,2.0,0.3221104145050049,1529,457,70,41
980,30.004520114090976,900,2.0,0.3708920478820801,505,541,89,79
997,30.004520114090976,900,2.0,0.6129085421562195,340,347,52,40
1013,30.004520114090976,900,2.0,0.40911775827407837,298,452,63,59
1033,30.004520114090976,900,2.0,0.3637256622314453,1045,471,89,50
1056,30.004520114090976,900,2.0,0.1568423956632614,642,279,40,28
1062,30.004520114090976,900,7.0,0.15217171609401703,1125,545,159,96
961,30.004520114090976,900,2.0,0.23221507668495178,439,210,38,30
1085,30.004520114090976,900,5.0,0.5913990139961243,1802,799,230,111
15,30.0378584697733,901,2.0,0.3623143136501312,1529,457,70,41
980,30.0378584697733,901,2.0,0.45304420590400696,514,550,91,81
997,30.0378584697733,901,2.0,0.4757527709007263,341,348,50,41
1013,30.0378584697733,901,2.0,0.4554755389690399,302,458,60,58
1033,30.0378584697733,901,2.0,0.48837724328041077,1032,465,83,46
1062,30.0378584697733,901,2.0,0.1224559098482132,1108,535,151,99
961,30.0378584697733,901,2.0,0.23185734450817108,438,210,37,30
1085,30.0378584697733,901,5.0,0.49095970392227173,1768,780,237,108
15,30.071196825455623,902,2.0,0.3827095031738281,1529,457,69,41
980,30.071196825455623,902,2.0,0.3734423816204071,521,558,90,82
997,30.071196825455623,902,2.0,0.5064691305160522,344,352,52,42
1013,30.071196825455623,902,2.0,0.414127916097641,306,464,62,59
1033,30.071196825455623,902,2.0,0.46899983286857605,1020,459,84,45
1062,30.071196825455623,902,2.0,0.11211644113063812,1087,521,140,79
961,30.071196825455623,902,2.0,0.3479095697402954,439,208,40,29
1085,30.071196825455623,902,2.0,0.6741654872894287,1729,762,233,104
1088,30.071196825455623,902,2.0,0.5498712658882141,1550,583,89,45
15,30.104535181137948,903,2.0,0.3620162606239319,1529,457,69,40
980,30.104535181137948,903,2.0,0.40826547145843506,527,565,90,78
997,30.104535181137948,903,2.0,0.41975924372673035,346,358,52,40
1013,30.104535181137948,903,2.0,0.4932011663913727,309,470,64,61
1033,30.104535181137948,903,2.0,0.4290485382080078,1007,454,85,45
1062,30.104535181137948,903,2.0,0.2230903059244156,1062,507,114,61
961,30.104535181137948,903,2.0,0.17338071763515472,436,208,37,30
1085,30.104535181137948,903,2.0,0.5671091675758362,1690,745,226,100
1088,30.104535181137948,903,2.0,0.6927542090415955,1556,581,87,45
15,30.13787353682027,904,2.0,0.3775312602519989,1529,457,69,40
980,30.13787353682027,904,2.0,0.48844730854034424,536,577,94,84
997,30.13787353682027,904,2.0,0.3984494209289551,350,362,55,42
1013,30.13787353682027,904,2.0,0.4998832046985626,314,474,64,64
1033,30.13787353682027,904,2.0,0.24292735755443573,995,449,80,45
1062,30.13787353682027,904,2.0,0.23856058716773987,1043,497,102,55
961,30.13787353682027,904,2.0,0.25279220938682556,434,207,35,28
1085,30.13787353682027,904,2.0,0.6479766368865967,1652,730,216,94
1088,30.13787353682027,904,2.0,0.5720921158790588,1560,582,89,45
15,30.171211892502594,905,2.0,0.39594316482543945,1529,457,69,40
980,30.171211892502594,905,2.0,0.33806923031806946,544,586,97,87
997,30.171211892502594,905,2.0,0.36232906579971313,353,365,55,45
1013,30.171211892502594,905,2.0,0.4921521842479706,318,482,63,62
1033,30.171211892502594,905,2.0,0.3501798212528229,984,444,77,44
1062,30.171211892502594,905,2.0,0.13006308674812317,1026,491,99,57
961,30.171211892502594,905,2.0,0.29615604877471924,434,206,41,27
1085,30.171211892502594,905,2.0,0.6086399555206299,1617,715,208,92
1088,30.171211892502594,905,2.0,0.6437539458274841,1564,579,88,50
15,30.204550248184916,906,2.0,0.3908097743988037,1529,457,69,41
980,30.204550248184916,906,2.0,0.5922442674636841,555,596,102,91
997,30.204550248184916,906,2.0,0.5250239968299866,356,368,56,47
1013,30.204550248184916,906,2.0,0.49175432324409485,319,488,66,65
1033,30.204550248184916,906,2.0,0.4676610231399536,973,439,76,44
1062,30.204550248184916,906,2.0,0.17923210561275482,1013,482,100,47
961,30.204550248184916,906,2.0,0.10916947573423386,432,205,40,29
1085,30.204550248184916,906,2.0,0.5956769585609436,1584,701,199,89
1088,30.204550248184916,906,2.0,0.6014607548713684,1567,578,88,51
15,30.23788860386724,907,2.0,0.3758176267147064,1529,457,69,41
980,30.23788860386724,907,2.0,0.47208118438720703,565,606,103,93
997,30.23788860386724,907,2.0,0.5246205925941467,359,370,55,49
1013,30.23788860386724,907,2.0,0.6258332133293152,321,493,69,69
1033,30.23788860386724,907,2.0,0.32319608330726624,962,434,77,43
1062,30.23788860386724,907,2.0,0.20510149002075195,998,474,96,51
961,30.23788860386724,907,2.0,0.19722451269626617,427,202,37,31
1085,30.23788860386724,907,2.0,0.7825024724006653,1553,689,192,85
1088,30.23788860386724,907,2.0,0.6014379262924194,1571,578,87,53
1056,30.23788860386724,907,2.0,0.32670488953590393,615,268,41,29
15,30.271226959549566,908,2.0,0.3840184211730957,1529,457,69,41
980,30.271226959549566,908,2.0,0.4432165324687958,573,618,104,95
997,30.271226959549566,908,2.0,0.5514319539070129,362,373,53,50
1013,30.271226959549566,908,2.0,0.5761551856994629,326,500,67,69
1033,30.271226959549566,908,2.0,0.37498512864112854,951,430,76,42
1062,30.271226959549566,908,2.0,0.10811545699834824,991,470,93,55
961,30.271226959549566,908,2.0,0.21878182888031006,424,201,36,31
1085,30.271226959549566,908,2.0,0.6532720923423767,1521,676,186,85
1088,30.271226959549566,908,2.0,0.661155641078949,1574,578,86,51
1056,30.271226959549566,908,2.0,0.3641391396522522,612,267,42,32
15,30.304565315231887,909,2.0,0.38600826263427734,1529,457,70,41
980,30.304565315231887,909,2.0,0.6675435304641724,583,628,107,98
997,30.304565315231887,909,2.0,0.55262291431427,365,377,54,49
1013,30.304565315231887,909,2.0,0.38022327423095703,331,507,69,70
1033,30.304565315231887,909,2.0,0.21084851026535034,940,426,74,44
1062,30.304565315231887,909,2.0,0.15302793681621552,977,462,95,49
961,30.304565315231887,909,2.0,0.19513145089149475,422,201,37,30
1085,30.304565315231887,909,2.0,0.8139892816543579,1492,663,177,84
1088,30.304565315231887,909,2.0,0.6679620742797852,1580,577,88,50
1056,30.304565315231887,909,2.0,0.4385871887207031,610,263,42,30
15,30.337903670914212,910,2.0,0.3845037817955017,1529,457,70,41
980,30.337903670914212,910,2.0,0.7483059763908386,594,639,114,100
997,30.337903670914212,910,2.0,0.4838229715824127,369,382,54,49
1013,30.337903670914212,910,2.0,0.34184959530830383,335,514,72,73
1033,30.337903670914212,910,2.0,0.25250300765037537,930,421,74,42
1062,30.337903670914212,910,2.0,0.15235599875450134,966,454,82,39
961,30.337903670914212,910,2.0,0.1689893752336502,420,200,35,29
1085,30.337903670914212,910,2.0,0.8062506914138794,1464,652,175,80
1088,30.337903670914212,910,2.0,0.6435235738754272,1583,576,87,49
1056,30.337903670914212,910,2.0,0.40820327401161194,605,261,38,29
15,30.371242026596533,911,2.0,0.35625022649765015,1529,457,70,42
980,30.371242026596533,911,2.0,0.4641135334968567,604,650,116,104
997,30.371242026596533,911,2.0,0.6355671286582947,374,387,57,50
1013,30.371242026596533,911,2.0,0.44545841217041016,340,520,73,76
1033,30.371242026596533,911,2.0,0.4040777087211609,920,417,71,43
1062,30.371242026596533,911,2.0,0.1377062052488327,952,450,87,43
961,30.371242026596533,911,2.0,0.2634655833244324,418,200,35,27
1085,30.371242026596533,911,2.0,0.6708604097366333,1436,639,162,78
1088,30.371242026596533,911,2.0,0.6797054409980774,1586,574,86,49
1056,30.371242026596533,911,2.0,0.48699456453323364,603,260,36,27
15,30.40458038227886,912,2.0,0.3584100902080536,1529,457,70,41
980,30.40458038227886,912,7.0,0.3835993707180023,614,663,116,106
997,30.40458038227886,912,2.0,0.6234908699989319,377,391,57,50
1013,30.40458038227886,912,2.0,0.5630440711975098,343,526,72,77
1033,30.40458038227886,912,2.0,0.3895220458507538,910,411,68,43
961,30.40458038227886,912,2.0,0.2617521584033966,417,199,36,28
1085,30.40458038227886,912,2.0,0.5100203156471252,1412,629,153,76
1088,30.40458038227886,912,2.0,0.6769084334373474,1590,572,87,47
1056,30.40458038227886,912,2.0,0.28734010457992554,599,258,39,27
1103,30.40458038227886,912,2.0,0.438664972782135,993,798,107,74
15,30.43791873796118,913,2.0,0.3401426076889038,1529,457,70,41
980,30.43791873796118,913,2.0,0.5037426352500916,625,675,118,109
997,30.43791873796118,913,2.0,0.42563366889953613,379,395,59,50
1013,30.43791873796118,913,2.0,0.5909484028816223,348,536,77,77
1033,30.43791873796118,913,2.0,0.17324858903884888,901,407,67,39
961,30.43791873796118,913,2.0,0.3518317639827728,417,198,39,28
1085,30.43791873796118,913,2.0,0.38408249616622925,1390,618,157,72
1088,30.43791873796118,913,2.0,0.5887727737426758,1595,571,88,45
1056,30.43791873796118,913,2.0,0.29933997988700867,595,257,38,26
1103,30.43791873796118,913,2.0,0.48970726132392883,999,796,131,76
1106,30.43791873796118,913,2.0,0.6508210301399231,1671,820,239,115
15,30.471257093643505,914,2.0,0.38400375843048096,1529,457,70,41
980,30.471257093643505,914,2.0,0.4594820737838745,637,689,122,114
997,30.471257093643505,914,2.0,0.5473598837852478,384,399,59,52
1013,30.471257093643505,914,2.0,0.4854174554347992,353,543,81,80
1033,30.471257093643505,914,2.0,0.17222486436367035,893,403,67,36
961,30.471257093643505,914,2.0,0.31703585386276245,414,197,37,28
1085,30.471257093643505,914,2.0,0.5547458529472351,1366,607,149,72
1088,30.471257093643505,914,2.0,0.6547071933746338,1599,570,87,46
1056,30.471257093643505,914,2.0,0.2648586928844452,592,256,36,24
1103,30.471257093643505,914,2.0,0.5621746182441711,997,795,134,76
1106,30.471257093643505,914,2.0,0.793726921081543,1636,804,234,114
15,30.504595449325826,915,2.0,0.3066026568412781,1529,457,70,42
980,30.504595449325826,915,2.0,0.4346829950809479,649,703,126,119
997,30.504595449325826,915,2.0,0.48137167096138,387,403,60,53
1013,30.504595449325826,915,2.0,0.2617081105709076,357,553,78,83
1033,30.504595449325826,915,2.0,0.23063534498214722,884,397,64,37
961,30.504595449325826,915,2.0,0.2545780837535858,413,197,35,26
1085,30.504595449325826,915,2.0,0.5519322752952576,1343,598,144,69
1088,30.504595449325826,915,2.0,0.6548132300376892,1604,569,89,44
1056,30.504595449325826,915,2.0,0.22802872955799103,590,254,37,26
1103,30.504595449325826,915,2.0,0.5591294765472412,1003,794,138,76
1106,30.504595449325826,915,2.0,0.8003328442573547,1596,785,230,110
15,30.53793380500815,916,2.0,0.20098845660686493,1529,457,72,42
980,30.53793380500815,916,7.0,0.5184128284454346,659,717,123,120
997,30.53793380500815,916,2.0,0.4459974765777588,392,408,65,54
1013,30.53793380500815,916,2.0,0.423289954662323,362,561,81,84
1033,30.53793380500815,916,2.0,0.22596541047096252,876,392,62,37
961,30.53793380500815,916,2.0,0.2660169303417206,411,195,34,27
1085,30.53793380500815,916,2.0,0.5470749139785767,1323,589,147,70
1088,30.53793380500815,916,2.0,0.6320502161979675,1606,567,87,43
1056,30.53793380500815,916,2.0,0.23061217367649078,588,253,39,26
1103,30.53793380500815,916,2.0,0.47443926334381104,1001,794,141,76
1106,30.53793380500815,916,2.0,0.6505725979804993,1559,767,226,107
15,30.571272160690473,917,2.0,0.22263064980506897,1529,458,73,42
980,30.571272160690473,917,2.0,0.4463723599910736,674,733,127,126
997,30.571272160690473,917,2.0,0.5620933771133423,396,413,67,53
1013,30.571272160690473,917,2.0,0.5366541743278503,368,570,83,84
1033,30.571272160690473,917,2.0,0.13081040978431702,867,388,65,35
961,30.571272160690473,917,2.0,0.14550942182540894,407,194,35,27
1085,30.571272160690473,917,2.0,0.26611655950546265,1298,579,138,66
1088,30.571272160690473,917,2.0,0.6039660573005676,1610,566,84,45
1056,30.571272160690473,917,2.0,0.15085241198539734,585,252,38,26
1103,30.571272160690473,917,2.0,0.44359758496284485,1012,793,155,78
1106,30.571272160690473,917,2.0,0.8223791122436523,1521,748,214,108
15,30.604610516372798,918,2.0,0.19064484536647797,1528,458,73,42
980,30.604610516372798,918,2.0,0.4229137599468231,690,749,133,131
997,30.604610516372798,918,2.0,0.4578074812889099,400,418,66,54
1013,30.604610516372798,918,2.0,0.4746720790863037,373,579,83,89
1033,30.604610516372798,918,2.0,0.3956592082977295,859,385,64,35
1085,30.604610516372798,918,2.0,0.4479071795940399,1277,569,131,64
1088,30.604610516372798,918,2.0,0.580352783203125,1615,564,85,44
1056,30.604610516372798,918,2.0,0.1783670037984848,583,252,36,25
1103,30.604610516372798,918,2.0,0.3797415494918823,1021,792,166,78
1106,30.604610516372798,918,2.0,0.6975336670875549,1491,731,216,102
1115,30.604610516372798,918,2.0,0.357409805059433,196,236,36,28
15,30.63794887205512,919,2.0,0.19898250699043274,1528,458,73,42
980,30.63794887205512,919,7.0,0.5043229460716248,703,766,135,136
997,30.63794887205512,919,2.0,0.5082816481590271,403,423,68,55
1013,30.63794887205512,919,7.0,0.11756016314029694,376,587,86,86
1033,30.63794887205512,919,2.0,0.3932839632034302,852,383,63,35
1085,30.63794887205512,919,2.0,0.5951171517372131,1258,561,130,63
1088,30.63794887205512,919,2.0,0.5742238759994507,1618,562,84,43
1103,30.63794887205512,919,2.0,0.35271304845809937,1016,792,167,79
1106,30.63794887205512,919,2.0,0.6836152672767639,1454,716,202,95
1115,30.63794887205512,919,2.0,0.3195822238922119,198,239,41,28
15,30.671287227737444,920,2.0,0.21272288262844086,1529,458,72,42
980,30.671287227737444,920,7.0,0.38668426871299744,721,784,145,142
997,30.671287227737444,920,2.0,0.5333357453346252,408,430,67,55
1013,30.671287227737444,920,2.0,0.46650639176368713,384,598,90,90
1033,30.671287227737444,920,2.0,0.21524424850940704,845,382,67,35
1085,30.671287227737444,920,2.0,0.47498953342437744,1242,553,127,62
1088,30.671287227737444,920,2.0,0.5985260009765625,1622,560,84,45
1103,30.671287227737444,920,2.0,0.325431764125824,1024,792,184,86
1106,30.671287227737444,920,2.0,0.6866604685783386,1420,702,184,91
15,30.704625583419766,921,2.0,0.19472317397594452,1529,458,72,41
980,30.704625583419766,921,7.0,0.44869357347488403,736,802,149,146
997,30.704625583419766,921,2.0,0.5105360746383667,411,434,64,56
1013,30.704625583419766,921,2.0,0.506803572177887,389,608,92,93
1033,30.704625583419766,921,7.0,0.15774409472942352,838,380,70,38
1085,30.704625583419766,921,2.0,0.44801607728004456,1224,547,125,60
1088,30.704625583419766,921,2.0,0.6345019340515137,1626,558,84,45
1103,30.704625583419766,921,2.0,0.4557286500930786,1029,791,191,93
1106,30.704625583419766,921,2.0,0.4827086925506592,1391,687,182,88
15,30.73796393910209,922,2.0,0.21339350938796997,1529,457,72,41
980,30.73796393910209,922,7.0,0.46986305713653564,752,821,150,150
997,30.73796393910209,922,2.0,0.46750080585479736,415,440,61,56
1013,30.73796393910209,922,2.0,0.6038292050361633,395,619,95,95
1033,30.73796393910209,922,7.0,0.11861961334943771,829,372,63,37
1085,30.73796393910209,922,2.0,0.5184854865074158,1205,537,119,61
1088,30.73796393910209,922,2.0,0.7138632535934448,1629,557,84,46
1103,30.73796393910209,922,2.0,0.46161919832229614,1035,786,197,102
1106,30.73796393910209,922,2.0,0.6230151653289795,1363,673,177,86
1056,30.73796393910209,922,2.0,0.3654159903526306,569,247,37,28
15,30.771302294784412,923,2.0,0.23837803304195404,1529,458,72,41
980,30.771302294784412,923,2.0,0.2596796452999115,769,839,149,150
997,30.771302294784412,923,2.0,0.4981050491333008,420,446,66,57
1013,30.771302294784412,923,2.0,0.6575242877006531,401,629,96,99
1033,30.771302294784412,923,7.0,0.17997516691684723,821,368,67,37
1085,30.771302294784412,923,2.0,0.42540428042411804,1188,530,117,58
1088,30.771302294784412,923,2.0,0.7124999165534973,1633,555,83,47
1103,30.771302294784412,923,2.0,0.3547421097755432,1041,783,197,99
1106,30.771302294784412,923,2.0,0.6428280472755432,1337,661,172,82
1056,30.771302294784412,923,2.0,0.41354817152023315,564,246,35,27
15,30.804640650466737,924,2.0,0.22707627713680267,1529,457,72,41
980,30.804640650466737,924,7.0,0.13760317862033844,785,859,151,149
997,30.804640650466737,924,2.0,0.4537941515445709,428,452,69,58
1013,30.804640650466737,924,2.0,0.5169105529785156,409,641,99,102
1085,30.804640650466737,924,2.0,0.47440239787101746,1174,523,116,56
1088,30.804640650466737,924,2.0,0.744113564491272,1636,554,83,47
1103,30.804640650466737,924,2.0,0.4779129922389984,1049,779,203,100
1106,30.804640650466737,924,2.0,0.6664887070655823,1314,650,169,78
1056,30.804640650466737,924,2.0,0.37723299860954285,562,245,36,27
15,30.83797900614906,925,2.0,0.24090762436389923,1529,457,72,40
980,30.83797900614906,925,7.0,0.14266584813594818,803,868,154,127
997,30.83797900614906,925,2.0,0.5978438258171082,431,457,66,58
1013,30.83797900614906,925,2.0,0.4138479232788086,416,652,101,103
1085,30.83797900614906,925,2.0,0.3668566048145294,1156,516,109,56
1088,30.83797900614906,925,2.0,0.6628992557525635,1640,553,82,47
1103,30.83797900614906,925,2.0,0.3789655268192291,1057,775,202,101
1106,30.83797900614906,925,2.0,0.47782137989997864,1287,636,163,76
1056,30.83797900614906,925,2.0,0.334121435880661,559,241,35,26
15,30.871317361831384,926,2.0,0.2481110543012619,1529,457,72,40
997,30.871317361831384,926,2.0,0.604952871799469,435,462,66,59
1013,30.871317361831384,926,2.0,0.42543524503707886,423,664,103,107
1085,30.871317361831384,926,2.0,0.6168481707572937,1140,509,107,54
1088,30.871317361831384,926,2.0,0.6128299832344055,1642,551,79,45
1103,30.871317361831384,926,2.0,0.44649991393089294,1061,774,206,100
1106,30.871317361831384,926,2.0,0.4752002954483032,1265,624,163,73
1056,30.871317361831384,926,2.0,0.3199840486049652,557,241,32,28
15,30.904655717513705,927,2.0,0.2843739092350006,1529,457,72,41
997,30.904655717513705,927,2.0,0.6234205365180969,439,470,67,61
1013,30.904655717513705,927,2.0,0.41777780652046204,430,676,105,110
1085,30.904655717513705,927,2.0,0.6246437430381775,1124,503,108,53
1088,30.904655717513705,927,2.0,0.6726344227790833,1646,549,78,44
1103,30.904655717513705,927,2.0,0.703681468963623,1070,772,201,100
1106,30.904655717513705,927,2.0,0.6208180785179138,1238,613,147,74
1056,30.904655717513705,927,2.0,0.271653413772583,554,239,31,26
1115,30.904655717513705,927,2.0,0.35298678278923035,205,252,47,28
15,30.93799407319603,928,2.0,0.26648178696632385,1529,458,72,42
997,30.93799407319603,928,2.0,0.574124276638031,446,475,71,62
1013,30.93799407319603,928,2.0,0.6513091325759888,438,689,108,112
1085,30.93799407319603,928,2.0,0.4611091911792755,1108,497,102,50
1088,30.93799407319603,928,2.0,0.7174577116966248,1649,548,79,43
1103,30.93799407319603,928,2.0,0.7325514554977417,1078,771,195,97
1106,30.93799407319603,928,2.0,0.6128273010253906,1216,602,145,69
1056,30.93799407319603,928,2.0,0.10772296786308289,552,238,31,27
1115,30.93799407319603,928,2.0,0.23411838710308075,204,254,45,27
15,30.971332428878352,929,2.0,0.2817615270614624,1529,457,72,41
997,30.971332428878352,929,2.0,0.5859854817390442,452,481,71,64
1013,30.971332428878352,929,2.0,0.6020782589912415,448,702,113,117
1085,30.971332428878352,929,2.0,0.41365665197372437,1096,489,97,51
1088,30.971332428878352,929,2.0,0.6596006751060486,1654,548,80,41
1103,30.971332428878352,929,2.0,0.7167376279830933,1081,768,193,95
1106,30.971332428878352,929,2.0,0.5072195529937744,1195,592,139,67
1056,30.971332428878352,929,2.0,0.13787049055099487,549,236,33,27
1115,30.971332428878352,929,2.0,0.16774550080299377,205,254,43,28
15,31.004670784560677,930,2.0,0.2950509488582611,1529,457,72,40
997,31.004670784560677,930,2.0,0.44355565309524536,458,488,73,64
1013,31.004670784560677,930,2.0,0.6298764944076538,456,717,116,119
1085,31.004670784560677,930,2.0,0.4958099126815796,1082,483,100,50
1088,31.004670784560677,930,2.0,0.7018907070159912,1657,547,80,41
1103,31.004670784560677,930,2.0,0.669579267501831,1086,765,191,94
1106,31.004670784560677,930,2.0,0.5629793405532837,1177,582,137,66
1115,31.004670784560677,930,2.0,0.20053061842918396,205,255,44,28
15,31.038009140243,931,2.0,0.30427196621894836,1530,457,72,40
997,31.038009140243,931,2.0,0.6461176872253418,463,495,74,66
1013,31.038009140243,931,2.0,0.6377310752868652,465,732,118,124
1085,31.038009140243,931,2.0,0.7092589139938354,1068,477,96,50
1088,31.038009140243,931,2.0,0.6601296067237854,1659,545,79,40
1103,31.038009140243,931,2.0,0.346072793006897,1095,762,193,94
1106,31.038009140243,931,2.0,0.566136360168457,1155,571,132,67
15,31.071347495925323,932,2.0,0.31719881296157837,1530,457,71,40
997,31.071347495925323,932,2.0,0.41515398025512695,470,501,77,68
1013,31.071347495925323,932,2.0,0.5008761882781982,475,748,122,128
1085,31.071347495925323,932,2.0,0.6329023241996765,1055,471,95,50
1088,31.071347495925323,932,2.0,0.5700281858444214,1663,543,81,41
1103,31.071347495925323,932,2.0,0.655422568321228,1101,758,183,93
1106,31.071347495925323,932,2.0,0.5257749557495117,1140,563,137,67
15,31.104685851607645,933,2.0,0.3075549900531769,1530,457,71,40
997,31.104685851607645,933,2.0,0.371704638004303,477,508,77,70
1013,31.104685851607645,933,2.0,0.6960095763206482,485,763,127,133
1085,31.104685851607645,933,2.0,0.5894731283187866,1044,465,97,50
1088,31.104685851607645,933,2.0,0.5322828888893127,1667,540,79,42
1103,31.104685851607645,933,2.0,0.5783165097236633,1106,755,176,93
1106,31.104685851607645,933,2.0,0.48231080174446106,1125,555,139,64
1145,31.104685851607645,933,5.0,0.5140711069107056,1844,823,149,104
15,31.13802420728997,934,2.0,0.29716870188713074,1530,457,71,40
997,31.13802420728997,934,2.0,0.5861825942993164,483,515,79,72
1013,31.13802420728997,934,2.0,0.5148558020591736,496,781,129,138
1085,31.13802420728997,934,2.0,0.5932921767234802,1031,460,91,48
1088,31.13802420728997,934,2.0,0.5015208721160889,1670,540,76,41
1103,31.13802420728997,934,2.0,0.7195447683334351,1110,754,170,89
1106,31.13802420728997,934,2.0,0.6237205266952515,1102,547,122,61
1145,31.13802420728997,934,2.0,0.6454792022705078,1827,815,183,111
15,31.171362562972295,935,2.0,0.32637059688568115,1530,457,71,40
997,31.171362562972295,935,2.0,0.5019474029541016,488,521,81,72
1013,31.171362562972295,935,2.0,0.44859519600868225,506,800,133,142
1085,31.171362562972295,935,2.0,0.6509350538253784,1017,454,89,47
1088,31.171362562972295,935,2.0,0.5608371496200562,1674,539,78,40
1103,31.171362562972295,935,2.0,0.6907783150672913,1114,752,162,87
1106,31.171362562972295,935,2.0,0.4825972616672516,1087,537,122,61
1145,31.171362562972295,935,2.0,0.7526754140853882,1808,798,219,111
15,31.204700918654616,936,2.0,0.38006147742271423,1530,457,71,40
997,31.204700918654616,936,2.0,0.5360807180404663,494,529,84,74
1013,31.204700918654616,936,2.0,0.5375753045082092,517,818,139,146
1085,31.204700918654616,936,2.0,0.6360558271408081,1005,449,87,46
1088,31.204700918654616,936,2.0,0.5602629780769348,1678,539,80,40
1103,31.204700918654616,936,2.0,0.6825714707374573,1119,752,155,84
1106,31.204700918654616,936,2.0,0.5669281482696533,1074,530,126,59
1145,31.204700918654616,936,2.0,0.722461998462677,1776,781,226,108
1152,31.204700918654616,936,2.0,0.5114447474479675,736,348,78,55
15,31.23803927433694,937,2.0,0.35883912444114685,1530,457,71,39
997,31.23803927433694,937,2.0,0.5825079679489136,502,537,90,76
1013,31.23803927433694,937,2.0,0.497905969619751,529,838,142,152
1085,31.23803927433694,937,2.0,0.6154777407646179,993,444,87,46
1088,31.23803927433694,937,2.0,0.7151307463645935,1682,536,78,41
1103,31.23803927433694,937,2.0,0.7057101726531982,1122,750,148,81
1106,31.23803927433694,937,2.0,0.6051071882247925,1056,522,121,57
1145,31.23803927433694,937,2.0,0.8036229610443115,1740,766,225,103
1152,31.23803927433694,937,2.0,0.322917640209198,729,351,77,49
15,31.271377630019263,938,2.0,0.3406633734703064,1530,457,71,39
997,31.271377630019263,938,2.0,0.5551104545593262,508,546,87,78
1013,31.271377630019263,938,2.0,0.689513087272644,542,857,147,155
1085,31.271377630019263,938,2.0,0.5706341862678528,984,439,89,45
1088,31.271377630019263,938,2.0,0.6444124579429626,1685,534,80,42
1103,31.271377630019263,938,2.0,0.7298707962036133,1126,747,143,82
1106,31.271377630019263,938,2.0,0.6290180683135986,1042,514,119,56
1145,31.271377630019263,938,2.0,0.8062902092933655,1705,750,219,101
1152,31.271377630019263,938,2.0,0.3872804343700409,722,346,74,57
15,31.304715985701588,939,2.0,0.2834765911102295,1530,457,71,39
997,31.304715985701588,939,2.0,0.337898313999176,517,555,90,80
1085,31.304715985701588,939,2.0,0.5894265174865723,972,435,83,44
1088,31.304715985701588,939,2.0,0.5473492741584778,1688,533,83,42
1103,31.304715985701588,939,2.0,0.48368796706199646,1133,746,141,80
1106,31.304715985701588,939,2.0,0.5002174377441406,1027,507,113,54
1145,31.304715985701588,939,2.0,0.7019521594047546,1671,734,210,95
1152,31.304715985701588,939,7.0,0.30566656589508057,716,343,73,59
15,31.33805434138391,940,2.0,0.31036707758903503,1530,457,71,39
997,31.33805434138391,940,2.0,0.40724220871925354,525,564,93,80
1085,31.33805434138391,940,2.0,0.37568679451942444,964,430,75,46
1088,31.33805434138391,940,2.0,0.6356117129325867,1691,532,81,43
1103,31.33805434138391,940,2.0,0.43205708265304565,1136,745,138,77
1106,31.33805434138391,940,2.0,0.5590624809265137,1011,501,103,51
1145,31.33805434138391,940,2.0,0.7924873232841492,1639,720,204,93
1152,31.33805434138391,940,2.0,0.5744544863700867,709,342,71,56
15,31.371392697066234,941,2.0,0.2731782793998718,1529,457,71,40
997,31.371392697066234,941,2.0,0.617996335029602,534,573,94,83
1085,31.371392697066234,941,2.0,0.38334009051322937,953,426,80,44
1088,31.371392697066234,941,2.0,0.46151041984558105,1693,532,80,43
1103,31.371392697066234,941,2.0,0.49162015318870544,1141,742,135,74
1106,31.371392697066234,941,2.0,0.6849427223205566,997,493,97,51
1145,31.371392697066234,941,2.0,0.8047527074813843,1605,708,193,89
1152,31.371392697066234,941,2.0,0.5253079533576965,703,338,70,57
15,31.404731052748556,942,2.0,0.24472258985042572,1529,457,71,40
997,31.404731052748556,942,2.0,0.45911380648612976,540,582,96,86
1085,31.404731052748556,942,2.0,0.2869186997413635,941,422,78,45
1088,31.404731052748556,942,2.0,0.49279600381851196,1697,530,79,42
1103,31.404731052748556,942,2.0,0.4942507743835449,1145,741,127,72
1106,31.404731052748556,942,2.0,0.6141189932823181,982,485,95,52
1145,31.404731052748556,942,2.0,0.7560771703720093,1574,694,190,86
1152,31.404731052748556,942,2.0,0.461317777633667,696,334,69,56
961,31.404731052748556,942,2.0,0.42891934514045715,361,168,39,32
15,31.43806940843088,943,2.0,0.2744455337524414,1529,457,72,41
997,31.43806940843088,943,2.0,0.36211517453193665,552,592,106,88
1085,31.43806940843088,943,2.0,0.4498268663883209,930,417,83,45
1088,31.43806940843088,943,2.0,0.4314514994621277,1702,529,81,42
1103,31.43806940843088,943,2.0,0.5514928102493286,1149,741,122,71
1106,31.43806940843088,943,2.0,0.4766816794872284,971,478,91,55
1145,31.43806940843088,943,2.0,0.7459026575088501,1546,682,185,86
1152,31.43806940843088,943,2.0,0.5055404305458069,690,330,70,54
961,31.43806940843088,943,2.0,0.3728207051753998,357,166,45,30
15,31.471407764113202,944,2.0,0.25933367013931274,1530,457,72,41
997,31.471407764113202,944,2.0,0.48886600136756897,558,602,102,90
1085,31.471407764113202,944,2.0,0.5302398204803467,920,412,79,44
1088,31.471407764113202,944,2.0,0.4849384129047394,1707,527,76,42
1103,31.471407764113202,944,2.0,0.5888589024543762,1152,738,118,72
1106,31.471407764113202,944,2.0,0.5601598620414734,958,471,88,52
1145,31.471407764113202,944,2.0,0.7768845558166504,1519,670,181,84
1152,31.471407764113202,944,2.0,0.5776345133781433,685,326,69,55
961,31.471407764113202,944,2.0,0.38916540145874023,354,165,50,30
1169,31.471407764113202,944,2.0,0.3649079501628876,348,162,67,33
15,31.504746119795527,945,2.0,0.25165364146232605,1530,457,72,41
997,31.504746119795527,945,2.0,0.3894338309764862,568,612,104,92
1085,31.504746119795527,945,2.0,0.4152396321296692,912,408,79,43
1088,31.504746119795527,945,2.0,0.4541170299053192,1710,524,77,42
1103,31.504746119795527,945,2.0,0.5360261797904968,1154,737,111,70
1106,31.504746119795527,945,2.0,0.5067144632339478,947,466,95,51
1145,31.504746119795527,945,2.0,0.7491087317466736,1491,659,170,81
1152,31.504746119795527,945,2.0,0.4602886736392975,678,323,72,53
961,31.504746119795527,945,2.0,0.2472974956035614,356,165,43,32
1169,31.504746119795527,945,2.0,0.2589224576950073,346,163,67,36
1170,31.504746119795527,945,2.0,0.8232095837593079,1697,824,233,118
15,31.53808447547785,946,2.0,0.2502186596393585,1530,457,72,41
997,31.53808447547785,946,2.0,0.5481852889060974,576,622,102,95
1085,31.53808447547785,946,2.0,0.31955793499946594,902,403,75,40
1088,31.53808447547785,946,2.0,0.38678810000419617,1712,523,77,40
1103,31.53808447547785,946,2.0,0.47846290469169617,1156,736,106,68
1106,31.53808447547785,946,2.0,0.4897434413433075,931,460,89,52
1145,31.53808447547785,946,2.0,0.7179260849952698,1466,649,165,78
1152,31.53808447547785,946,2.0,0.560390830039978,672,320,72,54
961,31.53808447547785,946,2.0,0.27086105942726135,356,163,40,31
1169,31.53808447547785,946,2.0,0.11704055964946747,337,162,53,37
1170,31.53808447547785,946,2.0,0.8312523365020752,1667,809,244,122
15,31.571422831160174,947,2.0,0.21913836896419525,1530,457,72,41
997,31.571422831160174,947,2.0,0.5304147005081177,586,633,107,97
1085,31.571422831160174,947,2.0,0.2580353915691376,893,398,76,40
1088,31.571422831160174,947,2.0,0.47768738865852356,1715,522,75,40
1103,31.571422831160174,947,2.0,0.4939027428627014,1158,735,98,66
1106,31.571422831160174,947,2.0,0.5350415110588074,920,454,88,50
1145,31.571422831160174,947,2.0,0.7158913016319275,1443,637,163,78
1152,31.571422831160174,947,2.0,0.6391718983650208,668,318,71,54
961,31.571422831160174,947,2.0,0.3166995942592621,354,162,41,28
1169,31.571422831160174,947,2.0,0.14841721951961517,336,160,53,34
1170,31.571422831160174,947,2.0,0.8487874269485474,1626,791,238,120
15,31.604761186842495,948,2.0,0.24674402177333832,1530,457,72,41
997,31.604761186842495,948,2.0,0.6872673034667969,595,646,110,101
1085,31.604761186842495,948,2.0,0.48402994871139526,883,394,75,38
1088,31.604761186842495,948,2.0,0.46909940242767334,1720,521,78,39
1103,31.604761186842495,948,2.0,0.5371673107147217,1160,734,88,60
1106,31.604761186842495,948,2.0,0.6369280219078064,910,447,90,49
1145,31.604761186842495,948,2.0,0.7447720170021057,1420,627,157,77
1152,31.604761186842495,948,2.0,0.5237167477607727,664,316,72,53
961,31.604761186842495,948,2.0,0.27008727192878723,350,161,41,27
1169,31.604761186842495,948,2.0,0.1091686338186264,336,159,54,33
1170,31.604761186842495,948,2.0,0.8461193442344666,1587,772,232,115
15,31.63809954252482,949,2.0,0.2803865671157837,1530,457,72,41
997,31.63809954252482,949,2.0,0.4643230140209198,608,657,113,104
1085,31.63809954252482,949,2.0,0.4833328425884247,874,391,73,38
1088,31.63809954252482,949,2.0,0.5347354412078857,1723,521,81,39
1103,31.63809954252482,949,2.0,0.2874327003955841,1162,734,80,55
1106,31.63809954252482,949,2.0,0.6465282440185547,902,443,91,47
1145,31.63809954252482,949,2.0,0.6541941165924072,1396,617,152,74
1152,31.63809954252482,949,2.0,0.5386730432510376,658,314,72,53
961,31.63809954252482,949,2.0,0.2471073865890503,350,161,34,28
1169,31.63809954252482,949,2.0,0.11585497111082077,333,160,51,35
1170,31.63809954252482,949,2.0,0.8489128351211548,1543,752,214,112
15,31.67143789820714,950,2.0,0.27326253056526184,1530,457,72,41
997,31.67143789820714,950,2.0,0.6164664626121521,617,670,113,106
1085,31.67143789820714,950,2.0,0.4970424771308899,866,386,71,37
1088,31.67143789820714,950,2.0,0.5647488832473755,1726,520,81,37
1106,31.67143789820714,950,2.0,0.6344907283782959,890,440,84,47
1145,31.67143789820714,950,2.0,0.7307824492454529,1373,607,145,73
1152,31.67143789820714,950,2.0,0.4206634759902954,651,311,71,52
961,31.67143789820714,950,2.0,0.15486367046833038,351,161,27,26
1170,31.67143789820714,950,2.0,0.8458570241928101,1508,738,206,106
15,31.704776253889467,951,2.0,0.254763662815094,1530,457,72,41
997,31.704776253889467,951,2.0,0.4132213890552521,631,684,121,110
1085,31.704776253889467,951,2.0,0.40180355310440063,858,383,66,37
1088,31.704776253889467,951,2.0,0.47714826464653015,1727,519,73,36
1106,31.704776253889467,951,2.0,0.47391754388809204,880,434,88,49
1145,31.704776253889467,951,2.0,0.711573600769043,1353,598,143,70
1152,31.704776253889467,951,2.0,0.5621628761291504,648,307,70,49
961,31.704776253889467,951,2.0,0.1736690253019333,349,161,27,26
1170,31.704776253889467,951,2.0,0.7258025407791138,1475,721,203,103
15,31.738114609571788,952,2.0,0.26190200448036194,1530,457,72,41
997,31.738114609571788,952,2.0,0.4911905825138092,643,697,125,113
1085,31.738114609571788,952,2.0,0.227574422955513,852,382,71,33
1088,31.738114609571788,952,2.0,0.5203882455825806,1733,517,76,40
1106,31.738114609571788,952,2.0,0.5993711352348328,868,429,84,50
1145,31.738114609571788,952,2.0,0.6607939004898071,1331,589,142,70
1152,31.738114609571788,952,2.0,0.5655965805053711,643,305,71,49
961,31.738114609571788,952,2.0,0.1618099808692932,346,161,31,25
1170,31.738114609571788,952,2.0,0.8578500151634216,1442,707,191,97
15,31.771452965254113,953,2.0,0.3038746118545532,1530,457,72,41
997,31.771452965254113,953,2.0,0.39026162028312683,654,711,125,118
1085,31.771452965254113,953,2.0,0.22832481563091278,848,380,66,33
1088,31.771452965254113,953,2.0,0.4905911982059479,1736,516,77,41
1106,31.771452965254113,953,2.0,0.5726189613342285,858,424,83,47
1145,31.771452965254113,953,2.0,0.5185209512710571,1312,580,139,67
1152,31.771452965254113,953,2.0,0.5177549719810486,640,301,74,49
1170,31.771452965254113,953,2.0,0.7925633788108826,1410,691,179,96
1174,31.771452965254113,953,2.0,0.43053966760635376,222,304,43,30
15,31.804791320936435,954,2.0,0.29959243535995483,1530,457,72,41
997,31.804791320936435,954,2.0,0.4795372188091278,666,725,124,123
1085,31.804791320936435,954,2.0,0.4028717279434204,837,374,65,36
1088,31.804791320936435,954,2.0,0.5043932199478149,1738,513,76,42
1106,31.804791320936435,954,2.0,0.3903943598270416,849,419,85,46
1145,31.804791320936435,954,2.0,0.6352598071098328,1290,571,128,65
1152,31.804791320936435,954,2.0,0.5160955786705017,634,301,71,47
1170,31.804791320936435,954,2.0,0.7566002011299133,1385,677,181,95
1174,31.804791320936435,954,2.0,0.2649485766887665,221,306,41,32
15,31.83812967661876,955,2.0,0.3035089671611786,1530,457,72,41
997,31.83812967661876,955,2.0,0.5949231386184692,682,741,132,125
1085,31.83812967661876,955,2.0,0.3256547749042511,829,369,63,38
1088,31.83812967661876,955,2.0,0.6603424549102783,1741,511,75,44
1106,31.83812967661876,955,2.0,0.5102369785308838,840,414,75,45
1145,31.83812967661876,955,2.0,0.5821085572242737,1271,563,122,63
1152,31.83812967661876,955,2.0,0.5001895427703857,631,299,74,46
1170,31.83812967661876,955,2.0,0.8355632424354553,1355,663,173,94
1174,31.83812967661876,955,2.0,0.4815007448196411,223,309,43,34
15,31.87146803230108,956,2.0,0.3349575102329254,1530,457,72,41
997,31.87146803230108,956,2.0,0.6055393815040588,696,757,135,131
1085,31.87146803230108,956,2.0,0.42475074529647827,820,365,63,36
1088,31.87146803230108,956,2.0,0.707199215888977,1744,509,75,44
1106,31.87146803230108,956,2.0,0.5647591948509216,829,410,75,45
1145,31.87146803230108,956,2.0,0.7002462148666382,1254,556,127,61
1152,31.87146803230108,956,2.0,0.5815706849098206,625,296,75,47
1170,31.87146803230108,956,2.0,0.8442321419715881,1330,653,167,86
1174,31.87146803230108,956,2.0,0.4216423034667969,226,312,43,34
15,31.904806387983406,957,2.0,0.3118974268436432,1530,457,72,41
997,31.904806387983406,957,2.0,0.4446646273136139,713,775,145,136
1085,31.904806387983406,957,2.0,0.4781259596347809,812,362,64,36
1088,31.904806387983406,957,2.0,0.6454137563705444,1747,509,76,44
1106,31.904806387983406,957,2.0,0.6329522132873535,820,405,75,43
1145,31.904806387983406,957,2.0,0.6598723530769348,1238,549,123,61
1152,31.904806387983406,957,2.0,0.5004913806915283,622,296,74,48
1170,31.904806387983406,957,2.0,0.7018573880195618,1304,640,163,87
1174,31.904806387983406,957,2.0,0.4326153099536896,228,316,42,33
15,31.938144743665728,958,2.0,0.32220911979675293,1530,457,72,41
997,31.938144743665728,958,7.0,0.3915795087814331,728,793,145,139
1085,31.938144743665728,958,2.0,0.4452379047870636,806,359,62,35
1088,31.938144743665728,958,2.0,0.6481989026069641,1750,508,76,44
1106,31.938144743665728,958,2.0,0.57822185754776,817,402,79,40
1145,31.938144743665728,958,2.0,0.6316704154014587,1221,541,117,60
1152,31.938144743665728,958,2.0,0.48686760663986206,619,295,75,47
1170,31.938144743665728,958,2.0,0.7024848461151123,1278,629,154,80
1174,31.938144743665728,958,2.0,0.16135379672050476,236,318,58,37
15,31.971483099348053,959,2.0,0.3234168291091919,1530,457,72,41
997,31.971483099348053,959,7.0,0.4107569456100464,743,813,145,145
1085,31.971483099348053,959,2.0,0.3944113850593567,800,356,60,34
1088,31.971483099348053,959,2.0,0.6961858868598938,1752,508,74,43
1106,31.971483099348053,959,2.0,0.29505494236946106,808,397,68,40
1145,31.971483099348053,959,2.0,0.5980786085128784,1203,534,110,59
1152,31.971483099348053,959,2.0,0.49763375520706177,615,291,75,45
1170,31.971483099348053,959,2.0,0.7073894739151001,1255,619,144,78
1174,31.971483099348053,959,2.0,0.24785245954990387,236,321,54,35
15,32.004821455030374,960,2.0,0.31918808817863464,1530,457,72,41
997,32.004821455030374,960,2.0,0.3545803427696228,761,832,153,151
1085,32.004821455030374,960,2.0,0.2214876264333725,792,356,61,38
1088,32.004821455030374,960,2.0,0.6446846127510071,1755,506,74,42
1106,32.004821455030374,960,2.0,0.3987957537174225,799,393,61,37
1145,32.004821455030374,960,2.0,0.6626792550086975,1190,528,112,58
1152,32.004821455030374,960,2.0,0.5076225996017456,611,288,70,40
1170,32.004821455030374,960,2.0,0.7723590135574341,1233,606,142,78
1174,32.004821455030374,960,2.0,0.5251821279525757,235,324,52,33
1184,32.004821455030374,960,2.0,0.3989098370075226,994,798,127,74
15,32.0381598107127,961,2.0,0.34813639521598816,1530,457,72,41
997,32.0381598107127,961,2.0,0.14880840480327606,780,851,157,152
1085,32.0381598107127,961,2.0,0.11282823979854584,784,351,66,39
1088,32.0381598107127,961,2.0,0.7049609422683716,1758,505,75,42
1106,32.0381598107127,961,2.0,0.16651201248168945,786,389,67,43
1145,32.0381598107127,961,2.0,0.6450974345207214,1173,520,111,56
1152,32.0381598107127,961,2.0,0.42841836810112,608,286,73,40
1170,32.0381598107127,961,2.0,0.728156566619873,1212,597,140,74
1174,32.0381598107127,961,2.0,0.5792686343193054,234,327,47,32
1184,32.0381598107127,961,2.0,0.308552086353302,998,798,140,75
15,32.071498166395024,962,2.0,0.3239184617996216,1530,457,72,40
1085,32.071498166395024,962,2.0,0.2231508195400238,778,347,63,37
1088,32.071498166395024,962,2.0,0.7382896542549133,1762,504,72,42
1106,32.071498166395024,962,2.0,0.34416377544403076,778,384,68,43
1145,32.071498166395024,962,2.0,0.566074013710022,1157,513,104,56
1152,32.071498166395024,962,2.0,0.5426971316337585,603,285,73,42
1170,32.071498166395024,962,2.0,0.5393877029418945,1192,587,138,74
1174,32.071498166395024,962,2.0,0.5116791725158691,233,329,45,32
1184,32.071498166395024,962,2.0,0.27839910984039307,1003,798,147,72
15,32.10483652207735,963,2.0,0.34176376461982727,1530,457,72,40
1085,32.10483652207735,963,2.0,0.2943999767303467,770,344,63,37
1088,32.10483652207735,963,2.0,0.7235518097877502,1765,504,71,43
1106,32.10483652207735,963,2.0,0.20364457368850708,771,381,70,42
1145,32.10483652207735,963,2.0,0.5730235576629639,1143,507,101,55
1152,32.10483652207735,963,2.0,0.49630579352378845,600,283,74,42
1170,32.10483652207735,963,2.0,0.4509170353412628,1175,577,136,71
1174,32.10483652207735,963,2.0,0.5711647868156433,234,331,44,32
1184,32.10483652207735,963,2.0,0.37489083409309387,1007,796,152,73
15,32.13817487775967,964,2.0,0.3703768253326416,1530,457,72,40
1085,32.13817487775967,964,2.0,0.39434441924095154,764,341,63,36
1088,32.13817487775967,964,2.0,0.6860029101371765,1767,502,70,41
1106,32.13817487775967,964,2.0,0.48883551359176636,765,378,68,41
1145,32.13817487775967,964,2.0,0.5862552523612976,1126,500,95,53
1152,32.13817487775967,964,2.0,0.520042359828949,596,280,77,41
1170,32.13817487775967,964,2.0,0.5890124440193176,1152,569,128,71
1174,32.13817487775967,964,2.0,0.5435753464698792,235,334,45,33
1184,32.13817487775967,964,2.0,0.39956340193748474,1012,794,157,72
15,32.17151323344199,965,2.0,0.3518306314945221,1530,457,72,40
1085,32.17151323344199,965,2.0,0.49429917335510254,759,338,60,37
1088,32.17151323344199,965,2.0,0.6030808687210083,1770,501,71,40
1106,32.17151323344199,965,2.0,0.31763768196105957,760,375,68,40
1145,32.17151323344199,965,2.0,0.5859482288360596,1111,495,96,54
1152,32.17151323344199,965,2.0,0.558846652507782,591,279,74,41
1170,32.17151323344199,965,2.0,0.5400408506393433,1134,560,128,65
1174,32.17151323344199,965,2.0,0.5484772324562073,235,337,43,35
1184,32.17151323344199,965,2.0,0.5695720911026001,1016,793,161,73
1194,32.17151323344199,965,2.0,0.7081887125968933,1621,796,244,128
15,32.20485158912432,966,2.0,0.34588250517845154,1530,457,72,40
1085,32.20485158912432,966,2.0,0.3678293824195862,755,334,58,34
1088,32.20485158912432,966,2.0,0.6423288583755493,1773,499,69,38
1106,32.20485158912432,966,2.0,0.3095668852329254,756,371,64,39
1145,32.20485158912432,966,2.0,0.5303680896759033,1099,488,91,50
1152,32.20485158912432,966,2.0,0.552360475063324,589,275,77,41
1170,32.20485158912432,966,2.0,0.4894448518753052,1116,552,123,64
1174,32.20485158912432,966,2.0,0.5981476306915283,237,340,48,36
1184,32.20485158912432,966,2.0,0.5432435870170593,1022,791,164,72
1194,32.20485158912432,966,2.0,0.7294203639030457,1586,780,240,122
1196,32.20485158912432,966,2.0,0.4018154442310333,239,258,42,25
15,32.23818994480664,967,2.0,0.3434804081916809,1530,457,72,40
1085,32.23818994480664,967,2.0,0.2888759970664978,750,331,58,31
1088,32.23818994480664,967,2.0,0.6872595548629761,1776,498,70,36
1106,32.23818994480664,967,2.0,0.1767164021730423,746,367,69,38
1145,32.23818994480664,967,2.0,0.511405885219574,1088,483,90,51
1152,32.23818994480664,967,2.0,0.5981251001358032,586,273,82,42
1170,32.23818994480664,967,2.0,0.558696448802948,1084,539,88,57
1174,32.23818994480664,967,2.0,0.37478041648864746,238,343,47,38
1184,32.23818994480664,967,2.0,0.5329481363296509,1026,791,165,79
1194,32.23818994480664,967,2.0,0.5707024335861206,1546,761,229,123
1196,32.23818994480664,967,2.0,0.5443084836006165,240,259,45,24
15,32.27152830048896,968,2.0,0.3221983015537262,1530,457,72,40
1088,32.27152830048896,968,2.0,0.706859827041626,1778,496,69,35
1106,32.27152830048896,968,2.0,0.31321069598197937,739,364,69,36
1145,32.27152830048896,968,2.0,0.453019380569458,1070,477,81,46
1152,32.27152830048896,968,2.0,0.5662155747413635,581,272,79,42
1170,32.27152830048896,968,2.0,0.5699185729026794,1079,534,111,60
1174,32.27152830048896,968,2.0,0.47187602519989014,243,346,52,38
1184,32.27152830048896,968,2.0,0.6142270565032959,1032,790,169,81
1194,32.27152830048896,968,2.0,0.4533913731575012,1508,741,220,118
1196,32.27152830048896,968,2.0,0.5667928457260132,241,259,45,24
1200,32.27152830048896,968,2.0,0.647106409072876,1868,826,102,92
15,32.304866656171285,969,2.0,0.31034237146377563,1529,457,72,41
1088,32.304866656171285,969,2.0,0.6285074353218079,1781,495,70,36
1106,32.304866656171285,969,2.0,0.32750067114830017,730,359,70,36
1145,32.304866656171285,969,2.0,0.46411970257759094,1062,470,87,45
1152,32.304866656171285,969,2.0,0.5730804800987244,577,272,79,45
1170,32.304866656171285,969,2.0,0.5421435236930847,1066,527,113,60
1174,32.304866656171285,969,2.0,0.5701701045036316,244,350,48,37
1184,32.304866656171285,969,2.0,0.722216784954071,1037,789,172,80
1194,32.304866656171285,969,2.0,0.3805689811706543,1482,724,226,112
1196,32.304866656171285,969,2.0,0.5832033753395081,241,261,41,23
1200,32.304866656171285,969,2.0,0.42224380373954773,1852,820,133,101
15,32.33820501185361,970,2.0,0.32044196128845215,1530,457,72,40
1088,32.33820501185361,970,2.0,0.6719523668289185,1784,495,70,37
1106,32.33820501185361,970,2.0,0.5149388909339905,720,356,64,34
1145,32.33820501185361,970,2.0,0.5385442972183228,1051,466,92,49
1152,32.33820501185361,970,2.0,0.5617870688438416,574,270,80,45
1170,32.33820501185361,970,2.0,0.5529518127441406,1039,519,89,56
1174,32.33820501185361,970,2.0,0.5018758773803711,243,353,49,38
1184,32.33820501185361,970,2.0,0.5951249599456787,1042,788,175,78
1194,32.33820501185361,970,2.0,0.4067075848579407,1446,709,213,109
1196,32.33820501185361,970,2.0,0.5343642830848694,242,262,38,25
1200,32.33820501185361,970,2.0,0.4407978951931,1833,814,170,121
15,32.371543367535935,971,2.0,0.32692939043045044,1530,457,72,40
1088,32.371543367535935,971,2.0,0.6839157342910767,1786,494,71,38
1106,32.371543367535935,971,2.0,0.43671751022338867,716,353,60,33
1145,32.371543367535935,971,2.0,0.46807703375816345,1041,462,96,51
1152,32.371543367535935,971,2.0,0.6805641651153564,569,268,76,43
1170,32.371543367535935,971,2.0,0.5437130331993103,1035,513,105,57
1174,32.371543367535935,971,2.0,0.4692803621292114,245,356,47,38
1184,32.371543367535935,971,2.0,0.5325706601142883,1050,787,169,77
1194,32.371543367535935,971,2.0,0.6238294839859009,1412,695,201,107
1196,32.371543367535935,971,2.0,0.4602124094963074,242,263,35,23
1200,32.371543367535935,971,2.0,0.6268784403800964,1816,802,205,127
15,32.40488172321825,972,2.0,0.3102780878543854,1530,457,72,41
1088,32.40488172321825,972,2.0,0.6897600293159485,1788,492,70,39
1106,32.40488172321825,972,2.0,0.417371928691864,712,350,61,33
1145,32.40488172321825,972,2.0,0.2055254876613617,1028,458,87,51
1152,32.40488172321825,972,2.0,0.7630389928817749,567,266,77,40
1170,32.40488172321825,972,2.0,0.48607903718948364,1021,505,103,55
1174,32.40488172321825,972,2.0,0.35933274030685425,245,360,48,40
1184,32.40488172321825,972,2.0,0.508173942565918,1059,785,164,78
1194,32.40488172321825,972,7.0,0.30562466382980347,1388,678,209,111
1196,32.40488172321825,972,2.0,0.43730971217155457,244,267,36,25
1200,32.40488172321825,972,2.0,0.7100098133087158,1798,788,238,122
15,32.43822007890058,973,2.0,0.3135817050933838,1530,457,72,41
1088,32.43822007890058,973,2.0,0.6374996900558472,1791,492,67,39
1106,32.43822007890058,973,2.0,0.35725343227386475,709,348,60,31
1145,32.43822007890058,973,2.0,0.4478493928909302,1014,452,88,51
1152,32.43822007890058,973,2.0,0.7213231921195984,563,265,72,37
1170,32.43822007890058,973,2.0,0.5686095356941223,1000,496,89,53
1174,32.43822007890058,973,2.0,0.3611457943916321,247,363,49,39
1184,32.43822007890058,973,2.0,0.6254445910453796,1065,779,167,84
1194,32.43822007890058,973,2.0,0.538507342338562,1355,663,192,108
1196,32.43822007890058,973,2.0,0.5297682285308838,247,270,40,28
1200,32.43822007890058,973,2.0,0.757088303565979,1770,773,248,119
15,32.4715584345829,974,2.0,0.2868703305721283,1530,457,72,41
1088,32.4715584345829,974,2.0,0.6314773559570312,1794,490,69,38
1106,32.4715584345829,974,2.0,0.4956907331943512,700,340,62,41
1145,32.4715584345829,974,2.0,0.522726833820343,1004,447,82,50
1152,32.4715584345829,974,2.0,0.7248139381408691,560,263,75,36
1170,32.4715584345829,974,2.0,0.5860472917556763,993,492,94,54
1174,32.4715584345829,974,2.0,0.3274647295475006,248,366,51,39
1184,32.4715584345829,974,2.0,0.6317882537841797,1072,775,166,86
1194,32.4715584345829,974,2.0,0.6016131639480591,1325,652,177,100
1196,32.4715584345829,974,2.0,0.47760725021362305,249,273,41,31
1200,32.4715584345829,974,2.0,0.7636627554893494,1740,758,250,116
15,32.50489679026523,975,2.0,0.2641395628452301,1530,457,72,41
1088,32.50489679026523,975,2.0,0.5912556648254395,1797,488,69,37
1106,32.50489679026523,975,2.0,0.34454357624053955,695,336,57,40
1145,32.50489679026523,975,2.0,0.3942298889160156,993,442,84,48
1152,32.50489679026523,975,2.0,0.5950771570205688,556,261,75,36
1170,32.50489679026523,975,2.0,0.31343045830726624,981,485,99,52
1174,32.50489679026523,975,2.0,0.339652419090271,251,371,48,38
1184,32.50489679026523,975,2.0,0.5916183590888977,1079,773,164,85
1194,32.50489679026523,975,2.0,0.6409550309181213,1303,640,179,94
1196,32.50489679026523,975,2.0,0.4524269998073578,251,275,43,32
1200,32.50489679026523,975,2.0,0.7512026429176331,1708,742,245,111
15,32.538235145947546,976,2.0,0.29998502135276794,1530,457,72,40
1088,32.538235145947546,976,2.0,0.6007385849952698,1800,487,69,38
1106,32.538235145947546,976,2.0,0.22390428185462952,688,336,59,34
1145,32.538235145947546,976,2.0,0.37936511635780334,986,438,87,48
1152,32.538235145947546,976,2.0,0.582497775554657,547,259,64,34
1170,32.538235145947546,976,2.0,0.39262518286705017,967,478,94,54
1174,32.538235145947546,976,2.0,0.5085271596908569,253,375,48,38
1184,32.538235145947546,976,2.0,0.6912329792976379,1087,769,159,84
1194,32.538235145947546,976,2.0,0.3044898509979248,1275,630,165,90
1196,32.538235145947546,976,2.0,0.39335018396377563,255,276,48,32
1200,32.538235145947546,976,2.0,0.6722537279129028,1674,728,236,105
15,32.57157350162987,977,2.0,0.21017582714557648,1529,457,70,38
1088,32.57157350162987,977,2.0,0.6451428532600403,1803,485,69,38
1106,32.57157350162987,977,2.0,0.2894711494445801,677,332,53,33
1145,32.57157350162987,977,2.0,0.380047082901001,973,435,94,49
1152,32.57157350162987,977,2.0,0.33973073959350586,536,256,47,34
1170,32.57157350162987,977,2.0,0.5025084018707275,956,473,93,53
1174,32.57157350162987,977,2.0,0.5984070897102356,255,378,49,38
1184,32.57157350162987,977,2.0,0.6255308389663696,1094,766,159,83
1194,32.57157350162987,977,2.0,0.561302900314331,1250,617,157,90
1196,32.57157350162987,977,2.0,0.5221593379974365,257,279,51,32
1200,32.57157350162987,977,2.0,0.7761997580528259,1644,716,232,105
15,32.604911857312196,978,2.0,0.21042859554290771,1529,457,69,38
1088,32.604911857312196,978,2.0,0.6477910876274109,1806,484,66,38
1106,32.604911857312196,978,2.0,0.35046955943107605,672,328,52,34
1145,32.604911857312196,978,2.0,0.3263964056968689,965,430,92,45
1152,32.604911857312196,978,2.0,0.35354000329971313,533,254,47,35
1170,32.604911857312196,978,2.0,0.6144841313362122,945,468,93,53
1174,32.604911857312196,978,2.0,0.5920894742012024,255,380,49,40
1184,32.604911857312196,978,2.0,0.5990227460861206,1099,763,158,81
1194,32.604911857312196,978,2.0,0.5817106366157532,1226,606,152,86
1196,32.604911857312196,978,2.0,0.3955322206020355,257,281,46,32
1200,32.604911857312196,978,2.0,0.722963273525238,1614,703,224,102
15,32.63825021299452,979,2.0,0.20468199253082275,1529,457,68,37
1088,32.63825021299452,979,2.0,0.6343016028404236,1809,483,66,37
1106,32.63825021299452,979,2.0,0.4605499505996704,669,327,58,34
1145,32.63825021299452,979,2.0,0.2406444102525711,956,425,84,45
1152,32.63825021299452,979,2.0,0.414372980594635,528,253,46,35
1170,32.63825021299452,979,2.0,0.45234501361846924,934,463,93,51
1174,32.63825021299452,979,2.0,0.5026397705078125,257,384,50,42
1184,32.63825021299452,979,2.0,0.6665934324264526,1103,759,154,81
1194,32.63825021299452,979,2.0,0.5978881120681763,1206,598,147,81
1196,32.63825021299452,979,2.0,0.3701159954071045,259,284,43,30
1200,32.63825021299452,979,2.0,0.8033983111381531,1584,690,217,98
15,32.67158856867684,980,2.0,0.22247783839702606,1529,457,68,37
1088,32.67158856867684,980,2.0,0.6883675456047058,1811,482,66,36
1106,32.67158856867684,980,2.0,0.3631059229373932,667,325,56,31
1145,32.67158856867684,980,2.0,0.36773979663848877,945,420,83,41
1152,32.67158856867684,980,2.0,0.46878156065940857,531,252,59,37
1170,32.67158856867684,980,2.0,0.5698956251144409,920,456,89,50
1174,32.67158856867684,980,2.0,0.4540466070175171,258,387,52,45
1184,32.67158856867684,980,2.0,0.7192794680595398,1108,757,150,82
1194,32.67158856867684,980,2.0,0.6012634634971619,1184,587,141,83
1196,32.67158856867684,980,2.0,0.44512081146240234,263,286,46,29
1200,32.67158856867684,980,2.0,0.76816725730896,1555,679,204,95
1242,32.67158856867684,980,2.0,0.38780850172042847,546,251,72,35
15,32.704926924359164,981,2.0,0.22094808518886566,1529,457,69,38
1088,32.704926924359164,981,2.0,0.7272685766220093,1813,481,64,35
1106,32.704926924359164,981,2.0,0.1455521136522293,662,322,57,34
1145,32.704926924359164,981,2.0,0.3210642635822296,936,416,79,45
1152,32.704926924359164,981,2.0,0.47095662355422974,525,251,58,37
1170,32.704926924359164,981,2.0,0.5268579721450806,903,450,77,47
1174,32.704926924359164,981,2.0,0.4577736556529999,262,390,53,47
1184,32.704926924359164,981,2.0,0.6339373588562012,1116,754,150,82
1194,32.704926924359164,981,2.0,0.3317300081253052,1165,577,141,79
1196,32.704926924359164,981,2.0,0.5527962446212769,264,287,42,29
1200,32.704926924359164,981,2.0,0.6011008620262146,1529,668,199,93
1242,32.704926924359164,981,2.0,0.3980821371078491,551,251,55,34
15,32.73826528004149,982,2.0,0.2558548152446747,1529,457,69,38
1088,32.73826528004149,982,2.0,0.7658373117446899,1816,480,64,35
1106,32.73826528004149,982,2.0,0.3603907823562622,656,315,62,40
1145,32.73826528004149,982,2.0,0.2022450715303421,927,412,82,47
1152,32.73826528004149,982,2.0,0.42682453989982605,532,249,69,36
1170,32.73826528004149,982,2.0,0.461251825094223,895,444,79,44
1174,32.73826528004149,982,2.0,0.5166116952896118,264,395,51,44
1184,32.73826528004149,982,2.0,0.6216810941696167,1122,752,151,82
1194,32.73826528004149,982,2.0,0.5503057837486267,1145,568,137,76
1196,32.73826528004149,982,2.0,0.5466828346252441,265,289,39,31
1200,32.73826528004149,982,2.0,0.7119060158729553,1504,657,195,91
15,32.771603635723814,983,2.0,0.258266419172287,1529,457,69,38
1088,32.771603635723814,983,2.0,0.7472841739654541,1818,479,63,34
1106,32.771603635723814,983,2.0,0.4573487639427185,649,310,59,42
1145,32.771603635723814,983,2.0,0.24232642352581024,920,408,85,48
1152,32.771603635723814,983,2.0,0.4507644772529602,534,248,68,37
1170,32.771603635723814,983,2.0,0.44611552357673645,890,441,81,45
1174,32.771603635723814,983,2.0,0.48611992597579956,267,398,55,44
1184,32.771603635723814,983,2.0,0.5640684366226196,1124,750,144,80
1194,32.771603635723814,983,2.0,0.5829624533653259,1130,558,132,73
1196,32.771603635723814,983,2.0,0.5005612373352051,267,291,39,32
1200,32.771603635723814,983,2.0,0.581939160823822,1474,646,182,87
15,32.80494199140613,984,2.0,0.2634854018688202,1529,457,69,38
1088,32.80494199140613,984,2.0,0.6913237571716309,1821,478,63,36
1106,32.80494199140613,984,2.0,0.38469427824020386,645,308,61,41
1145,32.80494199140613,984,2.0,0.27315762639045715,910,403,82,45
1152,32.80494199140613,984,2.0,0.29158151149749756,531,247,76,38
1170,32.80494199140613,984,2.0,0.18893539905548096,879,435,77,48
1174,32.80494199140613,984,2.0,0.5295722484588623,268,404,56,47
1184,32.80494199140613,984,2.0,0.6574780941009521,1127,748,137,78
1194,32.80494199140613,984,2.0,0.3949527442455292,1112,549,129,71
1196,32.80494199140613,984,2.0,0.4485628604888916,270,294,44,32
1200,32.80494199140613,984,2.0,0.6058446168899536,1450,636,177,87
1253,32.80494199140613,984,2.0,0.36342355608940125,654,303,65,45
15,32.83828034708846,985,2.0,0.26791754364967346,1529,457,69,38
1088,32.83828034708846,985,2.0,0.6861316561698914,1823,477,64,34
1106,32.83828034708846,985,2.0,0.37742456793785095,635,307,53,37
1145,32.83828034708846,985,2.0,0.33400794863700867,900,398,74,41
1152,32.83828034708846,985,2.0,0.4304788410663605,520,245,63,35
1170,32.83828034708846,985,2.0,0.42089200019836426,859,430,57,44
1174,32.83828034708846,985,2.0,0.5267117619514465,271,408,59,48
1184,32.83828034708846,985,2.0,0.6517675518989563,1131,746,132,79
1194,32.83828034708846,985,2.0,0.3667192757129669,1094,539,125,71
1196,32.83828034708846,985,2.0,0.4563593566417694,273,296,47,33
1200,32.83828034708846,985,2.0,0.6276109218597412,1428,626,172,83
1253,32.83828034708846,985,2.0,0.4322196841239929,653,299,64,41
15,32.87161870277078,986,2.0,0.258354127407074,1529,457,69,38
1088,32.87161870277078,986,2.0,0.7078468203544617,1824,477,60,32
1106,32.87161870277078,986,2.0,0.6216685771942139,628,305,50,35
1145,32.87161870277078,986,2.0,0.42637965083122253,892,394,71,38
1152,32.87161870277078,986,2.0,0.4372848868370056,522,243,71,36
1170,32.87161870277078,986,2.0,0.4060162305831909,857,425,77,46
1174,32.87161870277078,986,2.0,0.6348062753677368,273,413,58,47
1184,32.87161870277078,986,2.0,0.590187668800354,1134,745,126,78
1194,32.87161870277078,986,2.0,0.42536768317222595,1078,532,123,69
1196,32.87161870277078,986,2.0,0.4686638116836548,275,299,50,33
1200,32.87161870277078,986,2.0,0.6290825605392456,1405,616,164,80
1253,32.87161870277078,986,2.0,0.4506922662258148,644,297,72,42
15,32.90495705845311,987,2.0,0.2613928020000458,1529,457,69,37
1088,32.90495705845311,987,2.0,0.6317449808120728,1828,474,64,35
1106,32.90495705845311,987,2.0,0.5222135782241821,624,303,49,37
1145,32.90495705845311,987,2.0,0.4070414900779724,886,391,75,39
1152,32.90495705845311,987,2.0,0.4786173701286316,511,242,57,35
1170,32.90495705845311,987,2.0,0.34175562858581543,851,422,81,44
1174,32.90495705845311,987,2.0,0.6406565308570862,275,416,59,50
1184,32.90495705845311,987,2.0,0.4275250732898712,1137,743,122,74
1194,32.90495705845311,987,2.0,0.4679749310016632,1061,524,120,69
1196,32.90495705845311,987,2.0,0.4885903000831604,278,302,50,31
1200,32.90495705845311,987,2.0,0.6429151892662048,1381,607,158,78
1253,32.90495705845311,987,2.0,0.4614136815071106,642,295,68,43
15,32.93829541413543,988,2.0,0.26668521761894226,1529,457,69,38
1088,32.93829541413543,988,2.0,0.6244865655899048,1831,472,64,36
1106,32.93829541413543,988,2.0,0.4836493730545044,621,300,50,39
1145,32.93829541413543,988,2.0,0.39835384488105774,876,387,72,39
1152,32.93829541413543,988,2.0,0.4408216178417206,505,241,50,35
1170,32.93829541413543,988,2.0,0.454059362411499,845,420,72,40
1174,32.93829541413543,988,2.0,0.5205310583114624,278,422,59,45
1184,32.93829541413543,988,2.0,0.44674310088157654,1144,742,120,71
1194,32.93829541413543,988,2.0,0.5381636619567871,1047,518,116,69
1196,32.93829541413543,988,2.0,0.39467519521713257,279,304,49,30
1200,32.93829541413543,988,2.0,0.7369340062141418,1361,598,153,76
1253,32.93829541413543,988,2.0,0.3912610113620758,639,294,62,42
1261,32.93829541413543,988,2.0,0.5749870538711548,523,239,63,31
1262,32.93829541413543,988,2.0,0.4323444366455078,1360,508,64,40
15,32.97163376981775,989,2.0,0.2674395442008972,1529,457,69,37
1088,32.97163376981775,989,2.0,0.6749047636985779,1833,473,63,34
1145,32.97163376981775,989,2.0,0.2943379580974579,868,385,72,37
1152,32.97163376981775,989,2.0,0.4698844254016876,502,240,50,34
1170,32.97163376981775,989,2.0,0.3531617224216461,835,415,75,43
1174,32.97163376981775,989,2.0,0.4133714437484741,282,428,62,46
1184,32.97163376981775,989,2.0,0.5080649852752686,1148,741,117,71
1194,32.97163376981775,989,2.0,0.5560815334320068,1031,510,115,67
1196,32.97163376981775,989,2.0,0.413105309009552,280,305,48,29
1200,32.97163376981775,989,2.0,0.6225682497024536,1347,591,162,76
1253,32.97163376981775,989,2.0,0.3438551723957062,637,291,62,37
1261,32.97163376981775,989,2.0,0.4592099189758301,516,239,68,32
1262,32.97163376981775,989,2.0,0.4186449348926544,1360,505,64,36
15,33.004972125500075,990,2.0,0.26686766743659973,1529,457,68,37
1088,33.004972125500075,990,2.0,0.6432362794876099,1835,472,64,35
1145,33.004972125500075,990,2.0,0.36896419525146484,862,383,61,36
1152,33.004972125500075,990,2.0,0.3756498694419861,498,238,46,31
1174,33.004972125500075,990,2.0,0.4296681880950928,283,431,62,49
1184,33.004972125500075,990,2.0,0.4141526520252228,1154,742,111,67
1194,33.004972125500075,990,2.0,0.28901001811027527,1017,501,111,60
1196,33.004972125500075,990,2.0,0.38574767112731934,284,309,50,30
1200,33.004972125500075,990,2.0,0.34865185618400574,1325,583,151,76
1261,33.004972125500075,990,2.0,0.37048405408859253,514,237,70,29
1262,33.004972125500075,990,2.0,0.38396111130714417,1353,505,69,41
1266,33.004972125500075,990,2.0,0.5115552544593811,528,237,41,26
1106,33.004972125500075,990,2.0,0.516326367855072,615,296,57,37
15,33.0383104811824,991,2.0,0.2638664245605469,1529,457,68,37
1088,33.0383104811824,991,2.0,0.6606046557426453,1837,471,64,35
1145,33.0383104811824,991,2.0,0.375253826379776,861,381,45,34
1152,33.0383104811824,991,2.0,0.5237327218055725,493,236,43,31
1174,33.0383104811824,991,2.0,0.525615930557251,285,436,62,49
1184,33.0383104811824,991,2.0,0.3086562752723694,1156,741,109,64
1194,33.0383104811824,991,2.0,0.31552091240882874,1003,495,107,61
1196,33.0383104811824,991,2.0,0.4426560401916504,286,311,47,30
1200,33.0383104811824,991,2.0,0.4582192003726959,1306,573,146,72
1261,33.0383104811824,991,2.0,0.3555893301963806,511,237,73,28
1262,33.0383104811824,991,2.0,0.33548837900161743,1349,504,67,40
1266,33.0383104811824,991,2.0,0.43386921286582947,527,237,40,26
1106,33.0383104811824,991,2.0,0.439028263092041,610,294,54,34
1170,33.0383104811824,991,2.0,0.42243483662605286,809,401,59,40
1253,33.0383104811824,991,2.0,0.39721572399139404,625,288,68,34
15,33.071648836864725,992,2.0,0.2600176930427551,1529,457,69,37
1088,33.071648836864725,992,2.0,0.6643574833869934,1840,471,62,35
1145,33.071648836864725,992,2.0,0.18518446385860443,860,379,44,33
1152,33.071648836864725,992,2.0,0.5066798329353333,489,235,39,31
1174,33.071648836864725,992,2.0,0.4803689420223236,289,440,60,50
1184,33.071648836864725,992,2.0,0.2667797803878784,1161,742,100,60
1194,33.071648836864725,992,2.0,0.542995810508728,989,488,105,64
1196,33.071648836864725,992,2.0,0.45502644777297974,288,315,48,34
1200,33.071648836864725,992,2.0,0.6367143392562866,1285,565,137,69
1262,33.071648836864725,992,2.0,0.3640073239803314,1345,500,63,38
1266,33.071648836864725,992,2.0,0.33540716767311096,527,236,34,24
1106,33.071648836864725,992,2.0,0.43923938274383545,604,292,50,33
1170,33.071648836864725,992,2.0,0.3230800926685333,796,398,54,39
1253,33.071648836864725,992,2.0,0.3557075560092926,619,287,68,34
15,33.10498719254704,993,2.0,0.27170512080192566,1529,457,68,37
1088,33.10498719254704,993,2.0,0.6530815362930298,1843,470,59,36
1145,33.10498719254704,993,2.0,0.17279119789600372,848,375,57,37
1152,33.10498719254704,993,2.0,0.5171979665756226,487,234,39,29
1174,33.10498719254704,993,2.0,0.47701552510261536,291,446,61,51
1184,33.10498719254704,993,2.0,0.2719539403915405,1160,739,99,63
1194,33.10498719254704,993,2.0,0.49723801016807556,978,481,103,62
1196,33.10498719254704,993,2.0,0.4672275483608246,291,317,48,34
1200,33.10498719254704,993,2.0,0.6793567538261414,1269,558,134,67
1262,33.10498719254704,993,2.0,0.2736162543296814,1342,500,62,41
1266,33.10498719254704,993,2.0,0.25880974531173706,528,235,32,23
1106,33.10498719254704,993,2.0,0.4497900605201721,598,291,44,30
1253,33.10498719254704,993,2.0,0.44781941175460815,622,286,55,31
15,33.13832554822937,994,2.0,0.27802109718322754,1529,457,69,37
1088,33.13832554822937,994,2.0,0.5810045599937439,1844,467,58,36
1152,33.13832554822937,994,2.0,0.3581945300102234,486,233,39,31
1174,33.13832554822937,994,2.0,0.4286423623561859,292,452,64,54
1184,33.13832554822937,994,2.0,0.16163092851638794,1164,737,85,57
1194,33.13832554822937,994,2.0,0.6417357325553894,964,475,100,63
1196,33.13832554822937,994,2.0,0.39332449436187744,292,321,48,37
1200,33.13832554822937,994,2.0,0.7442125082015991,1252,550,132,68
1262,33.13832554822937,994,2.0,0.3381134271621704,1342,500,59,42
1106,33.13832554822937,994,2.0,0.4661947786808014,592,289,43,29
1253,33.13832554822937,994,2.0,0.3886207342147827,620,286,51,30
15,33.17166390391169,995,2.0,0.26387736201286316,1529,457,69,37
1088,33.17166390391169,995,2.0,0.6323223114013672,1850,466,66,37
1152,33.17166390391169,995,2.0,0.2714994549751282,485,232,40,31
1174,33.17166390391169,995,2.0,0.42756032943725586,296,458,62,54
1184,33.17166390391169,995,2.0,0.10056181997060776,1162,736,74,51
1194,33.17166390391169,995,2.0,0.4314461648464203,952,468,100,63
1196,33.17166390391169,995,2.0,0.33654138445854187,294,323,50,37
1200,33.17166390391169,995,2.0,0.6469010710716248,1238,544,124,68
1262,33.17166390391169,995,2.0,0.4532141089439392,1341,500,62,43
1106,33.17166390391169,995,2.0,0.36656516790390015,590,286,48,30
1253,33.17166390391169,995,2.0,0.23565883934497833,618,283,49,27
15,33.20500225959402,996,2.0,0.28239020705223083,1528,457,68,36
1088,33.20500225959402,996,2.0,0.5974271297454834,1855,465,72,37
1152,33.20500225959402,996,2.0,0.2654455006122589,483,231,42,32
1174,33.20500225959402,996,2.0,0.4669754207134247,299,464,59,51
1194,33.20500225959402,996,2.0,0.4012758135795593,940,463,98,59
1196,33.20500225959402,996,2.0,0.3395737111568451,300,327,54,34
1200,33.20500225959402,996,2.0,0.6654073596000671,1222,537,121,67
1262,33.20500225959402,996,2.0,0.4064006209373474,1341,499,57,44
1106,33.20500225959402,996,2.0,0.35872748494148254,586,283,46,30
1253,33.20500225959402,996,2.0,0.11912655830383301,617,281,48,25
15,33.238340615276336,997,2.0,0.2972985804080963,1528,457,68,37
1088,33.238340615276336,997,2.0,0.5380091071128845,1853,464,63,37
1152,33.238340615276336,997,2.0,0.18671394884586334,481,229,44,32
1174,33.238340615276336,997,2.0,0.4768691956996918,302,469,63,54
1194,33.238340615276336,997,2.0,0.4519557058811188,929,457,97,56
1196,33.238340615276336,997,2.0,0.27459293603897095,302,330,53,31
1200,33.238340615276336,997,2.0,0.6716663837432861,1204,530,119,65
1262,33.238340615276336,997,2.0,0.44348886609077454,1337,499,57,43
1106,33.238340615276336,997,2.0,0.4826834499835968,583,281,46,30
1289,33.238340615276336,997,2.0,0.44441667199134827,771,379,73,44
1145,33.238340615276336,997,2.0,0.41138866543769836,809,359,64,34
15,33.27167897095866,998,2.0,0.308872252702713,1528,457,68,37
1088,33.27167897095866,998,2.0,0.5600656270980835,1859,464,70,37
1174,33.27167897095866,998,2.0,0.4178030490875244,307,475,62,52
1194,33.27167897095866,998,2.0,0.5929819941520691,916,452,92,54
1196,33.27167897095866,998,2.0,0.4597146511077881,305,334,52,33
1200,33.27167897095866,998,2.0,0.7176552414894104,1191,523,120,65
1262,33.27167897095866,998,2.0,0.2605974078178406,1338,498,50,44
1106,33.27167897095866,998,2.0,0.5329053997993469,579,278,49,32
1289,33.27167897095866,998,2.0,0.4421245753765106,766,377,76,42
1290,33.27167897095866,998,2.0,0.4998486638069153,594,274,76,39
1145,33.27167897095866,998,2.0,0.3549041152000427,803,357,64,34
15,33.305017326640986,999,2.0,0.2965008616447449,1528,457,68,36
1088,33.305017326640986,999,2.0,0.48709920048713684,1859,462,67,38
1174,33.305017326640986,999,2.0,0.307237833738327,310,480,64,53
1194,33.305017326640986,999,2.0,0.598028838634491,907,446,89,56
1196,33.305017326640986,999,2.0,0.4068932831287384,307,337,52,33
1200,33.305017326640986,999,2.0,0.6250545978546143,1176,517,117,62
1262,33.305017326640986,999,2.0,0.47631585597991943,1329,496,66,46
1106,33.305017326640986,999,2.0,0.42572811245918274,575,277,48,33
1289,33.305017326640986,999,2.0,0.43536674976348877,761,375,74,40
1290,33.305017326640986,999,2.0,0.5105057954788208,590,273,74,40
1145,33.305017326640986,999,2.0,0.24859990179538727,798,353,55,31
15,33.33835568232331,1000,2.0,0.30117592215538025,1528,457,68,36
1088,33.33835568232331,1000,2.0,0.575259268283844,1857,461,55,37
1174,33.33835568232331,1000,2.0,0.3447844088077545,313,485,66,56
1194,33.33835568232331,1000,2.0,0.5099185705184937,896,442,91,53
1196,33.33835568232331,1000,2.0,0.35250407457351685,309,340,51,33
1200,33.33835568232331,1000,2.0,0.6399050951004028,1161,510,113,60
1262,33.33835568232331,1000,2.0,0.4622260630130768,1324,493,72,48
1106,33.33835568232331,1000,2.0,0.26509177684783936,573,275,51,34
1289,33.33835568232331,1000,2.0,0.34019914269447327,763,374,81,37
1290,33.33835568232331,1000,2.0,0.35753947496414185,594,271,59,41
1145,33.33835568232331,1000,2.0,0.1879073977470398,795,351,51,30
15,33.37169403800563,1001,2.0,0.2936989665031433,1528,457,68,36
1088,33.37169403800563,1001,2.0,0.6264529824256897,1861,461,59,36
1174,33.37169403800563,1001,2.0,0.4774544835090637,315,491,67,60
1194,33.37169403800563,1001,2.0,0.6445271372795105,886,435,91,54
1196,33.37169403800563,1001,2.0,0.33764660358428955,311,343,54,36
1200,33.37169403800563,1001,2.0,0.6830494403839111,1147,505,110,60
1262,33.37169403800563,1001,2.0,0.3519955575466156,1319,493,77,48
1106,33.37169403800563,1001,2.0,0.4744992256164551,576,272,67,36
1145,33.37169403800563,1001,2.0,0.41164520382881165,788,348,54,34
1300,33.37169403800563,1001,2.0,0.35412850975990295,198,235,42,32
15,33.405032393687954,1002,2.0,0.3020891845226288,1528,457,68,36
1088,33.405032393687954,1002,2.0,0.6282889246940613,1862,460,58,35
1174,33.405032393687954,1002,2.0,0.2956199645996094,319,499,67,59
1194,33.405032393687954,1002,2.0,0.6453059315681458,874,430,87,54
1196,33.405032393687954,1002,2.0,0.4877634644508362,314,346,53,38
1200,33.405032393687954,1002,2.0,0.7152554392814636,1135,499,108,60
1262,33.405032393687954,1002,2.0,0.4462145268917084,1316,492,77,48
1106,33.405032393687954,1002,2.0,0.4237852096557617,573,270,70,34
1145,33.405032393687954,1002,2.0,0.37840592861175537,781,347,59,38
1300,33.405032393687954,1002,2.0,0.5351575016975403,201,239,47,30
1152,33.405032393687954,1002,2.0,0.25493568181991577,468,223,45,30
15,33.43837074937028,1003,2.0,0.31283047795295715,1528,457,68,36
1088,33.43837074937028,1003,2.0,0.6316965818405151,1865,459,58,35
1174,33.43837074937028,1003,2.0,0.35390710830688477,321,505,69,62
1194,33.43837074937028,1003,2.0,0.5252099633216858,866,426,88,54
1196,33.43837074937028,1003,2.0,0.43040168285369873,316,347,53,38
1200,33.43837074937028,1003,2.0,0.7419083714485168,1120,493,110,59
1262,33.43837074937028,1003,2.0,0.5493547320365906,1313,489,81,47
1106,33.43837074937028,1003,2.0,0.3480820655822754,570,268,70,33
1145,33.43837074937028,1003,2.0,0.4277753531932831,774,344,60,40
1300,33.43837074937028,1003,2.0,0.3986172080039978,201,241,45,32
1152,33.43837074937028,1003,2.0,0.2579253017902374,464,221,42,28
15,33.471709105052604,1004,2.0,0.28317779302597046,1528,457,68,36
1088,33.471709105052604,1004,2.0,0.5811619758605957,1869,458,62,34
1174,33.471709105052604,1004,2.0,0.4078208804130554,326,510,73,66
1194,33.471709105052604,1004,2.0,0.5743038058280945,856,420,85,51
1196,33.471709105052604,1004,2.0,0.3856428563594818,324,351,61,35
1200,33.471709105052604,1004,2.0,0.7294294834136963,1108,486,105,58
1262,33.471709105052604,1004,2.0,0.43155965209007263,1310,487,77,48
1106,33.471709105052604,1004,2.0,0.4211532473564148,569,264,73,31
1145,33.471709105052604,1004,2.0,0.5043157935142517,771,341,62,40
1300,33.471709105052604,1004,2.0,0.4356675148010254,201,243,45,34
1152,33.471709105052604,1004,2.0,0.3279320299625397,463,220,41,27
1310,33.471709105052604,1004,2.0,0.5203125476837158,720,354,63,35
15,33.50504746073492,1005,2.0,0.2748306393623352,1528,457,68,36
1088,33.50504746073492,1005,2.0,0.5315499305725098,1870,457,62,33
1174,33.50504746073492,1005,2.0,0.40750494599342346,330,518,74,66
1194,33.50504746073492,1005,2.0,0.5476334691047668,845,417,87,50
1196,33.50504746073492,1005,2.0,0.3724450170993805,327,357,62,37
1200,33.50504746073492,1005,2.0,0.7291321158409119,1095,480,102,55
1262,33.50504746073492,1005,2.0,0.5435913801193237,1308,486,78,48
1106,33.50504746073492,1005,2.0,0.5048661828041077,567,262,75,31
1145,33.50504746073492,1005,2.0,0.5006442070007324,763,337,58,36
1300,33.50504746073492,1005,2.0,0.4456072747707367,201,243,41,36
1152,33.50504746073492,1005,2.0,0.35739731788635254,460,218,41,29
1310,33.50504746073492,1005,2.0,0.5569117069244385,715,353,61,33
1312,33.50504746073492,1005,2.0,0.6354758739471436,558,265,57,32
15,33.53838581641725,1006,2.0,0.26972872018814087,1528,457,68,36
1088,33.53838581641725,1006,2.0,0.631924033164978,1872,456,61,35
1174,33.53838581641725,1006,2.0,0.4460408389568329,335,526,73,62
1194,33.53838581641725,1006,2.0,0.5066083669662476,837,413,80,52
1196,33.53838581641725,1006,2.0,0.44390055537223816,331,361,59,38
1200,33.53838581641725,1006,2.0,0.7015132308006287,1085,475,105,57
1262,33.53838581641725,1006,2.0,0.43148595094680786,1306,485,76,48
1106,33.53838581641725,1006,2.0,0.39927902817726135,565,260,69,27
1145,33.53838581641725,1006,2.0,0.36680346727371216,757,336,62,39
1300,33.53838581641725,1006,2.0,0.43933922052383423,203,245,44,35
1152,33.53838581641725,1006,2.0,0.3880014419555664,458,216,46,29
1310,33.53838581641725,1006,2.0,0.5657551884651184,709,351,57,34
1312,33.53838581641725,1006,2.0,0.546974241733551,553,264,52,31
15,33.57172417209957,1007,2.0,0.2768365740776062,1528,457,68,36
1088,33.57172417209957,1007,2.0,0.6736960411071777,1874,454,60,35
1174,33.57172417209957,1007,2.0,0.5608418583869934,339,532,74,64
1194,33.57172417209957,1007,2.0,0.7008858323097229,827,406,78,47
1196,33.57172417209957,1007,2.0,0.37015780806541443,335,365,58,37
1200,33.57172417209957,1007,2.0,0.6560025811195374,1071,470,101,56
1262,33.57172417209957,1007,2.0,0.4286743402481079,1301,483,76,48
1106,33.57172417209957,1007,2.0,0.467048317193985,560,259,73,28
1145,33.57172417209957,1007,2.0,0.38054534792900085,751,332,55,34
1300,33.57172417209957,1007,2.0,0.536611020565033,203,247,44,35
1152,33.57172417209957,1007,2.0,0.5420620441436768,455,215,44,30
1310,33.57172417209957,1007,2.0,0.40889090299606323,707,350,57,32
1312,33.57172417209957,1007,2.0,0.6233764290809631,545,261,44,28
1253,33.57172417209957,1007,2.0,0.4929925799369812,571,259,53,26
15,33.6050625277819,1008,2.0,0.2819534242153168,1529,457,68,36
1088,33.6050625277819,1008,2.0,0.685829222202301,1878,452,64,34
1174,33.6050625277819,1008,2.0,0.6683818101882935,342,539,75,69
1194,33.6050625277819,1008,2.0,0.6384049654006958,819,401,76,45
1196,33.6050625277819,1008,2.0,0.4599228799343109,338,368,59,41
1200,33.6050625277819,1008,2.0,0.6737360954284668,1059,465,99,54
1262,33.6050625277819,1008,2.0,0.3309260606765747,1299,481,76,45
1106,33.6050625277819,1008,2.0,0.3609255850315094,558,257,71,28
1145,33.6050625277819,1008,2.0,0.3930550813674927,750,331,54,31
1300,33.6050625277819,1008,2.0,0.5109371542930603,203,249,43,34
1152,33.6050625277819,1008,2.0,0.5659472942352295,452,213,42,30
1310,33.6050625277819,1008,2.0,0.4746825397014618,701,343,55,35
1312,33.6050625277819,1008,2.0,0.4940233826637268,540,260,39,26
15,33.638400883464215,1009,2.0,0.2885160446166992,1529,457,68,36
1088,33.638400883464215,1009,2.0,0.6932855844497681,1882,451,66,34
1174,33.638400883464215,1009,2.0,0.5941422581672668,347,547,77,68
1194,33.638400883464215,1009,2.0,0.6034154891967773,811,398,74,45
1196,33.638400883464215,1009,2.0,0.6992177367210388,341,371,59,44
1200,33.638400883464215,1009,2.0,0.7103021144866943,1049,461,99,55
1262,33.638400883464215,1009,2.0,0.4070465862751007,1296,478,72,46
1106,33.638400883464215,1009,2.0,0.2529239058494568,555,255,73,28
1145,33.638400883464215,1009,2.0,0.3448134958744049,748,329,52,29
1300,33.638400883464215,1009,2.0,0.5068531632423401,206,252,47,32
1152,33.638400883464215,1009,2.0,0.4091762900352478,452,213,45,27
1310,33.638400883464215,1009,2.0,0.3835269808769226,693,340,57,34
1312,33.638400883464215,1009,2.0,0.4138803482055664,537,258,40,27
15,33.67173923914654,1010,2.0,0.2704826593399048,1529,457,68,37
1088,33.67173923914654,1010,2.0,0.684636652469635,1882,451,66,34
1174,33.67173923914654,1010,2.0,0.616044282913208,352,554,77,70
1194,33.67173923914654,1010,2.0,0.4835459887981415,803,393,75,42
1196,33.67173923914654,1010,2.0,0.48401761054992676,342,372,59,43
1200,33.67173923914654,1010,2.0,0.675263524055481,1040,457,99,54
1262,33.67173923914654,1010,2.0,0.48023563623428345,1294,477,69,46
1106,33.67173923914654,1010,2.0,0.3114013075828552,552,254,69,28
1145,33.67173923914654,1010,2.0,0.25331151485443115,745,327,52,28
1300,33.67173923914654,1010,2.0,0.37652215361595154,206,253,45,31
1152,33.67173923914654,1010,2.0,0.4850679636001587,449,212,40,27
1310,33.67173923914654,1010,2.0,0.39201992750167847,689,339,45,32
1312,33.67173923914654,1010,2.0,0.33564698696136475,535,257,41,28
15,33.705077594828865,1011,2.0,0.2594228982925415,1529,457,68,37
1088,33.705077594828865,1011,2.0,0.6642136573791504,1884,450,65,33
1174,33.705077594828865,1011,2.0,0.3890499770641327,356,563,80,73
1194,33.705077594828865,1011,2.0,0.48717331886291504,798,392,66,43
1200,33.705077594828865,1011,2.0,0.7688705325126648,1029,452,92,53
1262,33.705077594828865,1011,2.0,0.26773935556411743,1290,476,74,46
1106,33.705077594828865,1011,2.0,0.15083518624305725,549,253,70,29
1145,33.705077594828865,1011,2.0,0.12639954686164856,745,327,51,25
1300,33.705077594828865,1011,2.0,0.566002368927002,207,253,43,31
1152,33.705077594828865,1011,2.0,0.5072943568229675,446,210,38,27
1310,33.705077594828865,1011,2.0,0.48995843529701233,680,335,52,33
1312,33.705077594828865,1011,2.0,0.32155153155326843,532,256,39,28
1334,33.705077594828865,1011,2.0,0.7556443810462952,1648,813,249,138
15,33.73841595051119,1012,2.0,0.28668636083602905,1529,457,69,37
1088,33.73841595051119,1012,2.0,0.6465408802032471,1885,449,61,34
1174,33.73841595051119,1012,2.0,0.5513522028923035,362,572,82,73
1194,33.73841595051119,1012,2.0,0.5461214780807495,788,387,70,44
1200,33.73841595051119,1012,2.0,0.7528001666069031,1016,447,92,51
1262,33.73841595051119,1012,2.0,0.4481125473976135,1286,474,74,45
1106,33.73841595051119,1012,2.0,0.4021015763282776,546,251,72,32
1145,33.73841595051119,1012,2.0,0.14388597011566162,734,324,54,30
1300,33.73841595051119,1012,2.0,0.45001640915870667,207,254,42,34
1152,33.73841595051119,1012,2.0,0.5399736166000366,445,210,40,29
1310,33.73841595051119,1012,2.0,0.5978023409843445,673,330,57,34
1312,33.73841595051119,1012,2.0,0.3631919324398041,531,254,45,30
1334,33.73841595051119,1012,2.0,0.8340175151824951,1620,796,252,131
1335,33.73841595051119,1012,2.0,0.47263428568840027,1733,760,228,110
1196,33.73841595051119,1012,2.0,0.42815613746643066,353,384,63,39
15,33.771754306193515,1013,2.0,0.2847272753715515,1529,457,69,37
1088,33.771754306193515,1013,2.0,0.5092025995254517,1887,448,60,34
1174,33.771754306193515,1013,2.0,0.5597584843635559,367,580,83,78
1194,33.771754306193515,1013,2.0,0.6661664843559265,778,382,71,45
1200,33.771754306193515,1013,2.0,0.738355815410614,1006,442,90,49
1262,33.771754306193515,1013,2.0,0.26763054728507996,1282,473,78,45
1106,33.771754306193515,1013,2.0,0.4509122967720032,543,249,70,31
1145,33.771754306193515,1013,2.0,0.430637389421463,724,319,48,34
1300,33.771754306193515,1013,2.0,0.5056650638580322,207,254,41,36
1152,33.771754306193515,1013,2.0,0.6137424111366272,443,210,41,29
1310,33.771754306193515,1013,2.0,0.569379448890686,668,327,59,34
1312,33.771754306193515,1013,2.0,0.345329225063324,528,253,49,30
1334,33.771754306193515,1013,2.0,0.6939965486526489,1582,774,251,124
1335,33.771754306193515,1013,2.0,0.38580235838890076,1699,747,223,108
1196,33.771754306193515,1013,2.0,0.5028573870658875,356,388,65,44
15,33.80509266187583,1014,2.0,0.2738417088985443,1529,457,69,37
1088,33.80509266187583,1014,2.0,0.550504744052887,1889,448,58,32
1174,33.80509266187583,1014,2.0,0.4816778600215912,372,589,87,78
1194,33.80509266187583,1014,2.0,0.6992179155349731,771,379,72,46
1200,33.80509266187583,1014,2.0,0.6053552627563477,997,438,90,52
1262,33.80509266187583,1014,2.0,0.2712162435054779,1278,471,79,45
1106,33.80509266187583,1014,2.0,0.5871883034706116,539,247,68,33
1145,33.80509266187583,1014,2.0,0.4744378626346588,714,316,50,35
1300,33.80509266187583,1014,2.0,0.5278318524360657,208,256,41,36
1152,33.80509266187583,1014,2.0,0.5521222949028015,441,208,41,28
1310,33.80509266187583,1014,2.0,0.6158735156059265,663,325,57,34
1312,33.80509266187583,1014,2.0,0.2878465950489044,529,251,56,31
1334,33.80509266187583,1014,2.0,0.6559274792671204,1537,753,231,125
1335,33.80509266187583,1014,2.0,0.20532312989234924,1678,733,195,100
1196,33.80509266187583,1014,2.0,0.44073936343193054,359,392,60,45
15,33.83843101755816,1015,2.0,0.26490122079849243,1529,457,69,38
1088,33.83843101755816,1015,2.0,0.44638675451278687,1890,447,55,31
1174,33.83843101755816,1015,2.0,0.483994722366333,376,599,87,80
1194,33.83843101755816,1015,2.0,0.5201152563095093,765,375,68,44
1200,33.83843101755816,1015,2.0,0.45425012707710266,991,435,95,51
1262,33.83843101755816,1015,2.0,0.11080596596002579,1274,470,80,45
1106,33.83843101755816,1015,2.0,0.4951571524143219,546,246,52,32
1145,33.83843101755816,1015,2.0,0.3973376750946045,707,312,50,33
1300,33.83843101755816,1015,2.0,0.5064858198165894,209,258,40,36
1152,33.83843101755816,1015,2.0,0.6541500687599182,448,207,56,27
1310,33.83843101755816,1015,2.0,0.3965238034725189,656,321,58,35
1312,33.83843101755816,1015,2.0,0.44371694326400757,529,249,65,31
1334,33.83843101755816,1015,2.0,0.695162832736969,1506,737,235,119
1335,33.83843101755816,1015,2.0,0.32315894961357117,1663,722,152,98
1196,33.83843101755816,1015,2.0,0.4465317130088806,361,395,58,46
15,33.87176937324048,1016,2.0,0.22638455033302307,1529,457,69,38
1088,33.87176937324048,1016,2.0,0.4405308663845062,1892,446,54,32
1174,33.87176937324048,1016,2.0,0.6103454828262329,383,609,89,83
1194,33.87176937324048,1016,2.0,0.467048317193985,758,372,71,46
1200,33.87176937324048,1016,2.0,0.6340842843055725,978,431,89,50
1262,33.87176937324048,1016,2.0,0.18590505421161652,1270,466,76,44
1145,33.87176937324048,1016,2.0,0.3831547498703003,702,310,45,31
1300,33.87176937324048,1016,2.0,0.4340353310108185,209,261,39,39
1152,33.87176937324048,1016,2.0,0.505833625793457,446,206,55,27
1310,33.87176937324048,1016,2.0,0.4216150939464569,652,318,55,35
1312,33.87176937324048,1016,2.0,0.3389877378940582,522,248,57,31
1334,33.87176937324048,1016,2.0,0.6684780120849609,1468,722,224,111
1335,33.87176937324048,1016,2.0,0.44960924983024597,1613,707,183,97
1196,33.87176937324048,1016,2.0,0.30616652965545654,365,397,57,47
15,33.90510772892281,1017,2.0,0.22376194596290588,1529,457,69,38
1088,33.90510772892281,1017,2.0,0.4248204231262207,1893,446,52,32
1174,33.90510772892281,1017,2.0,0.4694824814796448,389,618,91,85
1194,33.90510772892281,1017,2.0,0.4928901493549347,760,370,77,44
1200,33.90510772892281,1017,2.0,0.5956549644470215,969,426,87,50
1262,33.90510772892281,1017,2.0,0.2215578705072403,1268,465,76,45
1145,33.90510772892281,1017,2.0,0.40181753039360046,698,308,43,29
1300,33.90510772892281,1017,2.0,0.449199378490448,212,267,41,35
1152,33.90510772892281,1017,2.0,0.5096631050109863,444,205,55,28
1310,33.90510772892281,1017,2.0,0.5581727027893066,647,315,58,36
1312,33.90510772892281,1017,2.0,0.3741138279438019,515,247,46,29
1334,33.90510772892281,1017,2.0,0.720869243144989,1438,707,222,108
1335,33.90510772892281,1017,2.0,0.46052083373069763,1582,695,185,94
1196,33.90510772892281,1017,2.0,0.41309720277786255,370,404,62,50
1343,33.90510772892281,1017,2.0,0.39714381098747253,456,208,64,25
1106,33.90510772892281,1017,2.0,0.2798974812030792,537,242,56,31
15,33.938446084605125,1018,2.0,0.25095510482788086,1529,457,69,38
1088,33.938446084605125,1018,2.0,0.33905887603759766,1894,444,49,32
1174,33.938446084605125,1018,2.0,0.49771595001220703,395,627,92,89
1194,33.938446084605125,1018,2.0,0.4954194128513336,746,366,69,45
1200,33.938446084605125,1018,2.0,0.7012657523155212,959,422,81,48
1262,33.938446084605125,1018,2.0,0.3700915575027466,1266,463,74,44
1145,33.938446084605125,1018,2.0,0.38319873809814453,695,306,40,27
1300,33.938446084605125,1018,2.0,0.5605493783950806,215,268,44,35
1152,33.938446084605125,1018,2.0,0.4488827586174011,441,205,56,28
1310,33.938446084605125,1018,2.0,0.5295518040657043,642,313,53,35
1312,33.938446084605125,1018,2.0,0.35408881306648254,511,246,40,28
1334,33.938446084605125,1018,2.0,0.754971444606781,1405,691,208,107
1335,33.938446084605125,1018,2.0,0.37393254041671753,1555,682,178,94
1196,33.938446084605125,1018,2.0,0.3656648099422455,375,412,67,45
1343,33.938446084605125,1018,2.0,0.3641376197338104,454,208,66,25
15,33.97178444028745,1019,2.0,0.26669004559516907,1529,457,69,38
1088,33.97178444028745,1019,2.0,0.337426096200943,1895,443,47,37
1174,33.97178444028745,1019,2.0,0.5814188718795776,400,638,92,89
1194,33.97178444028745,1019,2.0,0.5585845112800598,737,360,68,40
1200,33.97178444028745,1019,2.0,0.5883896350860596,949,416,80,46
1262,33.97178444028745,1019,2.0,0.22592538595199585,1264,462,70,44
1145,33.97178444028745,1019,2.0,0.4061882495880127,689,304,48,31
1300,33.97178444028745,1019,2.0,0.45712682604789734,217,270,46,36
1152,33.97178444028745,1019,2.0,0.30640482902526855,434,204,48,30
1310,33.97178444028745,1019,2.0,0.5246520638465881,635,311,54,35
1312,33.97178444028745,1019,2.0,0.5109895467758179,508,243,40,28
1334,33.97178444028745,1019,2.0,0.6674259305000305,1376,676,205,102
1335,33.97178444028745,1019,2.0,0.6819533109664917,1527,671,177,91
1196,33.97178444028745,1019,2.0,0.41693413257598877,380,417,67,49
1106,33.97178444028745,1019,2.0,0.349701464176178,527,240,59,29
15,34.005122795969775,1020,2.0,0.2554199993610382,1529,457,69,38
1088,34.005122795969775,1020,2.0,0.3714365065097809,1896,442,45,38
1174,34.005122795969775,1020,2.0,0.5302961468696594,406,649,96,92
1194,34.005122795969775,1020,2.0,0.619834303855896,729,356,65,39
1200,34.005122795969775,1020,2.0,0.6716007590293884,939,412,77,47
1262,34.005122795969775,1020,2.0,0.16628527641296387,1262,461,63,44
1145,34.005122795969775,1020,2.0,0.3715725541114807,688,303,48,31
1300,34.005122795969775,1020,2.0,0.5720395445823669,218,273,47,36
1152,34.005122795969775,1020,2.0,0.28346341848373413,436,202,55,32
1310,34.005122795969775,1020,2.0,0.6465750932693481,627,308,53,33
1312,34.005122795969775,1020,2.0,0.46504318714141846,507,242,43,27
1334,34.005122795969775,1020,2.0,0.7077827453613281,1347,662,196,103
1335,34.005122795969775,1020,2.0,0.644356906414032,1502,661,178,90
1196,34.005122795969775,1020,2.0,0.5410287976264954,383,420,64,50
1106,34.005122795969775,1020,2.0,0.32443562150001526,527,237,51,27
15,34.0384611516521,1021,2.0,0.26340562105178833,1529,457,69,37
1088,34.0384611516521,1021,2.0,0.4407931864261627,1897,441,44,38
1174,34.0384611516521,1021,2.0,0.3627912700176239,413,661,101,96
1194,34.0384611516521,1021,2.0,0.5170100927352905,721,354,66,40
1200,34.0384611516521,1021,2.0,0.5953393578529358,930,410,80,47
1145,34.0384611516521,1021,2.0,0.28748059272766113,681,301,52,35
1300,34.0384611516521,1021,2.0,0.5748516917228699,220,275,50,37
1152,34.0384611516521,1021,2.0,0.3773728013038635,429,201,47,33
1310,34.0384611516521,1021,2.0,0.7028657793998718,624,305,53,34
1312,34.0384611516521,1021,2.0,0.4203609228134155,501,240,41,27
1334,34.0384611516521,1021,2.0,0.8349924683570862,1315,651,178,95
1335,34.0384611516521,1021,2.0,0.6913470029830933,1474,651,169,86
1196,34.0384611516521,1021,2.0,0.5074004530906677,390,426,65,52
1106,34.0384611516521,1021,2.0,0.43159329891204834,524,236,49,24
1253,34.0384611516521,1021,2.0,0.47786638140678406,511,238,60,27
15,34.07179950733442,1022,2.0,0.25669747591018677,1529,457,69,37
1088,34.07179950733442,1022,2.0,0.5239615440368652,1898,440,43,40
1174,34.07179950733442,1022,2.0,0.3536258935928345,421,673,103,97
1194,34.07179950733442,1022,2.0,0.6573554277420044,716,352,64,38
1200,34.07179950733442,1022,2.0,0.6524779796600342,922,405,79,45
1145,34.07179950733442,1022,2.0,0.4749569594860077,677,298,49,35
1300,34.07179950733442,1022,2.0,0.5331951975822449,221,276,53,38
1152,34.07179950733442,1022,2.0,0.24256955087184906,425,201,40,32
1310,34.07179950733442,1022,2.0,0.7055531144142151,620,303,54,34
1312,34.07179950733442,1022,2.0,0.37269338965415955,496,239,38,24
1334,34.07179950733442,1022,2.0,0.6657289266586304,1294,638,184,94
1335,34.07179950733442,1022,2.0,0.5394206643104553,1452,640,166,84
1196,34.07179950733442,1022,2.0,0.3726639151573181,395,434,72,53
1106,34.07179950733442,1022,2.0,0.3484549820423126,527,235,40,24
1253,34.07179950733442,1022,2.0,0.29513269662857056,512,237,65,26
15,34.10513786301674,1023,2.0,0.25432735681533813,1529,457,69,38
1088,34.10513786301674,1023,2.0,0.4556678533554077,1898,439,42,39
1174,34.10513786301674,1023,7.0,0.33343878388404846,427,685,105,102
1194,34.10513786301674,1023,2.0,0.6238163113594055,709,349,62,37
1200,34.10513786301674,1023,2.0,0.7285293936729431,914,401,74,42
1145,34.10513786301674,1023,2.0,0.39987891912460327,671,297,47,36
1300,34.10513786301674,1023,2.0,0.5984402894973755,221,278,49,37
1152,34.10513786301674,1023,2.0,0.31979790329933167,420,200,36,29
1310,34.10513786301674,1023,2.0,0.6988126039505005,616,302,53,32
1312,34.10513786301674,1023,2.0,0.4511134922504425,493,237,37,25
1334,34.10513786301674,1023,2.0,0.5939899682998657,1266,626,170,93
1335,34.10513786301674,1023,2.0,0.48681989312171936,1425,629,157,84
1196,34.10513786301674,1023,2.0,0.4567912220954895,400,440,75,52
1106,34.10513786301674,1023,2.0,0.2699301540851593,527,234,36,22
1253,34.10513786301674,1023,2.0,0.29803547263145447,510,236,70,27
15,34.13847621869907,1024,2.0,0.24869348108768463,1529,457,69,37
1088,34.13847621869907,1024,2.0,0.4527166783809662,1898,438,41,36
1174,34.13847621869907,1024,7.0,0.4111769199371338,435,697,106,106
1194,34.13847621869907,1024,2.0,0.5070078372955322,705,347,59,36
1200,34.13847621869907,1024,2.0,0.46871325373649597,907,397,75,43
1145,34.13847621869907,1024,2.0,0.42266616225242615,664,295,48,35
1300,34.13847621869907,1024,2.0,0.5580287575721741,221,280,48,37
1152,34.13847621869907,1024,2.0,0.3705205023288727,419,199,36,29
1310,34.13847621869907,1024,2.0,0.5258280038833618,612,300,49,32
1312,34.13847621869907,1024,2.0,0.46926021575927734,491,236,35,26
1334,34.13847621869907,1024,2.0,0.40475282073020935,1245,613,168,90
1335,34.13847621869907,1024,2.0,0.30524247884750366,1404,619,157,77
1196,34.13847621869907,1024,2.0,0.2669585347175598,402,444,73,53
1106,34.13847621869907,1024,2.0,0.32116883993148804,527,234,34,22
15,34.17181457438139,1025,2.0,0.24936652183532715,1529,457,69,37
1088,34.17181457438139,1025,2.0,0.44324877858161926,1899,437,40,35
1174,34.17181457438139,1025,2.0,0.5745646953582764,444,712,109,109
1194,34.17181457438139,1025,2.0,0.38023921847343445,699,344,57,36
1200,34.17181457438139,1025,2.0,0.5069699883460999,899,393,71,44
1145,34.17181457438139,1025,2.0,0.49070754647254944,660,292,47,33
1300,34.17181457438139,1025,2.0,0.577225387096405,222,282,50,40
1152,34.17181457438139,1025,2.0,0.22610457241535187,418,199,39,28
1310,34.17181457438139,1025,2.0,0.5661653876304626,607,297,48,31
1312,34.17181457438139,1025,2.0,0.4049605131149292,488,235,36,27
1334,34.17181457438139,1025,2.0,0.719165027141571,1217,605,154,86
1335,34.17181457438139,1025,2.0,0.5171827673912048,1382,610,153,75
1196,34.17181457438139,1025,2.0,0.3445330560207367,407,451,75,53
1106,34.17181457438139,1025,2.0,0.21842734515666962,526,233,32,21
15,34.20515293006371,1026,2.0,0.2499750554561615,1529,457,69,36
1088,34.20515293006371,1026,2.0,0.43339356780052185,1899,436,38,35
1174,34.20515293006371,1026,2.0,0.6326273083686829,452,724,116,111
1194,34.20515293006371,1026,2.0,0.46152204275131226,696,340,54,38
1200,34.20515293006371,1026,2.0,0.5752732157707214,892,389,75,43
1145,34.20515293006371,1026,2.0,0.4238862991333008,656,291,44,31
1300,34.20515293006371,1026,2.0,0.44057339429855347,224,284,49,42
1152,34.20515293006371,1026,2.0,0.32823896408081055,422,198,49,28
1310,34.20515293006371,1026,2.0,0.6125004887580872,603,296,47,30
1312,34.20515293006371,1026,2.0,0.23507924377918243,486,233,36,28
1334,34.20515293006371,1026,2.0,0.7004349827766418,1195,593,149,87
1335,34.20515293006371,1026,2.0,0.6766025424003601,1363,603,155,74
1196,34.20515293006371,1026,2.0,0.30057111382484436,413,457,75,53
1106,34.20515293006371,1026,2.0,0.22201810777187347,523,231,35,25
15,34.238491285746036,1027,2.0,0.2564660906791687,1528,457,68,36
1088,34.238491285746036,1027,2.0,0.21858777105808258,1900,437,37,32
1174,34.238491285746036,1027,2.0,0.5221372246742249,460,739,118,116
1194,34.238491285746036,1027,2.0,0.3913884460926056,687,336,57,38
1200,34.238491285746036,1027,2.0,0.6095713973045349,885,388,75,43
1300,34.238491285746036,1027,2.0,0.49774453043937683,225,287,51,44
1152,34.238491285746036,1027,2.0,0.39573994278907776,418,198,42,27
1310,34.238491285746036,1027,2.0,0.6695013642311096,600,293,48,31
1312,34.238491285746036,1027,2.0,0.26119911670684814,485,231,37,27
1334,34.238491285746036,1027,2.0,0.41158080101013184,1174,582,142,87
1335,34.238491285746036,1027,2.0,0.2353372573852539,1345,594,153,75
1196,34.238491285746036,1027,2.0,0.27562013268470764,420,464,73,51
1106,34.238491285746036,1027,2.0,0.16236135363578796,516,230,45,26
15,34.27182964142836,1028,2.0,0.2656521499156952,1529,457,69,37
1088,34.27182964142836,1028,2.0,0.27738332748413086,1900,437,37,31
1174,34.27182964142836,1028,2.0,0.7112822532653809,470,755,122,121
1194,34.27182964142836,1028,2.0,0.44288963079452515,681,332,58,36
1200,34.27182964142836,1028,2.0,0.6715673208236694,877,384,73,45
1300,34.27182964142836,1028,2.0,0.4493626654148102,227,288,51,45
1152,34.27182964142836,1028,2.0,0.3479424715042114,417,197,43,27
1310,34.27182964142836,1028,2.0,0.6872240304946899,596,291,52,32
1312,34.27182964142836,1028,2.0,0.13804854452610016,485,231,38,28
1334,34.27182964142836,1028,2.0,0.322111040353775,1154,572,140,82
1335,34.27182964142836,1028,2.0,0.37124547362327576,1325,585,144,73
1196,34.27182964142836,1028,2.0,0.34943971037864685,426,471,72,52
1106,34.27182964142836,1028,2.0,0.11044538766145706,516,230,42,26
1145,34.27182964142836,1028,2.0,0.44432833790779114,652,284,41,28
15,34.305167997110686,1029,2.0,0.2942955791950226,1529,457,69,37
1088,34.305167997110686,1029,2.0,0.2225256860256195,1902,437,33,32
1174,34.305167997110686,1029,2.0,0.6155499815940857,480,772,125,124
1194,34.305167997110686,1029,2.0,0.3742038309574127,675,330,56,37
1200,34.305167997110686,1029,2.0,0.658390462398529,868,382,73,43
1300,34.305167997110686,1029,2.0,0.6132786273956299,228,291,50,44
1152,34.305167997110686,1029,2.0,0.3855551481246948,414,195,41,27
1310,34.305167997110686,1029,2.0,0.575133204460144,592,290,47,31
1312,34.305167997110686,1029,2.0,0.1547260284423828,483,229,42,28
1334,34.305167997110686,1029,2.0,0.6750497817993164,1135,564,138,81
1335,34.305167997110686,1029,2.0,0.531308650970459,1307,578,144,71
1196,34.305167997110686,1029,2.0,0.4463139474391937,432,478,75,50
1106,34.305167997110686,1029,2.0,0.1203947588801384,510,229,53,26
1145,34.305167997110686,1029,2.0,0.4552842080593109,649,283,44,27
15,34.338506352793004,1030,2.0,0.29339101910591125,1529,457,69,37
1088,34.338506352793004,1030,2.0,0.17406490445137024,1904,436,29,34
1174,34.338506352793004,1030,2.0,0.6012629866600037,489,788,128,129
1194,34.338506352793004,1030,2.0,0.5357121229171753,670,326,59,37
1200,34.338506352793004,1030,2.0,0.5249033570289612,862,379,72,41
1300,34.338506352793004,1030,2.0,0.6906735897064209,230,292,51,45
1152,34.338506352793004,1030,2.0,0.4355928897857666,412,193,40,27
1310,34.338506352793004,1030,2.0,0.601868748664856,586,286,47,32
1334,34.338506352793004,1030,2.0,0.6875841021537781,1125,555,151,79
1335,34.338506352793004,1030,2.0,0.5977314710617065,1286,569,135,70
1196,34.338506352793004,1030,2.0,0.10374148935079575,439,482,89,55
1145,34.338506352793004,1030,2.0,0.42741140723228455,644,283,42,28
15,34.37184470847533,1031,2.0,0.2680925130844116,1529,457,69,37
1088,34.37184470847533,1031,2.0,0.13662052154541016,1906,436,25,33
1174,34.37184470847533,1031,2.0,0.682000458240509,500,805,131,132
1194,34.37184470847533,1031,2.0,0.4908369779586792,666,324,58,35
1200,34.37184470847533,1031,2.0,0.565233588218689,856,376,71,42
1300,34.37184470847533,1031,2.0,0.6812821626663208,232,295,53,45
1152,34.37184470847533,1031,2.0,0.26277661323547363,411,192,42,28
1310,34.37184470847533,1031,2.0,0.6158802509307861,581,284,44,31
1334,34.37184470847533,1031,2.0,0.6219340562820435,1102,545,135,75
1335,34.37184470847533,1031,2.0,0.6940262913703918,1268,562,131,67
1196,34.37184470847533,1031,2.0,0.14369317889213562,443,488,80,56
1145,34.37184470847533,1031,2.0,0.3715222477912903,642,281,47,28
15,34.405183064157654,1032,2.0,0.27204304933547974,1529,457,69,37
1088,34.405183064157654,1032,2.0,0.10254910588264465,1907,436,23,34
1174,34.405183064157654,1032,2.0,0.4340168237686157,510,823,136,139
1194,34.405183064157654,1032,2.0,0.4719218909740448,663,322,51,33
1200,34.405183064157654,1032,2.0,0.6460215449333191,847,372,68,45
1300,34.405183064157654,1032,2.0,0.6230629682540894,233,298,54,43
1152,34.405183064157654,1032,2.0,0.26249071955680847,411,190,45,28
1310,34.405183064157654,1032,2.0,0.48774176836013794,577,282,47,30
1334,34.405183064157654,1032,2.0,0.5070927143096924,1083,538,130,75
1335,34.405183064157654,1032,2.0,0.630191445350647,1252,555,132,65
1196,34.405183064157654,1032,2.0,0.3969198167324066,447,494,80,62
1145,34.405183064157654,1032,2.0,0.3100787103176117,638,280,46,27
15,34.43852141983998,1033,2.0,0.2817767858505249,1529,457,69,37
1174,34.43852141983998,1033,2.0,0.7163298726081848,522,842,141,143
1194,34.43852141983998,1033,2.0,0.46129143238067627,656,318,50,36
1200,34.43852141983998,1033,2.0,0.6371115446090698,839,368,67,44
1300,34.43852141983998,1033,2.0,0.5467944145202637,233,300,52,42
1152,34.43852141983998,1033,2.0,0.3661035895347595,405,188,39,28
1310,34.43852141983998,1033,2.0,0.5998145937919617,574,280,49,31
1334,34.43852141983998,1033,2.0,0.6460372805595398,1066,529,123,74
1335,34.43852141983998,1033,2.0,0.6160896420478821,1237,549,132,64
1196,34.43852141983998,1033,2.0,0.24748338758945465,455,501,83,64
1312,34.43852141983998,1033,2.0,0.2974330484867096,469,224,38,26
15,34.4718597755223,1034,2.0,0.2890550494194031,1529,457,69,37
1174,34.4718597755223,1034,2.0,0.38753774762153625,535,861,147,146
1194,34.4718597755223,1034,2.0,0.4240707457065582,650,314,55,39
1200,34.4718597755223,1034,2.0,0.6699074506759644,834,366,66,43
1300,34.4718597755223,1034,2.0,0.599695086479187,232,303,47,41
1152,34.4718597755223,1034,2.0,0.28792595863342285,401,188,34,26
1310,34.4718597755223,1034,2.0,0.5659431219100952,570,278,50,32
1334,34.4718597755223,1034,2.0,0.708993136882782,1050,522,120,72
1335,34.4718597755223,1034,2.0,0.6695188879966736,1224,541,132,68
1196,34.4718597755223,1034,2.0,0.366828054189682,462,508,83,68
1312,34.4718597755223,1034,2.0,0.2040923684835434,467,223,37,26
15,34.50519813120462,1035,2.0,0.25145718455314636,1529,457,69,37
1174,34.50519813120462,1035,2.0,0.3457989990711212,546,876,146,140
1194,34.50519813120462,1035,2.0,0.43497827649116516,644,311,57,37
1200,34.50519813120462,1035,2.0,0.7146260738372803,826,364,64,43
1300,34.50519813120462,1035,2.0,0.6685813069343567,235,306,48,40
1152,34.50519813120462,1035,2.0,0.33731138706207275,400,187,31,25
1310,34.50519813120462,1035,2.0,0.4900869131088257,566,276,47,32
1334,34.50519813120462,1035,2.0,0.5053999423980713,1033,513,116,72
1335,34.50519813120462,1035,2.0,0.45065048336982727,1206,535,128,67
1196,34.50519813120462,1035,2.0,0.3800048232078552,473,517,94,68
1312,34.50519813120462,1035,2.0,0.2825790345668793,465,222,35,24
15,34.53853648688695,1036,2.0,0.27359241247177124,1529,457,69,37
1194,34.53853648688695,1036,2.0,0.3092113137245178,637,308,59,37
1200,34.53853648688695,1036,2.0,0.5972815155982971,819,360,64,40
1300,34.53853648688695,1036,2.0,0.554500162601471,238,309,51,44
1152,34.53853648688695,1036,2.0,0.26904943585395813,398,186,29,25
1310,34.53853648688695,1036,2.0,0.5364553928375244,562,274,45,29
1334,34.53853648688695,1036,2.0,0.5718777179718018,1020,507,114,70
1335,34.53853648688695,1036,2.0,0.6165614128112793,1192,528,120,66
1196,34.53853648688695,1036,2.0,0.4099970757961273,476,524,88,70
1312,34.53853648688695,1036,2.0,0.24238736927509308,464,221,36,23
15,34.57187484256927,1037,2.0,0.280636191368103,1529,457,68,36
1194,34.57187484256927,1037,2.0,0.49824947118759155,630,307,56,36
1200,34.57187484256927,1037,2.0,0.6879062652587891,813,356,63,37
1300,34.57187484256927,1037,2.0,0.5084328055381775,240,312,52,47
1152,34.57187484256927,1037,2.0,0.22005997598171234,396,185,29,25
1310,34.57187484256927,1037,2.0,0.5815098881721497,558,272,44,28
1334,34.57187484256927,1037,2.0,0.5529322624206543,1004,500,107,65
1335,34.57187484256927,1037,2.0,0.4504085183143616,1179,521,120,62
1196,34.57187484256927,1037,2.0,0.4454798400402069,486,532,88,71
1312,34.57187484256927,1037,2.0,0.33295419812202454,462,219,39,24
15,34.6052131982516,1038,2.0,0.2910052537918091,1529,457,69,38
1194,34.6052131982516,1038,2.0,0.5288625359535217,627,305,55,37
1200,34.6052131982516,1038,2.0,0.7003555297851562,808,353,65,35
1300,34.6052131982516,1038,2.0,0.596196711063385,242,315,52,47
1152,34.6052131982516,1038,2.0,0.13889430463314056,395,185,30,23
1310,34.6052131982516,1038,2.0,0.5121026039123535,556,271,45,28
1334,34.6052131982516,1038,2.0,0.4439379870891571,990,491,108,66
1335,34.6052131982516,1038,2.0,0.546025276184082,1166,515,117,61
1196,34.6052131982516,1038,2.0,0.5121279358863831,492,542,88,70
15,34.638551553933915,1039,2.0,0.30119261145591736,1529,457,69,39
1194,34.638551553933915,1039,2.0,0.5052250027656555,622,303,53,36
1200,34.638551553933915,1039,2.0,0.6937500238418579,801,352,63,34
1300,34.638551553933915,1039,2.0,0.6651531457901001,244,317,55,48
1152,34.638551553933915,1039,2.0,0.20847684144973755,395,185,34,23
1310,34.638551553933915,1039,2.0,0.5459780097007751,552,269,46,29
1334,34.638551553933915,1039,2.0,0.4485316872596741,977,485,107,66
1335,34.638551553933915,1039,2.0,0.4755765497684479,1150,508,115,60
1196,34.638551553933915,1039,2.0,0.4209884703159332,496,549,87,72
1312,34.638551553933915,1039,2.0,0.37966853380203247,466,216,57,21
15,34.67188990961624,1040,2.0,0.2777943015098572,1529,457,69,39
1194,34.67188990961624,1040,2.0,0.5416849255561829,618,300,55,35
1200,34.67188990961624,1040,2.0,0.4984877109527588,795,349,61,35
1300,34.67188990961624,1040,2.0,0.7126778364181519,246,320,54,47
1152,34.67188990961624,1040,2.0,0.17621608078479767,392,185,35,23
1310,34.67188990961624,1040,2.0,0.6650645732879639,549,267,48,32
1334,34.67188990961624,1040,2.0,0.5284910798072815,964,477,103,67
1335,34.67188990961624,1040,2.0,0.5587862133979797,1137,504,113,58
1196,34.67188990961624,1040,2.0,0.5110693573951721,504,559,89,76
1366,34.67188990961624,1040,2.0,0.4973064064979553,612,280,46,55
1312,34.67188990961624,1040,2.0,0.30466073751449585,466,215,63,23
15,34.705228265298565,1041,2.0,0.3008025288581848,1529,457,69,39
1194,34.705228265298565,1041,2.0,0.5538519620895386,615,300,54,33
1200,34.705228265298565,1041,2.0,0.612084150314331,789,346,59,35
1300,34.705228265298565,1041,2.0,0.702137291431427,247,322,57,47
1152,34.705228265298565,1041,2.0,0.29733404517173767,391,184,34,23
1310,34.705228265298565,1041,2.0,0.6783138513565063,544,264,45,33
1334,34.705228265298565,1041,2.0,0.5265106558799744,951,472,101,64
1335,34.705228265298565,1041,2.0,0.43039819598197937,1124,499,113,55
1196,34.705228265298565,1041,2.0,0.4090953767299652,512,568,90,76
1366,34.705228265298565,1041,2.0,0.44363147020339966,610,272,45,46
1312,34.705228265298565,1041,2.0,0.3161114752292633,465,213,68,26
1372,34.705228265298565,1041,2.0,0.5411949753761292,448,214,36,25
15,34.73856662098089,1042,2.0,0.29763519763946533,1529,457,69,39
1194,34.73856662098089,1042,2.0,0.5326865315437317,609,298,52,32
1200,34.73856662098089,1042,2.0,0.5882766842842102,782,344,62,37
1300,34.73856662098089,1042,2.0,0.6650263667106628,248,326,58,47
1152,34.73856662098089,1042,2.0,0.16798622906208038,389,185,32,23
1310,34.73856662098089,1042,2.0,0.6629865765571594,540,262,46,32
1334,34.73856662098089,1042,2.0,0.5972652435302734,939,466,101,63
1335,34.73856662098089,1042,2.0,0.4131797254085541,1108,492,105,52
1196,34.73856662098089,1042,7.0,0.3266682028770447,520,577,95,81
1366,34.73856662098089,1042,2.0,0.46018463373184204,605,279,50,60
1312,34.73856662098089,1042,2.0,0.23531904816627502,464,211,70,27
1372,34.73856662098089,1042,2.0,0.42332905530929565,445,213,34,26
15,34.77190497666321,1043,2.0,0.29611408710479736,1529,457,69,39
1194,34.77190497666321,1043,2.0,0.42805033922195435,607,297,50,30
1200,34.77190497666321,1043,2.0,0.6204131841659546,777,341,63,40
1300,34.77190497666321,1043,2.0,0.5983699560165405,249,329,58,50
1152,34.77190497666321,1043,2.0,0.1863618642091751,388,184,31,22
1310,34.77190497666321,1043,2.0,0.6284337043762207,537,261,44,31
1334,34.77190497666321,1043,2.0,0.4177919328212738,926,460,99,62
1335,34.77190497666321,1043,2.0,0.4694977402687073,1096,486,105,53
1196,34.77190497666321,1043,7.0,0.2659206688404083,529,587,94,82
1366,34.77190497666321,1043,2.0,0.32820069789886475,601,279,58,63
1312,34.77190497666321,1043,2.0,0.17158137261867523,469,210,59,26
1372,34.77190497666321,1043,2.0,0.41358837485313416,444,213,32,25
1378,34.77190497666321,1043,2.0,0.3956514596939087,1006,798,140,75
15,34.80524333234553,1044,2.0,0.2941167652606964,1529,457,69,39
1194,34.80524333234553,1044,2.0,0.5057392120361328,601,293,50,30
1200,34.80524333234553,1044,2.0,0.596472442150116,771,338,62,39
1300,34.80524333234553,1044,2.0,0.5790748000144958,251,333,61,50
1152,34.80524333234553,1044,2.0,0.14667962491512299,388,185,30,22
1310,34.80524333234553,1044,2.0,0.7351148128509521,535,259,42,30
1334,34.80524333234553,1044,2.0,0.6194800734519958,914,455,95,60
1335,34.80524333234553,1044,2.0,0.5302533507347107,1087,481,107,54
1196,34.80524333234553,1044,2.0,0.2896002233028412,539,598,97,85
1366,34.80524333234553,1044,2.0,0.3516882359981537,597,277,56,58
1312,34.80524333234553,1044,2.0,0.183366596698761,468,210,64,26
1372,34.80524333234553,1044,2.0,0.4308894872665405,443,212,29,24
1378,34.80524333234553,1044,2.0,0.31339165568351746,1007,798,142,75
15,34.83858168802786,1045,2.0,0.2764011025428772,1529,457,69,39
1194,34.83858168802786,1045,2.0,0.48338237404823303,597,290,53,34
1200,34.83858168802786,1045,2.0,0.6107101440429688,765,335,60,38
1300,34.83858168802786,1045,2.0,0.5554481744766235,254,336,62,51
1310,34.83858168802786,1045,2.0,0.6739652156829834,533,258,41,28
1334,34.83858168802786,1045,2.0,0.4408217966556549,903,450,93,59
1335,34.83858168802786,1045,2.0,0.4714934527873993,1073,476,102,54
1196,34.83858168802786,1045,2.0,0.3783529996871948,552,610,107,87
1366,34.83858168802786,1045,2.0,0.3877824544906616,594,275,53,56
1312,34.83858168802786,1045,2.0,0.22460786998271942,472,209,47,25
1372,34.83858168802786,1045,2.0,0.3227485716342926,440,210,32,26
1378,34.83858168802786,1045,2.0,0.32758739590644836,1017,798,150,77
15,34.87192004371018,1046,2.0,0.29476064443588257,1529,457,69,39
1194,34.87192004371018,1046,2.0,0.5398783087730408,592,286,51,34
1200,34.87192004371018,1046,2.0,0.7216386198997498,760,332,60,36
1300,34.87192004371018,1046,2.0,0.575001060962677,256,340,62,49
1310,34.87192004371018,1046,2.0,0.7300909161567688,528,257,46,27
1334,34.87192004371018,1046,2.0,0.5031644701957703,894,444,94,59
1335,34.87192004371018,1046,2.0,0.5436519384384155,1059,470,98,48
1196,34.87192004371018,1046,2.0,0.4187837243080139,560,621,108,87
1366,34.87192004371018,1046,2.0,0.4433292746543884,592,273,53,57
1372,34.87192004371018,1046,2.0,0.34529775381088257,439,208,33,27
1378,34.87192004371018,1046,2.0,0.4662332236766815,1021,798,151,79
1106,34.87192004371018,1046,2.0,0.2846927046775818,465,208,52,24
15,34.9052583993925,1047,2.0,0.2957947552204132,1529,457,69,39
1194,34.9052583993925,1047,2.0,0.5314530730247498,588,284,49,35
1200,34.9052583993925,1047,2.0,0.6671640276908875,753,331,60,35
1300,34.9052583993925,1047,2.0,0.558250367641449,258,342,62,50
1310,34.9052583993925,1047,2.0,0.7372493743896484,524,255,46,27
1334,34.9052583993925,1047,2.0,0.5206990838050842,884,437,91,57
1335,34.9052583993925,1047,2.0,0.4714035987854004,1049,465,99,51
1196,34.9052583993925,1047,2.0,0.3471349775791168,569,632,106,91
1366,34.9052583993925,1047,2.0,0.49779602885246277,588,273,50,56
1372,34.9052583993925,1047,2.0,0.4214402139186859,442,208,44,26
1378,34.9052583993925,1047,2.0,0.40618184208869934,1028,796,153,78
1106,34.9052583993925,1047,2.0,0.33071789145469666,460,208,58,23
15,34.938596755074826,1048,2.0,0.3217194378376007,1529,457,69,39
1194,34.938596755074826,1048,2.0,0.5353219509124756,582,281,49,37
1200,34.938596755074826,1048,2.0,0.6282662153244019,748,329,58,33
1300,34.938596755074826,1048,2.0,0.5436394810676575,259,345,60,49
1310,34.938596755074826,1048,2.0,0.7366060614585876,521,254,47,29
1334,34.938596755074826,1048,2.0,0.5976182222366333,873,432,88,60
1335,34.938596755074826,1048,2.0,0.6730023622512817,1040,460,97,53
1196,34.938596755074826,1048,2.0,0.4505881071090698,578,644,105,92
1366,34.938596755074826,1048,2.0,0.5438783764839172,582,272,51,56
1372,34.938596755074826,1048,2.0,0.2738068103790283,440,205,41,28
1378,34.938596755074826,1048,2.0,0.44520303606987,1035,794,162,78
1106,34.938596755074826,1048,2.0,0.18745145201683044,459,207,57,25
15,34.97193511075715,1049,2.0,0.3332751393318176,1529,457,69,39
1200,34.97193511075715,1049,2.0,0.6017517447471619,745,328,56,33
1300,34.97193511075715,1049,2.0,0.5795842409133911,261,349,61,49
1310,34.97193511075715,1049,2.0,0.584206759929657,518,253,47,29
1334,34.97193511075715,1049,2.0,0.7134152054786682,862,427,86,58
1335,34.97193511075715,1049,2.0,0.5674455761909485,1030,455,95,49
1196,34.97193511075715,1049,7.0,0.26109349727630615,590,657,109,98
1366,34.97193511075715,1049,2.0,0.5268115997314453,578,270,50,57
1372,34.97193511075715,1049,2.0,0.21971364319324493,436,202,42,32
1378,34.97193511075715,1049,2.0,0.6153124570846558,1036,791,167,76
1106,34.97193511075715,1049,2.0,0.1744687855243683,463,206,45,26
1392,34.97193511075715,1049,2.0,0.3137560188770294,1582,478,72,43
15,35.005273466439476,1050,2.0,0.30527159571647644,1529,457,69,39
1200,35.005273466439476,1050,2.0,0.622939944267273,740,325,57,34
1300,35.005273466439476,1050,2.0,0.469279408454895,263,352,59,51
1310,35.005273466439476,1050,2.0,0.5246180295944214,515,252,48,30
1334,35.005273466439476,1050,2.0,0.5473993420600891,852,422,86,58
1335,35.005273466439476,1050,2.0,0.5275138020515442,1017,452,92,49
1196,35.005273466439476,1050,7.0,0.42348527908325195,601,671,116,101
1366,35.005273466439476,1050,2.0,0.48650211095809937,575,268,50,55
1372,35.005273466439476,1050,2.0,0.21910114586353302,438,202,54,31
1378,35.005273466439476,1050,2.0,0.617484450340271,1044,789,156,73
1106,35.005273466439476,1050,2.0,0.1692109853029251,453,205,56,26
1392,35.005273466439476,1050,2.0,0.2848166227340698,1582,478,71,43
15,35.038611822121794,1051,2.0,0.2728203535079956,1529,457,69,39
1200,35.038611822121794,1051,2.0,0.5158197283744812,734,323,56,34
1300,35.038611822121794,1051,2.0,0.5472263693809509,264,355,56,54
1310,35.038611822121794,1051,2.0,0.49285146594047546,510,249,44,27
1334,35.038611822121794,1051,2.0,0.38702359795570374,843,418,82,57
1335,35.038611822121794,1051,2.0,0.5723152756690979,1007,447,92,48
1196,35.038611822121794,1051,7.0,0.5323220491409302,612,685,116,103
1366,35.038611822121794,1051,2.0,0.4504009485244751,571,267,49,52
1378,35.038611822121794,1051,2.0,0.46205008029937744,1054,787,152,72
1106,35.038611822121794,1051,2.0,0.11025503277778625,447,204,59,27
1392,35.038611822121794,1051,2.0,0.2409929484128952,1582,478,71,42
15,35.07195017780412,1052,2.0,0.2788369059562683,1529,457,69,39
1200,35.07195017780412,1052,2.0,0.6097506284713745,728,321,56,35
1300,35.07195017780412,1052,2.0,0.4609459638595581,266,359,57,55
1310,35.07195017780412,1052,2.0,0.540719747543335,509,248,43,27
1334,35.07195017780412,1052,2.0,0.5463037490844727,831,414,80,52
1335,35.07195017780412,1052,2.0,0.47262856364250183,998,442,90,48
1196,35.07195017780412,1052,7.0,0.44932183623313904,625,700,118,106
1366,35.07195017780412,1052,2.0,0.5333689451217651,568,265,49,52
1378,35.07195017780412,1052,2.0,0.5521761178970337,1061,785,149,71
1392,35.07195017780412,1052,2.0,0.2602388858795166,1582,478,71,43
1397,35.07195017780412,1052,2.0,0.5625991821289062,1685,818,265,130
15,35.105288533486444,1053,2.0,0.28463464975357056,1529,457,69,39
1200,35.105288533486444,1053,2.0,0.5701616406440735,724,318,55,36
1300,35.105288533486444,1053,2.0,0.4367507994174957,267,361,57,55
1310,35.105288533486444,1053,2.0,0.5394514203071594,507,248,45,27
1334,35.105288533486444,1053,2.0,0.6358332633972168,823,409,80,51
1335,35.105288533486444,1053,2.0,0.6151639223098755,989,438,88,49
1196,35.105288533486444,1053,2.0,0.5734780430793762,641,716,127,109
1366,35.105288533486444,1053,2.0,0.5251284241676331,564,263,46,50
1378,35.105288533486444,1053,2.0,0.5980105400085449,1070,777,156,85
1392,35.105288533486444,1053,2.0,0.28193721175193787,1582,478,72,43
1397,35.105288533486444,1053,2.0,0.7407456040382385,1646,799,251,129
15,35.13862688916877,1054,2.0,0.2978930175304413,1529,457,69,39
1200,35.13862688916877,1054,2.0,0.4981713593006134,720,316,58,37
1300,35.13862688916877,1054,2.0,0.4976644515991211,269,366,58,56
1310,35.13862688916877,1054,2.0,0.5352749228477478,504,247,46,27
1334,35.13862688916877,1054,2.0,0.5618830919265747,814,405,80,51
1335,35.13862688916877,1054,2.0,0.46435046195983887,981,434,88,50
1196,35.13862688916877,1054,2.0,0.38355112075805664,653,733,126,115
1366,35.13862688916877,1054,2.0,0.3964446187019348,561,262,48,52
1378,35.13862688916877,1054,2.0,0.6520361304283142,1077,775,156,81
1392,35.13862688916877,1054,2.0,0.2792206108570099,1582,478,72,43
1397,35.13862688916877,1054,2.0,0.7585625052452087,1595,778,236,121
15,35.17196524485109,1055,2.0,0.30816054344177246,1529,457,69,39
1200,35.17196524485109,1055,2.0,0.6755756735801697,714,313,57,34
1300,35.17196524485109,1055,2.0,0.583807110786438,272,370,61,56
1310,35.17196524485109,1055,2.0,0.5484961271286011,499,245,44,27
1334,35.17196524485109,1055,2.0,0.5314977169036865,805,399,79,47
1335,35.17196524485109,1055,2.0,0.5679806470870972,971,431,88,49
1196,35.17196524485109,1055,2.0,0.4595798850059509,669,750,129,120
1366,35.17196524485109,1055,2.0,0.6273155808448792,558,261,47,50
1378,35.17196524485109,1055,2.0,0.5881211757659912,1084,773,154,81
1392,35.17196524485109,1055,2.0,0.2987494170665741,1582,478,71,43
1397,35.17196524485109,1055,2.0,0.6054170727729797,1556,755,231,130
15,35.20530360053341,1056,2.0,0.28021129965782166,1529,457,69,39
1200,35.20530360053341,1056,2.0,0.7416946291923523,708,309,53,32
1300,35.20530360053341,1056,2.0,0.5861051082611084,273,374,62,55
1310,35.20530360053341,1056,2.0,0.5977679491043091,496,243,41,29
1334,35.20530360053341,1056,2.0,0.4886915683746338,797,394,79,49
1335,35.20530360053341,1056,2.0,0.4409297704696655,961,427,84,49
1196,35.20530360053341,1056,2.0,0.5974450707435608,686,767,138,121
1366,35.20530360053341,1056,2.0,0.5811073780059814,555,258,44,51
1378,35.20530360053341,1056,2.0,0.7036968469619751,1089,770,154,82
1392,35.20530360053341,1056,2.0,0.29147908091545105,1582,478,71,43
1397,35.20530360053341,1056,2.0,0.7902333736419678,1517,738,220,121
1106,35.20530360053341,1056,2.0,0.402019739151001,419,197,35,28
15,35.23864195621574,1057,2.0,0.2834959626197815,1529,457,69,39
1200,35.23864195621574,1057,2.0,0.7339851260185242,703,307,53,32
1300,35.23864195621574,1057,2.0,0.5094872117042542,274,377,58,56
1310,35.23864195621574,1057,2.0,0.5751855969429016,493,241,40,29
1334,35.23864195621574,1057,2.0,0.5014679431915283,790,391,75,50
1335,35.23864195621574,1057,2.0,0.5260360240936279,952,422,81,46
1196,35.23864195621574,1057,7.0,0.40822285413742065,701,787,139,127
1366,35.23864195621574,1057,2.0,0.5642923712730408,551,255,44,52
1378,35.23864195621574,1057,2.0,0.6108869314193726,1095,766,150,81
1392,35.23864195621574,1057,2.0,0.2773844599723816,1582,479,70,43
1397,35.23864195621574,1057,2.0,0.6462053656578064,1482,722,217,112
1106,35.23864195621574,1057,2.0,0.36655697226524353,416,196,30,27
15,35.27198031189806,1058,2.0,0.28118273615837097,1529,457,69,39
1200,35.27198031189806,1058,2.0,0.7226460576057434,699,305,53,31
1300,35.27198031189806,1058,2.0,0.4370274841785431,279,381,64,57
1310,35.27198031189806,1058,2.0,0.5548221468925476,493,241,45,29
1334,35.27198031189806,1058,2.0,0.7736286520957947,782,387,75,53
1335,35.27198031189806,1058,2.0,0.3999224305152893,941,418,82,43
1196,35.27198031189806,1058,2.0,0.502352237701416,719,807,143,132
1366,35.27198031189806,1058,2.0,0.5024044513702393,548,252,43,50
1378,35.27198031189806,1058,2.0,0.6477433443069458,1100,763,149,81
1392,35.27198031189806,1058,2.0,0.2808763384819031,1582,479,70,43
1397,35.27198031189806,1058,2.0,0.6758809685707092,1446,706,203,107
1106,35.27198031189806,1058,2.0,0.3400557339191437,415,195,28,28
15,35.30531866758038,1059,2.0,0.291265070438385,1529,458,69,40
1200,35.30531866758038,1059,2.0,0.645432710647583,695,303,52,31
1300,35.30531866758038,1059,2.0,0.4995522201061249,282,386,65,53
1310,35.30531866758038,1059,2.0,0.5464500188827515,489,237,43,27
1334,35.30531866758038,1059,2.0,0.6049572229385376,774,383,73,51
1335,35.30531866758038,1059,2.0,0.5151907205581665,933,414,82,46
1196,35.30531866758038,1059,2.0,0.4190402626991272,738,827,148,139
1366,35.30531866758038,1059,2.0,0.42894574999809265,544,252,45,48
1378,35.30531866758038,1059,2.0,0.7005473971366882,1106,760,145,78
1392,35.30531866758038,1059,2.0,0.2901109755039215,1582,478,71,43
1397,35.30531866758038,1059,2.0,0.7100085616111755,1412,691,193,106
1106,35.30531866758038,1059,2.0,0.14792226254940033,413,194,27,28
15,35.338657023262705,1060,2.0,0.2912597358226776,1529,458,69,40
1200,35.338657023262705,1060,2.0,0.6449524164199829,691,302,53,31
1300,35.338657023262705,1060,2.0,0.6139081716537476,284,390,64,55
1310,35.338657023262705,1060,2.0,0.6389058828353882,487,236,40,26
1334,35.338657023262705,1060,2.0,0.6622623205184937,767,380,72,50
1335,35.338657023262705,1060,2.0,0.517593502998352,925,411,82,48
1196,35.338657023262705,1060,2.0,0.44757160544395447,756,849,152,143
1366,35.338657023262705,1060,2.0,0.3747909367084503,541,250,42,48
1378,35.338657023262705,1060,2.0,0.6994577646255493,1111,758,142,75
1392,35.338657023262705,1060,2.0,0.2977215051651001,1582,478,71,43
1397,35.338657023262705,1060,2.0,0.5789262056350708,1384,676,196,102
1410,35.338657023262705,1060,2.0,0.3837757110595703,1361,507,93,57
15,35.37199537894503,1061,2.0,0.29607293009757996,1529,458,69,40
1200,35.37199537894503,1061,2.0,0.5175108909606934,687,300,50,32
1300,35.37199537894503,1061,2.0,0.5979401469230652,287,396,67,57
1310,35.37199537894503,1061,2.0,0.5829613208770752,483,235,35,25
1334,35.37199537894503,1061,2.0,0.6240642666816711,760,376,70,49
1335,35.37199537894503,1061,2.0,0.5102183818817139,916,407,79,45
1196,35.37199537894503,1061,2.0,0.314644992351532,773,872,152,144
1366,35.37199537894503,1061,2.0,0.40643927454948425,537,250,43,46
1378,35.37199537894503,1061,2.0,0.6892555952072144,1118,754,144,76
1392,35.37199537894503,1061,2.0,0.29446038603782654,1582,478,70,43
1397,35.37199537894503,1061,2.0,0.6017583608627319,1351,661,183,101
1410,35.37199537894503,1061,2.0,0.39402538537979126,1362,506,89,53
15,35.405333734627355,1062,2.0,0.28841251134872437,1529,458,69,40
1200,35.405333734627355,1062,2.0,0.5564504265785217,682,298,50,33
1300,35.405333734627355,1062,2.0,0.476012259721756,289,400,68,58
1310,35.405333734627355,1062,2.0,0.6558371186256409,480,235,35,24
1334,35.405333734627355,1062,2.0,0.5958542823791504,753,373,74,49
1335,35.405333734627355,1062,2.0,0.4363386929035187,910,403,72,41
1196,35.405333734627355,1062,2.0,0.16944842040538788,792,897,152,152
1366,35.405333734627355,1062,2.0,0.6356199383735657,534,249,43,46
1378,35.405333734627355,1062,2.0,0.6901882886886597,1122,752,140,76
1392,35.405333734627355,1062,2.0,0.29928213357925415,1582,478,71,43
1397,35.405333734627355,1062,2.0,0.7289554476737976,1321,649,175,93
1410,35.405333734627355,1062,2.0,0.27011924982070923,1360,506,84,50
15,35.43867209030967,1063,2.0,0.3027571439743042,1529,458,69,40
1200,35.43867209030967,1063,2.0,0.5357353687286377,678,297,51,34
1300,35.43867209030967,1063,2.0,0.534652829170227,292,404,66,62
1310,35.43867209030967,1063,2.0,0.535612940788269,477,234,39,24
1334,35.43867209030967,1063,2.0,0.5397924184799194,745,370,72,49
1335,35.43867209030967,1063,2.0,0.43247246742248535,902,398,75,40
1366,35.43867209030967,1063,2.0,0.6235463619232178,531,248,43,45
1378,35.43867209030967,1063,2.0,0.6628233194351196,1125,751,137,75
1392,35.43867209030967,1063,2.0,0.29907718300819397,1582,478,71,43
1397,35.43867209030967,1063,2.0,0.6565830111503601,1298,637,172,90
1410,35.43867209030967,1063,2.0,0.38483765721321106,1355,502,76,51
1417,35.43867209030967,1063,2.0,0.6048984527587891,1861,833,115,81
15,35.472010445992,1064,2.0,0.29832446575164795,1529,458,69,40
1200,35.472010445992,1064,2.0,0.5559897422790527,674,296,49,33
1300,35.472010445992,1064,2.0,0.6154842376708984,294,408,66,62
1310,35.472010445992,1064,2.0,0.481454998254776,475,231,43,25
1334,35.472010445992,1064,2.0,0.5407483577728271,739,366,70,48
1335,35.472010445992,1064,2.0,0.4427136778831482,898,395,65,40
1366,35.472010445992,1064,2.0,0.4639453589916229,528,247,44,46
1378,35.472010445992,1064,2.0,0.6190935373306274,1130,748,131,77
1392,35.472010445992,1064,2.0,0.2621491253376007,1582,479,70,43
1397,35.472010445992,1064,2.0,0.5120680928230286,1272,624,162,86
1410,35.472010445992,1064,2.0,0.3191744387149811,1353,499,77,53
1417,35.472010445992,1064,5.0,0.4419858157634735,1846,825,145,100
1372,35.472010445992,1064,2.0,0.3612937033176422,421,188,57,28
15,35.50534880167432,1065,2.0,0.2836734354496002,1529,458,70,41
1200,35.50534880167432,1065,2.0,0.46002402901649475,669,295,46,32
1300,35.50534880167432,1065,2.0,0.5243453979492188,296,412,66,63
1310,35.50534880167432,1065,2.0,0.37002527713775635,472,230,41,25
1334,35.50534880167432,1065,2.0,0.5578396320343018,732,363,70,45
1335,35.50534880167432,1065,2.0,0.6215417981147766,889,392,66,40
1366,35.50534880167432,1065,2.0,0.4079936444759369,525,246,42,46
1378,35.50534880167432,1065,2.0,0.665675699710846,1133,745,126,77
1392,35.50534880167432,1065,2.0,0.24912668764591217,1582,479,70,43
1397,35.50534880167432,1065,2.0,0.5338488817214966,1245,611,154,85
1410,35.50534880167432,1065,2.0,0.29753929376602173,1353,497,73,55
1417,35.50534880167432,1065,2.0,0.7072157859802246,1828,818,181,112
1372,35.50534880167432,1065,2.0,0.2780601382255554,420,187,57,29
15,35.53868715735665,1066,2.0,0.26602697372436523,1529,458,70,40
1200,35.53868715735665,1066,2.0,0.42375653982162476,663,291,44,33
1300,35.53868715735665,1066,2.0,0.607882559299469,298,418,66,64
1310,35.53868715735665,1066,2.0,0.4198918640613556,470,229,40,26
1334,35.53868715735665,1066,2.0,0.40432092547416687,723,359,69,44
1335,35.53868715735665,1066,2.0,0.5184802412986755,883,389,63,42
1366,35.53868715735665,1066,2.0,0.43503692746162415,522,244,42,46
1378,35.53868715735665,1066,2.0,0.6882147192955017,1136,744,119,74
1392,35.53868715735665,1066,2.0,0.2563188374042511,1582,479,71,43
1397,35.53868715735665,1066,2.0,0.5330114960670471,1224,602,152,82
1410,35.53868715735665,1066,2.0,0.1880396008491516,1346,496,83,54
1417,35.53868715735665,1066,2.0,0.6451303958892822,1810,806,217,120
1372,35.53868715735665,1066,2.0,0.29753968119621277,417,187,60,29
15,35.57202551303897,1067,2.0,0.27840983867645264,1529,457,69,40
1200,35.57202551303897,1067,2.0,0.6140711307525635,660,290,45,34
1300,35.57202551303897,1067,2.0,0.45079731941223145,301,424,69,64
1310,35.57202551303897,1067,2.0,0.3835420608520508,468,228,41,27
1334,35.57202551303897,1067,2.0,0.5964455604553223,717,356,65,41
1335,35.57202551303897,1067,2.0,0.40600040555000305,874,385,65,42
1366,35.57202551303897,1067,2.0,0.39263495802879333,519,243,41,44
1378,35.57202551303897,1067,2.0,0.712070882320404,1139,743,114,71
1392,35.57202551303897,1067,2.0,0.2310696840286255,1582,479,71,43
1397,35.57202551303897,1067,2.0,0.513494074344635,1201,591,143,80
1410,35.57202551303897,1067,2.0,0.30809712409973145,1345,495,83,54
1417,35.57202551303897,1067,2.0,0.5788048505783081,1790,791,245,120
1372,35.57202551303897,1067,2.0,0.2152930498123169,416,187,62,28
15,35.60536386872129,1068,2.0,0.3067646920681,1529,457,70,40
1200,35.60536386872129,1068,2.0,0.7358359694480896,655,287,46,32
1300,35.60536386872129,1068,2.0,0.48387232422828674,306,427,71,65
1310,35.60536386872129,1068,2.0,0.25315409898757935,466,227,39,28
1334,35.60536386872129,1068,2.0,0.5519258379936218,712,352,62,39
1335,35.60536386872129,1068,2.0,0.5950550436973572,864,382,70,42
1366,35.60536386872129,1068,2.0,0.41539299488067627,516,242,43,42
1378,35.60536386872129,1068,2.0,0.7431803345680237,1143,742,110,69
1392,35.60536386872129,1068,2.0,0.2679336667060852,1582,479,71,43
1397,35.60536386872129,1068,2.0,0.5663204193115234,1180,580,139,80
1410,35.60536386872129,1068,2.0,0.3720490038394928,1340,492,86,54
1417,35.60536386872129,1068,2.0,0.6983907222747803,1762,777,254,116
1372,35.60536386872129,1068,2.0,0.25727128982543945,415,186,62,27
1430,35.60536386872129,1068,2.0,0.3667549192905426,203,248,46,34
15,35.638702224403616,1069,2.0,0.2984760105609894,1529,457,69,40
1200,35.638702224403616,1069,2.0,0.6511833071708679,651,284,46,30
1300,35.638702224403616,1069,2.0,0.4417343735694885,308,432,70,66
1310,35.638702224403616,1069,2.0,0.38215765357017517,464,225,38,26
1334,35.638702224403616,1069,2.0,0.5776330828666687,705,350,63,39
1335,35.638702224403616,1069,2.0,0.6360942125320435,856,380,70,40
1366,35.638702224403616,1069,2.0,0.5271803140640259,515,240,45,43
1378,35.638702224403616,1069,2.0,0.6638368964195251,1148,741,108,67
1392,35.638702224403616,1069,2.0,0.23404726386070251,1582,479,71,43
1397,35.638702224403616,1069,2.0,0.6239680051803589,1157,570,137,75
1410,35.638702224403616,1069,2.0,0.20941978693008423,1334,490,84,54
1417,35.638702224403616,1069,2.0,0.7026850581169128,1728,762,248,114
1372,35.638702224403616,1069,2.0,0.2484966218471527,414,185,62,27
1430,35.638702224403616,1069,2.0,0.3204803764820099,202,249,45,34
1431,35.638702224403616,1069,2.0,0.4042823314666748,397,185,30,24
15,35.67204058008594,1070,2.0,0.2968495190143585,1529,457,69,40
1200,35.67204058008594,1070,2.0,0.6782880425453186,648,283,46,28
1300,35.67204058008594,1070,2.0,0.3947540521621704,311,439,70,67
1310,35.67204058008594,1070,2.0,0.36735206842422485,463,225,39,26
1334,35.67204058008594,1070,2.0,0.5167921781539917,700,349,62,38
1335,35.67204058008594,1070,2.0,0.3104213774204254,852,378,63,38
1366,35.67204058008594,1070,2.0,0.5891908407211304,510,239,44,43
1378,35.67204058008594,1070,2.0,0.6586902737617493,1153,739,105,66
1392,35.67204058008594,1070,2.0,0.2536027729511261,1582,479,71,44
1397,35.67204058008594,1070,2.0,0.6111592650413513,1138,562,135,77
1410,35.67204058008594,1070,2.0,0.3679012358188629,1330,489,86,53
1417,35.67204058008594,1070,2.0,0.8156110048294067,1694,747,240,108
1372,35.67204058008594,1070,2.0,0.3375813066959381,413,184,63,25
1430,35.67204058008594,1070,2.0,0.3633366823196411,203,251,41,33
1431,35.67204058008594,1070,2.0,0.47149866819381714,395,185,31,23
15,35.705378935768266,1071,2.0,0.30202484130859375,1529,457,69,40
1200,35.705378935768266,1071,2.0,0.7157440781593323,646,282,44,26
1300,35.705378935768266,1071,2.0,0.39024049043655396,313,445,71,69
1310,35.705378935768266,1071,2.0,0.4424237906932831,461,224,38,26
1334,35.705378935768266,1071,2.0,0.5613275766372681,694,343,65,43
1335,35.705378935768266,1071,2.0,0.4009053409099579,842,375,66,40
1366,35.705378935768266,1071,2.0,0.6271756887435913,508,238,44,42
1378,35.705378935768266,1071,2.0,0.6165967583656311,1156,738,104,64
1392,35.705378935768266,1071,2.0,0.29497677087783813,1582,479,72,44
1397,35.705378935768266,1071,2.0,0.6629957556724548,1124,553,141,73
1410,35.705378935768266,1071,2.0,0.3852967321872711,1332,488,78,53
1417,35.705378935768266,1071,2.0,0.7222594618797302,1660,733,229,103
1372,35.705378935768266,1071,2.0,0.34949958324432373,411,184,63,24
1430,35.705378935768266,1071,2.0,0.5516940355300903,205,252,44,31
1431,35.705378935768266,1071,2.0,0.47628089785575867,394,185,33,23
15,35.738717291450584,1072,2.0,0.31608840823173523,1529,458,69,40
1200,35.738717291450584,1072,2.0,0.6992235779762268,642,280,46,27
1300,35.738717291450584,1072,2.0,0.487821102142334,318,451,73,70
1310,35.738717291450584,1072,2.0,0.40151771903038025,459,222,38,26
1334,35.738717291450584,1072,2.0,0.45902618765830994,689,339,62,42
1335,35.738717291450584,1072,2.0,0.6492118835449219,835,371,66,41
1366,35.738717291450584,1072,2.0,0.4006662368774414,506,237,44,41
1378,35.738717291450584,1072,2.0,0.6130200624465942,1160,738,100,61
1392,35.738717291450584,1072,2.0,0.26995232701301575,1582,479,72,44
1397,35.738717291450584,1072,2.0,0.5817389488220215,1104,543,130,71
1410,35.738717291450584,1072,2.0,0.45560967922210693,1332,487,70,54
1417,35.738717291450584,1072,2.0,0.6821547746658325,1631,721,224,100
1372,35.738717291450584,1072,2.0,0.1283915638923645,416,184,50,25
1430,35.738717291450584,1072,2.0,0.4850548803806305,204,253,41,31
1431,35.738717291450584,1072,2.0,0.16808167099952698,393,184,32,26
15,35.77205564713291,1073,2.0,0.2986904978752136,1529,458,69,40
1200,35.77205564713291,1073,2.0,0.6000542044639587,638,278,44,26
1300,35.77205564713291,1073,2.0,0.4378593862056732,323,456,78,68
1310,35.77205564713291,1073,2.0,0.34309902787208557,455,222,39,25
1334,35.77205564713291,1073,2.0,0.42688074707984924,681,336,62,42
1335,35.77205564713291,1073,2.0,0.43521595001220703,828,368,68,44
1366,35.77205564713291,1073,2.0,0.3126324713230133,503,235,44,38
1378,35.77205564713291,1073,2.0,0.6402267217636108,1163,737,94,59
1392,35.77205564713291,1073,2.0,0.27731624245643616,1582,478,72,44
1397,35.77205564713291,1073,2.0,0.3512371778488159,1085,532,126,69
1410,35.77205564713291,1073,2.0,0.3240540325641632,1329,486,65,53
1417,35.77205564713291,1073,2.0,0.804726243019104,1601,709,216,96
1372,35.77205564713291,1073,2.0,0.10551955550909042,423,183,39,25
1430,35.77205564713291,1073,2.0,0.5562658309936523,206,254,44,31
1431,35.77205564713291,1073,2.0,0.1809154450893402,391,183,31,27
15,35.805394002815234,1074,2.0,0.3187037706375122,1529,458,70,41
1200,35.805394002815234,1074,2.0,0.579035222530365,634,277,45,26
1300,35.805394002815234,1074,2.0,0.41359466314315796,324,462,76,73
1310,35.805394002815234,1074,2.0,0.439208447933197,452,222,38,25
1334,35.805394002815234,1074,2.0,0.4026804268360138,674,333,59,41
1335,35.805394002815234,1074,2.0,0.4710012674331665,822,365,66,44
1366,35.805394002815234,1074,2.0,0.34682080149650574,500,233,42,37
1378,35.805394002815234,1074,2.0,0.524118959903717,1163,737,87,51
1392,35.805394002815234,1074,2.0,0.2921069860458374,1582,478,72,44
1397,35.805394002815234,1074,2.0,0.6100424528121948,1071,525,129,67
1410,35.805394002815234,1074,2.0,0.36850979924201965,1321,485,87,51
1417,35.805394002815234,1074,2.0,0.8054077625274658,1573,695,207,91
1372,35.805394002815234,1074,2.0,0.15421162545681,421,184,40,25
1430,35.805394002815234,1074,2.0,0.48373129963874817,207,255,43,32
1431,35.805394002815234,1074,2.0,0.21186523139476776,390,181,30,28
15,35.83873235849756,1075,2.0,0.3258707523345947,1529,458,70,41
1200,35.83873235849756,1075,2.0,0.4159248173236847,630,276,45,30
1300,35.83873235849756,1075,2.0,0.48623529076576233,327,468,76,73
1310,35.83873235849756,1075,2.0,0.4769669771194458,448,219,34,23
1334,35.83873235849756,1075,2.0,0.5008294582366943,669,330,58,39
1335,35.83873235849756,1075,2.0,0.5465469360351562,816,362,62,41
1366,35.83873235849756,1075,2.0,0.42727744579315186,497,232,43,37
1378,35.83873235849756,1075,2.0,0.40533632040023804,1163,735,72,49
1392,35.83873235849756,1075,2.0,0.3035357892513275,1582,478,72,44
1397,35.83873235849756,1075,2.0,0.5244541168212891,1051,516,119,67
1410,35.83873235849756,1075,2.0,0.15003052353858948,1329,485,65,49
1417,35.83873235849756,1075,2.0,0.7798752188682556,1545,684,199,91
1372,35.83873235849756,1075,2.0,0.11661941558122635,422,184,34,23
1430,35.83873235849756,1075,2.0,0.4344116151332855,208,257,41,34
1431,35.83873235849756,1075,2.0,0.14282457530498505,388,180,28,29
15,35.87207071417988,1076,2.0,0.32091981172561646,1529,458,70,41
1200,35.87207071417988,1076,2.0,0.5001599788665771,626,274,45,31
1300,35.87207071417988,1076,2.0,0.6182190179824829,331,475,76,72
1310,35.87207071417988,1076,2.0,0.4761659502983093,446,218,34,21
1334,35.87207071417988,1076,2.0,0.605030357837677,665,326,57,40
1335,35.87207071417988,1076,2.0,0.6182167530059814,809,359,62,36
1366,35.87207071417988,1076,2.0,0.2911573648452759,495,231,42,37
1392,35.87207071417988,1076,2.0,0.30646076798439026,1582,478,73,44
1397,35.87207071417988,1076,2.0,0.5461238622665405,1035,510,115,64
1410,35.87207071417988,1076,2.0,0.10708292573690414,1327,482,54,49
1417,35.87207071417988,1076,2.0,0.8053954243659973,1521,674,197,91
1430,35.87207071417988,1076,2.0,0.4569476246833801,208,258,42,34
15,35.9054090698622,1077,2.0,0.3117690980434418,1529,458,70,41
1200,35.9054090698622,1077,2.0,0.4797779321670532,623,273,45,32
1300,35.9054090698622,1077,2.0,0.4694594740867615,335,481,79,77
1310,35.9054090698622,1077,2.0,0.44914910197257996,444,215,35,25
1334,35.9054090698622,1077,2.0,0.6438643336296082,660,324,55,41
1335,35.9054090698622,1077,2.0,0.5361521244049072,802,355,65,35
1366,35.9054090698622,1077,2.0,0.3287084698677063,491,230,41,38
1392,35.9054090698622,1077,2.0,0.3095407783985138,1582,478,72,44
1397,35.9054090698622,1077,2.0,0.6077534556388855,1019,502,112,62
1417,35.9054090698622,1077,2.0,0.7107412219047546,1495,663,189,87
1430,35.9054090698622,1077,2.0,0.5350816249847412,209,260,39,36
15,35.93874742554453,1078,2.0,0.2951013445854187,1529,458,70,40
1200,35.93874742554453,1078,2.0,0.28027477860450745,619,273,44,35
1300,35.93874742554453,1078,2.0,0.528378427028656,338,486,81,78
1310,35.93874742554453,1078,2.0,0.5401742458343506,441,211,36,24
1334,35.93874742554453,1078,2.0,0.46222320199012756,654,320,57,40
1335,35.93874742554453,1078,2.0,0.5428943037986755,797,353,63,33
1366,35.93874742554453,1078,2.0,0.3488597869873047,489,227,42,38
1392,35.93874742554453,1078,2.0,0.2974974513053894,1581,478,72,44
1397,35.93874742554453,1078,2.0,0.4860951900482178,1005,494,107,62
1417,35.93874742554453,1078,2.0,0.7637884020805359,1470,653,184,84
1430,35.93874742554453,1078,2.0,0.3543006181716919,209,262,37,37
15,35.97208578122685,1079,2.0,0.30276039242744446,1529,458,70,40
1200,35.97208578122685,1079,2.0,0.47434911131858826,615,270,44,35
1300,35.97208578122685,1079,2.0,0.3306068778038025,342,493,82,79
1310,35.97208578122685,1079,2.0,0.483136385679245,440,211,35,24
1334,35.97208578122685,1079,2.0,0.4417383670806885,649,316,59,43
1335,35.97208578122685,1079,2.0,0.4939292073249817,792,351,61,33
1366,35.97208578122685,1079,2.0,0.36993592977523804,486,228,41,37
1392,35.97208578122685,1079,2.0,0.2911085784435272,1581,478,71,44
1397,35.97208578122685,1079,2.0,0.4654204547405243,989,486,105,59
1417,35.97208578122685,1079,2.0,0.642816424369812,1448,641,175,82
1430,35.97208578122685,1079,2.0,0.3900446593761444,210,264,38,37
15,36.00542413690917,1080,2.0,0.277750700712204,1529,458,70,41
1200,36.00542413690917,1080,2.0,0.6027079820632935,610,269,41,33
1300,36.00542413690917,1080,2.0,0.5625543594360352,345,501,83,80
1310,36.00542413690917,1080,2.0,0.37697428464889526,437,210,32,23
1334,36.00542413690917,1080,2.0,0.5048254132270813,645,314,57,42
1335,36.00542413690917,1080,2.0,0.34141457080841064,790,348,52,34
1366,36.00542413690917,1080,2.0,0.47429516911506653,483,225,44,36
1392,36.00542413690917,1080,2.0,0.2735050320625305,1581,478,71,44
1397,36.00542413690917,1080,2.0,0.4596530795097351,977,479,104,59
1417,36.00542413690917,1080,2.0,0.5249947309494019,1426,632,172,82
1430,36.00542413690917,1080,2.0,0.41908758878707886,214,268,43,35
15,36.038762492591495,1081,2.0,0.2889136075973511,1529,458,70,41
1200,36.038762492591495,1081,2.0,0.6356921195983887,607,269,40,30
1300,36.038762492591495,1081,2.0,0.5762308835983276,349,507,83,85
1310,36.038762492591495,1081,2.0,0.3057940900325775,436,207,32,25
1334,36.038762492591495,1081,2.0,0.27394962310791016,639,313,58,40
1335,36.038762492591495,1081,2.0,0.503764808177948,779,343,65,40
1366,36.038762492591495,1081,2.0,0.587813675403595,481,223,47,38
1392,36.038762492591495,1081,2.0,0.320456326007843,1581,478,72,44
1397,36.038762492591495,1081,2.0,0.4818914234638214,962,474,101,60
1417,36.038762492591495,1081,2.0,0.631987452507019,1404,622,169,78
1430,36.038762492591495,1081,2.0,0.24477620422840118,214,271,41,35
15,36.07210084827382,1082,2.0,0.29002419114112854,1529,458,70,40
1200,36.07210084827382,1082,2.0,0.5288506746292114,605,267,39,28
1300,36.07210084827382,1082,2.0,0.45686599612236023,353,515,86,86
1310,36.07210084827382,1082,2.0,0.2747264802455902,434,206,30,27
1334,36.07210084827382,1082,2.0,0.3140583634376526,634,310,55,39
1335,36.07210084827382,1082,2.0,0.5061137080192566,771,340,64,42
1366,36.07210084827382,1082,2.0,0.5339862704277039,480,222,47,37
1392,36.07210084827382,1082,2.0,0.32034292817115784,1581,478,72,44
1397,36.07210084827382,1082,2.0,0.46851828694343567,949,468,99,60
1417,36.07210084827382,1082,2.0,0.5776084661483765,1383,613,163,75
1430,36.07210084827382,1082,2.0,0.4288364052772522,218,273,48,35
15,36.105439203956145,1083,2.0,0.26785266399383545,1529,458,70,40
1200,36.105439203956145,1083,2.0,0.6800581216812134,603,264,39,25
1300,36.105439203956145,1083,2.0,0.527755081653595,357,521,88,90
1310,36.105439203956145,1083,2.0,0.23100733757019043,432,208,31,27
1334,36.105439203956145,1083,2.0,0.510197639465332,627,309,56,38
1335,36.105439203956145,1083,2.0,0.6424878835678101,765,338,63,42
1366,36.105439203956145,1083,2.0,0.3430233895778656,478,221,45,35
1392,36.105439203956145,1083,2.0,0.2822500765323639,1581,479,72,44
1397,36.105439203956145,1083,2.0,0.41517460346221924,937,461,99,58
1417,36.105439203956145,1083,2.0,0.5776896476745605,1360,606,158,71
1430,36.105439203956145,1083,2.0,0.5153928995132446,221,275,54,35
15,36.13877755963846,1084,2.0,0.24707350134849548,1529,458,70,40
1200,36.13877755963846,1084,2.0,0.5059356093406677,599,262,38,26
1300,36.13877755963846,1084,2.0,0.5779144167900085,362,529,86,90
1310,36.13877755963846,1084,2.0,0.14927394688129425,431,207,37,29
1334,36.13877755963846,1084,2.0,0.6339132189750671,623,306,52,37
1335,36.13877755963846,1084,2.0,0.6953519582748413,760,337,61,41
1366,36.13877755963846,1084,2.0,0.40851664543151855,477,220,46,35
1392,36.13877755963846,1084,2.0,0.27252188324928284,1581,479,72,44
1397,36.13877755963846,1084,2.0,0.5542464256286621,924,455,95,55
1417,36.13877755963846,1084,2.0,0.4582507014274597,1339,595,156,74
1430,36.13877755963846,1084,2.0,0.5353487133979797,222,277,50,35
15,36.17211591532079,1085,2.0,0.2571209669113159,1529,458,70,40
1200,36.17211591532079,1085,2.0,0.46571823954582214,595,259,37,25
1300,36.17211591532079,1085,2.0,0.6210780143737793,365,537,90,89
1310,36.17211591532079,1085,2.0,0.16225892305374146,427,206,34,29
1334,36.17211591532079,1085,2.0,0.6830605864524841,619,304,53,36
1335,36.17211591532079,1085,2.0,0.6444036960601807,755,334,61,40
1366,36.17211591532079,1085,2.0,0.2866457998752594,474,219,45,34
1392,36.17211591532079,1085,2.0,0.2771027982234955,1581,479,72,44
1397,36.17211591532079,1085,2.0,0.5115209221839905,911,449,91,50
1417,36.17211591532079,1085,2.0,0.5876265168190002,1322,589,152,73
1430,36.17211591532079,1085,2.0,0.6196050047874451,223,278,48,35
15,36.20545427100311,1086,2.0,0.28101468086242676,1529,458,70,40
1200,36.20545427100311,1086,2.0,0.42527884244918823,592,257,41,23
1300,36.20545427100311,1086,2.0,0.5381951928138733,374,546,98,92
1310,36.20545427100311,1086,2.0,0.13955947756767273,423,205,30,31
1334,36.20545427100311,1086,2.0,0.6982309818267822,615,303,52,36
1335,36.20545427100311,1086,2.0,0.5683727860450745,750,333,58,39
1366,36.20545427100311,1086,2.0,0.2476656585931778,474,219,45,35
1392,36.20545427100311,1086,2.0,0.28833773732185364,1581,479,72,44
1397,36.20545427100311,1086,2.0,0.6166565418243408,899,443,93,52
1417,36.20545427100311,1086,2.0,0.5033068656921387,1307,582,149,72
1430,36.20545427100311,1086,2.0,0.5793453454971313,224,280,49,35
15,36.23879262668544,1087,2.0,0.30447590351104736,1530,458,70,40
1200,36.23879262668544,1087,2.0,0.320698082447052,589,256,40,23
1300,36.23879262668544,1087,2.0,0.6023316383361816,379,553,102,98
1310,36.23879262668544,1087,2.0,0.19782601296901703,422,204,28,34
1334,36.23879262668544,1087,2.0,0.6608753204345703,611,299,52,37
1335,36.23879262668544,1087,2.0,0.47904595732688904,745,330,57,36
1366,36.23879262668544,1087,2.0,0.35643771290779114,470,218,45,33
1392,36.23879262668544,1087,2.0,0.2947404384613037,1581,479,73,44
1397,36.23879262668544,1087,2.0,0.5131931304931641,890,438,92,51
1417,36.23879262668544,1087,2.0,0.5935061573982239,1285,573,145,65
1430,36.23879262668544,1087,2.0,0.5728378295898438,224,282,48,36
15,36.272130982367756,1088,2.0,0.32293662428855896,1530,458,70,40
1200,36.272130982367756,1088,2.0,0.4690602123737335,586,257,42,27
1300,36.272130982367756,1088,2.0,0.6035526394844055,383,561,100,100
1310,36.272130982367756,1088,2.0,0.34714213013648987,422,205,30,34
1334,36.272130982367756,1088,2.0,0.5294294953346252,607,296,51,36
1335,36.272130982367756,1088,2.0,0.5717974305152893,741,329,56,34
1366,36.272130982367756,1088,2.0,0.43365776538848877,467,218,42,33
1392,36.272130982367756,1088,2.0,0.3401997685432434,1582,479,73,44
1397,36.272130982367756,1088,2.0,0.714519739151001,880,432,92,52
1417,36.272130982367756,1088,2.0,0.6156471967697144,1266,565,135,62
1430,36.272130982367756,1088,2.0,0.6184093952178955,225,284,52,38
15,36.30546933805008,1089,2.0,0.3475135564804077,1530,458,70,41
1200,36.30546933805008,1089,2.0,0.21059992909431458,583,258,44,32
1300,36.30546933805008,1089,2.0,0.6076383590698242,389,571,102,102
1334,36.30546933805008,1089,2.0,0.5893667340278625,602,294,52,40
1335,36.30546933805008,1089,2.0,0.3204571306705475,739,328,52,33
1366,36.30546933805008,1089,2.0,0.3823445737361908,466,216,39,32
1392,36.30546933805008,1089,2.0,0.34132471680641174,1582,479,73,44
1397,36.30546933805008,1089,2.0,0.6243581771850586,870,428,88,54
1417,36.30546933805008,1089,2.0,0.6951794624328613,1251,558,131,62
1430,36.30546933805008,1089,2.0,0.5467473268508911,225,286,54,40
15,36.338807693732406,1090,2.0,0.3100144565105438,1529,458,70,41
1200,36.338807693732406,1090,2.0,0.1829080730676651,582,258,48,32
1300,36.338807693732406,1090,2.0,0.5945903658866882,395,581,104,104
1334,36.338807693732406,1090,2.0,0.5129424929618835,597,292,53,40
1335,36.338807693732406,1090,2.0,0.30411553382873535,735,326,51,33
1366,36.338807693732406,1090,2.0,0.4963442087173462,465,216,44,29
1392,36.338807693732406,1090,2.0,0.3081357479095459,1582,479,73,44
1397,36.338807693732406,1090,2.0,0.5816600322723389,859,423,87,50
1417,36.338807693732406,1090,2.0,0.6295400261878967,1236,551,133,62
1430,36.338807693732406,1090,2.0,0.5533101558685303,227,288,55,42
1310,36.338807693732406,1090,2.0,0.27681994438171387,420,202,36,36
15,36.37214604941473,1091,2.0,0.3091980516910553,1529,458,70,41
1300,36.37214604941473,1091,2.0,0.498048335313797,399,590,105,107
1334,36.37214604941473,1091,2.0,0.46667778491973877,594,290,54,39
1335,36.37214604941473,1091,2.0,0.20453190803527832,727,324,55,36
1366,36.37214604941473,1091,2.0,0.3876602053642273,462,213,43,30
1392,36.37214604941473,1091,2.0,0.26810187101364136,1581,479,73,44
1397,36.37214604941473,1091,2.0,0.5736492276191711,848,417,84,49
1417,36.37214604941473,1091,2.0,0.6440408229827881,1220,544,130,64
1430,36.37214604941473,1091,2.0,0.537054181098938,229,289,56,43
1310,36.37214604941473,1091,2.0,0.10354568809270859,419,203,35,33
15,36.405484405097056,1092,2.0,0.301322877407074,1529,458,70,40
1300,36.405484405097056,1092,2.0,0.6827573776245117,405,601,108,109
1334,36.405484405097056,1092,2.0,0.2771037518978119,588,287,53,40
1335,36.405484405097056,1092,2.0,0.29389387369155884,722,321,54,36
1366,36.405484405097056,1092,2.0,0.15037843585014343,467,212,33,28
1392,36.405484405097056,1092,2.0,0.24987013638019562,1581,479,73,44
1397,36.405484405097056,1092,2.0,0.41980496048927307,839,414,81,50
1417,36.405484405097056,1092,2.0,0.49073636531829834,1205,537,130,61
1430,36.405484405097056,1092,2.0,0.5954909324645996,229,291,53,44
1310,36.405484405097056,1092,2.0,0.15657734870910645,421,204,42,34
15,36.438822760779374,1093,2.0,0.31092339754104614,1529,458,70,40
1300,36.438822760779374,1093,2.0,0.795497715473175,412,612,107,111
1334,36.438822760779374,1093,2.0,0.5294541716575623,583,283,52,44
1335,36.438822760779374,1093,2.0,0.44602689146995544,717,318,54,36
1366,36.438822760779374,1093,2.0,0.22574599087238312,464,212,31,29
1392,36.438822760779374,1093,2.0,0.30043959617614746,1581,479,73,44
1397,36.438822760779374,1093,2.0,0.7181097269058228,828,408,79,49
1417,36.438822760779374,1093,2.0,0.5340816974639893,1190,531,127,60
1430,36.438822760779374,1093,2.0,0.6926320195198059,230,294,51,43
1310,36.438822760779374,1093,2.0,0.2788921296596527,420,204,43,33
15,36.4721611164617,1094,2.0,0.2962695360183716,1529,458,70,41
1300,36.4721611164617,1094,2.0,0.6655755639076233,419,623,109,111
1334,36.4721611164617,1094,2.0,0.6181924343109131,577,281,56,42
1335,36.4721611164617,1094,2.0,0.4206595718860626,712,315,55,37
1366,36.4721611164617,1094,2.0,0.19514432549476624,459,209,39,32
1392,36.4721611164617,1094,2.0,0.2718287408351898,1582,479,72,44
1397,36.4721611164617,1094,2.0,0.7101413011550903,820,403,80,43
1417,36.4721611164617,1094,2.0,0.4793756604194641,1175,524,122,56
1430,36.4721611164617,1094,2.0,0.6668633818626404,230,295,51,44
1310,36.4721611164617,1094,2.0,0.1918681561946869,420,204,46,34
1463,36.4721611164617,1094,2.0,0.42548635601997375,576,271,59,61
15,36.505499472144024,1095,2.0,0.297678679227829,1529,458,70,41
1300,36.505499472144024,1095,2.0,0.33906808495521545,425,635,110,115
1335,36.505499472144024,1095,2.0,0.5194332599639893,707,312,52,35
1366,36.505499472144024,1095,2.0,0.17917121946811676,451,207,42,35
1392,36.505499472144024,1095,2.0,0.26217401027679443,1582,479,72,44
1397,36.505499472144024,1095,2.0,0.5978736281394958,811,398,79,42
1417,36.505499472144024,1095,2.0,0.5849580764770508,1162,518,119,54
1430,36.505499472144024,1095,2.0,0.6108223795890808,231,298,51,42
1310,36.505499472144024,1095,2.0,0.1607983559370041,425,202,67,39
1463,36.505499472144024,1095,2.0,0.5990332961082458,574,271,55,57
15,36.53883782782635,1096,2.0,0.2783757448196411,1529,457,70,40
1300,36.53883782782635,1096,2.0,0.42874181270599365,431,646,113,118
1335,36.53883782782635,1096,2.0,0.4758577048778534,701,310,51,32
1366,36.53883782782635,1096,2.0,0.31144875288009644,448,207,45,34
1392,36.53883782782635,1096,2.0,0.2506619393825531,1582,479,72,44
1397,36.53883782782635,1096,2.0,0.5343939661979675,803,394,76,42
1417,36.53883782782635,1096,2.0,0.46180814504623413,1147,511,114,54
1430,36.53883782782635,1096,2.0,0.6202258467674255,232,300,50,37
1310,36.53883782782635,1096,2.0,0.1001969426870346,425,204,68,35
1463,36.53883782782635,1096,2.0,0.6263773441314697,571,267,55,62
1471,36.53883782782635,1096,2.0,0.3569670617580414,220,209,40,29
15,36.57217618350867,1097,2.0,0.2877472937107086,1529,457,70,40
1300,36.57217618350867,1097,2.0,0.7326383590698242,441,658,119,123
1335,36.57217618350867,1097,2.0,0.562397837638855,695,308,53,30
1366,36.57217618350867,1097,2.0,0.30994999408721924,445,207,43,32
1392,36.57217618350867,1097,2.0,0.26717695593833923,1582,479,72,44
1397,36.57217618350867,1097,2.0,0.5732181668281555,795,389,76,45
1417,36.57217618350867,1097,2.0,0.6132706999778748,1135,506,114,54
1430,36.57217618350867,1097,2.0,0.6664727926254272,234,304,52,37
1463,36.57217618350867,1097,2.0,0.6354944705963135,567,264,56,63
1471,36.57217618350867,1097,2.0,0.24932175874710083,219,210,37,29
15,36.60551453919099,1098,2.0,0.2967052161693573,1529,457,70,40
1300,36.60551453919099,1098,2.0,0.6994986534118652,451,671,122,125
1335,36.60551453919099,1098,2.0,0.45315736532211304,691,305,51,31
1366,36.60551453919099,1098,2.0,0.221227765083313,442,205,43,34
1392,36.60551453919099,1098,2.0,0.28696396946907043,1582,479,72,44
1397,36.60551453919099,1098,2.0,0.6152597069740295,786,386,75,45
1417,36.60551453919099,1098,2.0,0.5873571038246155,1122,501,111,54
1430,36.60551453919099,1098,2.0,0.7016423940658569,236,307,53,40
1463,36.60551453919099,1098,2.0,0.5889509916305542,563,261,52,65
1471,36.60551453919099,1098,2.0,0.41034984588623047,220,210,38,29
15,36.63885289487332,1099,2.0,0.23234450817108154,1529,458,70,42
1300,36.63885289487332,1099,2.0,0.7102586627006531,458,685,128,131
1335,36.63885289487332,1099,2.0,0.5584107637405396,688,303,53,33
1392,36.63885289487332,1099,2.0,0.2644156813621521,1581,478,70,43
1397,36.63885289487332,1099,2.0,0.6108173727989197,777,381,73,46
1417,36.63885289487332,1099,2.0,0.4629310965538025,1108,495,106,51
1430,36.63885289487332,1099,2.0,0.6689778566360474,236,309,53,43
1463,36.63885289487332,1099,2.0,0.5926831960678101,559,258,49,64
1471,36.63885289487332,1099,2.0,0.4647260308265686,220,211,36,28
15,36.67219125055564,1100,2.0,0.24154247343540192,1529,458,70,42
1300,36.67219125055564,1100,2.0,0.7653980255126953,471,697,139,136
1335,36.67219125055564,1100,2.0,0.46611788868904114,684,301,51,32
1392,36.67219125055564,1100,2.0,0.2749589681625366,1581,478,70,43
1397,36.67219125055564,1100,2.0,0.47185298800468445,769,377,70,45
1417,36.67219125055564,1100,2.0,0.5355963706970215,1095,488,105,52
1430,36.67219125055564,1100,2.0,0.553905189037323,237,312,51,44
1463,36.67219125055564,1100,2.0,0.5546087622642517,557,257,50,62
1471,36.67219125055564,1100,2.0,0.3977796137332916,221,211,37,28
1366,36.67219125055564,1100,2.0,0.3311583697795868,443,204,48,31
15,36.70552960623796,1101,2.0,0.24910888075828552,1529,458,70,41
1300,36.70552960623796,1101,2.0,0.6249732971191406,481,708,142,147
1335,36.70552960623796,1101,2.0,0.32138344645500183,681,299,48,31
1392,36.70552960623796,1101,2.0,0.28970304131507874,1581,478,69,43
1397,36.70552960623796,1101,2.0,0.6234304308891296,762,373,71,45
1417,36.70552960623796,1101,2.0,0.4534371793270111,1086,483,105,52
1430,36.70552960623796,1101,2.0,0.5720224976539612,239,313,51,47
1463,36.70552960623796,1101,2.0,0.5448054075241089,553,261,49,51
1471,36.70552960623796,1101,2.0,0.3565807640552521,223,212,39,29
1366,36.70552960623796,1101,2.0,0.3235768973827362,440,202,50,33
15,36.738867961920285,1102,2.0,0.2388061285018921,1529,458,70,41
1300,36.738867961920285,1102,2.0,0.5575448870658875,488,725,141,148
1335,36.738867961920285,1102,2.0,0.2804267704486847,677,298,48,32
1392,36.738867961920285,1102,2.0,0.2839888334274292,1581,478,68,43
1397,36.738867961920285,1102,2.0,0.5874716639518738,755,371,68,44
1417,36.738867961920285,1102,2.0,0.572429358959198,1072,479,102,50
1430,36.738867961920285,1102,2.0,0.6021196246147156,241,315,52,48
1463,36.738867961920285,1102,2.0,0.43473783135414124,550,256,50,57
1471,36.738867961920285,1102,2.0,0.2647981345653534,223,213,37,27
1366,36.738867961920285,1102,2.0,0.34769564867019653,439,201,50,32
1334,36.738867961920285,1102,2.0,0.4862781763076782,549,263,53,41
15,36.77220631760261,1103,2.0,0.25502103567123413,1529,458,69,41
1300,36.77220631760261,1103,2.0,0.6599412560462952,496,744,140,150
1335,36.77220631760261,1103,2.0,0.4405134618282318,672,297,50,31
1392,36.77220631760261,1103,2.0,0.30729952454566956,1580,478,67,43
1397,36.77220631760261,1103,2.0,0.4201076626777649,747,365,66,45
1417,36.77220631760261,1103,2.0,0.6613573431968689,1059,473,99,49
1430,36.77220631760261,1103,2.0,0.6937360167503357,244,318,55,47
1463,36.77220631760261,1103,2.0,0.4905202090740204,547,254,49,59
1471,36.77220631760261,1103,2.0,0.20117905735969543,224,216,40,29
1366,36.77220631760261,1103,2.0,0.3431377112865448,439,200,47,30
1482,36.77220631760261,1103,2.0,0.5138266682624817,1674,730,212,100
15,36.805544673284935,1104,2.0,0.25595831871032715,1529,458,69,40
1300,36.805544673284935,1104,2.0,0.7538294196128845,507,760,143,156
1335,36.805544673284935,1104,2.0,0.42424285411834717,668,296,46,32
1392,36.805544673284935,1104,2.0,0.307883083820343,1580,478,67,43
1397,36.805544673284935,1104,2.0,0.562548041343689,741,361,64,40
1417,36.805544673284935,1104,2.0,0.7032221555709839,1048,468,97,48
1430,36.805544673284935,1104,2.0,0.7128968834877014,245,320,57,49
1463,36.805544673284935,1104,2.0,0.45592451095581055,542,252,47,57
1471,36.805544673284935,1104,2.0,0.2811906337738037,225,219,39,27
1366,36.805544673284935,1104,2.0,0.35737454891204834,441,198,39,30
1482,36.805544673284935,1104,2.0,0.5376495122909546,1646,718,208,97
15,36.83888302896725,1105,2.0,0.275918573141098,1529,458,69,40
1300,36.83888302896725,1105,2.0,0.6418806314468384,518,778,147,161
1335,36.83888302896725,1105,2.0,0.43253523111343384,663,294,47,33
1392,36.83888302896725,1105,2.0,0.3127991259098053,1580,478,68,43
1397,36.83888302896725,1105,2.0,0.6630545258522034,732,357,64,38
1417,36.83888302896725,1105,2.0,0.5427998304367065,1040,463,99,46
1430,36.83888302896725,1105,2.0,0.730323076248169,245,323,55,47
1463,36.83888302896725,1105,2.0,0.6346368789672852,538,251,46,55
1471,36.83888302896725,1105,2.0,0.24585407972335815,227,220,42,30
1366,36.83888302896725,1105,2.0,0.43955379724502563,436,196,41,29
1482,36.83888302896725,1105,2.0,0.5726401805877686,1610,704,195,97
15,36.87222138464958,1106,2.0,0.28446340560913086,1529,458,69,40
1300,36.87222138464958,1106,2.0,0.7195189595222473,529,798,151,166
1335,36.87222138464958,1106,2.0,0.5448165535926819,659,291,47,31
1392,36.87222138464958,1106,2.0,0.3278811573982239,1581,478,68,43
1397,36.87222138464958,1106,2.0,0.5588045716285706,723,354,64,38
1417,36.87222138464958,1106,2.0,0.7256045937538147,1028,459,97,47
1430,36.87222138464958,1106,2.0,0.7076035737991333,248,326,57,45
1463,36.87222138464958,1106,2.0,0.5653432607650757,536,250,47,55
1471,36.87222138464958,1106,2.0,0.1947246789932251,227,222,43,30
1366,36.87222138464958,1106,2.0,0.41954505443573,435,195,37,28
1482,36.87222138464958,1106,2.0,0.626829206943512,1581,691,197,94
15,36.9055597403319,1107,2.0,0.29130345582962036,1529,458,69,41
1300,36.9055597403319,1107,2.0,0.6521628499031067,542,816,156,173
1335,36.9055597403319,1107,2.0,0.5192165970802307,655,289,44,31
1392,36.9055597403319,1107,2.0,0.34470686316490173,1581,478,68,43
1397,36.9055597403319,1107,2.0,0.539317786693573,717,350,61,37
1417,36.9055597403319,1107,2.0,0.7080072164535522,1017,455,93,47
1430,36.9055597403319,1107,2.0,0.7071292400360107,249,330,61,45
1463,36.9055597403319,1107,2.0,0.5753512978553772,532,247,45,54
1471,36.9055597403319,1107,2.0,0.2106473594903946,226,223,42,30
1366,36.9055597403319,1107,2.0,0.39182308316230774,433,194,39,27
1482,36.9055597403319,1107,2.0,0.43481260538101196,1551,679,187,92
1496,36.9055597403319,1107,2.0,0.3372674882411957,1334,500,74,43
15,36.93889809601423,1108,2.0,0.2695189416408539,1529,458,69,41
1300,36.93889809601423,1108,2.0,0.6727440357208252,555,837,161,179
1335,36.93889809601423,1108,2.0,0.5920687913894653,651,286,44,30
1392,36.93889809601423,1108,2.0,0.33588671684265137,1581,478,68,43
1397,36.93889809601423,1108,2.0,0.590078592300415,711,348,63,36
1417,36.93889809601423,1108,2.0,0.6375536918640137,1008,450,92,47
1430,36.93889809601423,1108,2.0,0.6272178888320923,250,333,58,46
1463,36.93889809601423,1108,2.0,0.4987001419067383,528,246,44,54
1471,36.93889809601423,1108,2.0,0.18388783931732178,226,223,41,31
1366,36.93889809601423,1108,2.0,0.38390856981277466,430,194,44,27
1482,36.93889809601423,1108,2.0,0.5152990818023682,1525,666,183,88
1496,36.93889809601423,1108,2.0,0.3699650466442108,1335,499,68,42
15,36.972236451696546,1109,2.0,0.32617270946502686,1529,458,69,41
1300,36.972236451696546,1109,2.0,0.45645570755004883,567,850,163,172
1335,36.972236451696546,1109,2.0,0.49987342953681946,648,284,43,29
1392,36.972236451696546,1109,2.0,0.3642100393772125,1581,478,69,43
1397,36.972236451696546,1109,2.0,0.4625609815120697,706,347,60,36
1417,36.972236451696546,1109,2.0,0.7469117045402527,998,445,90,45
1430,36.972236451696546,1109,2.0,0.549680769443512,251,336,58,47
1463,36.972236451696546,1109,2.0,0.481249064207077,525,245,44,54
1471,36.972236451696546,1109,2.0,0.10805156081914902,227,225,43,33
1366,36.972236451696546,1109,2.0,0.2773880958557129,428,194,44,26
1482,36.972236451696546,1109,2.0,0.5058144927024841,1495,654,170,89
1496,36.972236451696546,1109,2.0,0.478799432516098,1327,498,73,44
15,37.00557480737887,1110,2.0,0.30694377422332764,1529,458,69,41
1300,37.00557480737887,1110,2.0,0.18723192811012268,575,863,157,160
1335,37.00557480737887,1110,2.0,0.6026322245597839,644,283,45,29
1392,37.00557480737887,1110,2.0,0.3537046015262604,1581,478,68,43
1397,37.00557480737887,1110,2.0,0.47209686040878296,700,341,59,40
1417,37.00557480737887,1110,2.0,0.6297456622123718,989,442,90,46
1430,37.00557480737887,1110,2.0,0.5767524242401123,254,339,60,47
1463,37.00557480737887,1110,2.0,0.3480288088321686,523,245,44,54
1471,37.00557480737887,1110,2.0,0.1162458062171936,228,227,40,30
1366,37.00557480737887,1110,2.0,0.23995044827461243,428,193,41,26
1482,37.00557480737887,1110,2.0,0.36116427183151245,1471,643,169,84
1496,37.00557480737887,1110,2.0,0.3234804570674896,1325,498,73,43
15,37.038913163061196,1111,2.0,0.29717007279396057,1529,458,69,41
1300,37.038913163061196,1111,2.0,0.3964316248893738,601,900,186,191
1335,37.038913163061196,1111,2.0,0.4676831364631653,641,281,44,28
1392,37.038913163061196,1111,2.0,0.3448757827281952,1581,478,68,42
1397,37.038913163061196,1111,2.0,0.5783739686012268,693,336,59,40
1417,37.038913163061196,1111,2.0,0.5446781516075134,980,438,91,45
1430,37.038913163061196,1111,2.0,0.5530913472175598,256,341,63,48
1463,37.038913163061196,1111,2.0,0.3584701716899872,520,244,44,51
1471,37.038913163061196,1111,2.0,0.16764940321445465,229,228,38,30
1366,37.038913163061196,1111,2.0,0.42557069659233093,430,191,39,26
1482,37.038913163061196,1111,2.0,0.2886202037334442,1447,632,162,82
1496,37.038913163061196,1111,2.0,0.3176310658454895,1322,498,75,44
15,37.07225151874352,1112,2.0,0.2850317060947418,1529,458,69,41
1335,37.07225151874352,1112,2.0,0.19806161522865295,638,279,41,27
1392,37.07225151874352,1112,2.0,0.31833407282829285,1581,478,68,42
1397,37.07225151874352,1112,2.0,0.5770213007926941,686,334,60,39
1417,37.07225151874352,1112,2.0,0.5328717231750488,971,435,88,45
1430,37.07225151874352,1112,2.0,0.5742842555046082,258,345,59,47
1463,37.07225151874352,1112,2.0,0.38525405526161194,517,243,43,51
1471,37.07225151874352,1112,2.0,0.18059612810611725,231,229,40,32
1366,37.07225151874352,1112,2.0,0.40643537044525146,426,191,44,28
1482,37.07225151874352,1112,2.0,0.351590633392334,1424,622,149,80
1496,37.07225151874352,1112,2.0,0.39811092615127563,1320,496,76,44
15,37.10558987442584,1113,2.0,0.29017874598503113,1529,458,69,41
1335,37.10558987442584,1113,2.0,0.25883516669273376,634,278,44,27
1392,37.10558987442584,1113,2.0,0.3160758316516876,1581,478,68,42
1397,37.10558987442584,1113,2.0,0.4998925030231476,680,331,62,39
1417,37.10558987442584,1113,2.0,0.5979791283607483,960,430,84,44
1430,37.10558987442584,1113,2.0,0.6005935668945312,259,348,57,47
1463,37.10558987442584,1113,2.0,0.5307963490486145,514,241,44,50
1471,37.10558987442584,1113,2.0,0.16407570242881775,230,230,40,33
1366,37.10558987442584,1113,2.0,0.27515292167663574,425,191,45,28
1482,37.10558987442584,1113,2.0,0.5488274693489075,1400,613,150,76
1496,37.10558987442584,1113,2.0,0.21176205575466156,1318,495,78,46
1310,37.10558987442584,1113,2.0,0.3979484736919403,418,193,45,29
15,37.138928230108164,1114,2.0,0.2892695367336273,1529,458,69,41
1335,37.138928230108164,1114,2.0,0.17742541432380676,631,277,42,26
1392,37.138928230108164,1114,2.0,0.3152404725551605,1581,478,69,42
1397,37.138928230108164,1114,2.0,0.5682957768440247,675,328,58,37
1417,37.138928230108164,1114,2.0,0.5903427004814148,952,426,81,43
1430,37.138928230108164,1114,2.0,0.5961632132530212,260,351,57,47
1463,37.138928230108164,1114,2.0,0.6007043123245239,511,240,43,48
1471,37.138928230108164,1114,2.0,0.20472702383995056,231,232,39,30
1366,37.138928230108164,1114,2.0,0.5178978443145752,422,190,41,27
1482,37.138928230108164,1114,2.0,0.6045694351196289,1380,604,150,74
1496,37.138928230108164,1114,2.0,0.5360662341117859,1315,493,78,46
15,37.17226658579049,1115,2.0,0.2663155198097229,1529,458,70,41
1335,37.17226658579049,1115,2.0,0.1907762885093689,626,276,44,26
1392,37.17226658579049,1115,2.0,0.2757018208503723,1581,478,68,42
1397,37.17226658579049,1115,2.0,0.5736228823661804,669,326,59,36
1417,37.17226658579049,1115,2.0,0.283313512802124,945,422,81,39
1430,37.17226658579049,1115,2.0,0.5848615169525146,261,355,57,49
1463,37.17226658579049,1115,2.0,0.4713895916938782,508,239,43,48
1471,37.17226658579049,1115,2.0,0.2639564871788025,231,233,38,29
1366,37.17226658579049,1115,2.0,0.5123192071914673,420,189,40,26
1482,37.17226658579049,1115,2.0,0.16591793298721313,1358,594,148,74
1496,37.17226658579049,1115,2.0,0.3121488094329834,1313,492,75,45
15,37.205604941472814,1116,2.0,0.27200058102607727,1529,458,70,41
1335,37.205604941472814,1116,2.0,0.11827395856380463,622,276,43,26
1392,37.205604941472814,1116,2.0,0.2814825475215912,1581,478,68,42
1397,37.205604941472814,1116,2.0,0.5644886493682861,663,324,56,36
1417,37.205604941472814,1116,2.0,0.4938884377479553,935,417,79,42
1430,37.205604941472814,1116,2.0,0.4002350866794586,263,358,55,50
1463,37.205604941472814,1116,2.0,0.4334673285484314,506,238,43,45
1471,37.205604941472814,1116,2.0,0.2908284068107605,231,234,38,30
1366,37.205604941472814,1116,2.0,0.3841129541397095,420,190,36,24
1482,37.205604941472814,1116,2.0,0.24990656971931458,1337,584,140,69
1496,37.205604941472814,1116,2.0,0.35570669174194336,1309,491,73,46
15,37.23894329715514,1117,2.0,0.27705731987953186,1529,458,70,41
1392,37.23894329715514,1117,2.0,0.2886902987957001,1581,478,69,42
1397,37.23894329715514,1117,2.0,0.32369086146354675,658,322,57,35
1417,37.23894329715514,1117,2.0,0.5168095827102661,927,413,82,44
1430,37.23894329715514,1117,2.0,0.42100241780281067,265,361,54,51
1463,37.23894329715514,1117,2.0,0.3317289650440216,503,236,45,45
1471,37.23894329715514,1117,2.0,0.1985270231962204,231,235,40,32
1366,37.23894329715514,1117,2.0,0.34559494256973267,421,189,34,25
1482,37.23894329715514,1117,2.0,0.41814807057380676,1319,576,137,69
1496,37.23894329715514,1117,2.0,0.4564746022224426,1304,489,81,47
15,37.27228165283746,1118,2.0,0.2920306622982025,1529,458,70,42
1392,37.27228165283746,1118,2.0,0.29993337392807007,1581,478,69,42
1397,37.27228165283746,1118,2.0,0.5190085172653198,653,316,54,39
1417,37.27228165283746,1118,2.0,0.4863469898700714,919,410,84,44
1430,37.27228165283746,1118,2.0,0.4311715364456177,266,365,54,52
1463,37.27228165283746,1118,2.0,0.33600735664367676,500,235,44,45
1482,37.27228165283746,1118,2.0,0.6299400329589844,1298,568,134,69
1496,37.27228165283746,1118,2.0,0.46794694662094116,1299,485,83,47
15,37.30562000851978,1119,2.0,0.27280768752098083,1529,458,70,42
1392,37.30562000851978,1119,2.0,0.29314059019088745,1581,478,68,42
1397,37.30562000851978,1119,2.0,0.451243132352829,648,314,56,40
1417,37.30562000851978,1119,2.0,0.6809353828430176,912,405,81,44
1430,37.30562000851978,1119,2.0,0.5088961124420166,267,368,54,53
1463,37.30562000851978,1119,2.0,0.42951375246047974,498,234,45,44
1482,37.30562000851978,1119,2.0,0.502473771572113,1280,560,129,67
1496,37.30562000851978,1119,2.0,0.38504400849342346,1294,483,79,45
1335,37.30562000851978,1119,2.0,0.3001360595226288,609,272,40,29
15,37.33895836420211,1120,2.0,0.2835035026073456,1529,458,70,42
1392,37.33895836420211,1120,2.0,0.29304733872413635,1581,478,68,42
1397,37.33895836420211,1120,2.0,0.41441184282302856,641,310,57,38
1417,37.33895836420211,1120,2.0,0.6132299900054932,906,402,68,40
1430,37.33895836420211,1120,2.0,0.6108301281929016,270,372,56,51
1463,37.33895836420211,1120,2.0,0.3249284625053406,495,232,45,44
1482,37.33895836420211,1120,2.0,0.6810323596000671,1261,554,126,65
1496,37.33895836420211,1120,2.0,0.5021407604217529,1290,482,79,46
1335,37.33895836420211,1120,2.0,0.3239513039588928,606,270,41,30
15,37.37229671988443,1121,2.0,0.250949889421463,1529,458,70,42
1392,37.37229671988443,1121,2.0,0.26556748151779175,1581,478,68,42
1397,37.37229671988443,1121,2.0,0.41388705372810364,635,307,58,37
1417,37.37229671988443,1121,2.0,0.4929523766040802,897,397,72,37
1430,37.37229671988443,1121,2.0,0.4909861385822296,272,376,59,52
1463,37.37229671988443,1121,2.0,0.3213358223438263,493,231,44,43
1482,37.37229671988443,1121,2.0,0.6016210317611694,1245,548,124,63
1496,37.37229671988443,1121,2.0,0.34248003363609314,1286,480,77,43
1335,37.37229671988443,1121,2.0,0.41078466176986694,604,267,41,31
1509,37.37229671988443,1121,2.0,0.5791816711425781,906,400,54,34
15,37.40563507556675,1122,2.0,0.23300088942050934,1529,458,70,41
1392,37.40563507556675,1122,2.0,0.2447620928287506,1581,478,68,42
1397,37.40563507556675,1122,2.0,0.5393026471138,628,302,58,38
1417,37.40563507556675,1122,2.0,0.4871351718902588,892,395,73,37
1430,37.40563507556675,1122,2.0,0.5397461652755737,273,380,62,53
1463,37.40563507556675,1122,2.0,0.382037878036499,491,229,45,42
1482,37.40563507556675,1122,2.0,0.34821319580078125,1230,537,118,64
1496,37.40563507556675,1122,2.0,0.3181248605251312,1284,479,79,44
1335,37.40563507556675,1122,2.0,0.3156648874282837,602,267,40,35
15,37.438973431249075,1123,2.0,0.24216292798519135,1529,458,70,41
1392,37.438973431249075,1123,2.0,0.2421582043170929,1581,478,68,42
1397,37.438973431249075,1123,2.0,0.5902197360992432,624,300,55,39
1417,37.438973431249075,1123,2.0,0.5369083881378174,880,390,74,37
1430,37.438973431249075,1123,2.0,0.29912880063056946,277,383,68,56
1463,37.438973431249075,1123,2.0,0.4856070876121521,489,228,44,42
1482,37.438973431249075,1123,2.0,0.5566818118095398,1213,531,117,61
1496,37.438973431249075,1123,2.0,0.4572463035583496,1281,477,80,43
1335,37.438973431249075,1123,2.0,0.3439386188983917,598,267,37,40
15,37.4723117869314,1124,2.0,0.26568636298179626,1529,458,70,41
1392,37.4723117869314,1124,2.0,0.25574061274528503,1581,478,68,42
1397,37.4723117869314,1124,2.0,0.6385467648506165,620,301,53,36
1417,37.4723117869314,1124,2.0,0.5002095103263855,873,388,72,39
1430,37.4723117869314,1124,2.0,0.4998471736907959,283,387,74,54
1463,37.4723117869314,1124,2.0,0.5100065469741821,487,226,44,41
1482,37.4723117869314,1124,2.0,0.6574335694313049,1197,525,116,64
1496,37.4723117869314,1124,2.0,0.5570060610771179,1279,476,80,43
1335,37.4723117869314,1124,2.0,0.22536233067512512,596,270,40,49
15,37.505650142613725,1125,2.0,0.269362211227417,1529,458,69,41
1392,37.505650142613725,1125,2.0,0.26420149207115173,1581,478,68,43
1397,37.505650142613725,1125,2.0,0.6118518114089966,616,300,53,32
1417,37.505650142613725,1125,2.0,0.5995274782180786,866,385,71,37
1430,37.505650142613725,1125,2.0,0.41913264989852905,285,389,70,55
1463,37.505650142613725,1125,2.0,0.584649384021759,484,225,44,41
1482,37.505650142613725,1125,2.0,0.7209557294845581,1182,518,112,62
1496,37.505650142613725,1125,2.0,0.5542603135108948,1276,475,82,44
15,37.53898849829604,1126,2.0,0.2558913230895996,1529,458,70,41
1392,37.53898849829604,1126,2.0,0.2599639594554901,1581,478,68,43
1397,37.53898849829604,1126,2.0,0.41476643085479736,610,298,53,34
1417,37.53898849829604,1126,2.0,0.6381695866584778,859,382,65,36
1430,37.53898849829604,1126,2.0,0.6058775782585144,285,395,67,55
1463,37.53898849829604,1126,2.0,0.4401259124279022,482,223,46,41
1482,37.53898849829604,1126,2.0,0.6222838759422302,1168,511,108,59
1496,37.53898849829604,1126,2.0,0.3618982136249542,1272,474,78,43
15,37.57232685397837,1127,2.0,0.26893579959869385,1529,458,70,42
1392,37.57232685397837,1127,2.0,0.26872339844703674,1581,478,68,43
1397,37.57232685397837,1127,2.0,0.5251819491386414,606,295,52,33
1417,37.57232685397837,1127,2.0,0.48365554213523865,859,380,53,34
1430,37.57232685397837,1127,2.0,0.6636229753494263,288,401,68,55
1463,37.57232685397837,1127,2.0,0.37253129482269287,479,223,46,41
1482,37.57232685397837,1127,2.0,0.540031909942627,1154,506,105,57
1496,37.57232685397837,1127,2.0,0.39445263147354126,1269,472,77,44
15,37.60566520966069,1128,2.0,0.2587892413139343,1529,458,70,41
1392,37.60566520966069,1128,2.0,0.2749665379524231,1581,478,68,43
1397,37.60566520966069,1128,2.0,0.5460673570632935,601,292,54,35
1417,37.60566520966069,1128,2.0,0.48703792691230774,852,377,59,34
1430,37.60566520966069,1128,2.0,0.5805427432060242,287,404,66,57
1463,37.60566520966069,1128,2.0,0.27746322751045227,477,222,45,39
1482,37.60566520966069,1128,2.0,0.7227749228477478,1141,500,105,57
1496,37.60566520966069,1128,2.0,0.21444456279277802,1266,469,75,43
1524,37.60566520966069,1128,2.0,0.3961375057697296,1054,791,146,74
1335,37.60566520966069,1128,2.0,0.3524820804595947,587,269,51,52
15,37.63900356534302,1129,2.0,0.30841049551963806,1529,457,70,40
1392,37.63900356534302,1129,2.0,0.2916518449783325,1581,477,69,43
1397,37.63900356534302,1129,2.0,0.5302500128746033,597,290,54,35
1417,37.63900356534302,1129,2.0,0.4822560250759125,842,375,66,38
1430,37.63900356534302,1129,2.0,0.4915660321712494,290,408,66,59
1463,37.63900356534302,1129,2.0,0.33921149373054504,474,222,45,38
1482,37.63900356534302,1129,2.0,0.614028811454773,1127,493,102,54
1496,37.63900356534302,1129,2.0,0.18212559819221497,1263,468,70,44
1524,37.63900356534302,1129,2.0,0.27657756209373474,1059,788,147,77
1335,37.63900356534302,1129,2.0,0.22798557579517365,588,266,57,47
15,37.672341921025335,1130,2.0,0.31040096282958984,1529,457,69,40
1392,37.672341921025335,1130,2.0,0.3252052962779999,1581,477,69,43
1397,37.672341921025335,1130,2.0,0.4223024249076843,592,285,53,38
1417,37.672341921025335,1130,2.0,0.5209018588066101,836,372,68,38
1430,37.672341921025335,1130,2.0,0.6379344463348389,292,412,67,59
1463,37.672341921025335,1130,2.0,0.5292146801948547,472,220,45,36
1482,37.672341921025335,1130,2.0,0.6187421679496765,1115,486,102,52
1496,37.672341921025335,1130,2.0,0.38340091705322266,1262,467,65,41
1524,37.672341921025335,1130,2.0,0.3912712335586548,1068,784,146,76
1335,37.672341921025335,1130,2.0,0.16479401290416718,588,270,58,57
15,37.70568027670766,1131,2.0,0.28563207387924194,1529,457,70,40
1392,37.70568027670766,1131,2.0,0.27362993359565735,1581,478,69,44
1397,37.70568027670766,1131,2.0,0.42554813623428345,588,281,54,41
1417,37.70568027670766,1131,2.0,0.4826984703540802,829,368,71,39
1430,37.70568027670766,1131,2.0,0.7174545526504517,295,415,65,60
1463,37.70568027670766,1131,2.0,0.4725482165813446,469,220,46,36
1482,37.70568027670766,1131,2.0,0.41347113251686096,1100,480,100,54
1496,37.70568027670766,1131,2.0,0.17435206472873688,1261,466,58,40
1524,37.70568027670766,1131,2.0,0.5127471685409546,1076,779,148,81
1335,37.70568027670766,1131,2.0,0.2513844966888428,586,271,59,57
15,37.739018632389985,1132,2.0,0.3077981472015381,1529,458,70,41
1392,37.739018632389985,1132,2.0,0.3028324544429779,1581,478,69,44
1397,37.739018632389985,1132,2.0,0.5689194202423096,581,276,52,46
1417,37.739018632389985,1132,2.0,0.45684942603111267,822,366,70,43
1430,37.739018632389985,1132,2.0,0.6090444326400757,297,421,64,62
1463,37.739018632389985,1132,2.0,0.5656999349594116,467,219,46,35
1482,37.739018632389985,1132,2.0,0.6601802706718445,1088,476,100,54
1496,37.739018632389985,1132,2.0,0.3176395297050476,1260,466,54,42
1524,37.739018632389985,1132,2.0,0.6375913619995117,1081,777,146,81
1531,37.739018632389985,1132,2.0,0.6624813675880432,1108,478,66,53
15,37.77235698807231,1133,2.0,0.36362239718437195,1529,458,70,41
1392,37.77235698807231,1133,2.0,0.3451042175292969,1581,478,69,44
1397,37.77235698807231,1133,2.0,0.7545958161354065,577,272,55,50
1417,37.77235698807231,1133,2.0,0.5908405184745789,815,362,65,41
1430,37.77235698807231,1133,2.0,0.5264702439308167,300,427,67,60
1463,37.77235698807231,1133,2.0,0.5997191071510315,465,218,47,34
1482,37.77235698807231,1133,2.0,0.6271978616714478,1075,471,95,52
1496,37.77235698807231,1133,2.0,0.19202983379364014,1258,465,49,39
1524,37.77235698807231,1133,2.0,0.6527214646339417,1089,775,146,80
15,37.80569534375463,1134,2.0,0.36634528636932373,1529,458,70,41
1392,37.80569534375463,1134,2.0,0.34022289514541626,1581,477,69,44
1397,37.80569534375463,1134,2.0,0.7078896164894104,573,270,54,52
1417,37.80569534375463,1134,2.0,0.5610999464988708,808,357,64,36
1430,37.80569534375463,1134,2.0,0.32079970836639404,302,430,69,64
1463,37.80569534375463,1134,2.0,0.6476844549179077,464,217,46,35
1482,37.80569534375463,1134,2.0,0.6744306683540344,1063,465,93,49
1496,37.80569534375463,1134,2.0,0.24444296956062317,1256,464,45,37
1524,37.80569534375463,1134,2.0,0.6854898929595947,1094,772,143,78
1534,37.80569534375463,1134,2.0,0.6499392986297607,1570,779,217,118
15,37.83903369943695,1135,2.0,0.35836905241012573,1529,458,70,41
1392,37.83903369943695,1135,2.0,0.33232924342155457,1581,477,69,44
1397,37.83903369943695,1135,2.0,0.6245717406272888,568,266,52,54
1417,37.83903369943695,1135,2.0,0.6325539350509644,802,354,62,32
1430,37.83903369943695,1135,2.0,0.323090523481369,305,435,67,61
1463,37.83903369943695,1135,2.0,0.669974684715271,462,214,49,34
1482,37.83903369943695,1135,2.0,0.60976243019104,1052,459,92,49
1496,37.83903369943695,1135,2.0,0.2605777680873871,1254,463,43,37
1524,37.83903369943695,1135,2.0,0.6938626766204834,1101,770,141,78
1534,37.83903369943695,1135,2.0,0.7466877102851868,1537,762,208,116
15,37.87237205511928,1136,2.0,0.34384462237358093,1529,458,70,42
1392,37.87237205511928,1136,2.0,0.31398892402648926,1581,478,70,44
1397,37.87237205511928,1136,2.0,0.6007841229438782,565,264,53,53
1417,37.87237205511928,1136,2.0,0.55320805311203,796,352,60,30
1430,37.87237205511928,1136,2.0,0.3302294611930847,309,441,66,65
1463,37.87237205511928,1136,2.0,0.6866756081581116,459,213,50,33
1482,37.87237205511928,1136,2.0,0.662139892578125,1041,456,89,51
1496,37.87237205511928,1136,2.0,0.2513667345046997,1252,461,39,36
1524,37.87237205511928,1136,2.0,0.6126417517662048,1104,767,134,74
1534,37.87237205511928,1136,2.0,0.7423102855682373,1505,744,209,112
1537,37.87237205511928,1136,2.0,0.5833064913749695,1556,695,195,89
15,37.9057104108016,1137,2.0,0.354168176651001,1529,458,70,42
1392,37.9057104108016,1137,2.0,0.3252115547657013,1581,478,70,44
1397,37.9057104108016,1137,2.0,0.5898033380508423,561,260,49,49
1417,37.9057104108016,1137,2.0,0.5395535826683044,790,350,62,31
1430,37.9057104108016,1137,2.0,0.4040699303150177,312,446,66,64
1463,37.9057104108016,1137,2.0,0.5782900452613831,457,212,50,32
1482,37.9057104108016,1137,2.0,0.4779248535633087,1030,452,88,50
1496,37.9057104108016,1137,2.0,0.17763011157512665,1250,459,34,35
1524,37.9057104108016,1137,2.0,0.625786304473877,1111,764,134,74
1534,37.9057104108016,1137,2.0,0.7337062358856201,1469,727,197,105
1537,37.9057104108016,1137,2.0,0.40664517879486084,1539,683,181,93
15,37.93904876648392,1138,2.0,0.3649141192436218,1529,458,70,42
1392,37.93904876648392,1138,2.0,0.3374345898628235,1581,477,70,44
1397,37.93904876648392,1138,2.0,0.6498410105705261,558,259,46,50
1417,37.93904876648392,1138,2.0,0.5337297320365906,785,348,62,32
1430,37.93904876648392,1138,2.0,0.4711773693561554,315,453,66,64
1463,37.93904876648392,1138,2.0,0.6045817732810974,456,211,51,33
1482,37.93904876648392,1138,2.0,0.6685445308685303,1020,447,85,48
1496,37.93904876648392,1138,2.0,0.1923271119594574,1249,458,31,35
1524,37.93904876648392,1138,2.0,0.7136749029159546,1115,762,132,72
1534,37.93904876648392,1138,2.0,0.7539629340171814,1435,712,188,102
1537,37.93904876648392,1138,2.0,0.5576895475387573,1501,670,186,87
15,37.972387122166246,1139,2.0,0.37541663646698,1529,458,70,42
1392,37.972387122166246,1139,2.0,0.35245072841644287,1582,477,70,44
1397,37.972387122166246,1139,2.0,0.6558185815811157,554,258,46,49
1417,37.972387122166246,1139,2.0,0.44959911704063416,778,346,65,36
1430,37.972387122166246,1139,2.0,0.4902401566505432,320,462,68,56
1463,37.972387122166246,1139,2.0,0.5415738821029663,453,210,50,34
1482,37.972387122166246,1139,2.0,0.6270129680633545,1009,443,86,48
1524,37.972387122166246,1139,2.0,0.7439574003219604,1120,759,129,73
1534,37.972387122166246,1139,2.0,0.7106274962425232,1404,696,182,100
1537,37.972387122166246,1139,2.0,0.3568510413169861,1473,658,178,86
15,38.00572547784857,1140,2.0,0.37281176447868347,1529,458,70,43
1392,38.00572547784857,1140,2.0,0.3387858271598816,1582,477,70,44
1397,38.00572547784857,1140,2.0,0.5571046471595764,551,255,49,50
1417,38.00572547784857,1140,2.0,0.49762654304504395,772,342,64,38
1430,38.00572547784857,1140,2.0,0.4575241208076477,323,466,70,63
1463,38.00572547784857,1140,2.0,0.3596019744873047,449,208,48,35
1482,38.00572547784857,1140,2.0,0.6110901236534119,998,438,84,48
1524,38.00572547784857,1140,2.0,0.7307323813438416,1126,756,130,75
1534,38.00572547784857,1140,2.0,0.7448773384094238,1376,683,175,95
1537,38.00572547784857,1140,2.0,0.5105224847793579,1449,647,163,80
15,38.039063833530896,1141,2.0,0.371982604265213,1529,459,70,44
1392,38.039063833530896,1141,2.0,0.32901495695114136,1582,477,70,44
1397,38.039063833530896,1141,2.0,0.5924729704856873,548,254,49,50
1417,38.039063833530896,1141,2.0,0.6181269288063049,768,339,63,39
1430,38.039063833530896,1141,2.0,0.5821043252944946,324,470,69,67
1463,38.039063833530896,1141,2.0,0.4822617173194885,446,208,47,35
1482,38.039063833530896,1141,2.0,0.46158725023269653,994,435,74,49
1524,38.039063833530896,1141,2.0,0.6774191856384277,1131,753,128,76
1534,38.039063833530896,1141,2.0,0.7749338746070862,1348,669,171,95
1537,38.039063833530896,1141,2.0,0.6521871089935303,1422,635,163,82
1546,38.039063833530896,1141,2.0,0.5289250016212463,243,283,39,31
15,38.07240218921322,1142,2.0,0.3653720021247864,1529,459,70,44
1392,38.07240218921322,1142,2.0,0.3307594954967499,1582,477,70,44
1397,38.07240218921322,1142,2.0,0.4462854564189911,544,252,47,50
1417,38.07240218921322,1142,2.0,0.603085458278656,763,336,62,38
1430,38.07240218921322,1142,2.0,0.4357132315635681,328,476,69,69
1463,38.07240218921322,1142,2.0,0.6478338837623596,445,207,49,34
1482,38.07240218921322,1142,2.0,0.5352056622505188,983,431,74,49
1524,38.07240218921322,1142,2.0,0.6703499555587769,1136,752,125,75
1534,38.07240218921322,1142,2.0,0.6151487827301025,1323,655,167,91
1537,38.07240218921322,1142,2.0,0.4699673056602478,1399,624,155,81
1546,38.07240218921322,1142,2.0,0.5945452451705933,243,284,38,34
15,38.10574054489554,1143,2.0,0.3308671712875366,1529,459,70,44
1392,38.10574054489554,1143,2.0,0.3045324683189392,1582,477,69,44
1397,38.10574054489554,1143,2.0,0.361357718706131,541,250,43,49
1417,38.10574054489554,1143,2.0,0.6754487752914429,756,334,59,37
1430,38.10574054489554,1143,2.0,0.5133518576622009,332,481,70,68
1463,38.10574054489554,1143,2.0,0.5127869844436646,442,206,46,34
1482,38.10574054489554,1143,2.0,0.3289417028427124,971,427,79,50
1524,38.10574054489554,1143,2.0,0.7288955450057983,1138,749,120,74
1534,38.10574054489554,1143,2.0,0.6295012831687927,1298,642,163,85
1537,38.10574054489554,1143,2.0,0.5329649448394775,1377,613,151,79
1546,38.10574054489554,1143,2.0,0.647299587726593,243,285,35,35
15,38.139078900577864,1144,2.0,0.3245629370212555,1529,458,71,43
1392,38.139078900577864,1144,2.0,0.32890886068344116,1582,478,70,44
1397,38.139078900577864,1144,2.0,0.46532267332077026,538,247,44,47
1417,38.139078900577864,1144,2.0,0.7046859264373779,752,333,58,35
1430,38.139078900577864,1144,2.0,0.49342790246009827,336,486,73,75
1463,38.139078900577864,1144,2.0,0.5065733194351196,442,206,47,34
1482,38.139078900577864,1144,2.0,0.5116982460021973,960,422,78,48
1524,38.139078900577864,1144,2.0,0.6816694736480713,1142,747,119,73
1534,38.139078900577864,1144,2.0,0.595267653465271,1275,633,156,85
1537,38.139078900577864,1144,2.0,0.4699171781539917,1354,604,148,74
1546,38.139078900577864,1144,2.0,0.5063303709030151,244,288,35,37
15,38.17241725626019,1145,2.0,0.32732805609703064,1529,458,71,42
1392,38.17241725626019,1145,2.0,0.32234200835227966,1582,478,70,44
1397,38.17241725626019,1145,2.0,0.5793683528900146,534,248,45,46
1417,38.17241725626019,1145,2.0,0.6469268798828125,748,331,57,34
1430,38.17241725626019,1145,2.0,0.38176974654197693,338,493,75,76
1463,38.17241725626019,1145,2.0,0.6611791253089905,442,203,51,35
1482,38.17241725626019,1145,2.0,0.5400103330612183,951,416,80,48
1524,38.17241725626019,1145,2.0,0.6217562556266785,1146,745,115,72
1534,38.17241725626019,1145,2.0,0.6526389122009277,1252,621,151,81
1537,38.17241725626019,1145,2.0,0.6299097537994385,1332,595,145,75
1546,38.17241725626019,1145,2.0,0.6639714241027832,245,290,37,38
1553,38.17241725626019,1145,2.0,0.403451144695282,363,165,50,27
15,38.205755611942514,1146,2.0,0.29013457894325256,1529,458,71,43
1392,38.205755611942514,1146,2.0,0.2997421622276306,1582,478,70,44
1397,38.205755611942514,1146,2.0,0.5096883773803711,530,247,46,49
1417,38.205755611942514,1146,2.0,0.6467210650444031,744,329,57,32
1430,38.205755611942514,1146,2.0,0.5866086483001709,341,500,75,74
1463,38.205755611942514,1146,2.0,0.5782346725463867,440,202,55,36
1482,38.205755611942514,1146,2.0,0.48034539818763733,940,412,79,46
1524,38.205755611942514,1146,2.0,0.6636985540390015,1151,743,112,69
1534,38.205755611942514,1146,2.0,0.6293003559112549,1229,610,148,82
1537,38.205755611942514,1146,2.0,0.40609419345855713,1310,586,145,72
1546,38.205755611942514,1146,2.0,0.6299856305122375,246,293,38,35
1553,38.205755611942514,1146,2.0,0.43009477853775024,364,164,48,28
1556,38.205755611942514,1146,2.0,0.36334389448165894,356,160,57,29
15,38.23909396762483,1147,2.0,0.2881632149219513,1529,458,71,43
1392,38.23909396762483,1147,2.0,0.2977963089942932,1582,478,70,44
1397,38.23909396762483,1147,2.0,0.5539940595626831,526,245,46,49
1417,38.23909396762483,1147,2.0,0.619106113910675,739,328,57,32
1430,38.23909396762483,1147,2.0,0.5704131126403809,346,507,74,76
1463,38.23909396762483,1147,2.0,0.6170372366905212,438,201,54,37
1482,38.23909396762483,1147,2.0,0.42096710205078125,935,410,74,48
1524,38.23909396762483,1147,2.0,0.605571985244751,1155,743,108,68
1534,38.23909396762483,1147,2.0,0.6425639390945435,1207,599,140,78
1537,38.23909396762483,1147,2.0,0.3957427144050598,1291,577,139,70
1546,38.23909396762483,1147,2.0,0.6929929256439209,247,296,40,34
1553,38.23909396762483,1147,2.0,0.47232311964035034,366,163,44,24
1556,38.23909396762483,1147,2.0,0.41815781593322754,356,160,58,26
1557,38.23909396762483,1147,2.0,0.4644152522087097,948,412,51,45
15,38.27243232330716,1148,2.0,0.33476293087005615,1529,458,70,43
1392,38.27243232330716,1148,2.0,0.32845327258110046,1582,478,70,44
1397,38.27243232330716,1148,2.0,0.4701918363571167,524,244,45,48
1417,38.27243232330716,1148,2.0,0.5932687520980835,736,326,57,32
1430,38.27243232330716,1148,2.0,0.5030328631401062,347,514,79,79
1463,38.27243232330716,1148,2.0,0.5791904926300049,436,201,54,35
1482,38.27243232330716,1148,2.0,0.4740685522556305,930,406,64,46
1524,38.27243232330716,1148,2.0,0.632187008857727,1158,743,106,67
1534,38.27243232330716,1148,2.0,0.6435178518295288,1186,590,139,76
1537,38.27243232330716,1148,2.0,0.5760802030563354,1270,568,135,68
1546,38.27243232330716,1148,2.0,0.5929453372955322,247,299,39,32
1553,38.27243232330716,1148,2.0,0.3497244417667389,367,164,44,23
1556,38.27243232330716,1148,2.0,0.3089714050292969,354,161,62,24
1557,38.27243232330716,1148,2.0,0.5098475813865662,942,407,45,42
1509,38.27243232330716,1148,2.0,0.4643665850162506,906,403,46,37
15,38.30577067898948,1149,2.0,0.3961185812950134,1529,458,71,43
1392,38.30577067898948,1149,2.0,0.3279834985733032,1582,478,70,44
1397,38.30577067898948,1149,2.0,0.4830935299396515,521,243,48,47
1417,38.30577067898948,1149,2.0,0.4822331666946411,734,325,54,31
1430,38.30577067898948,1149,2.0,0.6849559545516968,351,519,85,81
1463,38.30577067898948,1149,2.0,0.6319634914398193,434,201,54,34
1482,38.30577067898948,1149,2.0,0.47779780626296997,919,402,67,43
1524,38.30577067898948,1149,2.0,0.593909502029419,1164,742,103,62
1534,38.30577067898948,1149,2.0,0.5132339000701904,1167,579,135,76
1537,38.30577067898948,1149,2.0,0.4994981586933136,1256,560,125,66
1546,38.30577067898948,1149,2.0,0.6780093312263489,247,301,39,32
1553,38.30577067898948,1149,2.0,0.309368371963501,370,163,40,23
1556,38.30577067898948,1149,2.0,0.2333710938692093,355,160,59,24
15,38.33910903467181,1150,2.0,0.3841134011745453,1529,458,71,42
1392,38.33910903467181,1150,2.0,0.31685954332351685,1582,478,70,44
1397,38.33910903467181,1150,2.0,0.6189534068107605,518,241,48,42
1417,38.33910903467181,1150,2.0,0.4291546046733856,728,323,56,33
1430,38.33910903467181,1150,2.0,0.43019622564315796,355,526,85,84
1463,38.33910903467181,1150,2.0,0.4891655445098877,432,200,52,35
1482,38.33910903467181,1150,2.0,0.6234688758850098,910,397,64,41
1524,38.33910903467181,1150,2.0,0.5873898863792419,1167,740,100,59
1534,38.33910903467181,1150,2.0,0.6348241567611694,1149,570,128,71
1537,38.33910903467181,1150,2.0,0.5043401122093201,1239,553,122,64
1546,38.33910903467181,1150,2.0,0.5575898289680481,248,304,41,32
1553,38.33910903467181,1150,2.0,0.23302403092384338,372,163,33,25
15,38.372447390354125,1151,2.0,0.3551211655139923,1529,458,70,42
1392,38.372447390354125,1151,2.0,0.29598966240882874,1582,478,70,43
1397,38.372447390354125,1151,2.0,0.667629063129425,515,239,49,42
1417,38.372447390354125,1151,2.0,0.5524894595146179,723,319,57,37
1430,38.372447390354125,1151,2.0,0.7555506825447083,360,533,88,87
1463,38.372447390354125,1151,2.0,0.4157711863517761,429,198,50,34
1482,38.372447390354125,1151,2.0,0.6264380216598511,903,394,63,40
1524,38.372447390354125,1151,2.0,0.4187047779560089,1168,741,96,57
1534,38.372447390354125,1151,2.0,0.5799153447151184,1131,560,131,72
1537,38.372447390354125,1151,2.0,0.5045191049575806,1218,546,124,63
1546,38.372447390354125,1151,2.0,0.6180267333984375,249,306,42,35
1553,38.372447390354125,1151,2.0,0.3242243230342865,369,162,36,25
1556,38.372447390354125,1151,2.0,0.3800106644630432,357,161,47,24
15,38.40578574603645,1152,2.0,0.3667740225791931,1529,458,70,43
1392,38.40578574603645,1152,2.0,0.29726988077163696,1582,478,69,43
1397,38.40578574603645,1152,2.0,0.5871702432632446,514,238,48,40
1417,38.40578574603645,1152,2.0,0.536581814289093,715,314,53,34
1430,38.40578574603645,1152,2.0,0.43537095189094543,365,544,88,78
1463,38.40578574603645,1152,2.0,0.5242814421653748,427,198,51,33
1482,38.40578574603645,1152,2.0,0.45673704147338867,896,391,63,43
1524,38.40578574603645,1152,2.0,0.4916873574256897,1170,740,89,56
1534,38.40578574603645,1152,2.0,0.4094645380973816,1114,552,126,69
1537,38.40578574603645,1152,2.0,0.33148419857025146,1207,537,107,62
1546,38.40578574603645,1152,2.0,0.5721943378448486,250,309,44,39
1553,38.40578574603645,1152,2.0,0.2718835175037384,366,162,34,25
1556,38.40578574603645,1152,2.0,0.3611457943916321,351,160,54,25
15,38.439124101718775,1153,2.0,0.36852598190307617,1529,458,70,42
1392,38.439124101718775,1153,2.0,0.2899574339389801,1582,478,70,43
1397,38.439124101718775,1153,2.0,0.7496272921562195,512,238,49,40
1417,38.439124101718775,1153,2.0,0.5026049613952637,711,311,50,32
1430,38.439124101718775,1153,2.0,0.5027229189872742,375,549,102,89
1463,38.439124101718775,1153,2.0,0.5584692358970642,426,198,52,31
1482,38.439124101718775,1153,2.0,0.4838244318962097,894,387,50,41
1524,38.439124101718775,1153,2.0,0.2092706263065338,1168,739,77,50
1534,38.439124101718775,1153,2.0,0.6346231698989868,1096,545,120,68
1537,38.439124101718775,1153,2.0,0.4925702214241028,1190,530,110,62
1546,38.439124101718775,1153,2.0,0.6830673217773438,251,312,45,40
1556,38.439124101718775,1153,2.0,0.3546512722969055,347,160,56,26
1566,38.439124101718775,1153,2.0,0.3172304034233093,1794,334,95,23
1567,38.439124101718775,1153,2.0,0.3760548233985901,1178,431,54,49
15,38.4724624574011,1154,2.0,0.32625612616539,1529,458,70,42
1392,38.4724624574011,1154,2.0,0.25272807478904724,1582,478,70,43
1397,38.4724624574011,1154,2.0,0.7067886590957642,508,237,49,36
1417,38.4724624574011,1154,2.0,0.6855858564376831,706,309,47,31
1430,38.4724624574011,1154,2.0,0.40599486231803894,378,555,101,94
1463,38.4724624574011,1154,2.0,0.47711092233657837,424,196,51,31
1482,38.4724624574011,1154,2.0,0.522427499294281,880,384,61,43
1524,38.4724624574011,1154,2.0,0.23756520450115204,1175,739,68,44
1534,38.4724624574011,1154,2.0,0.3138905167579651,1079,537,118,66
1537,38.4724624574011,1154,2.0,0.23417192697525024,1177,523,105,60
1546,38.4724624574011,1154,2.0,0.6521632671356201,252,314,47,41
1556,38.4724624574011,1154,2.0,0.3590855598449707,344,160,51,26
1566,38.4724624574011,1154,2.0,0.184958353638649,1796,334,94,23
1567,38.4724624574011,1154,2.0,0.33034923672676086,1176,430,53,47
15,38.50580081308342,1155,2.0,0.36996570229530334,1529,458,70,42
1392,38.50580081308342,1155,2.0,0.2825790345668793,1582,478,70,43
1397,38.50580081308342,1155,2.0,0.6632605791091919,505,235,51,33
1417,38.50580081308342,1155,2.0,0.6661195755004883,700,308,48,29
1430,38.50580081308342,1155,2.0,0.6292833089828491,383,562,102,98
1463,38.50580081308342,1155,2.0,0.5263729691505432,421,196,50,30
1482,38.50580081308342,1155,2.0,0.33028891682624817,868,381,69,41
1524,38.50580081308342,1155,2.0,0.15812432765960693,1177,736,65,44
1534,38.50580081308342,1155,2.0,0.574366569519043,1065,528,113,65
1537,38.50580081308342,1155,2.0,0.5432443022727966,1160,516,101,60
1546,38.50580081308342,1155,2.0,0.691525399684906,253,317,47,42
1556,38.50580081308342,1155,2.0,0.4167748689651489,345,159,56,25
1566,38.50580081308342,1155,2.0,0.15928098559379578,1803,334,92,29
1567,38.50580081308342,1155,2.0,0.25142884254455566,1175,430,50,45
1553,38.50580081308342,1155,2.0,0.30823516845703125,365,160,30,25
15,38.53913916876574,1156,2.0,0.31925421953201294,1529,458,70,42
1392,38.53913916876574,1156,2.0,0.23652708530426025,1583,478,71,43
1397,38.53913916876574,1156,2.0,0.43692609667778015,504,234,52,32
1417,38.53913916876574,1156,2.0,0.6767144203186035,697,306,47,28
1430,38.53913916876574,1156,2.0,0.5467074513435364,387,571,99,99
1463,38.53913916876574,1156,2.0,0.4594595730304718,421,196,51,28
1482,38.53913916876574,1156,2.0,0.4206297695636749,864,379,61,39
1534,38.53913916876574,1156,2.0,0.6025214195251465,1051,523,117,64
1537,38.53913916876574,1156,2.0,0.49184584617614746,1142,509,109,59
1546,38.53913916876574,1156,2.0,0.5946547389030457,253,320,47,43
1556,38.53913916876574,1156,2.0,0.4258754253387451,342,158,52,25
1566,38.53913916876574,1156,2.0,0.10394978523254395,1806,336,96,31
1567,38.53913916876574,1156,2.0,0.24433520436286926,1174,430,46,43
1553,38.53913916876574,1156,2.0,0.1959265023469925,362,160,35,24
15,38.57247752444807,1157,2.0,0.26198074221611023,1529,458,70,43
1392,38.57247752444807,1157,2.0,0.22072310745716095,1583,478,70,43
1397,38.57247752444807,1157,2.0,0.37728971242904663,502,234,55,33
1417,38.57247752444807,1157,2.0,0.7891544699668884,692,304,50,29
1430,38.57247752444807,1157,2.0,0.3892696797847748,391,582,99,100
1463,38.57247752444807,1157,2.0,0.5608392357826233,420,195,52,27
1482,38.57247752444807,1157,2.0,0.3852556049823761,860,376,52,39
1534,38.57247752444807,1157,2.0,0.42378032207489014,1035,514,108,65
1537,38.57247752444807,1157,2.0,0.4385150969028473,1129,504,106,59
1546,38.57247752444807,1157,2.0,0.5536994934082031,253,322,46,42
1556,38.57247752444807,1157,2.0,0.40972235798835754,342,158,54,25
1566,38.57247752444807,1157,2.0,0.1729898899793625,1810,337,89,31
1567,38.57247752444807,1157,2.0,0.16317036747932434,1172,429,39,42
1553,38.57247752444807,1157,2.0,0.23612622916698456,359,160,42,25
15,38.60581588013039,1158,2.0,0.2876931428909302,1529,458,71,44
1392,38.60581588013039,1158,2.0,0.23800702393054962,1583,478,70,43
1397,38.60581588013039,1158,2.0,0.3430493474006653,498,232,50,31
1417,38.60581588013039,1158,2.0,0.7741953730583191,687,302,51,29
1430,38.60581588013039,1158,2.0,0.5526870489120483,394,591,103,102
1463,38.60581588013039,1158,2.0,0.51532381772995,420,195,54,26
1482,38.60581588013039,1158,2.0,0.31270933151245117,852,373,58,40
1534,38.60581588013039,1158,2.0,0.5380470156669617,1020,507,106,61
1537,38.60581588013039,1158,2.0,0.6364385485649109,1113,496,104,56
1546,38.60581588013039,1158,2.0,0.575686514377594,254,326,46,40
1556,38.60581588013039,1158,2.0,0.1654280722141266,346,159,50,25
1566,38.60581588013039,1158,2.0,0.13642795383930206,1811,338,89,30
1553,38.60581588013039,1158,2.0,0.16582833230495453,363,160,34,24
15,38.63915423581271,1159,2.0,0.26902055740356445,1529,458,71,44
1392,38.63915423581271,1159,2.0,0.22718456387519836,1583,478,70,43
1397,38.63915423581271,1159,2.0,0.42474985122680664,494,231,50,33
1417,38.63915423581271,1159,2.0,0.7871757745742798,686,301,53,30
1430,38.63915423581271,1159,2.0,0.4927237331867218,400,601,106,104
1463,38.63915423581271,1159,2.0,0.4814257025718689,415,194,49,26
1482,38.63915423581271,1159,2.0,0.38299092650413513,842,369,56,39
1534,38.63915423581271,1159,2.0,0.5303773880004883,1006,501,104,59
1537,38.63915423581271,1159,2.0,0.47175225615501404,1098,492,102,55
1546,38.63915423581271,1159,2.0,0.6477592587471008,255,329,47,38
1556,38.63915423581271,1159,2.0,0.14544208347797394,346,159,43,24
15,38.672492591495036,1160,2.0,0.27956122159957886,1529,456,69,39
1392,38.672492591495036,1160,2.0,0.11596912145614624,1585,477,70,44
1397,38.672492591495036,1160,2.0,0.44675442576408386,493,230,52,33
1417,38.672492591495036,1160,2.0,0.5744024515151978,681,300,51,30
1430,38.672492591495036,1160,2.0,0.4282763600349426,406,611,108,105
1463,38.672492591495036,1160,2.0,0.6136971712112427,415,193,49,26
1482,38.672492591495036,1160,2.0,0.4550131559371948,834,367,59,42
1534,38.672492591495036,1160,2.0,0.22918325662612915,1000,495,87,56
1537,38.672492591495036,1160,2.0,0.45430052280426025,1087,486,103,55
1546,38.672492591495036,1160,2.0,0.5580953359603882,257,333,48,40
1556,38.672492591495036,1160,2.0,0.21371334791183472,348,159,38,24
15,38.70583094717736,1161,2.0,0.26550835371017456,1528,456,68,37
1392,38.70583094717736,1161,2.0,0.10445398837327957,1586,477,69,44
1397,38.70583094717736,1161,2.0,0.4769393801689148,490,229,52,36
1417,38.70583094717736,1161,2.0,0.5667996406555176,677,299,51,32
1430,38.70583094717736,1161,2.0,0.5473357439041138,412,621,107,107
1463,38.70583094717736,1161,2.0,0.6199803352355957,414,190,50,25
1482,38.70583094717736,1161,2.0,0.42341098189353943,825,363,61,39
1534,38.70583094717736,1161,7.0,0.13236618041992188,980,487,97,62
1537,38.70583094717736,1161,2.0,0.5223885178565979,1072,481,101,53
1546,38.70583094717736,1161,2.0,0.5980662107467651,257,336,47,41
1556,38.70583094717736,1161,2.0,0.1950182318687439,350,159,43,24
1587,38.70583094717736,1161,2.0,0.41902050375938416,201,274,38,30
1588,38.70583094717736,1161,2.0,0.35255196690559387,1600,432,50,36
15,38.739169302859686,1162,2.0,0.27976757287979126,1528,455,68,36
1392,38.739169302859686,1162,2.0,0.13341853022575378,1587,477,70,45
1397,38.739169302859686,1162,2.0,0.441878080368042,489,227,58,35
1417,38.739169302859686,1162,2.0,0.43983685970306396,673,297,49,31
1430,38.739169302859686,1162,2.0,0.5126351714134216,418,631,110,109
1463,38.739169302859686,1162,2.0,0.49319761991500854,413,189,51,26
1482,38.739169302859686,1162,2.0,0.39580219984054565,816,359,61,38
1534,38.739169302859686,1162,2.0,0.5121500492095947,967,479,97,60
1537,38.739169302859686,1162,2.0,0.5449492335319519,1061,474,94,51
1546,38.739169302859686,1162,2.0,0.5142516493797302,260,338,50,43
1556,38.739169302859686,1162,2.0,0.1730886995792389,347,159,45,24
1587,38.739169302859686,1162,2.0,0.23160794377326965,203,274,41,29
1588,38.739169302859686,1162,2.0,0.3470306098461151,1601,432,50,36
15,38.772507658542004,1163,2.0,0.2940169870853424,1528,455,68,36
1392,38.772507658542004,1163,2.0,0.14228007197380066,1587,477,70,45
1397,38.772507658542004,1163,2.0,0.5101864337921143,486,228,59,34
1417,38.772507658542004,1163,2.0,0.6277636289596558,669,295,47,31
1430,38.772507658542004,1163,2.0,0.521550178527832,424,643,113,114
1463,38.772507658542004,1163,2.0,0.4637577533721924,414,188,49,27
1482,38.772507658542004,1163,2.0,0.4503090977668762,809,357,62,38
1534,38.772507658542004,1163,2.0,0.5312721133232117,954,472,97,59
1537,38.772507658542004,1163,2.0,0.6269958019256592,1052,468,90,50
1546,38.772507658542004,1163,2.0,0.5480180978775024,261,340,52,43
1587,38.772507658542004,1163,2.0,0.5273706912994385,202,276,40,28
1588,38.772507658542004,1163,2.0,0.35408681631088257,1601,432,50,36
15,38.80584601422433,1164,2.0,0.31306177377700806,1528,455,68,36
1392,38.80584601422433,1164,2.0,0.15110266208648682,1587,477,70,44
1397,38.80584601422433,1164,2.0,0.5298994183540344,485,224,54,32
1417,38.80584601422433,1164,2.0,0.6242499351501465,663,292,50,33
1430,38.80584601422433,1164,7.0,0.34738099575042725,431,653,114,119
1463,38.80584601422433,1164,2.0,0.4489257037639618,413,188,53,27
1482,38.80584601422433,1164,2.0,0.6195764541625977,803,353,63,35
1534,38.80584601422433,1164,2.0,0.2274715155363083,944,468,96,56
1537,38.80584601422433,1164,2.0,0.30663004517555237,1038,463,93,51
1546,38.80584601422433,1164,2.0,0.49049991369247437,263,343,53,42
1587,38.80584601422433,1164,2.0,0.30733993649482727,202,278,39,26
1588,38.80584601422433,1164,2.0,0.3667009472846985,1601,432,50,36
1604,38.80584601422433,1164,2.0,0.329715371131897,1015,792,147,83
15,38.839184369906654,1165,2.0,0.30134114623069763,1528,455,68,35
1392,38.839184369906654,1165,2.0,0.14303776621818542,1587,477,70,44
1397,38.839184369906654,1165,2.0,0.28812387585639954,481,223,56,35
1417,38.839184369906654,1165,2.0,0.5900667905807495,661,292,51,33
1430,38.839184369906654,1165,2.0,0.4872690737247467,442,666,114,123
1463,38.839184369906654,1165,2.0,0.31726014614105225,410,187,55,26
1482,38.839184369906654,1165,2.0,0.4917807877063751,798,351,63,34
1534,38.839184369906654,1165,2.0,0.3382211923599243,931,461,92,56
1537,38.839184369906654,1165,2.0,0.5517576932907104,1024,458,95,51
1546,38.839184369906654,1165,2.0,0.5664453506469727,264,346,53,44
1587,38.839184369906654,1165,2.0,0.4480564594268799,203,278,42,27
1588,38.839184369906654,1165,2.0,0.3683644235134125,1601,432,50,36
1604,38.839184369906654,1165,2.0,0.6066304445266724,1021,790,152,83
15,38.87252272558898,1166,2.0,0.32180124521255493,1528,455,68,36
1392,38.87252272558898,1166,2.0,0.1676776111125946,1587,477,70,44
1397,38.87252272558898,1166,2.0,0.40724751353263855,478,221,56,33
1417,38.87252272558898,1166,2.0,0.6588954329490662,656,290,50,32
1430,38.87252272558898,1166,2.0,0.46473386883735657,451,678,120,126
1463,38.87252272558898,1166,2.0,0.47271034121513367,408,186,57,24
1482,38.87252272558898,1166,2.0,0.4946698844432831,792,348,60,35
1534,38.87252272558898,1166,2.0,0.3506660461425781,924,457,84,51
1537,38.87252272558898,1166,2.0,0.5570919513702393,1013,454,93,49
1546,38.87252272558898,1166,2.0,0.5516451597213745,265,350,53,45
1587,38.87252272558898,1166,2.0,0.2585175335407257,203,279,40,26
1588,38.87252272558898,1166,2.0,0.3435395658016205,1601,432,50,36
1604,38.87252272558898,1166,2.0,0.5531736612319946,1027,787,155,84
1611,38.87252272558898,1166,2.0,0.35073015093803406,271,254,39,28
15,38.9058610812713,1167,2.0,0.3333650231361389,1528,455,68,36
1392,38.9058610812713,1167,2.0,0.1806582361459732,1587,477,70,44
1397,38.9058610812713,1167,2.0,0.4519577920436859,475,219,54,29
1417,38.9058610812713,1167,2.0,0.6828173398971558,652,288,50,31
1430,38.9058610812713,1167,7.0,0.4780605137348175,457,690,123,129
1463,38.9058610812713,1167,2.0,0.3074684739112854,406,185,58,25
1482,38.9058610812713,1167,2.0,0.48073431849479675,789,346,54,36
1534,38.9058610812713,1167,2.0,0.46567294001579285,909,451,86,52
1537,38.9058610812713,1167,2.0,0.5577726364135742,1003,448,85,47
1546,38.9058610812713,1167,2.0,0.529737114906311,267,353,50,48
1587,38.9058610812713,1167,2.0,0.1727169007062912,203,282,39,26
1588,38.9058610812713,1167,2.0,0.33251506090164185,1601,432,50,37
1604,38.9058610812713,1167,2.0,0.6480758190155029,1036,785,161,83
1611,38.9058610812713,1167,2.0,0.46529725193977356,273,255,41,29
15,38.93919943695362,1168,2.0,0.3248031735420227,1529,455,68,36
1392,38.93919943695362,1168,2.0,0.19870281219482422,1587,477,71,45
1397,38.93919943695362,1168,2.0,0.3614134192466736,470,218,52,28
1417,38.93919943695362,1168,2.0,0.752380907535553,649,286,48,28
1430,38.93919943695362,1168,2.0,0.6167305111885071,466,702,130,136
1463,38.93919943695362,1168,2.0,0.19255685806274414,405,184,57,26
1482,38.93919943695362,1168,2.0,0.4833497405052185,781,344,56,40
1534,38.93919943695362,1168,2.0,0.47766169905662537,900,447,84,48
1537,38.93919943695362,1168,2.0,0.55538010597229,991,444,85,45
1546,38.93919943695362,1168,2.0,0.6113328337669373,267,356,49,49
1587,38.93919943695362,1168,2.0,0.3650830090045929,204,283,38,27
1588,38.93919943695362,1168,2.0,0.3250146508216858,1601,432,51,37
1604,38.93919943695362,1168,2.0,0.5899715423583984,1039,783,167,82
1611,38.93919943695362,1168,2.0,0.4367724061012268,272,256,39,30
1617,38.93919943695362,1168,2.0,0.5575780868530273,918,449,54,47
1620,38.93919943695362,1168,2.0,0.5358898043632507,1009,446,56,43
15,38.97253779263595,1169,2.0,0.31321480870246887,1529,455,68,36
1392,38.97253779263595,1169,2.0,0.17041145265102386,1587,477,71,45
1397,38.97253779263595,1169,2.0,0.5176966190338135,469,218,50,29
1417,38.97253779263595,1169,2.0,0.7029778361320496,646,284,45,27
1430,38.97253779263595,1169,2.0,0.5457682609558105,475,713,134,145
1463,38.97253779263595,1169,2.0,0.31871888041496277,398,184,47,25
1482,38.97253779263595,1169,2.0,0.4392770230770111,774,340,60,40
1534,38.97253779263595,1169,2.0,0.5963849425315857,888,441,82,50
1537,38.97253779263595,1169,2.0,0.369077205657959,982,440,83,46
1546,38.97253779263595,1169,2.0,0.5352742075920105,268,359,50,50
1587,38.97253779263595,1169,2.0,0.17239296436309814,204,286,37,30
1588,38.97253779263595,1169,2.0,0.33643195033073425,1601,432,51,37
1604,38.97253779263595,1169,2.0,0.5258097052574158,1042,779,179,85
1611,38.97253779263595,1169,2.0,0.4039633274078369,274,258,38,32
1620,38.97253779263595,1169,2.0,0.23633942008018494,1001,443,55,44
15,39.00587614831827,1170,2.0,0.33665576577186584,1529,455,68,36
1397,39.00587614831827,1170,2.0,0.5359988808631897,467,217,50,30
1417,39.00587614831827,1170,2.0,0.7491686344146729,643,282,45,26
1430,39.00587614831827,1170,2.0,0.6421136856079102,483,730,137,145
1463,39.00587614831827,1170,2.0,0.39667078852653503,400,183,50,24
1482,39.00587614831827,1170,2.0,0.4058936834335327,767,337,58,39
1534,39.00587614831827,1170,2.0,0.5318431854248047,879,434,81,52
1537,39.00587614831827,1170,2.0,0.5894484519958496,970,436,84,47
1546,39.00587614831827,1170,2.0,0.6208119988441467,269,362,50,49
1588,39.00587614831827,1170,2.0,0.32248347997665405,1601,432,51,37
1604,39.00587614831827,1170,2.0,0.4906422197818756,1047,776,177,88
1611,39.00587614831827,1170,2.0,0.4963134229183197,274,260,39,32
1620,39.00587614831827,1170,2.0,0.21966542303562164,989,438,53,46
15,39.0392145040006,1171,2.0,0.3028052747249603,1529,456,69,36
1397,39.0392145040006,1171,2.0,0.5019745826721191,465,215,54,30
1417,39.0392145040006,1171,2.0,0.79132479429245,639,280,46,26
1430,39.0392145040006,1171,2.0,0.47603610157966614,493,747,135,148
1463,39.0392145040006,1171,2.0,0.42595216631889343,396,183,44,25
1482,39.0392145040006,1171,2.0,0.6536860466003418,762,334,57,37
1534,39.0392145040006,1171,2.0,0.5322729349136353,868,430,81,51
1537,39.0392145040006,1171,2.0,0.43793851137161255,959,431,85,49
1546,39.0392145040006,1171,2.0,0.5687119960784912,271,368,54,48
1588,39.0392145040006,1171,2.0,0.3201427757740021,1601,432,52,37
1604,39.0392145040006,1171,2.0,0.5936679244041443,1063,771,168,88
1611,39.0392145040006,1171,2.0,0.3314470052719116,277,263,37,31
1620,39.0392145040006,1171,2.0,0.37781885266304016,974,433,61,47
1587,39.0392145040006,1171,2.0,0.2815311551094055,207,292,39,32
15,39.072552859682915,1172,2.0,0.29618486762046814,1529,456,69,37
1397,39.072552859682915,1172,2.0,0.5018565654754639,462,213,58,30
1417,39.072552859682915,1172,2.0,0.7544119358062744,636,278,45,26
1430,39.072552859682915,1172,2.0,0.4967043995857239,501,763,140,153
1463,39.072552859682915,1172,2.0,0.26765504479408264,395,182,43,25
1482,39.072552859682915,1172,2.0,0.6190332770347595,758,332,56,36
1534,39.072552859682915,1172,2.0,0.4830218255519867,859,425,80,49
1537,39.072552859682915,1172,2.0,0.1081228107213974,946,426,82,46
1546,39.072552859682915,1172,2.0,0.5129300951957703,273,371,57,47
1588,39.072552859682915,1172,2.0,0.32571321725845337,1602,432,53,37
1604,39.072552859682915,1172,2.0,0.6530101895332336,1072,768,156,85
1611,39.072552859682915,1172,2.0,0.4487610161304474,277,265,40,33
1620,39.072552859682915,1172,2.0,0.3442765772342682,965,430,55,40
1587,39.072552859682915,1172,2.0,0.12639102339744568,208,293,37,33
15,39.10589121536524,1173,2.0,0.3070685863494873,1529,456,69,36
1397,39.10589121536524,1173,2.0,0.5998626947402954,461,212,58,29
1417,39.10589121536524,1173,2.0,0.6535636186599731,633,277,46,26
1430,39.10589121536524,1173,2.0,0.45256873965263367,510,781,145,156
1463,39.10589121536524,1173,2.0,0.1626119613647461,394,181,43,25
1482,39.10589121536524,1173,2.0,0.5491823554039001,752,330,55,34
1534,39.10589121536524,1173,2.0,0.26564526557922363,846,420,77,46
1537,39.10589121536524,1173,2.0,0.3045557141304016,937,420,81,43
1546,39.10589121536524,1173,2.0,0.5267398357391357,274,376,55,44
1588,39.10589121536524,1173,2.0,0.3342339098453522,1602,431,52,36
1604,39.10589121536524,1173,2.0,0.6763691902160645,1078,764,153,86
1611,39.10589121536524,1173,2.0,0.387825071811676,279,268,42,33
1620,39.10589121536524,1173,2.0,0.32646074891090393,955,424,51,36
1587,39.10589121536524,1173,2.0,0.12643347680568695,208,294,36,32
15,39.139229571047565,1174,2.0,0.2961355745792389,1529,456,69,36
1397,39.139229571047565,1174,2.0,0.508045494556427,461,211,58,29
1417,39.139229571047565,1174,2.0,0.6334749460220337,629,277,46,26
1430,39.139229571047565,1174,2.0,0.5174234509468079,521,798,150,159
1482,39.139229571047565,1174,2.0,0.5484099388122559,746,329,53,32
1534,39.139229571047565,1174,2.0,0.1100517213344574,835,416,71,44
1537,39.139229571047565,1174,2.0,0.4355226159095764,932,416,75,45
1546,39.139229571047565,1174,2.0,0.4152262210845947,275,381,55,44
1588,39.139229571047565,1174,2.0,0.33041274547576904,1602,431,52,36
1604,39.139229571047565,1174,2.0,0.6323079466819763,1088,763,149,82
1611,39.139229571047565,1174,2.0,0.3989805281162262,280,269,41,33
1620,39.139229571047565,1174,2.0,0.3497370481491089,943,419,57,37
15,39.17256792672989,1175,2.0,0.3245292603969574,1529,456,69,36
1397,39.17256792672989,1175,2.0,0.4604666233062744,459,211,58,28
1417,39.17256792672989,1175,2.0,0.44743338227272034,624,276,46,27
1430,39.17256792672989,1175,2.0,0.42436423897743225,532,815,155,164
1482,39.17256792672989,1175,2.0,0.27651745080947876,743,326,55,33
1534,39.17256792672989,1175,2.0,0.5143619775772095,828,412,75,44
1537,39.17256792672989,1175,2.0,0.5468510985374451,921,412,79,46
1546,39.17256792672989,1175,2.0,0.3571295142173767,278,384,58,45
1588,39.17256792672989,1175,2.0,0.33791518211364746,1602,431,53,37
1604,39.17256792672989,1175,2.0,0.6601959466934204,1091,761,146,80
1611,39.17256792672989,1175,2.0,0.3188236653804779,283,270,40,33
1620,39.17256792672989,1175,2.0,0.24377302825450897,934,416,57,38
15,39.20590628241221,1176,2.0,0.3150576949119568,1529,456,69,36
1397,39.20590628241221,1176,2.0,0.37282735109329224,456,211,56,26
1417,39.20590628241221,1176,2.0,0.3455677330493927,623,275,47,27
1430,39.20590628241221,1176,2.0,0.617953360080719,544,835,158,172
1482,39.20590628241221,1176,2.0,0.4475555419921875,737,324,56,35
1534,39.20590628241221,1176,2.0,0.577573299407959,821,408,78,43
1537,39.20590628241221,1176,2.0,0.5791524052619934,913,408,80,43
1546,39.20590628241221,1176,2.0,0.5386595129966736,282,387,62,47
1588,39.20590628241221,1176,2.0,0.33404800295829773,1602,431,52,37
1604,39.20590628241221,1176,2.0,0.7424018383026123,1096,759,136,79
1611,39.20590628241221,1176,2.0,0.31076669692993164,285,271,39,36
1587,39.20590628241221,1176,2.0,0.3851126432418823,216,302,40,27
15,39.23924463809453,1177,2.0,0.3383685052394867,1529,456,70,37
1397,39.23924463809453,1177,2.0,0.5480497479438782,451,210,55,27
1430,39.23924463809453,1177,2.0,0.5018589496612549,557,848,162,168
1482,39.23924463809453,1177,2.0,0.3950701355934143,731,323,54,37
1534,39.23924463809453,1177,2.0,0.3744555413722992,813,403,75,44
1537,39.23924463809453,1177,2.0,0.17238672077655792,905,402,74,43
1546,39.23924463809453,1177,2.0,0.5471961498260498,285,390,65,47
1588,39.23924463809453,1177,2.0,0.34531092643737793,1602,431,52,37
1604,39.23924463809453,1177,2.0,0.7418007850646973,1101,757,141,79
1611,39.23924463809453,1177,2.0,0.3332221806049347,287,274,39,32
1643,39.23924463809453,1177,2.0,0.5623248219490051,828,406,51,42
1644,39.23924463809453,1177,2.0,0.40023738145828247,1883,338,40,33
1645,39.23924463809453,1177,2.0,0.3877582252025604,1857,339,92,35
1587,39.23924463809453,1177,2.0,0.23577497899532318,218,303,42,26
1620,39.23924463809453,1177,2.0,0.4749212861061096,917,406,53,36
15,39.27258299377686,1178,2.0,0.3511900305747986,1529,456,70,37
1397,39.27258299377686,1178,2.0,0.5130235552787781,450,207,59,28
1430,39.27258299377686,1178,2.0,0.3375049829483032,567,863,161,158
1482,39.27258299377686,1178,2.0,0.421195387840271,726,320,53,38
1534,39.27258299377686,1178,2.0,0.5514711141586304,802,397,72,41
1537,39.27258299377686,1178,2.0,0.34559062123298645,897,399,71,41
1546,39.27258299377686,1178,2.0,0.6299589276313782,288,395,68,46
1588,39.27258299377686,1178,2.0,0.3429092466831207,1602,432,52,37
1604,39.27258299377686,1178,2.0,0.6758072376251221,1106,755,139,79
1611,39.27258299377686,1178,2.0,0.5273571610450745,290,276,41,33
1643,39.27258299377686,1178,2.0,0.647057831287384,819,402,50,42
1645,39.27258299377686,1178,2.0,0.45783257484436035,1860,339,88,35
1587,39.27258299377686,1178,2.0,0.3718854784965515,219,304,44,27
1620,39.27258299377686,1178,2.0,0.44589003920555115,909,403,50,33
1417,39.27258299377686,1178,2.0,0.43744489550590515,614,272,46,30
15,39.30592134945918,1179,2.0,0.3212915062904358,1529,456,69,37
1397,39.30592134945918,1179,2.0,0.4268147349357605,449,206,58,29
1430,39.30592134945918,1179,2.0,0.10764507204294205,576,870,156,137
1482,39.30592134945918,1179,2.0,0.4562162160873413,721,317,50,36
1534,39.30592134945918,1179,2.0,0.5016307830810547,797,394,73,43
1537,39.30592134945918,1179,2.0,0.36749324202537537,889,396,75,38
1546,39.30592134945918,1179,2.0,0.5758326053619385,286,400,63,49
1588,39.30592134945918,1179,2.0,0.3330952823162079,1602,431,53,37
1604,39.30592134945918,1179,2.0,0.7757805585861206,1111,752,135,79
1611,39.30592134945918,1179,2.0,0.5277842879295349,291,278,39,33
1643,39.30592134945918,1179,2.0,0.42042994499206543,809,398,54,42
1645,39.30592134945918,1179,2.0,0.5120242238044739,1861,339,88,37
1587,39.30592134945918,1179,2.0,0.31914976239204407,220,306,44,29
1620,39.30592134945918,1179,2.0,0.5274208784103394,901,400,55,33
1417,39.30592134945918,1179,2.0,0.6015889644622803,611,271,46,31
15,39.3392597051415,1180,2.0,0.3607504963874817,1529,456,69,37
1397,39.3392597051415,1180,2.0,0.5969446897506714,447,206,57,29
1482,39.3392597051415,1180,2.0,0.5314485430717468,717,315,51,36
1534,39.3392597051415,1180,2.0,0.574205219745636,789,390,71,43
1537,39.3392597051415,1180,2.0,0.5869541168212891,881,393,72,38
1546,39.3392597051415,1180,2.0,0.6072722673416138,286,405,62,51
1588,39.3392597051415,1180,2.0,0.3385254442691803,1602,431,53,38
1604,39.3392597051415,1180,2.0,0.6766284704208374,1116,751,136,79
1611,39.3392597051415,1180,2.0,0.6227725744247437,293,280,39,31
1645,39.3392597051415,1180,2.0,0.5589486956596375,1860,337,80,36
1587,39.3392597051415,1180,2.0,0.5357984304428101,221,310,41,32
1620,39.3392597051415,1180,2.0,0.3410104811191559,892,395,52,34
1417,39.3392597051415,1180,2.0,0.6580100655555725,609,269,43,29
15,39.372598060823826,1181,2.0,0.32570692896842957,1529,456,69,37
1397,39.372598060823826,1181,2.0,0.5993444919586182,446,205,58,27
1482,39.372598060823826,1181,2.0,0.5823275446891785,714,312,48,33
1534,39.372598060823826,1181,2.0,0.5486704111099243,781,388,71,46
1537,39.372598060823826,1181,2.0,0.3938778042793274,874,390,68,38
1546,39.372598060823826,1181,2.0,0.47592952847480774,289,409,58,51
1588,39.372598060823826,1181,2.0,0.34777331352233887,1602,431,55,38
1604,39.372598060823826,1181,2.0,0.596278190612793,1122,749,135,79
1611,39.372598060823826,1181,2.0,0.618486762046814,294,282,38,32
1645,39.372598060823826,1181,2.0,0.52264803647995,1857,337,80,37
1587,39.372598060823826,1181,2.0,0.4026545286178589,223,314,42,35
1620,39.372598060823826,1181,2.0,0.15578579902648926,886,393,45,32
1417,39.372598060823826,1181,2.0,0.6555827856063843,606,265,44,28
15,39.40593641650615,1182,2.0,0.3547489047050476,1529,456,69,37
1397,39.40593641650615,1182,2.0,0.38645225763320923,445,204,61,29
1482,39.40593641650615,1182,2.0,0.5241920351982117,709,309,50,34
1534,39.40593641650615,1182,2.0,0.6038861870765686,773,384,70,46
1537,39.40593641650615,1182,2.0,0.5428019762039185,866,386,64,38
1546,39.40593641650615,1182,2.0,0.6973918080329895,292,414,61,51
1588,39.40593641650615,1182,2.0,0.3370671570301056,1603,432,55,38
1604,39.40593641650615,1182,2.0,0.5124085545539856,1127,746,131,78
1611,39.40593641650615,1182,2.0,0.5590206384658813,294,284,39,35
1645,39.40593641650615,1182,2.0,0.49726489186286926,1860,338,80,39
1587,39.40593641650615,1182,2.0,0.2606669068336487,225,317,42,35
1417,39.40593641650615,1182,2.0,0.7157266139984131,604,263,41,27
15,39.439274772188476,1183,2.0,0.3341795802116394,1529,456,69,37
1397,39.439274772188476,1183,2.0,0.2619204521179199,442,204,63,29
1482,39.439274772188476,1183,2.0,0.6271209120750427,703,306,51,32
1534,39.439274772188476,1183,2.0,0.5742105841636658,766,380,68,44
1546,39.439274772188476,1183,2.0,0.6248309016227722,294,418,61,52
1588,39.439274772188476,1183,2.0,0.3514951765537262,1602,432,55,38
1604,39.439274772188476,1183,2.0,0.3843900263309479,1132,745,130,74
1611,39.439274772188476,1183,2.0,0.5249181389808655,296,286,40,35
1645,39.439274772188476,1183,2.0,0.4478045403957367,1860,338,83,39
1587,39.439274772188476,1183,2.0,0.3270983397960663,225,319,42,36
1417,39.439274772188476,1183,2.0,0.5829070806503296,599,261,40,26
1620,39.439274772188476,1183,2.0,0.5118696093559265,867,384,49,36
15,39.472613127870794,1184,2.0,0.3416571319103241,1529,456,69,36
1397,39.472613127870794,1184,2.0,0.21970611810684204,440,204,63,28
1482,39.472613127870794,1184,2.0,0.36366739869117737,698,304,49,32
1534,39.472613127870794,1184,2.0,0.5078311562538147,763,377,61,43
1546,39.472613127870794,1184,2.0,0.6505674719810486,295,422,59,53
1588,39.472613127870794,1184,2.0,0.33004531264305115,1602,432,54,37
1604,39.472613127870794,1184,2.0,0.4917515218257904,1133,743,122,73
1611,39.472613127870794,1184,2.0,0.5438454747200012,299,288,43,37
1645,39.472613127870794,1184,2.0,0.27924785017967224,1862,338,91,38
1587,39.472613127870794,1184,2.0,0.42355045676231384,226,321,41,35
1417,39.472613127870794,1184,2.0,0.5350958108901978,595,259,40,24
1537,39.472613127870794,1184,2.0,0.4659498929977417,851,381,63,37
15,39.50595148355312,1185,2.0,0.350175678730011,1529,455,68,36
1397,39.50595148355312,1185,2.0,0.1398497074842453,440,202,61,29
1482,39.50595148355312,1185,2.0,0.32454994320869446,694,303,49,32
1534,39.50595148355312,1185,2.0,0.5188161730766296,754,373,66,42
1546,39.50595148355312,1185,2.0,0.6257671117782593,297,428,59,54
1588,39.50595148355312,1185,2.0,0.3230390250682831,1602,432,54,37
1604,39.50595148355312,1185,2.0,0.3938147723674774,1136,742,120,71
1611,39.50595148355312,1185,2.0,0.5959121584892273,301,291,45,35
1645,39.50595148355312,1185,2.0,0.18657076358795166,1861,339,99,39
1587,39.50595148355312,1185,2.0,0.40296536684036255,228,323,44,35
1417,39.50595148355312,1185,2.0,0.5920759439468384,592,257,37,22
1537,39.50595148355312,1185,2.0,0.34804028272628784,842,378,64,37
15,39.539289839235444,1186,2.0,0.370267391204834,1529,455,68,36
1397,39.539289839235444,1186,2.0,0.24616257846355438,433,201,54,30
1482,39.539289839235444,1186,2.0,0.3333582282066345,690,301,49,32
1534,39.539289839235444,1186,2.0,0.5996261835098267,745,369,65,42
1546,39.539289839235444,1186,2.0,0.3319539427757263,299,433,62,55
1588,39.539289839235444,1186,2.0,0.3380982279777527,1602,432,54,37
1604,39.539289839235444,1186,2.0,0.35142821073532104,1143,741,120,69
1611,39.539289839235444,1186,2.0,0.7180388569831848,303,294,44,36
1645,39.539289839235444,1186,2.0,0.24950672686100006,1862,341,102,38
1587,39.539289839235444,1186,2.0,0.44604387879371643,229,325,46,32
1417,39.539289839235444,1186,2.0,0.5165821313858032,589,256,40,21
1537,39.539289839235444,1186,2.0,0.4427148401737213,834,374,69,40
1620,39.539289839235444,1186,2.0,0.5179744958877563,840,375,56,36
15,39.57262819491777,1187,2.0,0.35283172130584717,1529,455,68,36
1397,39.57262819491777,1187,2.0,0.22830095887184143,427,200,52,29
1482,39.57262819491777,1187,2.0,0.16169023513793945,686,300,47,31
1534,39.57262819491777,1187,2.0,0.5532146692276001,740,366,64,41
1546,39.57262819491777,1187,2.0,0.49899744987487793,303,440,63,53
1588,39.57262819491777,1187,2.0,0.33339449763298035,1602,432,53,37
1604,39.57262819491777,1187,2.0,0.15526926517486572,1141,740,106,68
1611,39.57262819491777,1187,2.0,0.5876757502555847,305,295,46,36
1645,39.57262819491777,1187,2.0,0.17080563306808472,1861,341,104,35
1587,39.57262819491777,1187,2.0,0.479828804731369,230,327,46,30
1417,39.57262819491777,1187,2.0,0.6075462698936462,586,255,40,21
1537,39.57262819491777,1187,2.0,0.18909503519535065,825,370,72,39
1620,39.57262819491777,1187,2.0,0.10005193203687668,834,373,56,37
15,39.60596655060009,1188,2.0,0.3491113483905792,1529,455,68,36
1397,39.60596655060009,1188,2.0,0.14442884922027588,424,198,67,29
1482,39.60596655060009,1188,2.0,0.3058904707431793,681,298,48,34
1534,39.60596655060009,1188,2.0,0.42785048484802246,733,362,62,41
1546,39.60596655060009,1188,2.0,0.446095734834671,305,449,63,51
1588,39.60596655060009,1188,2.0,0.34120187163352966,1602,432,53,37
1604,39.60596655060009,1188,2.0,0.10053189098834991,1139,739,89,66
1611,39.60596655060009,1188,2.0,0.5007562637329102,307,296,47,37
1645,39.60596655060009,1188,2.0,0.1015285775065422,1870,341,90,33
1587,39.60596655060009,1188,2.0,0.5003201961517334,230,329,45,31
1417,39.60596655060009,1188,2.0,0.6639487743377686,583,255,41,22
1537,39.60596655060009,1188,2.0,0.24318155646324158,816,366,70,37
1659,39.60596655060009,1188,2.0,0.46840590238571167,1366,511,61,44
15,39.63930490628241,1189,2.0,0.34573036432266235,1529,455,68,36
1397,39.63930490628241,1189,2.0,0.18767990171909332,428,198,65,28
1482,39.63930490628241,1189,2.0,0.415519654750824,676,296,47,34
1534,39.63930490628241,1189,2.0,0.39941903948783875,726,359,59,39
1546,39.63930490628241,1189,2.0,0.5429572463035583,308,453,61,55
1588,39.63930490628241,1189,2.0,0.33129486441612244,1602,432,53,37
1611,39.63930490628241,1189,2.0,0.6218271255493164,308,298,48,37
1645,39.63930490628241,1189,2.0,0.19170229136943817,1880,344,76,31
1587,39.63930490628241,1189,2.0,0.47701552510261536,231,333,44,32
1417,39.63930490628241,1189,2.0,0.5524076819419861,580,255,37,21
1537,39.63930490628241,1189,2.0,0.4113369286060333,810,363,70,35
1659,39.63930490628241,1189,2.0,0.4158983826637268,1363,510,61,43
15,39.67264326196474,1190,2.0,0.34698736667633057,1529,455,68,36
1397,39.67264326196474,1190,2.0,0.38001155853271484,421,198,50,25
1482,39.67264326196474,1190,2.0,0.3835125267505646,672,294,46,32
1534,39.67264326196474,1190,2.0,0.4817352294921875,717,356,58,36
1546,39.67264326196474,1190,2.0,0.3240490257740021,310,457,62,55
1588,39.67264326196474,1190,2.0,0.34237223863601685,1602,432,53,37
1611,39.67264326196474,1190,2.0,0.5836270451545715,311,301,46,36
1645,39.67264326196474,1190,2.0,0.20154346525669098,1885,345,67,31
1587,39.67264326196474,1190,2.0,0.2878444492816925,232,337,43,35
1417,39.67264326196474,1190,2.0,0.39717555046081543,578,254,42,22
1537,39.67264326196474,1190,2.0,0.5845834016799927,804,360,67,35
1659,39.67264326196474,1190,2.0,0.5140150785446167,1362,508,62,43
15,39.70598161764706,1191,2.0,0.33867624402046204,1529,455,68,36
1397,39.70598161764706,1191,2.0,0.3096100986003876,418,197,39,25
1482,39.70598161764706,1191,2.0,0.3665926158428192,667,292,43,33
1534,39.70598161764706,1191,2.0,0.4560808837413788,712,352,58,37
1546,39.70598161764706,1191,2.0,0.4199982285499573,314,462,62,56
1588,39.70598161764706,1191,2.0,0.34123361110687256,1602,432,53,37
1611,39.70598161764706,1191,2.0,0.5061210989952087,312,303,46,36
1645,39.70598161764706,1191,2.0,0.12306198477745056,1887,345,63,28
1587,39.70598161764706,1191,2.0,0.18591442704200745,233,339,41,36
1417,39.70598161764706,1191,2.0,0.31498995423316956,575,254,43,23
1659,39.70598161764706,1191,2.0,0.4515390694141388,1359,507,65,43
1463,39.70598161764706,1191,2.0,0.4028334319591522,367,163,42,25
1620,39.70598161764706,1191,2.0,0.373054176568985,800,357,57,32
15,39.73931997332938,1192,2.0,0.34077712893486023,1529,455,68,36
1397,39.73931997332938,1192,2.0,0.3443909287452698,415,196,39,26
1482,39.73931997332938,1192,2.0,0.3187853693962097,663,290,42,33
1534,39.73931997332938,1192,2.0,0.5518758893013,707,349,59,39
1546,39.73931997332938,1192,2.0,0.5431884527206421,318,467,63,59
1588,39.73931997332938,1192,2.0,0.3400953412055969,1602,432,53,37
1611,39.73931997332938,1192,2.0,0.6033926606178284,314,307,46,35
1645,39.73931997332938,1192,2.0,0.14310184121131897,1885,346,68,29
1587,39.73931997332938,1192,2.0,0.2851003110408783,234,341,41,35
1417,39.73931997332938,1192,2.0,0.31641218066215515,571,253,44,25
1659,39.73931997332938,1192,2.0,0.1329657882452011,1357,507,69,41
1463,39.73931997332938,1192,2.0,0.38241374492645264,366,162,44,24
1620,39.73931997332938,1192,2.0,0.5420949459075928,793,354,59,31
15,39.772658329011705,1193,2.0,0.371580570936203,1529,455,68,36
1397,39.772658329011705,1193,2.0,0.3888988196849823,413,195,43,26
1482,39.772658329011705,1193,2.0,0.3933103382587433,660,288,42,34
1534,39.772658329011705,1193,2.0,0.4385562241077423,701,347,56,35
1546,39.772658329011705,1193,2.0,0.4208771288394928,320,472,65,62
1588,39.772658329011705,1193,2.0,0.33797982335090637,1602,432,53,37
1611,39.772658329011705,1193,2.0,0.6501291394233704,315,308,46,36
1645,39.772658329011705,1193,2.0,0.2814086675643921,1886,345,66,28
1587,39.772658329011705,1193,2.0,0.35114094614982605,237,344,45,36
1417,39.772658329011705,1193,2.0,0.4353069067001343,568,252,46,26
1659,39.772658329011705,1193,2.0,0.39182355999946594,1353,506,70,40
1463,39.772658329011705,1193,2.0,0.369080126285553,365,162,45,24
1620,39.772658329011705,1193,2.0,0.4561104476451874,790,352,55,29
1663,39.772658329011705,1193,2.0,0.3903360068798065,252,232,36,25
15,39.80599668469403,1194,2.0,0.37784621119499207,1529,455,68,36
1482,39.80599668469403,1194,2.0,0.6366907358169556,654,285,43,30
1534,39.80599668469403,1194,2.0,0.4739653766155243,694,343,57,36
1546,39.80599668469403,1194,2.0,0.5376824736595154,322,478,66,63
1588,39.80599668469403,1194,2.0,0.3366675078868866,1602,432,53,37
1611,39.80599668469403,1194,2.0,0.655592143535614,316,312,47,39
1645,39.80599668469403,1194,2.0,0.23140859603881836,1888,345,61,28
1587,39.80599668469403,1194,2.0,0.306353360414505,243,347,52,37
1417,39.80599668469403,1194,2.0,0.31934231519699097,565,252,44,26
1659,39.80599668469403,1194,2.0,0.36580926179885864,1349,504,71,41
1463,39.80599668469403,1194,2.0,0.27048230171203613,364,162,44,25
1620,39.80599668469403,1194,2.0,0.3575064241886139,786,349,52,32
1663,39.80599668469403,1194,2.0,0.43080106377601624,252,233,35,25
1537,39.80599668469403,1194,2.0,0.5193856358528137,780,347,65,40
15,39.839335040376355,1195,2.0,0.3277008533477783,1529,455,68,36
1482,39.839335040376355,1195,2.0,0.5026705265045166,650,283,44,29
1534,39.839335040376355,1195,2.0,0.4840508997440338,690,340,54,35
1546,39.839335040376355,1195,2.0,0.4271024465560913,324,485,71,61
1588,39.839335040376355,1195,2.0,0.34194204211235046,1602,432,53,37
1611,39.839335040376355,1195,2.0,0.680209755897522,318,314,48,42
1587,39.839335040376355,1195,2.0,0.3657320439815521,242,350,54,36
1417,39.839335040376355,1195,2.0,0.21838811039924622,562,252,44,26
1659,39.839335040376355,1195,2.0,0.25347262620925903,1347,502,69,41
1463,39.839335040376355,1195,2.0,0.29737427830696106,364,162,45,26
1620,39.839335040376355,1195,2.0,0.1524130254983902,785,348,47,29
1663,39.839335040376355,1195,2.0,0.39665183424949646,253,234,33,26
1537,39.839335040376355,1195,2.0,0.49259307980537415,774,345,69,39
15,39.87267339605868,1196,2.0,0.33391204476356506,1529,456,68,36
1482,39.87267339605868,1196,2.0,0.3999269902706146,647,283,45,29
1534,39.87267339605868,1196,2.0,0.487314373254776,683,337,55,38
1546,39.87267339605868,1196,2.0,0.6560462713241577,327,492,72,64
1588,39.87267339605868,1196,2.0,0.3366866707801819,1603,432,55,38
1611,39.87267339605868,1196,2.0,0.6052586436271667,321,316,51,43
1587,39.87267339605868,1196,2.0,0.4678860902786255,243,353,53,36
1417,39.87267339605868,1196,2.0,0.37077298760414124,560,249,43,26
1659,39.87267339605868,1196,2.0,0.3945683240890503,1345,500,68,42
1463,39.87267339605868,1196,2.0,0.3182535767555237,365,162,47,27
1663,39.87267339605868,1196,2.0,0.4963238835334778,256,235,35,27
1537,39.87267339605868,1196,2.0,0.5420637130737305,769,342,65,39
15,39.906011751741,1197,2.0,0.3608101010322571,1529,456,69,36
1482,39.906011751741,1197,2.0,0.562872588634491,643,282,44,29
1534,39.906011751741,1197,2.0,0.5382376313209534,676,334,55,37
1546,39.906011751741,1197,2.0,0.7124344706535339,332,499,70,63
1588,39.906011751741,1197,2.0,0.3306974470615387,1603,432,55,38
1611,39.906011751741,1197,2.0,0.5907762050628662,324,319,52,43
1587,39.906011751741,1197,2.0,0.6221329569816589,243,356,50,37
1417,39.906011751741,1197,2.0,0.2720485329627991,558,247,40,27
1659,39.906011751741,1197,2.0,0.31119152903556824,1343,498,68,44
1463,39.906011751741,1197,2.0,0.31459110975265503,366,162,44,27
1663,39.906011751741,1197,2.0,0.5145363211631775,257,237,34,27
1537,39.906011751741,1197,2.0,0.6796568632125854,764,340,65,39
15,39.93935010742332,1198,2.0,0.36078283190727234,1529,456,69,37
1482,39.93935010742332,1198,2.0,0.6172025799751282,640,280,46,29
1534,39.93935010742332,1198,2.0,0.4944235682487488,670,331,55,36
1546,39.93935010742332,1198,2.0,0.75811767578125,336,505,72,65
1588,39.93935010742332,1198,2.0,0.32639575004577637,1603,432,55,38
1611,39.93935010742332,1198,2.0,0.5917453169822693,325,320,52,45
1587,39.93935010742332,1198,2.0,0.5473445057868958,243,360,53,43
1417,39.93935010742332,1198,2.0,0.3317158818244934,555,246,37,27
1659,39.93935010742332,1198,2.0,0.4756183922290802,1341,497,67,43
1463,39.93935010742332,1198,2.0,0.24030490219593048,371,163,35,26
1663,39.93935010742332,1198,2.0,0.3701048791408539,258,237,33,28
1537,39.93935010742332,1198,2.0,0.6547623872756958,758,337,62,39
15,39.97268846310565,1199,2.0,0.3304648697376251,1529,456,69,37
1482,39.97268846310565,1199,2.0,0.4287653863430023,636,278,43,28
1534,39.97268846310565,1199,2.0,0.4655941426753998,666,327,54,35
1546,39.97268846310565,1199,2.0,0.7107851505279541,340,511,70,68
1588,39.97268846310565,1199,2.0,0.31792962551116943,1602,432,54,38
1611,39.97268846310565,1199,2.0,0.6681022644042969,327,323,54,45
1587,39.97268846310565,1199,2.0,0.42711618542671204,245,362,56,44
1417,39.97268846310565,1199,2.0,0.31759634613990784,554,243,33,27
1659,39.97268846310565,1199,2.0,0.35293734073638916,1338,495,69,45
1463,39.97268846310565,1199,2.0,0.33843040466308594,371,163,34,24
1663,39.97268846310565,1199,2.0,0.4078068435192108,259,239,32,26
1537,39.97268846310565,1199,2.0,0.5614550709724426,752,334,58,37
15,40.00602681878797,1200,2.0,0.3608613610267639,1529,456,69,36
1482,40.00602681878797,1200,2.0,0.10205431282520294,633,276,45,31
1534,40.00602681878797,1200,2.0,0.3074962794780731,662,324,52,36
1546,40.00602681878797,1200,2.0,0.6561958193778992,345,518,71,71
1588,40.00602681878797,1200,2.0,0.32476866245269775,1602,432,53,37
1611,40.00602681878797,1200,2.0,0.6591819524765015,328,325,55,43
1587,40.00602681878797,1200,2.0,0.3936294913291931,248,366,54,42
1417,40.00602681878797,1200,2.0,0.1249321773648262,550,242,37,26
1659,40.00602681878797,1200,2.0,0.4458518624305725,1337,495,67,41
1463,40.00602681878797,1200,2.0,0.3460976481437683,368,163,36,24
1663,40.00602681878797,1200,2.0,0.42618465423583984,261,242,36,27
1537,40.00602681878797,1200,2.0,0.6436893939971924,747,332,58,35
1667,40.00602681878797,1200,2.0,0.37023693323135376,355,161,44,22
15,40.03936517447029,1201,2.0,0.30635130405426025,1529,455,68,36
1482,40.03936517447029,1201,2.0,0.16045477986335754,629,274,46,32
1534,40.03936517447029,1201,2.0,0.301318883895874,656,321,51,37
1546,40.03936517447029,1201,2.0,0.697147786617279,348,525,73,73
1588,40.03936517447029,1201,2.0,0.3235950767993927,1602,432,53,37
1611,40.03936517447029,1201,2.0,0.6970499753952026,331,328,53,41
1587,40.03936517447029,1201,2.0,0.4068332016468048,250,369,52,39
1417,40.03936517447029,1201,2.0,0.15196144580841064,548,240,38,24
1659,40.03936517447029,1201,2.0,0.2248130887746811,1335,492,67,44
1663,40.03936517447029,1201,2.0,0.32042181491851807,262,245,36,28
1620,40.03936517447029,1201,2.0,0.4881196618080139,745,331,52,30
15,40.072703530152616,1202,2.0,0.30352410674095154,1529,455,68,36
1482,40.072703530152616,1202,2.0,0.2109413594007492,627,274,43,31
1534,40.072703530152616,1202,2.0,0.49802613258361816,650,319,53,37
1546,40.072703530152616,1202,2.0,0.6620393395423889,352,532,76,76
1588,40.072703530152616,1202,2.0,0.2978246212005615,1602,432,52,37
1611,40.072703530152616,1202,2.0,0.6580727696418762,333,330,53,40
1587,40.072703530152616,1202,2.0,0.4813116788864136,251,371,53,41
1417,40.072703530152616,1202,2.0,0.13909462094306946,546,238,35,24
1659,40.072703530152616,1202,2.0,0.30322036147117615,1334,492,61,43
1663,40.072703530152616,1202,2.0,0.2932828962802887,265,246,39,30
1620,40.072703530152616,1202,2.0,0.4767254590988159,741,329,46,30
1397,40.072703530152616,1202,2.0,0.3369411826133728,393,186,37,23
15,40.10604188583494,1203,2.0,0.3267055153846741,1529,456,68,36
1482,40.10604188583494,1203,2.0,0.2649758756160736,622,272,43,33
1534,40.10604188583494,1203,2.0,0.4617554545402527,646,315,53,37
1546,40.10604188583494,1203,2.0,0.6211787462234497,356,540,78,75
1588,40.10604188583494,1203,2.0,0.2975189685821533,1602,432,52,37
1611,40.10604188583494,1203,2.0,0.6894569396972656,335,334,51,43
1587,40.10604188583494,1203,2.0,0.4861840605735779,253,373,51,40
1659,40.10604188583494,1203,2.0,0.3308435380458832,1327,490,69,45
1663,40.10604188583494,1203,2.0,0.45410189032554626,267,247,39,32
1620,40.10604188583494,1203,2.0,0.2105710804462433,740,327,48,28
1397,40.10604188583494,1203,2.0,0.372712105512619,392,185,36,24
15,40.139380241517266,1204,2.0,0.35709401965141296,1529,456,68,36
1482,40.139380241517266,1204,2.0,0.13642345368862152,617,270,39,32
1534,40.139380241517266,1204,2.0,0.448471337556839,640,313,57,38
1546,40.139380241517266,1204,2.0,0.7567518353462219,360,547,78,76
1588,40.139380241517266,1204,2.0,0.3140817880630493,1602,432,51,37
1611,40.139380241517266,1204,2.0,0.7204113006591797,338,336,49,43
1587,40.139380241517266,1204,2.0,0.6073554754257202,255,377,50,38
1659,40.139380241517266,1204,2.0,0.6143705248832703,1325,488,69,47
1663,40.139380241517266,1204,2.0,0.3103017807006836,267,247,36,32
1620,40.139380241517266,1204,2.0,0.11265604943037033,729,323,58,30
1397,40.139380241517266,1204,2.0,0.4041752815246582,392,185,37,23
15,40.172718597199584,1205,2.0,0.36030352115631104,1529,455,68,36
1482,40.172718597199584,1205,2.0,0.40844056010246277,612,269,39,30
1534,40.172718597199584,1205,2.0,0.37537881731987,635,311,53,37
1546,40.172718597199584,1205,2.0,0.5907344818115234,364,556,81,80
1588,40.172718597199584,1205,2.0,0.3098657727241516,1602,432,52,37
1611,40.172718597199584,1205,2.0,0.7069336771965027,341,339,51,44
1587,40.172718597199584,1205,2.0,0.5517063140869141,257,381,50,39
1659,40.172718597199584,1205,2.0,0.425985723733902,1324,487,68,46
1663,40.172718597199584,1205,2.0,0.46624675393104553,268,248,37,32
1620,40.172718597199584,1205,2.0,0.19860398769378662,722,321,55,31
1397,40.172718597199584,1205,2.0,0.31631770730018616,390,185,34,22
15,40.20605695288191,1206,2.0,0.3640866279602051,1529,456,68,36
1482,40.20605695288191,1206,2.0,0.5032212138175964,609,267,38,27
1534,40.20605695288191,1206,2.0,0.4968639016151428,629,308,51,35
1546,40.20605695288191,1206,2.0,0.6097765564918518,370,565,83,81
1588,40.20605695288191,1206,2.0,0.30598363280296326,1602,433,52,38
1611,40.20605695288191,1206,2.0,0.7839094400405884,342,342,53,41
1587,40.20605695288191,1206,2.0,0.6052407026290894,260,384,51,41
1659,40.20605695288191,1206,2.0,0.44022032618522644,1319,486,71,45
1663,40.20605695288191,1206,2.0,0.19398310780525208,268,249,35,33
1620,40.20605695288191,1206,2.0,0.12488463521003723,718,320,50,32
1397,40.20605695288191,1206,2.0,0.23571482300758362,391,184,38,22
15,40.239395308564234,1207,2.0,0.3364519774913788,1529,456,69,36
1482,40.239395308564234,1207,2.0,0.53978031873703,607,266,39,26
1534,40.239395308564234,1207,2.0,0.5244831442832947,624,307,50,34
1546,40.239395308564234,1207,2.0,0.5142166614532471,374,574,85,80
1588,40.239395308564234,1207,2.0,0.2984783947467804,1602,433,53,38
1611,40.239395308564234,1207,2.0,0.7452159523963928,345,345,55,43
1587,40.239395308564234,1207,2.0,0.5197896361351013,261,387,52,42
1659,40.239395308564234,1207,2.0,0.4265163838863373,1316,485,72,43
1663,40.239395308564234,1207,2.0,0.30060163140296936,270,250,39,32
1620,40.239395308564234,1207,2.0,0.20820847153663635,711,317,52,32
1397,40.239395308564234,1207,2.0,0.12005404382944107,391,183,39,24
1417,40.239395308564234,1207,2.0,0.3087036907672882,533,234,35,23
15,40.27273366424656,1208,2.0,0.35928335785865784,1528,456,69,37
1482,40.27273366424656,1208,2.0,0.4827639162540436,603,262,37,25
1534,40.27273366424656,1208,2.0,0.4683879017829895,620,303,50,37
1546,40.27273366424656,1208,2.0,0.5774756073951721,379,583,87,84
1588,40.27273366424656,1208,2.0,0.28885072469711304,1602,433,52,38
1611,40.27273366424656,1208,2.0,0.6977108716964722,347,346,57,45
1587,40.27273366424656,1208,2.0,0.4986591637134552,263,390,50,43
1659,40.27273366424656,1208,2.0,0.35563570261001587,1313,484,73,43
1663,40.27273366424656,1208,2.0,0.22099964320659637,271,252,37,29
1620,40.27273366424656,1208,2.0,0.5320239067077637,704,313,52,30
1417,40.27273366424656,1208,2.0,0.11529689282178879,531,233,32,23
15,40.30607201992888,1209,2.0,0.37017205357551575,1528,456,69,37
1482,40.30607201992888,1209,2.0,0.5668178796768188,602,261,35,24
1534,40.30607201992888,1209,2.0,0.42640042304992676,617,302,51,35
1546,40.30607201992888,1209,2.0,0.6720820069313049,384,591,89,86
1588,40.30607201992888,1209,2.0,0.2900133728981018,1602,433,52,37
1611,40.30607201992888,1209,2.0,0.6988557577133179,352,349,59,47
1587,40.30607201992888,1209,2.0,0.5096492767333984,265,395,51,42
1659,40.30607201992888,1209,2.0,0.4298960864543915,1312,483,72,42
1663,40.30607201992888,1209,2.0,0.4745798110961914,273,254,39,28
1620,40.30607201992888,1209,2.0,0.5528193712234497,698,311,52,29
1417,40.30607201992888,1209,2.0,0.11677297204732895,528,233,38,22
15,40.3394103756112,1210,2.0,0.3887515068054199,1528,456,69,37
1482,40.3394103756112,1210,2.0,0.3635038733482361,600,260,34,24
1534,40.3394103756112,1210,2.0,0.5535988211631775,613,300,50,35
1546,40.3394103756112,1210,2.0,0.7558339238166809,390,600,92,89
1588,40.3394103756112,1210,2.0,0.27924439311027527,1602,433,52,38
1611,40.3394103756112,1210,2.0,0.7334005832672119,353,353,60,49
1587,40.3394103756112,1210,2.0,0.5662387013435364,268,399,55,44
1659,40.3394103756112,1210,2.0,0.4393221139907837,1307,481,74,41
1663,40.3394103756112,1210,2.0,0.43673014640808105,273,255,39,28
1620,40.3394103756112,1210,2.0,0.6058691740036011,693,308,52,28
1417,40.3394103756112,1210,2.0,0.2005668580532074,523,233,40,22
1463,40.3394103756112,1210,2.0,0.31073543429374695,361,163,37,29
15,40.37274873129353,1211,2.0,0.37273862957954407,1528,456,69,37
1482,40.37274873129353,1211,2.0,0.36629924178123474,597,259,38,23
1534,40.37274873129353,1211,2.0,0.32373327016830444,607,298,47,32
1546,40.37274873129353,1211,2.0,0.6579965353012085,396,611,94,90
1588,40.37274873129353,1211,2.0,0.27813977003097534,1602,433,52,38
1611,40.37274873129353,1211,2.0,0.6280746459960938,355,357,60,48
1587,40.37274873129353,1211,2.0,0.6195499897003174,269,403,57,45
1659,40.37274873129353,1211,2.0,0.3279898464679718,1303,479,71,42
1663,40.37274873129353,1211,2.0,0.47476792335510254,274,257,39,28
1620,40.37274873129353,1211,2.0,0.48973870277404785,688,306,55,28
1463,40.37274873129353,1211,2.0,0.2218376100063324,364,165,41,32
15,40.40608708697585,1212,2.0,0.3348672091960907,1528,456,69,37
1482,40.40608708697585,1212,2.0,0.2805035710334778,594,258,39,22
1534,40.40608708697585,1212,2.0,0.4342530071735382,603,296,48,32
1546,40.40608708697585,1212,2.0,0.6958563923835754,401,621,96,92
1588,40.40608708697585,1212,2.0,0.28900039196014404,1602,433,52,38
1611,40.40608708697585,1212,2.0,0.6413710713386536,359,360,57,49
1587,40.40608708697585,1212,2.0,0.5827577114105225,271,408,57,47
1659,40.40608708697585,1212,2.0,0.34037062525749207,1296,477,64,41
1663,40.40608708697585,1212,2.0,0.46798160672187805,275,260,38,28
1620,40.40608708697585,1212,2.0,0.6214715838432312,685,304,54,29
1463,40.40608708697585,1212,2.0,0.2042054980993271,365,168,41,34
15,40.43942544265817,1213,2.0,0.35840940475463867,1528,456,69,37
1482,40.43942544265817,1213,2.0,0.29847100377082825,590,257,44,24
1534,40.43942544265817,1213,2.0,0.4680079519748688,599,294,50,34
1546,40.43942544265817,1213,2.0,0.6301820874214172,407,631,95,97
1588,40.43942544265817,1213,2.0,0.289462685585022,1602,433,52,38
1611,40.43942544265817,1213,2.0,0.5951676964759827,362,364,55,48
1587,40.43942544265817,1213,2.0,0.3856762945652008,274,410,55,48
1659,40.43942544265817,1213,2.0,0.5393421649932861,1295,475,68,43
1663,40.43942544265817,1213,2.0,0.48950231075286865,275,262,37,27
1620,40.43942544265817,1213,2.0,0.32699236273765564,682,302,50,28
1680,40.43942544265817,1213,2.0,0.4265683889389038,1740,309,57,23
15,40.472763798340495,1214,2.0,0.35603833198547363,1529,456,68,37
1534,40.472763798340495,1214,2.0,0.5641493797302246,595,290,52,39
1546,40.472763798340495,1214,2.0,0.653900146484375,414,641,99,98
1588,40.472763798340495,1214,2.0,0.2913426458835602,1602,433,53,38
1611,40.472763798340495,1214,2.0,0.7093210220336914,363,367,55,51
1587,40.472763798340495,1214,2.0,0.5441464185714722,276,414,54,47
1659,40.472763798340495,1214,2.0,0.3885572850704193,1294,475,70,43
1663,40.472763798340495,1214,2.0,0.47507157921791077,278,266,39,28
1620,40.472763798340495,1214,2.0,0.1299913376569748,678,300,51,29
1680,40.472763798340495,1214,2.0,0.37808990478515625,1736,308,56,23
15,40.50610215402282,1215,2.0,0.32021480798721313,1529,456,68,37
1534,40.50610215402282,1215,2.0,0.5009982585906982,589,284,51,42
1546,40.50610215402282,1215,2.0,0.51268470287323,421,652,104,102
1588,40.50610215402282,1215,2.0,0.28403401374816895,1602,432,53,38
1611,40.50610215402282,1215,2.0,0.6355114579200745,365,369,57,51
1587,40.50610215402282,1215,2.0,0.5519487857818604,279,418,57,44
1659,40.50610215402282,1215,2.0,0.2607593536376953,1292,473,71,44
1663,40.50610215402282,1215,2.0,0.379555344581604,278,267,38,27
1620,40.50610215402282,1215,2.0,0.2560010254383087,673,299,48,30
1680,40.50610215402282,1215,2.0,0.30960214138031006,1732,306,56,23
1682,40.50610215402282,1215,2.0,0.5338189601898193,589,273,53,63
15,40.539440509705145,1216,2.0,0.30130642652511597,1529,456,68,36
1534,40.539440509705145,1216,2.0,0.40648508071899414,586,282,48,44
1546,40.539440509705145,1216,2.0,0.6065287590026855,427,665,105,102
1588,40.539440509705145,1216,2.0,0.28017282485961914,1602,432,53,37
1611,40.539440509705145,1216,2.0,0.6147527098655701,368,373,58,52
1587,40.539440509705145,1216,2.0,0.5928733348846436,281,422,57,46
1659,40.539440509705145,1216,2.0,0.3832361102104187,1289,473,71,43
1663,40.539440509705145,1216,2.0,0.4201371669769287,280,270,40,29
1620,40.539440509705145,1216,2.0,0.27901625633239746,669,298,51,30
1680,40.539440509705145,1216,2.0,0.20795688033103943,1728,306,51,23
1682,40.539440509705145,1216,2.0,0.3513004183769226,586,272,49,63
15,40.57277886538746,1217,2.0,0.26540011167526245,1529,456,68,36
1534,40.57277886538746,1217,2.0,0.43698495626449585,581,277,46,48
1546,40.57277886538746,1217,2.0,0.47371169924736023,434,678,106,104
1588,40.57277886538746,1217,2.0,0.27257806062698364,1602,432,53,37
1611,40.57277886538746,1217,2.0,0.6797704696655273,371,375,54,55
1587,40.57277886538746,1217,2.0,0.5176449418067932,283,426,59,48
1659,40.57277886538746,1217,2.0,0.4033995568752289,1285,471,74,42
1663,40.57277886538746,1217,2.0,0.41646143794059753,282,270,39,29
1620,40.57277886538746,1217,2.0,0.23318226635456085,666,296,50,30
1680,40.57277886538746,1217,2.0,0.2758094370365143,1721,306,55,23
15,40.60611722106979,1218,2.0,0.2995299994945526,1529,456,69,36
1534,40.60611722106979,1218,2.0,0.5776803493499756,576,272,45,51
1546,40.60611722106979,1218,2.0,0.5856117606163025,443,691,109,110
1588,40.60611722106979,1218,2.0,0.2793363630771637,1602,432,52,38
1611,40.60611722106979,1218,2.0,0.6582403182983398,375,379,57,57
1587,40.60611722106979,1218,2.0,0.5098487734794617,286,431,57,50
1659,40.60611722106979,1218,2.0,0.2878708243370056,1281,469,78,43
1663,40.60611722106979,1218,2.0,0.35545647144317627,285,271,37,32
1620,40.60611722106979,1218,2.0,0.3020821511745453,661,293,52,30
1680,40.60611722106979,1218,2.0,0.2722608745098114,1719,306,56,22
1463,40.60611722106979,1218,2.0,0.33841845393180847,363,166,50,35
15,40.63945557675211,1219,2.0,0.318664014339447,1529,456,69,37
1534,40.63945557675211,1219,2.0,0.5961466431617737,573,270,45,53
1546,40.63945557675211,1219,2.0,0.7821050882339478,451,704,114,112
1588,40.63945557675211,1219,2.0,0.27316048741340637,1602,432,52,37
1611,40.63945557675211,1219,2.0,0.592894971370697,378,383,60,56
1587,40.63945557675211,1219,2.0,0.5174309015274048,289,434,56,50
1659,40.63945557675211,1219,2.0,0.21208010613918304,1280,468,77,43
1663,40.63945557675211,1219,2.0,0.40670523047447205,286,273,38,33
1620,40.63945557675211,1219,2.0,0.36980971693992615,656,291,50,29
1680,40.63945557675211,1219,2.0,0.2755986154079437,1716,305,56,22
1463,40.63945557675211,1219,2.0,0.33560383319854736,364,165,47,35
15,40.67279393243444,1220,2.0,0.3642820417881012,1529,456,70,37
1534,40.67279393243444,1220,2.0,0.5912918448448181,570,268,47,55
1546,40.67279393243444,1220,2.0,0.7637329697608948,459,718,119,116
1588,40.67279393243444,1220,2.0,0.2715439796447754,1602,433,52,38
1611,40.67279393243444,1220,2.0,0.6939100623130798,381,387,60,54
1587,40.67279393243444,1220,2.0,0.6260596513748169,292,439,59,51
1659,40.67279393243444,1220,2.0,0.2633630633354187,1277,467,74,44
1663,40.67279393243444,1220,2.0,0.4134230315685272,288,275,38,33
1620,40.67279393243444,1220,2.0,0.3070306181907654,653,288,47,28
1680,40.67279393243444,1220,2.0,0.10384998470544815,1712,305,55,24
1463,40.67279393243444,1220,2.0,0.1513165980577469,360,163,48,37
15,40.70613228811676,1221,2.0,0.36136409640312195,1529,456,70,37
1534,40.70613228811676,1221,2.0,0.6267236471176147,566,265,47,55
1546,40.70613228811676,1221,2.0,0.6512662768363953,466,733,119,122
1588,40.70613228811676,1221,2.0,0.20379216969013214,1600,433,50,37
1611,40.70613228811676,1221,2.0,0.6815299391746521,383,391,60,55
1587,40.70613228811676,1221,2.0,0.5967822074890137,295,446,63,55
1659,40.70613228811676,1221,2.0,0.3102301359176636,1269,464,73,43
1663,40.70613228811676,1221,2.0,0.5411052703857422,290,278,36,31
1620,40.70613228811676,1221,2.0,0.540228009223938,648,286,46,27
1463,40.70613228811676,1221,2.0,0.22752177715301514,362,164,58,34
15,40.73947064379908,1222,2.0,0.3908381760120392,1529,456,70,38
1534,40.73947064379908,1222,2.0,0.6443637013435364,562,262,45,55
1546,40.73947064379908,1222,2.0,0.5976966619491577,474,746,125,127
1588,40.73947064379908,1222,2.0,0.2009766548871994,1599,433,49,37
1611,40.73947064379908,1222,2.0,0.6949358582496643,386,394,62,55
1587,40.73947064379908,1222,2.0,0.6802701354026794,296,451,63,55
1659,40.73947064379908,1222,2.0,0.4301099479198456,1266,462,72,41
1663,40.73947064379908,1222,2.0,0.6064966320991516,292,280,36,30
1620,40.73947064379908,1222,2.0,0.39766839146614075,645,284,42,26
1463,40.73947064379908,1222,2.0,0.28684377670288086,359,165,60,31
15,40.772808999481406,1223,2.0,0.3956489562988281,1529,456,70,38
1534,40.772808999481406,1223,2.0,0.43924933671951294,560,261,44,56
1546,40.772808999481406,1223,2.0,0.5937629342079163,484,763,127,128
1588,40.772808999481406,1223,2.0,0.20532281696796417,1599,434,48,37
1611,40.772808999481406,1223,2.0,0.7516387104988098,389,398,63,58
1587,40.772808999481406,1223,2.0,0.33595266938209534,299,455,66,55
1659,40.772808999481406,1223,2.0,0.42055588960647583,1265,460,68,41
1663,40.772808999481406,1223,2.0,0.5483147501945496,292,281,35,30
1620,40.772808999481406,1223,2.0,0.41599708795547485,642,283,44,26
1463,40.772808999481406,1223,2.0,0.20937003195285797,360,164,56,31
15,40.80614735516373,1224,2.0,0.40984299778938293,1529,456,70,38
1534,40.80614735516373,1224,2.0,0.6226926445960999,556,259,42,54
1546,40.80614735516373,1224,2.0,0.616271436214447,495,781,126,131
1588,40.80614735516373,1224,2.0,0.2096012681722641,1599,434,48,37
1611,40.80614735516373,1224,2.0,0.7622728943824768,392,401,66,60
1587,40.80614735516373,1224,2.0,0.6609434485435486,303,460,65,54
1659,40.80614735516373,1224,2.0,0.5823224186897278,1263,459,66,41
1663,40.80614735516373,1224,2.0,0.666291356086731,294,284,38,30
1620,40.80614735516373,1224,2.0,0.517813503742218,639,281,43,26
1463,40.80614735516373,1224,2.0,0.1524258553981781,362,163,54,30
15,40.839485710846056,1225,2.0,0.4067869186401367,1529,456,70,37
1534,40.839485710846056,1225,2.0,0.7026228904724121,553,256,43,56
1546,40.839485710846056,1225,2.0,0.7510910630226135,506,798,133,138
1588,40.839485710846056,1225,2.0,0.21256816387176514,1599,434,48,37
1611,40.839485710846056,1225,2.0,0.7511276006698608,395,404,66,65
1587,40.839485710846056,1225,2.0,0.5754011869430542,306,464,64,54
1659,40.839485710846056,1225,2.0,0.25319015979766846,1261,459,62,39
1663,40.839485710846056,1225,2.0,0.6005921959877014,295,284,40,31
1620,40.839485710846056,1225,2.0,0.5531066656112671,633,280,45,25
1696,40.839485710846056,1225,2.0,0.6913565397262573,1643,738,205,95
15,40.87282406652837,1226,2.0,0.41478100419044495,1529,456,70,38
1534,40.87282406652837,1226,2.0,0.42963895201683044,551,255,42,58
1546,40.87282406652837,1226,2.0,0.4823857843875885,515,817,138,144
1588,40.87282406652837,1226,2.0,0.21090514957904816,1599,434,48,37
1611,40.87282406652837,1226,2.0,0.5716206431388855,400,409,64,58
1587,40.87282406652837,1226,2.0,0.596645712852478,309,470,62,55
1659,40.87282406652837,1226,2.0,0.23950563371181488,1262,459,55,38
1663,40.87282406652837,1226,2.0,0.6284278631210327,296,287,39,31
1696,40.87282406652837,1226,2.0,0.6709442138671875,1611,724,199,94
15,40.9061624222107,1227,2.0,0.41295549273490906,1529,456,70,38
1534,40.9061624222107,1227,2.0,0.342817485332489,548,253,41,56
1546,40.9061624222107,1227,2.0,0.6161288619041443,528,835,143,145
1588,40.9061624222107,1227,2.0,0.20729181170463562,1599,434,48,37
1611,40.9061624222107,1227,2.0,0.5069130063056946,403,415,63,57
1587,40.9061624222107,1227,2.0,0.5891709923744202,312,475,63,57
1659,40.9061624222107,1227,2.0,0.25599953532218933,1261,458,49,37
1663,40.9061624222107,1227,2.0,0.6298273205757141,298,290,41,33
1696,40.9061624222107,1227,2.0,0.8266980051994324,1575,710,191,89
15,40.939500777893024,1228,2.0,0.4314052164554596,1529,456,70,38
1534,40.939500777893024,1228,2.0,0.5069992542266846,544,252,45,50
1546,40.939500777893024,1228,2.0,0.6578267216682434,539,853,148,151
1588,40.939500777893024,1228,2.0,0.2090335190296173,1599,434,48,37
1611,40.939500777893024,1228,2.0,0.5614320635795593,407,420,63,59
1587,40.939500777893024,1228,2.0,0.5566274523735046,316,480,63,55
1659,40.939500777893024,1228,2.0,0.25705212354660034,1260,456,44,36
1663,40.939500777893024,1228,2.0,0.5943940281867981,301,293,44,33
1696,40.939500777893024,1228,2.0,0.765084445476532,1543,693,185,86
1700,40.939500777893024,1228,2.0,0.35932812094688416,348,159,29,29
15,40.97283913357535,1229,2.0,0.40719732642173767,1529,456,70,38
1534,40.97283913357535,1229,2.0,0.3104771077632904,540,250,46,49
1546,40.97283913357535,1229,2.0,0.5206876993179321,550,868,146,144
1588,40.97283913357535,1229,2.0,0.20251019299030304,1599,434,48,36
1611,40.97283913357535,1229,2.0,0.6650188565254211,412,425,66,62
1587,40.97283913357535,1229,2.0,0.635500431060791,317,485,65,57
1659,40.97283913357535,1229,2.0,0.23122578859329224,1259,455,41,36
1663,40.97283913357535,1229,2.0,0.6770581603050232,302,295,44,33
1696,40.97283913357535,1229,2.0,0.7435501217842102,1512,680,176,87
1700,40.97283913357535,1229,2.0,0.3916865289211273,349,158,31,31
15,41.00617748925767,1230,2.0,0.41301146149635315,1529,457,70,39
1534,41.00617748925767,1230,2.0,0.3268270194530487,536,250,45,47
1546,41.00617748925767,1230,2.0,0.5004713535308838,559,871,139,116
1588,41.00617748925767,1230,2.0,0.19679424166679382,1599,434,48,36
1611,41.00617748925767,1230,2.0,0.6481617093086243,415,429,66,65
1587,41.00617748925767,1230,2.0,0.7415658235549927,320,492,65,61
1659,41.00617748925767,1230,2.0,0.3415917158126831,1255,453,43,35
1663,41.00617748925767,1230,2.0,0.6378238201141357,305,296,45,34
1696,41.00617748925767,1230,2.0,0.7960106134414673,1483,667,172,82
1700,41.00617748925767,1230,2.0,0.3872039318084717,347,158,30,31
15,41.03951584493999,1231,2.0,0.4223673641681671,1529,457,70,39
1534,41.03951584493999,1231,2.0,0.3808135688304901,534,248,45,46
1588,41.03951584493999,1231,2.0,0.21589720249176025,1599,434,48,37
1611,41.03951584493999,1231,2.0,0.6365217566490173,419,431,65,65
1587,41.03951584493999,1231,2.0,0.5804700255393982,326,497,66,61
1659,41.03951584493999,1231,2.0,0.3075011670589447,1253,451,39,33
1663,41.03951584493999,1231,2.0,0.6265995502471924,306,297,42,36
1696,41.03951584493999,1231,2.0,0.7961341738700867,1455,656,165,84
1700,41.03951584493999,1231,2.0,0.29179054498672485,346,156,29,31
15,41.07285420062232,1232,2.0,0.4185938835144043,1529,457,70,39
1534,41.07285420062232,1232,2.0,0.5947762727737427,531,247,44,48
1588,41.07285420062232,1232,2.0,0.20018866658210754,1599,434,48,37
1611,41.07285420062232,1232,2.0,0.6228427290916443,424,438,69,66
1587,41.07285420062232,1232,2.0,0.6914029717445374,330,503,66,61
1659,41.07285420062232,1232,2.0,0.18027544021606445,1250,449,35,34
1663,41.07285420062232,1232,2.0,0.5966271162033081,308,300,42,36
1696,41.07285420062232,1232,2.0,0.790658712387085,1429,644,160,79
1700,41.07285420062232,1232,2.0,0.17102064192295074,344,154,30,34
1706,41.07285420062232,1232,2.0,0.4103773236274719,328,144,56,33
1620,41.07285420062232,1232,2.0,0.3788515329360962,608,270,43,28
15,41.10619255630464,1233,2.0,0.4130553901195526,1529,457,71,39
1534,41.10619255630464,1233,2.0,0.48096930980682373,528,246,46,49
1588,41.10619255630464,1233,2.0,0.1951376050710678,1599,434,48,37
1611,41.10619255630464,1233,2.0,0.6841791272163391,429,444,68,64
1587,41.10619255630464,1233,2.0,0.5511361360549927,334,509,67,63
1659,41.10619255630464,1233,2.0,0.2976210415363312,1247,447,35,36
1663,41.10619255630464,1233,2.0,0.5124757289886475,311,301,43,38
1696,41.10619255630464,1233,2.0,0.7451630234718323,1405,632,155,77
1700,41.10619255630464,1233,2.0,0.23053991794586182,343,151,30,35
1706,41.10619255630464,1233,2.0,0.17039108276367188,322,144,47,29
1620,41.10619255630464,1233,2.0,0.28734344244003296,606,268,39,28
15,41.13953091198696,1234,2.0,0.3915427029132843,1529,457,71,39
1534,41.13953091198696,1234,2.0,0.41983309388160706,525,245,45,50
1588,41.13953091198696,1234,2.0,0.19262224435806274,1599,434,48,37
1611,41.13953091198696,1234,2.0,0.6324375867843628,433,450,72,65
1587,41.13953091198696,1234,2.0,0.6617380380630493,337,515,69,66
1659,41.13953091198696,1234,2.0,0.20192848145961761,1247,445,31,39
1663,41.13953091198696,1234,2.0,0.5201583504676819,312,304,43,35
1696,41.13953091198696,1234,2.0,0.7781755328178406,1380,621,153,74
1706,41.13953091198696,1234,2.0,0.1213664710521698,323,146,52,30
1620,41.13953091198696,1234,2.0,0.2777900993824005,603,265,41,28
15,41.172869267669284,1235,2.0,0.3722878694534302,1529,457,70,39
1534,41.172869267669284,1235,2.0,0.329088032245636,523,244,45,47
1588,41.172869267669284,1235,2.0,0.18570278584957123,1599,434,48,37
1611,41.172869267669284,1235,2.0,0.6494746208190918,435,454,75,66
1587,41.172869267669284,1235,2.0,0.6483526229858398,340,522,71,64
1663,41.172869267669284,1235,2.0,0.6290621161460876,314,308,44,37
1696,41.172869267669284,1235,2.0,0.7680386304855347,1356,611,151,71
1706,41.172869267669284,1235,2.0,0.13626734912395477,325,148,58,32
1620,41.172869267669284,1235,2.0,0.11578455567359924,597,262,39,26
15,41.20620762335161,1236,2.0,0.37990373373031616,1529,457,70,39
1534,41.20620762335161,1236,2.0,0.3316008448600769,520,243,45,46
1588,41.20620762335161,1236,2.0,0.19253283739089966,1599,434,48,37
1611,41.20620762335161,1236,2.0,0.6443874835968018,439,458,76,69
1587,41.20620762335161,1236,2.0,0.6862739324569702,344,527,73,64
1663,41.20620762335161,1236,2.0,0.6132510304450989,316,310,44,37
1696,41.20620762335161,1236,2.0,0.7343776822090149,1334,600,145,68
1706,41.20620762335161,1236,2.0,0.16838783025741577,323,145,56,30
1620,41.20620762335161,1236,2.0,0.40486907958984375,594,260,38,23
15,41.239545979033934,1237,2.0,0.37699195742607117,1529,457,70,39
1534,41.239545979033934,1237,2.0,0.4456183612346649,517,242,45,43
1588,41.239545979033934,1237,2.0,0.19660240411758423,1599,434,48,37
1611,41.239545979033934,1237,2.0,0.5974207520484924,444,465,78,69
1587,41.239545979033934,1237,2.0,0.6911159753799438,347,535,75,68
1663,41.239545979033934,1237,2.0,0.6176191568374634,318,314,44,37
1696,41.239545979033934,1237,2.0,0.6614165306091309,1311,591,142,69
1706,41.239545979033934,1237,2.0,0.24443379044532776,323,143,54,30
1620,41.239545979033934,1237,2.0,0.34574049711227417,589,258,43,23
15,41.27288433471625,1238,2.0,0.3689914643764496,1529,457,70,39
1534,41.27288433471625,1238,2.0,0.49168139696121216,514,240,47,43
1588,41.27288433471625,1238,2.0,0.19704188406467438,1599,434,48,37
1611,41.27288433471625,1238,2.0,0.5572674870491028,447,469,81,71
1587,41.27288433471625,1238,2.0,0.6106657385826111,350,541,78,71
1663,41.27288433471625,1238,2.0,0.5995821952819824,320,317,45,38
1696,41.27288433471625,1238,2.0,0.5787988305091858,1291,581,135,65
1706,41.27288433471625,1238,2.0,0.11640991270542145,325,146,57,32
1620,41.27288433471625,1238,2.0,0.3728512227535248,585,256,46,23
15,41.30622269039858,1239,2.0,0.3882102370262146,1529,457,70,39
1534,41.30622269039858,1239,2.0,0.5795958638191223,512,239,46,43
1588,41.30622269039858,1239,2.0,0.19660887122154236,1599,434,49,37
1611,41.30622269039858,1239,2.0,0.5749204754829407,453,475,83,72
1587,41.30622269039858,1239,2.0,0.590334415435791,355,548,78,70
1663,41.30622269039858,1239,2.0,0.5521227717399597,322,320,47,37
1696,41.30622269039858,1239,2.0,0.6310943961143494,1271,573,132,65
1620,41.30622269039858,1239,2.0,0.40783703327178955,584,255,45,23
15,41.3395610460809,1240,2.0,0.4211488664150238,1529,457,71,40
1534,41.3395610460809,1240,2.0,0.49211567640304565,510,238,42,44
1588,41.3395610460809,1240,2.0,0.1981394737958908,1599,434,49,37
1611,41.3395610460809,1240,2.0,0.6693986058235168,457,480,80,73
1587,41.3395610460809,1240,2.0,0.6296943426132202,359,556,78,72
1663,41.3395610460809,1240,2.0,0.6154623627662659,325,321,50,39
1696,41.3395610460809,1240,2.0,0.7386911511421204,1252,564,129,64
1620,41.3395610460809,1240,2.0,0.3972369432449341,582,254,42,23
15,41.37289940176323,1241,2.0,0.4325942397117615,1529,457,70,40
1534,41.37289940176323,1241,2.0,0.34556323289871216,507,236,42,43
1588,41.37289940176323,1241,2.0,0.20511436462402344,1599,434,49,37
1611,41.37289940176323,1241,2.0,0.5670017004013062,464,484,80,78
1587,41.37289940176323,1241,2.0,0.6246685981750488,363,564,83,74
1663,41.37289940176323,1241,2.0,0.663740873336792,326,323,51,41
1696,41.37289940176323,1241,2.0,0.7500978708267212,1233,556,127,62
1620,41.37289940176323,1241,2.0,0.20550011098384857,578,254,40,24
15,41.406237757445545,1242,2.0,0.418060839176178,1529,457,70,39
1534,41.406237757445545,1242,2.0,0.2233404815196991,504,234,46,43
1588,41.406237757445545,1242,2.0,0.20162740349769592,1599,433,49,37
1611,41.406237757445545,1242,2.0,0.5862390398979187,468,492,79,76
1587,41.406237757445545,1242,2.0,0.5693888068199158,368,570,83,74
1663,41.406237757445545,1242,2.0,0.6422654986381531,327,326,49,40
1696,41.406237757445545,1242,2.0,0.7582511305809021,1216,548,121,60
1620,41.406237757445545,1242,2.0,0.2899656593799591,577,254,40,23
1719,41.406237757445545,1242,2.0,0.3255077600479126,1195,435,80,49
15,41.43957611312787,1243,2.0,0.4124827980995178,1529,457,70,39
1534,41.43957611312787,1243,2.0,0.17133738100528717,500,233,41,38
1588,41.43957611312787,1243,2.0,0.19029691815376282,1599,433,49,37
1611,41.43957611312787,1243,2.0,0.4902830719947815,474,498,82,76
1587,41.43957611312787,1243,2.0,0.40603142976760864,373,579,85,78
1663,41.43957611312787,1243,2.0,0.712653636932373,329,329,48,38
1696,41.43957611312787,1243,2.0,0.7425968050956726,1197,539,119,60
1620,41.43957611312787,1243,2.0,0.16840492188930511,572,253,42,25
1719,41.43957611312787,1243,2.0,0.29981622099876404,1194,435,79,50
15,41.472914468810195,1244,2.0,0.39680954813957214,1529,457,70,39
1534,41.472914468810195,1244,2.0,0.2456861287355423,496,232,44,38
1588,41.472914468810195,1244,2.0,0.18703000247478485,1599,433,49,37
1611,41.472914468810195,1244,2.0,0.6662533283233643,477,504,83,79
1587,41.472914468810195,1244,2.0,0.5582665205001831,378,588,86,78
1663,41.472914468810195,1244,2.0,0.6564748883247375,330,331,49,38
1696,41.472914468810195,1244,2.0,0.6164563298225403,1180,531,121,60
1620,41.472914468810195,1244,2.0,0.13515391945838928,569,253,42,25
1719,41.472914468810195,1244,2.0,0.31200528144836426,1189,433,74,49
1721,41.472914468810195,1244,2.0,0.4312346875667572,1024,805,148,79
15,41.50625282449252,1245,2.0,0.3781554102897644,1529,457,70,39
1534,41.50625282449252,1245,2.0,0.4283716380596161,495,232,45,36
1588,41.50625282449252,1245,2.0,0.19752684235572815,1599,433,49,37
1611,41.50625282449252,1245,2.0,0.6233381628990173,482,510,86,83
1587,41.50625282449252,1245,2.0,0.6059655547142029,382,595,88,79
1663,41.50625282449252,1245,2.0,0.6251185536384583,333,334,46,39
1696,41.50625282449252,1245,2.0,0.6457984447479248,1164,524,116,58
1620,41.50625282449252,1245,2.0,0.1384020745754242,566,252,43,25
1719,41.50625282449252,1245,2.0,0.28390759229660034,1186,431,66,42
1721,41.50625282449252,1245,2.0,0.462595671415329,1026,803,154,79
15,41.539591180174845,1246,2.0,0.41203102469444275,1529,457,70,39
1534,41.539591180174845,1246,2.0,0.27506905794143677,491,231,40,35
1588,41.539591180174845,1246,2.0,0.19292795658111572,1599,433,49,37
1611,41.539591180174845,1246,2.0,0.6047765016555786,488,517,86,83
1587,41.539591180174845,1246,2.0,0.6196581125259399,387,604,89,81
1663,41.539591180174845,1246,2.0,0.7422903776168823,336,338,45,40
1696,41.539591180174845,1246,2.0,0.7520439028739929,1147,516,115,55
1620,41.539591180174845,1246,2.0,0.19326822459697723,563,251,45,27
1719,41.539591180174845,1246,2.0,0.41322118043899536,1183,430,60,40
1721,41.539591180174845,1246,2.0,0.5707743763923645,1030,799,162,83
15,41.57292953585716,1247,2.0,0.3957260251045227,1529,457,70,39
1534,41.57292953585716,1247,2.0,0.14287908375263214,489,229,40,37
1588,41.57292953585716,1247,2.0,0.2006179392337799,1599,433,49,37
1611,41.57292953585716,1247,2.0,0.49492180347442627,494,523,91,87
1587,41.57292953585716,1247,2.0,0.5211684107780457,393,612,90,84
1663,41.57292953585716,1247,2.0,0.7154946327209473,338,340,47,40
1696,41.57292953585716,1247,2.0,0.6580377817153931,1134,509,111,55
1620,41.57292953585716,1247,2.0,0.1794523298740387,560,249,44,27
1719,41.57292953585716,1247,2.0,0.2743489146232605,1183,430,60,41
1721,41.57292953585716,1247,2.0,0.47822022438049316,1044,796,148,80
15,41.60626789153949,1248,2.0,0.38820886611938477,1529,457,70,39
1534,41.60626789153949,1248,2.0,0.32393917441368103,487,229,40,37
1588,41.60626789153949,1248,2.0,0.2091188281774521,1599,433,49,37
1611,41.60626789153949,1248,2.0,0.6489976644515991,501,530,90,88
1587,41.60626789153949,1248,2.0,0.5109893083572388,397,621,92,85
1663,41.60626789153949,1248,2.0,0.7480980753898621,341,343,50,39
1696,41.60626789153949,1248,2.0,0.7186418175697327,1119,503,109,53
1620,41.60626789153949,1248,2.0,0.33299127221107483,559,248,41,26
1719,41.60626789153949,1248,2.0,0.27636903524398804,1179,428,57,42
1721,41.60626789153949,1248,2.0,0.4484602212905884,1054,793,138,77
15,41.63960624722181,1249,2.0,0.39357665181159973,1529,456,70,38
1534,41.63960624722181,1249,2.0,0.28423556685447693,486,227,40,37
1588,41.63960624722181,1249,2.0,0.22324225306510925,1599,433,49,37
1611,41.63960624722181,1249,2.0,0.6426394581794739,506,537,92,89
1587,41.63960624722181,1249,2.0,0.6260129809379578,402,631,96,87
1663,41.63960624722181,1249,2.0,0.7819694876670837,344,345,50,41
1696,41.63960624722181,1249,2.0,0.7247072458267212,1105,497,104,52
1620,41.63960624722181,1249,2.0,0.38922953605651855,556,246,41,26
1719,41.63960624722181,1249,2.0,0.2365148663520813,1178,427,56,42
1721,41.63960624722181,1249,2.0,0.6250969171524048,1063,789,134,75
15,41.67294460290414,1250,2.0,0.3826828896999359,1529,456,70,38
1534,41.67294460290414,1250,2.0,0.3446379005908966,485,226,42,36
1588,41.67294460290414,1250,2.0,0.22042453289031982,1599,433,49,37
1611,41.67294460290414,1250,2.0,0.3317452669143677,512,543,94,91
1587,41.67294460290414,1250,2.0,0.557643711566925,409,641,96,89
1663,41.67294460290414,1250,2.0,0.6824755668640137,347,347,53,41
1696,41.67294460290414,1250,2.0,0.6181861758232117,1089,490,102,49
1620,41.67294460290414,1250,2.0,0.3188178837299347,552,243,41,25
1719,41.67294460290414,1250,2.0,0.22488586604595184,1177,427,50,43
1721,41.67294460290414,1250,2.0,0.624972403049469,1071,786,134,74
1680,41.67294460290414,1250,2.0,0.3964473605155945,1595,286,43,21
15,41.706282958586456,1251,2.0,0.388996958732605,1529,456,70,38
1534,41.706282958586456,1251,2.0,0.1451580822467804,483,225,46,35
1588,41.706282958586456,1251,2.0,0.2311764657497406,1599,433,49,37
1611,41.706282958586456,1251,2.0,0.3520677983760834,517,550,98,93
1587,41.706282958586456,1251,2.0,0.5882700085639954,415,652,98,92
1663,41.706282958586456,1251,2.0,0.6349431276321411,350,350,54,42
1696,41.706282958586456,1251,2.0,0.6306822896003723,1075,483,101,50
1620,41.706282958586456,1251,2.0,0.2886049151420593,548,241,40,25
1719,41.706282958586456,1251,2.0,0.27628093957901,1175,425,51,40
1721,41.706282958586456,1251,2.0,0.6154314279556274,1082,782,133,76
1680,41.706282958586456,1251,2.0,0.28496426343917847,1589,286,39,22
15,41.73962131426878,1252,2.0,0.39945104718208313,1529,456,70,38
1534,41.73962131426878,1252,2.0,0.16417226195335388,479,223,45,34
1588,41.73962131426878,1252,2.0,0.22542861104011536,1599,433,49,37
1611,41.73962131426878,1252,2.0,0.3730345666408539,525,559,99,96
1587,41.73962131426878,1252,2.0,0.5388593077659607,421,662,101,94
1663,41.73962131426878,1252,2.0,0.6525080800056458,352,354,55,41
1696,41.73962131426878,1252,2.0,0.7139406204223633,1063,477,98,48
1620,41.73962131426878,1252,2.0,0.2090045064687729,546,240,39,23
1719,41.73962131426878,1252,2.0,0.33312153816223145,1173,424,52,38
1721,41.73962131426878,1252,2.0,0.5652727484703064,1091,778,135,78
1680,41.73962131426878,1252,2.0,0.21407802402973175,1584,285,39,23
15,41.772959669951106,1253,2.0,0.41530540585517883,1529,456,70,38
1534,41.772959669951106,1253,2.0,0.2702299952507019,479,221,44,35
1588,41.772959669951106,1253,2.0,0.23210661113262177,1599,433,49,37
1611,41.772959669951106,1253,2.0,0.33734509348869324,532,567,101,98
1587,41.772959669951106,1253,2.0,0.45522037148475647,428,673,103,97
1663,41.772959669951106,1253,2.0,0.5882536172866821,354,359,56,44
1696,41.772959669951106,1253,2.0,0.7472481727600098,1050,471,99,48
1620,41.772959669951106,1253,2.0,0.2684451937675476,544,239,37,21
1719,41.772959669951106,1253,2.0,0.4339849650859833,1170,424,50,38
1721,41.772959669951106,1253,2.0,0.5402137637138367,1098,774,133,76
1680,41.772959669951106,1253,2.0,0.233694389462471,1581,285,41,24
15,41.80629802563343,1254,2.0,0.4172826409339905,1529,456,70,38
1534,41.80629802563343,1254,2.0,0.2268647700548172,476,220,43,32
1588,41.80629802563343,1254,2.0,0.23027203977108002,1599,433,49,37
1611,41.80629802563343,1254,2.0,0.44009774923324585,540,576,102,99
1587,41.80629802563343,1254,2.0,0.5010809898376465,436,684,103,101
1663,41.80629802563343,1254,2.0,0.5935651659965515,356,363,55,46
1696,41.80629802563343,1254,2.0,0.7891209125518799,1039,466,95,47
1620,41.80629802563343,1254,2.0,0.11128637939691544,542,237,32,21
1719,41.80629802563343,1254,2.0,0.3183088004589081,1166,424,54,36
1721,41.80629802563343,1254,2.0,0.5248517990112305,1104,771,133,74
1680,41.80629802563343,1254,2.0,0.23475664854049683,1577,284,43,24
15,41.83963638131575,1255,2.0,0.41652432084083557,1529,456,70,38
1534,41.83963638131575,1255,2.0,0.35084307193756104,474,221,46,33
1588,41.83963638131575,1255,2.0,0.21229884028434753,1599,433,49,37
1611,41.83963638131575,1255,2.0,0.45352089405059814,547,584,106,101
1587,41.83963638131575,1255,2.0,0.636100172996521,443,695,105,103
1663,41.83963638131575,1255,2.0,0.6449554562568665,359,365,52,45
1696,41.83963638131575,1255,2.0,0.6843975186347961,1025,460,95,47
1620,41.83963638131575,1255,2.0,0.18226100504398346,537,236,36,22
1719,41.83963638131575,1255,2.0,0.13914744555950165,1165,424,53,37
1721,41.83963638131575,1255,2.0,0.5370980501174927,1111,767,132,73
1680,41.83963638131575,1255,2.0,0.16792450845241547,1573,283,39,23
15,41.872974736998074,1256,2.0,0.3981013298034668,1529,457,70,39
1534,41.872974736998074,1256,2.0,0.38546839356422424,471,220,45,32
1588,41.872974736998074,1256,2.0,0.1982094794511795,1599,433,49,37
1611,41.872974736998074,1256,2.0,0.3940128684043884,554,593,107,103
1587,41.872974736998074,1256,2.0,0.6690760850906372,450,707,111,108
1663,41.872974736998074,1256,2.0,0.6981980800628662,362,368,50,47
1696,41.872974736998074,1256,2.0,0.806843101978302,1013,456,91,48
1620,41.872974736998074,1256,2.0,0.11180761456489563,536,234,34,24
1719,41.872974736998074,1256,2.0,0.13473199307918549,1167,424,48,37
1721,41.872974736998074,1256,2.0,0.5667169690132141,1116,764,129,74
1680,41.872974736998074,1256,2.0,0.1088949665427208,1571,282,38,22
15,41.9063130926804,1257,2.0,0.3908458948135376,1529,456,70,39
1534,41.9063130926804,1257,2.0,0.3372839093208313,469,219,46,33
1588,41.9063130926804,1257,2.0,0.2118625044822693,1599,433,50,37
1611,41.9063130926804,1257,7.0,0.4933992922306061,563,603,110,107
1587,41.9063130926804,1257,2.0,0.5868218541145325,456,720,114,110
1663,41.9063130926804,1257,2.0,0.6281942129135132,365,371,55,48
1696,41.9063130926804,1257,2.0,0.7451193332672119,1001,450,88,45
1620,41.9063130926804,1257,2.0,0.1922527700662613,532,234,33,25
1721,41.9063130926804,1257,2.0,0.6241825819015503,1122,762,124,72
15,41.939651448362724,1258,2.0,0.3944202959537506,1529,456,70,38
1534,41.939651448362724,1258,2.0,0.35275140404701233,467,218,44,32
1588,41.939651448362724,1258,2.0,0.22254712879657745,1599,433,50,38
1611,41.939651448362724,1258,7.0,0.42946135997772217,572,613,112,109
1587,41.939651448362724,1258,2.0,0.6133365035057068,465,732,115,113
1663,41.939651448362724,1258,2.0,0.6269904375076294,369,373,55,50
1696,41.939651448362724,1258,2.0,0.7786098718643188,990,445,88,44
1620,41.939651448362724,1258,2.0,0.20782166719436646,530,234,34,25
1721,41.939651448362724,1258,2.0,0.6260302066802979,1128,759,125,73
15,41.97298980404504,1259,2.0,0.40363067388534546,1529,457,70,38
1534,41.97298980404504,1259,2.0,0.3888144791126251,464,217,44,32
1588,41.97298980404504,1259,2.0,0.22284214198589325,1599,433,50,38
1611,41.97298980404504,1259,2.0,0.467599093914032,580,622,118,112
1587,41.97298980404504,1259,2.0,0.6081150770187378,473,745,117,117
1663,41.97298980404504,1259,2.0,0.5392336845397949,372,376,56,51
1696,41.97298980404504,1259,2.0,0.7554358243942261,980,441,87,46
1721,41.97298980404504,1259,2.0,0.6367374062538147,1136,756,124,74
15,42.00632815972737,1260,2.0,0.4120439291000366,1529,457,70,38
1534,42.00632815972737,1260,2.0,0.31929588317871094,462,216,44,34
1588,42.00632815972737,1260,2.0,0.2330925613641739,1599,433,50,38
1611,42.00632815972737,1260,2.0,0.5696544051170349,588,632,118,115
1587,42.00632815972737,1260,2.0,0.6632867455482483,480,760,123,121
1663,42.00632815972737,1260,2.0,0.6219975352287292,375,382,57,49
1696,42.00632815972737,1260,2.0,0.7028114199638367,969,436,89,46
1721,42.00632815972737,1260,2.0,0.626064121723175,1141,754,121,73
15,42.03966651540969,1261,2.0,0.4020163118839264,1529,456,69,38
1534,42.03966651540969,1261,2.0,0.43999147415161133,460,214,48,32
1588,42.03966651540969,1261,2.0,0.23460574448108673,1599,433,50,38
1611,42.03966651540969,1261,2.0,0.5968716740608215,598,643,122,117
1587,42.03966651540969,1261,2.0,0.6401104927062988,490,774,125,125
1663,42.03966651540969,1261,2.0,0.7480973601341248,379,386,59,51
1696,42.03966651540969,1261,2.0,0.7156044840812683,958,432,85,47
1721,42.03966651540969,1261,2.0,0.6205266118049622,1145,751,118,73
15,42.07300487109202,1262,2.0,0.3999883234500885,1529,456,69,38
1534,42.07300487109202,1262,2.0,0.3786313831806183,458,212,51,33
1588,42.07300487109202,1262,2.0,0.24378764629364014,1599,433,50,37
1611,42.07300487109202,1262,2.0,0.4738959074020386,607,653,127,122
1587,42.07300487109202,1262,2.0,0.652850329875946,500,789,127,129
1663,42.07300487109202,1262,2.0,0.6414135694503784,382,390,58,48
1696,42.07300487109202,1262,2.0,0.6988318562507629,947,427,82,43
1721,42.07300487109202,1262,2.0,0.4405774176120758,1150,749,118,71
15,42.106343226774335,1263,2.0,0.41830816864967346,1529,456,69,38
1534,42.106343226774335,1263,2.0,0.2802509367465973,453,210,43,34
1588,42.106343226774335,1263,2.0,0.23890861868858337,1599,433,50,37
1611,42.106343226774335,1263,2.0,0.5109237432479858,617,664,130,124
1587,42.106343226774335,1263,2.0,0.7062752842903137,509,806,132,132
1663,42.106343226774335,1263,2.0,0.7560971975326538,385,393,54,47
1696,42.106343226774335,1263,2.0,0.7148436903953552,937,421,81,41
1721,42.106343226774335,1263,2.0,0.36352723836898804,1156,748,110,68
15,42.13968158245666,1264,2.0,0.42493879795074463,1529,457,69,38
1534,42.13968158245666,1264,2.0,0.3804405927658081,451,210,42,33
1588,42.13968158245666,1264,2.0,0.231270894408226,1599,433,50,37
1611,42.13968158245666,1264,2.0,0.5008800029754639,627,676,132,127
1587,42.13968158245666,1264,2.0,0.37339887022972107,520,823,137,137
1663,42.13968158245666,1264,2.0,0.7465993165969849,387,397,56,51
1696,42.13968158245666,1264,2.0,0.6931862235069275,927,416,82,44
1721,42.13968158245666,1264,2.0,0.33479586243629456,1160,747,106,64
15,42.173019938138985,1265,2.0,0.3989432752132416,1529,457,70,39
1534,42.173019938138985,1265,2.0,0.2915578782558441,446,208,38,36
1588,42.173019938138985,1265,2.0,0.2212272733449936,1599,433,50,37
1611,42.173019938138985,1265,2.0,0.43378469347953796,637,687,134,131
1587,42.173019938138985,1265,2.0,0.5718541741371155,531,840,139,141
1663,42.173019938138985,1265,2.0,0.7570633888244629,391,401,61,56
1696,42.173019938138985,1265,2.0,0.7758825421333313,918,413,79,44
1721,42.173019938138985,1265,2.0,0.36331483721733093,1164,746,103,61
15,42.20635829382131,1266,2.0,0.3929996192455292,1529,457,70,39
1534,42.20635829382131,1266,2.0,0.4751053750514984,447,207,46,37
1588,42.20635829382131,1266,2.0,0.23118849098682404,1599,433,50,38
1611,42.20635829382131,1266,2.0,0.7234737277030945,648,700,136,135
1587,42.20635829382131,1266,2.0,0.7777613997459412,541,856,143,145
1663,42.20635829382131,1266,2.0,0.6755248308181763,393,403,61,58
1696,42.20635829382131,1266,2.0,0.7075835466384888,910,409,78,44
1721,42.20635829382131,1266,2.0,0.38047271966934204,1167,747,97,57
15,42.23969664950363,1267,2.0,0.40087002515792847,1529,457,70,39
1534,42.23969664950363,1267,2.0,0.3469255864620209,443,205,43,38
1588,42.23969664950363,1267,2.0,0.22487607598304749,1599,433,51,38
1611,42.23969664950363,1267,2.0,0.43311697244644165,659,712,142,140
1587,42.23969664950363,1267,2.0,0.6057060956954956,552,870,145,140
1663,42.23969664950363,1267,2.0,0.6608109474182129,397,408,64,57
1696,42.23969664950363,1267,2.0,0.7474420666694641,900,403,75,41
1721,42.23969664950363,1267,2.0,0.2761695683002472,1169,745,87,56
15,42.27303500518595,1268,2.0,0.4069577157497406,1529,457,70,39
1534,42.27303500518595,1268,2.0,0.335979700088501,440,204,40,38
1588,42.27303500518595,1268,2.0,0.22775788605213165,1599,433,50,38
1611,42.27303500518595,1268,2.0,0.4503704905509949,672,727,144,142
1587,42.27303500518595,1268,2.0,0.5505391359329224,562,882,146,132
1663,42.27303500518595,1268,2.0,0.5960118174552917,400,413,60,56
1696,42.27303500518595,1268,2.0,0.6628706455230713,891,399,78,38
1721,42.27303500518595,1268,2.0,0.19305108487606049,1165,741,69,54
15,42.30637336086828,1269,2.0,0.38514789938926697,1529,457,70,39
1534,42.30637336086828,1269,2.0,0.3544729948043823,439,205,39,35
1588,42.30637336086828,1269,2.0,0.223323792219162,1599,433,51,38
1611,42.30637336086828,1269,2.0,0.5709409117698669,686,741,147,147
1587,42.30637336086828,1269,2.0,0.4599872827529907,574,909,151,150
1663,42.30637336086828,1269,2.0,0.6740944385528564,407,419,58,55
1696,42.30637336086828,1269,2.0,0.7937238812446594,883,396,76,37
1721,42.30637336086828,1269,2.0,0.12426779419183731,1170,739,64,51
15,42.3397117165506,1270,2.0,0.4047461152076721,1529,457,70,40
1534,42.3397117165506,1270,2.0,0.4099970757961273,441,204,41,33
1588,42.3397117165506,1270,2.0,0.215933695435524,1599,433,51,38
1611,42.3397117165506,1270,2.0,0.5980751514434814,698,756,149,152
1587,42.3397117165506,1270,2.0,0.4779384732246399,600,935,177,166
1663,42.3397117165506,1270,2.0,0.6830597519874573,411,425,59,57
1696,42.3397117165506,1270,2.0,0.7158949375152588,875,391,71,39
15,42.37305007223292,1271,2.0,0.399038165807724,1529,457,70,40
1534,42.37305007223292,1271,2.0,0.34134340286254883,442,203,46,33
1588,42.37305007223292,1271,2.0,0.2265818566083908,1599,433,51,38
1611,42.37305007223292,1271,7.0,0.4631566107273102,712,772,155,158
1587,42.37305007223292,1271,2.0,0.16701199114322662,614,955,179,178
1663,42.37305007223292,1271,2.0,0.5835313200950623,414,428,63,59
1696,42.37305007223292,1271,2.0,0.7173646688461304,866,388,72,39
15,42.406388427915246,1272,2.0,0.3810719847679138,1529,457,70,40
1534,42.406388427915246,1272,2.0,0.17513693869113922,441,202,45,36
1588,42.406388427915246,1272,2.0,0.21477310359477997,1599,433,50,38
1611,42.406388427915246,1272,7.0,0.4544357657432556,726,789,161,162
1663,42.406388427915246,1272,2.0,0.6410054564476013,418,434,65,59
1696,42.406388427915246,1272,2.0,0.740364670753479,860,385,71,40
15,42.43972678359757,1273,2.0,0.4002627730369568,1529,457,70,40
1534,42.43972678359757,1273,2.0,0.14991478621959686,442,202,51,35
1588,42.43972678359757,1273,2.0,0.21061310172080994,1599,433,50,37
1611,42.43972678359757,1273,7.0,0.5021722316741943,742,805,163,166
1663,42.43972678359757,1273,2.0,0.5602374076843262,424,438,66,60
1696,42.43972678359757,1273,2.0,0.6376065611839294,851,382,72,39
1745,42.43972678359757,1273,2.0,0.35721707344055176,1341,504,55,31
15,42.473065139279896,1274,2.0,0.40596356987953186,1529,457,70,40
1534,42.473065139279896,1274,2.0,0.2282591313123703,439,199,51,35
1588,42.473065139279896,1274,2.0,0.21511493623256683,1599,433,50,37
1611,42.473065139279896,1274,2.0,0.3970659077167511,757,822,168,172
1663,42.473065139279896,1274,2.0,0.6528128981590271,428,444,66,59
1696,42.473065139279896,1274,2.0,0.6279157400131226,843,379,73,39
1745,42.473065139279896,1274,2.0,0.295421838760376,1341,503,55,32
15,42.50640349496222,1275,2.0,0.40917468070983887,1529,457,70,40
1534,42.50640349496222,1275,2.0,0.1693648248910904,436,198,52,35
1588,42.50640349496222,1275,2.0,0.21225465834140778,1599,434,50,37
1611,42.50640349496222,1275,2.0,0.6006652116775513,772,836,174,170
1663,42.50640349496222,1275,2.0,0.7325668334960938,432,449,67,60
1696,42.50640349496222,1275,2.0,0.7472061514854431,834,375,69,38
15,42.53974185064454,1276,2.0,0.3855079412460327,1529,457,70,40
1534,42.53974185064454,1276,2.0,0.23699723184108734,430,197,53,36
1588,42.53974185064454,1276,2.0,0.21133336424827576,1599,434,50,37
1611,42.53974185064454,1276,2.0,0.3356948792934418,790,851,178,171
1663,42.53974185064454,1276,2.0,0.7036208510398865,437,454,68,61
1696,42.53974185064454,1276,2.0,0.6463150382041931,827,371,68,40
15,42.573080206326864,1277,2.0,0.400338351726532,1529,457,70,41
1534,42.573080206326864,1277,2.0,0.18041668832302094,428,198,52,35
1588,42.573080206326864,1277,2.0,0.2115887552499771,1599,434,50,37
1663,42.573080206326864,1277,2.0,0.6625285148620605,441,458,70,62
1696,42.573080206326864,1277,2.0,0.6084745526313782,819,368,68,40
15,42.60641856200919,1278,2.0,0.39923715591430664,1529,458,70,41
1534,42.60641856200919,1278,2.0,0.25165414810180664,427,196,55,37
1588,42.60641856200919,1278,2.0,0.20566941797733307,1599,434,50,37
1663,42.60641856200919,1278,2.0,0.691500186920166,445,465,73,63
1696,42.60641856200919,1278,2.0,0.6312529444694519,812,364,66,37
1611,42.60641856200919,1278,7.0,0.386044442653656,842,900,220,200
15,42.639756917691514,1279,2.0,0.40974196791648865,1529,458,70,41
1534,42.639756917691514,1279,2.0,0.3308342397212982,423,194,52,37
1588,42.639756917691514,1279,2.0,0.21080897748470306,1599,434,50,37
1663,42.639756917691514,1279,2.0,0.7489532828330994,450,471,72,64
1696,42.639756917691514,1279,2.0,0.6137259602546692,804,359,67,35
1611,42.639756917691514,1279,7.0,0.327953040599823,859,925,220,208
15,42.67309527337383,1280,2.0,0.4230920374393463,1529,458,70,41
1534,42.67309527337383,1280,2.0,0.29223358631134033,423,193,58,37
1588,42.67309527337383,1280,2.0,0.2101110965013504,1599,434,50,37
1663,42.67309527337383,1280,2.0,0.7837813496589661,455,475,74,65
1696,42.67309527337383,1280,2.0,0.6203137040138245,797,355,63,32
15,42.70643362905616,1281,2.0,0.43163496255874634,1529,458,70,41
1534,42.70643362905616,1281,2.0,0.2533824145793915,423,193,59,36
1588,42.70643362905616,1281,2.0,0.21274477243423462,1599,434,49,37
1663,42.70643362905616,1281,2.0,0.5693846344947815,460,481,71,66
1696,42.70643362905616,1281,2.0,0.6055446267127991,790,353,60,31
15,42.73977198473848,1282,2.0,0.4029316306114197,1529,456,69,39
1534,42.73977198473848,1282,2.0,0.5053597092628479,421,193,58,31
1588,42.73977198473848,1282,2.0,0.2463758885860443,1600,434,49,37
1663,42.73977198473848,1282,2.0,0.5420231819152832,467,488,74,68
1696,42.73977198473848,1282,2.0,0.7017072439193726,784,350,61,35
1751,42.73977198473848,1282,2.0,0.3750068247318268,132,89,43,34
1745,42.73977198473848,1282,2.0,0.48129168152809143,1322,496,67,39
15,42.77311034042081,1283,2.0,0.3852687478065491,1528,456,68,38
1534,42.77311034042081,1283,2.0,0.4752595126628876,418,192,54,32
1588,42.77311034042081,1283,2.0,0.2524241805076599,1600,433,49,37
1663,42.77311034042081,1283,2.0,0.6414738893508911,470,493,74,70
1696,42.77311034042081,1283,2.0,0.5934380888938904,778,347,65,36
1751,42.77311034042081,1283,2.0,0.32041996717453003,131,89,42,34
1745,42.77311034042081,1283,2.0,0.4512079954147339,1318,494,69,38
15,42.806448696103125,1284,2.0,0.3883287012577057,1528,456,68,38
1534,42.806448696103125,1284,2.0,0.3342362642288208,416,190,56,32
1588,42.806448696103125,1284,2.0,0.25124886631965637,1600,433,49,37
1663,42.806448696103125,1284,2.0,0.6826795339584351,476,500,78,70
1696,42.806448696103125,1284,2.0,0.6356408596038818,771,344,66,37
1751,42.806448696103125,1284,2.0,0.24929140508174896,130,89,41,34
1745,42.806448696103125,1284,2.0,0.5629819631576538,1315,493,72,40
15,42.83978705178545,1285,2.0,0.3604237735271454,1528,456,68,38
1534,42.83978705178545,1285,2.0,0.31172654032707214,416,189,56,30
1588,42.83978705178545,1285,2.0,0.24521403014659882,1601,433,49,37
1663,42.83978705178545,1285,2.0,0.6589993834495544,480,506,80,71
1696,42.83978705178545,1285,2.0,0.7194244265556335,765,341,63,38
1751,42.83978705178545,1285,2.0,0.3072059750556946,129,89,41,34
1745,42.83978705178545,1285,2.0,0.43952038884162903,1318,491,61,38
15,42.873125407467775,1286,2.0,0.3301682770252228,1528,456,68,38
1534,42.873125407467775,1286,2.0,0.33488762378692627,414,188,57,29
1588,42.873125407467775,1286,2.0,0.2423742264509201,1601,433,49,37
1663,42.873125407467775,1286,2.0,0.6291940808296204,487,513,82,74
1696,42.873125407467775,1286,2.0,0.6460664868354797,759,338,61,38
1751,42.873125407467775,1286,2.0,0.30026865005493164,132,89,47,35
1745,42.873125407467775,1286,2.0,0.36395901441574097,1312,490,66,39
15,42.9064637631501,1287,2.0,0.34436526894569397,1528,456,68,38
1534,42.9064637631501,1287,2.0,0.24297086894512177,412,186,58,29
1588,42.9064637631501,1287,2.0,0.2502111494541168,1601,433,49,37
1663,42.9064637631501,1287,2.0,0.5890691876411438,492,519,82,74
1696,42.9064637631501,1287,2.0,0.6324220299720764,752,335,59,37
1751,42.9064637631501,1287,2.0,0.2509247958660126,131,90,44,36
1745,42.9064637631501,1287,2.0,0.40800145268440247,1309,489,68,40
15,42.93980211883242,1288,2.0,0.3344813585281372,1528,455,68,38
1534,42.93980211883242,1288,2.0,0.2587698698043823,412,186,58,30
1588,42.93980211883242,1288,2.0,0.24179400503635406,1601,433,49,37
1663,42.93980211883242,1288,2.0,0.5684548616409302,499,527,83,75
1696,42.93980211883242,1288,2.0,0.5876096487045288,747,332,56,34
1751,42.93980211883242,1288,2.0,0.2340477705001831,129,90,40,36
1745,42.93980211883242,1288,2.0,0.28531068563461304,1307,489,70,42
15,42.97314047451474,1289,2.0,0.31250375509262085,1528,455,68,38
1534,42.97314047451474,1289,2.0,0.1832921952009201,412,185,57,31
1588,42.97314047451474,1289,2.0,0.24053113162517548,1601,433,49,37
1663,42.97314047451474,1289,2.0,0.7244141697883606,505,534,83,79
1696,42.97314047451474,1289,2.0,0.6536521911621094,740,330,58,31
1751,42.97314047451474,1289,2.0,0.2679424285888672,128,90,39,36
1745,42.97314047451474,1289,2.0,0.2681903839111328,1307,487,70,43
15,43.00647883019707,1290,2.0,0.32468146085739136,1528,455,68,38
1534,43.00647883019707,1290,2.0,0.24977287650108337,411,186,57,31
1588,43.00647883019707,1290,2.0,0.23768062889575958,1601,433,49,37
1663,43.00647883019707,1290,2.0,0.6766601800918579,511,542,86,79
1696,43.00647883019707,1290,2.0,0.7017585635185242,736,329,57,30
1751,43.00647883019707,1290,2.0,0.33219319581985474,129,90,41,36
1745,43.00647883019707,1290,2.0,0.3832262456417084,1301,486,73,44
15,43.03981718587939,1291,2.0,0.31237879395484924,1528,455,68,38
1534,43.03981718587939,1291,2.0,0.14366033673286438,409,185,56,30
1588,43.03981718587939,1291,2.0,0.2381679266691208,1601,433,49,37
1663,43.03981718587939,1291,2.0,0.43452033400535583,520,550,86,80
1696,43.03981718587939,1291,2.0,0.3979271948337555,733,327,59,30
1751,43.03981718587939,1291,2.0,0.32622531056404114,130,90,43,36
1745,43.03981718587939,1291,2.0,0.45091891288757324,1296,484,74,43
15,43.07315554156171,1292,2.0,0.334405779838562,1528,455,68,38
1534,43.07315554156171,1292,2.0,0.14132526516914368,413,186,49,28
1588,43.07315554156171,1292,2.0,0.23976194858551025,1601,433,49,37
1663,43.07315554156171,1292,2.0,0.7096990346908569,526,557,89,82
1696,43.07315554156171,1292,2.0,0.2788766026496887,727,326,60,32
1751,43.07315554156171,1292,2.0,0.35095950961112976,129,91,42,37
1745,43.07315554156171,1292,2.0,0.6119526028633118,1291,483,69,43
15,43.106493897244036,1293,2.0,0.3522374629974365,1528,456,68,38
1588,43.106493897244036,1293,2.0,0.2284644991159439,1601,433,49,37
1663,43.106493897244036,1293,2.0,0.5137463808059692,536,568,84,79
1696,43.106493897244036,1293,2.0,0.38018056750297546,720,323,57,32
1751,43.106493897244036,1293,2.0,0.3128017783164978,130,91,43,37
1745,43.106493897244036,1293,2.0,0.6313869953155518,1290,482,70,41
15,43.13983225292636,1294,2.0,0.30118435621261597,1528,456,68,38
1588,43.13983225292636,1294,2.0,0.23757144808769226,1601,433,49,37
1663,43.13983225292636,1294,2.0,0.5956002473831177,542,575,92,84
1696,43.13983225292636,1294,2.0,0.4162665605545044,714,319,58,33
1751,43.13983225292636,1294,2.0,0.3118276298046112,130,92,44,39
1745,43.13983225292636,1294,2.0,0.45286691188812256,1288,480,68,38
15,43.173170608608686,1295,2.0,0.3340325355529785,1528,456,68,38
1588,43.173170608608686,1295,2.0,0.23710744082927704,1601,433,49,37
1663,43.173170608608686,1295,2.0,0.7462491989135742,549,583,96,89
1696,43.173170608608686,1295,2.0,0.390144944190979,709,316,56,31
1751,43.173170608608686,1295,2.0,0.2329103648662567,128,92,40,39
1745,43.173170608608686,1295,2.0,0.3607146441936493,1283,477,70,39
15,43.206508964291004,1296,2.0,0.33290737867355347,1529,456,69,39
1588,43.206508964291004,1296,2.0,0.2281467616558075,1601,433,50,37
1663,43.206508964291004,1296,2.0,0.6412674784660339,556,590,98,92
1696,43.206508964291004,1296,2.0,0.5669326186180115,701,313,53,31
1751,43.206508964291004,1296,2.0,0.27256178855895996,127,92,38,40
1745,43.206508964291004,1296,2.0,0.45197388529777527,1281,476,72,40
15,43.23984731997333,1297,2.0,0.3296066224575043,1529,456,69,39
1588,43.23984731997333,1297,2.0,0.222147598862648,1601,433,50,37
1663,43.23984731997333,1297,2.0,0.6720921397209167,565,600,101,92
1696,43.23984731997333,1297,2.0,0.5358331203460693,696,310,50,29
1751,43.23984731997333,1297,2.0,0.2828317880630493,128,92,38,40
1745,43.23984731997333,1297,2.0,0.5619196891784668,1277,475,75,41
15,43.273185675655654,1298,2.0,0.31044527888298035,1529,456,69,39
1588,43.273185675655654,1298,2.0,0.22302620112895966,1601,433,50,37
1663,43.273185675655654,1298,2.0,0.6030735373497009,573,609,104,95
1696,43.273185675655654,1298,2.0,0.6301572322845459,691,308,52,27
1751,43.273185675655654,1298,2.0,0.23551888763904572,129,92,41,40
1745,43.273185675655654,1298,2.0,0.3761228322982788,1275,474,72,41
15,43.30652403133798,1299,2.0,0.3182889521121979,1529,456,68,39
1588,43.30652403133798,1299,2.0,0.23221643269062042,1601,433,50,37
1663,43.30652403133798,1299,2.0,0.645613431930542,582,620,105,98
1696,43.30652403133798,1299,2.0,0.637016236782074,686,305,54,27
1751,43.30652403133798,1299,2.0,0.25884488224983215,130,92,43,40
1745,43.30652403133798,1299,2.0,0.372385710477829,1270,472,73,41
15,43.339862387020304,1300,2.0,0.3020550310611725,1529,456,68,38
1588,43.339862387020304,1300,2.0,0.23925334215164185,1601,433,50,37
1663,43.339862387020304,1300,2.0,0.6660240888595581,591,630,107,100
1696,43.339862387020304,1300,2.0,0.7192447781562805,683,303,52,28
1751,43.339862387020304,1300,2.0,0.3716716766357422,132,93,48,41
1745,43.339862387020304,1300,2.0,0.301268070936203,1267,470,73,42
15,43.37320074270262,1301,2.0,0.3118337392807007,1529,456,68,38
1588,43.37320074270262,1301,2.0,0.22934888303279877,1601,433,50,37
1663,43.37320074270262,1301,2.0,0.7623041868209839,600,641,111,103
1696,43.37320074270262,1301,2.0,0.5030094981193542,679,301,51,28
1751,43.37320074270262,1301,2.0,0.37715303897857666,133,94,48,42
1745,43.37320074270262,1301,2.0,0.4072083532810211,1265,469,72,42
15,43.40653909838495,1302,2.0,0.3032846450805664,1529,456,68,38
1588,43.40653909838495,1302,2.0,0.2349693328142166,1601,433,50,37
1663,43.40653909838495,1302,2.0,0.652131974697113,611,651,114,106
1696,43.40653909838495,1302,2.0,0.3520446717739105,674,299,49,29
1751,43.40653909838495,1302,2.0,0.33945906162261963,132,95,46,43
1745,43.40653909838495,1302,2.0,0.4601946175098419,1263,468,68,42
15,43.43987745406727,1303,2.0,0.3037308156490326,1529,456,68,38
1588,43.43987745406727,1303,2.0,0.23319438099861145,1601,433,50,37
1663,43.43987745406727,1303,2.0,0.5122391581535339,622,663,112,107
1696,43.43987745406727,1303,2.0,0.43442079424858093,669,298,52,30
1751,43.43987745406727,1303,2.0,0.3169328272342682,130,95,42,44
1745,43.43987745406727,1303,2.0,0.29309970140457153,1261,467,68,41
15,43.4732158097496,1304,2.0,0.33370184898376465,1528,456,68,38
1588,43.4732158097496,1304,2.0,0.22277377545833588,1601,433,50,37
1663,43.4732158097496,1304,2.0,0.6673083901405334,632,675,117,110
1696,43.4732158097496,1304,2.0,0.5407909750938416,664,296,53,31
1751,43.4732158097496,1304,2.0,0.2359437495470047,127,95,35,45
1745,43.4732158097496,1304,2.0,0.36487412452697754,1259,466,66,40
15,43.506554165431915,1305,2.0,0.3027581572532654,1529,456,68,38
1588,43.506554165431915,1305,2.0,0.22246530652046204,1601,433,50,37
1663,43.506554165431915,1305,2.0,0.40337517857551575,642,687,121,114
1696,43.506554165431915,1305,2.0,0.5556221604347229,661,294,52,32
1751,43.506554165431915,1305,2.0,0.21438688039779663,127,94,35,45
1745,43.506554165431915,1305,2.0,0.26395219564437866,1259,466,62,39
15,43.53989252111424,1306,2.0,0.30652809143066406,1529,456,68,38
1588,43.53989252111424,1306,2.0,0.23081882297992706,1601,433,50,37
1663,43.53989252111424,1306,2.0,0.6238588094711304,653,698,125,120
1696,43.53989252111424,1306,2.0,0.5113580226898193,656,291,50,33
1751,43.53989252111424,1306,2.0,0.1740170568227768,132,94,47,45
1745,43.53989252111424,1306,2.0,0.1064729243516922,1252,463,64,36
1759,43.53989252111424,1306,2.0,0.42831769585609436,997,810,104,55
15,43.573230876796565,1307,2.0,0.29899686574935913,1529,455,68,38
1588,43.573230876796565,1307,2.0,0.2371448427438736,1601,433,50,37
1663,43.573230876796565,1307,7.0,0.490265429019928,666,710,128,124
1696,43.573230876796565,1307,2.0,0.5053682923316956,652,289,51,32
1751,43.573230876796565,1307,2.0,0.23210389912128448,134,94,49,46
1745,43.573230876796565,1307,2.0,0.33286672830581665,1254,462,53,34
1759,43.573230876796565,1307,2.0,0.38442137837409973,1001,807,106,59
15,43.60656923247889,1308,2.0,0.28860902786254883,1529,455,68,38
1588,43.60656923247889,1308,2.0,0.24733582139015198,1601,433,50,37
1663,43.60656923247889,1308,2.0,0.6854117512702942,679,724,131,127
1696,43.60656923247889,1308,2.0,0.5756241083145142,648,286,46,29
1751,43.60656923247889,1308,2.0,0.33789998292922974,134,95,50,46
1745,43.60656923247889,1308,2.0,0.10001655668020248,1250,463,58,36
1759,43.60656923247889,1308,2.0,0.5463070273399353,1005,806,115,64
15,43.63990758816121,1309,2.0,0.276241660118103,1529,455,68,38
1588,43.63990758816121,1309,2.0,0.2489030361175537,1601,433,50,37
1663,43.63990758816121,1309,2.0,0.6171021461486816,692,739,136,131
1696,43.63990758816121,1309,2.0,0.6075972318649292,644,284,48,26
1751,43.63990758816121,1309,2.0,0.3675233721733093,135,96,52,45
1745,43.63990758816121,1309,2.0,0.22009074687957764,1251,462,46,34
1759,43.63990758816121,1309,2.0,0.5102794170379639,1008,804,122,68
15,43.67324594384353,1310,2.0,0.27709972858428955,1529,455,68,38
1588,43.67324594384353,1310,2.0,0.24641838669776917,1601,433,50,37
1663,43.67324594384353,1310,2.0,0.4411088824272156,704,754,137,136
1696,43.67324594384353,1310,2.0,0.5915808081626892,639,283,48,26
1751,43.67324594384353,1310,2.0,0.35562869906425476,136,97,54,44
1745,43.67324594384353,1310,2.0,0.36796000599861145,1251,460,41,33
1759,43.67324594384353,1310,2.0,0.473745197057724,1010,803,125,75
1765,43.67324594384353,1310,2.0,0.4694836437702179,367,167,30,34
15,43.70658429952586,1311,2.0,0.2764568030834198,1529,455,68,38
1588,43.70658429952586,1311,2.0,0.23341239988803864,1601,433,50,37
1663,43.70658429952586,1311,7.0,0.49065104126930237,719,770,143,140
1696,43.70658429952586,1311,2.0,0.4211311936378479,634,281,47,26
1751,43.70658429952586,1311,2.0,0.3419884145259857,135,97,53,44
1745,43.70658429952586,1311,2.0,0.31303122639656067,1250,460,35,33
1759,43.70658429952586,1311,2.0,0.5295031666755676,1016,802,130,78
1765,43.70658429952586,1311,2.0,0.5472986698150635,367,166,32,33
15,43.73992265520818,1312,2.0,0.2690586447715759,1529,455,68,38
1588,43.73992265520818,1312,2.0,0.24061337113380432,1601,433,50,37
1663,43.73992265520818,1312,7.0,0.421134889125824,734,787,147,143
1696,43.73992265520818,1312,2.0,0.31036219000816345,631,280,46,25
1751,43.73992265520818,1312,2.0,0.3203144669532776,133,97,50,44
1745,43.73992265520818,1312,2.0,0.15032446384429932,1250,460,32,32
1759,43.73992265520818,1312,2.0,0.6424622535705566,1022,800,145,80
1765,43.73992265520818,1312,2.0,0.4472368061542511,367,166,33,33
15,43.7732610108905,1313,2.0,0.272092342376709,1529,455,68,38
1588,43.7732610108905,1313,2.0,0.25067105889320374,1601,433,50,37
1663,43.7732610108905,1313,7.0,0.43070027232170105,749,804,152,148
1696,43.7732610108905,1313,2.0,0.10319265723228455,627,278,48,25
1751,43.7732610108905,1313,2.0,0.23509760200977325,133,98,49,46
1759,43.7732610108905,1313,2.0,0.5582764148712158,1028,796,157,77
1765,43.7732610108905,1313,2.0,0.45284101366996765,368,165,36,32
15,43.806599366572826,1314,2.0,0.3007490038871765,1529,455,68,38
1588,43.806599366572826,1314,2.0,0.26642531156539917,1601,432,50,38
1663,43.806599366572826,1314,7.0,0.37496837973594666,764,821,155,153
1751,43.806599366572826,1314,2.0,0.13522885739803314,131,99,45,47
1759,43.806599366572826,1314,2.0,0.4980616867542267,1042,793,151,72
1765,43.806599366572826,1314,2.0,0.41178035736083984,368,165,36,32
15,43.83993772225515,1315,2.0,0.26095685362815857,1529,455,68,38
1588,43.83993772225515,1315,2.0,0.263118177652359,1601,432,50,38
1663,43.83993772225515,1315,7.0,0.32544830441474915,781,839,160,157
1751,43.83993772225515,1315,2.0,0.11532209068536758,134,99,51,46
1759,43.83993772225515,1315,2.0,0.2870096266269684,1051,790,142,72
1765,43.83993772225515,1315,2.0,0.4538175165653229,367,164,37,32
15,43.873276077937476,1316,2.0,0.2763223350048065,1529,455,68,38
1588,43.873276077937476,1316,2.0,0.27545469999313354,1601,432,51,38
1663,43.873276077937476,1316,7.0,0.15455025434494019,799,854,166,155
1759,43.873276077937476,1316,2.0,0.25983116030693054,1059,785,141,71
1765,43.873276077937476,1316,2.0,0.4099806845188141,367,163,38,30
15,43.906614433619794,1317,2.0,0.2896406352519989,1529,455,68,38
1588,43.906614433619794,1317,2.0,0.2870512008666992,1601,432,51,38
1663,43.906614433619794,1317,6.0,0.11153222620487213,819,873,172,155
1759,43.906614433619794,1317,2.0,0.2797403037548065,1069,782,139,70
1765,43.906614433619794,1317,2.0,0.3580857813358307,367,163,42,30
15,43.93995278930212,1318,2.0,0.29438671469688416,1528,455,68,38
1588,43.93995278930212,1318,2.0,0.276382178068161,1601,432,51,38
1663,43.93995278930212,1318,7.0,0.4332003593444824,849,898,200,172
1759,43.93995278930212,1318,2.0,0.5560089945793152,1078,778,136,71
1765,43.93995278930212,1318,2.0,0.3705015778541565,368,163,44,31
1696,43.93995278930212,1318,2.0,0.45069676637649536,609,270,43,26
15,43.973291144984444,1319,2.0,0.2985668480396271,1528,455,68,37
1588,43.973291144984444,1319,2.0,0.2836712896823883,1601,432,51,38
1663,43.973291144984444,1319,6.0,0.11958947032690048,867,922,199,183
1759,43.973291144984444,1319,2.0,0.5546068549156189,1086,775,133,69
1765,43.973291144984444,1319,2.0,0.21499580144882202,370,164,54,34
1696,43.973291144984444,1319,2.0,0.4260016083717346,607,267,42,27
15,44.00662950066677,1320,2.0,0.3570769727230072,1528,455,68,37
1588,44.00662950066677,1320,2.0,0.28801730275154114,1601,432,51,38
1663,44.00662950066677,1320,7.0,0.17948603630065918,885,944,198,187
1759,44.00662950066677,1320,2.0,0.5521275401115417,1096,771,134,68
1696,44.00662950066677,1320,2.0,0.4990677237510681,604,264,40,28
15,44.03996785634909,1321,2.0,0.36132755875587463,1528,455,68,37
1588,44.03996785634909,1321,2.0,0.2871173322200775,1601,432,51,38
1759,44.03996785634909,1321,2.0,0.2849450409412384,1104,767,134,68
1696,44.03996785634909,1321,2.0,0.3476787507534027,601,263,43,27
15,44.07330621203141,1322,2.0,0.31766971945762634,1528,455,68,37
1588,44.07330621203141,1322,2.0,0.279924213886261,1601,432,51,37
1759,44.07330621203141,1322,2.0,0.4026203155517578,1112,763,132,69
1696,44.07330621203141,1322,2.0,0.3631335198879242,596,260,39,25
1765,44.07330621203141,1322,2.0,0.25803083181381226,370,164,60,37
15,44.10664456771374,1323,2.0,0.33328574895858765,1529,455,68,37
1588,44.10664456771374,1323,2.0,0.2674550712108612,1601,432,50,37
1759,44.10664456771374,1323,2.0,0.44639384746551514,1118,760,130,70
1696,44.10664456771374,1323,2.0,0.2357083112001419,591,259,38,23
1780,44.10664456771374,1323,2.0,0.43318304419517517,1304,488,77,45
1765,44.10664456771374,1323,2.0,0.24974696338176727,369,163,59,35
15,44.13998292339606,1324,2.0,0.2813892066478729,1528,455,68,37
1588,44.13998292339606,1324,2.0,0.26814526319503784,1601,432,50,37
1759,44.13998292339606,1324,2.0,0.5624576807022095,1124,758,131,68
1696,44.13998292339606,1324,2.0,0.4194561243057251,587,257,42,22
1780,44.13998292339606,1324,2.0,0.15263701975345612,1301,485,80,44
1765,44.13998292339606,1324,2.0,0.17826499044895172,368,163,60,34
15,44.17332127907839,1325,2.0,0.323317289352417,1529,455,68,37
1588,44.17332127907839,1325,2.0,0.26860928535461426,1601,432,51,37
1759,44.17332127907839,1325,2.0,0.6177112460136414,1133,755,123,67
1696,44.17332127907839,1325,2.0,0.2268436700105667,585,257,42,21
1780,44.17332127907839,1325,2.0,0.3047110438346863,1298,483,79,44
1765,44.17332127907839,1325,2.0,0.17129214107990265,369,163,54,32
15,44.206659634760705,1326,2.0,0.30050596594810486,1529,455,68,37
1588,44.206659634760705,1326,2.0,0.26195383071899414,1601,432,51,37
1759,44.206659634760705,1326,2.0,0.5431292653083801,1136,752,115,67
1696,44.206659634760705,1326,2.0,0.2816768288612366,582,256,42,22
1780,44.206659634760705,1326,2.0,0.2265273779630661,1295,482,76,44
1783,44.206659634760705,1326,2.0,0.4304795563220978,1191,436,72,43
1784,44.206659634760705,1326,2.0,0.3871781527996063,350,161,29,29
15,44.23999799044303,1327,2.0,0.2866877317428589,1529,455,68,37
1588,44.23999799044303,1327,2.0,0.2873137593269348,1601,432,51,37
1759,44.23999799044303,1327,2.0,0.1396155059337616,1141,749,116,63
1696,44.23999799044303,1327,2.0,0.15956124663352966,577,255,42,23
1780,44.23999799044303,1327,2.0,0.18132038414478302,1292,481,72,41
1783,44.23999799044303,1327,2.0,0.31741034984588623,1187,434,69,45
1784,44.23999799044303,1327,2.0,0.4866066873073578,355,160,41,30
1765,44.23999799044303,1327,2.0,0.3995199203491211,371,163,42,31
15,44.273336346125355,1328,2.0,0.30643969774246216,1529,455,68,37
1588,44.273336346125355,1328,2.0,0.2875530421733856,1601,432,51,38
1759,44.273336346125355,1328,2.0,0.22032640874385834,1150,747,110,61
1696,44.273336346125355,1328,2.0,0.293956995010376,574,255,45,24
1780,44.273336346125355,1328,2.0,0.33396676182746887,1288,480,73,42
1783,44.273336346125355,1328,2.0,0.3616570830345154,1184,433,64,46
1784,44.273336346125355,1328,2.0,0.4496222734451294,351,160,36,29
1787,44.273336346125355,1328,2.0,0.45349347591400146,253,233,36,25
1765,44.273336346125355,1328,2.0,0.36872464418411255,375,163,32,30
15,44.30667470180768,1329,2.0,0.3034622073173523,1529,455,68,38
1588,44.30667470180768,1329,2.0,0.2824518382549286,1601,432,51,38
1759,44.30667470180768,1329,2.0,0.24547992646694183,1155,745,106,59
1696,44.30667470180768,1329,2.0,0.2646045386791229,570,254,46,25
1780,44.30667470180768,1329,2.0,0.36325326561927795,1284,479,74,39
1783,44.30667470180768,1329,2.0,0.45895013213157654,1179,433,58,46
1784,44.30667470180768,1329,2.0,0.4235292673110962,349,160,35,30
1787,44.30667470180768,1329,2.0,0.29484570026397705,253,236,35,24
1765,44.30667470180768,1329,2.0,0.31646600365638733,376,163,31,30
15,44.34001305749,1330,2.0,0.3139788508415222,1529,455,68,38
1588,44.34001305749,1330,2.0,0.2917141020298004,1601,432,51,38
1696,44.34001305749,1330,2.0,0.24425560235977173,567,253,45,25
1780,44.34001305749,1330,2.0,0.27028945088386536,1281,477,74,39
1783,44.34001305749,1330,2.0,0.38353824615478516,1177,432,55,46
1784,44.34001305749,1330,2.0,0.37774553894996643,346,160,34,30
1787,44.34001305749,1330,2.0,0.2805805504322052,256,238,36,26
1765,44.34001305749,1330,2.0,0.19037745893001556,376,163,30,31
15,44.37335141317232,1331,2.0,0.2985430955886841,1529,455,68,38
1588,44.37335141317232,1331,2.0,0.30668193101882935,1601,432,51,38
1696,44.37335141317232,1331,2.0,0.15116174519062042,564,252,43,25
1780,44.37335141317232,1331,2.0,0.3204081058502197,1284,476,68,36
1783,44.37335141317232,1331,2.0,0.41402170062065125,1176,431,52,44
1784,44.37335141317232,1331,2.0,0.12722842395305634,344,160,32,30
1787,44.37335141317232,1331,2.0,0.134567528963089,256,241,33,28
15,44.40668976885465,1332,2.0,0.34549376368522644,1529,455,68,38
1588,44.40668976885465,1332,2.0,0.2975109815597534,1601,432,51,38
1696,44.40668976885465,1332,2.0,0.14486224949359894,563,251,43,26
1780,44.40668976885465,1332,2.0,0.46856528520584106,1276,473,76,38
1783,44.40668976885465,1332,2.0,0.38041698932647705,1175,430,49,44
1784,44.40668976885465,1332,2.0,0.2240438312292099,345,159,35,30
1787,44.40668976885465,1332,2.0,0.13877654075622559,258,243,34,27
15,44.44002812453697,1333,2.0,0.32262247800827026,1529,455,68,38
1588,44.44002812453697,1333,2.0,0.30324918031692505,1601,432,51,38
1696,44.44002812453697,1333,2.0,0.2048349678516388,560,249,42,28
1780,44.44002812453697,1333,2.0,0.3495999574661255,1272,473,78,38
1783,44.44002812453697,1333,2.0,0.2866186797618866,1174,429,46,43
1784,44.44002812453697,1333,2.0,0.33530640602111816,348,158,49,29
1787,44.44002812453697,1333,2.0,0.19012990593910217,258,245,33,27
15,44.47336648021929,1334,2.0,0.35230928659439087,1528,455,68,38
1588,44.47336648021929,1334,2.0,0.3122667670249939,1601,433,51,38
1696,44.47336648021929,1334,2.0,0.38890108466148376,558,247,40,29
1780,44.47336648021929,1334,2.0,0.2823343276977539,1269,471,73,40
1783,44.47336648021929,1334,2.0,0.3315190374851227,1172,428,45,40
1784,44.47336648021929,1334,2.0,0.42547115683555603,350,158,58,30
1787,44.47336648021929,1334,2.0,0.338411420583725,260,246,35,26
15,44.506704835901616,1335,2.0,0.30323585867881775,1528,455,68,38
1588,44.506704835901616,1335,2.0,0.31240320205688477,1601,432,51,38
1696,44.506704835901616,1335,2.0,0.21648821234703064,555,245,40,30
1780,44.506704835901616,1335,2.0,0.20026104152202606,1266,469,75,42
1783,44.506704835901616,1335,2.0,0.16978511214256287,1171,428,42,38
1784,44.506704835901616,1335,2.0,0.2585597336292267,352,158,61,31
1787,44.506704835901616,1335,2.0,0.14689962565898895,261,247,34,26
15,44.54004319158394,1336,2.0,0.3131105601787567,1528,455,68,38
1588,44.54004319158394,1336,2.0,0.3009461760520935,1601,433,51,38
1696,44.54004319158394,1336,2.0,0.2293453812599182,552,243,38,31
1780,44.54004319158394,1336,2.0,0.20816022157669067,1263,467,74,41
1783,44.54004319158394,1336,2.0,0.10665324330329895,1167,426,42,37
1784,44.54004319158394,1336,2.0,0.16297747194766998,352,158,61,31
15,44.573381547266266,1337,2.0,0.32580581307411194,1528,455,68,38
1588,44.573381547266266,1337,2.0,0.2948179244995117,1601,433,51,38
1780,44.573381547266266,1337,2.0,0.31862714886665344,1262,465,71,41
1784,44.573381547266266,1337,2.0,0.14573925733566284,355,157,54,32
15,44.60671990294858,1338,2.0,0.2972423732280731,1528,455,68,38
1588,44.60671990294858,1338,2.0,0.2953360974788666,1601,432,51,38
1780,44.60671990294858,1338,2.0,0.23503121733665466,1261,463,62,39
1784,44.60671990294858,1338,2.0,0.20332230627536774,351,157,60,32
15,44.64005825863091,1339,2.0,0.3109213411808014,1528,455,68,38
1588,44.64005825863091,1339,2.0,0.30620867013931274,1601,432,51,38
1780,44.64005825863091,1339,2.0,0.1294683814048767,1261,464,52,39
1784,44.64005825863091,1339,2.0,0.23143945634365082,349,157,62,33
15,44.67339661431323,1340,2.0,0.28360018134117126,1528,455,68,38
1588,44.67339661431323,1340,2.0,0.3056105077266693,1601,432,51,38
1780,44.67339661431323,1340,2.0,0.11202667653560638,1257,463,45,37
1784,44.67339661431323,1340,2.0,0.24078750610351562,348,156,63,34
15,44.70673496999556,1341,2.0,0.26270991563796997,1528,455,69,38
1588,44.70673496999556,1341,2.0,0.3126468062400818,1601,432,51,38
1787,44.70673496999556,1341,2.0,0.3689548671245575,273,255,40,28
15,44.740073325677876,1342,2.0,0.266713947057724,1528,455,69,38
1588,44.740073325677876,1342,2.0,0.31160256266593933,1601,432,51,38
1787,44.740073325677876,1342,2.0,0.49235379695892334,273,256,41,28
15,44.7734116813602,1343,2.0,0.3482644855976105,1529,456,69,39
1588,44.7734116813602,1343,2.0,0.32178208231925964,1601,432,51,37
1787,44.7734116813602,1343,2.0,0.4683349132537842,275,257,42,29
15,44.80675003704253,1344,2.0,0.34495291113853455,1529,456,69,40
1588,44.80675003704253,1344,2.0,0.31653738021850586,1600,432,51,37
1787,44.80675003704253,1344,2.0,0.3914981782436371,276,259,41,30
15,44.84008839272485,1345,2.0,0.3904880881309509,1529,456,69,40
1588,44.84008839272485,1345,2.0,0.3134579360485077,1600,432,51,37
1787,44.84008839272485,1345,2.0,0.4526394307613373,278,263,41,31
15,44.87342674840717,1346,2.0,0.38756266236305237,1529,456,69,40
1588,44.87342674840717,1346,2.0,0.3200014531612396,1600,432,51,38
1787,44.87342674840717,1346,2.0,0.4731498956680298,281,266,44,31
15,44.906765104089494,1347,2.0,0.3761013448238373,1529,456,69,40
1588,44.906765104089494,1347,2.0,0.30950939655303955,1600,432,51,38
1787,44.906765104089494,1347,2.0,0.5347304344177246,280,267,43,32
15,44.94010345977182,1348,2.0,0.35790935158729553,1529,456,69,40
1588,44.94010345977182,1348,2.0,0.31700965762138367,1600,432,51,38
1787,44.94010345977182,1348,2.0,0.4103337228298187,282,269,43,30
15,44.973441815454144,1349,2.0,0.3636656105518341,1529,456,69,41
1588,44.973441815454144,1349,2.0,0.30093494057655334,1600,432,51,38
1787,44.973441815454144,1349,2.0,0.3026033639907837,285,270,45,32
15,45.00678017113647,1350,2.0,0.38102206587791443,1529,456,69,41
1588,45.00678017113647,1350,2.0,0.3080117404460907,1600,432,51,38
1787,45.00678017113647,1350,2.0,0.2962665855884552,290,272,50,35
1800,45.00678017113647,1350,2.0,0.45757433772087097,1032,795,161,85
1801,45.00678017113647,1350,2.0,0.37057942152023315,221,308,48,41
15,45.04011852681879,1351,2.0,0.3609403073787689,1529,456,69,41
1588,45.04011852681879,1351,2.0,0.30640584230422974,1600,432,51,38
1800,45.04011852681879,1351,2.0,0.3389986455440521,1048,790,144,80
1801,45.04011852681879,1351,2.0,0.4146384298801422,223,311,46,42
15,45.07345688250111,1352,2.0,0.38914453983306885,1529,456,69,41
1588,45.07345688250111,1352,2.0,0.3010358512401581,1600,432,51,38
1800,45.07345688250111,1352,2.0,0.32313600182533264,1062,786,141,78
1801,45.07345688250111,1352,2.0,0.43826740980148315,225,314,46,45
1787,45.07345688250111,1352,2.0,0.4824288487434387,294,278,48,29
15,45.10679523818344,1353,2.0,0.39104002714157104,1529,456,69,41
1588,45.10679523818344,1353,2.0,0.295497864484787,1600,432,51,38
1800,45.10679523818344,1353,2.0,0.403435081243515,1075,782,141,79
1801,45.10679523818344,1353,2.0,0.39994165301322937,225,317,42,44
1787,45.10679523818344,1353,2.0,0.48613858222961426,294,280,44,30
15,45.14013359386576,1354,2.0,0.37816277146339417,1529,456,69,40
1588,45.14013359386576,1354,2.0,0.30602291226387024,1600,432,51,38
1800,45.14013359386576,1354,2.0,0.6954477429389954,1080,778,136,79
1801,45.14013359386576,1354,2.0,0.448379784822464,226,320,43,44
1787,45.14013359386576,1354,2.0,0.678543746471405,294,282,42,29
15,45.17347194954808,1355,2.0,0.38562631607055664,1529,456,69,41
1588,45.17347194954808,1355,2.0,0.3092341125011444,1600,432,51,38
1800,45.17347194954808,1355,2.0,0.5107560157775879,1088,775,144,81
1801,45.17347194954808,1355,2.0,0.32783493399620056,228,323,44,42
1787,45.17347194954808,1355,2.0,0.5063918828964233,294,283,40,30
15,45.206810305230405,1356,2.0,0.3582964837551117,1529,456,69,40
1588,45.206810305230405,1356,2.0,0.3109135627746582,1600,432,51,37
1800,45.206810305230405,1356,2.0,0.5774616003036499,1094,771,138,79
1801,45.206810305230405,1356,2.0,0.37768927216529846,230,326,46,41
1787,45.206810305230405,1356,2.0,0.5756439566612244,295,285,40,32
15,45.24014866091273,1357,2.0,0.37394100427627563,1529,456,69,40
1588,45.24014866091273,1357,2.0,0.3107088804244995,1600,432,51,37
1800,45.24014866091273,1357,2.0,0.5575380921363831,1100,768,133,78
1801,45.24014866091273,1357,2.0,0.5452249646186829,231,328,49,40
1787,45.24014866091273,1357,2.0,0.6478071808815002,297,287,39,31
15,45.273487016595055,1358,2.0,0.3556317090988159,1529,456,69,40
1588,45.273487016595055,1358,2.0,0.32004502415657043,1600,432,51,37
1800,45.273487016595055,1358,2.0,0.2625572085380554,1106,766,130,80
1801,45.273487016595055,1358,2.0,0.5422919392585754,233,331,54,42
1787,45.273487016595055,1358,2.0,0.6336401104927063,300,289,43,31
15,45.30682537227737,1359,2.0,0.3623524308204651,1529,456,69,40
1588,45.30682537227737,1359,2.0,0.31905031204223633,1600,432,51,37
1800,45.30682537227737,1359,2.0,0.42335182428359985,1113,762,131,78
1801,45.30682537227737,1359,2.0,0.570343017578125,233,334,50,44
1787,45.30682537227737,1359,2.0,0.5922814011573792,303,292,48,31
1808,45.30682537227737,1359,2.0,0.35865461826324463,1184,433,67,47
15,45.3401637279597,1360,2.0,0.3698154389858246,1529,456,69,40
1588,45.3401637279597,1360,2.0,0.31369748711586,1600,432,51,37
1800,45.3401637279597,1360,2.0,0.6214289665222168,1120,759,128,79
1801,45.3401637279597,1360,2.0,0.4743717610836029,233,336,47,44
1787,45.3401637279597,1360,2.0,0.6258584856987,304,294,47,32
1808,45.3401637279597,1360,2.0,0.2994872033596039,1181,432,63,47
15,45.37350208364202,1361,2.0,0.3369433283805847,1529,456,69,41
1588,45.37350208364202,1361,2.0,0.31708645820617676,1600,432,51,37
1800,45.37350208364202,1361,2.0,0.5870063900947571,1126,755,129,81
1801,45.37350208364202,1361,2.0,0.4381033182144165,233,340,47,43
1787,45.37350208364202,1361,2.0,0.4630439579486847,306,296,47,34
1808,45.37350208364202,1361,2.0,0.12455544620752335,1178,431,55,45
15,45.40684043932435,1362,2.0,0.36700040102005005,1529,456,69,41
1588,45.40684043932435,1362,2.0,0.3253011703491211,1600,432,51,37
1800,45.40684043932435,1362,2.0,0.6250772476196289,1130,753,124,79
1801,45.40684043932435,1362,2.0,0.2439175695180893,236,343,47,43
1787,45.40684043932435,1362,2.0,0.3499244153499603,308,300,48,31
1808,45.40684043932435,1362,2.0,0.19936096668243408,1177,431,51,44
15,45.440178795006666,1363,2.0,0.3636208474636078,1529,456,69,41
1588,45.440178795006666,1363,2.0,0.33303341269493103,1600,432,51,37
1800,45.440178795006666,1363,2.0,0.6162170767784119,1138,751,123,77
1801,45.440178795006666,1363,2.0,0.38136622309684753,239,345,51,43
1787,45.440178795006666,1363,2.0,0.3957816958427429,313,305,49,27
1808,45.440178795006666,1363,2.0,0.18742066621780396,1177,430,50,43
15,45.47351715068899,1364,2.0,0.3801122307777405,1529,456,69,41
1588,45.47351715068899,1364,2.0,0.3407394289970398,1600,432,51,38
1800,45.47351715068899,1364,2.0,0.6025323867797852,1143,749,119,74
1801,45.47351715068899,1364,2.0,0.40905943512916565,239,347,51,44
1787,45.47351715068899,1364,2.0,0.5718770623207092,314,307,47,29
1808,45.47351715068899,1364,2.0,0.28512346744537354,1177,430,48,41
15,45.506855506371316,1365,2.0,0.34801149368286133,1529,456,69,41
1588,45.506855506371316,1365,2.0,0.33256691694259644,1600,432,51,37
1800,45.506855506371316,1365,2.0,0.40743035078048706,1147,747,117,73
1801,45.506855506371316,1365,2.0,0.3207739293575287,242,350,49,46
1787,45.506855506371316,1365,2.0,0.6249030828475952,314,309,46,32
1808,45.506855506371316,1365,2.0,0.14432165026664734,1175,429,46,40
15,45.54019386205364,1366,2.0,0.3566446602344513,1529,456,69,41
1588,45.54019386205364,1366,2.0,0.3098011314868927,1600,432,51,37
1800,45.54019386205364,1366,2.0,0.3681796193122864,1151,745,111,71
1801,45.54019386205364,1366,2.0,0.41969069838523865,241,354,53,47
1787,45.54019386205364,1366,2.0,0.562885046005249,315,311,46,34
15,45.57353221773596,1367,2.0,0.3625703752040863,1529,456,69,41
1588,45.57353221773596,1367,2.0,0.3187934458255768,1600,432,51,37
1800,45.57353221773596,1367,2.0,0.2630994915962219,1156,743,106,70
1801,45.57353221773596,1367,2.0,0.26681244373321533,244,357,52,48
1787,45.57353221773596,1367,2.0,0.6001638770103455,317,315,46,35
15,45.606870573418284,1368,2.0,0.3716908097267151,1529,456,69,40
1588,45.606870573418284,1368,2.0,0.331822007894516,1600,432,51,37
1800,45.606870573418284,1368,2.0,0.11107368022203445,1161,743,103,66
1801,45.606870573418284,1368,2.0,0.2816697061061859,245,361,52,49
1787,45.606870573418284,1368,2.0,0.42724645137786865,322,318,53,35
15,45.64020892910061,1369,2.0,0.35166996717453003,1529,456,69,40
1588,45.64020892910061,1369,2.0,0.3377777636051178,1600,432,51,37
1801,45.64020892910061,1369,2.0,0.32140716910362244,247,364,52,50
1787,45.64020892910061,1369,2.0,0.3760581910610199,324,320,53,37
1813,45.64020892910061,1369,13.0,0.4257059395313263,1307,715,1220,687
15,45.673547284782934,1370,2.0,0.34142357110977173,1529,456,69,40
1588,45.673547284782934,1370,2.0,0.32471075654029846,1600,432,51,37
1801,45.673547284782934,1370,2.0,0.24453087151050568,251,368,54,51
1787,45.673547284782934,1370,2.0,0.49924013018608093,326,322,54,38
1813,45.673547284782934,1370,13.0,0.46481049060821533,1306,715,1221,687
15,45.70688564046525,1371,2.0,0.327801913022995,1529,456,69,40
1588,45.70688564046525,1371,2.0,0.31501033902168274,1600,432,51,37
1801,45.70688564046525,1371,2.0,0.22116747498512268,253,372,55,50
1787,45.70688564046525,1371,2.0,0.4907465875148773,328,325,54,38
1813,45.70688564046525,1371,13.0,0.29908379912376404,1307,715,1218,688
15,45.74022399614758,1372,2.0,0.3555154800415039,1529,456,69,40
1588,45.74022399614758,1372,2.0,0.3118550479412079,1600,432,51,37
1801,45.74022399614758,1372,2.0,0.17069557309150696,255,376,51,51
1787,45.74022399614758,1372,2.0,0.45136570930480957,330,328,55,36
1813,45.74022399614758,1372,13.0,0.34948548674583435,1307,714,1218,689
15,45.7735623518299,1373,2.0,0.3909509778022766,1529,457,69,40
1588,45.7735623518299,1373,2.0,0.2879476845264435,1600,432,51,38
1801,45.7735623518299,1373,2.0,0.48424193263053894,258,379,55,52
1787,45.7735623518299,1373,2.0,0.5376139879226685,332,331,56,36
1813,45.7735623518299,1373,13.0,0.2128431797027588,1309,714,1215,688
15,45.80690070751223,1374,2.0,0.3835567235946655,1529,457,69,41
1588,45.80690070751223,1374,2.0,0.29339203238487244,1600,432,52,38
1801,45.80690070751223,1374,2.0,0.42675337195396423,258,382,54,50
1787,45.80690070751223,1374,2.0,0.6164662837982178,335,334,54,36
1813,45.80690070751223,1374,13.0,0.2464420348405838,1309,714,1214,688
15,45.84023906319455,1375,2.0,0.37708717584609985,1529,456,68,40
1588,45.84023906319455,1375,2.0,0.3049335479736328,1600,432,51,38
1801,45.84023906319455,1375,2.0,0.212403804063797,259,386,54,52
1787,45.84023906319455,1375,2.0,0.5182709097862244,337,336,50,37
1813,45.84023906319455,1375,13.0,0.3070128858089447,1310,714,1213,687
15,45.87357741887687,1376,2.0,0.3554341793060303,1529,456,68,40
1588,45.87357741887687,1376,2.0,0.31265318393707275,1600,432,52,38
1801,45.87357741887687,1376,2.0,0.27515119314193726,262,389,55,50
1787,45.87357741887687,1376,2.0,0.45394566655158997,340,339,50,39
1813,45.87357741887687,1376,13.0,0.25592637062072754,1310,714,1213,687
15,45.906915774559195,1377,2.0,0.3776780962944031,1529,456,68,39
1588,45.906915774559195,1377,2.0,0.290172278881073,1600,432,51,37
1801,45.906915774559195,1377,2.0,0.40485623478889465,264,393,53,52
1787,45.906915774559195,1377,2.0,0.6186711192131042,342,342,51,39
1813,45.906915774559195,1377,13.0,0.17857883870601654,1311,715,1209,685
15,45.94025413024152,1378,2.0,0.40858596563339233,1529,456,68,39
1588,45.94025413024152,1378,2.0,0.28749677538871765,1600,432,51,37
1801,45.94025413024152,1378,2.0,0.4918208122253418,266,397,51,54
1787,45.94025413024152,1378,2.0,0.621048629283905,345,346,55,38
1813,45.94025413024152,1378,13.0,0.17693789303302765,1312,716,1209,684
15,45.973592485923845,1379,2.0,0.40576624870300293,1529,456,68,38
1588,45.973592485923845,1379,2.0,0.2764228284358978,1600,432,51,37
1801,45.973592485923845,1379,2.0,0.4939572811126709,269,404,56,56
1787,45.973592485923845,1379,2.0,0.3960166275501251,347,347,54,39
1813,45.973592485923845,1379,13.0,0.15049263834953308,1312,716,1209,684
15,46.00693084160616,1380,2.0,0.42151808738708496,1529,456,68,39
1588,46.00693084160616,1380,2.0,0.27061834931373596,1600,432,51,38
1801,46.00693084160616,1380,2.0,0.44214412569999695,272,407,59,58
1787,46.00693084160616,1380,2.0,0.6009019017219543,348,351,52,37
1813,46.00693084160616,1380,13.0,0.14219990372657776,1310,715,1212,684
1815,46.00693084160616,1380,2.0,0.3591395616531372,312,138,45,27
15,46.04026919728849,1381,2.0,0.4017418920993805,1529,456,67,39
1588,46.04026919728849,1381,2.0,0.28265926241874695,1600,432,52,38
1801,46.04026919728849,1381,2.0,0.3903678357601166,275,411,63,59
1787,46.04026919728849,1381,2.0,0.487960547208786,353,355,55,36
1813,46.04026919728849,1381,13.0,0.20175884664058685,1308,715,1215,685
1815,46.04026919728849,1381,2.0,0.21528467535972595,313,136,47,28
15,46.07360755297081,1382,2.0,0.4297628402709961,1529,456,68,39
1588,46.07360755297081,1382,2.0,0.280255526304245,1600,432,52,38
1801,46.07360755297081,1382,2.0,0.5205286741256714,278,415,69,60
1787,46.07360755297081,1382,2.0,0.6153855919837952,357,359,57,39
1813,46.07360755297081,1382,13.0,0.12355401366949081,1307,714,1217,685
1815,46.07360755297081,1382,2.0,0.19322600960731506,312,135,48,30
15,46.10694590865314,1383,2.0,0.3929506242275238,1529,456,67,39
1588,46.10694590865314,1383,2.0,0.28916072845458984,1600,432,52,38
1801,46.10694590865314,1383,2.0,0.34911784529685974,281,420,69,61
1787,46.10694590865314,1383,2.0,0.4924648702144623,359,363,56,40
1813,46.10694590865314,1383,13.0,0.12307218462228775,1308,714,1217,686
1815,46.10694590865314,1383,2.0,0.1682843565940857,311,134,49,30
15,46.140284264335456,1384,2.0,0.4280494451522827,1529,456,67,39
1588,46.140284264335456,1384,2.0,0.28991934657096863,1600,432,52,38
1801,46.140284264335456,1384,2.0,0.5517674088478088,283,425,67,60
1787,46.140284264335456,1384,2.0,0.6020195484161377,363,366,54,41
1815,46.140284264335456,1384,2.0,0.19303593039512634,311,134,50,30
15,46.17362262001778,1385,2.0,0.42677363753318787,1529,456,67,39
1588,46.17362262001778,1385,2.0,0.3104611933231354,1600,432,53,39
1801,46.17362262001778,1385,2.0,0.46895426511764526,285,429,66,62
1787,46.17362262001778,1385,2.0,0.5961964726448059,365,368,53,43
1815,46.17362262001778,1385,2.0,0.2563595473766327,309,135,52,31
15,46.206960975700106,1386,2.0,0.40173113346099854,1529,456,67,39
1588,46.206960975700106,1386,2.0,0.31393569707870483,1600,431,53,39
1801,46.206960975700106,1386,2.0,0.43631333112716675,288,433,71,61
1787,46.206960975700106,1386,2.0,0.4692034125328064,367,371,54,45
15,46.24029933138243,1387,2.0,0.3588573634624481,1529,456,67,39
1588,46.24029933138243,1387,2.0,0.3164709508419037,1600,431,53,39
1801,46.24029933138243,1387,2.0,0.2906508147716522,288,438,73,64
1787,46.24029933138243,1387,2.0,0.28440073132514954,371,375,58,48
15,46.27363768706475,1388,2.0,0.42417651414871216,1529,456,67,40
1588,46.27363768706475,1388,2.0,0.310204416513443,1600,431,53,39
1801,46.27363768706475,1388,2.0,0.447841614484787,290,444,72,67
1787,46.27363768706475,1388,2.0,0.47926729917526245,376,380,58,47
15,46.306976042747074,1389,2.0,0.4134103059768677,1529,456,67,40
1588,46.306976042747074,1389,2.0,0.3068445920944214,1600,431,53,39
1801,46.306976042747074,1389,2.0,0.4022925794124603,297,450,73,66
1787,46.306976042747074,1389,2.0,0.4216897189617157,379,385,59,46
15,46.3403143984294,1390,2.0,0.41723114252090454,1530,456,67,40
1588,46.3403143984294,1390,2.0,0.29973796010017395,1600,431,52,39
1801,46.3403143984294,1390,2.0,0.343497633934021,301,454,70,67
1787,46.3403143984294,1390,2.0,0.4650849401950836,382,389,59,45
1821,46.3403143984294,1390,2.0,0.3971535861492157,1336,495,54,42
15,46.373652754111724,1391,2.0,0.4487523138523102,1530,456,67,40
1588,46.373652754111724,1391,2.0,0.30634161829948425,1600,432,52,39
1801,46.373652754111724,1391,2.0,0.5783339738845825,305,459,70,68
1787,46.373652754111724,1391,2.0,0.6045671701431274,385,392,58,47
1821,46.373652754111724,1391,2.0,0.234211266040802,1336,494,47,42
1823,46.373652754111724,1391,2.0,0.4133564531803131,269,245,39,37
15,46.40699110979404,1392,2.0,0.42163601517677307,1530,456,68,39
1588,46.40699110979404,1392,2.0,0.2973312735557556,1600,432,51,38
1801,46.40699110979404,1392,2.0,0.48232144117355347,308,466,69,69
1787,46.40699110979404,1392,2.0,0.42817920446395874,389,395,60,48
1821,46.40699110979404,1392,2.0,0.36943483352661133,1330,492,56,42
1823,46.40699110979404,1392,2.0,0.3128390908241272,270,246,39,37
15,46.44032946547637,1393,2.0,0.45085257291793823,1530,456,68,39
1588,46.44032946547637,1393,2.0,0.2978312075138092,1600,432,51,38
1801,46.44032946547637,1393,2.0,0.49280595779418945,312,472,70,68
1787,46.44032946547637,1393,2.0,0.32931357622146606,393,399,62,53
1821,46.44032946547637,1393,2.0,0.3221018612384796,1330,492,50,43
1823,46.44032946547637,1393,2.0,0.3110891282558441,270,248,37,37
15,46.47366782115869,1394,2.0,0.45248302817344666,1530,456,68,40
1588,46.47366782115869,1394,2.0,0.2828170955181122,1600,432,50,38
1801,46.47366782115869,1394,2.0,0.523393452167511,316,478,68,69
1787,46.47366782115869,1394,2.0,0.564031183719635,395,402,62,56
1821,46.47366782115869,1394,2.0,0.43126368522644043,1326,491,53,40
15,46.50700617684102,1395,2.0,0.41599270701408386,1530,456,68,40
1588,46.50700617684102,1395,2.0,0.2670919895172119,1600,432,50,38
1801,46.50700617684102,1395,2.0,0.5929759740829468,319,482,68,73
1787,46.50700617684102,1395,2.0,0.5472783446311951,399,409,62,53
1821,46.50700617684102,1395,2.0,0.3378244936466217,1324,488,52,42
15,46.540344532523335,1396,2.0,0.3939761817455292,1530,457,68,41
1588,46.540344532523335,1396,2.0,0.2652348577976227,1600,432,50,38
1801,46.540344532523335,1396,2.0,0.4543018937110901,321,490,72,73
1787,46.540344532523335,1396,2.0,0.45309147238731384,403,414,60,51
1821,46.540344532523335,1396,2.0,0.3420899212360382,1324,487,47,40
1833,46.540344532523335,1396,2.0,0.48549512028694153,1557,578,82,46
15,46.57368288820566,1397,2.0,0.35467618703842163,1530,457,68,41
1588,46.57368288820566,1397,2.0,0.2632494568824768,1600,432,50,38
1801,46.57368288820566,1397,2.0,0.6257914304733276,324,496,75,74
1787,46.57368288820566,1397,2.0,0.48541027307510376,408,419,60,52
1821,46.57368288820566,1397,2.0,0.1823214292526245,1324,484,43,40
1833,46.57368288820566,1397,2.0,0.5058159828186035,1560,577,84,49
15,46.607021243887985,1398,2.0,0.42793333530426025,1530,457,69,42
1588,46.607021243887985,1398,2.0,0.2523311376571655,1600,433,50,38
1801,46.607021243887985,1398,2.0,0.6819342970848083,330,502,75,75
1787,46.607021243887985,1398,2.0,0.58094322681427,412,425,61,53
1821,46.607021243887985,1398,2.0,0.42321982979774475,1310,483,65,41
1833,46.607021243887985,1398,2.0,0.6023122072219849,1563,576,86,49
15,46.64035959957031,1399,2.0,0.44851967692375183,1530,457,69,42
1588,46.64035959957031,1399,2.0,0.260637491941452,1600,433,51,38
1801,46.64035959957031,1399,2.0,0.6560458540916443,334,509,78,79
1787,46.64035959957031,1399,2.0,0.5196812748908997,416,430,63,56
1821,46.64035959957031,1399,2.0,0.4272032380104065,1304,482,71,43
1833,46.64035959957031,1399,2.0,0.5974032878875732,1568,575,85,50
1837,46.64035959957031,1399,2.0,0.39483264088630676,279,262,35,35
15,46.67369795525263,1400,2.0,0.4336666464805603,1530,456,68,40
1588,46.67369795525263,1400,2.0,0.2484002560377121,1599,433,50,37
1801,46.67369795525263,1400,2.0,0.5242307782173157,338,515,78,82
1787,46.67369795525263,1400,2.0,0.5192527770996094,422,436,64,54
1821,46.67369795525263,1400,2.0,0.17890740931034088,1297,479,69,41
1833,46.67369795525263,1400,2.0,0.46696075797080994,1572,575,83,49
15,46.70703631093495,1401,2.0,0.4079277217388153,1530,456,68,40
1588,46.70703631093495,1401,2.0,0.25032979249954224,1600,433,50,37
1801,46.70703631093495,1401,2.0,0.5410863161087036,341,521,82,84
1787,46.70703631093495,1401,2.0,0.5047844648361206,427,442,68,53
1821,46.70703631093495,1401,2.0,0.37578096985816956,1294,478,68,41
1833,46.70703631093495,1401,2.0,0.6287166476249695,1577,572,84,47
1837,46.70703631093495,1401,2.0,0.46053317189216614,284,266,38,36
15,46.74037466661728,1402,2.0,0.4190226197242737,1529,456,68,40
1588,46.74037466661728,1402,2.0,0.26265469193458557,1599,433,50,37
1801,46.74037466661728,1402,2.0,0.6462877988815308,345,527,82,89
1787,46.74037466661728,1402,2.0,0.6310968995094299,431,448,68,54
1821,46.74037466661728,1402,2.0,0.3803563117980957,1291,476,66,41
1833,46.74037466661728,1402,2.0,0.6136667132377625,1583,570,82,44
1837,46.74037466661728,1402,2.0,0.4766494035720825,286,269,40,37
15,46.7737130222996,1403,2.0,0.3861393332481384,1530,456,68,40
1588,46.7737130222996,1403,2.0,0.25548893213272095,1599,433,51,37
1801,46.7737130222996,1403,2.0,0.6335054636001587,349,535,86,90
1787,46.7737130222996,1403,2.0,0.6262717247009277,436,453,67,56
1821,46.7737130222996,1403,2.0,0.33862945437431335,1290,476,66,44
1833,46.7737130222996,1403,2.0,0.521752655506134,1587,568,82,42
1837,46.7737130222996,1403,2.0,0.4055942893028259,286,270,39,40
15,46.80705137798193,1404,2.0,0.390198290348053,1529,456,69,41
1588,46.80705137798193,1404,2.0,0.2751270532608032,1600,433,49,37
1801,46.80705137798193,1404,2.0,0.6386343836784363,352,543,90,88
1787,46.80705137798193,1404,2.0,0.590606689453125,440,457,69,58
1821,46.80705137798193,1404,2.0,0.4534788131713867,1291,475,63,40
1833,46.80705137798193,1404,2.0,0.529911994934082,1592,565,83,39
1837,46.80705137798193,1404,2.0,0.5784470438957214,289,271,40,41
15,46.840389733664246,1405,2.0,0.4038834273815155,1529,456,70,41
1588,46.840389733664246,1405,2.0,0.28275713324546814,1600,433,49,37
1801,46.840389733664246,1405,2.0,0.6084443926811218,357,551,92,93
1787,46.840389733664246,1405,2.0,0.5850430130958557,446,463,71,58
1821,46.840389733664246,1405,2.0,0.2717951536178589,1286,474,67,38
1833,46.840389733664246,1405,2.0,0.5237410068511963,1596,564,82,39
1837,46.840389733664246,1405,2.0,0.6718745827674866,292,273,42,44
15,46.87372808934657,1406,2.0,0.40313100814819336,1529,456,70,41
1588,46.87372808934657,1406,2.0,0.28856030106544495,1600,433,49,37
1801,46.87372808934657,1406,2.0,0.674905002117157,362,560,94,96
1787,46.87372808934657,1406,2.0,0.622732937335968,451,470,72,58
1821,46.87372808934657,1406,2.0,0.21805572509765625,1283,472,67,36
1833,46.87372808934657,1406,2.0,0.5358445048332214,1601,563,85,39
1837,46.87372808934657,1406,2.0,0.5579918026924133,294,276,44,43
1847,46.87372808934657,1406,2.0,0.475285142660141,1012,809,125,70
15,46.907066445028896,1407,2.0,0.4071075916290283,1529,456,69,41
1588,46.907066445028896,1407,2.0,0.29045775532722473,1600,433,49,37
1801,46.907066445028896,1407,2.0,0.6172630190849304,367,568,98,96
1787,46.907066445028896,1407,2.0,0.6812454462051392,456,475,73,59
1821,46.907066445028896,1407,2.0,0.24178840219974518,1277,469,70,39
1833,46.907066445028896,1407,2.0,0.4645606577396393,1607,561,83,40
1837,46.907066445028896,1407,2.0,0.5255357623100281,294,278,41,41
1847,46.907066445028896,1407,2.0,0.13644154369831085,1017,808,138,75
15,46.94040480071122,1408,2.0,0.4129115641117096,1529,456,70,40
1588,46.94040480071122,1408,2.0,0.2799966633319855,1600,433,48,37
1801,46.94040480071122,1408,2.0,0.6394192576408386,372,577,95,98
1787,46.94040480071122,1408,2.0,0.6178900599479675,463,482,73,61
1821,46.94040480071122,1408,2.0,0.2107379138469696,1275,468,76,41
1833,46.94040480071122,1408,2.0,0.5013713836669922,1611,559,83,41
1837,46.94040480071122,1408,2.0,0.6522448658943176,295,282,41,39
1847,46.94040480071122,1408,2.0,0.3540323078632355,1027,806,151,80
1852,46.94040480071122,1408,2.0,0.3562992215156555,158,152,72,46
15,46.97374315639354,1409,2.0,0.43902331590652466,1529,456,70,41
1588,46.97374315639354,1409,2.0,0.27760836482048035,1600,433,49,37
1801,46.97374315639354,1409,2.0,0.6592910289764404,377,586,97,100
1787,46.97374315639354,1409,2.0,0.6260589957237244,467,489,74,61
1821,46.97374315639354,1409,2.0,0.20601674914360046,1270,468,77,42
1833,46.97374315639354,1409,2.0,0.6197496056556702,1616,556,83,42
1837,46.97374315639354,1409,2.0,0.5275791883468628,296,284,40,39
1847,46.97374315639354,1409,2.0,0.44303321838378906,1030,804,160,81
1852,46.97374315639354,1409,2.0,0.39529213309288025,157,152,73,47
15,47.007081512075864,1410,2.0,0.41302162408828735,1529,456,70,41
1588,47.007081512075864,1410,2.0,0.2687929570674896,1600,433,49,37
1801,47.007081512075864,1410,2.0,0.6706329584121704,383,595,102,102
1787,47.007081512075864,1410,2.0,0.6371663808822632,473,495,76,64
1821,47.007081512075864,1410,2.0,0.33554643392562866,1266,465,75,42
1833,47.007081512075864,1410,2.0,0.4612765312194824,1620,555,84,43
1837,47.007081512075864,1410,2.0,0.5340251922607422,298,287,43,40
1847,47.007081512075864,1410,2.0,0.5080016255378723,1034,801,167,82
1852,47.007081512075864,1410,2.0,0.3720764219760895,157,152,70,46
15,47.04041986775819,1411,2.0,0.4365197420120239,1529,456,70,41
1588,47.04041986775819,1411,2.0,0.27276700735092163,1600,433,49,37
1801,47.04041986775819,1411,2.0,0.7069876790046692,388,604,103,106
1787,47.04041986775819,1411,2.0,0.609563410282135,478,502,76,65
1821,47.04041986775819,1411,2.0,0.38378381729125977,1265,464,72,43
1833,47.04041986775819,1411,2.0,0.6188890933990479,1625,552,78,45
1837,47.04041986775819,1411,2.0,0.5102007389068604,300,289,43,41
1847,47.04041986775819,1411,2.0,0.35427725315093994,1038,799,181,81
1852,47.04041986775819,1411,2.0,0.40956369042396545,152,152,64,50
15,47.073758223440514,1412,2.0,0.42308858036994934,1529,456,70,41
1588,47.073758223440514,1412,2.0,0.2714264690876007,1600,433,49,37
1801,47.073758223440514,1412,2.0,0.6075681447982788,394,613,105,107
1787,47.073758223440514,1412,2.0,0.5501294732093811,484,507,79,68
1821,47.073758223440514,1412,2.0,0.46961528062820435,1262,463,68,41
1833,47.073758223440514,1412,2.0,0.5507869124412537,1631,550,76,44
1837,47.073758223440514,1412,2.0,0.49407175183296204,303,293,45,39
1847,47.073758223440514,1412,2.0,0.2991707921028137,1053,795,164,78
1852,47.073758223440514,1412,2.0,0.3812762498855591,155,154,62,46
15,47.10709657912283,1413,2.0,0.4162452518939972,1529,456,70,41
1588,47.10709657912283,1413,2.0,0.2731814980506897,1600,433,49,37
1801,47.10709657912283,1413,2.0,0.6756118535995483,400,624,108,107
1787,47.10709657912283,1413,2.0,0.5597046613693237,489,514,82,73
1821,47.10709657912283,1413,2.0,0.5052691102027893,1261,462,65,41
1833,47.10709657912283,1413,2.0,0.4468201994895935,1635,549,76,44
1837,47.10709657912283,1413,2.0,0.41991880536079407,308,295,49,41
1847,47.10709657912283,1413,2.0,0.43883875012397766,1062,790,154,75
1852,47.10709657912283,1413,2.0,0.3162752091884613,156,153,66,50
15,47.14043493480516,1414,2.0,0.4173635244369507,1529,456,69,40
1588,47.14043493480516,1414,2.0,0.2800287902355194,1600,433,49,37
1801,47.14043493480516,1414,2.0,0.6322595477104187,406,634,112,113
1787,47.14043493480516,1414,2.0,0.5054088234901428,496,522,83,71
1821,47.14043493480516,1414,2.0,0.19438962638378143,1261,462,59,36
1833,47.14043493480516,1414,2.0,0.559334933757782,1639,547,74,42
1837,47.14043493480516,1414,2.0,0.57120281457901,309,297,47,41
1847,47.14043493480516,1414,2.0,0.45379582047462463,1072,786,148,74
1852,47.14043493480516,1414,2.0,0.23711052536964417,155,152,64,51
15,47.17377329048748,1415,2.0,0.41769129037857056,1529,456,69,40
1588,47.17377329048748,1415,2.0,0.28440341353416443,1600,433,48,36
1801,47.17377329048748,1415,2.0,0.6185185313224792,413,645,114,115
1787,47.17377329048748,1415,2.0,0.4542922377586365,502,529,84,73
1821,47.17377329048748,1415,2.0,0.16202053427696228,1260,460,55,35
1833,47.17377329048748,1415,2.0,0.43895286321640015,1636,546,65,41
1837,47.17377329048748,1415,2.0,0.6216086149215698,311,299,47,42
1847,47.17377329048748,1415,2.0,0.38410890102386475,1079,785,136,74
1852,47.17377329048748,1415,2.0,0.24997827410697937,153,153,61,52
15,47.20711164616981,1416,2.0,0.39426538348197937,1529,456,69,39
1588,47.20711164616981,1416,2.0,0.2816733419895172,1600,433,48,36
1801,47.20711164616981,1416,2.0,0.5017297267913818,421,657,114,119
1787,47.20711164616981,1416,2.0,0.6410875916481018,510,537,86,75
1821,47.20711164616981,1416,2.0,0.15749792754650116,1260,460,45,35
1833,47.20711164616981,1416,2.0,0.5397073030471802,1644,545,69,39
1837,47.20711164616981,1416,2.0,0.6798941493034363,314,302,48,41
1847,47.20711164616981,1416,2.0,0.49539482593536377,1089,779,139,80
1852,47.20711164616981,1416,2.0,0.28694483637809753,154,152,65,53
15,47.240450001852125,1417,2.0,0.3934507668018341,1529,456,69,39
1588,47.240450001852125,1417,2.0,0.29975056648254395,1600,433,48,36
1801,47.240450001852125,1417,2.0,0.6043054461479187,426,668,118,121
1787,47.240450001852125,1417,2.0,0.38909712433815,516,544,89,78
1821,47.240450001852125,1417,2.0,0.2409796565771103,1260,459,40,33
1833,47.240450001852125,1417,2.0,0.585056483745575,1648,543,70,39
1837,47.240450001852125,1417,2.0,0.6575925350189209,315,304,47,40
1847,47.240450001852125,1417,2.0,0.5956366062164307,1097,775,138,80
1852,47.240450001852125,1417,2.0,0.2818072736263275,157,154,72,52
15,47.27378835753445,1418,2.0,0.4106161594390869,1529,456,69,39
1588,47.27378835753445,1418,2.0,0.28158363699913025,1600,433,48,36
1801,47.27378835753445,1418,2.0,0.6140007972717285,434,681,121,128
1787,47.27378835753445,1418,2.0,0.33490800857543945,525,553,90,81
1821,47.27378835753445,1418,2.0,0.1762617826461792,1258,457,36,35
1833,47.27378835753445,1418,2.0,0.6075399518013,1654,541,74,40
1837,47.27378835753445,1418,2.0,0.6660720705986023,316,306,47,41
1847,47.27378835753445,1418,2.0,0.5124829411506653,1103,773,143,77
1852,47.27378835753445,1418,2.0,0.172259122133255,155,153,70,54
15,47.307126713216775,1419,2.0,0.42991992831230164,1529,456,69,39
1588,47.307126713216775,1419,2.0,0.28410056233406067,1600,433,48,36
1801,47.307126713216775,1419,2.0,0.7157421112060547,444,693,123,129
1787,47.307126713216775,1419,2.0,0.4696934223175049,533,561,93,82
1821,47.307126713216775,1419,2.0,0.2516656517982483,1254,456,37,34
1833,47.307126713216775,1419,2.0,0.523712694644928,1657,538,72,40
1837,47.307126713216775,1419,2.0,0.558795154094696,318,310,46,43
1847,47.307126713216775,1419,2.0,0.4932085871696472,1110,770,142,74
1852,47.307126713216775,1419,2.0,0.15272054076194763,155,154,66,53
15,47.3404650688991,1420,2.0,0.41902005672454834,1529,456,69,39
1588,47.3404650688991,1420,2.0,0.2875567674636841,1600,433,48,36
1801,47.3404650688991,1420,2.0,0.7230064868927002,451,706,127,134
1787,47.3404650688991,1420,7.0,0.3764972984790802,540,570,93,83
1821,47.3404650688991,1420,2.0,0.2656729817390442,1252,455,36,33
1833,47.3404650688991,1420,2.0,0.45780298113822937,1663,536,80,42
1837,47.3404650688991,1420,2.0,0.564268946647644,321,313,48,46
1847,47.3404650688991,1420,2.0,0.5594322085380554,1117,767,140,72
1852,47.3404650688991,1420,2.0,0.4193671643733978,159,157,68,51
15,47.37380342458142,1421,2.0,0.42793893814086914,1529,456,69,39
1588,47.37380342458142,1421,2.0,0.2920908033847809,1600,433,48,36
1801,47.37380342458142,1421,2.0,0.6612620949745178,459,719,132,137
1787,47.37380342458142,1421,2.0,0.466679185628891,549,580,95,85
1821,47.37380342458142,1421,2.0,0.3068147897720337,1250,453,33,32
1833,47.37380342458142,1421,2.0,0.48936954140663147,1668,534,79,44
1837,47.37380342458142,1421,2.0,0.6521648168563843,323,315,49,46
1847,47.37380342458142,1421,2.0,0.5594536662101746,1123,764,134,74
1852,47.37380342458142,1421,2.0,0.48657408356666565,161,158,73,50
15,47.40714178026374,1422,2.0,0.41169974207878113,1529,456,69,39
1588,47.40714178026374,1422,2.0,0.2846253216266632,1600,433,48,36
1801,47.40714178026374,1422,2.0,0.7521155476570129,468,733,133,140
1787,47.40714178026374,1422,2.0,0.5790466070175171,557,588,95,88
1821,47.40714178026374,1422,2.0,0.2551841139793396,1248,450,30,34
1833,47.40714178026374,1422,2.0,0.41323477029800415,1668,534,69,41
1837,47.40714178026374,1422,2.0,0.5624649524688721,327,318,52,48
1847,47.40714178026374,1422,2.0,0.660298228263855,1128,760,132,75
1852,47.40714178026374,1422,2.0,0.3822493255138397,162,160,70,48
15,47.44048013594607,1423,2.0,0.38011765480041504,1529,456,69,40
1588,47.44048013594607,1423,2.0,0.2800576388835907,1600,433,48,36
1801,47.44048013594607,1423,2.0,0.8102872371673584,478,748,137,145
1787,47.44048013594607,1423,2.0,0.48715871572494507,566,600,99,89
1821,47.44048013594607,1423,2.0,0.15590737760066986,1244,446,36,40
1833,47.44048013594607,1423,2.0,0.44150862097740173,1674,533,70,39
1837,47.44048013594607,1423,2.0,0.5947533249855042,328,321,53,48
1847,47.44048013594607,1423,2.0,0.6374946236610413,1133,758,129,73
1852,47.44048013594607,1423,2.0,0.37166252732276917,161,165,64,43
15,47.47381849162839,1424,2.0,0.36907655000686646,1529,456,69,40
1588,47.47381849162839,1424,2.0,0.273634672164917,1600,433,48,36
1801,47.47381849162839,1424,2.0,0.40995070338249207,487,764,141,152
1787,47.47381849162839,1424,2.0,0.4576787054538727,576,611,103,90
1833,47.47381849162839,1424,2.0,0.5098475813865662,1676,532,70,38
1837,47.47381849162839,1424,2.0,0.657059371471405,330,324,55,47
1847,47.47381849162839,1424,2.0,0.6819069385528564,1139,756,121,73
1852,47.47381849162839,1424,2.0,0.4003101885318756,160,165,64,47
15,47.50715684731071,1425,2.0,0.3779067397117615,1529,456,69,39
1588,47.50715684731071,1425,2.0,0.28775861859321594,1600,433,48,36
1801,47.50715684731071,1425,2.0,0.6119772791862488,498,780,146,155
1787,47.50715684731071,1425,2.0,0.6473507285118103,586,621,106,94
1833,47.50715684731071,1425,2.0,0.48519542813301086,1678,531,65,36
1837,47.50715684731071,1425,2.0,0.6005441546440125,332,326,55,47
1847,47.50715684731071,1425,2.0,0.6462533473968506,1142,755,122,71
1852,47.50715684731071,1425,2.0,0.12713463604450226,163,165,76,46
15,47.540495202993036,1426,2.0,0.36838459968566895,1529,456,69,39
1588,47.540495202993036,1426,2.0,0.28888851404190063,1600,433,48,36
1801,47.540495202993036,1426,2.0,0.5720750093460083,508,797,148,160
1787,47.540495202993036,1426,2.0,0.6041314601898193,596,632,107,96
1833,47.540495202993036,1426,2.0,0.4245240390300751,1690,527,65,35
1837,47.540495202993036,1426,2.0,0.4781861901283264,334,328,52,47
1847,47.540495202993036,1426,2.0,0.42773470282554626,1146,752,121,67
1852,47.540495202993036,1426,2.0,0.13311152160167694,166,163,83,51
15,47.57383355867536,1427,2.0,0.3481820523738861,1529,456,69,39
1588,47.57383355867536,1427,2.0,0.29207977652549744,1600,432,48,36
1801,47.57383355867536,1427,2.0,0.7449190020561218,519,815,154,166
1787,47.57383355867536,1427,2.0,0.716386616230011,606,644,110,102
1833,47.57383355867536,1427,2.0,0.3385865092277527,1695,526,66,34
1837,47.57383355867536,1427,2.0,0.5254563689231873,337,332,52,48
1847,47.57383355867536,1427,2.0,0.23516514897346497,1154,750,112,64
1852,47.57383355867536,1427,2.0,0.1985372006893158,165,163,82,52
15,47.607171914357686,1428,2.0,0.33381256461143494,1529,456,69,39
1588,47.607171914357686,1428,2.0,0.2890309691429138,1600,432,48,36
1801,47.607171914357686,1428,2.0,0.5943827629089355,530,833,158,172
1787,47.607171914357686,1428,2.0,0.655308723449707,617,655,114,103
1833,47.607171914357686,1428,2.0,0.4327543377876282,1699,525,62,34
1837,47.607171914357686,1428,2.0,0.6752086877822876,341,336,54,49
1847,47.607171914357686,1428,2.0,0.1480461061000824,1158,749,109,61
1852,47.607171914357686,1428,2.0,0.22562865912914276,157,164,67,54
15,47.64051027004001,1429,2.0,0.3438127636909485,1529,456,69,39
1588,47.64051027004001,1429,2.0,0.28370580077171326,1600,432,48,36
1801,47.64051027004001,1429,2.0,0.7023885250091553,542,849,161,171
1787,47.64051027004001,1429,2.0,0.8052271604537964,629,668,118,107
1833,47.64051027004001,1429,2.0,0.10819906741380692,1712,524,46,34
1837,47.64051027004001,1429,2.0,0.7354366183280945,343,339,55,48
1852,47.64051027004001,1429,2.0,0.12019776552915573,153,163,62,61
15,47.67384862572233,1430,2.0,0.3530377745628357,1529,456,69,39
1588,47.67384862572233,1430,2.0,0.28474748134613037,1600,432,48,36
1801,47.67384862572233,1430,2.0,0.5463623404502869,551,861,161,160
1787,47.67384862572233,1430,2.0,0.5605136752128601,640,681,121,109
1833,47.67384862572233,1430,2.0,0.2333487570285797,1711,522,58,35
1837,47.67384862572233,1430,2.0,0.6515700817108154,344,341,55,50
1852,47.67384862572233,1430,2.0,0.17109405994415283,152,167,47,53
15,47.707186981404654,1431,2.0,0.36219096183776855,1529,456,69,40
1588,47.707186981404654,1431,2.0,0.29838135838508606,1600,432,48,36
1801,47.707186981404654,1431,2.0,0.27878475189208984,562,876,160,153
1787,47.707186981404654,1431,2.0,0.4811502993106842,653,694,124,115
1833,47.707186981404654,1431,2.0,0.1819894015789032,1712,520,61,34
1837,47.707186981404654,1431,2.0,0.5582181215286255,348,344,57,52
1852,47.707186981404654,1431,2.0,0.18158341944217682,152,169,44,49
15,47.74052533708698,1432,2.0,0.3666152060031891,1529,456,69,39
1588,47.74052533708698,1432,2.0,0.29947561025619507,1600,432,48,36
1801,47.74052533708698,1432,7.0,0.1774936318397522,584,912,181,192
1787,47.74052533708698,1432,7.0,0.45093944668769836,666,709,126,118
1833,47.74052533708698,1432,2.0,0.3764294683933258,1714,518,66,34
1837,47.74052533708698,1432,2.0,0.6934200525283813,351,348,57,52
1852,47.74052533708698,1432,2.0,0.11380734294652939,151,169,46,51
15,47.773863692769304,1433,2.0,0.3762557804584503,1529,456,69,39
1588,47.773863692769304,1433,2.0,0.30155062675476074,1600,432,48,36
1801,47.773863692769304,1433,2.0,0.3067663013935089,604,936,197,202
1787,47.773863692769304,1433,2.0,0.6450613737106323,680,724,129,122
1833,47.773863692769304,1433,2.0,0.4212769865989685,1715,517,67,33
1837,47.773863692769304,1433,2.0,0.7629142999649048,351,351,55,55
1852,47.773863692769304,1433,2.0,0.11562774330377579,149,165,49,63
15,47.80720204845162,1434,2.0,0.33921170234680176,1529,455,69,39
1588,47.80720204845162,1434,2.0,0.3031444251537323,1600,432,48,36
1787,47.80720204845162,1434,2.0,0.6288631558418274,695,740,135,126
1833,47.80720204845162,1434,2.0,0.33885225653648376,1718,514,67,34
1837,47.80720204845162,1434,2.0,0.5553403496742249,355,355,58,55
15,47.84054040413395,1435,2.0,0.3277099132537842,1529,456,69,39
1588,47.84054040413395,1435,2.0,0.29460999369621277,1600,432,48,36
1787,47.84054040413395,1435,2.0,0.4844353199005127,709,756,139,133
1833,47.84054040413395,1435,2.0,0.23559339344501495,1720,513,65,36
1837,47.84054040413395,1435,2.0,0.4786592125892639,359,360,60,55
15,47.87387875981627,1436,2.0,0.3512917459011078,1529,456,69,39
1588,47.87387875981627,1436,2.0,0.3008326292037964,1600,432,48,36
1787,47.87387875981627,1436,7.0,0.554685115814209,725,773,144,137
1833,47.87387875981627,1436,2.0,0.34390872716903687,1723,511,62,37
1837,47.87387875981627,1436,2.0,0.5307762026786804,360,364,57,56
15,47.9072171154986,1437,2.0,0.3544507622718811,1529,456,69,39
1588,47.9072171154986,1437,2.0,0.30203554034233093,1600,432,48,36
1787,47.9072171154986,1437,2.0,0.549038290977478,742,791,147,141
1833,47.9072171154986,1437,2.0,0.40171897411346436,1730,510,66,37
1837,47.9072171154986,1437,2.0,0.5847946405410767,363,367,55,54
1904,47.9072171154986,1437,2.0,0.35446229577064514,1179,430,65,42
15,47.940555471180915,1438,2.0,0.359406054019928,1529,456,69,39
1588,47.940555471180915,1438,2.0,0.3076055645942688,1600,432,48,36
1787,47.940555471180915,1438,2.0,0.4604388177394867,759,809,153,149
1833,47.940555471180915,1438,2.0,0.5837558507919312,1735,508,66,37
1837,47.940555471180915,1438,2.0,0.4820307791233063,368,371,59,57
1904,47.940555471180915,1438,2.0,0.24469827115535736,1177,430,59,42
15,47.97389382686324,1439,2.0,0.33719393610954285,1529,456,68,39
1588,47.97389382686324,1439,2.0,0.30761590600013733,1600,432,48,36
1787,47.97389382686324,1439,2.0,0.5713070034980774,778,829,159,153
1833,47.97389382686324,1439,2.0,0.5720951557159424,1740,505,69,37
1837,47.97389382686324,1439,2.0,0.5719358921051025,370,374,56,56
1904,47.97389382686324,1439,2.0,0.1489831805229187,1176,429,55,43
15,48.007232182545565,1440,2.0,0.4036026895046234,1529,456,68,39
1588,48.007232182545565,1440,2.0,0.3230454921722412,1600,432,48,36
1787,48.007232182545565,1440,2.0,0.6029804348945618,798,849,166,157
1833,48.007232182545565,1440,2.0,0.6238780617713928,1743,504,68,37
1837,48.007232182545565,1440,2.0,0.6641728281974792,372,378,56,59
1904,48.007232182545565,1440,2.0,0.2634478211402893,1178,428,48,42
15,48.04057053822789,1441,2.0,0.36219534277915955,1529,456,68,39
1588,48.04057053822789,1441,2.0,0.313886821269989,1600,432,48,36
1787,48.04057053822789,1441,2.0,0.11305481940507889,819,875,175,170
1833,48.04057053822789,1441,2.0,0.7022324204444885,1746,503,66,36
1837,48.04057053822789,1441,2.0,0.4826822280883789,377,384,61,60
1904,48.04057053822789,1441,2.0,0.26750215888023376,1176,428,47,40
15,48.07390889391021,1442,2.0,0.35261857509613037,1529,456,68,39
1588,48.07390889391021,1442,2.0,0.3164445757865906,1600,432,47,36
1787,48.07390889391021,1442,7.0,0.4708012044429779,838,897,176,174
1833,48.07390889391021,1442,2.0,0.6346388459205627,1746,502,60,35
1837,48.07390889391021,1442,2.0,0.49921777844429016,381,388,62,59
1904,48.07390889391021,1442,2.0,0.16984258592128754,1175,427,44,38
15,48.10724724959253,1443,2.0,0.3463115692138672,1529,456,68,39
1588,48.10724724959253,1443,2.0,0.32142776250839233,1600,432,47,36
1833,48.10724724959253,1443,2.0,0.4993903934955597,1748,501,58,34
1837,48.10724724959253,1443,2.0,0.45439815521240234,383,392,60,60
1904,48.10724724959253,1443,2.0,0.1927388608455658,1174,426,43,37
15,48.14058560527486,1444,2.0,0.31986263394355774,1529,456,68,39
1588,48.14058560527486,1444,2.0,0.3167582154273987,1600,432,47,36
1833,48.14058560527486,1444,2.0,0.5352334380149841,1755,499,66,33
1837,48.14058560527486,1444,2.0,0.5414701104164124,385,396,60,61
1904,48.14058560527486,1444,2.0,0.10502756386995316,1171,426,42,38
15,48.17392396095718,1445,2.0,0.3569813072681427,1529,456,69,40
1588,48.17392396095718,1445,2.0,0.32245969772338867,1600,432,48,36
1833,48.17392396095718,1445,2.0,0.5671103596687317,1760,498,70,32
1837,48.17392396095718,1445,2.0,0.7382680773735046,390,400,62,61
15,48.2072623166395,1446,2.0,0.3719654381275177,1529,456,69,39
1588,48.2072623166395,1446,2.0,0.31843507289886475,1600,432,48,36
1833,48.2072623166395,1446,2.0,0.5689582824707031,1761,498,59,31
1837,48.2072623166395,1446,2.0,0.6675353050231934,394,404,63,65
15,48.240600672321825,1447,2.0,0.35913407802581787,1529,456,69,39
1588,48.240600672321825,1447,2.0,0.31873008608818054,1600,432,48,36
1833,48.240600672321825,1447,2.0,0.6205122470855713,1762,496,50,32
1837,48.240600672321825,1447,2.0,0.678115725517273,398,407,63,66
15,48.27393902800415,1448,2.0,0.33584076166152954,1529,456,69,39
1588,48.27393902800415,1448,2.0,0.310025691986084,1600,432,48,36
1833,48.27393902800415,1448,2.0,0.4652975797653198,1769,494,57,31
1837,48.27393902800415,1448,2.0,0.4118829071521759,403,414,62,61
15,48.307277383686476,1449,2.0,0.37674692273139954,1529,456,69,39
1588,48.307277383686476,1449,2.0,0.3085364103317261,1600,432,48,36
1833,48.307277383686476,1449,2.0,0.5386658906936646,1768,494,47,30
1837,48.307277383686476,1449,2.0,0.5113438963890076,407,420,63,64
15,48.34061573936879,1450,2.0,0.37867963314056396,1529,456,69,40
1588,48.34061573936879,1450,2.0,0.2966267764568329,1600,433,48,36
1833,48.34061573936879,1450,2.0,0.30920904874801636,1773,492,54,31
1837,48.34061573936879,1450,2.0,0.5697558522224426,412,427,67,65
15,48.37395409505112,1451,2.0,0.32394105195999146,1529,456,69,40
1588,48.37395409505112,1451,2.0,0.2959372103214264,1600,432,48,36
1833,48.37395409505112,1451,2.0,0.2562282979488373,1777,491,57,32
1837,48.37395409505112,1451,2.0,0.36843499541282654,416,431,69,68
15,48.40729245073344,1452,2.0,0.37184494733810425,1529,456,69,40
1588,48.40729245073344,1452,2.0,0.28828293085098267,1600,433,48,36
1833,48.40729245073344,1452,2.0,0.3213430941104889,1782,489,63,35
1837,48.40729245073344,1452,2.0,0.49781081080436707,422,438,69,67
15,48.44063080641577,1453,2.0,0.32054853439331055,1529,456,69,40
1588,48.44063080641577,1453,2.0,0.274617999792099,1600,433,48,36
1833,48.44063080641577,1453,2.0,0.28038290143013,1788,487,65,37
1837,48.44063080641577,1453,2.0,0.5250986814498901,427,445,70,67
1922,48.44063080641577,1453,2.0,0.4706277847290039,1029,806,159,77
15,48.47396916209809,1454,2.0,0.3161618113517761,1529,456,69,41
1588,48.47396916209809,1454,2.0,0.27296680212020874,1600,433,48,36
1833,48.47396916209809,1454,2.0,0.2875122129917145,1792,486,66,38
1837,48.47396916209809,1454,2.0,0.36709344387054443,432,450,71,69
1922,48.47396916209809,1454,2.0,0.5877404808998108,1030,803,163,77
1926,48.47396916209809,1454,2.0,0.3380318880081177,1900,582,37,42
15,48.50730751778041,1455,2.0,0.33025455474853516,1529,456,69,40
1588,48.50730751778041,1455,2.0,0.2604026794433594,1600,433,48,36
1833,48.50730751778041,1455,2.0,0.40557584166526794,1792,485,55,35
1837,48.50730751778041,1455,2.0,0.5042291879653931,437,456,71,69
1922,48.50730751778041,1455,2.0,0.47393351793289185,1040,799,162,74
1926,48.50730751778041,1455,2.0,0.34435519576072693,1900,583,38,42
1928,48.50730751778041,1455,2.0,0.6558168530464172,1812,796,214,118
1929,48.50730751778041,1455,2.0,0.3537680208683014,1406,532,60,38
15,48.540645873462736,1456,2.0,0.3858581781387329,1529,456,70,41
1588,48.540645873462736,1456,2.0,0.27149853110313416,1600,433,48,36
1833,48.540645873462736,1456,2.0,0.49351394176483154,1795,484,58,34
1837,48.540645873462736,1456,2.0,0.5718027949333191,441,462,70,70
1922,48.540645873462736,1456,2.0,0.57806396484375,1055,795,150,73
1926,48.540645873462736,1456,2.0,0.395788311958313,1900,583,38,42
1928,48.540645873462736,1456,2.0,0.8161314725875854,1782,781,221,114
1929,48.540645873462736,1456,2.0,0.4792468249797821,1404,531,63,38
15,48.57398422914506,1457,2.0,0.38532766699790955,1529,456,70,40
1588,48.57398422914506,1457,2.0,0.2740243673324585,1600,433,48,36
1833,48.57398422914506,1457,2.0,0.4957374334335327,1798,483,54,34
1837,48.57398422914506,1457,2.0,0.6290525197982788,446,469,76,71
1922,48.57398422914506,1457,2.0,0.5666624307632446,1063,792,150,71
1926,48.57398422914506,1457,2.0,0.3809511959552765,1899,583,38,42
1928,48.57398422914506,1457,2.0,0.7993786931037903,1741,762,217,109
1929,48.57398422914506,1457,2.0,0.5469292998313904,1403,529,67,39
15,48.607322584827386,1458,2.0,0.3904719948768616,1529,456,69,40
1588,48.607322584827386,1458,2.0,0.2677113115787506,1600,433,48,36
1833,48.607322584827386,1458,2.0,0.5077603459358215,1803,481,60,34
1837,48.607322584827386,1458,2.0,0.5229411721229553,451,475,78,72
1922,48.607322584827386,1458,2.0,0.5810433030128479,1071,788,146,72
1926,48.607322584827386,1458,2.0,0.3824612498283386,1899,583,39,41
1928,48.607322584827386,1458,2.0,0.714104950428009,1699,743,208,103
1929,48.607322584827386,1458,2.0,0.5176966190338135,1400,527,61,39
15,48.640660940509704,1459,2.0,0.3769097626209259,1529,456,69,40
1588,48.640660940509704,1459,2.0,0.27674436569213867,1600,433,48,36
1833,48.640660940509704,1459,2.0,0.6064900159835815,1809,480,61,34
1837,48.640660940509704,1459,2.0,0.6077843308448792,457,481,78,72
1922,48.640660940509704,1459,2.0,0.5259689688682556,1079,786,140,74
1926,48.640660940509704,1459,2.0,0.3504181504249573,1899,583,39,41
1928,48.640660940509704,1459,2.0,0.7686269283294678,1660,727,199,99
1929,48.640660940509704,1459,2.0,0.5782307386398315,1398,524,64,45
15,48.67399929619203,1460,2.0,0.3980313837528229,1529,456,69,41
1588,48.67399929619203,1460,2.0,0.2703690230846405,1600,433,48,36
1833,48.67399929619203,1460,2.0,0.59233158826828,1811,479,64,33
1837,48.67399929619203,1460,2.0,0.6588326692581177,462,488,78,73
1922,48.67399929619203,1460,2.0,0.5228621959686279,1089,780,137,78
1926,48.67399929619203,1460,2.0,0.35398435592651367,1899,583,39,41
1928,48.67399929619203,1460,2.0,0.7629131078720093,1622,712,191,96
1929,48.67399929619203,1460,2.0,0.6361268758773804,1397,522,63,49
15,48.707337651874354,1461,2.0,0.4049108624458313,1529,456,69,41
1588,48.707337651874354,1461,2.0,0.2683444619178772,1600,433,48,36
1833,48.707337651874354,1461,2.0,0.6719731688499451,1814,477,62,32
1837,48.707337651874354,1461,2.0,0.4523417055606842,468,495,79,74
1922,48.707337651874354,1461,2.0,0.5917255282402039,1097,776,137,79
1926,48.707337651874354,1461,2.0,0.35727357864379883,1899,583,39,42
1928,48.707337651874354,1461,2.0,0.7511879801750183,1588,698,183,92
1929,48.707337651874354,1461,2.0,0.529330849647522,1396,520,60,48
15,48.74067600755668,1462,2.0,0.4033221900463104,1529,456,69,41
1588,48.74067600755668,1462,2.0,0.2706010341644287,1600,433,48,36
1833,48.74067600755668,1462,2.0,0.5769217014312744,1816,476,59,30
1837,48.74067600755668,1462,2.0,0.44093042612075806,474,503,81,77
1922,48.74067600755668,1462,2.0,0.6026358604431152,1104,772,139,79
1926,48.74067600755668,1462,2.0,0.33779847621917725,1899,583,40,42
1928,48.74067600755668,1462,2.0,0.7757236361503601,1556,683,174,91
1929,48.74067600755668,1462,2.0,0.6300654411315918,1394,520,62,50
15,48.774014363239,1463,2.0,0.3989684283733368,1529,456,70,41
1588,48.774014363239,1463,2.0,0.2727070450782776,1600,433,49,37
1833,48.774014363239,1463,2.0,0.5890920758247375,1816,475,57,29
1837,48.774014363239,1463,2.0,0.43796947598457336,480,509,82,80
1922,48.774014363239,1463,2.0,0.47869232296943665,1110,771,140,76
1926,48.774014363239,1463,2.0,0.2662460505962372,1898,582,40,42
1928,48.774014363239,1463,2.0,0.7794110774993896,1524,671,170,88
1929,48.774014363239,1463,2.0,0.5054848194122314,1391,519,66,51
15,48.80735271892132,1464,2.0,0.42069533467292786,1529,457,70,42
1588,48.80735271892132,1464,2.0,0.2620593011379242,1600,433,49,37
1833,48.80735271892132,1464,2.0,0.4505385458469391,1819,475,51,29
1837,48.80735271892132,1464,2.0,0.574926495552063,486,515,84,84
1922,48.80735271892132,1464,2.0,0.5898709297180176,1116,768,141,71
1926,48.80735271892132,1464,2.0,0.2783154249191284,1898,582,41,42
1928,48.80735271892132,1464,2.0,0.8122442364692688,1496,658,166,87
1929,48.80735271892132,1464,2.0,0.5564730167388916,1390,517,64,48
15,48.84069107460365,1465,2.0,0.42169973254203796,1529,456,70,40
1588,48.84069107460365,1465,2.0,0.21549580991268158,1600,433,48,37
1833,48.84069107460365,1465,2.0,0.3436260223388672,1822,472,56,30
1837,48.84069107460365,1465,2.0,0.5407543182373047,493,523,89,87
1922,48.84069107460365,1465,2.0,0.610573410987854,1124,764,138,73
1926,48.84069107460365,1465,2.0,0.32942458987236023,1898,582,40,42
1928,48.84069107460365,1465,2.0,0.7479429244995117,1467,646,161,84
1929,48.84069107460365,1465,2.0,0.5991415977478027,1387,514,64,47
15,48.87402943028597,1466,2.0,0.4291525185108185,1529,456,70,39
1588,48.87402943028597,1466,2.0,0.21585138142108917,1599,433,47,37
1833,48.87402943028597,1466,2.0,0.47786611318588257,1826,471,56,31
1837,48.87402943028597,1466,2.0,0.5417457818984985,499,530,89,88
1922,48.87402943028597,1466,2.0,0.6010414361953735,1130,762,136,73
1926,48.87402943028597,1466,2.0,0.34823569655418396,1899,582,40,43
1928,48.87402943028597,1466,2.0,0.6869093179702759,1440,634,151,84
1929,48.87402943028597,1466,2.0,0.6428675055503845,1386,513,60,46
15,48.90736778596829,1467,2.0,0.42834335565567017,1529,456,70,39
1588,48.90736778596829,1467,2.0,0.2125459760427475,1599,433,47,37
1833,48.90736778596829,1467,2.0,0.4491727352142334,1831,470,59,31
1837,48.90736778596829,1467,2.0,0.42711618542671204,507,538,91,91
1922,48.90736778596829,1467,2.0,0.6764464974403381,1134,759,131,73
1926,48.90736778596829,1467,2.0,0.37176406383514404,1899,582,40,43
1928,48.90736778596829,1467,2.0,0.6978404521942139,1414,622,148,79
1929,48.90736778596829,1467,2.0,0.6449065804481506,1384,511,62,46
15,48.940706141650615,1468,2.0,0.4390198290348053,1529,456,70,39
1588,48.940706141650615,1468,2.0,0.21357187628746033,1599,433,47,37
1833,48.940706141650615,1468,2.0,0.5645031929016113,1833,469,62,30
1837,48.940706141650615,1468,7.0,0.37539827823638916,516,547,96,94
1922,48.940706141650615,1468,2.0,0.6611607670783997,1141,757,127,74
1926,48.940706141650615,1468,2.0,0.34947332739830017,1898,582,40,43
1928,48.940706141650615,1468,2.0,0.47230175137519836,1388,612,146,73
1929,48.940706141650615,1468,2.0,0.650858998298645,1381,509,66,46
15,48.97404449733294,1469,2.0,0.45716702938079834,1529,456,70,39
1588,48.97404449733294,1469,2.0,0.20801092684268951,1599,433,47,37
1833,48.97404449733294,1469,2.0,0.4703764021396637,1834,468,60,31
1837,48.97404449733294,1469,7.0,0.41917210817337036,522,555,96,93
1922,48.97404449733294,1469,2.0,0.6573120355606079,1144,755,126,72
1926,48.97404449733294,1469,2.0,0.3596116006374359,1898,582,41,44
1928,48.97404449733294,1469,2.0,0.5753326416015625,1365,602,139,73
1929,48.97404449733294,1469,2.0,0.5165395140647888,1378,508,66,46
15,49.007382853015265,1470,2.0,0.43732357025146484,1529,456,70,39
1588,49.007382853015265,1470,2.0,0.20833775401115417,1599,433,47,37
1833,49.007382853015265,1470,2.0,0.2720309793949127,1837,466,57,32
1837,49.007382853015265,1470,7.0,0.358535498380661,529,563,96,95
1922,49.007382853015265,1470,2.0,0.5219354629516602,1151,754,122,67
1926,49.007382853015265,1470,2.0,0.3140365481376648,1898,582,40,43
1928,49.007382853015265,1470,2.0,0.6522009372711182,1343,591,134,73
1929,49.007382853015265,1470,2.0,0.558059573173523,1376,507,66,44
15,49.04072120869758,1471,2.0,0.42225196957588196,1529,456,70,38
1588,49.04072120869758,1471,2.0,0.21084770560264587,1599,433,47,37
1833,49.04072120869758,1471,2.0,0.2531353533267975,1842,465,60,33
1837,49.04072120869758,1471,2.0,0.43442824482917786,538,574,101,99
1922,49.04072120869758,1471,2.0,0.5024459362030029,1156,752,116,68
1926,49.04072120869758,1471,2.0,0.29100310802459717,1898,582,41,43
1928,49.04072120869758,1471,2.0,0.30780869722366333,1321,579,133,65
1929,49.04072120869758,1471,2.0,0.593161940574646,1376,506,59,42
15,49.07405956437991,1472,2.0,0.45289528369903564,1529,456,70,39
1588,49.07405956437991,1472,2.0,0.21166257560253143,1599,433,47,37
1833,49.07405956437991,1472,2.0,0.29987308382987976,1848,464,65,34
1837,49.07405956437991,1472,2.0,0.44121113419532776,548,584,105,100
1922,49.07405956437991,1472,2.0,0.5348251461982727,1158,749,110,66
1926,49.07405956437991,1472,2.0,0.32588833570480347,1898,581,41,44
1928,49.07405956437991,1472,2.0,0.6043195724487305,1299,571,130,66
1929,49.07405956437991,1472,2.0,0.5001025199890137,1375,505,53,42
15,49.10739792006223,1473,2.0,0.4557083249092102,1529,456,70,39
1588,49.10739792006223,1473,2.0,0.19719190895557404,1599,434,47,37
1833,49.10739792006223,1473,2.0,0.4684842526912689,1849,462,60,34
1837,49.10739792006223,1473,7.0,0.38845351338386536,558,593,108,104
1922,49.10739792006223,1473,2.0,0.4641960859298706,1163,748,105,63
1926,49.10739792006223,1473,2.0,0.35623621940612793,1898,581,41,44
1928,49.10739792006223,1473,2.0,0.6536372303962708,1279,562,128,66
1929,49.10739792006223,1473,2.0,0.6017553806304932,1370,505,59,43
15,49.14073627574456,1474,2.0,0.4664149880409241,1529,456,70,39
1588,49.14073627574456,1474,2.0,0.19878284633159637,1599,434,47,37
1833,49.14073627574456,1474,2.0,0.45125284790992737,1854,461,64,35
1837,49.14073627574456,1474,7.0,0.45496612787246704,568,605,110,105
1922,49.14073627574456,1474,2.0,0.23894555866718292,1166,747,104,60
1926,49.14073627574456,1474,2.0,0.3539271950721741,1898,581,42,44
1928,49.14073627574456,1474,2.0,0.7239192128181458,1257,554,123,63
1929,49.14073627574456,1474,2.0,0.5733910799026489,1370,502,54,41
15,49.174074631426876,1475,2.0,0.4580307602882385,1529,456,70,39
1588,49.174074631426876,1475,2.0,0.20506012439727783,1599,433,47,37
1833,49.174074631426876,1475,2.0,0.3829798996448517,1856,460,63,34
1837,49.174074631426876,1475,7.0,0.458670973777771,576,617,110,108
1922,49.174074631426876,1475,2.0,0.16466712951660156,1164,745,87,57
1926,49.174074631426876,1475,2.0,0.343833863735199,1898,581,42,44
1928,49.174074631426876,1475,2.0,0.5977349281311035,1238,547,117,62
1929,49.174074631426876,1475,2.0,0.5389348864555359,1362,500,63,42
15,49.2074129871092,1476,2.0,0.4710429012775421,1529,456,69,39
1588,49.2074129871092,1476,2.0,0.20336386561393738,1599,433,47,37
1833,49.2074129871092,1476,2.0,0.4835633933544159,1858,460,55,31
1837,49.2074129871092,1476,2.0,0.4865836203098297,586,628,114,109
1922,49.2074129871092,1476,2.0,0.21321716904640198,1170,746,86,53
1926,49.2074129871092,1476,2.0,0.3355294466018677,1898,581,42,44
1928,49.2074129871092,1476,2.0,0.5743959546089172,1221,538,114,64
1929,49.2074129871092,1476,2.0,0.5395057201385498,1357,496,68,41
15,49.240751342791526,1477,2.0,0.46853891015052795,1529,456,69,38
1588,49.240751342791526,1477,2.0,0.2091234177350998,1599,433,47,37
1833,49.240751342791526,1477,2.0,0.6048226952552795,1857,458,46,32
1837,49.240751342791526,1477,7.0,0.38284826278686523,595,639,114,109
1922,49.240751342791526,1477,2.0,0.15445321798324585,1167,745,72,48
1926,49.240751342791526,1477,2.0,0.324076384305954,1898,581,42,44
1928,49.240751342791526,1477,2.0,0.6283813118934631,1202,530,112,62
1929,49.240751342791526,1477,2.0,0.38825780153274536,1352,494,71,44
15,49.27408969847385,1478,2.0,0.4534960687160492,1529,456,69,38
1588,49.27408969847385,1478,2.0,0.19697943329811096,1599,433,47,37
1833,49.27408969847385,1478,2.0,0.536102294921875,1857,457,42,31
1837,49.27408969847385,1478,7.0,0.44820407032966614,607,651,120,117
1922,49.27408969847385,1478,2.0,0.10433625429868698,1173,745,54,44
1926,49.27408969847385,1478,2.0,0.3395041823387146,1898,581,42,43
1928,49.27408969847385,1478,2.0,0.6456766724586487,1186,523,107,60
1929,49.27408969847385,1478,2.0,0.44058138132095337,1351,492,69,43
15,49.307428054156176,1479,2.0,0.4596670866012573,1529,456,69,38
1588,49.307428054156176,1479,2.0,0.19922886788845062,1599,433,47,37
1833,49.307428054156176,1479,2.0,0.5995451807975769,1862,455,45,30
1837,49.307428054156176,1479,7.0,0.5421278476715088,618,665,121,120
1922,49.307428054156176,1479,2.0,0.12609122693538666,1175,743,54,39
1926,49.307428054156176,1479,2.0,0.346232533454895,1898,581,42,43
1928,49.307428054156176,1479,2.0,0.6069167256355286,1171,515,104,57
1929,49.307428054156176,1479,2.0,0.41406306624412537,1346,490,69,46
1957,49.307428054156176,1479,0.0,0.32144853472709656,623,139,42,91
15,49.340766409838494,1480,2.0,0.4533606469631195,1529,456,69,39
1588,49.340766409838494,1480,2.0,0.19214586913585663,1599,433,47,37
1833,49.340766409838494,1480,2.0,0.47683465480804443,1862,455,45,29
1837,49.340766409838494,1480,2.0,0.4564840793609619,630,679,124,125
1926,49.340766409838494,1480,2.0,0.33835527300834656,1898,581,42,43
1928,49.340766409838494,1480,2.0,0.5318949818611145,1154,508,100,55
1929,49.340766409838494,1480,2.0,0.4303325414657593,1346,490,65,44
1957,49.340766409838494,1480,0.0,0.3047323524951935,622,139,41,90
15,49.37410476552082,1481,2.0,0.44129106402397156,1529,456,69,39
1588,49.37410476552082,1481,2.0,0.19693928956985474,1599,433,47,37
1833,49.37410476552082,1481,2.0,0.5448991060256958,1860,453,39,28
1837,49.37410476552082,1481,7.0,0.570565938949585,642,693,129,131
1926,49.37410476552082,1481,2.0,0.33378922939300537,1897,581,42,43
1928,49.37410476552082,1481,2.0,0.6113952994346619,1138,502,100,55
1929,49.37410476552082,1481,2.0,0.3734383285045624,1337,488,73,45
1957,49.37410476552082,1481,0.0,0.27211010456085205,622,139,41,90
15,49.407443121203144,1482,2.0,0.4637302756309509,1529,456,69,39
1588,49.407443121203144,1482,2.0,0.20447328686714172,1599,433,47,37
1833,49.407443121203144,1482,2.0,0.417212575674057,1867,451,46,28
1837,49.407443121203144,1482,7.0,0.4460507035255432,653,706,131,135
1926,49.407443121203144,1482,2.0,0.3521924316883087,1898,581,42,43
1928,49.407443121203144,1482,2.0,0.6547274589538574,1121,494,100,55
1929,49.407443121203144,1482,2.0,0.45065590739250183,1333,487,74,46
1957,49.407443121203144,1482,0.0,0.32580986618995667,622,140,41,90
15,49.44078147688547,1483,2.0,0.4682532548904419,1529,456,69,38
1588,49.44078147688547,1483,2.0,0.2055058628320694,1599,433,47,37
1833,49.44078147688547,1483,2.0,0.4412807822227478,1870,450,50,29
1837,49.44078147688547,1483,7.0,0.5434430837631226,667,722,134,137
1926,49.44078147688547,1483,2.0,0.3536760210990906,1897,581,42,43
1928,49.44078147688547,1483,2.0,0.5892324447631836,1108,487,99,54
1929,49.44078147688547,1483,2.0,0.5493093729019165,1330,485,77,47
1957,49.44078147688547,1483,0.0,0.32093682885169983,622,139,41,90
15,49.47411983256779,1484,2.0,0.4681931436061859,1529,456,69,38
1588,49.47411983256779,1484,2.0,0.21850208938121796,1599,433,48,37
1833,49.47411983256779,1484,2.0,0.35380005836486816,1871,449,51,27
1837,49.47411983256779,1484,7.0,0.45832645893096924,683,738,140,142
1926,49.47411983256779,1484,2.0,0.32130274176597595,1898,581,42,43
1928,49.47411983256779,1484,2.0,0.6766547560691833,1094,481,97,53
1929,49.47411983256779,1484,2.0,0.5585266351699829,1327,485,80,48
1957,49.47411983256779,1484,0.0,0.29080599546432495,622,139,41,90
1962,49.47411983256779,1484,2.0,0.6332085132598877,1115,485,64,49
15,49.50745818825011,1485,2.0,0.47492796182632446,1529,456,69,38
1588,49.50745818825011,1485,2.0,0.21690163016319275,1599,433,47,37
1833,49.50745818825011,1485,2.0,0.4300557076931,1880,448,53,29
1837,49.50745818825011,1485,7.0,0.43592238426208496,697,754,142,146
1926,49.50745818825011,1485,2.0,0.34760868549346924,1898,581,42,43
1928,49.50745818825011,1485,2.0,0.6549443006515503,1076,474,87,48
1929,49.50745818825011,1485,2.0,0.45418110489845276,1326,482,75,46
1957,49.50745818825011,1485,0.0,0.31497350335121155,622,139,41,90
1962,49.50745818825011,1485,2.0,0.5659958124160767,1105,480,56,47
1966,49.50745818825011,1485,2.0,0.4850861430168152,998,809,113,61
15,49.54079654393244,1486,2.0,0.47558462619781494,1529,456,69,39
1588,49.54079654393244,1486,2.0,0.21700693666934967,1599,433,48,37
1833,49.54079654393244,1486,2.0,0.3255140483379364,1880,446,51,29
1837,49.54079654393244,1486,7.0,0.43029552698135376,715,772,148,153
1926,49.54079654393244,1486,2.0,0.34150996804237366,1897,581,42,43
1928,49.54079654393244,1486,2.0,0.7203274965286255,1064,468,88,49
1929,49.54079654393244,1486,2.0,0.48777204751968384,1322,480,78,44
1957,49.54079654393244,1486,0.0,0.34408608078956604,621,139,40,90
1966,49.54079654393244,1486,2.0,0.5066395998001099,1004,807,113,62
15,49.57413489961476,1487,2.0,0.48883840441703796,1529,456,69,39
1588,49.57413489961476,1487,2.0,0.2302177995443344,1599,433,48,37
1833,49.57413489961476,1487,2.0,0.32736921310424805,1882,446,41,28
1837,49.57413489961476,1487,7.0,0.4697323441505432,730,791,153,158
1926,49.57413489961476,1487,2.0,0.36569714546203613,1897,581,42,43
1928,49.57413489961476,1487,2.0,0.7396265268325806,1052,463,86,49
1929,49.57413489961476,1487,2.0,0.5879241824150085,1317,479,78,44
1957,49.57413489961476,1487,0.0,0.33195438981056213,621,139,40,90
1966,49.57413489961476,1487,2.0,0.5196239352226257,1010,807,110,62
15,49.60747325529708,1488,2.0,0.49857237935066223,1529,456,69,39
1588,49.60747325529708,1488,2.0,0.23802709579467773,1599,433,48,37
1833,49.60747325529708,1488,2.0,0.21992610394954681,1888,446,41,28
1837,49.60747325529708,1488,7.0,0.42524951696395874,747,810,155,164
1926,49.60747325529708,1488,2.0,0.3643294870853424,1897,580,42,44
1928,49.60747325529708,1488,2.0,0.6883147954940796,1039,458,86,49
1929,49.60747325529708,1488,2.0,0.6536306142807007,1313,477,76,42
1957,49.60747325529708,1488,0.0,0.35327470302581787,621,139,40,89
1966,49.60747325529708,1488,2.0,0.450944185256958,1011,805,121,67
15,49.640811610979405,1489,2.0,0.4963928461074829,1529,456,70,39
1588,49.640811610979405,1489,2.0,0.23590335249900818,1600,433,48,37
1833,49.640811610979405,1489,2.0,0.1656300127506256,1891,446,44,28
1837,49.640811610979405,1489,7.0,0.2898105978965759,766,829,165,167
1926,49.640811610979405,1489,2.0,0.3263724744319916,1898,580,42,45
1928,49.640811610979405,1489,2.0,0.6991804242134094,1027,453,86,50
1929,49.640811610979405,1489,2.0,0.6347362995147705,1309,477,77,45
1957,49.640811610979405,1489,0.0,0.3095450699329376,622,139,41,89
1966,49.640811610979405,1489,2.0,0.3139042854309082,1015,805,130,72
15,49.67414996666173,1490,2.0,0.483109712600708,1529,456,70,39
1588,49.67414996666173,1490,2.0,0.23133261501789093,1600,433,48,37
1833,49.67414996666173,1490,2.0,0.2692224085330963,1893,443,47,30
1837,49.67414996666173,1490,7.0,0.26220133900642395,784,846,168,166
1926,49.67414996666173,1490,2.0,0.2997117340564728,1898,580,42,46
1928,49.67414996666173,1490,2.0,0.6541826725006104,1014,448,86,48
1929,49.67414996666173,1490,2.0,0.5953595638275146,1305,475,76,44
1957,49.67414996666173,1490,0.0,0.22849994897842407,622,139,41,89
1966,49.67414996666173,1490,2.0,0.32252684235572815,1019,803,137,74
15,49.707488322344055,1491,2.0,0.46586936712265015,1529,455,69,38
1588,49.707488322344055,1491,2.0,0.22299182415008545,1600,433,48,37
1833,49.707488322344055,1491,2.0,0.2650919556617737,1895,441,47,32
1837,49.707488322344055,1491,7.0,0.10053310543298721,801,857,164,150
1926,49.707488322344055,1491,2.0,0.2911674380302429,1898,579,41,46
1928,49.707488322344055,1491,2.0,0.7464461326599121,1003,441,84,48
1929,49.707488322344055,1491,2.0,0.49282413721084595,1301,474,76,43
1957,49.707488322344055,1491,0.0,0.10414084047079086,622,138,41,88
1966,49.707488322344055,1491,2.0,0.36015889048576355,1022,803,144,79
15,49.74082667802637,1492,2.0,0.49817585945129395,1529,455,69,37
1588,49.74082667802637,1492,2.0,0.21483728289604187,1600,433,48,37
1833,49.74082667802637,1492,2.0,0.19612295925617218,1897,440,45,32
1926,49.74082667802637,1492,2.0,0.3103785216808319,1898,579,42,46
1928,49.74082667802637,1492,2.0,0.6244024634361267,991,437,82,47
1929,49.74082667802637,1492,2.0,0.6372296810150146,1297,473,74,41
1957,49.74082667802637,1492,0.0,0.18718069791793823,622,139,41,88
1966,49.74082667802637,1492,2.0,0.5123835206031799,1027,801,154,80
15,49.7741650337087,1493,2.0,0.46636900305747986,1529,455,69,37
1588,49.7741650337087,1493,2.0,0.23513050377368927,1600,433,48,37
1833,49.7741650337087,1493,2.0,0.18526290357112885,1898,439,43,32
1926,49.7741650337087,1493,2.0,0.29865336418151855,1898,580,42,45
1928,49.7741650337087,1493,2.0,0.6625391244888306,980,433,81,46
1929,49.7741650337087,1493,2.0,0.2776232957839966,1293,470,73,41
1957,49.7741650337087,1493,0.0,0.15055105090141296,622,139,40,88
1966,49.7741650337087,1493,2.0,0.4690941572189331,1036,797,151,77
1977,49.7741650337087,1493,7.0,0.45036786794662476,862,926,212,206
15,49.80750338939102,1494,2.0,0.44646406173706055,1529,455,69,38
1588,49.80750338939102,1494,2.0,0.22155243158340454,1600,433,48,37
1926,49.80750338939102,1494,2.0,0.2939649224281311,1898,579,42,46
1928,49.80750338939102,1494,2.0,0.5570651292800903,974,429,72,43
1929,49.80750338939102,1494,2.0,0.2175624668598175,1289,468,75,41
1957,49.80750338939102,1494,0.0,0.11799457669258118,622,139,40,88
1966,49.80750338939102,1494,2.0,0.4235101640224457,1042,794,150,75
15,49.84084174507335,1495,2.0,0.45665350556373596,1529,455,69,37
1588,49.84084174507335,1495,2.0,0.22630220651626587,1600,433,48,37
1926,49.84084174507335,1495,2.0,0.2569279372692108,1898,579,41,47
1928,49.84084174507335,1495,2.0,0.4851851761341095,960,423,75,42
1929,49.84084174507335,1495,2.0,0.22565749287605286,1285,464,77,39
1966,49.84084174507335,1495,2.0,0.23052653670310974,1053,791,144,72
15,49.874180100755666,1496,2.0,0.4532358646392822,1529,455,69,37
1588,49.874180100755666,1496,2.0,0.2102523148059845,1599,433,48,37
1926,49.874180100755666,1496,2.0,0.28149721026420593,1898,579,41,47
1928,49.874180100755666,1496,2.0,0.5335588455200195,948,419,74,41
1929,49.874180100755666,1496,2.0,0.29101628065109253,1282,463,76,40
1966,49.874180100755666,1496,2.0,0.36127716302871704,1061,786,147,73
15,49.90751845643799,1497,2.0,0.45017147064208984,1530,455,68,37
1588,49.90751845643799,1497,2.0,0.21262837946414948,1599,433,48,37
1926,49.90751845643799,1497,2.0,0.2543749213218689,1898,578,41,47
1928,49.90751845643799,1497,2.0,0.6045827269554138,937,413,75,43
1929,49.90751845643799,1497,2.0,0.26655691862106323,1278,462,78,41
1966,49.90751845643799,1497,2.0,0.48941224813461304,1069,783,146,75
15,49.940856812120316,1498,2.0,0.44395139813423157,1530,455,69,37
1588,49.940856812120316,1498,2.0,0.20848721265792847,1599,433,48,37
1926,49.940856812120316,1498,2.0,0.24980168044567108,1898,579,41,47
1928,49.940856812120316,1498,2.0,0.7413427829742432,926,409,76,46
1929,49.940856812120316,1498,2.0,0.49593386054039,1274,460,83,42
1966,49.940856812120316,1498,2.0,0.5377398133277893,1075,780,142,75
15,49.97419516780264,1499,2.0,0.4229828715324402,1530,455,69,37
1588,49.97419516780264,1499,2.0,0.1998840570449829,1599,433,48,37
1926,49.97419516780264,1499,2.0,0.23439107835292816,1898,579,41,46
1928,49.97419516780264,1499,2.0,0.6330186724662781,916,403,74,40
1929,49.97419516780264,1499,2.0,0.3667605221271515,1270,459,79,40
1966,49.97419516780264,1499,2.0,0.36685726046562195,1085,776,148,80
15,50.00753352348496,1500,2.0,0.4288700819015503,1530,455,69,37
1588,50.00753352348496,1500,2.0,0.20369376242160797,1599,433,48,37
1926,50.00753352348496,1500,2.0,0.23958973586559296,1898,579,41,46
1928,50.00753352348496,1500,2.0,0.5146809220314026,907,398,71,42
1929,50.00753352348496,1500,2.0,0.2953408360481262,1267,458,72,38
1966,50.00753352348496,1500,2.0,0.46764111518859863,1093,773,143,78
15,50.040871879167284,1501,2.0,0.4156229496002197,1530,455,69,37
1588,50.040871879167284,1501,2.0,0.19532398879528046,1599,433,48,37
1926,50.040871879167284,1501,2.0,0.26291021704673767,1898,579,41,45
1928,50.040871879167284,1501,2.0,0.5396163463592529,898,395,70,40
1929,50.040871879167284,1501,2.0,0.2562074065208435,1265,456,69,37
1966,50.040871879167284,1501,2.0,0.6059823632240295,1100,769,141,76
15,50.07421023484961,1502,2.0,0.4150523543357849,1530,455,69,37
1588,50.07421023484961,1502,2.0,0.20252451300621033,1599,433,48,37
1926,50.07421023484961,1502,2.0,0.26388421654701233,1898,579,41,45
1928,50.07421023484961,1502,2.0,0.543441653251648,891,391,70,39
1929,50.07421023484961,1502,2.0,0.3364028334617615,1265,454,61,36
1966,50.07421023484961,1502,2.0,0.3672252893447876,1107,766,142,73
15,50.107548590531934,1503,2.0,0.4548937976360321,1530,455,69,37
1588,50.107548590531934,1503,2.0,0.20857301354408264,1599,433,49,37
1926,50.107548590531934,1503,2.0,0.2741253077983856,1898,579,41,45
1928,50.107548590531934,1503,2.0,0.6639149785041809,884,388,66,41
1929,50.107548590531934,1503,2.0,0.3961774408817291,1261,453,60,38
1966,50.107548590531934,1503,2.0,0.6224631071090698,1113,763,142,72
15,50.14088694621425,1504,2.0,0.4518264830112457,1530,455,68,37
1588,50.14088694621425,1504,2.0,0.2100137621164322,1599,433,49,37
1926,50.14088694621425,1504,2.0,0.28132307529449463,1898,579,41,44
1928,50.14088694621425,1504,2.0,0.5838643312454224,874,384,66,41
1929,50.14088694621425,1504,2.0,0.13500528037548065,1261,448,56,45
1966,50.14088694621425,1504,2.0,0.7066079378128052,1118,761,140,70
15,50.17422530189658,1505,2.0,0.43796929717063904,1530,455,68,37
1588,50.17422530189658,1505,2.0,0.19927877187728882,1600,433,49,37
1926,50.17422530189658,1505,2.0,0.2794707715511322,1898,580,41,43
1928,50.17422530189658,1505,2.0,0.6270475387573242,864,381,64,39
1929,50.17422530189658,1505,2.0,0.16861550509929657,1260,449,47,41
1966,50.17422530189658,1505,2.0,0.6753881573677063,1126,759,136,69
15,50.2075636575789,1506,2.0,0.45786336064338684,1530,455,68,37
1588,50.2075636575789,1506,2.0,0.18503615260124207,1600,433,49,37
1926,50.2075636575789,1506,2.0,0.31519535183906555,1898,580,41,43
1928,50.2075636575789,1506,2.0,0.6533908843994141,857,378,65,37
1929,50.2075636575789,1506,2.0,0.2594648599624634,1259,449,42,39
1966,50.2075636575789,1506,2.0,0.6458326578140259,1131,757,135,69
1991,50.2075636575789,1506,2.0,0.7037889361381531,1653,731,220,98
15,50.24090201326123,1507,2.0,0.4586162269115448,1530,455,69,37
1588,50.24090201326123,1507,2.0,0.1804783195257187,1600,433,49,37
1926,50.24090201326123,1507,2.0,0.35513821244239807,1898,580,41,42
1928,50.24090201326123,1507,2.0,0.5519421100616455,849,373,66,39
1929,50.24090201326123,1507,2.0,0.14924415946006775,1257,445,41,40
1966,50.24090201326123,1507,2.0,0.7013276815414429,1136,754,128,69
1991,50.24090201326123,1507,2.0,0.6031244993209839,1618,716,214,96
15,50.27424036894355,1508,2.0,0.4599527418613434,1530,455,69,37
1588,50.27424036894355,1508,2.0,0.1799827665090561,1600,433,49,37
1926,50.27424036894355,1508,2.0,0.33384543657302856,1898,580,40,42
1928,50.27424036894355,1508,2.0,0.5914619565010071,839,369,64,41
1929,50.27424036894355,1508,2.0,0.15681616961956024,1255,443,40,41
1966,50.27424036894355,1508,2.0,0.61468905210495,1139,751,123,66
1991,50.27424036894355,1508,2.0,0.6095466017723083,1581,701,207,92
15,50.30757872462587,1509,2.0,0.46111583709716797,1530,455,69,37
1588,50.30757872462587,1509,2.0,0.18384362757205963,1600,433,49,37
1926,50.30757872462587,1509,2.0,0.32462817430496216,1898,580,40,42
1928,50.30757872462587,1509,2.0,0.602712869644165,832,366,63,41
1929,50.30757872462587,1509,2.0,0.19218982756137848,1251,441,37,42
1966,50.30757872462587,1509,2.0,0.5251847505569458,1144,750,121,65
1991,50.30757872462587,1509,2.0,0.590721070766449,1546,686,195,89
15,50.340917080308195,1510,2.0,0.48064056038856506,1530,455,69,37
1588,50.340917080308195,1510,2.0,0.19314037263393402,1600,433,49,37
1926,50.340917080308195,1510,2.0,0.3407383859157562,1898,579,41,44
1928,50.340917080308195,1510,2.0,0.7556771636009216,824,363,63,43
1929,50.340917080308195,1510,2.0,0.334511935710907,1248,440,35,42
1966,50.340917080308195,1510,2.0,0.5353944897651672,1149,748,119,63
1991,50.340917080308195,1510,2.0,0.7639163732528687,1516,674,187,87
15,50.37425543599052,1511,2.0,0.4366135895252228,1530,455,69,37
1588,50.37425543599052,1511,2.0,0.19423390924930573,1600,433,49,37
1926,50.37425543599052,1511,2.0,0.30494385957717896,1898,579,41,45
1928,50.37425543599052,1511,2.0,0.6852766871452332,816,359,62,37
1929,50.37425543599052,1511,2.0,0.15434513986110687,1242,439,45,42
1966,50.37425543599052,1511,2.0,0.3738436698913574,1153,747,114,61
1991,50.37425543599052,1511,2.0,0.6221936941146851,1485,660,179,84
15,50.407593791672845,1512,2.0,0.49468541145324707,1530,455,69,37
1588,50.407593791672845,1512,2.0,0.2050400674343109,1600,433,49,37
1926,50.407593791672845,1512,2.0,0.3496353030204773,1898,579,41,44
1928,50.407593791672845,1512,2.0,0.7529007792472839,810,355,62,33
1966,50.407593791672845,1512,2.0,0.30575379729270935,1159,745,109,60
1991,50.407593791672845,1512,2.0,0.7881923913955688,1455,647,175,81
15,50.44093214735516,1513,2.0,0.4815123677253723,1530,455,69,37
1588,50.44093214735516,1513,2.0,0.2046549767255783,1600,433,49,37
1926,50.44093214735516,1513,2.0,0.34222689270973206,1898,579,40,45
1928,50.44093214735516,1513,2.0,0.7041190266609192,803,352,60,32
1966,50.44093214735516,1513,2.0,0.40700557827949524,1162,744,104,60
1991,50.44093214735516,1513,2.0,0.6917644143104553,1427,635,170,80
15,50.47427050303749,1514,2.0,0.4775736629962921,1530,455,69,37
1588,50.47427050303749,1514,2.0,0.2058885544538498,1600,433,49,37
1926,50.47427050303749,1514,2.0,0.3373388946056366,1898,579,41,44
1928,50.47427050303749,1514,2.0,0.6159727573394775,795,350,57,34
1966,50.47427050303749,1514,2.0,0.2793075740337372,1165,743,100,58
1991,50.47427050303749,1514,2.0,0.38310521841049194,1397,622,172,78
15,50.50760885871981,1515,2.0,0.4728258550167084,1530,455,69,37
1588,50.50760885871981,1515,2.0,0.1909024864435196,1600,433,49,37
1926,50.50760885871981,1515,2.0,0.34192919731140137,1898,579,41,45
1928,50.50760885871981,1515,2.0,0.5542106032371521,789,347,57,35
1966,50.50760885871981,1515,2.0,0.3894306421279907,1168,741,90,56
1991,50.50760885871981,1515,2.0,0.6978331804275513,1375,612,160,75
15,50.54094721440214,1516,2.0,0.4625742733478546,1530,455,70,37
1588,50.54094721440214,1516,2.0,0.18429937958717346,1600,433,50,37
1926,50.54094721440214,1516,2.0,0.3540113568305969,1898,579,41,45
1928,50.54094721440214,1516,2.0,0.4930216670036316,783,343,58,38
1966,50.54094721440214,1516,2.0,0.3933599889278412,1168,739,82,51
1991,50.54094721440214,1516,2.0,0.6313421726226807,1352,601,154,74
15,50.574285570084456,1517,2.0,0.468741238117218,1530,455,70,38
1588,50.574285570084456,1517,2.0,0.1745869517326355,1600,433,50,37
1926,50.574285570084456,1517,2.0,0.4075431525707245,1898,579,41,44
1928,50.574285570084456,1517,2.0,0.5607852339744568,776,340,60,38
1991,50.574285570084456,1517,2.0,0.592677891254425,1326,592,149,73
15,50.60762392576678,1518,2.0,0.4881337583065033,1530,455,70,38
1588,50.60762392576678,1518,2.0,0.1854662448167801,1600,433,50,37
1926,50.60762392576678,1518,2.0,0.4070150554180145,1898,579,41,44
1928,50.60762392576678,1518,2.0,0.608798086643219,768,337,62,38
1991,50.60762392576678,1518,2.0,0.6844881772994995,1305,583,146,74
2006,50.60762392576678,1518,2.0,0.3493317663669586,1196,434,84,47
15,50.640962281449106,1519,2.0,0.4579083323478699,1530,455,69,38
1588,50.640962281449106,1519,2.0,0.19261720776557922,1600,433,50,37
1926,50.640962281449106,1519,2.0,0.3092113137245178,1898,579,41,44
1928,50.640962281449106,1519,2.0,0.648781955242157,762,334,60,36
1991,50.640962281449106,1519,2.0,0.5956104397773743,1281,572,141,67
2006,50.640962281449106,1519,2.0,0.2981514036655426,1194,431,84,42
15,50.67430063713143,1520,2.0,0.46741628646850586,1530,455,69,38
1588,50.67430063713143,1520,2.0,0.1837805211544037,1600,433,50,37
1926,50.67430063713143,1520,2.0,0.30281713604927063,1898,579,41,44
1928,50.67430063713143,1520,2.0,0.5637733936309814,757,332,60,36
1991,50.67430063713143,1520,2.0,0.7786925435066223,1259,563,140,66
2006,50.67430063713143,1520,2.0,0.30399343371391296,1188,430,73,42
15,50.70763899281375,1521,2.0,0.4913243055343628,1530,455,69,38
1588,50.70763899281375,1521,2.0,0.17684631049633026,1600,433,50,37
1926,50.70763899281375,1521,2.0,0.3488883674144745,1898,579,42,44
1928,50.70763899281375,1521,2.0,0.5792312026023865,749,329,56,34
1991,50.70763899281375,1521,2.0,0.7420129776000977,1242,554,135,63
2006,50.70763899281375,1521,2.0,0.2863500714302063,1184,428,71,40
15,50.740977348496074,1522,2.0,0.4542974531650543,1530,455,69,38
1588,50.740977348496074,1522,2.0,0.1695632040500641,1600,433,50,37
1926,50.740977348496074,1522,2.0,0.34414181113243103,1898,580,42,44
1928,50.740977348496074,1522,2.0,0.5888819694519043,745,328,55,33
1991,50.740977348496074,1522,2.0,0.5483289361000061,1223,546,134,64
2006,50.740977348496074,1522,2.0,0.3914726972579956,1184,427,66,41
15,50.7743157041784,1523,2.0,0.45781558752059937,1529,455,69,38
1588,50.7743157041784,1523,2.0,0.18344901502132416,1600,433,50,37
1926,50.7743157041784,1523,2.0,0.32967913150787354,1898,580,42,43
1928,50.7743157041784,1523,2.0,0.5741583108901978,739,326,55,33
1991,50.7743157041784,1523,2.0,0.5852571725845337,1202,538,130,63
2006,50.7743157041784,1523,2.0,0.2566092610359192,1181,426,62,40
15,50.807654059860724,1524,2.0,0.43344390392303467,1530,455,69,37
1588,50.807654059860724,1524,2.0,0.17361551523208618,1600,433,49,37
1926,50.807654059860724,1524,2.0,0.2904253602027893,1898,580,41,42
1928,50.807654059860724,1524,2.0,0.5219627618789673,732,323,56,35
1991,50.807654059860724,1524,2.0,0.6650216579437256,1183,529,128,61
2006,50.807654059860724,1524,2.0,0.36297693848609924,1179,424,55,36
15,50.84099241554304,1525,2.0,0.38755857944488525,1530,455,69,37
1588,50.84099241554304,1525,2.0,0.17821931838989258,1600,433,49,37
1926,50.84099241554304,1525,2.0,0.2830405533313751,1898,580,41,42
1928,50.84099241554304,1525,2.0,0.5278933644294739,727,319,54,36
1991,50.84099241554304,1525,2.0,0.4568411111831665,1167,522,124,60
2006,50.84099241554304,1525,2.0,0.3166283965110779,1178,423,50,35
15,50.87433077122537,1526,2.0,0.44910290837287903,1529,456,70,40
1588,50.87433077122537,1526,2.0,0.2213325947523117,1600,433,49,37
1926,50.87433077122537,1526,2.0,0.3217768967151642,1898,580,41,44
1928,50.87433077122537,1526,2.0,0.5174484848976135,721,317,52,35
1991,50.87433077122537,1526,2.0,0.71824711561203,1149,515,120,57
2006,50.87433077122537,1526,2.0,0.26026222109794617,1176,423,49,36
15,50.90766912690769,1527,2.0,0.4327910840511322,1529,457,71,41
1588,50.90766912690769,1527,2.0,0.23653174936771393,1600,433,49,37
1926,50.90766912690769,1527,2.0,0.32163745164871216,1898,580,41,44
1928,50.90766912690769,1527,2.0,0.6914129257202148,714,313,52,33
1991,50.90766912690769,1527,2.0,0.6959708333015442,1130,508,124,57
2006,50.90766912690769,1527,2.0,0.14648272097110748,1175,424,49,36
15,50.94100748259002,1528,2.0,0.41948118805885315,1529,457,71,41
1588,50.94100748259002,1528,2.0,0.24374140799045563,1600,433,49,37
1926,50.94100748259002,1528,2.0,0.2957693338394165,1898,580,41,44
1928,50.94100748259002,1528,2.0,0.7488195300102234,709,309,51,30
1991,50.94100748259002,1528,2.0,0.6095241904258728,1115,501,119,54
2006,50.94100748259002,1528,2.0,0.12513484060764313,1174,424,54,35
15,50.974345838272335,1529,2.0,0.4237469732761383,1529,457,71,41
1588,50.974345838272335,1529,2.0,0.20510023832321167,1600,433,49,37
1926,50.974345838272335,1529,2.0,0.33734145760536194,1898,580,42,42
1928,50.974345838272335,1529,2.0,0.6806995868682861,703,306,52,30
1991,50.974345838272335,1529,2.0,0.6770168542861938,1101,495,115,54
2006,50.974345838272335,1529,2.0,0.2337132692337036,1169,423,53,35
15,51.00768419395466,1530,2.0,0.42686885595321655,1529,457,71,41
1588,51.00768419395466,1530,2.0,0.21472309529781342,1600,433,49,36
1926,51.00768419395466,1530,2.0,0.28411415219306946,1898,580,42,42
1928,51.00768419395466,1530,2.0,0.6676377654075623,698,304,51,28
1991,51.00768419395466,1530,2.0,0.5840756893157959,1086,487,111,54
2006,51.00768419395466,1530,2.0,0.16780202090740204,1167,423,56,37
15,51.041022549636985,1531,2.0,0.4275624752044678,1529,457,71,41
1588,51.041022549636985,1531,2.0,0.2197965681552887,1600,433,48,36
1926,51.041022549636985,1531,2.0,0.3097044825553894,1898,580,42,41
1928,51.041022549636985,1531,2.0,0.6156555414199829,694,303,50,28
1991,51.041022549636985,1531,2.0,0.6447741985321045,1072,480,108,52
15,51.07436090531931,1532,2.0,0.4464089572429657,1529,457,71,41
1588,51.07436090531931,1532,2.0,0.21427816152572632,1600,433,48,36
1926,51.07436090531931,1532,2.0,0.3065866529941559,1897,580,42,41
1928,51.07436090531931,1532,2.0,0.5720636248588562,689,301,50,31
1991,51.07436090531931,1532,2.0,0.6670839190483093,1056,475,104,51
2023,51.07436090531931,1532,2.0,0.7354095578193665,1639,794,271,140
15,51.107699261001635,1533,2.0,0.46370038390159607,1529,457,71,41
1588,51.107699261001635,1533,2.0,0.20488420128822327,1599,433,48,36
1926,51.107699261001635,1533,2.0,0.3202262222766876,1897,580,42,41
1928,51.107699261001635,1533,2.0,0.4237975478172302,684,299,50,31
1991,51.107699261001635,1533,2.0,0.7442987561225891,1045,468,103,49
2023,51.107699261001635,1533,2.0,0.8270502090454102,1602,777,257,132
2024,51.107699261001635,1533,2.0,0.49111029505729675,214,210,45,29
15,51.14103761668395,1534,2.0,0.44438436627388,1529,457,71,41
1588,51.14103761668395,1534,2.0,0.19986514747142792,1599,433,48,36
1926,51.14103761668395,1534,2.0,0.27294090390205383,1897,580,43,40
1928,51.14103761668395,1534,2.0,0.44825059175491333,680,298,48,32
1991,51.14103761668395,1534,2.0,0.612275242805481,1029,462,103,50
2023,51.14103761668395,1534,2.0,0.806101381778717,1562,755,252,137
2024,51.14103761668395,1534,2.0,0.45772629976272583,215,211,46,26
15,51.17437597236628,1535,2.0,0.43593597412109375,1529,458,72,43
1588,51.17437597236628,1535,2.0,0.18528248369693756,1599,433,49,36
1926,51.17437597236628,1535,2.0,0.2617921531200409,1897,580,43,39
1928,51.17437597236628,1535,2.0,0.5722580552101135,674,296,48,33
1991,51.17437597236628,1535,2.0,0.7197827696800232,1016,456,102,48
2023,51.17437597236628,1535,2.0,0.8331263661384583,1523,739,242,128
2024,51.17437597236628,1535,2.0,0.5141994953155518,216,211,40,26
15,51.2077143280486,1536,2.0,0.42924878001213074,1529,458,72,43
1588,51.2077143280486,1536,2.0,0.19573922455310822,1599,433,50,36
1926,51.2077143280486,1536,2.0,0.2513818144798279,1897,580,43,39
1928,51.2077143280486,1536,2.0,0.41269078850746155,668,293,46,35
1991,51.2077143280486,1536,2.0,0.6682348847389221,1004,452,101,48
2023,51.2077143280486,1536,2.0,0.7286402583122253,1487,723,231,119
2024,51.2077143280486,1536,2.0,0.5016891956329346,217,212,35,26
2030,51.2077143280486,1536,2.0,0.3395358622074127,1338,504,68,41
15,51.24105268373093,1537,2.0,0.43451565504074097,1529,458,72,43
1588,51.24105268373093,1537,2.0,0.18562865257263184,1599,433,50,37
1926,51.24105268373093,1537,2.0,0.24844658374786377,1897,580,43,40
1928,51.24105268373093,1537,2.0,0.45353269577026367,663,291,47,35
1991,51.24105268373093,1537,2.0,0.5184800028800964,995,446,91,47
2023,51.24105268373093,1537,2.0,0.6514403820037842,1454,708,221,117
2024,51.24105268373093,1537,2.0,0.41120296716690063,219,212,33,25
2030,51.24105268373093,1537,2.0,0.31164366006851196,1336,502,69,41
2032,51.24105268373093,1537,2.0,0.49126997590065,338,347,49,37
15,51.274391039413246,1538,2.0,0.45556211471557617,1529,458,72,42
1588,51.274391039413246,1538,2.0,0.17958758771419525,1600,433,50,37
1926,51.274391039413246,1538,2.0,0.3074611723423004,1897,580,43,40
1928,51.274391039413246,1538,2.0,0.5875768661499023,659,289,47,33
1991,51.274391039413246,1538,2.0,0.6074175834655762,981,441,93,47
2023,51.274391039413246,1538,2.0,0.8113495707511902,1421,691,213,113
2024,51.274391039413246,1538,2.0,0.40262970328330994,219,213,33,24
2030,51.274391039413246,1538,2.0,0.44237181544303894,1334,501,68,40
2032,51.274391039413246,1538,2.0,0.22514598071575165,341,351,46,31
15,51.30772939509557,1539,2.0,0.43713143467903137,1529,458,72,43
1588,51.30772939509557,1539,2.0,0.18442587554454803,1600,433,50,37
1926,51.30772939509557,1539,2.0,0.27130749821662903,1897,580,43,41
1928,51.30772939509557,1539,2.0,0.5423297882080078,654,286,45,29
1991,51.30772939509557,1539,2.0,0.47699761390686035,970,436,92,49
2023,51.30772939509557,1539,2.0,0.7494598627090454,1390,676,205,111
2024,51.30772939509557,1539,2.0,0.4030718207359314,221,214,36,24
2030,51.30772939509557,1539,2.0,0.310064435005188,1336,500,56,39
2032,51.30772939509557,1539,2.0,0.4011014401912689,344,355,50,33
15,51.341067750777896,1540,2.0,0.42322635650634766,1529,458,72,43
1588,51.341067750777896,1540,2.0,0.1932157576084137,1600,433,50,37
1926,51.341067750777896,1540,2.0,0.2011379897594452,1897,579,43,41
1928,51.341067750777896,1540,2.0,0.660411536693573,649,283,46,28
1991,51.341067750777896,1540,2.0,0.4560754597187042,957,432,91,49
2023,51.341067750777896,1540,2.0,0.7857113480567932,1363,663,200,107
2024,51.341067750777896,1540,2.0,0.23357196152210236,220,214,39,24
2030,51.341067750777896,1540,2.0,0.42165157198905945,1333,499,59,40
2032,51.341067750777896,1540,2.0,0.5842581987380981,347,359,51,36
2036,51.341067750777896,1540,7.0,0.3444371819496155,245,312,91,106
15,51.37440610646022,1541,2.0,0.4440808892250061,1529,458,72,42
1588,51.37440610646022,1541,2.0,0.1952301561832428,1600,433,49,36
1926,51.37440610646022,1541,2.0,0.27604857087135315,1897,579,43,40
1928,51.37440610646022,1541,2.0,0.5788904428482056,646,282,43,27
1991,51.37440610646022,1541,2.0,0.5421186089515686,945,428,88,49
2023,51.37440610646022,1541,2.0,0.8201144337654114,1336,650,193,103
2024,51.37440610646022,1541,2.0,0.36186957359313965,222,217,39,26
2030,51.37440610646022,1541,2.0,0.3308931589126587,1330,498,59,39
2032,51.37440610646022,1541,2.0,0.500018835067749,349,363,53,39
2036,51.37440610646022,1541,7.0,0.19315703213214874,246,315,85,106
15,51.40774446214254,1542,2.0,0.43361255526542664,1529,458,71,41
1588,51.40774446214254,1542,2.0,0.20655499398708344,1599,433,48,36
1926,51.40774446214254,1542,2.0,0.30824413895606995,1897,579,44,38
1928,51.40774446214254,1542,2.0,0.5851291418075562,642,280,45,27
1991,51.40774446214254,1542,2.0,0.5271897912025452,932,421,92,46
2023,51.40774446214254,1542,2.0,0.7059932947158813,1309,638,185,99
2024,51.40774446214254,1542,2.0,0.4788776934146881,222,219,39,25
2030,51.40774446214254,1542,2.0,0.3627006709575653,1328,496,59,39
2032,51.40774446214254,1542,2.0,0.43878963589668274,352,367,56,40
2036,51.40774446214254,1542,7.0,0.16054987907409668,245,314,82,110
15,51.441082817824864,1543,2.0,0.4445539116859436,1529,458,72,41
1588,51.441082817824864,1543,2.0,0.21199806034564972,1599,433,48,36
1926,51.441082817824864,1543,2.0,0.2680765986442566,1896,579,45,37
1928,51.441082817824864,1543,2.0,0.5745607614517212,638,278,43,26
1991,51.441082817824864,1543,2.0,0.580583393573761,922,416,91,47
2023,51.441082817824864,1543,2.0,0.6410917639732361,1285,625,177,97
2024,51.441082817824864,1543,2.0,0.48148053884506226,223,220,41,30
2030,51.441082817824864,1543,2.0,0.4877829849720001,1323,494,65,41
2032,51.441082817824864,1543,2.0,0.48421910405158997,355,370,55,41
2036,51.441082817824864,1543,7.0,0.25706031918525696,247,316,82,109
15,51.47442117350719,1544,2.0,0.42302826046943665,1528,458,72,41
1588,51.47442117350719,1544,2.0,0.20148254930973053,1599,433,48,36
1926,51.47442117350719,1544,2.0,0.24655106663703918,1896,580,45,37
1928,51.47442117350719,1544,2.0,0.4750402271747589,633,276,41,26
1991,51.47442117350719,1544,2.0,0.5775416493415833,913,412,88,47
2023,51.47442117350719,1544,2.0,0.5103604197502136,1262,614,175,94
2024,51.47442117350719,1544,2.0,0.3774357736110687,224,221,42,32
2030,51.47442117350719,1544,2.0,0.3314683139324188,1322,494,61,41
2032,51.47442117350719,1544,2.0,0.4606696367263794,358,372,54,42
2036,51.47442117350719,1544,7.0,0.280346542596817,248,318,86,110
15,51.507759529189514,1545,2.0,0.4289548397064209,1528,458,72,42
1588,51.507759529189514,1545,2.0,0.19055022299289703,1599,433,49,36
1926,51.507759529189514,1545,2.0,0.3123874068260193,1896,580,45,37
1928,51.507759529189514,1545,2.0,0.3583471179008484,630,276,41,26
1991,51.507759529189514,1545,2.0,0.5540810227394104,900,408,83,44
2023,51.507759529189514,1545,2.0,0.7419028282165527,1238,603,167,91
2024,51.507759529189514,1545,2.0,0.35923656821250916,224,222,43,31
2030,51.507759529189514,1545,2.0,0.4803124964237213,1317,493,67,41
2032,51.507759529189514,1545,2.0,0.49686986207962036,361,375,54,43
2036,51.507759529189514,1545,7.0,0.17907291650772095,248,324,88,112
15,51.54109788487183,1546,2.0,0.4456150531768799,1528,458,72,42
1588,51.54109788487183,1546,2.0,0.18473029136657715,1599,434,48,36
1926,51.54109788487183,1546,2.0,0.39464014768600464,1896,580,46,37
1928,51.54109788487183,1546,2.0,0.27774131298065186,626,275,45,28
1991,51.54109788487183,1546,2.0,0.4399271011352539,898,404,70,39
2023,51.54109788487183,1546,2.0,0.729153037071228,1217,592,163,91
2024,51.54109788487183,1546,2.0,0.3524324595928192,225,222,42,29
2030,51.54109788487183,1546,2.0,0.5792602896690369,1313,490,69,38
2032,51.54109788487183,1546,2.0,0.4579760432243347,365,381,55,40
2036,51.54109788487183,1546,7.0,0.13357031345367432,249,328,89,113
2037,51.54109788487183,1546,2.0,0.48072031140327454,288,280,46,28
15,51.57443624055416,1547,2.0,0.44211310148239136,1528,458,72,42
1588,51.57443624055416,1547,2.0,0.1799488514661789,1599,434,49,36
1926,51.57443624055416,1547,2.0,0.3360094726085663,1896,580,46,37
1928,51.57443624055416,1547,2.0,0.16902123391628265,623,274,45,28
1991,51.57443624055416,1547,2.0,0.4752868711948395,885,398,74,40
2023,51.57443624055416,1547,2.0,0.62776118516922,1196,581,160,91
2024,51.57443624055416,1547,2.0,0.29588693380355835,225,223,41,28
2030,51.57443624055416,1547,2.0,0.4012109339237213,1309,489,71,38
2032,51.57443624055416,1547,2.0,0.40982499718666077,368,384,54,42
2036,51.57443624055416,1547,7.0,0.17395278811454773,251,329,86,117
2037,51.57443624055416,1547,2.0,0.3353140652179718,289,282,46,27
15,51.60777459623648,1548,2.0,0.45206722617149353,1528,458,72,42
1588,51.60777459623648,1548,2.0,0.18758586049079895,1599,434,49,36
1926,51.60777459623648,1548,2.0,0.3077705204486847,1895,581,46,37
1928,51.60777459623648,1548,2.0,0.4745374917984009,620,272,50,30
1991,51.60777459623648,1548,2.0,0.5599784255027771,873,394,80,40
2023,51.60777459623648,1548,2.0,0.6118798851966858,1174,572,153,88
2024,51.60777459623648,1548,2.0,0.22172896564006805,226,224,40,29
2030,51.60777459623648,1548,2.0,0.5009636878967285,1306,486,75,40
2032,51.60777459623648,1548,2.0,0.38566383719444275,370,389,53,42
2036,51.60777459623648,1548,7.0,0.11866577714681625,252,331,83,116
2037,51.60777459623648,1548,2.0,0.4995427131652832,289,282,45,28
15,51.64111295191881,1549,2.0,0.446580708026886,1528,458,72,42
1588,51.64111295191881,1549,2.0,0.19081059098243713,1599,434,49,37
1926,51.64111295191881,1549,2.0,0.29642605781555176,1895,581,47,37
1928,51.64111295191881,1549,2.0,0.5412260293960571,614,269,43,29
1991,51.64111295191881,1549,2.0,0.5011739730834961,863,390,79,40
2023,51.64111295191881,1549,2.0,0.5962644219398499,1154,563,147,84
2024,51.64111295191881,1549,2.0,0.285321980714798,228,226,44,33
2030,51.64111295191881,1549,2.0,0.511993944644928,1301,484,72,40
2032,51.64111295191881,1549,2.0,0.5642468929290771,375,392,55,43
2036,51.64111295191881,1549,7.0,0.11772008240222931,254,334,90,113
2037,51.64111295191881,1549,2.0,0.639377772808075,290,284,46,31
15,51.674451307601124,1550,2.0,0.469534307718277,1529,458,71,41
1588,51.674451307601124,1550,2.0,0.1895109862089157,1599,434,50,37
1926,51.674451307601124,1550,2.0,0.24867601692676544,1895,581,47,36
1928,51.674451307601124,1550,2.0,0.4630095958709717,610,267,41,26
1991,51.674451307601124,1550,2.0,0.657168984413147,854,387,76,40
2023,51.674451307601124,1550,2.0,0.7520091533660889,1135,555,142,80
2024,51.674451307601124,1550,2.0,0.1734788715839386,231,228,48,35
2030,51.674451307601124,1550,2.0,0.5726917386054993,1297,483,70,40
2032,51.674451307601124,1550,2.0,0.5869250297546387,377,396,56,43
2037,51.674451307601124,1550,2.0,0.6052578091621399,292,287,45,34
15,51.70778966328345,1551,2.0,0.4597838222980499,1529,458,71,41
1588,51.70778966328345,1551,2.0,0.19080102443695068,1599,434,50,37
1926,51.70778966328345,1551,2.0,0.3254972994327545,1895,580,47,37
1928,51.70778966328345,1551,2.0,0.556910514831543,605,263,38,24
1991,51.70778966328345,1551,2.0,0.6152592301368713,845,383,75,41
2023,51.70778966328345,1551,2.0,0.6681562066078186,1120,546,148,77
2024,51.70778966328345,1551,2.0,0.24784232676029205,233,231,46,30
2030,51.70778966328345,1551,2.0,0.5267500281333923,1295,481,73,41
2032,51.70778966328345,1551,2.0,0.48912835121154785,379,398,59,48
2037,51.70778966328345,1551,2.0,0.5822300910949707,294,289,45,32
15,51.741128018965775,1552,2.0,0.43360647559165955,1529,458,71,41
1588,51.741128018965775,1552,2.0,0.1847665160894394,1599,434,49,37
1926,51.741128018965775,1552,2.0,0.27843764424324036,1895,581,48,37
1928,51.741128018965775,1552,2.0,0.6109941601753235,603,261,39,22
1991,51.741128018965775,1552,2.0,0.4910128116607666,835,380,74,41
2023,51.741128018965775,1552,2.0,0.5666300654411316,1103,538,142,79
2024,51.741128018965775,1552,2.0,0.374909371137619,233,233,45,29
2030,51.741128018965775,1552,2.0,0.48623499274253845,1293,480,72,40
2032,51.741128018965775,1552,2.0,0.4911939799785614,384,404,57,49
2037,51.741128018965775,1552,2.0,0.5111392140388489,295,292,44,31
15,51.7744663746481,1553,2.0,0.4657116234302521,1529,458,71,42
1588,51.7744663746481,1553,2.0,0.18817387521266937,1599,434,49,37
1926,51.7744663746481,1553,2.0,0.3536326289176941,1894,581,48,38
1928,51.7744663746481,1553,2.0,0.5253995060920715,597,258,38,22
1991,51.7744663746481,1553,2.0,0.606990396976471,826,376,73,40
2023,51.7744663746481,1553,2.0,0.5249329209327698,1086,530,137,77
2024,51.7744663746481,1553,2.0,0.35329267382621765,235,234,45,29
2030,51.7744663746481,1553,2.0,0.6602669358253479,1288,478,71,38
2032,51.7744663746481,1553,2.0,0.4456687867641449,388,409,59,47
2037,51.7744663746481,1553,2.0,0.43949055671691895,298,294,44,30
15,51.80780473033042,1554,2.0,0.459860622882843,1529,458,71,42
1588,51.80780473033042,1554,2.0,0.1844630241394043,1599,434,49,37
1926,51.80780473033042,1554,2.0,0.3543865978717804,1894,580,49,38
1928,51.80780473033042,1554,2.0,0.4648374915122986,595,256,36,22
1991,51.80780473033042,1554,2.0,0.5094628930091858,818,372,73,42
2023,51.80780473033042,1554,2.0,0.5342350006103516,1066,522,132,75
2024,51.80780473033042,1554,2.0,0.39342278242111206,235,234,44,29
2030,51.80780473033042,1554,2.0,0.5298882722854614,1285,476,71,37
2032,51.80780473033042,1554,2.0,0.6487938761711121,392,414,63,47
2037,51.80780473033042,1554,2.0,0.5196481943130493,301,296,46,31
2036,51.80780473033042,1554,5.0,0.31198009848594666,266,349,113,124
15,51.84114308601274,1555,2.0,0.44870319962501526,1529,458,72,43
1588,51.84114308601274,1555,2.0,0.17960107326507568,1599,433,50,37
1926,51.84114308601274,1555,2.0,0.36505648493766785,1893,581,51,39
1928,51.84114308601274,1555,2.0,0.6534680128097534,589,255,39,22
1991,51.84114308601274,1555,2.0,0.5428251624107361,812,369,73,41
2023,51.84114308601274,1555,2.0,0.6399202346801758,1051,514,128,73
2024,51.84114308601274,1555,2.0,0.41184571385383606,237,235,43,29
2030,51.84114308601274,1555,2.0,0.6170812249183655,1282,474,74,36
2032,51.84114308601274,1555,2.0,0.630526065826416,397,418,64,47
2037,51.84114308601274,1555,2.0,0.4048137068748474,302,298,46,33
2036,51.84114308601274,1555,7.0,0.3772056996822357,267,351,114,125
15,51.87448144169507,1556,2.0,0.4318099617958069,1529,458,72,41
1588,51.87448144169507,1556,2.0,0.19561463594436646,1599,433,50,37
1926,51.87448144169507,1556,2.0,0.33189812302589417,1892,580,53,40
1928,51.87448144169507,1556,2.0,0.4780343472957611,588,254,39,23
1991,51.87448144169507,1556,2.0,0.4835076332092285,802,365,69,41
2023,51.87448144169507,1556,2.0,0.49322667717933655,1035,507,125,72
2024,51.87448144169507,1556,2.0,0.33920615911483765,238,235,43,29
2030,51.87448144169507,1556,2.0,0.3499803841114044,1279,472,72,38
2032,51.87448144169507,1556,2.0,0.6641058325767517,402,421,61,49
2037,51.87448144169507,1556,2.0,0.35975900292396545,304,300,45,31
2036,51.87448144169507,1556,7.0,0.3762056529521942,268,353,115,125
15,51.90781979737739,1557,2.0,0.4567696750164032,1529,457,72,41
1588,51.90781979737739,1557,2.0,0.21070969104766846,1599,433,51,37
1926,51.90781979737739,1557,2.0,0.3059441149234772,1892,581,54,40
1928,51.90781979737739,1557,2.0,0.4789177179336548,584,253,39,23
1991,51.90781979737739,1557,2.0,0.5271643996238708,793,363,69,41
2023,51.90781979737739,1557,2.0,0.4439724087715149,1021,500,122,68
2024,51.90781979737739,1557,2.0,0.4440065026283264,239,238,42,29
2030,51.90781979737739,1557,2.0,0.3369169235229492,1275,471,76,38
2032,51.90781979737739,1557,2.0,0.5330079197883606,404,427,61,51
2037,51.90781979737739,1557,2.0,0.40347617864608765,305,303,45,30
2036,51.90781979737739,1557,7.0,0.2684221565723419,271,357,113,130
15,51.94115815305972,1558,2.0,0.4712058901786804,1529,457,71,40
1588,51.94115815305972,1558,2.0,0.2138621211051941,1599,434,50,37
1926,51.94115815305972,1558,2.0,0.254702627658844,1891,581,55,40
1928,51.94115815305972,1558,2.0,0.41065865755081177,582,253,40,24
1991,51.94115815305972,1558,2.0,0.4379366338253021,784,358,67,38
2023,51.94115815305972,1558,2.0,0.672744631767273,1006,493,116,70
2024,51.94115815305972,1558,2.0,0.5642061233520508,241,238,40,29
2030,51.94115815305972,1558,2.0,0.4465816617012024,1270,470,74,40
2032,51.94115815305972,1558,2.0,0.5575293898582458,409,433,62,52
2037,51.94115815305972,1558,2.0,0.35239872336387634,309,305,50,28
2036,51.94115815305972,1558,7.0,0.32676130533218384,271,361,114,134
15,51.974496508742035,1559,2.0,0.4283998906612396,1529,457,71,40
1588,51.974496508742035,1559,2.0,0.171087846159935,1598,434,50,37
1926,51.974496508742035,1559,2.0,0.16061802208423615,1890,582,56,41
1928,51.974496508742035,1559,2.0,0.4090414047241211,579,253,41,24
1991,51.974496508742035,1559,2.0,0.4937945306301117,778,354,68,35
2023,51.974496508742035,1559,2.0,0.4004931151866913,993,485,111,68
2024,51.974496508742035,1559,2.0,0.6347812414169312,241,239,42,30
2030,51.974496508742035,1559,2.0,0.27189576625823975,1271,468,70,41
2032,51.974496508742035,1559,2.0,0.5878966450691223,413,440,61,51
2037,51.974496508742035,1559,2.0,0.5156592130661011,311,308,52,33
2036,51.974496508742035,1559,7.0,0.15149451792240143,277,365,107,136
15,52.00783486442436,1560,2.0,0.44924211502075195,1529,457,72,40
1588,52.00783486442436,1560,2.0,0.17279446125030518,1598,434,50,37
1926,52.00783486442436,1560,2.0,0.16647614538669586,1890,582,57,41
1928,52.00783486442436,1560,2.0,0.2982741594314575,573,252,44,25
1991,52.00783486442436,1560,2.0,0.5702420473098755,770,350,70,38
2023,52.00783486442436,1560,2.0,0.5784909725189209,979,478,108,68
2024,52.00783486442436,1560,2.0,0.6559462547302246,244,241,42,30
2030,52.00783486442436,1560,2.0,0.29482588171958923,1266,466,69,40
2032,52.00783486442436,1560,2.0,0.5850389003753662,418,444,60,51
2037,52.00783486442436,1560,2.0,0.5084068179130554,313,310,50,36
2036,52.00783486442436,1560,7.0,0.10363827645778656,278,367,104,139
15,52.041173220106685,1561,2.0,0.4998011291027069,1529,458,71,42
1588,52.041173220106685,1561,2.0,0.2103356122970581,1599,434,49,37
1926,52.041173220106685,1561,2.0,0.20121078193187714,1890,582,57,43
1928,52.041173220106685,1561,2.0,0.3391037583351135,569,252,42,26
1991,52.041173220106685,1561,2.0,0.6368998289108276,764,348,67,40
2023,52.041173220106685,1561,2.0,0.5242074728012085,967,473,110,66
2024,52.041173220106685,1561,2.0,0.7115614414215088,245,244,42,32
2030,52.041173220106685,1561,2.0,0.18324723839759827,1264,465,70,37
2032,52.041173220106685,1561,2.0,0.6447746753692627,423,449,65,54
2037,52.041173220106685,1561,2.0,0.467349112033844,314,313,50,38
15,52.07451157578901,1562,2.0,0.5098751783370972,1529,458,71,42
1588,52.07451157578901,1562,2.0,0.2224176526069641,1598,434,49,37
1926,52.07451157578901,1562,2.0,0.2205912470817566,1889,582,59,44
1928,52.07451157578901,1562,2.0,0.3829600512981415,566,252,43,26
1991,52.07451157578901,1562,2.0,0.6433651447296143,758,344,65,42
2023,52.07451157578901,1562,2.0,0.558009922504425,955,467,110,65
2024,52.07451157578901,1562,2.0,0.6892674565315247,245,245,42,34
2030,52.07451157578901,1562,2.0,0.2463146448135376,1263,463,63,35
2032,52.07451157578901,1562,2.0,0.6297472715377808,428,455,67,55
2037,52.07451157578901,1562,2.0,0.5740053653717041,315,315,49,39
15,52.10784993147133,1563,2.0,0.4817773997783661,1529,457,70,42
1588,52.10784993147133,1563,2.0,0.20769986510276794,1599,434,48,36
1926,52.10784993147133,1563,2.0,0.14246335625648499,1888,580,61,46
1928,52.10784993147133,1563,2.0,0.5299314856529236,563,248,41,27
1991,52.10784993147133,1563,2.0,0.5634952783584595,750,341,61,40
2023,52.10784993147133,1563,2.0,0.4373517632484436,942,461,107,64
2024,52.10784993147133,1563,2.0,0.42938917875289917,246,245,42,33
2030,52.10784993147133,1563,2.0,0.21609988808631897,1261,462,61,35
2032,52.10784993147133,1563,2.0,0.6902679800987244,432,462,66,50
2037,52.10784993147133,1563,2.0,0.45952215790748596,316,317,51,39
15,52.14118828715365,1564,2.0,0.460440993309021,1529,457,71,40
1588,52.14118828715365,1564,2.0,0.1755172312259674,1598,434,47,36
1926,52.14118828715365,1564,2.0,0.19281794130802155,1888,579,62,46
1928,52.14118828715365,1564,2.0,0.4590012729167938,559,244,39,30
1991,52.14118828715365,1564,2.0,0.6238046288490295,744,338,59,39
2023,52.14118828715365,1564,2.0,0.4859091341495514,931,455,106,62
2024,52.14118828715365,1564,2.0,0.48535478115081787,246,246,42,35
2030,52.14118828715365,1564,2.0,0.10764726996421814,1258,462,60,36
2032,52.14118828715365,1564,2.0,0.6950536966323853,437,466,68,53
2037,52.14118828715365,1564,2.0,0.4881463646888733,318,320,52,40
15,52.17452664283598,1565,2.0,0.5330153107643127,1529,457,70,40
1588,52.17452664283598,1565,2.0,0.20742253959178925,1599,434,48,36
1926,52.17452664283598,1565,2.0,0.22651250660419464,1887,576,63,47
1928,52.17452664283598,1565,2.0,0.6188627481460571,558,242,36,32
1991,52.17452664283598,1565,2.0,0.6597976684570312,738,336,59,36
2023,52.17452664283598,1565,2.0,0.6032002568244934,917,450,101,61
2024,52.17452664283598,1565,2.0,0.43045663833618164,248,248,43,35
2030,52.17452664283598,1565,2.0,0.17985133826732635,1256,460,51,36
2032,52.17452664283598,1565,2.0,0.7151715159416199,440,473,69,58
2037,52.17452664283598,1565,2.0,0.4292396306991577,322,322,52,41
15,52.2078649985183,1566,2.0,0.5225793123245239,1529,457,70,40
1588,52.2078649985183,1566,2.0,0.19805100560188293,1599,434,47,37
1926,52.2078649985183,1566,2.0,0.2347564846277237,1887,571,63,55
1928,52.2078649985183,1566,2.0,0.5175806879997253,555,241,35,34
1991,52.2078649985183,1566,2.0,0.5389218330383301,733,334,57,35
2023,52.2078649985183,1566,2.0,0.6649468541145325,907,444,102,60
2024,52.2078649985183,1566,2.0,0.49176961183547974,250,250,44,36
2030,52.2078649985183,1566,2.0,0.23116932809352875,1255,459,45,35
2032,52.2078649985183,1566,2.0,0.6869587302207947,446,478,70,59
2037,52.2078649985183,1566,2.0,0.4550553262233734,324,327,52,35
15,52.24120335420062,1567,2.0,0.45233437418937683,1529,456,70,39
1588,52.24120335420062,1567,2.0,0.17752201855182648,1599,434,47,37
1926,52.24120335420062,1567,2.0,0.2568458318710327,1886,570,65,52
1928,52.24120335420062,1567,2.0,0.4703807234764099,549,238,36,31
1991,52.24120335420062,1567,2.0,0.49942946434020996,725,331,57,34
2023,52.24120335420062,1567,2.0,0.47488489747047424,896,438,98,59
2024,52.24120335420062,1567,2.0,0.4014130234718323,251,251,46,35
2030,52.24120335420062,1567,2.0,0.11221417039632797,1253,457,38,34
2032,52.24120335420062,1567,2.0,0.5540890097618103,450,484,73,59
2037,52.24120335420062,1567,2.0,0.4846467971801758,325,328,53,34
15,52.274541709882946,1568,2.0,0.4472285211086273,1529,455,71,38
1588,52.274541709882946,1568,2.0,0.15248043835163116,1599,434,47,36
1926,52.274541709882946,1568,2.0,0.2877259850502014,1885,564,67,66
1928,52.274541709882946,1568,2.0,0.33721035718917847,547,235,35,28
1991,52.274541709882946,1568,2.0,0.3977053463459015,719,329,53,32
2023,52.274541709882946,1568,2.0,0.6611770391464233,886,432,96,60
2024,52.274541709882946,1568,2.0,0.5029997229576111,253,253,48,34
2030,52.274541709882946,1568,2.0,0.25131756067276,1251,454,35,30
2032,52.274541709882946,1568,2.0,0.6554245352745056,457,489,70,59
2037,52.274541709882946,1568,2.0,0.5802308320999146,328,331,57,37
15,52.30788006556527,1569,2.0,0.4869121313095093,1530,456,71,39
1588,52.30788006556527,1569,2.0,0.15053945779800415,1598,434,46,36
1926,52.30788006556527,1569,2.0,0.2684764862060547,1885,563,68,73
1928,52.30788006556527,1569,2.0,0.41473886370658875,544,234,33,27
1991,52.30788006556527,1569,2.0,0.3551969528198242,715,326,52,31
2023,52.30788006556527,1569,2.0,0.6432328224182129,876,428,93,60
2024,52.30788006556527,1569,2.0,0.577013373374939,255,255,47,32
2030,52.30788006556527,1569,2.0,0.21468885242938995,1249,451,34,33
2032,52.30788006556527,1569,2.0,0.6939918994903564,461,496,71,61
2037,52.30788006556527,1569,2.0,0.5668326020240784,331,336,58,39
15,52.341218421247596,1570,2.0,0.5142863988876343,1530,456,71,39
1588,52.341218421247596,1570,2.0,0.16703931987285614,1599,434,48,38
1926,52.341218421247596,1570,2.0,0.23625287413597107,1884,559,69,72
1928,52.341218421247596,1570,2.0,0.4488709568977356,542,234,33,25
1991,52.341218421247596,1570,2.0,0.31195369362831116,705,323,56,32
2023,52.341218421247596,1570,2.0,0.6793673634529114,867,424,94,60
2024,52.341218421247596,1570,2.0,0.5612260699272156,256,256,45,30
2030,52.341218421247596,1570,2.0,0.18273566663265228,1248,450,34,33
2032,52.341218421247596,1570,2.0,0.6180598735809326,468,503,81,63
2037,52.341218421247596,1570,2.0,0.5764895677566528,334,340,57,41
15,52.374556776929914,1571,2.0,0.42110565304756165,1530,456,71,40
1588,52.374556776929914,1571,2.0,0.158290833234787,1599,434,48,38
1926,52.374556776929914,1571,2.0,0.22179363667964935,1884,560,69,72
1928,52.374556776929914,1571,2.0,0.29453253746032715,538,233,32,24
1991,52.374556776929914,1571,2.0,0.3917183578014374,700,320,54,34
2023,52.374556776929914,1571,2.0,0.5235875844955444,856,419,92,58
2024,52.374556776929914,1571,2.0,0.5330392122268677,256,257,44,29
2032,52.374556776929914,1571,2.0,0.5879104733467102,474,510,77,61
2037,52.374556776929914,1571,2.0,0.620714545249939,337,342,55,42
15,52.40789513261224,1572,2.0,0.42234620451927185,1530,456,71,40
1588,52.40789513261224,1572,2.0,0.1583574265241623,1598,434,49,37
1926,52.40789513261224,1572,2.0,0.24631303548812866,1883,558,70,71
1928,52.40789513261224,1572,2.0,0.29939937591552734,534,232,33,24
1991,52.40789513261224,1572,2.0,0.4460267126560211,694,317,52,33
2023,52.40789513261224,1572,2.0,0.5101478695869446,848,415,90,55
2024,52.40789513261224,1572,2.0,0.5199058055877686,257,258,44,30
2032,52.40789513261224,1572,2.0,0.5947470664978027,480,517,76,64
2037,52.40789513261224,1572,2.0,0.6816889047622681,339,343,56,42
15,52.441233488294564,1573,2.0,0.4050425589084625,1530,456,71,40
1588,52.441233488294564,1573,2.0,0.17340423166751862,1598,434,49,38
1926,52.441233488294564,1573,2.0,0.17626455426216125,1883,561,71,75
1928,52.441233488294564,1573,2.0,0.24645593762397766,531,232,32,23
1991,52.441233488294564,1573,2.0,0.4781687557697296,685,314,57,34
2023,52.441233488294564,1573,2.0,0.5447143912315369,837,411,87,51
2024,52.441233488294564,1573,2.0,0.45380356907844543,258,260,43,32
2032,52.441233488294564,1573,2.0,0.5642213225364685,487,524,82,65
2037,52.441233488294564,1573,2.0,0.652338981628418,341,346,57,44
15,52.47457184397689,1574,2.0,0.40783703327178955,1530,456,71,40
1588,52.47457184397689,1574,2.0,0.1764504611492157,1598,434,49,38
1926,52.47457184397689,1574,2.0,0.15257669985294342,1883,562,70,76
1928,52.47457184397689,1574,2.0,0.2991879880428314,528,232,34,23
1991,52.47457184397689,1574,2.0,0.5116870403289795,679,311,56,34
2023,52.47457184397689,1574,2.0,0.6457405686378479,826,405,85,52
2024,52.47457184397689,1574,2.0,0.46933382749557495,258,262,45,36
2032,52.47457184397689,1574,2.0,0.6558685302734375,492,530,85,68
2037,52.47457184397689,1574,2.0,0.6138735413551331,343,349,58,43
15,52.50791019965921,1575,2.0,0.39989057183265686,1530,456,71,40
1588,52.50791019965921,1575,2.0,0.16351716220378876,1598,434,49,37
1926,52.50791019965921,1575,2.0,0.14409273862838745,1883,563,71,77
1928,52.50791019965921,1575,2.0,0.19224967062473297,525,231,35,25
1991,52.50791019965921,1575,2.0,0.562661349773407,673,308,56,32
2023,52.50791019965921,1575,2.0,0.6294937133789062,820,400,83,49
2024,52.50791019965921,1575,2.0,0.46767479181289673,262,266,46,40
2032,52.50791019965921,1575,2.0,0.6681187748908997,498,538,86,70
2037,52.50791019965921,1575,2.0,0.6297997236251831,345,352,57,41
15,52.54124855534153,1576,2.0,0.4130958318710327,1530,456,71,39
1588,52.54124855534153,1576,2.0,0.17288553714752197,1598,433,49,37
1926,52.54124855534153,1576,2.0,0.21191444993019104,1882,562,73,75
1928,52.54124855534153,1576,2.0,0.22190165519714355,522,230,36,24
1991,52.54124855534153,1576,2.0,0.571527898311615,667,305,55,29
2023,52.54124855534153,1576,2.0,0.5815172791481018,811,397,80,47
2024,52.54124855534153,1576,2.0,0.47563979029655457,265,268,51,41
2032,52.54124855534153,1576,2.0,0.6726623177528381,504,547,87,70
2037,52.54124855534153,1576,2.0,0.643201470375061,348,355,56,42
15,52.57458691102386,1577,2.0,0.36839550733566284,1530,455,70,39
1588,52.57458691102386,1577,2.0,0.16224505007266998,1598,433,49,37
1926,52.57458691102386,1577,2.0,0.17392908036708832,1882,562,74,73
1928,52.57458691102386,1577,2.0,0.25118014216423035,519,229,36,24
1991,52.57458691102386,1577,2.0,0.5878365635871887,664,303,54,29
2023,52.57458691102386,1577,2.0,0.5562734007835388,804,392,82,48
2024,52.57458691102386,1577,2.0,0.5118938684463501,266,269,50,42
2032,52.57458691102386,1577,2.0,0.544718861579895,512,554,90,72
2037,52.57458691102386,1577,2.0,0.6671383380889893,351,359,58,43
15,52.60792526670618,1578,2.0,0.4234291911125183,1530,456,71,40
1588,52.60792526670618,1578,2.0,0.16777358949184418,1599,433,49,38
1926,52.60792526670618,1578,2.0,0.18473462760448456,1880,562,76,71
1928,52.60792526670618,1578,2.0,0.3115379214286804,516,229,36,25
1991,52.60792526670618,1578,2.0,0.5234853029251099,659,302,52,29
2023,52.60792526670618,1578,2.0,0.583936870098114,794,388,81,49
2024,52.60792526670618,1578,2.0,0.5341113805770874,267,271,52,43
2032,52.60792526670618,1578,2.0,0.4175606966018677,518,563,92,74
2037,52.60792526670618,1578,2.0,0.6707548499107361,354,363,58,44
15,52.6412636223885,1579,2.0,0.4065554440021515,1530,456,71,40
1588,52.6412636223885,1579,2.0,0.16659805178642273,1599,433,49,38
1926,52.6412636223885,1579,2.0,0.19675293564796448,1879,561,79,69
1928,52.6412636223885,1579,2.0,0.22596994042396545,515,229,37,26
1991,52.6412636223885,1579,2.0,0.3785707950592041,654,300,50,30
2023,52.6412636223885,1579,2.0,0.5516336560249329,784,384,78,51
2024,52.6412636223885,1579,2.0,0.5140748620033264,268,272,51,44
2032,52.6412636223885,1579,2.0,0.6828569173812866,527,571,92,76
2037,52.6412636223885,1579,2.0,0.6568549871444702,357,366,57,46
2060,52.6412636223885,1579,2.0,0.3766660988330841,1194,434,85,48
15,52.674601978070825,1580,2.0,0.39227864146232605,1530,455,70,39
1588,52.674601978070825,1580,2.0,0.14862839877605438,1598,433,48,37
1926,52.674601978070825,1580,2.0,0.31927409768104553,1878,560,81,64
1991,52.674601978070825,1580,2.0,0.2753572463989258,648,298,52,33
2023,52.674601978070825,1580,2.0,0.6317019462585449,777,380,78,50
2024,52.674601978070825,1580,2.0,0.4674359858036041,269,274,52,43
2032,52.674601978070825,1580,2.0,0.5950748324394226,534,581,97,81
2037,52.674601978070825,1580,2.0,0.6305094361305237,359,368,57,48
2060,52.674601978070825,1580,2.0,0.47504669427871704,1190,434,81,48
15,52.70794033375315,1581,2.0,0.40149274468421936,1530,455,70,39
1588,52.70794033375315,1581,2.0,0.14581632614135742,1598,433,48,37
1926,52.70794033375315,1581,2.0,0.246147021651268,1877,561,82,63
1991,52.70794033375315,1581,2.0,0.4928479492664337,643,296,51,32
2023,52.70794033375315,1581,2.0,0.6535900235176086,769,376,76,51
2024,52.70794033375315,1581,2.0,0.5623503923416138,270,275,48,42
2032,52.70794033375315,1581,2.0,0.5372955799102783,543,590,100,80
2037,52.70794033375315,1581,2.0,0.6103579998016357,362,371,58,50
2060,52.70794033375315,1581,2.0,0.40425387024879456,1186,432,73,46
15,52.741278689435475,1582,2.0,0.4105681777000427,1530,456,70,40
1588,52.741278689435475,1582,2.0,0.13253910839557648,1598,434,48,37
1926,52.741278689435475,1582,2.0,0.264955997467041,1877,562,82,63
1991,52.741278689435475,1582,2.0,0.5109750032424927,639,294,52,32
2023,52.741278689435475,1582,2.0,0.6371393203735352,764,373,81,52
2024,52.741278689435475,1582,2.0,0.44968077540397644,271,276,51,41
2032,52.741278689435475,1582,2.0,0.5061108469963074,553,600,103,82
2037,52.741278689435475,1582,2.0,0.6197175979614258,365,375,59,51
2060,52.741278689435475,1582,2.0,0.4057483375072479,1183,431,71,45
2036,52.741278689435475,1582,5.0,0.38607314229011536,328,457,135,196
15,52.7746170451178,1583,2.0,0.42997366189956665,1530,456,71,40
1588,52.7746170451178,1583,2.0,0.11970628052949905,1598,434,47,36
1926,52.7746170451178,1583,2.0,0.3050435185432434,1876,559,85,61
1991,52.7746170451178,1583,2.0,0.5292356014251709,633,291,52,30
2023,52.7746170451178,1583,2.0,0.554027259349823,757,369,78,51
2024,52.7746170451178,1583,2.0,0.4154948592185974,273,276,51,41
2032,52.7746170451178,1583,7.0,0.38292399048805237,563,610,106,85
2037,52.7746170451178,1583,2.0,0.5833306312561035,370,380,58,48
2060,52.7746170451178,1583,2.0,0.4120677411556244,1180,430,62,44
2036,52.7746170451178,1583,6.0,0.1409694254398346,329,461,140,198
15,52.80795540080012,1584,2.0,0.4212435185909271,1530,456,71,40
1588,52.80795540080012,1584,2.0,0.12433277815580368,1598,434,47,36
1926,52.80795540080012,1584,2.0,0.35127609968185425,1875,561,86,56
1991,52.80795540080012,1584,2.0,0.5253545641899109,627,288,49,29
2023,52.80795540080012,1584,2.0,0.6436736583709717,748,365,75,52
2024,52.80795540080012,1584,2.0,0.46613001823425293,275,279,48,38
2032,52.80795540080012,1584,2.0,0.5222600102424622,571,620,107,87
2037,52.80795540080012,1584,2.0,0.2854635715484619,374,384,58,49
2060,52.80795540080012,1584,2.0,0.3422146439552307,1178,430,54,42
2036,52.80795540080012,1584,5.0,0.25928640365600586,330,465,135,196
15,52.84129375648244,1585,2.0,0.3946540057659149,1529,456,71,40
1588,52.84129375648244,1585,2.0,0.12391214072704315,1598,434,47,36
1926,52.84129375648244,1585,2.0,0.1379380077123642,1876,559,86,60
1991,52.84129375648244,1585,2.0,0.5221827030181885,622,286,45,27
2023,52.84129375648244,1585,2.0,0.6037362813949585,741,362,74,46
2024,52.84129375648244,1585,2.0,0.4517183303833008,277,281,50,38
2032,52.84129375648244,1585,2.0,0.5434229373931885,578,630,105,89
2037,52.84129375648244,1585,2.0,0.5937953591346741,378,389,60,48
2060,52.84129375648244,1585,2.0,0.3688056170940399,1177,429,51,40
2036,52.84129375648244,1585,7.0,0.22353510558605194,335,472,140,202
2064,52.84129375648244,1585,2.0,0.393086701631546,1343,506,64,43
15,52.87463211216477,1586,2.0,0.43239009380340576,1529,456,71,40
1588,52.87463211216477,1586,2.0,0.13141480088233948,1598,434,47,36
1926,52.87463211216477,1586,2.0,0.1226780042052269,1874,557,90,58
1991,52.87463211216477,1586,2.0,0.4330374002456665,618,284,48,26
2023,52.87463211216477,1586,2.0,0.5892354249954224,733,358,74,45
2024,52.87463211216477,1586,2.0,0.4951571524143219,278,284,49,39
2032,52.87463211216477,1586,2.0,0.7690975069999695,588,642,107,90
2037,52.87463211216477,1586,2.0,0.6198636889457703,381,393,64,48
2060,52.87463211216477,1586,2.0,0.4467256963253021,1175,428,51,38
2036,52.87463211216477,1586,7.0,0.15300099551677704,340,474,147,202
2064,52.87463211216477,1586,2.0,0.37362155318260193,1340,502,65,43
15,52.90797046784709,1587,2.0,0.339103102684021,1529,456,71,39
1588,52.90797046784709,1587,2.0,0.12894026935100555,1598,434,48,36
1926,52.90797046784709,1587,2.0,0.15043631196022034,1872,558,91,54
1991,52.90797046784709,1587,2.0,0.47877493500709534,614,282,46,26
2023,52.90797046784709,1587,2.0,0.4312875270843506,725,354,74,43
2024,52.90797046784709,1587,2.0,0.5395441055297852,280,287,54,42
2032,52.90797046784709,1587,2.0,0.6791340708732605,599,653,114,94
2037,52.90797046784709,1587,2.0,0.45484647154808044,385,396,64,51
2060,52.90797046784709,1587,2.0,0.36498311161994934,1175,427,48,38
2064,52.90797046784709,1587,2.0,0.36469051241874695,1338,502,63,41
15,52.94130882352941,1588,2.0,0.3075543940067291,1529,456,71,38
1588,52.94130882352941,1588,2.0,0.12682422995567322,1598,434,48,36
1926,52.94130882352941,1588,2.0,0.176272451877594,1871,558,93,52
1991,52.94130882352941,1588,2.0,0.4848460257053375,610,280,46,26
2023,52.94130882352941,1588,2.0,0.5139279365539551,720,351,72,41
2024,52.94130882352941,1588,2.0,0.5422703623771667,281,290,58,43
2032,52.94130882352941,1588,2.0,0.42848607897758484,609,664,117,97
2037,52.94130882352941,1588,2.0,0.5642563104629517,387,401,62,51
2060,52.94130882352941,1588,2.0,0.3260756731033325,1172,426,47,37
2064,52.94130882352941,1588,2.0,0.1802671253681183,1338,502,63,42
2036,52.94130882352941,1588,6.0,0.48038798570632935,350,486,159,226
15,52.974647179211736,1589,2.0,0.33190256357192993,1529,456,71,38
1588,52.974647179211736,1589,2.0,0.1337154060602188,1598,434,48,36
1926,52.974647179211736,1589,2.0,0.13602766394615173,1873,556,90,53
1991,52.974647179211736,1589,2.0,0.47483187913894653,605,279,47,23
2023,52.974647179211736,1589,2.0,0.6145604848861694,713,348,68,41
2024,52.974647179211736,1589,2.0,0.4751581847667694,284,293,54,41
2032,52.974647179211736,1589,2.0,0.5783281326293945,620,677,120,100
2037,52.974647179211736,1589,2.0,0.49815869331359863,391,402,65,57
2064,52.974647179211736,1589,2.0,0.32835525274276733,1336,501,65,40
2036,52.974647179211736,1589,6.0,0.43177109956741333,352,490,163,236
15,53.00798553489406,1590,2.0,0.34256380796432495,1529,456,71,39
1588,53.00798553489406,1590,2.0,0.15341311693191528,1598,434,49,36
1926,53.00798553489406,1590,2.0,0.245369553565979,1872,557,93,52
1991,53.00798553489406,1590,2.0,0.22014887630939484,602,278,45,26
2023,53.00798553489406,1590,2.0,0.659171462059021,708,346,66,43
2024,53.00798553489406,1590,2.0,0.483650803565979,286,294,56,42
2032,53.00798553489406,1590,2.0,0.5902075171470642,632,691,122,104
2037,53.00798553489406,1590,2.0,0.43649137020111084,394,407,66,57
2064,53.00798553489406,1590,2.0,0.20384648442268372,1334,499,66,42
2036,53.00798553489406,1590,6.0,0.3933911621570587,354,494,168,243
15,53.041323890576386,1591,2.0,0.3636839687824249,1529,456,71,39
1588,53.041323890576386,1591,2.0,0.15168192982673645,1598,434,48,36
1926,53.041323890576386,1591,2.0,0.38678717613220215,1870,556,95,51
1991,53.041323890576386,1591,2.0,0.10877417773008347,594,275,41,29
2023,53.041323890576386,1591,2.0,0.5735484957695007,703,342,65,45
2024,53.041323890576386,1591,2.0,0.606340229511261,289,297,58,42
2032,53.041323890576386,1591,2.0,0.5130285620689392,644,704,125,105
2037,53.041323890576386,1591,2.0,0.5625348687171936,397,414,65,50
2064,53.041323890576386,1591,2.0,0.3615829050540924,1333,498,62,41
2036,53.041323890576386,1591,5.0,0.4166962802410126,361,505,168,237
15,53.074662246258704,1592,2.0,0.35086652636528015,1529,456,71,39
1588,53.074662246258704,1592,2.0,0.12581562995910645,1598,434,49,36
1926,53.074662246258704,1592,2.0,0.42248275876045227,1870,557,95,51
1991,53.074662246258704,1592,2.0,0.2604425549507141,591,273,43,28
2023,53.074662246258704,1592,2.0,0.4744706451892853,696,339,67,43
2024,53.074662246258704,1592,2.0,0.598654568195343,292,299,55,44
2032,53.074662246258704,1592,2.0,0.46083053946495056,655,717,126,107
2037,53.074662246258704,1592,2.0,0.43099209666252136,400,419,68,49
2064,53.074662246258704,1592,2.0,0.33483895659446716,1328,496,69,39
2036,53.074662246258704,1592,5.0,0.28570815920829773,364,512,166,239
15,53.10800060194103,1593,2.0,0.34714341163635254,1529,456,72,39
1588,53.10800060194103,1593,2.0,0.12452862411737442,1597,434,48,36
1926,53.10800060194103,1593,2.0,0.4722035825252533,1866,557,96,51
1991,53.10800060194103,1593,2.0,0.3697492182254791,587,271,45,28
2023,53.10800060194103,1593,2.0,0.5026275515556335,690,337,67,41
2024,53.10800060194103,1593,2.0,0.6147870421409607,294,300,54,42
2032,53.10800060194103,1593,2.0,0.5696079134941101,668,732,128,113
2037,53.10800060194103,1593,2.0,0.5561180710792542,403,424,70,54
2064,53.10800060194103,1593,2.0,0.4151188135147095,1325,496,68,38
2036,53.10800060194103,1593,6.0,0.4078090190887451,369,520,175,245
15,53.141338957623354,1594,2.0,0.3591013550758362,1529,456,71,38
1588,53.141338957623354,1594,2.0,0.130237877368927,1597,434,47,36
1926,53.141338957623354,1594,2.0,0.42559143900871277,1864,556,95,51
1991,53.141338957623354,1594,2.0,0.31858763098716736,583,270,47,31
2023,53.141338957623354,1594,2.0,0.6154012084007263,683,333,67,41
2024,53.141338957623354,1594,2.0,0.5265436768531799,294,301,60,42
2032,53.141338957623354,1594,2.0,0.5524614453315735,683,746,137,116
2037,53.141338957623354,1594,2.0,0.5921618342399597,408,428,67,57
2064,53.141338957623354,1594,2.0,0.39756903052330017,1321,494,68,38
2036,53.141338957623354,1594,6.0,0.520994246006012,374,525,177,256
15,53.17467731330568,1595,2.0,0.37595412135124207,1529,456,71,39
1588,53.17467731330568,1595,2.0,0.14155887067317963,1597,434,47,36
1926,53.17467731330568,1595,2.0,0.4730585813522339,1863,555,93,50
1991,53.17467731330568,1595,2.0,0.5493891835212708,580,267,41,26
2023,53.17467731330568,1595,2.0,0.6710616946220398,678,330,64,40
2024,53.17467731330568,1595,2.0,0.40795859694480896,295,303,59,42
2032,53.17467731330568,1595,2.0,0.5309906005859375,697,763,140,120
2037,53.17467731330568,1595,2.0,0.47725194692611694,413,433,69,59
2064,53.17467731330568,1595,2.0,0.43087664246559143,1322,495,61,38
2036,53.17467731330568,1595,7.0,0.20833098888397217,382,534,177,254
15,53.208015668988,1596,2.0,0.38867443799972534,1529,456,71,39
1588,53.208015668988,1596,2.0,0.1352669894695282,1597,434,48,36
1926,53.208015668988,1596,2.0,0.5499748587608337,1861,553,93,50
1991,53.208015668988,1596,2.0,0.24504230916500092,576,266,39,27
2023,53.208015668988,1596,2.0,0.6642779111862183,673,326,64,41
2024,53.208015668988,1596,2.0,0.5152574181556702,301,307,57,42
2032,53.208015668988,1596,2.0,0.5634349584579468,714,780,144,128
2037,53.208015668988,1596,2.0,0.5650976300239563,415,438,69,55
2064,53.208015668988,1596,2.0,0.3248458504676819,1316,493,67,40
2036,53.208015668988,1596,7.0,0.24108470976352692,386,542,176,260
15,53.24135402467032,1597,2.0,0.3386234641075134,1529,456,71,40
1588,53.24135402467032,1597,2.0,0.11871805042028427,1596,435,48,36
1926,53.24135402467032,1597,2.0,0.4705881178379059,1859,553,92,51
1991,53.24135402467032,1597,2.0,0.47062045335769653,572,262,42,26
2023,53.24135402467032,1597,2.0,0.6866729855537415,670,324,67,42
2024,53.24135402467032,1597,2.0,0.5167012214660645,302,309,53,45
2032,53.24135402467032,1597,2.0,0.4575954079627991,729,796,149,135
2037,53.24135402467032,1597,2.0,0.6093984246253967,421,444,73,56
2064,53.24135402467032,1597,2.0,0.4184272289276123,1316,492,64,40
2036,53.24135402467032,1597,7.0,0.32867881655693054,389,549,177,264
15,53.27469238035265,1598,2.0,0.3608415722846985,1529,456,72,39
1588,53.27469238035265,1598,2.0,0.10741516947746277,1596,434,45,36
1926,53.27469238035265,1598,2.0,0.45099684596061707,1858,551,90,48
1991,53.27469238035265,1598,2.0,0.44842126965522766,568,259,43,25
2023,53.27469238035265,1598,2.0,0.6698950529098511,663,321,62,42
2024,53.27469238035265,1598,2.0,0.6036509871482849,304,312,54,46
2032,53.27469238035265,1598,2.0,0.5400993824005127,743,815,149,140
2037,53.27469238035265,1598,2.0,0.6453624367713928,426,449,74,55
2064,53.27469238035265,1598,2.0,0.3814330995082855,1311,490,71,40
2036,53.27469238035265,1598,7.0,0.3410351574420929,393,557,186,268
15,53.30803073603497,1599,2.0,0.3626091778278351,1529,456,72,39
1588,53.30803073603497,1599,2.0,0.11336029320955276,1596,434,45,36
1926,53.30803073603497,1599,2.0,0.5176647305488586,1857,550,87,47
1991,53.30803073603497,1599,2.0,0.494157612323761,564,258,46,24
2023,53.30803073603497,1599,2.0,0.5724557638168335,658,318,62,43
2024,53.30803073603497,1599,2.0,0.5475049614906311,306,315,56,45
2032,53.30803073603497,1599,2.0,0.46595725417137146,762,835,155,141
2037,53.30803073603497,1599,2.0,0.5022492408752441,431,455,76,59
2064,53.30803073603497,1599,2.0,0.3487081527709961,1309,488,75,42
2036,53.30803073603497,1599,6.0,0.32856646180152893,394,565,189,272
15,53.34136909171729,1600,2.0,0.4017345607280731,1529,456,72,39
1588,53.34136909171729,1600,2.0,0.12350203841924667,1596,434,46,36
1926,53.34136909171729,1600,2.0,0.5223426222801208,1855,548,86,44
1991,53.34136909171729,1600,2.0,0.5371904969215393,560,256,44,23
2023,53.34136909171729,1600,2.0,0.5181887745857239,652,315,60,44
2024,53.34136909171729,1600,2.0,0.4485609233379364,307,318,55,45
2032,53.34136909171729,1600,2.0,0.5395914912223816,778,854,160,150
2037,53.34136909171729,1600,2.0,0.3351387083530426,435,460,76,60
2064,53.34136909171729,1600,2.0,0.2384871542453766,1307,487,74,41
2036,53.34136909171729,1600,6.0,0.3403856158256531,400,575,197,282
15,53.374707447399615,1601,2.0,0.36544784903526306,1529,456,71,39
1588,53.374707447399615,1601,2.0,0.138783261179924,1596,434,45,36
1926,53.374707447399615,1601,2.0,0.49782896041870117,1854,547,85,46
1991,53.374707447399615,1601,2.0,0.3603978157043457,555,255,44,24
2023,53.374707447399615,1601,2.0,0.6117057204246521,646,313,62,43
2024,53.374707447399615,1601,2.0,0.3903076648712158,309,320,56,44
2032,53.374707447399615,1601,2.0,0.1729772686958313,795,874,164,149
2037,53.374707447399615,1601,2.0,0.6105384826660156,440,467,78,60
2064,53.374707447399615,1601,2.0,0.20215171575546265,1302,484,73,41
2036,53.374707447399615,1601,6.0,0.12763653695583344,404,584,199,290
15,53.40804580308194,1602,2.0,0.3654005229473114,1529,456,72,38
1588,53.40804580308194,1602,2.0,0.10836990177631378,1596,434,45,36
1926,53.40804580308194,1602,2.0,0.607933521270752,1852,547,85,47
1991,53.40804580308194,1602,2.0,0.21858058869838715,550,254,40,24
2023,53.40804580308194,1602,2.0,0.5784847140312195,641,310,62,41
2024,53.40804580308194,1602,2.0,0.6221385598182678,309,320,57,46
2032,53.40804580308194,1602,2.0,0.16388645768165588,828,898,195,160
2037,53.40804580308194,1602,2.0,0.5729015469551086,444,472,80,62
2064,53.40804580308194,1602,2.0,0.3169873356819153,1298,482,73,40
2036,53.40804580308194,1602,6.0,0.43318912386894226,412,593,208,298
15,53.441384158764265,1603,2.0,0.4164065420627594,1529,455,72,38
1588,53.441384158764265,1603,2.0,0.10862264782190323,1596,434,45,36
1926,53.441384158764265,1603,2.0,0.4857681095600128,1850,545,84,46
2023,53.441384158764265,1603,2.0,0.6140602231025696,635,307,59,40
2024,53.441384158764265,1603,2.0,0.5988456606864929,314,323,56,45
2032,53.441384158764265,1603,2.0,0.4348280429840088,854,923,214,171
2037,53.441384158764265,1603,2.0,0.5038909316062927,450,477,80,62
2064,53.441384158764265,1603,2.0,0.3328692615032196,1295,480,74,41
2036,53.441384158764265,1603,7.0,0.5040398836135864,419,601,214,304
15,53.47472251444658,1604,2.0,0.3980858027935028,1529,456,72,38
1588,53.47472251444658,1604,2.0,0.11711382120847702,1597,434,45,36
1926,53.47472251444658,1604,2.0,0.5497208833694458,1849,543,81,47
2023,53.47472251444658,1604,2.0,0.6574252247810364,631,305,60,37
2024,53.47472251444658,1604,2.0,0.574802041053772,314,325,59,45
2032,53.47472251444658,1604,2.0,0.13820868730545044,872,947,210,178
2037,53.47472251444658,1604,7.0,0.14677490293979645,455,482,80,65
2064,53.47472251444658,1604,2.0,0.37407186627388,1294,480,74,40
2036,53.47472251444658,1604,6.0,0.7587969303131104,429,610,224,320
15,53.50806087012891,1605,2.0,0.39501953125,1529,456,71,38
1588,53.50806087012891,1605,2.0,0.13705070316791534,1597,434,46,36
1926,53.50806087012891,1605,2.0,0.5146623253822327,1848,542,80,50
2023,53.50806087012891,1605,2.0,0.7060982584953308,627,303,58,38
2024,53.50806087012891,1605,2.0,0.5569813251495361,315,328,56,45
2037,53.50806087012891,1605,2.0,0.25004640221595764,460,490,81,67
2064,53.50806087012891,1605,2.0,0.34121066331863403,1290,479,71,40
2036,53.50806087012891,1605,6.0,0.6800184845924377,435,617,233,327
15,53.54139922581123,1606,2.0,0.38702812790870667,1529,455,71,37
1588,53.54139922581123,1606,2.0,0.12092620134353638,1597,434,45,36
1926,53.54139922581123,1606,2.0,0.5213095545768738,1846,539,79,50
2023,53.54139922581123,1606,2.0,0.6566674709320068,622,302,56,38
2024,53.54139922581123,1606,2.0,0.5386730432510376,317,332,56,47
2037,53.54139922581123,1606,2.0,0.4799209237098694,466,496,81,66
2064,53.54139922581123,1606,2.0,0.40405699610710144,1286,477,72,41
2036,53.54139922581123,1606,6.0,0.4779757857322693,441,629,242,333
15,53.57473758149356,1607,2.0,0.4125012755393982,1529,455,71,37
1588,53.57473758149356,1607,2.0,0.10671491175889969,1597,434,45,36
1926,53.57473758149356,1607,2.0,0.5098644495010376,1844,538,77,50
2023,53.57473758149356,1607,2.0,0.689041256904602,618,300,57,39
2024,53.57473758149356,1607,2.0,0.39952564239501953,319,335,55,47
2037,53.57473758149356,1607,2.0,0.2778134346008301,471,502,82,68
2064,53.57473758149356,1607,2.0,0.38994210958480835,1284,475,79,39
2036,53.57473758149356,1607,6.0,0.6366993188858032,447,642,250,341
15,53.608075937175876,1608,2.0,0.4075721800327301,1529,455,71,37
1588,53.608075937175876,1608,2.0,0.10990610718727112,1597,434,45,36
1926,53.608075937175876,1608,2.0,0.43234890699386597,1843,537,75,48
2023,53.608075937175876,1608,2.0,0.5802047848701477,614,298,59,38
2024,53.608075937175876,1608,2.0,0.38150373101234436,323,338,58,47
2037,53.608075937175876,1608,2.0,0.43095728754997253,477,507,84,73
2064,53.608075937175876,1608,2.0,0.3471663296222687,1284,474,74,38
2036,53.608075937175876,1608,6.0,0.2891958951950073,452,654,254,345
15,53.6414142928582,1609,2.0,0.4379040002822876,1529,455,71,37
1588,53.6414142928582,1609,2.0,0.12055929005146027,1597,434,44,36
1926,53.6414142928582,1609,2.0,0.6099618673324585,1842,536,75,48
2023,53.6414142928582,1609,2.0,0.6922886371612549,609,296,58,38
2024,53.6414142928582,1609,2.0,0.365105539560318,324,342,58,44
2037,53.6414142928582,1609,2.0,0.3897123336791992,484,516,83,72
2064,53.6414142928582,1609,2.0,0.3085366189479828,1278,471,80,37
2036,53.6414142928582,1609,7.0,0.5038313269615173,463,668,258,355
15,53.674752648540526,1610,2.0,0.43502283096313477,1529,455,71,37
1588,53.674752648540526,1610,2.0,0.13382436335086823,1597,434,44,36
1926,53.674752648540526,1610,2.0,0.5645519495010376,1841,536,73,48
2023,53.674752648540526,1610,2.0,0.6177979707717896,605,292,56,39
2024,53.674752648540526,1610,2.0,0.5170053243637085,326,344,58,46
2037,53.674752648540526,1610,2.0,0.4701195955276489,489,522,86,72
2064,53.674752648540526,1610,2.0,0.25880059599876404,1272,471,74,40
2036,53.674752648540526,1610,6.0,0.27717578411102295,469,679,265,366
15,53.70809100422285,1611,2.0,0.44566524028778076,1529,455,71,37
1588,53.70809100422285,1611,2.0,0.13612934947013855,1597,434,44,36
1926,53.70809100422285,1611,2.0,0.6429169178009033,1841,534,74,48
2023,53.70809100422285,1611,2.0,0.5959663391113281,601,291,53,38
2024,53.70809100422285,1611,2.0,0.5288786888122559,329,346,59,47
2037,53.70809100422285,1611,2.0,0.3245493173599243,495,529,89,74
2064,53.70809100422285,1611,2.0,0.2586365342140198,1268,470,72,41
2036,53.70809100422285,1611,6.0,0.3196917176246643,478,693,277,385
15,53.741429359905176,1612,2.0,0.4495502710342407,1529,456,71,37
1588,53.741429359905176,1612,2.0,0.1350710093975067,1597,434,44,36
1926,53.741429359905176,1612,2.0,0.6486680507659912,1839,534,72,48
2023,53.741429359905176,1612,2.0,0.7215002775192261,596,288,55,37
2024,53.741429359905176,1612,2.0,0.49410107731819153,333,348,64,48
2037,53.741429359905176,1612,2.0,0.44373366236686707,501,536,88,78
2064,53.741429359905176,1612,2.0,0.3514766991138458,1267,469,71,42
2036,53.741429359905176,1612,5.0,0.3036888539791107,487,704,288,400
15,53.774767715587494,1613,2.0,0.4366143047809601,1529,455,71,37
1588,53.774767715587494,1613,2.0,0.12892881035804749,1597,434,44,35
1926,53.774767715587494,1613,2.0,0.6104106307029724,1838,532,71,46
2023,53.774767715587494,1613,2.0,0.6548619866371155,593,286,56,36
2024,53.774767715587494,1613,2.0,0.45269349217414856,334,351,64,49
2037,53.774767715587494,1613,2.0,0.42213305830955505,508,544,89,78
2064,53.774767715587494,1613,2.0,0.13526387512683868,1268,469,58,39
2036,53.774767715587494,1613,6.0,0.3445151746273041,494,718,297,410
2085,53.774767715587494,1613,2.0,0.41963309049606323,1872,340,60,28
15,53.80810607126982,1614,2.0,0.45374879240989685,1529,455,71,37
1588,53.80810607126982,1614,2.0,0.13477446138858795,1597,434,44,35
1926,53.80810607126982,1614,2.0,0.7223199009895325,1837,531,72,46
2023,53.80810607126982,1614,2.0,0.661482036113739,589,284,56,34
2024,53.80810607126982,1614,2.0,0.5691406726837158,336,356,61,49
2037,53.80810607126982,1614,2.0,0.3473059833049774,516,552,92,82
2064,53.80810607126982,1614,2.0,0.139150932431221,1264,466,57,39
2036,53.80810607126982,1614,5.0,0.15352854132652283,497,725,293,409
2085,53.80810607126982,1614,2.0,0.38870346546173096,1870,339,63,28
15,53.841444426952144,1615,2.0,0.48194625973701477,1529,456,70,37
1588,53.841444426952144,1615,2.0,0.14595845341682434,1597,435,45,36
1926,53.841444426952144,1615,2.0,0.6968845725059509,1835,529,70,46
2023,53.841444426952144,1615,2.0,0.6508303284645081,586,282,52,33
2024,53.841444426952144,1615,2.0,0.6143255233764648,338,359,60,51
2037,53.841444426952144,1615,2.0,0.29827234148979187,523,561,93,83
2064,53.841444426952144,1615,2.0,0.2551083564758301,1261,465,59,37
2036,53.841444426952144,1615,6.0,0.3861067593097687,501,724,293,389
2085,53.841444426952144,1615,2.0,0.45685768127441406,1867,338,66,29
15,53.87478278263447,1616,2.0,0.4914933443069458,1529,456,70,37
1588,53.87478278263447,1616,2.0,0.14958195388317108,1597,434,46,36
1926,53.87478278263447,1616,2.0,0.6596927642822266,1835,529,70,46
2023,53.87478278263447,1616,2.0,0.5584424734115601,583,279,53,36
2024,53.87478278263447,1616,2.0,0.5037182569503784,341,363,61,51
2037,53.87478278263447,1616,2.0,0.2752377688884735,531,569,95,83
2064,53.87478278263447,1616,2.0,0.10855668038129807,1256,462,62,38
2036,53.87478278263447,1616,6.0,0.4833354651927948,511,724,296,375
2085,53.87478278263447,1616,2.0,0.4983384609222412,1865,338,66,31
15,53.90812113831679,1617,2.0,0.49570807814598083,1529,456,70,37
1588,53.90812113831679,1617,2.0,0.143837109208107,1598,434,46,36
1926,53.90812113831679,1617,2.0,0.6620442867279053,1833,527,70,47
2023,53.90812113831679,1617,2.0,0.5994216799736023,579,278,54,36
2024,53.90812113831679,1617,2.0,0.5797870755195618,343,365,63,54
2037,53.90812113831679,1617,2.0,0.519080638885498,538,578,99,86
2064,53.90812113831679,1617,2.0,0.14482173323631287,1254,460,61,40
2036,53.90812113831679,1617,5.0,0.22553719580173492,522,734,309,381
2085,53.90812113831679,1617,2.0,0.4517643451690674,1862,339,62,29
15,53.94145949399911,1618,2.0,0.49136966466903687,1529,456,70,37
1588,53.94145949399911,1618,2.0,0.1476220041513443,1597,434,46,36
1926,53.94145949399911,1618,2.0,0.654334306716919,1832,526,68,46
2023,53.94145949399911,1618,2.0,0.44519859552383423,574,275,53,37
2024,53.94145949399911,1618,2.0,0.4608350396156311,345,367,65,54
2037,53.94145949399911,1618,2.0,0.4306511878967285,548,588,105,86
2036,53.94145949399911,1618,7.0,0.14141707122325897,543,778,334,454
2085,53.94145949399911,1618,2.0,0.3963380753993988,1859,338,60,29
15,53.97479784968144,1619,2.0,0.46413135528564453,1529,456,70,38
1588,53.97479784968144,1619,2.0,0.12707918882369995,1598,434,46,36
1926,53.97479784968144,1619,2.0,0.5974452495574951,1831,525,66,46
2023,53.97479784968144,1619,2.0,0.329784095287323,570,274,52,36
2024,53.97479784968144,1619,2.0,0.566842257976532,348,369,67,54
2037,53.97479784968144,1619,2.0,0.4353753626346588,555,597,103,91
2036,53.97479784968144,1619,5.0,0.21307767927646637,544,764,325,407
2085,53.97479784968144,1619,2.0,0.41698697209358215,1855,336,60,28
15,54.00813620536376,1620,2.0,0.4902181923389435,1529,456,70,38
1588,54.00813620536376,1620,2.0,0.14328742027282715,1598,435,46,36
1926,54.00813620536376,1620,2.0,0.5996456146240234,1829,525,66,47
2023,54.00813620536376,1620,2.0,0.46157699823379517,567,273,53,36
2024,54.00813620536376,1620,2.0,0.5262793302536011,352,373,68,57
2037,54.00813620536376,1620,5.0,0.33332306146621704,564,607,107,95
2036,54.00813620536376,1620,6.0,0.3989166021347046,541,755,306,376
2085,54.00813620536376,1620,2.0,0.3551270365715027,1853,336,53,26
15,54.04147456104608,1621,2.0,0.5123611688613892,1529,456,70,38
1588,54.04147456104608,1621,2.0,0.14811588823795319,1598,435,46,36
1926,54.04147456104608,1621,2.0,0.6439144015312195,1828,524,65,47
2023,54.04147456104608,1621,2.0,0.5570089221000671,563,271,51,36
2024,54.04147456104608,1621,2.0,0.5108372569084167,354,376,68,58
2037,54.04147456104608,1621,2.0,0.4172236919403076,573,618,109,98
2036,54.04147456104608,1621,5.0,0.24780331552028656,554,775,325,393
2085,54.04147456104608,1621,2.0,0.11367246508598328,1844,335,57,26
15,54.074812916728405,1622,2.0,0.5116272568702698,1529,456,70,37
1588,54.074812916728405,1622,2.0,0.15313749015331268,1598,434,47,36
1926,54.074812916728405,1622,2.0,0.6250951290130615,1826,523,64,48
2023,54.074812916728405,1622,2.0,0.5334107279777527,561,269,52,35
2024,54.074812916728405,1622,2.0,0.5519537329673767,356,379,68,61
2037,54.074812916728405,1622,2.0,0.5721306204795837,582,628,111,100
2036,54.074812916728405,1622,5.0,0.34943389892578125,551,785,311,392
2085,54.074812916728405,1622,2.0,0.1746896207332611,1840,335,63,26
15,54.10815127241073,1623,2.0,0.5189782977104187,1530,456,70,37
1588,54.10815127241073,1623,2.0,0.15407522022724152,1598,434,46,36
1926,54.10815127241073,1623,2.0,0.6768621206283569,1826,522,62,46
2023,54.10815127241073,1623,2.0,0.5174201726913452,557,267,51,37
2024,54.10815127241073,1623,2.0,0.5999690890312195,357,383,73,62
2037,54.10815127241073,1623,2.0,0.6141822338104248,593,638,114,104
2036,54.10815127241073,1623,5.0,0.38270702958106995,558,778,314,355
2085,54.10815127241073,1623,2.0,0.15980912744998932,1836,335,64,25
15,54.141489628093055,1624,2.0,0.5468149185180664,1530,456,70,38
1588,54.141489628093055,1624,2.0,0.14958862960338593,1598,434,46,36
1926,54.141489628093055,1624,2.0,0.674528181552887,1826,521,61,47
2023,54.141489628093055,1624,2.0,0.5458666682243347,551,265,44,34
2024,54.141489628093055,1624,2.0,0.49097660183906555,359,386,74,64
2037,54.141489628093055,1624,2.0,0.5606496930122375,600,647,113,104
2036,54.141489628093055,1624,5.0,0.3343041241168976,569,782,321,339
2085,54.141489628093055,1624,2.0,0.20416861772537231,1834,335,66,25
15,54.17482798377537,1625,2.0,0.5292102098464966,1530,456,70,38
1588,54.17482798377537,1625,2.0,0.13393063843250275,1598,434,45,36
1926,54.17482798377537,1625,2.0,0.6706215739250183,1825,519,61,47
2023,54.17482798377537,1625,2.0,0.5308077931404114,547,263,44,33
2024,54.17482798377537,1625,2.0,0.5116096138954163,364,391,69,61
2037,54.17482798377537,1625,2.0,0.5031401515007019,612,662,121,110
2036,54.17482798377537,1625,7.0,0.1221216544508934,599,825,367,401
2085,54.17482798377537,1625,2.0,0.1507909893989563,1833,334,57,25
15,54.2081663394577,1626,2.0,0.45288825035095215,1530,456,70,37
1588,54.2081663394577,1626,2.0,0.12902823090553284,1598,434,46,36
1926,54.2081663394577,1626,2.0,0.5924932360649109,1824,518,59,47
2023,54.2081663394577,1626,2.0,0.6130146384239197,544,260,44,30
2024,54.2081663394577,1626,2.0,0.35716649889945984,368,394,66,62
2037,54.2081663394577,1626,2.0,0.4418698847293854,622,674,125,110
15,54.24150469514002,1627,2.0,0.44062888622283936,1530,456,69,37
1588,54.24150469514002,1627,2.0,0.13718914985656738,1598,434,45,36
1926,54.24150469514002,1627,2.0,0.5277931094169617,1823,517,58,47
2023,54.24150469514002,1627,2.0,0.49944356083869934,540,258,46,30
2024,54.24150469514002,1627,2.0,0.39856213331222534,371,400,69,61
2037,54.24150469514002,1627,2.0,0.5196448564529419,634,687,129,115
15,54.27484305082235,1628,2.0,0.44735512137413025,1530,456,69,37
1588,54.27484305082235,1628,2.0,0.1437305063009262,1598,434,45,35
1926,54.27484305082235,1628,2.0,0.5875881910324097,1823,515,58,47
2023,54.27484305082235,1628,2.0,0.6653196215629578,538,257,48,31
2024,54.27484305082235,1628,2.0,0.4299647808074951,375,403,70,61
2037,54.27484305082235,1628,2.0,0.38446471095085144,645,699,130,119
15,54.308181406504666,1629,2.0,0.4394560754299164,1530,456,69,38
1588,54.308181406504666,1629,2.0,0.13905876874923706,1598,434,45,35
1926,54.308181406504666,1629,2.0,0.47027093172073364,1821,514,57,48
2023,54.308181406504666,1629,2.0,0.3248337209224701,535,255,43,31
2024,54.308181406504666,1629,2.0,0.34579744935035706,379,407,68,62
2037,54.308181406504666,1629,7.0,0.4543560743331909,657,713,127,122
15,54.34151976218699,1630,2.0,0.4581439197063446,1530,456,69,38
1588,54.34151976218699,1630,2.0,0.13305167853832245,1598,435,45,35
1926,54.34151976218699,1630,2.0,0.624691367149353,1821,513,57,49
2023,54.34151976218699,1630,2.0,0.39891719818115234,532,254,44,31
2024,54.34151976218699,1630,2.0,0.3545714020729065,383,410,73,66
2037,54.34151976218699,1630,2.0,0.44734546542167664,671,728,132,126
15,54.374858117869316,1631,2.0,0.462864488363266,1530,456,69,38
1588,54.374858117869316,1631,2.0,0.13832169771194458,1598,435,44,35
1926,54.374858117869316,1631,2.0,0.5858036279678345,1820,512,57,48
2023,54.374858117869316,1631,2.0,0.4091412425041199,529,253,46,31
2024,54.374858117869316,1631,2.0,0.3304460942745209,384,414,74,70
2037,54.374858117869316,1631,2.0,0.589259684085846,684,742,135,130
15,54.40819647355164,1632,2.0,0.4660889208316803,1530,456,69,38
1588,54.40819647355164,1632,2.0,0.12854436039924622,1598,435,44,35
1926,54.40819647355164,1632,2.0,0.5638784766197205,1820,511,56,48
2023,54.40819647355164,1632,2.0,0.36058422923088074,526,253,48,31
2024,54.40819647355164,1632,2.0,0.39371025562286377,388,418,75,72
2037,54.40819647355164,1632,7.0,0.498198002576828,698,756,138,135
15,54.44153482923396,1633,2.0,0.46129170060157776,1530,456,69,38
1588,54.44153482923396,1633,2.0,0.12655159831047058,1598,435,44,35
1926,54.44153482923396,1633,2.0,0.603870689868927,1820,510,56,47
2023,54.44153482923396,1633,2.0,0.3233160376548767,524,252,49,31
2024,54.44153482923396,1633,2.0,0.4415281414985657,392,423,77,70
2037,54.44153482923396,1633,7.0,0.4913029074668884,713,775,143,138
15,54.474873184916284,1634,2.0,0.5059818625450134,1530,456,69,38
1588,54.474873184916284,1634,2.0,0.14764349162578583,1598,435,45,35
1926,54.474873184916284,1634,2.0,0.5619959831237793,1819,509,56,46
2023,54.474873184916284,1634,2.0,0.4090363681316376,522,252,51,31
2024,54.474873184916284,1634,2.0,0.5543330907821655,393,428,78,70
2037,54.474873184916284,1634,2.0,0.393187940120697,729,793,147,142
2109,54.474873184916284,1634,2.0,0.5830519199371338,1761,783,237,116
15,54.50821154059861,1635,2.0,0.5315185785293579,1530,456,69,38
1588,54.50821154059861,1635,2.0,0.14840394258499146,1598,435,45,35
1926,54.50821154059861,1635,2.0,0.5432333946228027,1820,508,56,45
2023,54.50821154059861,1635,2.0,0.252074658870697,518,250,49,31
2024,54.50821154059861,1635,2.0,0.4231407046318054,396,432,81,71
2037,54.50821154059861,1635,7.0,0.4302315413951874,745,810,149,151
2109,54.50821154059861,1635,2.0,0.791553795337677,1724,770,232,112
15,54.541549896280934,1636,2.0,0.5089423656463623,1530,456,69,38
1588,54.541549896280934,1636,2.0,0.13459618389606476,1598,435,45,35
1926,54.541549896280934,1636,2.0,0.5405463576316833,1820,508,56,44
2023,54.541549896280934,1636,2.0,0.31364721059799194,516,248,51,32
2024,54.541549896280934,1636,2.0,0.32825812697410583,401,436,80,75
2037,54.541549896280934,1636,2.0,0.4134734570980072,762,829,157,154
2109,54.541549896280934,1636,2.0,0.7330819368362427,1686,752,222,109
15,54.57488825196326,1637,2.0,0.5340778827667236,1530,456,69,38
1588,54.57488825196326,1637,2.0,0.14530746638774872,1598,435,44,35
1926,54.57488825196326,1637,2.0,0.5018429756164551,1820,506,56,42
2023,54.57488825196326,1637,2.0,0.3572372496128082,513,246,48,34
2024,54.57488825196326,1637,2.0,0.5208824276924133,405,442,82,75
2037,54.57488825196326,1637,2.0,0.5681595802307129,780,849,160,160
2109,54.57488825196326,1637,2.0,0.7920602560043335,1649,734,213,101
2118,54.57488825196326,1637,2.0,0.3512747883796692,1330,500,72,41
15,54.60822660764558,1638,2.0,0.53288733959198,1530,456,69,38
1588,54.60822660764558,1638,2.0,0.13832032680511475,1598,435,44,35
1926,54.60822660764558,1638,2.0,0.5223007202148438,1820,506,54,42
2023,54.60822660764558,1638,2.0,0.3778161406517029,510,243,43,34
2024,54.60822660764558,1638,2.0,0.41544806957244873,407,446,87,75
2037,54.60822660764558,1638,2.0,0.5422878861427307,797,863,165,157
2109,54.60822660764558,1638,2.0,0.7940452098846436,1616,719,212,101
2118,54.60822660764558,1638,2.0,0.4031245708465576,1327,499,72,42
2119,54.60822660764558,1638,2.0,0.35191354155540466,1907,676,23,38
15,54.6415649633279,1639,2.0,0.5087950825691223,1530,456,69,38
1588,54.6415649633279,1639,2.0,0.1333966851234436,1598,435,44,35
1926,54.6415649633279,1639,2.0,0.5389320254325867,1820,502,55,45
2023,54.6415649633279,1639,2.0,0.28859415650367737,506,241,40,32
2024,54.6415649633279,1639,2.0,0.49869105219841003,408,452,95,72
2037,54.6415649633279,1639,2.0,0.5311459302902222,821,890,178,173
2109,54.6415649633279,1639,2.0,0.8574150800704956,1579,705,203,99
2118,54.6415649633279,1639,2.0,0.4055022895336151,1324,497,68,41
2119,54.6415649633279,1639,2.0,0.3353642523288727,1907,676,23,38
15,54.67490331901023,1640,2.0,0.5376618504524231,1530,456,69,38
1588,54.67490331901023,1640,2.0,0.14210185408592224,1597,435,43,35
1926,54.67490331901023,1640,2.0,0.5748353600502014,1819,500,53,46
2023,54.67490331901023,1640,2.0,0.2511419355869293,502,239,39,32
2024,54.67490331901023,1640,2.0,0.42910343408584595,416,457,89,72
2037,54.67490331901023,1640,7.0,0.37027499079704285,856,915,214,184
2109,54.67490331901023,1640,2.0,0.8082422614097595,1548,690,193,93
2118,54.67490331901023,1640,2.0,0.5002837181091309,1322,496,71,41
2119,54.67490331901023,1640,2.0,0.3113563060760498,1907,676,23,37
15,54.70824167469255,1641,2.0,0.5643153786659241,1530,456,69,38
1588,54.70824167469255,1641,2.0,0.14886748790740967,1597,435,43,35
1926,54.70824167469255,1641,2.0,0.37111103534698486,1819,499,52,45
2023,54.70824167469255,1641,2.0,0.32570067048072815,500,237,39,31
2024,54.70824167469255,1641,2.0,0.25402992963790894,424,463,83,74
2037,54.70824167469255,1641,2.0,0.551948070526123,873,939,212,190
2109,54.70824167469255,1641,2.0,0.8284226655960083,1522,678,194,92
2118,54.70824167469255,1641,2.0,0.4209786653518677,1319,495,72,42
2119,54.70824167469255,1641,2.0,0.3351115584373474,1907,676,23,38
15,54.74158003037487,1642,2.0,0.5588551163673401,1530,456,70,38
1588,54.74158003037487,1642,2.0,0.12652671337127686,1597,435,43,35
1926,54.74158003037487,1642,2.0,0.5538710355758667,1819,498,51,44
2023,54.74158003037487,1642,2.0,0.3406524658203125,497,235,39,31
2024,54.74158003037487,1642,2.0,0.2819939851760864,428,470,80,70
2109,54.74158003037487,1642,2.0,0.7537673115730286,1492,666,185,90
2118,54.74158003037487,1642,2.0,0.4708499312400818,1319,495,68,38
2119,54.74158003037487,1642,2.0,0.3117050528526306,1907,676,23,38
15,54.774918386057195,1643,2.0,0.5385552048683167,1530,456,70,39
1588,54.774918386057195,1643,2.0,0.13042856752872467,1597,435,43,35
1926,54.774918386057195,1643,2.0,0.5193163752555847,1819,498,50,42
2023,54.774918386057195,1643,2.0,0.3008875846862793,495,234,40,31
2024,54.774918386057195,1643,2.0,0.4329605996608734,433,475,78,73
2109,54.774918386057195,1643,2.0,0.7785963416099548,1462,655,175,88
2118,54.774918386057195,1643,2.0,0.362634539604187,1316,494,65,40
2119,54.774918386057195,1643,2.0,0.26085659861564636,1907,676,23,37
15,54.80825674173952,1644,2.0,0.47914308309555054,1530,457,70,40
1588,54.80825674173952,1644,2.0,0.13343781232833862,1597,435,43,34
1926,54.80825674173952,1644,2.0,0.5136058330535889,1819,497,51,42
2023,54.80825674173952,1644,2.0,0.41861334443092346,492,233,43,31
2024,54.80825674173952,1644,2.0,0.3673030734062195,437,479,82,74
2109,54.80825674173952,1644,2.0,0.6312331557273865,1434,642,167,83
2118,54.80825674173952,1644,2.0,0.3521600067615509,1314,493,66,39
2119,54.80825674173952,1644,2.0,0.22068096697330475,1907,676,23,37
15,54.841595097421845,1645,2.0,0.4587535560131073,1530,457,71,41
1588,54.841595097421845,1645,2.0,0.1195279210805893,1597,435,43,34
1926,54.841595097421845,1645,2.0,0.48308923840522766,1819,495,51,42
2023,54.841595097421845,1645,2.0,0.4861656725406647,490,232,42,30
2024,54.841595097421845,1645,2.0,0.35166603326797485,441,484,83,80
2109,54.841595097421845,1645,2.0,0.6277898550033569,1411,631,166,84
2118,54.841595097421845,1645,2.0,0.35824692249298096,1311,492,67,39
2119,54.841595097421845,1645,2.0,0.2391068935394287,1907,676,23,38
15,54.87493345310416,1646,2.0,0.45901644229888916,1530,457,71,42
1588,54.87493345310416,1646,2.0,0.11099563539028168,1598,435,44,35
1926,54.87493345310416,1646,2.0,0.3882829546928406,1819,494,51,43
2023,54.87493345310416,1646,2.0,0.32823896408081055,488,231,40,29
2024,54.87493345310416,1646,2.0,0.4667978882789612,442,489,89,84
2109,54.87493345310416,1646,2.0,0.7241320610046387,1389,621,171,79
2118,54.87493345310416,1646,2.0,0.484241247177124,1308,490,69,40
2119,54.87493345310416,1646,2.0,0.19998504221439362,1907,676,23,37
15,54.90827180878649,1647,2.0,0.45067667961120605,1530,457,71,41
1588,54.90827180878649,1647,2.0,0.11575089395046234,1597,435,44,35
1926,54.90827180878649,1647,2.0,0.4901064336299896,1818,494,50,42
2023,54.90827180878649,1647,2.0,0.3142046332359314,486,230,39,27
2024,54.90827180878649,1647,2.0,0.4165043830871582,447,494,93,84
2109,54.90827180878649,1647,2.0,0.43942126631736755,1365,609,157,76
2118,54.90827180878649,1647,2.0,0.3813615143299103,1305,490,70,40
2119,54.90827180878649,1647,2.0,0.18582914769649506,1907,676,23,37
15,54.94161016446881,1648,2.0,0.41185101866722107,1530,458,70,43
1588,54.94161016446881,1648,2.0,0.10233817994594574,1597,435,43,34
1926,54.94161016446881,1648,2.0,0.4729680120944977,1819,492,50,44
2023,54.94161016446881,1648,2.0,0.19072122871875763,483,230,37,27
2024,54.94161016446881,1648,2.0,0.34830325841903687,451,502,100,85
2109,54.94161016446881,1648,2.0,0.5640155076980591,1341,599,151,72
2118,54.94161016446881,1648,2.0,0.2173076719045639,1305,489,72,41
15,54.97494852015114,1649,2.0,0.4464004337787628,1529,458,70,44
1588,54.97494852015114,1649,2.0,0.10808759182691574,1597,434,44,34
1926,54.97494852015114,1649,2.0,0.48365890979766846,1819,491,49,45
2023,54.97494852015114,1649,2.0,0.1301758885383606,482,229,40,26
2024,54.97494852015114,1649,2.0,0.38607221841812134,456,509,101,87
2109,54.97494852015114,1649,2.0,0.5910910964012146,1321,592,147,75
2118,54.97494852015114,1649,2.0,0.3184669315814972,1301,486,70,41
15,55.008286875833456,1650,2.0,0.4356142580509186,1529,458,70,43
1588,55.008286875833456,1650,2.0,0.10674095898866653,1597,434,43,34
1926,55.008286875833456,1650,2.0,0.5978449583053589,1819,490,49,46
2024,55.008286875833456,1650,2.0,0.43476220965385437,460,514,102,91
2109,55.008286875833456,1650,2.0,0.6282519698143005,1304,583,145,75
2118,55.008286875833456,1650,2.0,0.385716050863266,1295,484,71,42
15,55.04162523151578,1651,2.0,0.4303470253944397,1529,458,70,43
1588,55.04162523151578,1651,2.0,0.10264073312282562,1597,434,42,34
1926,55.04162523151578,1651,2.0,0.5166390538215637,1819,489,49,43
2024,55.04162523151578,1651,7.0,0.3249443769454956,465,517,103,95
2109,55.04162523151578,1651,2.0,0.22599920630455017,1280,573,137,71
2118,55.04162523151578,1651,2.0,0.27504774928092957,1292,483,64,40
15,55.074963587198106,1652,2.0,0.4297181963920593,1529,458,70,43
1926,55.074963587198106,1652,2.0,0.5155384540557861,1820,488,52,41
2024,55.074963587198106,1652,7.0,0.2514428496360779,470,524,103,95
2109,55.074963587198106,1652,2.0,0.325641393661499,1259,566,130,70
2118,55.074963587198106,1652,2.0,0.26715922355651855,1289,482,67,40
15,55.10830194288043,1653,2.0,0.42070719599723816,1529,457,70,43
1926,55.10830194288043,1653,2.0,0.5483570098876953,1820,486,51,42
2024,55.10830194288043,1653,7.0,0.29359015822410583,478,532,101,96
2109,55.10830194288043,1653,2.0,0.48619499802589417,1240,555,125,65
2118,55.10830194288043,1653,2.0,0.32505694031715393,1285,480,69,40
15,55.14164029856275,1654,2.0,0.4074377119541168,1530,457,69,42
1926,55.14164029856275,1654,2.0,0.5054428577423096,1820,486,50,40
2024,55.14164029856275,1654,7.0,0.2779131531715393,485,540,99,98
2109,55.14164029856275,1654,2.0,0.5088427066802979,1225,549,126,64
2118,55.14164029856275,1654,2.0,0.3399442434310913,1282,478,71,40
15,55.17497865424507,1655,2.0,0.42337632179260254,1530,457,69,42
1926,55.17497865424507,1655,2.0,0.552773118019104,1821,485,51,40
2024,55.17497865424507,1655,2.0,0.326800137758255,491,547,103,100
2109,55.17497865424507,1655,2.0,0.6598536968231201,1206,540,121,65
2118,55.17497865424507,1655,2.0,0.4197232127189636,1281,477,73,41
15,55.2083170099274,1656,2.0,0.39857420325279236,1529,457,69,42
1926,55.2083170099274,1656,2.0,0.5946243405342102,1821,485,50,39
2024,55.2083170099274,1656,2.0,0.3018385171890259,498,555,104,103
2109,55.2083170099274,1656,2.0,0.29496586322784424,1188,533,121,63
2118,55.2083170099274,1656,2.0,0.37811726331710815,1278,474,72,38
2137,55.2083170099274,1656,2.0,0.45768508315086365,1903,581,32,40
15,55.241655365609724,1657,2.0,0.39244282245635986,1530,457,69,42
1926,55.241655365609724,1657,2.0,0.6089624762535095,1822,485,51,38
2024,55.241655365609724,1657,7.0,0.3713959753513336,505,562,106,105
2109,55.241655365609724,1657,2.0,0.39949724078178406,1173,525,113,64
2118,55.241655365609724,1657,2.0,0.13406254351139069,1279,473,66,38
2137,55.241655365609724,1657,2.0,0.49413418769836426,1902,581,34,39
15,55.27499372129204,1658,2.0,0.4304405152797699,1530,457,69,41
1926,55.27499372129204,1658,2.0,0.6557974815368652,1823,484,50,39
2024,55.27499372129204,1658,7.0,0.5155991911888123,512,569,106,108
2109,55.27499372129204,1658,2.0,0.37473660707473755,1155,517,110,63
2137,55.27499372129204,1658,2.0,0.5110725164413452,1902,581,34,38
15,55.30833207697437,1659,2.0,0.4291744530200958,1530,457,69,41
1926,55.30833207697437,1659,2.0,0.6947312355041504,1825,483,49,39
2024,55.30833207697437,1659,7.0,0.3465166687965393,517,576,107,109
2109,55.30833207697437,1659,2.0,0.5456018447875977,1142,510,111,62
2137,55.30833207697437,1659,2.0,0.4381249248981476,1901,580,34,38
15,55.34167043265669,1660,2.0,0.433666855096817,1530,457,69,41
1926,55.34167043265669,1660,2.0,0.7311869859695435,1825,482,50,39
2024,55.34167043265669,1660,7.0,0.33624592423439026,524,586,110,110
2109,55.34167043265669,1660,2.0,0.6385986804962158,1125,503,107,58
2137,55.34167043265669,1660,2.0,0.4496925473213196,1901,580,35,37
15,55.37500878833902,1661,2.0,0.44601210951805115,1530,457,69,41
1926,55.37500878833902,1661,2.0,0.6555498838424683,1826,482,52,37
2024,55.37500878833902,1661,7.0,0.45421066880226135,532,595,113,115
2109,55.37500878833902,1661,2.0,0.5554569363594055,1111,495,103,57
2137,55.37500878833902,1661,2.0,0.43029552698135376,1900,580,37,36
15,55.40834714402134,1662,2.0,0.4682529866695404,1530,457,69,41
1926,55.40834714402134,1662,2.0,0.728877067565918,1827,480,51,38
2024,55.40834714402134,1662,7.0,0.4012485146522522,540,604,117,119
2109,55.40834714402134,1662,2.0,0.6139929294586182,1099,489,105,57
2137,55.40834714402134,1662,2.0,0.3229268193244934,1899,580,39,34
2023,55.40834714402134,1662,2.0,0.28254154324531555,450,212,35,28
15,55.44168549970366,1663,2.0,0.47114866971969604,1530,457,70,41
1926,55.44168549970366,1663,2.0,0.7150601744651794,1828,478,51,38
2024,55.44168549970366,1663,7.0,0.263375461101532,548,614,120,119
2109,55.44168549970366,1663,2.0,0.45057326555252075,1085,484,106,56
2137,55.44168549970366,1663,2.0,0.33210328221321106,1899,580,40,35
2023,55.44168549970366,1663,2.0,0.42707887291908264,448,212,37,27
15,55.475023855385984,1664,2.0,0.45611828565597534,1530,457,70,41
1926,55.475023855385984,1664,2.0,0.6861700415611267,1830,477,53,38
2024,55.475023855385984,1664,7.0,0.2828027606010437,555,622,123,120
2109,55.475023855385984,1664,2.0,0.4893288314342499,1069,479,100,56
2137,55.475023855385984,1664,2.0,0.3665224015712738,1898,580,42,35
2023,55.475023855385984,1664,2.0,0.21558338403701782,445,211,36,28
15,55.50836221106831,1665,2.0,0.4839833080768585,1530,457,70,41
1926,55.50836221106831,1665,2.0,0.7112875580787659,1832,475,53,37
2024,55.50836221106831,1665,7.0,0.3482489287853241,563,632,125,125
2109,55.50836221106831,1665,2.0,0.6686322689056396,1056,473,98,57
2137,55.50836221106831,1665,2.0,0.38446497917175293,1897,579,42,36
2023,55.50836221106831,1665,2.0,0.28340160846710205,442,211,36,28
15,55.541700566750634,1666,2.0,0.5057775378227234,1529,457,70,41
1926,55.541700566750634,1666,2.0,0.725001871585846,1833,474,54,36
2024,55.541700566750634,1666,7.0,0.47075560688972473,574,644,127,128
2109,55.541700566750634,1666,2.0,0.5683285593986511,1045,467,98,54
2137,55.541700566750634,1666,2.0,0.3922017812728882,1897,579,43,37
2023,55.541700566750634,1666,2.0,0.45822155475616455,441,210,37,27
15,55.57503892243295,1667,2.0,0.505172073841095,1529,457,69,40
1926,55.57503892243295,1667,2.0,0.7612757086753845,1835,473,54,36
2024,55.57503892243295,1667,7.0,0.3188234865665436,582,654,134,133
2109,55.57503892243295,1667,2.0,0.6157289147377014,1034,462,96,51
2137,55.57503892243295,1667,2.0,0.5044456720352173,1897,578,44,39
2023,55.57503892243295,1667,2.0,0.20070330798625946,439,209,36,28
15,55.60837727811528,1668,2.0,0.5136472582817078,1529,457,69,40
1926,55.60837727811528,1668,2.0,0.6800709366798401,1836,473,55,35
2024,55.60837727811528,1668,7.0,0.39137864112854004,592,664,137,138
2109,55.60837727811528,1668,2.0,0.5748008489608765,1022,457,98,51
2137,55.60837727811528,1668,2.0,0.4503631293773651,1896,578,45,40
2023,55.60837727811528,1668,2.0,0.3147321939468384,438,208,36,27
15,55.6417156337976,1669,2.0,0.5315328240394592,1530,457,69,40
1926,55.6417156337976,1669,2.0,0.7685160636901855,1838,472,56,35
2024,55.6417156337976,1669,7.0,0.5443621873855591,601,677,139,141
2109,55.6417156337976,1669,2.0,0.721310555934906,1010,452,95,50
2137,55.6417156337976,1669,2.0,0.31360653042793274,1895,576,47,43
2023,55.6417156337976,1669,2.0,0.31242984533309937,437,207,35,27
15,55.67505398947993,1670,2.0,0.5059816241264343,1529,457,69,40
1926,55.67505398947993,1670,2.0,0.6953699588775635,1839,471,57,36
2024,55.67505398947993,1670,7.0,0.5455096364021301,612,689,143,146
2109,55.67505398947993,1670,2.0,0.5821883678436279,1000,447,91,52
2137,55.67505398947993,1670,2.0,0.313267320394516,1894,577,48,42
2023,55.67505398947993,1670,2.0,0.26386624574661255,436,206,36,27
15,55.708392345162245,1671,2.0,0.49845412373542786,1530,457,69,41
1926,55.708392345162245,1671,2.0,0.6534770727157593,1840,470,58,36
2024,55.708392345162245,1671,7.0,0.44802433252334595,624,701,146,148
2109,55.708392345162245,1671,2.0,0.48583072423934937,991,442,95,48
2137,55.708392345162245,1671,2.0,0.23895595967769623,1893,574,51,46
2023,55.708392345162245,1671,2.0,0.2060147225856781,435,206,35,27
15,55.74173070084457,1672,2.0,0.49791669845581055,1530,457,69,41
1926,55.74173070084457,1672,2.0,0.5743630528450012,1840,469,56,35
2024,55.74173070084457,1672,7.0,0.334861695766449,634,713,150,154
2109,55.74173070084457,1672,2.0,0.5055115222930908,979,438,92,49
2137,55.74173070084457,1672,2.0,0.15980568528175354,1892,568,53,58
15,55.775069056526895,1673,2.0,0.5028709769248962,1530,457,69,41
1926,55.775069056526895,1673,2.0,0.5480520725250244,1841,468,56,35
2024,55.775069056526895,1673,7.0,0.4368303716182709,645,726,151,155
2109,55.775069056526895,1673,2.0,0.330373078584671,968,434,92,50
2137,55.775069056526895,1673,2.0,0.40906357765197754,1891,561,54,63
15,55.80840741220922,1674,2.0,0.5209178328514099,1530,457,69,41
1926,55.80840741220922,1674,2.0,0.5880533456802368,1844,467,57,36
2024,55.80840741220922,1674,7.0,0.4235404431819916,656,740,155,161
2109,55.80840741220922,1674,2.0,0.5909244418144226,957,429,86,51
2137,55.80840741220922,1674,2.0,0.3389977514743805,1890,559,57,68
15,55.84174576789154,1675,2.0,0.4976048767566681,1530,457,69,41
1926,55.84174576789154,1675,2.0,0.5959388613700867,1845,466,57,34
2024,55.84174576789154,1675,7.0,0.3923063278198242,671,756,162,166
2109,55.84174576789154,1675,2.0,0.4068191647529602,946,424,84,49
2137,55.84174576789154,1675,2.0,0.23050642013549805,1889,558,59,68
15,55.87508412357386,1676,2.0,0.49393942952156067,1530,457,69,41
1926,55.87508412357386,1676,2.0,0.5518438220024109,1847,465,57,34
2024,55.87508412357386,1676,7.0,0.395402729511261,682,771,167,173
2109,55.87508412357386,1676,2.0,0.33277207612991333,935,418,87,51
2137,55.87508412357386,1676,2.0,0.3054652214050293,1889,558,60,68
15,55.90842247925619,1677,2.0,0.5063682794570923,1530,457,69,40
1926,55.90842247925619,1677,2.0,0.5326917171478271,1848,465,58,35
2024,55.90842247925619,1677,7.0,0.46638989448547363,696,787,173,176
2109,55.90842247925619,1677,2.0,0.43479663133621216,924,413,84,47
2137,55.90842247925619,1677,2.0,0.24563825130462646,1888,559,61,66
15,55.94176083493851,1678,2.0,0.4935125708580017,1530,457,69,40
1926,55.94176083493851,1678,2.0,0.47756773233413696,1851,463,61,38
2024,55.94176083493851,1678,7.0,0.4541269838809967,711,802,179,183
2109,55.94176083493851,1678,2.0,0.5335339307785034,917,410,82,47
2137,55.94176083493851,1678,2.0,0.2767050564289093,1887,560,63,67
15,55.97509919062083,1679,2.0,0.48671653866767883,1530,457,69,41
1926,55.97509919062083,1679,2.0,0.536327600479126,1853,462,64,39
2024,55.97509919062083,1679,5.0,0.3880840837955475,726,819,186,187
2109,55.97509919062083,1679,2.0,0.44878458976745605,907,405,78,50
2137,55.97509919062083,1679,2.0,0.18898172676563263,1886,562,65,72
15,56.008437546303156,1680,2.0,0.47713544964790344,1530,457,69,41
1926,56.008437546303156,1680,2.0,0.4368552565574646,1852,462,57,38
2024,56.008437546303156,1680,5.0,0.39035192131996155,742,837,190,193
2109,56.008437546303156,1680,2.0,0.4316861927509308,899,400,76,47
2137,56.008437546303156,1680,2.0,0.22042617201805115,1885,562,67,74
15,56.04177590198548,1681,2.0,0.4998319149017334,1530,457,69,41
1926,56.04177590198548,1681,2.0,0.4647046625614166,1857,461,62,38
2024,56.04177590198548,1681,7.0,0.21134449541568756,758,863,194,215
2109,56.04177590198548,1681,2.0,0.44679051637649536,890,395,76,44
2137,56.04177590198548,1681,2.0,0.21904224157333374,1884,562,68,75
15,56.075114257667806,1682,2.0,0.51161128282547,1530,457,69,41
1926,56.075114257667806,1682,2.0,0.5185713768005371,1858,460,57,36
2024,56.075114257667806,1682,7.0,0.128679558634758,778,880,207,214
2109,56.075114257667806,1682,2.0,0.5990628600120544,882,391,80,44
2137,56.075114257667806,1682,2.0,0.203560471534729,1884,563,69,76
2023,56.075114257667806,1682,2.0,0.2839370667934418,414,196,32,25
15,56.108452613350124,1683,2.0,0.5222523808479309,1530,457,68,40
1926,56.108452613350124,1683,2.0,0.5354153513908386,1859,460,55,35
2024,56.108452613350124,1683,7.0,0.4011504650115967,813,900,248,222
2109,56.108452613350124,1683,2.0,0.5223898887634277,874,388,76,42
2137,56.108452613350124,1683,2.0,0.22877563536167145,1883,563,70,76
2150,56.108452613350124,1683,2.0,0.4614931046962738,240,233,40,34
2023,56.108452613350124,1683,2.0,0.1992684155702591,412,196,32,26
15,56.14179096903245,1684,2.0,0.5159340500831604,1530,457,68,40
1926,56.14179096903245,1684,2.0,0.488426148891449,1858,459,49,35
2024,56.14179096903245,1684,2.0,0.22195689380168915,834,920,261,227
2109,56.14179096903245,1684,2.0,0.5488142371177673,866,387,74,41
2137,56.14179096903245,1684,2.0,0.15734057128429413,1882,562,72,75
2150,56.14179096903245,1684,2.0,0.48588982224464417,243,236,39,28
15,56.175129324714774,1685,2.0,0.5251241326332092,1530,457,68,40
1926,56.175129324714774,1685,2.0,0.5943669080734253,1859,458,45,35
2024,56.175129324714774,1685,7.0,0.10099315643310547,846,934,249,222
2109,56.175129324714774,1685,2.0,0.5419787168502808,860,385,74,41
2137,56.175129324714774,1685,2.0,0.15762996673583984,1882,562,72,73
2150,56.175129324714774,1685,2.0,0.44604530930519104,243,232,40,37
15,56.2084676803971,1686,2.0,0.5097181797027588,1530,457,68,40
1926,56.2084676803971,1686,2.0,0.5840552449226379,1865,458,54,34
2109,56.2084676803971,1686,2.0,0.48227885365486145,853,381,72,40
2137,56.2084676803971,1686,2.0,0.22552187740802765,1882,561,72,70
15,56.241806036079424,1687,2.0,0.5014858245849609,1530,457,68,40
1926,56.241806036079424,1687,2.0,0.5331162214279175,1867,458,56,34
2109,56.241806036079424,1687,2.0,0.4215962290763855,843,378,70,37
2137,56.241806036079424,1687,2.0,0.33152177929878235,1881,559,74,67
15,56.27514439176174,1688,2.0,0.5382338166236877,1530,457,68,40
1926,56.27514439176174,1688,2.0,0.5830981135368347,1869,456,58,35
2109,56.27514439176174,1688,2.0,0.5156816244125366,835,374,68,37
2137,56.27514439176174,1688,2.0,0.4404015839099884,1880,559,75,65
15,56.30848274744407,1689,2.0,0.5438861846923828,1530,457,68,41
1926,56.30848274744407,1689,2.0,0.6101962327957153,1870,455,58,36
2109,56.30848274744407,1689,2.0,0.5777890086174011,827,369,68,40
2137,56.30848274744407,1689,2.0,0.20426315069198608,1880,558,77,68
15,56.34182110312639,1690,2.0,0.5320190787315369,1530,458,68,41
1926,56.34182110312639,1690,2.0,0.6172837018966675,1873,454,61,37
2109,56.34182110312639,1690,2.0,0.609944224357605,819,366,67,39
2137,56.34182110312639,1690,2.0,0.2532276511192322,1879,556,78,65
2160,56.34182110312639,1690,2.0,0.6686544418334961,1530,750,243,125
15,56.37515945880872,1691,2.0,0.5676971673965454,1530,458,68,41
1926,56.37515945880872,1691,2.0,0.6157573461532593,1876,452,65,37
2109,56.37515945880872,1691,2.0,0.6400355696678162,813,364,67,37
2137,56.37515945880872,1691,2.0,0.46567365527153015,1879,553,79,65
15,56.408497814491035,1692,2.0,0.5416896343231201,1530,458,69,42
1926,56.408497814491035,1692,2.0,0.6107816100120544,1879,452,67,37
2109,56.408497814491035,1692,2.0,0.564751923084259,807,361,76,37
2137,56.408497814491035,1692,2.0,0.4199787378311157,1878,553,80,66
2160,56.408497814491035,1692,2.0,0.687659502029419,1461,717,227,116
15,56.44183617017336,1693,2.0,0.5369924902915955,1530,458,69,43
1926,56.44183617017336,1693,2.0,0.5873069167137146,1880,451,67,36
2109,56.44183617017336,1693,2.0,0.5654053688049316,798,356,68,33
2137,56.44183617017336,1693,2.0,0.4979429543018341,1877,552,81,66
2160,56.44183617017336,1693,2.0,0.5409835577011108,1419,700,210,113
15,56.475174525855685,1694,2.0,0.5228310227394104,1530,458,69,43
1926,56.475174525855685,1694,2.0,0.5669965147972107,1881,450,64,36
2109,56.475174525855685,1694,2.0,0.6461426019668579,791,354,65,35
2137,56.475174525855685,1694,2.0,0.5138068795204163,1877,550,82,69
2160,56.475174525855685,1694,2.0,0.4183429479598999,1393,684,216,111
15,56.50851288153801,1695,2.0,0.5318509936332703,1531,458,69,43
1926,56.50851288153801,1695,2.0,0.4645412564277649,1883,450,62,35
2109,56.50851288153801,1695,2.0,0.7155451774597168,785,351,66,33
2137,56.50851288153801,1695,2.0,0.48025229573249817,1876,550,84,68
2160,56.50851288153801,1695,2.0,0.5478460788726807,1358,668,199,107
2171,56.50851288153801,1695,2.0,0.5578433871269226,1523,673,163,90
15,56.54185123722033,1696,2.0,0.5248922109603882,1530,458,69,43
1926,56.54185123722033,1696,2.0,0.42525577545166016,1883,450,55,35
2109,56.54185123722033,1696,2.0,0.5316325426101685,778,349,64,33
2137,56.54185123722033,1696,2.0,0.4660678505897522,1877,548,84,70
2160,56.54185123722033,1696,2.0,0.5428084135055542,1329,654,192,104
2171,56.54185123722033,1696,2.0,0.4985499978065491,1491,663,157,87
2173,56.54185123722033,1696,2.0,0.3712581694126129,252,242,46,55
15,56.57518959290265,1697,2.0,0.5030352473258972,1530,458,69,43
1926,56.57518959290265,1697,2.0,0.3884482979774475,1886,449,53,34
2109,56.57518959290265,1697,2.0,0.5540518164634705,771,345,62,37
2137,56.57518959290265,1697,2.0,0.44348156452178955,1877,547,84,71
2160,56.57518959290265,1697,2.0,0.6438300013542175,1307,642,191,101
2171,56.57518959290265,1697,2.0,0.5154412984848022,1465,653,153,83
2173,56.57518959290265,1697,2.0,0.40835118293762207,253,243,48,56
15,56.60852794858498,1698,2.0,0.5063344836235046,1530,458,69,43
1926,56.60852794858498,1698,2.0,0.4028412401676178,1888,449,55,33
2109,56.60852794858498,1698,2.0,0.604398250579834,766,342,66,37
2137,56.60852794858498,1698,2.0,0.5062937140464783,1877,546,84,71
2160,56.60852794858498,1698,2.0,0.2586809992790222,1278,630,180,97
2171,56.60852794858498,1698,2.0,0.38420411944389343,1431,641,146,81
2173,56.60852794858498,1698,2.0,0.4403531551361084,252,244,42,53
15,56.6418663042673,1699,2.0,0.4944705665111542,1530,458,69,43
1926,56.6418663042673,1699,2.0,0.449685275554657,1890,449,55,32
2109,56.6418663042673,1699,2.0,0.6867917776107788,761,339,63,38
2137,56.6418663042673,1699,2.0,0.4972257912158966,1877,545,84,72
2160,56.6418663042673,1699,2.0,0.502122163772583,1253,616,172,94
2171,56.6418663042673,1699,2.0,0.3921660780906677,1415,631,152,83
2173,56.6418663042673,1699,2.0,0.4888100326061249,252,243,40,48
2175,56.6418663042673,1699,2.0,0.39093536138534546,264,260,40,27
15,56.67520465994962,1700,2.0,0.4835819900035858,1530,458,69,43
1926,56.67520465994962,1700,2.0,0.42537349462509155,1891,448,55,33
2109,56.67520465994962,1700,2.0,0.5633308291435242,754,336,62,38
2137,56.67520465994962,1700,2.0,0.509444534778595,1876,543,85,71
2160,56.67520465994962,1700,2.0,0.5355508327484131,1227,604,164,89
2171,56.67520465994962,1700,2.0,0.38855642080307007,1388,618,146,74
2173,56.67520465994962,1700,2.0,0.36845138669013977,251,237,34,34
2175,56.67520465994962,1700,2.0,0.32681000232696533,266,262,40,30
15,56.708543015631946,1701,2.0,0.47975432872772217,1530,458,69,43
1926,56.708543015631946,1701,2.0,0.40660446882247925,1892,447,53,33
2109,56.708543015631946,1701,2.0,0.4056970775127411,748,334,61,37
2137,56.708543015631946,1701,2.0,0.5132798552513123,1875,542,88,72
2160,56.708543015631946,1701,2.0,0.4952966272830963,1203,592,154,90
2171,56.708543015631946,1701,2.0,0.2822062373161316,1367,610,133,73
2173,56.708543015631946,1701,2.0,0.39045223593711853,252,235,33,27
2175,56.708543015631946,1701,2.0,0.36569929122924805,266,263,41,30
15,56.74188137131427,1702,2.0,0.4951111078262329,1530,458,69,42
1926,56.74188137131427,1702,2.0,0.596964418888092,1893,447,52,31
2109,56.74188137131427,1702,2.0,0.6435211896896362,743,331,65,35
2137,56.74188137131427,1702,2.0,0.33031994104385376,1876,541,85,70
2160,56.74188137131427,1702,2.0,0.19941973686218262,1182,580,150,89
2171,56.74188137131427,1702,2.0,0.25027361512184143,1346,597,125,62
2173,56.74188137131427,1702,2.0,0.42834335565567017,253,237,35,27
2175,56.74188137131427,1702,2.0,0.5219804048538208,268,265,44,30
15,56.775219726996596,1703,2.0,0.500493049621582,1530,458,69,43
1926,56.775219726996596,1703,2.0,0.4501287341117859,1894,446,50,30
2109,56.775219726996596,1703,2.0,0.6730191707611084,739,329,65,33
2137,56.775219726996596,1703,2.0,0.5583723783493042,1875,539,88,70
2160,56.775219726996596,1703,2.0,0.4631926715373993,1163,571,148,87
2171,56.775219726996596,1703,2.0,0.35975438356399536,1326,591,127,70
2173,56.775219726996596,1703,2.0,0.3628746271133423,256,239,35,30
2175,56.775219726996596,1703,2.0,0.4279756247997284,268,267,47,34
15,56.808558082678914,1704,2.0,0.49076780676841736,1530,458,69,43
1926,56.808558082678914,1704,2.0,0.34219080209732056,1895,446,48,32
2109,56.808558082678914,1704,2.0,0.6171780824661255,732,326,59,36
2137,56.808558082678914,1704,2.0,0.4478786289691925,1880,539,77,69
2160,56.808558082678914,1704,2.0,0.75528484582901,1142,562,148,86
2171,56.808558082678914,1704,2.0,0.6310602426528931,1308,586,133,76
2173,56.808558082678914,1704,2.0,0.32084083557128906,257,240,33,28
2175,56.808558082678914,1704,2.0,0.39751100540161133,270,270,47,32
15,56.84189643836124,1705,2.0,0.48683685064315796,1530,458,69,43
1926,56.84189643836124,1705,2.0,0.3374632000923157,1896,445,46,32
2109,56.84189643836124,1705,2.0,0.5774316191673279,726,323,59,36
2137,56.84189643836124,1705,2.0,0.5474338531494141,1876,538,85,70
2160,56.84189643836124,1705,2.0,0.4953280985355377,1123,553,143,82
2171,56.84189643836124,1705,2.0,0.3587043881416321,1288,577,125,70
2173,56.84189643836124,1705,2.0,0.30966877937316895,257,242,32,29
2175,56.84189643836124,1705,2.0,0.33779802918434143,271,270,49,37
15,56.875234794043564,1706,2.0,0.47895175218582153,1530,458,70,43
1926,56.875234794043564,1706,2.0,0.31579139828681946,1897,443,44,34
2109,56.875234794043564,1706,2.0,0.531593382358551,721,321,62,35
2137,56.875234794043564,1706,2.0,0.4515043795108795,1874,536,89,69
2160,56.875234794043564,1706,2.0,0.4323224723339081,1114,544,158,81
2171,56.875234794043564,1706,2.0,0.5074671506881714,1270,569,121,70
2173,56.875234794043564,1706,2.0,0.1679423749446869,257,243,30,28
2175,56.875234794043564,1706,2.0,0.19684307277202606,271,267,49,51
15,56.90857314972589,1707,2.0,0.48631370067596436,1530,458,71,43
1926,56.90857314972589,1707,2.0,0.2194361388683319,1898,445,43,32
2109,56.90857314972589,1707,2.0,0.46274855732917786,715,318,58,37
2137,56.90857314972589,1707,2.0,0.5641205310821533,1874,535,90,69
2160,56.90857314972589,1707,2.0,0.3351995348930359,1090,534,141,78
2171,56.90857314972589,1707,2.0,0.35769855976104736,1255,563,124,69
2173,56.90857314972589,1707,2.0,0.28655844926834106,260,245,34,28
2175,56.90857314972589,1707,2.0,0.32052692770957947,271,267,51,55
15,56.94191150540821,1708,2.0,0.45880594849586487,1530,458,71,43
1926,56.94191150540821,1708,2.0,0.27182537317276,1898,442,41,33
2109,56.94191150540821,1708,2.0,0.42175087332725525,711,317,58,37
2137,56.94191150540821,1708,2.0,0.49125999212265015,1873,533,91,69
2160,56.94191150540821,1708,2.0,0.47764697670936584,1071,526,130,75
2171,56.94191150540821,1708,2.0,0.4592265188694,1238,554,118,62
2173,56.94191150540821,1708,2.0,0.1772480309009552,260,246,34,29
2175,56.94191150540821,1708,2.0,0.16719569265842438,272,269,61,57
15,56.97524986109053,1709,2.0,0.44883298873901367,1530,458,71,43
1926,56.97524986109053,1709,2.0,0.12827527523040771,1899,442,40,34
2109,56.97524986109053,1709,2.0,0.4654771685600281,705,314,56,36
2137,56.97524986109053,1709,2.0,0.4651276469230652,1873,533,91,68
2160,56.97524986109053,1709,2.0,0.5091866850852966,1055,518,129,74
2171,56.97524986109053,1709,2.0,0.5952225923538208,1222,548,116,62
2173,56.97524986109053,1709,2.0,0.43763411045074463,263,248,40,31
2175,56.97524986109053,1709,2.0,0.22622857987880707,272,272,62,57
15,57.00858821677286,1710,2.0,0.47354546189308167,1530,457,71,42
1926,57.00858821677286,1710,2.0,0.11783566325902939,1900,443,38,33
2109,57.00858821677286,1710,2.0,0.46617865562438965,699,312,53,32
2137,57.00858821677286,1710,2.0,0.3665613830089569,1870,532,88,67
2160,57.00858821677286,1710,2.0,0.47882986068725586,1036,511,123,71
2171,57.00858821677286,1710,2.0,0.29993054270744324,1207,541,116,62
2173,57.00858821677286,1710,2.0,0.2930607795715332,265,248,39,32
2175,57.00858821677286,1710,2.0,0.11535234749317169,274,269,60,62
15,57.04192657245518,1711,2.0,0.4987359046936035,1530,457,72,42
1926,57.04192657245518,1711,2.0,0.1909717321395874,1900,438,37,31
2109,57.04192657245518,1711,2.0,0.6881781220436096,694,309,53,30
2137,57.04192657245518,1711,2.0,0.5289568901062012,1869,530,89,67
2160,57.04192657245518,1711,2.0,0.34981030225753784,1022,504,123,70
2171,57.04192657245518,1711,2.0,0.48229339718818665,1192,533,113,61
2173,57.04192657245518,1711,2.0,0.3821142017841339,265,249,36,32
15,57.0752649281375,1712,2.0,0.49976634979248047,1530,457,71,42
1926,57.0752649281375,1712,2.0,0.2492801547050476,1901,436,35,31
2109,57.0752649281375,1712,2.0,0.8038329482078552,688,305,53,28
2137,57.0752649281375,1712,2.0,0.5794508457183838,1868,529,88,66
2160,57.0752649281375,1712,2.0,0.3821786046028137,1005,497,116,69
2171,57.0752649281375,1712,2.0,0.31155163049697876,1178,526,107,59
2173,57.0752649281375,1712,2.0,0.2663954794406891,265,251,36,33
15,57.108603283819825,1713,2.0,0.4919312298297882,1530,457,71,41
1926,57.108603283819825,1713,2.0,0.1731988787651062,1901,434,34,32
2109,57.108603283819825,1713,2.0,0.7753621935844421,684,303,55,27
2137,57.108603283819825,1713,2.0,0.5466074347496033,1868,528,88,67
2160,57.108603283819825,1713,2.0,0.3954271078109741,991,487,112,68
2171,57.108603283819825,1713,2.0,0.5052178502082825,1163,521,105,61
2173,57.108603283819825,1713,2.0,0.23797796666622162,266,252,36,32
2182,57.108603283819825,1713,2.0,0.3993473947048187,288,288,35,33
15,57.14194163950215,1714,2.0,0.54229736328125,1530,457,71,41
1926,57.14194163950215,1714,2.0,0.16158169507980347,1902,435,33,31
2109,57.14194163950215,1714,2.0,0.5965805053710938,679,302,53,28
2137,57.14194163950215,1714,2.0,0.50189208984375,1868,527,87,69
2160,57.14194163950215,1714,2.0,0.4547194838523865,978,480,110,68
2171,57.14194163950215,1714,2.0,0.5761966109275818,1150,515,110,61
2173,57.14194163950215,1714,2.0,0.35144081711769104,268,255,36,29
15,57.175279995184475,1715,2.0,0.5798372626304626,1529,458,71,41
1926,57.175279995184475,1715,2.0,0.16425013542175293,1903,434,32,30
2109,57.175279995184475,1715,2.0,0.5494765639305115,674,301,52,29
2137,57.175279995184475,1715,2.0,0.531631350517273,1867,526,85,69
2160,57.175279995184475,1715,2.0,0.48763003945350647,964,473,108,65
2171,57.175279995184475,1715,2.0,0.4798519015312195,1136,509,105,58
2173,57.175279995184475,1715,2.0,0.33737555146217346,270,256,34,29
15,57.2086183508668,1716,2.0,0.5322803258895874,1529,458,71,42
1926,57.2086183508668,1716,2.0,0.1355462223291397,1904,434,28,29
2109,57.2086183508668,1716,2.0,0.39780980348587036,671,299,56,31
2137,57.2086183508668,1716,2.0,0.5486125349998474,1867,523,86,67
2160,57.2086183508668,1716,2.0,0.5913050174713135,950,468,108,64
2171,57.2086183508668,1716,2.0,0.3624701201915741,1123,504,107,57
2173,57.2086183508668,1716,2.0,0.46579983830451965,272,257,36,27
2191,57.2086183508668,1716,2.0,0.417880117893219,295,295,43,30
15,57.24195670654912,1717,2.0,0.48836439847946167,1529,457,71,41
1926,57.24195670654912,1717,2.0,0.10521003603935242,1906,435,24,28
2109,57.24195670654912,1717,2.0,0.3909037709236145,665,297,57,33
2137,57.24195670654912,1717,2.0,0.49034762382507324,1866,523,83,68
2160,57.24195670654912,1717,2.0,0.32885897159576416,937,461,103,63
2171,57.24195670654912,1717,2.0,0.4149238169193268,1109,497,101,54
2173,57.24195670654912,1717,2.0,0.5878239274024963,273,259,37,28
2191,57.24195670654912,1717,2.0,0.29503509402275085,297,297,45,33
15,57.27529506223144,1718,2.0,0.5622102618217468,1530,457,71,41
1926,57.27529506223144,1718,2.0,0.11500507593154907,1907,436,22,27
2109,57.27529506223144,1718,2.0,0.49770283699035645,660,296,56,34
2137,57.27529506223144,1718,2.0,0.36509671807289124,1864,521,79,70
2160,57.27529506223144,1718,2.0,0.3946448862552643,925,455,101,60
2171,57.27529506223144,1718,2.0,0.4782244563102722,1097,491,99,55
2173,57.27529506223144,1718,2.0,0.38503971695899963,275,261,34,27
2191,57.27529506223144,1718,2.0,0.41759341955184937,299,299,44,32
15,57.30863341791377,1719,2.0,0.5474503636360168,1530,457,71,41
1926,57.30863341791377,1719,2.0,0.12054978311061859,1908,437,21,28
2109,57.30863341791377,1719,2.0,0.6828976273536682,656,293,53,35
2137,57.30863341791377,1719,2.0,0.3383159637451172,1863,520,77,72
2160,57.30863341791377,1719,2.0,0.5080180764198303,913,450,98,59
2171,57.30863341791377,1719,2.0,0.4956530034542084,1085,486,100,55
2173,57.30863341791377,1719,2.0,0.49701598286628723,275,265,35,26
2191,57.30863341791377,1719,2.0,0.3564503788948059,300,302,42,30
15,57.34197177359609,1720,2.0,0.5505186319351196,1530,457,71,41
2109,57.34197177359609,1720,2.0,0.5861004590988159,653,291,53,34
2137,57.34197177359609,1720,2.0,0.5086549520492554,1863,518,75,72
2160,57.34197177359609,1720,2.0,0.4882843494415283,899,443,96,58
2171,57.34197177359609,1720,2.0,0.4650847017765045,1072,481,97,54
2173,57.34197177359609,1720,2.0,0.4651969373226166,277,268,37,28
2191,57.34197177359609,1720,2.0,0.24367178976535797,301,304,40,31
15,57.37531012927841,1721,2.0,0.532597541809082,1530,457,70,39
2109,57.37531012927841,1721,2.0,0.6545950174331665,648,287,49,31
2137,57.37531012927841,1721,2.0,0.504912257194519,1863,517,75,71
2160,57.37531012927841,1721,2.0,0.48749062418937683,889,435,96,62
2171,57.37531012927841,1721,2.0,0.5745024681091309,1060,475,93,52
2173,57.37531012927841,1721,2.0,0.5096228122711182,279,269,37,29
2191,57.37531012927841,1721,2.0,0.4083956182003021,304,306,44,31
15,57.408648484960736,1722,2.0,0.505303680896759,1530,457,70,39
2109,57.408648484960736,1722,2.0,0.6806002855300903,646,286,48,29
2137,57.408648484960736,1722,2.0,0.5224230289459229,1862,517,74,71
2160,57.408648484960736,1722,2.0,0.6200935244560242,878,430,92,60
2171,57.408648484960736,1722,2.0,0.6395804286003113,1050,469,95,52
2173,57.408648484960736,1722,2.0,0.5510138869285583,281,270,38,31
2191,57.408648484960736,1722,2.0,0.2457365095615387,306,309,41,32
15,57.44198684064306,1723,2.0,0.5144858360290527,1530,457,70,40
2109,57.44198684064306,1723,2.0,0.6497965455055237,640,283,45,26
2137,57.44198684064306,1723,2.0,0.4949115812778473,1860,516,71,70
2160,57.44198684064306,1723,2.0,0.6356068253517151,868,426,94,59
2171,57.44198684064306,1723,2.0,0.6740717887878418,1040,465,98,55
2173,57.44198684064306,1723,2.0,0.4364820122718811,284,272,38,35
2191,57.44198684064306,1723,2.0,0.23438012599945068,310,312,45,36
15,57.475325196325386,1724,2.0,0.5013167858123779,1530,457,70,40
2109,57.475325196325386,1724,2.0,0.7971528172492981,634,281,47,25
2137,57.475325196325386,1724,2.0,0.42212745547294617,1859,514,70,69
2160,57.475325196325386,1724,2.0,0.6267539858818054,858,422,88,56
2171,57.475325196325386,1724,2.0,0.6607367396354675,1028,461,90,54
2173,57.475325196325386,1724,2.0,0.3151330053806305,285,273,37,39
2191,57.475325196325386,1724,2.0,0.26362141966819763,312,315,44,38
2213,57.475325196325386,1724,2.0,0.404276579618454,200,254,43,30
15,57.508663552007704,1725,2.0,0.5121092796325684,1530,457,70,40
2109,57.508663552007704,1725,2.0,0.7742040157318115,632,279,48,25
2137,57.508663552007704,1725,2.0,0.484721839427948,1857,514,69,67
2160,57.508663552007704,1725,2.0,0.5343161225318909,848,418,87,54
2171,57.508663552007704,1725,2.0,0.34449103474617004,1018,455,98,52
2173,57.508663552007704,1725,2.0,0.49653252959251404,287,273,39,39
2191,57.508663552007704,1725,2.0,0.2482491284608841,313,318,46,37
2213,57.508663552007704,1725,2.0,0.37990665435791016,198,255,43,32
15,57.54200190769003,1726,2.0,0.49235236644744873,1530,457,70,39
2109,57.54200190769003,1726,2.0,0.4152456820011139,627,279,49,24
2137,57.54200190769003,1726,2.0,0.5543689131736755,1856,513,69,67
2160,57.54200190769003,1726,2.0,0.5370160341262817,837,413,85,53
2171,57.54200190769003,1726,2.0,0.6174114942550659,1007,452,92,51
2173,57.54200190769003,1726,2.0,0.49211782217025757,289,276,40,38
2191,57.54200190769003,1726,2.0,0.23483134806156158,316,321,51,37
2213,57.54200190769003,1726,2.0,0.24501533806324005,198,258,45,33
15,57.575340263372354,1727,2.0,0.4838639497756958,1530,457,70,39
2109,57.575340263372354,1727,2.0,0.3363855481147766,623,279,47,24
2137,57.575340263372354,1727,2.0,0.4399719834327698,1856,511,67,65
2160,57.575340263372354,1727,2.0,0.5628803372383118,829,409,80,52
2171,57.575340263372354,1727,2.0,0.6215037107467651,998,447,89,50
2173,57.575340263372354,1727,2.0,0.4988412857055664,289,277,39,37
2191,57.575340263372354,1727,2.0,0.32882800698280334,318,323,52,36
2213,57.575340263372354,1727,2.0,0.2407020777463913,196,258,41,35
2218,57.575340263372354,1727,5.0,0.5860329270362854,1682,821,245,123
15,57.60867861905468,1728,2.0,0.4909859001636505,1530,457,70,39
2109,57.60867861905468,1728,2.0,0.35235148668289185,620,277,48,26
2137,57.60867861905468,1728,2.0,0.47446495294570923,1855,510,66,63
2160,57.60867861905468,1728,2.0,0.6760242581367493,821,403,80,51
2171,57.60867861905468,1728,2.0,0.41842836141586304,988,442,86,49
2173,57.60867861905468,1728,2.0,0.6016873121261597,292,281,41,33
2191,57.60867861905468,1728,2.0,0.32662057876586914,320,326,49,36
2213,57.60867861905468,1728,2.0,0.30122891068458557,199,262,40,35
2218,57.60867861905468,1728,2.0,0.49072086811065674,1642,804,234,123
15,57.642016974737,1729,2.0,0.5097617506980896,1530,457,70,39
2109,57.642016974737,1729,2.0,0.23951902985572815,615,276,47,26
2137,57.642016974737,1729,2.0,0.6854283809661865,1854,509,65,62
2160,57.642016974737,1729,2.0,0.5831435322761536,811,398,82,45
2171,57.642016974737,1729,2.0,0.598771870136261,977,439,81,49
2173,57.642016974737,1729,2.0,0.52750164270401,294,284,41,34
2191,57.642016974737,1729,2.0,0.2328035831451416,323,328,47,37
2213,57.642016974737,1729,2.0,0.29866674542427063,200,264,39,34
2218,57.642016974737,1729,2.0,0.6592218279838562,1598,784,228,117
15,57.67535533041932,1730,2.0,0.515064001083374,1530,456,70,38
2109,57.67535533041932,1730,2.0,0.421647846698761,611,274,45,28
2137,57.67535533041932,1730,2.0,0.6067469716072083,1855,508,65,61
2160,57.67535533041932,1730,2.0,0.42630454897880554,805,394,71,46
2171,57.67535533041932,1730,2.0,0.4194219708442688,969,435,86,50
2173,57.67535533041932,1730,2.0,0.5346869826316833,296,286,41,36
2191,57.67535533041932,1730,2.0,0.23646390438079834,325,331,48,38
2213,57.67535533041932,1730,2.0,0.15647272765636444,202,268,39,33
2218,57.67535533041932,1730,2.0,0.4927075505256653,1559,766,228,117
15,57.70869368610165,1731,2.0,0.510915219783783,1531,456,69,38
2109,57.70869368610165,1731,2.0,0.45480653643608093,609,273,45,29
2137,57.70869368610165,1731,2.0,0.5125970244407654,1855,507,63,59
2160,57.70869368610165,1731,2.0,0.532540500164032,794,389,75,46
2171,57.70869368610165,1731,2.0,0.418714314699173,958,432,84,51
2173,57.70869368610165,1731,2.0,0.6140127778053284,298,288,39,37
2191,57.70869368610165,1731,2.0,0.3188121020793915,326,334,50,39
2213,57.70869368610165,1731,2.0,0.2810010015964508,203,272,40,31
2218,57.70869368610165,1731,7.0,0.35855787992477417,1518,743,210,115
15,57.74203204178397,1732,2.0,0.5229411721229553,1530,456,69,38
2109,57.74203204178397,1732,2.0,0.6507802605628967,607,270,42,28
2137,57.74203204178397,1732,2.0,0.5306239128112793,1855,508,61,58
2160,57.74203204178397,1732,2.0,0.5699442625045776,784,385,76,49
2171,57.74203204178397,1732,2.0,0.4923609793186188,948,427,82,49
2173,57.74203204178397,1732,2.0,0.5487247109413147,300,292,41,35
2191,57.74203204178397,1732,2.0,0.35841816663742065,329,338,53,39
2213,57.74203204178397,1732,2.0,0.31805598735809326,203,273,41,31
2218,57.74203204178397,1732,2.0,0.3221897482872009,1489,727,216,109
15,57.77537039746629,1733,2.0,0.5007972717285156,1531,457,69,38
2109,57.77537039746629,1733,2.0,0.5441436171531677,602,268,45,28
2137,57.77537039746629,1733,2.0,0.46744900941848755,1855,508,60,56
2160,57.77537039746629,1733,2.0,0.6041250228881836,776,381,76,48
2171,57.77537039746629,1733,2.0,0.37574225664138794,939,422,79,47
2173,57.77537039746629,1733,2.0,0.5701448321342468,301,294,42,34
2191,57.77537039746629,1733,2.0,0.37240490317344666,331,341,52,42
2213,57.77537039746629,1733,2.0,0.3537643253803253,206,275,44,31
2218,57.77537039746629,1733,2.0,0.6645228862762451,1447,712,192,102
15,57.808708753148615,1734,2.0,0.5072102546691895,1530,457,70,39
2109,57.808708753148615,1734,2.0,0.6021701097488403,598,263,43,26
2137,57.808708753148615,1734,2.0,0.519369900226593,1854,507,60,55
2160,57.808708753148615,1734,2.0,0.7236944437026978,768,377,74,48
2171,57.808708753148615,1734,2.0,0.5754624605178833,930,417,78,48
2173,57.808708753148615,1734,2.0,0.5738498568534851,304,297,45,37
2191,57.808708753148615,1734,2.0,0.33702540397644043,335,344,52,40
2213,57.808708753148615,1734,2.0,0.4748257100582123,203,276,40,33
2218,57.808708753148615,1734,2.0,0.5673009157180786,1412,697,180,101
15,57.84204710883094,1735,2.0,0.5213495492935181,1530,457,69,38
2109,57.84204710883094,1735,2.0,0.5491887331008911,595,260,40,25
2137,57.84204710883094,1735,2.0,0.36981502175331116,1855,505,59,53
2160,57.84204710883094,1735,2.0,0.45346322655677795,762,374,72,48
2171,57.84204710883094,1735,2.0,0.5718088746070862,922,413,79,47
2173,57.84204710883094,1735,2.0,0.6227114200592041,307,297,46,38
2191,57.84204710883094,1735,2.0,0.48686447739601135,338,346,54,39
2213,57.84204710883094,1735,2.0,0.41899657249450684,203,277,38,32
2218,57.84204710883094,1735,2.0,0.30255386233329773,1385,681,181,97
15,57.875385464513265,1736,2.0,0.5264899730682373,1531,457,69,38
2109,57.875385464513265,1736,2.0,0.5427473187446594,592,258,38,23
2137,57.875385464513265,1736,2.0,0.5153264999389648,1855,503,58,55
2160,57.875385464513265,1736,2.0,0.6825704574584961,756,369,73,46
2171,57.875385464513265,1736,2.0,0.5836395621299744,915,410,78,49
2173,57.875385464513265,1736,2.0,0.6270357370376587,308,298,43,39
2191,57.875385464513265,1736,2.0,0.4534866213798523,341,350,52,36
2213,57.875385464513265,1736,2.0,0.609117329120636,204,278,43,32
2218,57.875385464513265,1736,2.0,0.4322051703929901,1353,666,174,94
15,57.90872382019558,1737,2.0,0.49704885482788086,1531,457,69,38
2109,57.90872382019558,1737,2.0,0.5005068778991699,586,257,42,23
2137,57.90872382019558,1737,2.0,0.5191125869750977,1855,502,57,57
2160,57.90872382019558,1737,2.0,0.5065847635269165,745,365,73,47
2171,57.90872382019558,1737,2.0,0.5396272540092468,907,406,72,47
2173,57.90872382019558,1737,2.0,0.6122811436653137,310,300,42,40
2191,57.90872382019558,1737,2.0,0.4911629855632782,343,352,53,37
2213,57.90872382019558,1737,2.0,0.607132613658905,204,280,42,32
2218,57.90872382019558,1737,7.0,0.2727094888687134,1326,654,166,92
15,57.94206217587791,1738,2.0,0.4842188358306885,1531,456,70,38
2109,57.94206217587791,1738,2.0,0.7425210475921631,583,255,44,22
2137,57.94206217587791,1738,2.0,0.36616575717926025,1855,499,58,60
2160,57.94206217587791,1738,2.0,0.5088834762573242,738,362,72,45
2171,57.94206217587791,1738,2.0,0.42195698618888855,898,402,74,45
2173,57.94206217587791,1738,2.0,0.5729568004608154,312,304,43,38
2191,57.94206217587791,1738,2.0,0.5398302674293518,346,355,52,38
2213,57.94206217587791,1738,2.0,0.37560737133026123,205,281,41,33
2218,57.94206217587791,1738,2.0,0.4695064425468445,1301,640,162,89
15,57.97540053156023,1739,2.0,0.4681926667690277,1530,456,69,38
2109,57.97540053156023,1739,2.0,0.6628844738006592,580,255,42,22
2137,57.97540053156023,1739,2.0,0.32723042368888855,1855,498,57,61
2160,57.97540053156023,1739,2.0,0.4777502417564392,729,358,70,42
2171,57.97540053156023,1739,2.0,0.3878211975097656,893,398,72,42
2173,57.97540053156023,1739,2.0,0.5600691437721252,314,307,42,37
2191,57.97540053156023,1739,2.0,0.3490987718105316,348,359,55,43
2213,57.97540053156023,1739,2.0,0.6386104226112366,206,282,45,35
2218,57.97540053156023,1739,2.0,0.3459133505821228,1273,628,150,83
15,58.00873888724256,1740,2.0,0.4739679992198944,1530,456,69,38
2109,58.00873888724256,1740,2.0,0.6348665952682495,576,255,43,22
2137,58.00873888724256,1740,2.0,0.34121671319007874,1855,495,58,65
2160,58.00873888724256,1740,2.0,0.4004186689853668,722,354,69,40
2171,58.00873888724256,1740,2.0,0.5767987370491028,885,394,70,41
2173,58.00873888724256,1740,2.0,0.6264041066169739,315,309,44,36
2191,58.00873888724256,1740,2.0,0.23823124170303345,351,363,55,43
2213,58.00873888724256,1740,2.0,0.43602558970451355,207,285,41,38
2218,58.00873888724256,1740,7.0,0.25964245200157166,1247,617,142,79
15,58.04207724292488,1741,2.0,0.4971626102924347,1530,456,69,38
2109,58.04207724292488,1741,2.0,0.5537230372428894,572,254,45,24
2137,58.04207724292488,1741,2.0,0.5118429064750671,1855,494,56,63
2160,58.04207724292488,1741,2.0,0.46465036273002625,716,350,67,40
2171,58.04207724292488,1741,2.0,0.5692449808120728,876,390,69,42
2173,58.04207724292488,1741,2.0,0.6010295748710632,317,312,44,38
2191,58.04207724292488,1741,2.0,0.35851797461509705,354,368,58,43
2213,58.04207724292488,1741,2.0,0.2506389915943146,208,287,39,39
2218,58.04207724292488,1741,2.0,0.46727266907691956,1226,607,138,77
15,58.0754155986072,1742,2.0,0.44991135597229004,1530,456,69,38
2109,58.0754155986072,1742,2.0,0.5005834102630615,570,253,46,24
2137,58.0754155986072,1742,2.0,0.43510136008262634,1855,492,57,63
2160,58.0754155986072,1742,2.0,0.3367394804954529,711,348,65,39
2171,58.0754155986072,1742,2.0,0.32691115140914917,869,387,69,43
2173,58.0754155986072,1742,2.0,0.5127602815628052,320,315,48,39
2191,58.0754155986072,1742,2.0,0.39046791195869446,358,371,58,43
2213,58.0754155986072,1742,2.0,0.14233699440956116,208,290,39,39
2218,58.0754155986072,1742,7.0,0.3278973400592804,1202,596,132,75
2253,58.0754155986072,1742,2.0,0.588878333568573,1826,812,186,120
15,58.108753954289526,1743,2.0,0.5066846609115601,1530,456,69,38
2109,58.108753954289526,1743,2.0,0.441327303647995,567,252,44,25
2137,58.108753954289526,1743,2.0,0.5459815263748169,1855,493,57,60
2160,58.108753954289526,1743,2.0,0.5861613154411316,704,344,66,42
2171,58.108753954289526,1743,2.0,0.6517589092254639,863,385,70,42
2173,58.108753954289526,1743,2.0,0.5293510556221008,323,318,48,39
2191,58.108753954289526,1743,2.0,0.4619711935520172,361,374,59,42
2213,58.108753954289526,1743,2.0,0.12810657918453217,208,292,40,38
2218,58.108753954289526,1743,7.0,0.19100843369960785,1181,585,132,74
2253,58.108753954289526,1743,2.0,0.6376975774765015,1804,794,205,115
15,58.14209230997185,1744,2.0,0.5063303709030151,1530,456,69,38
2109,58.14209230997185,1744,2.0,0.4998781979084015,564,252,44,25
2137,58.14209230997185,1744,2.0,0.503318727016449,1854,490,57,62
2160,58.14209230997185,1744,2.0,0.44774067401885986,698,340,63,42
2171,58.14209230997185,1744,2.0,0.5870579481124878,857,383,63,40
2173,58.14209230997185,1744,2.0,0.5429986715316772,325,321,50,41
2191,58.14209230997185,1744,2.0,0.435169517993927,364,379,55,40
2213,58.14209230997185,1744,2.0,0.1329413652420044,210,294,38,39
2218,58.14209230997185,1744,2.0,0.21869876980781555,1162,574,127,73
2253,58.14209230997185,1744,2.0,0.7432398796081543,1775,778,227,114
15,58.175430665654176,1745,2.0,0.5189906358718872,1531,456,69,38
2109,58.175430665654176,1745,2.0,0.4331856071949005,562,252,43,24
2137,58.175430665654176,1745,2.0,0.3547196090221405,1854,490,58,60
2160,58.175430665654176,1745,2.0,0.5138276219367981,693,337,61,40
2171,58.175430665654176,1745,2.0,0.39128005504608154,853,380,55,41
2173,58.175430665654176,1745,2.0,0.5650033950805664,326,323,51,42
2191,58.175430665654176,1745,2.0,0.42799311876296997,366,383,53,40
2213,58.175430665654176,1745,2.0,0.3308650553226471,217,296,48,38
2218,58.175430665654176,1745,2.0,0.49106475710868835,1143,564,123,73
2253,58.175430665654176,1745,2.0,0.7790915966033936,1742,763,227,112
2259,58.175430665654176,1745,2.0,0.4495644271373749,1074,469,98,56
15,58.208769021336494,1746,2.0,0.48843804001808167,1530,456,69,38
2109,58.208769021336494,1746,2.0,0.3538946807384491,562,252,44,25
2137,58.208769021336494,1746,2.0,0.537635326385498,1854,489,57,59
2160,58.208769021336494,1746,2.0,0.6436648964881897,686,333,61,38
2171,58.208769021336494,1746,2.0,0.41242754459381104,842,378,60,42
2173,58.208769021336494,1746,2.0,0.5337596535682678,329,327,52,39
2191,58.208769021336494,1746,2.0,0.44765859842300415,368,387,56,43
2213,58.208769021336494,1746,2.0,0.24768057465553284,217,298,50,38
2218,58.208769021336494,1746,2.0,0.4223359525203705,1124,556,121,69
2253,58.208769021336494,1746,2.0,0.7418262362480164,1704,747,219,106
2259,58.208769021336494,1746,2.0,0.3131495714187622,1068,468,105,58
15,58.24210737701882,1747,2.0,0.47424453496932983,1530,456,69,38
2109,58.24210737701882,1747,2.0,0.3413616120815277,558,249,41,27
2137,58.24210737701882,1747,2.0,0.5000486373901367,1854,490,57,54
2160,58.24210737701882,1747,2.0,0.5840505957603455,679,329,60,37
2171,58.24210737701882,1747,2.0,0.45745742321014404,835,373,64,42
2173,58.24210737701882,1747,2.0,0.6018069982528687,331,330,52,39
2191,58.24210737701882,1747,2.0,0.3244498372077942,374,392,56,40
2213,58.24210737701882,1747,2.0,0.41996434330940247,217,301,50,35
2218,58.24210737701882,1747,7.0,0.25306665897369385,1105,547,118,70
2253,58.24210737701882,1747,2.0,0.7220338582992554,1669,731,214,100
2259,58.24210737701882,1747,2.0,0.4322487413883209,1058,463,111,60
15,58.275445732701144,1748,2.0,0.4951242506504059,1530,456,69,38
2109,58.275445732701144,1748,2.0,0.3985483646392822,555,246,42,29
2137,58.275445732701144,1748,2.0,0.5474867820739746,1853,492,56,48
2160,58.275445732701144,1748,2.0,0.5596773624420166,673,326,59,39
2171,58.275445732701144,1748,2.0,0.43325701355934143,827,369,67,42
2173,58.275445732701144,1748,2.0,0.6354144215583801,333,332,50,37
2191,58.275445732701144,1748,2.0,0.522284984588623,378,396,58,40
2213,58.275445732701144,1748,2.0,0.4838145971298218,217,302,49,36
2218,58.275445732701144,1748,2.0,0.3574557900428772,1089,538,115,68
2253,58.275445732701144,1748,2.0,0.6083455085754395,1636,718,209,98
2259,58.275445732701144,1748,2.0,0.43075990676879883,1057,461,96,53
15,58.30878408838347,1749,2.0,0.5114282369613647,1530,456,69,39
2109,58.30878408838347,1749,2.0,0.4331150949001312,552,245,43,29
2137,58.30878408838347,1749,2.0,0.4907644987106323,1854,488,56,53
2160,58.30878408838347,1749,2.0,0.6398292183876038,668,323,61,40
2171,58.30878408838347,1749,2.0,0.5602089762687683,819,366,64,41
2173,58.30878408838347,1749,2.0,0.5986046195030212,336,335,47,38
2191,58.30878408838347,1749,2.0,0.6589103937149048,380,400,58,41
2213,58.30878408838347,1749,2.0,0.5132932662963867,217,305,49,38
2218,58.30878408838347,1749,2.0,0.5151383280754089,1074,529,113,65
2253,58.30878408838347,1749,2.0,0.8070417046546936,1599,704,195,94
2259,58.30878408838347,1749,2.0,0.5851866006851196,1031,452,88,55
15,58.34212244406579,1750,2.0,0.5062336325645447,1530,456,69,39
2109,58.34212244406579,1750,2.0,0.38214433193206787,550,243,45,29
2137,58.34212244406579,1750,2.0,0.5668708682060242,1855,487,57,53
2160,58.34212244406579,1750,2.0,0.647666335105896,663,321,61,39
2171,58.34212244406579,1750,2.0,0.554128110408783,812,363,65,40
2173,58.34212244406579,1750,2.0,0.6662960052490234,339,338,47,38
2191,58.34212244406579,1750,2.0,0.4237293004989624,383,404,60,45
2213,58.34212244406579,1750,2.0,0.5291149020195007,219,308,51,39
2218,58.34212244406579,1750,2.0,0.5566151738166809,1054,524,110,63
2253,58.34212244406579,1750,2.0,0.7736904621124268,1569,690,192,91
2259,58.34212244406579,1750,2.0,0.4908064007759094,1018,446,93,55
15,58.37546079974811,1751,2.0,0.5021584033966064,1530,456,69,38
2137,58.37546079974811,1751,2.0,0.5913971662521362,1855,485,57,58
2160,58.37546079974811,1751,2.0,0.56501704454422,657,319,60,38
2171,58.37546079974811,1751,2.0,0.5184623599052429,808,359,65,37
2173,58.37546079974811,1751,2.0,0.6590180397033691,342,342,51,40
2191,58.37546079974811,1751,2.0,0.4691661298274994,387,410,58,43
2213,58.37546079974811,1751,2.0,0.48701176047325134,220,311,49,41
2218,58.37546079974811,1751,2.0,0.5462382435798645,1039,515,105,64
2253,58.37546079974811,1751,2.0,0.7438774704933167,1542,678,186,90
2259,58.37546079974811,1751,2.0,0.3943428695201874,1007,442,91,53
15,58.40879915543044,1752,2.0,0.4768175482749939,1530,456,69,38
2137,58.40879915543044,1752,2.0,0.43156567215919495,1856,483,59,61
2160,58.40879915543044,1752,2.0,0.4895566403865814,651,314,56,38
2171,58.40879915543044,1752,2.0,0.5011544227600098,801,357,64,36
2173,58.40879915543044,1752,2.0,0.6523335576057434,344,344,52,41
2191,58.40879915543044,1752,2.0,0.4705653190612793,391,415,61,44
2213,58.40879915543044,1752,2.0,0.3586210310459137,221,313,48,41
2218,58.40879915543044,1752,2.0,0.36464762687683105,1023,507,104,63
2253,58.40879915543044,1752,2.0,0.7316373586654663,1513,666,180,88
2259,58.40879915543044,1752,2.0,0.4840554893016815,1000,437,97,55
2109,58.40879915543044,1752,2.0,0.5022851824760437,543,237,39,25
15,58.44213751111276,1753,2.0,0.47885724902153015,1530,456,69,38
2137,58.44213751111276,1753,2.0,0.5747314095497131,1856,481,59,61
2160,58.44213751111276,1753,2.0,0.5215660929679871,646,311,56,37
2171,58.44213751111276,1753,2.0,0.45781558752059937,794,355,58,33
2173,58.44213751111276,1753,2.0,0.6494898200035095,347,347,54,41
2191,58.44213751111276,1753,2.0,0.7004033923149109,395,418,65,46
2213,58.44213751111276,1753,2.0,0.31660258769989014,223,316,45,40
2218,58.44213751111276,1753,2.0,0.4495123028755188,1008,498,100,62
2253,58.44213751111276,1753,2.0,0.7689647078514099,1484,655,172,86
2259,58.44213751111276,1753,2.0,0.30595749616622925,989,433,91,49
2109,58.44213751111276,1753,2.0,0.4856060743331909,537,235,39,22
15,58.47547586679508,1754,2.0,0.48001208901405334,1530,456,69,38
2137,58.47547586679508,1754,2.0,0.5977113246917725,1855,480,57,59
2160,58.47547586679508,1754,2.0,0.5917287468910217,641,308,58,37
2171,58.47547586679508,1754,2.0,0.46633097529411316,789,352,57,32
2173,58.47547586679508,1754,2.0,0.6228346228599548,350,350,53,43
2191,58.47547586679508,1754,2.0,0.6172600984573364,399,422,65,45
2213,58.47547586679508,1754,2.0,0.32741034030914307,226,320,45,38
2218,58.47547586679508,1754,2.0,0.3718879520893097,994,491,97,62
2253,58.47547586679508,1754,2.0,0.6828047037124634,1457,643,164,81
2259,58.47547586679508,1754,2.0,0.1397673487663269,979,429,88,51
2109,58.47547586679508,1754,2.0,0.540421724319458,533,234,37,22
15,58.508814222477405,1755,2.0,0.4538889229297638,1530,456,69,38
2137,58.508814222477405,1755,2.0,0.5240709781646729,1856,479,58,56
2160,58.508814222477405,1755,2.0,0.5998092889785767,635,305,58,36
2171,58.508814222477405,1755,2.0,0.437531054019928,784,348,60,36
2173,58.508814222477405,1755,2.0,0.5814774036407471,352,354,54,43
2191,58.508814222477405,1755,2.0,0.6042554974555969,403,428,67,46
2213,58.508814222477405,1755,2.0,0.36422860622406006,228,322,46,37
2218,58.508814222477405,1755,2.0,0.3307977020740509,982,483,96,60
2253,58.508814222477405,1755,2.0,0.7013108730316162,1434,632,166,82
2259,58.508814222477405,1755,2.0,0.32559531927108765,970,424,96,52
2109,58.508814222477405,1755,2.0,0.44629180431365967,531,233,35,22
15,58.54215257815973,1756,2.0,0.45026472210884094,1530,456,69,38
2137,58.54215257815973,1756,2.0,0.5584059953689575,1855,479,58,54
2160,58.54215257815973,1756,2.0,0.6239344477653503,628,303,57,37
2171,58.54215257815973,1756,2.0,0.5963863134384155,779,346,61,38
2173,58.54215257815973,1756,2.0,0.6068777441978455,354,358,53,45
2191,58.54215257815973,1756,2.0,0.47440341114997864,406,433,66,49
2213,58.54215257815973,1756,2.0,0.4772624969482422,228,325,44,39
2218,58.54215257815973,1756,2.0,0.4303551912307739,969,478,92,58
2253,58.54215257815973,1756,2.0,0.6682280898094177,1409,621,158,77
2259,58.54215257815973,1756,2.0,0.3912377953529358,958,418,83,51
2109,58.54215257815973,1756,2.0,0.42020106315612793,529,233,35,21
15,58.575490933842055,1757,2.0,0.4419507384300232,1530,456,70,39
2137,58.575490933842055,1757,2.0,0.6131272912025452,1857,478,61,54
2160,58.575490933842055,1757,2.0,0.49478763341903687,624,301,53,38
2171,58.575490933842055,1757,2.0,0.5696986317634583,771,343,60,37
2173,58.575490933842055,1757,2.0,0.5892515778541565,357,361,56,47
2191,58.575490933842055,1757,2.0,0.4037128984928131,409,438,66,51
2213,58.575490933842055,1757,2.0,0.6833162903785706,229,328,45,38
2218,58.575490933842055,1757,7.0,0.24136294424533844,954,472,90,57
2253,58.575490933842055,1757,2.0,0.6118146777153015,1385,612,156,76
2259,58.575490933842055,1757,2.0,0.1869463473558426,952,414,82,51
2109,58.575490933842055,1757,2.0,0.35078030824661255,526,233,38,22
15,58.60882928952437,1758,2.0,0.4273882806301117,1530,456,69,38
2137,58.60882928952437,1758,2.0,0.603144109249115,1858,478,61,51
2160,58.60882928952437,1758,2.0,0.4463405907154083,619,299,55,38
2171,58.60882928952437,1758,2.0,0.623281717300415,765,341,60,39
2173,58.60882928952437,1758,2.0,0.6096335649490356,361,364,55,46
2191,58.60882928952437,1758,2.0,0.393030047416687,416,442,69,51
2213,58.60882928952437,1758,2.0,0.6818240284919739,229,329,46,37
2218,58.60882928952437,1758,2.0,0.21888640522956848,943,467,90,52
2253,58.60882928952437,1758,2.0,0.6533569693565369,1363,603,149,73
2259,58.60882928952437,1758,2.0,0.34220823645591736,941,411,82,46
2109,58.60882928952437,1758,2.0,0.3209293782711029,523,232,37,21
15,58.6421676452067,1759,2.0,0.41705629229545593,1530,456,69,39
2137,58.6421676452067,1759,2.0,0.6420016288757324,1858,478,61,51
2160,58.6421676452067,1759,2.0,0.574151337146759,617,297,56,37
2171,58.6421676452067,1759,2.0,0.6554191708564758,761,339,60,39
2173,58.6421676452067,1759,2.0,0.6394636631011963,364,367,55,48
2191,58.6421676452067,1759,2.0,0.46258729696273804,421,448,67,51
2213,58.6421676452067,1759,2.0,0.7245268225669861,229,331,46,38
2218,58.6421676452067,1759,2.0,0.3743318021297455,930,460,87,52
2253,58.6421676452067,1759,2.0,0.5909624695777893,1342,594,148,74
2109,58.6421676452067,1759,2.0,0.20388641953468323,521,231,36,21
2277,58.6421676452067,1759,2.0,0.5520999431610107,1613,786,267,140
2278,58.6421676452067,1759,2.0,0.3969004154205322,1870,476,78,55
15,58.67550600088902,1760,2.0,0.4064778983592987,1530,456,69,38
2137,58.67550600088902,1760,2.0,0.6487630009651184,1857,477,59,49
2160,58.67550600088902,1760,2.0,0.5204549431800842,612,296,57,36
2171,58.67550600088902,1760,2.0,0.5112888813018799,757,336,59,39
2173,58.67550600088902,1760,2.0,0.6279581189155579,367,370,58,48
2191,58.67550600088902,1760,2.0,0.5178963541984558,426,454,69,50
2213,58.67550600088902,1760,2.0,0.6350341439247131,232,333,46,41
2218,58.67550600088902,1760,7.0,0.1201251745223999,919,454,85,55
2253,58.67550600088902,1760,2.0,0.43089765310287476,1321,585,140,69
2109,58.67550600088902,1760,2.0,0.2196863442659378,518,230,40,22
2278,58.67550600088902,1760,2.0,0.32227349281311035,1867,475,69,53
15,58.70884435657135,1761,2.0,0.47276026010513306,1530,456,69,38
2137,58.70884435657135,1761,2.0,0.684709906578064,1859,478,60,46
2160,58.70884435657135,1761,2.0,0.5386284589767456,607,294,56,36
2171,58.70884435657135,1761,2.0,0.6149320602416992,750,334,56,37
2173,58.70884435657135,1761,2.0,0.5900525450706482,371,374,60,51
2191,58.70884435657135,1761,2.0,0.43291589617729187,431,459,68,52
2213,58.70884435657135,1761,2.0,0.5647047758102417,232,336,45,40
2218,58.70884435657135,1761,2.0,0.26324188709259033,906,447,83,51
2253,58.70884435657135,1761,2.0,0.5639995336532593,1299,576,134,69
2109,58.70884435657135,1761,2.0,0.21897879242897034,517,229,40,22
2278,58.70884435657135,1761,2.0,0.4203702211380005,1867,474,68,54
2280,58.70884435657135,1761,2.0,0.5070269107818604,1537,749,244,135
2259,58.70884435657135,1761,2.0,0.2876116633415222,918,399,81,43
15,58.742182712253665,1762,2.0,0.47092458605766296,1530,456,69,38
2137,58.742182712253665,1762,2.0,0.6013096570968628,1860,476,62,49
2160,58.742182712253665,1762,2.0,0.5452859401702881,602,291,55,35
2171,58.742182712253665,1762,2.0,0.5908856987953186,744,332,56,36
2173,58.742182712253665,1762,2.0,0.6211410760879517,374,378,59,52
2191,58.742182712253665,1762,2.0,0.6457557082176208,434,463,69,55
2213,58.742182712253665,1762,2.0,0.3467976748943329,234,339,46,42
2218,58.742182712253665,1762,2.0,0.29041218757629395,895,442,82,50
2253,58.742182712253665,1762,2.0,0.5465901494026184,1279,567,131,68
2109,58.742182712253665,1762,2.0,0.2038867324590683,515,229,41,23
2278,58.742182712253665,1762,2.0,0.4138317406177521,1868,472,71,57
2280,58.742182712253665,1762,7.0,0.516226053237915,1504,736,239,127
2259,58.742182712253665,1762,2.0,0.41746559739112854,908,396,74,46
15,58.77552106793599,1763,2.0,0.45588526129722595,1530,456,69,38
2137,58.77552106793599,1763,2.0,0.6576488018035889,1860,473,60,51
2160,58.77552106793599,1763,2.0,0.5269209742546082,597,288,53,32
2171,58.77552106793599,1763,2.0,0.42969486117362976,741,330,53,33
2173,58.77552106793599,1763,2.0,0.6337301731109619,377,383,58,48
2191,58.77552106793599,1763,2.0,0.699944257736206,439,469,71,55
2213,58.77552106793599,1763,2.0,0.22775518894195557,236,342,49,43
2218,58.77552106793599,1763,2.0,0.3485338091850281,884,438,80,49
2253,58.77552106793599,1763,2.0,0.49945569038391113,1261,560,127,64
2109,58.77552106793599,1763,2.0,0.18455514311790466,514,228,42,24
2278,58.77552106793599,1763,2.0,0.21073126792907715,1871,471,77,57
2280,58.77552106793599,1763,7.0,0.3838810324668884,1473,717,239,124
2259,58.77552106793599,1763,2.0,0.3608444333076477,902,394,77,48
15,58.808859423618316,1764,2.0,0.4655528664588928,1530,456,69,38
2137,58.808859423618316,1764,2.0,0.650043249130249,1862,473,63,51
2160,58.808859423618316,1764,2.0,0.5985847115516663,593,285,53,32
2171,58.808859423618316,1764,2.0,0.503079354763031,738,328,51,32
2173,58.808859423618316,1764,2.0,0.6341232061386108,380,387,60,50
2191,58.808859423618316,1764,2.0,0.6738029718399048,443,475,74,57
2213,58.808859423618316,1764,2.0,0.4153772294521332,238,345,50,43
2218,58.808859423618316,1764,2.0,0.35326695442199707,874,433,82,49
2253,58.808859423618316,1764,2.0,0.49834373593330383,1244,552,123,64
2109,58.808859423618316,1764,2.0,0.1521316021680832,513,228,40,25
2280,58.808859423618316,1764,7.0,0.3563735783100128,1435,699,224,122
2259,58.808859423618316,1764,2.0,0.3437710106372833,895,391,84,49
15,58.84219777930064,1765,2.0,0.4742633104324341,1530,456,69,39
2137,58.84219777930064,1765,2.0,0.625617265701294,1862,471,63,53
2160,58.84219777930064,1765,2.0,0.5798407196998596,589,283,50,33
2171,58.84219777930064,1765,2.0,0.3742983043193817,734,326,54,33
2173,58.84219777930064,1765,2.0,0.6677543520927429,383,390,60,51
2191,58.84219777930064,1765,2.0,0.642137348651886,449,482,74,57
2213,58.84219777930064,1765,2.0,0.5565561056137085,240,348,51,43
2218,58.84219777930064,1765,2.0,0.3919851779937744,865,429,80,48
2253,58.84219777930064,1765,2.0,0.5973238945007324,1229,546,126,63
2280,58.84219777930064,1765,7.0,0.4613817036151886,1400,685,208,115
2259,58.84219777930064,1765,2.0,0.3067109286785126,888,387,84,48
2283,58.84219777930064,1765,2.0,0.4187118113040924,196,235,34,28
2278,58.84219777930064,1765,2.0,0.29869890213012695,1872,468,79,59
15,58.875536134982966,1766,2.0,0.457953542470932,1530,456,69,38
2137,58.875536134982966,1766,2.0,0.6284152269363403,1861,475,61,43
2160,58.875536134982966,1766,2.0,0.5187247395515442,585,281,50,34
2171,58.875536134982966,1766,2.0,0.3278132975101471,726,323,55,34
2173,58.875536134982966,1766,2.0,0.6795786023139954,386,395,59,50
2191,58.875536134982966,1766,2.0,0.6281036138534546,454,488,71,56
2213,58.875536134982966,1766,2.0,0.560759425163269,241,351,52,43
2218,58.875536134982966,1766,2.0,0.24796944856643677,854,423,78,47
2253,58.875536134982966,1766,2.0,0.5927439332008362,1210,537,118,65
2280,58.875536134982966,1766,7.0,0.38113340735435486,1369,669,202,112
2259,58.875536134982966,1766,2.0,0.18042275309562683,886,386,70,43
2283,58.875536134982966,1766,2.0,0.423463374376297,196,236,35,29
2278,58.875536134982966,1766,2.0,0.4858078956604004,1871,468,75,56
15,58.90887449066528,1767,2.0,0.4824674725532532,1530,456,69,38
2137,58.90887449066528,1767,2.0,0.5664954781532288,1863,474,64,43
2160,58.90887449066528,1767,2.0,0.4787551462650299,579,279,50,35
2171,58.90887449066528,1767,2.0,0.39989861845970154,720,321,54,35
2173,58.90887449066528,1767,2.0,0.6398978233337402,390,398,62,53
2191,58.90887449066528,1767,2.0,0.5978825688362122,459,495,73,59
2213,58.90887449066528,1767,2.0,0.5131292939186096,242,353,56,43
2218,58.90887449066528,1767,2.0,0.26905375719070435,843,417,76,46
2253,58.90887449066528,1767,2.0,0.6381207704544067,1192,530,115,63
2280,58.90887449066528,1767,2.0,0.48045697808265686,1341,656,192,110
2259,58.90887449066528,1767,2.0,0.14039401710033417,877,383,78,44
2283,58.90887449066528,1767,2.0,0.42317235469818115,196,236,34,30
2278,58.90887449066528,1767,2.0,0.4921867251396179,1873,466,80,58
15,58.94221284634761,1768,2.0,0.4759678542613983,1530,456,69,38
2160,58.94221284634761,1768,2.0,0.4569762647151947,576,277,50,35
2171,58.94221284634761,1768,2.0,0.42162415385246277,716,319,53,35
2173,58.94221284634761,1768,2.0,0.7493898868560791,394,401,64,57
2191,58.94221284634761,1768,2.0,0.5990620851516724,463,500,75,62
2213,58.94221284634761,1768,2.0,0.5065842866897583,242,357,58,46
2218,58.94221284634761,1768,2.0,0.2437741905450821,838,415,68,42
2253,58.94221284634761,1768,2.0,0.49945759773254395,1177,523,117,60
2280,58.94221284634761,1768,2.0,0.5055992603302002,1312,644,185,105
2283,58.94221284634761,1768,2.0,0.5995439291000366,198,240,36,30
2278,58.94221284634761,1768,2.0,0.5802721381187439,1869,466,71,56
15,58.97555120202993,1769,2.0,0.4499076008796692,1530,456,69,38
2160,58.97555120202993,1769,2.0,0.301043301820755,571,275,49,35
2171,58.97555120202993,1769,2.0,0.39781299233436584,712,317,54,36
2173,58.97555120202993,1769,2.0,0.6532939076423645,397,405,64,60
2191,58.97555120202993,1769,2.0,0.5846830010414124,472,509,75,57
2213,58.97555120202993,1769,2.0,0.4475175738334656,244,361,59,49
2218,58.97555120202993,1769,2.0,0.1559249609708786,832,410,59,42
2253,58.97555120202993,1769,2.0,0.5419948101043701,1160,516,113,59
2280,58.97555120202993,1769,5.0,0.2515650987625122,1286,631,177,99
2283,58.97555120202993,1769,2.0,0.5288000702857971,200,242,39,27
2278,58.97555120202993,1769,2.0,0.4560726583003998,1873,464,76,57
2137,58.97555120202993,1769,2.0,0.617190420627594,1864,467,62,52
15,59.00888955771226,1770,2.0,0.2774288058280945,1529,458,71,41
2160,59.00888955771226,1770,2.0,0.3797247111797333,568,274,50,33
2171,59.00888955771226,1770,2.0,0.5490116477012634,705,314,52,34
2173,59.00888955771226,1770,2.0,0.620306134223938,401,410,61,57
2191,59.00888955771226,1770,2.0,0.5592435002326965,479,516,78,60
2213,59.00888955771226,1770,2.0,0.4768863320350647,248,365,55,46
2218,59.00888955771226,1770,7.0,0.11981304734945297,829,402,55,49
2253,59.00888955771226,1770,2.0,0.4589918255805969,1146,509,110,57
2280,59.00888955771226,1770,5.0,0.20709708333015442,1262,619,173,99
2283,59.00888955771226,1770,2.0,0.5587599277496338,203,246,42,28
2278,59.00888955771226,1770,2.0,0.2811829149723053,1874,462,84,60
2137,59.00888955771226,1770,2.0,0.5579466819763184,1866,467,65,52
15,59.042227913394576,1771,2.0,0.28200092911720276,1528,459,72,42
2160,59.042227913394576,1771,2.0,0.49239784479141235,563,273,50,31
2171,59.042227913394576,1771,2.0,0.4799342751502991,700,312,50,34
2173,59.042227913394576,1771,2.0,0.5951054096221924,406,416,60,55
2191,59.042227913394576,1771,2.0,0.40502557158470154,485,523,82,63
2213,59.042227913394576,1771,2.0,0.44415321946144104,249,368,53,48
2218,59.042227913394576,1771,2.0,0.16166865825653076,811,399,65,43
2253,59.042227913394576,1771,2.0,0.6241990923881531,1133,503,108,57
2280,59.042227913394576,1771,2.0,0.29229259490966797,1237,609,167,95
2283,59.042227913394576,1771,2.0,0.3184853792190552,204,248,42,28
2137,59.042227913394576,1771,2.0,0.6245527863502502,1868,464,67,53
15,59.0755662690769,1772,2.0,0.27837440371513367,1528,459,72,43
2160,59.0755662690769,1772,2.0,0.48118358850479126,560,270,48,32
2171,59.0755662690769,1772,2.0,0.5383262634277344,695,309,49,31
2173,59.0755662690769,1772,2.0,0.5330748558044434,409,422,60,56
2191,59.0755662690769,1772,2.0,0.5949574112892151,490,529,85,64
2213,59.0755662690769,1772,2.0,0.5899868011474609,252,371,51,47
2218,59.0755662690769,1772,2.0,0.20523537695407867,799,393,68,41
2253,59.0755662690769,1772,2.0,0.6209471821784973,1117,497,103,54
2280,59.0755662690769,1772,7.0,0.30368056893348694,1216,600,165,94
2283,59.0755662690769,1772,2.0,0.3370243012905121,204,250,44,30
2137,59.0755662690769,1772,2.0,0.589690089225769,1868,463,66,55
15,59.10890462475923,1773,2.0,0.29431062936782837,1528,459,72,43
2160,59.10890462475923,1773,2.0,0.5317156910896301,555,267,50,35
2171,59.10890462475923,1773,2.0,0.5443392395973206,691,307,49,31
2173,59.10890462475923,1773,2.0,0.7298412919044495,414,427,63,59
2191,59.10890462475923,1773,2.0,0.6466673016548157,497,538,87,67
2213,59.10890462475923,1773,2.0,0.5804958343505859,254,375,54,47
2253,59.10890462475923,1773,2.0,0.46978774666786194,1103,491,102,52
2280,59.10890462475923,1773,2.0,0.1977318972349167,1189,587,151,85
2283,59.10890462475923,1773,2.0,0.3031482398509979,205,251,44,30
2137,59.10890462475923,1773,2.0,0.5709750652313232,1869,463,64,53
2278,59.10890462475923,1773,2.0,0.2662719488143921,1877,459,82,61
15,59.14224298044155,1774,2.0,0.3048379421234131,1528,459,72,44
2160,59.14224298044155,1774,2.0,0.5345767140388489,552,264,47,32
2171,59.14224298044155,1774,2.0,0.4457823932170868,687,305,50,30
2173,59.14224298044155,1774,2.0,0.6814472079277039,417,432,65,62
2191,59.14224298044155,1774,2.0,0.6090165376663208,503,544,88,68
2213,59.14224298044155,1774,2.0,0.5874539017677307,256,379,53,48
2253,59.14224298044155,1774,2.0,0.5760147571563721,1090,485,103,54
2280,59.14224298044155,1774,7.0,0.21038709580898285,1172,578,151,90
2283,59.14224298044155,1774,2.0,0.5006327629089355,205,252,44,29
2137,59.14224298044155,1774,2.0,0.5673915147781372,1869,462,63,55
2278,59.14224298044155,1774,2.0,0.2306487113237381,1877,458,81,59
15,59.17558133612387,1775,2.0,0.30306705832481384,1528,459,72,44
2160,59.17558133612387,1775,2.0,0.4590946137905121,548,262,46,33
2171,59.17558133612387,1775,2.0,0.4272755980491638,685,304,49,30
2173,59.17558133612387,1775,2.0,0.6743606925010681,422,437,68,61
2191,59.17558133612387,1775,2.0,0.5059816241264343,510,552,89,69
2213,59.17558133612387,1775,2.0,0.5361326336860657,257,381,52,49
2253,59.17558133612387,1775,2.0,0.5855909585952759,1079,479,105,52
2280,59.17558133612387,1775,2.0,0.29104501008987427,1151,566,147,87
2283,59.17558133612387,1775,2.0,0.4412946105003357,206,253,44,29
2137,59.17558133612387,1775,2.0,0.5252903699874878,1870,461,66,57
2300,59.17558133612387,1775,2.0,0.49808984994888306,1094,853,142,79
2259,59.17558133612387,1775,2.0,0.25291022658348083,816,358,72,39
15,59.208919691806194,1776,2.0,0.29476937651634216,1528,459,72,43
2160,59.208919691806194,1776,2.0,0.639182448387146,543,259,47,32
2171,59.208919691806194,1776,2.0,0.4081571698188782,681,301,49,30
2173,59.208919691806194,1776,2.0,0.7046664953231812,427,443,69,60
2191,59.208919691806194,1776,2.0,0.4786487817764282,516,561,93,71
2213,59.208919691806194,1776,2.0,0.44007137417793274,258,384,52,50
2253,59.208919691806194,1776,2.0,0.6278282403945923,1063,474,97,52
2280,59.208919691806194,1776,2.0,0.4263710379600525,1132,557,145,81
2283,59.208919691806194,1776,2.0,0.5527287721633911,206,254,44,28
2300,59.208919691806194,1776,2.0,0.4592537581920624,1104,851,147,85
2259,59.208919691806194,1776,2.0,0.12916000187397003,806,356,78,42
2278,59.208919691806194,1776,2.0,0.43501904606819153,1877,458,75,60
15,59.24225804748852,1777,2.0,0.29104068875312805,1528,459,72,43
2160,59.24225804748852,1777,2.0,0.45313283801078796,539,257,45,32
2171,59.24225804748852,1777,2.0,0.38741418719291687,676,299,48,32
2173,59.24225804748852,1777,2.0,0.7079182863235474,431,448,69,59
2191,59.24225804748852,1777,2.0,0.5336604714393616,525,570,96,71
2213,59.24225804748852,1777,2.0,0.46998298168182373,261,389,52,49
2253,59.24225804748852,1777,2.0,0.633388340473175,1050,468,93,54
2280,59.24225804748852,1777,2.0,0.26691168546676636,1114,548,145,81
2283,59.24225804748852,1777,2.0,0.5013806819915771,206,255,43,29
2300,59.24225804748852,1777,2.0,0.1277783215045929,1117,844,148,85
2278,59.24225804748852,1777,2.0,0.18088462948799133,1880,457,74,58
2137,59.24225804748852,1777,2.0,0.49388960003852844,1870,459,63,53
15,59.275596403170844,1778,2.0,0.297181636095047,1528,458,71,42
2160,59.275596403170844,1778,2.0,0.42040690779685974,536,256,43,32
2171,59.275596403170844,1778,2.0,0.4332429766654968,670,297,47,33
2173,59.275596403170844,1778,2.0,0.5999246835708618,437,454,71,61
2191,59.275596403170844,1778,2.0,0.5386374592781067,533,578,92,76
2213,59.275596403170844,1778,2.0,0.5209980010986328,262,392,52,47
2253,59.275596403170844,1778,2.0,0.6225610375404358,1041,461,93,52
2283,59.275596403170844,1778,2.0,0.5941415429115295,207,256,43,29
2300,59.275596403170844,1778,2.0,0.2776890993118286,1127,841,148,88
2278,59.275596403170844,1778,2.0,0.4477059841156006,1878,457,74,56
2310,59.275596403170844,1778,2.0,0.5061001181602478,757,373,62,40
15,59.30893475885316,1779,2.0,0.33043426275253296,1529,458,71,41
2160,59.30893475885316,1779,2.0,0.39555636048316956,533,255,41,32
2171,59.30893475885316,1779,2.0,0.5130947828292847,666,297,45,32
2173,59.30893475885316,1779,2.0,0.5760992765426636,442,458,73,63
2191,59.30893475885316,1779,2.0,0.4770571291446686,541,587,95,79
2213,59.30893475885316,1779,2.0,0.6535117626190186,265,398,54,50
2253,59.30893475885316,1779,2.0,0.6373022198677063,1029,457,89,49
2283,59.30893475885316,1779,2.0,0.42122533917427063,209,257,43,32
2300,59.30893475885316,1779,2.0,0.3804068863391876,1136,835,146,86
2278,59.30893475885316,1779,2.0,0.4515851140022278,1878,457,73,55
2310,59.30893475885316,1779,2.0,0.40844056010246277,750,370,68,42
15,59.34227311453549,1780,2.0,0.3102342188358307,1529,458,71,42
2160,59.34227311453549,1780,2.0,0.287792831659317,531,253,43,33
2171,59.34227311453549,1780,2.0,0.6169254779815674,663,295,45,32
2173,59.34227311453549,1780,2.0,0.6677554249763489,447,465,75,65
2191,59.34227311453549,1780,2.0,0.35576486587524414,550,598,99,79
2213,59.34227311453549,1780,2.0,0.6742691993713379,268,403,55,53
2253,59.34227311453549,1780,2.0,0.622456431388855,1017,451,88,47
2283,59.34227311453549,1780,2.0,0.5651907324790955,209,258,41,31
2300,59.34227311453549,1780,2.0,0.18275390565395355,1147,832,141,84
2278,59.34227311453549,1780,2.0,0.41098523139953613,1877,456,73,56
2310,59.34227311453549,1780,2.0,0.36169737577438354,743,364,65,39
15,59.37561147021781,1781,2.0,0.309913694858551,1529,458,71,41
2160,59.37561147021781,1781,2.0,0.2900546193122864,527,251,45,34
2171,59.37561147021781,1781,2.0,0.3902157247066498,659,293,42,32
2173,59.37561147021781,1781,2.0,0.7112843990325928,452,470,75,65
2191,59.37561147021781,1781,2.0,0.33609330654144287,558,607,99,81
2213,59.37561147021781,1781,2.0,0.5296670198440552,270,406,56,55
2253,59.37561147021781,1781,2.0,0.6996952891349792,1005,447,86,48
2283,59.37561147021781,1781,2.0,0.41960546374320984,210,260,40,30
2278,59.37561147021781,1781,2.0,0.47743159532546997,1879,455,75,55
2310,59.37561147021781,1781,2.0,0.40382421016693115,737,361,68,38
15,59.40894982590014,1782,2.0,0.323000431060791,1529,458,71,41
2160,59.40894982590014,1782,2.0,0.17379127442836761,524,250,42,33
2171,59.40894982590014,1782,2.0,0.6344150900840759,655,290,42,30
2173,59.40894982590014,1782,2.0,0.6618770360946655,457,476,76,67
2191,59.40894982590014,1782,2.0,0.4649471342563629,567,617,101,82
2213,59.40894982590014,1782,2.0,0.567025363445282,272,409,57,54
2253,59.40894982590014,1782,2.0,0.6539673805236816,993,442,84,47
2283,59.40894982590014,1782,2.0,0.6183636784553528,211,261,39,32
2278,59.40894982590014,1782,2.0,0.4698668420314789,1879,455,72,55
2318,59.40894982590014,1782,2.0,0.4178401827812195,1358,279,54,23
15,59.442288181582455,1783,2.0,0.3523421287536621,1529,459,71,41
2160,59.442288181582455,1783,2.0,0.3494054973125458,521,250,44,32
2171,59.442288181582455,1783,2.0,0.6906980276107788,651,287,43,30
2173,59.442288181582455,1783,2.0,0.5601840615272522,462,480,78,70
2191,59.442288181582455,1783,2.0,0.5311295986175537,574,627,101,86
2213,59.442288181582455,1783,2.0,0.6304231882095337,275,413,56,55
2253,59.442288181582455,1783,2.0,0.4008221924304962,985,438,84,49
2283,59.442288181582455,1783,2.0,0.37502986192703247,211,265,39,27
2278,59.442288181582455,1783,2.0,0.4621494710445404,1880,455,71,54
2318,59.442288181582455,1783,2.0,0.37549063563346863,1360,280,57,23
15,59.47562653726478,1784,2.0,0.370040625333786,1529,459,71,41
2160,59.47562653726478,1784,2.0,0.33025556802749634,518,249,43,31
2171,59.47562653726478,1784,2.0,0.5620720386505127,648,285,44,30
2173,59.47562653726478,1784,2.0,0.5934983491897583,467,489,80,70
2191,59.47562653726478,1784,2.0,0.5573675036430359,584,637,103,89
2213,59.47562653726478,1784,2.0,0.634676456451416,279,416,61,54
2253,59.47562653726478,1784,2.0,0.38994690775871277,969,432,77,44
2283,59.47562653726478,1784,2.0,0.4175514280796051,212,266,40,30
2278,59.47562653726478,1784,2.0,0.581178605556488,1882,454,71,52
2318,59.47562653726478,1784,2.0,0.257608562707901,1363,281,55,22
15,59.508964892947105,1785,2.0,0.39322981238365173,1529,459,71,42
2160,59.508964892947105,1785,2.0,0.4678329527378082,514,247,45,31
2171,59.508964892947105,1785,2.0,0.3938584625720978,645,283,43,29
2173,59.508964892947105,1785,2.0,0.5951892733573914,473,495,80,71
2191,59.508964892947105,1785,2.0,0.6172533631324768,593,649,106,89
2213,59.508964892947105,1785,2.0,0.7006014585494995,281,421,61,55
2253,59.508964892947105,1785,2.0,0.49165257811546326,961,428,79,42
2283,59.508964892947105,1785,2.0,0.5183961391448975,212,270,40,27
2278,59.508964892947105,1785,2.0,0.676308274269104,1883,454,70,53
2318,59.508964892947105,1785,2.0,0.1900777667760849,1365,282,51,20
2326,59.508964892947105,1785,2.0,0.43115442991256714,766,335,51,37
15,59.54230324862943,1786,2.0,0.372437447309494,1528,459,71,42
2160,59.54230324862943,1786,2.0,0.4372160732746124,511,245,43,31
2171,59.54230324862943,1786,2.0,0.4684334695339203,641,282,41,27
2173,59.54230324862943,1786,2.0,0.5369349122047424,479,502,78,71
2191,59.54230324862943,1786,2.0,0.41652870178222656,605,662,109,92
2213,59.54230324862943,1786,2.0,0.6317955851554871,284,426,63,55
2253,59.54230324862943,1786,2.0,0.39598605036735535,954,424,80,43
2283,59.54230324862943,1786,2.0,0.427671879529953,217,272,47,29
2278,59.54230324862943,1786,2.0,0.6172447800636292,1884,453,68,53
2318,59.54230324862943,1786,2.0,0.11312077939510345,1367,282,50,21
2326,59.54230324862943,1786,2.0,0.11019377410411835,768,334,38,34
2310,59.54230324862943,1786,2.0,0.3578372299671173,702,342,52,35
15,59.57564160431175,1787,2.0,0.40234509110450745,1528,459,71,42
2160,59.57564160431175,1787,2.0,0.43873679637908936,508,242,41,30
2171,59.57564160431175,1787,2.0,0.5478439927101135,636,280,43,27
2173,59.57564160431175,1787,2.0,0.6016113758087158,485,508,81,75
2191,59.57564160431175,1787,2.0,0.47990208864212036,613,674,109,94
2213,59.57564160431175,1787,2.0,0.45037949085235596,286,430,62,57
2253,59.57564160431175,1787,2.0,0.2948889136314392,943,419,79,44
2283,59.57564160431175,1787,2.0,0.354642778635025,218,274,48,30
2278,59.57564160431175,1787,2.0,0.5680487155914307,1884,453,67,53
2318,59.57564160431175,1787,2.0,0.11778641492128372,1368,282,50,22
2310,59.57564160431175,1787,2.0,0.3259289860725403,699,338,46,34
15,59.60897995999407,1788,2.0,0.4018615484237671,1528,459,72,42
2160,59.60897995999407,1788,2.0,0.23993688821792603,505,240,40,31
2171,59.60897995999407,1788,2.0,0.3367198705673218,632,279,44,26
2173,59.60897995999407,1788,2.0,0.6476567983627319,489,515,84,77
2191,59.60897995999407,1788,2.0,0.31228336691856384,625,687,113,100
2213,59.60897995999407,1788,2.0,0.49863502383232117,288,434,65,60
2253,59.60897995999407,1788,2.0,0.4090188145637512,933,415,75,43
2283,59.60897995999407,1788,2.0,0.30230358242988586,220,276,47,30
2278,59.60897995999407,1788,2.0,0.5764164924621582,1885,451,66,52
2318,59.60897995999407,1788,2.0,0.1565578281879425,1369,283,48,21
2310,59.60897995999407,1788,2.0,0.37940356135368347,690,336,50,37
15,59.6423183156764,1789,2.0,0.3870152533054352,1529,459,71,42
2160,59.6423183156764,1789,2.0,0.17837636172771454,502,238,39,30
2171,59.6423183156764,1789,2.0,0.18582306802272797,630,277,46,27
2173,59.6423183156764,1789,2.0,0.553781270980835,497,523,84,76
2191,59.6423183156764,1789,2.0,0.5542779564857483,638,699,118,104
2213,59.6423183156764,1789,2.0,0.540071427822113,290,440,67,63
2253,59.6423183156764,1789,2.0,0.3662087023258209,925,410,75,43
2283,59.6423183156764,1789,2.0,0.5302087068557739,222,278,47,30
2278,59.6423183156764,1789,2.0,0.524031937122345,1886,451,65,50
2318,59.6423183156764,1789,2.0,0.11469222605228424,1370,283,44,21
2310,59.6423183156764,1789,2.0,0.5011196136474609,682,334,53,36
15,59.67565667135872,1790,2.0,0.3869534730911255,1529,459,71,42
2171,59.67565667135872,1790,2.0,0.14697124063968658,626,276,42,27
2173,59.67565667135872,1790,2.0,0.6144225001335144,503,530,88,79
2191,59.67565667135872,1790,2.0,0.5076428651809692,649,713,124,107
2213,59.67565667135872,1790,2.0,0.5537219047546387,293,446,64,64
2253,59.67565667135872,1790,2.0,0.17009323835372925,915,404,74,38
2283,59.67565667135872,1790,2.0,0.5009195804595947,223,280,46,29
2278,59.67565667135872,1790,2.0,0.52190762758255,1887,450,62,49
2310,59.67565667135872,1790,2.0,0.3522107005119324,675,331,50,34
15,59.70899502704105,1791,2.0,0.39916694164276123,1529,459,71,41
2171,59.70899502704105,1791,2.0,0.20781885087490082,623,275,43,28
2173,59.70899502704105,1791,2.0,0.7451217174530029,510,536,89,83
2191,59.70899502704105,1791,2.0,0.5366861820220947,661,728,123,110
2213,59.70899502704105,1791,2.0,0.5605348348617554,296,451,66,64
2253,59.70899502704105,1791,2.0,0.3158048093318939,906,399,67,39
2283,59.70899502704105,1791,2.0,0.47438719868659973,223,281,45,30
2278,59.70899502704105,1791,2.0,0.4219883978366852,1889,449,59,49
2310,59.70899502704105,1791,2.0,0.4872521460056305,669,327,52,34
15,59.742333382723366,1792,2.0,0.4409520924091339,1529,459,71,41
2171,59.742333382723366,1792,2.0,0.17259185016155243,620,275,41,27
2173,59.742333382723366,1792,2.0,0.37031322717666626,517,545,92,82
2191,59.742333382723366,1792,2.0,0.5656893253326416,677,743,130,114
2213,59.742333382723366,1792,2.0,0.6274644732475281,300,456,67,63
2253,59.742333382723366,1792,2.0,0.2922545373439789,898,395,64,36
2283,59.742333382723366,1792,2.0,0.5466615557670593,223,283,46,31
2278,59.742333382723366,1792,2.0,0.39594361186027527,1888,449,56,48
2310,59.742333382723366,1792,2.0,0.4062904119491577,664,325,49,33
15,59.77567173840569,1793,2.0,0.4236794710159302,1529,459,71,41
2171,59.77567173840569,1793,2.0,0.32502806186676025,617,274,40,29
2173,59.77567173840569,1793,2.0,0.6018936634063721,524,553,92,85
2191,59.77567173840569,1793,2.0,0.614416778087616,691,759,131,118
2213,59.77567173840569,1793,2.0,0.5828393697738647,304,460,71,63
2253,59.77567173840569,1793,2.0,0.3814351260662079,891,394,65,37
2283,59.77567173840569,1793,2.0,0.5454493761062622,223,285,45,33
2278,59.77567173840569,1793,2.0,0.5528082847595215,1890,449,55,46
2310,59.77567173840569,1793,2.0,0.4310145974159241,658,321,51,35
15,59.809010094088016,1794,2.0,0.39575251936912537,1529,459,71,41
2171,59.809010094088016,1794,2.0,0.3321502208709717,613,273,38,31
2173,59.809010094088016,1794,2.0,0.6617290377616882,532,562,93,88
2191,59.809010094088016,1794,2.0,0.45546185970306396,707,775,141,125
2213,59.809010094088016,1794,2.0,0.5479370355606079,306,466,68,64
2253,59.809010094088016,1794,2.0,0.49192407727241516,883,387,69,36
2283,59.809010094088016,1794,2.0,0.47384387254714966,224,287,45,35
2278,59.809010094088016,1794,2.0,0.4982271194458008,1890,449,55,42
2310,59.809010094088016,1794,2.0,0.35023778676986694,654,318,52,34
2342,59.809010094088016,1794,2.0,0.5664151310920715,714,315,62,40
15,59.84234844977034,1795,2.0,0.40799570083618164,1529,459,71,42
2171,59.84234844977034,1795,2.0,0.4441157281398773,608,270,39,32
2173,59.84234844977034,1795,2.0,0.6518134474754333,540,571,95,88
2191,59.84234844977034,1795,2.0,0.4886665940284729,723,793,148,131
2213,59.84234844977034,1795,2.0,0.5181699395179749,310,471,66,65
2253,59.84234844977034,1795,2.0,0.37098929286003113,877,384,61,35
2283,59.84234844977034,1795,2.0,0.510641872882843,226,289,48,35
2278,59.84234844977034,1795,2.0,0.4379896819591522,1891,446,53,45
2310,59.84234844977034,1795,2.0,0.2951553165912628,648,313,56,37
2342,59.84234844977034,1795,2.0,0.3330685794353485,713,311,57,35
15,59.87568680545266,1796,2.0,0.4203256070613861,1529,459,70,41
2171,59.87568680545266,1796,2.0,0.5443997383117676,607,269,38,31
2173,59.87568680545266,1796,2.0,0.7560384273529053,548,580,99,91
2191,59.87568680545266,1796,2.0,0.5871651768684387,740,811,149,133
2213,59.87568680545266,1796,2.0,0.5767873525619507,314,477,67,68
2253,59.87568680545266,1796,2.0,0.18367597460746765,869,383,57,34
2283,59.87568680545266,1796,2.0,0.44460198283195496,228,292,50,34
2278,59.87568680545266,1796,2.0,0.4767899513244629,1892,445,52,43
2310,59.87568680545266,1796,2.0,0.41229215264320374,643,309,57,37
2342,59.87568680545266,1796,2.0,0.5558738708496094,707,309,59,35
15,59.909025161134984,1797,2.0,0.3566015660762787,1529,458,70,41
2171,59.909025161134984,1797,2.0,0.6027244329452515,604,267,38,28
2173,59.909025161134984,1797,2.0,0.6186698079109192,555,589,100,94
2191,59.909025161134984,1797,2.0,0.47556155920028687,755,830,153,140
2213,59.909025161134984,1797,2.0,0.6076945066452026,317,481,63,69
2253,59.909025161134984,1797,2.0,0.3716995120048523,859,381,66,35
2283,59.909025161134984,1797,2.0,0.4733481705188751,228,294,50,34
2278,59.909025161134984,1797,2.0,0.46026164293289185,1892,444,52,42
2310,59.909025161134984,1797,2.0,0.44468608498573303,637,307,53,35
2342,59.909025161134984,1797,2.0,0.4048435688018799,704,307,55,32
2347,59.909025161134984,1797,2.0,0.42424267530441284,438,195,30,20
15,59.94236351681731,1798,2.0,0.3007183074951172,1529,458,70,40
2171,59.94236351681731,1798,2.0,0.4446916878223419,602,264,33,29
2173,59.94236351681731,1798,2.0,0.529728353023529,564,598,102,95
2191,59.94236351681731,1798,2.0,0.5447250008583069,774,848,160,144
2213,59.94236351681731,1798,2.0,0.6071421504020691,320,488,66,71
2253,59.94236351681731,1798,2.0,0.22796158492565155,850,378,65,38
2283,59.94236351681731,1798,2.0,0.37843191623687744,230,296,52,33
2278,59.94236351681731,1798,2.0,0.43086889386177063,1892,446,52,39
2310,59.94236351681731,1798,2.0,0.45881780982017517,632,306,52,35
2342,59.94236351681731,1798,2.0,0.3721129596233368,700,305,50,31
2347,59.94236351681731,1798,2.0,0.30811357498168945,436,195,30,19
15,59.975701872499634,1799,2.0,0.3204832971096039,1529,458,70,40
2171,59.975701872499634,1799,2.0,0.23103071749210358,598,262,33,28
2173,59.975701872499634,1799,2.0,0.38932564854621887,573,609,106,96
2191,59.975701872499634,1799,2.0,0.23439423739910126,787,864,157,136
2213,59.975701872499634,1799,2.0,0.6459247469902039,322,494,70,71
2253,59.975701872499634,1799,2.0,0.23654380440711975,847,379,61,32
2283,59.975701872499634,1799,2.0,0.3294599950313568,233,299,55,31
2278,59.975701872499634,1799,2.0,0.47884491086006165,1893,447,50,36
2310,59.975701872499634,1799,2.0,0.35730841755867004,627,304,48,35
2342,59.975701872499634,1799,2.0,0.17176946997642517,696,303,49,29
2347,59.975701872499634,1799,2.0,0.42835089564323425,435,194,32,20
