id,time,frame_num,class,conf,x,y,w,h
1,0.0,0,2.0,0.5684481263160706,1155,365,83,61
1,0.033332074144029035,1,2.0,0.5684481263160706,1155,365,83,61
1,0.06666414828805807,2,2.0,0.22099092602729797,1161,363,81,57
1,0.0999962224320871,3,2.0,0.16182084381580353,1166,357,73,54
1,0.13332829657611614,4,2.0,0.35814937949180603,1176,352,75,54
1,0.16666037072014517,5,2.0,0.2982126474380493,1181,348,71,54
3,0.16666037072014517,5,2.0,0.44252899289131165,1085,211,47,34
1,0.1999924448641742,6,2.0,0.5150237083435059,1186,343,71,53
3,0.1999924448641742,6,2.0,0.49148091673851013,1082,212,48,36
1,0.23332451900820325,7,2.0,0.30467286705970764,1194,338,74,53
3,0.23332451900820325,7,2.0,0.5831787586212158,1078,213,51,37
1,0.2666565931522323,8,2.0,0.3663185238838196,1200,335,73,49
3,0.2666565931522323,8,2.0,0.311742901802063,1073,215,52,39
1,0.29998866729626134,9,2.0,0.4916325509548187,1204,332,70,49
3,0.29998866729626134,9,2.0,0.4284687638282776,1069,216,51,39
1,0.33332074144029034,10,2.0,0.43392080068588257,1211,327,69,47
3,0.33332074144029034,10,2.0,0.4321928024291992,1065,218,47,37
1,0.3666528155843194,11,2.0,0.3838212788105011,1215,323,66,46
3,0.3666528155843194,11,2.0,0.39705589413642883,1060,220,49,37
8,0.3666528155843194,11,2.0,0.392050176858902,1465,164,28,23
1,0.3999848897283484,12,2.0,0.36037495732307434,1221,319,64,45
3,0.3999848897283484,12,2.0,0.4115681052207947,1057,221,51,37
8,0.3999848897283484,12,2.0,0.3829325735569,1466,164,28,23
1,0.43331696387237745,13,2.0,0.41958269476890564,1225,316,63,45
3,0.43331696387237745,13,2.0,0.2474871277809143,1052,223,55,37
8,0.43331696387237745,13,2.0,0.4139555096626282,1467,164,29,23
1,0.4666490380164065,14,2.0,0.36307770013809204,1228,312,61,43
3,0.4666490380164065,14,2.0,0.3386138379573822,1047,225,52,34
8,0.4666490380164065,14,2.0,0.4762014150619507,1467,164,29,23
1,0.4999811121604355,15,2.0,0.17749668657779694,1233,309,60,44
3,0.4999811121604355,15,2.0,0.345514714717865,1042,227,54,37
8,0.4999811121604355,15,2.0,0.5486174821853638,1468,163,29,23
1,0.5333131863044646,16,2.0,0.2065609246492386,1239,306,64,42
3,0.5333131863044646,16,2.0,0.42722469568252563,1038,229,55,39
8,0.5333131863044646,16,2.0,0.47519102692604065,1467,164,30,22
1,0.5666452604484936,17,2.0,0.26805225014686584,1243,302,65,42
3,0.5666452604484936,17,2.0,0.27502816915512085,1033,230,57,40
8,0.5666452604484936,17,2.0,0.4828910827636719,1469,163,31,22
1,0.5999773345925227,18,2.0,0.5004367828369141,1248,299,66,42
3,0.5999773345925227,18,2.0,0.4486359655857086,1027,232,58,41
8,0.5999773345925227,18,2.0,0.3729734718799591,1470,163,31,21
1,0.6333094087365516,19,2.0,0.5965332388877869,1251,296,67,43
3,0.6333094087365516,19,2.0,0.6636695861816406,1021,235,56,41
8,0.6333094087365516,19,2.0,0.5087433457374573,1471,162,30,22
1,0.6666414828805807,20,2.0,0.5669094324111938,1256,293,65,45
3,0.6666414828805807,20,2.0,0.5073656439781189,1013,236,55,39
8,0.6666414828805807,20,2.0,0.4069015681743622,1471,161,31,22
1,0.6999735570246097,21,2.0,0.5083197951316833,1260,290,62,45
3,0.6999735570246097,21,2.0,0.5017516613006592,1008,237,57,42
8,0.6999735570246097,21,2.0,0.417807012796402,1472,161,31,22
1,0.7333056311686388,22,2.0,0.6256648898124695,1264,288,62,45
3,0.7333056311686388,22,2.0,0.5249637961387634,1004,238,61,43
8,0.7333056311686388,22,2.0,0.27134427428245544,1472,160,33,22
30,0.7333056311686388,22,2.0,0.4442765712738037,1160,187,39,50
1,0.7666377053126678,23,2.0,0.5437411665916443,1268,284,60,41
3,0.7666377053126678,23,2.0,0.6559675335884094,999,241,61,43
8,0.7666377053126678,23,2.0,0.16533131897449493,1471,158,38,23
30,0.7666377053126678,23,2.0,0.3282944858074188,1158,189,38,51
1,0.7999697794566968,24,2.0,0.4284355938434601,1272,281,58,38
3,0.7999697794566968,24,2.0,0.380328893661499,994,242,62,43
8,0.7999697794566968,24,2.0,0.20817957818508148,1472,158,36,24
30,0.7999697794566968,24,2.0,0.2660718560218811,1155,193,35,50
1,0.8333018536007258,25,2.0,0.5452547669410706,1276,278,56,36
3,0.8333018536007258,25,2.0,0.3753710091114044,987,245,60,42
8,0.8333018536007258,25,2.0,0.14083147048950195,1472,154,35,26
30,0.8333018536007258,25,2.0,0.23640020191669464,1152,195,39,50
1,0.8666339277447549,26,2.0,0.5713478326797485,1280,276,58,35
3,0.8666339277447549,26,2.0,0.33177271485328674,981,246,61,42
8,0.8666339277447549,26,2.0,0.17338700592517853,1472,153,35,26
1,0.899966001888784,27,2.0,0.4487254023551941,1284,274,56,36
3,0.899966001888784,27,2.0,0.34006109833717346,974,248,60,42
8,0.899966001888784,27,2.0,0.22449909150600433,1473,152,34,26
34,0.899966001888784,27,2.0,0.40852051973342896,1144,210,33,23
1,0.933298076032813,28,2.0,0.349959135055542,1287,271,54,39
3,0.933298076032813,28,2.0,0.3934250771999359,969,251,62,43
8,0.933298076032813,28,2.0,0.1937522441148758,1470,152,41,25
34,0.933298076032813,28,2.0,0.323091596364975,1140,211,33,23
1,0.966630150176842,29,2.0,0.2877226769924164,1290,268,56,39
3,0.966630150176842,29,2.0,0.422762006521225,963,252,61,44
8,0.966630150176842,29,2.0,0.23791727423667908,1471,152,37,23
34,0.966630150176842,29,2.0,0.4109007716178894,1138,212,40,26
1,0.999962224320871,30,2.0,0.44386452436447144,1293,265,55,37
3,0.999962224320871,30,2.0,0.32402417063713074,956,255,61,48
8,0.999962224320871,30,2.0,0.10377935320138931,1474,151,31,23
34,0.999962224320871,30,2.0,0.3250144422054291,1133,212,38,26
1,1.0332942984649,31,2.0,0.376209020614624,1296,263,51,36
3,1.0332942984649,31,2.0,0.3836212158203125,949,257,62,50
8,1.0332942984649,31,2.0,0.13003060221672058,1475,151,29,22
34,1.0332942984649,31,2.0,0.41540154814720154,1130,215,40,25
1,1.0666263726089291,32,2.0,0.44638413190841675,1299,260,50,38
3,1.0666263726089291,32,2.0,0.4274410605430603,943,259,62,49
34,1.0666263726089291,32,2.0,0.46620213985443115,1127,217,43,22
1,1.0999584467529582,33,2.0,0.4540409445762634,1302,258,51,37
3,1.0999584467529582,33,2.0,0.39591580629348755,935,262,63,50
34,1.0999584467529582,33,2.0,0.4181120991706848,1121,222,40,23
1,1.1332905208969872,34,2.0,0.2661864161491394,1304,257,49,37
3,1.1332905208969872,34,2.0,0.5053253769874573,929,266,63,49
34,1.1332905208969872,34,2.0,0.36092203855514526,1116,224,42,24
1,1.1666225950410163,35,2.0,0.3065994083881378,1308,255,51,37
3,1.1666225950410163,35,2.0,0.5956569910049438,923,268,64,47
34,1.1666225950410163,35,2.0,0.266633003950119,1112,226,44,24
1,1.1999546691850453,36,2.0,0.44507160782814026,1311,254,52,38
3,1.1999546691850453,36,2.0,0.353035569190979,915,269,69,49
34,1.1999546691850453,36,2.0,0.2423153966665268,1109,226,44,26
1,1.2332867433290742,37,2.0,0.6528992056846619,1314,251,51,38
3,1.2332867433290742,37,2.0,0.5016257762908936,908,270,71,51
34,1.2332867433290742,37,2.0,0.37512505054473877,1102,229,40,27
1,1.2666188174731032,38,2.0,0.5881755352020264,1318,249,49,39
3,1.2666188174731032,38,2.0,0.5621828436851501,902,274,73,51
34,1.2666188174731032,38,2.0,0.47766029834747314,1098,230,42,27
37,1.2666188174731032,38,2.0,0.3816351592540741,686,893,303,256
1,1.2999508916171323,39,2.0,0.6418909430503845,1320,246,48,37
3,1.2999508916171323,39,2.0,0.6286547780036926,893,277,72,52
34,1.2999508916171323,39,2.0,0.638931155204773,1094,231,47,27
37,1.2999508916171323,39,2.0,0.3548440933227539,718,868,277,246
1,1.3332829657611613,40,2.0,0.5499000549316406,1322,243,48,37
3,1.3332829657611613,40,2.0,0.4121687412261963,885,279,70,52
34,1.3332829657611613,40,2.0,0.5101128220558167,1088,232,44,26
37,1.3332829657611613,40,2.0,0.5767126083374023,748,836,261,220
1,1.3666150399051904,41,2.0,0.5597615838050842,1324,241,45,34
3,1.3666150399051904,41,2.0,0.3726389408111572,880,281,75,54
34,1.3666150399051904,41,2.0,0.5659630298614502,1084,233,48,27
37,1.3666150399051904,41,2.0,0.513853132724762,775,815,250,215
40,1.3666150399051904,41,2.0,0.40478864312171936,1244,172,35,22
1,1.3999471140492195,42,2.0,0.5694182515144348,1327,239,43,32
3,1.3999471140492195,42,2.0,0.3871116042137146,870,283,75,56
34,1.3999471140492195,42,2.0,0.5706800222396851,1077,236,43,26
37,1.3999471140492195,42,2.0,0.2733733654022217,798,795,241,210
40,1.3999471140492195,42,2.0,0.3792928457260132,1242,174,35,22
1,1.4332791881932485,43,2.0,0.5309613943099976,1329,236,43,32
3,1.4332791881932485,43,2.0,0.22579549252986908,862,286,74,57
34,1.4332791881932485,43,2.0,0.6495013236999512,1070,237,41,27
37,1.4332791881932485,43,2.0,0.5038151144981384,820,773,233,200
40,1.4332791881932485,43,2.0,0.24425682425498962,1239,175,32,21
1,1.4666112623372776,44,2.0,0.4267057776451111,1331,235,44,32
3,1.4666112623372776,44,2.0,0.21723046898841858,855,290,75,55
34,1.4666112623372776,44,2.0,0.5800865292549133,1067,240,45,28
37,1.4666112623372776,44,2.0,0.6976712346076965,840,758,226,195
40,1.4666112623372776,44,2.0,0.19169002771377563,1235,175,32,22
1,1.4999433364813066,45,2.0,0.4969673454761505,1334,233,44,32
3,1.4999433364813066,45,2.0,0.16140347719192505,845,295,75,56
34,1.4999433364813066,45,2.0,0.5522015690803528,1063,243,46,29
37,1.4999433364813066,45,2.0,0.7510617971420288,860,737,216,187
40,1.4999433364813066,45,2.0,0.23271414637565613,1233,176,31,22
1,1.5332754106253357,46,2.0,0.4914799928665161,1337,232,44,32
3,1.5332754106253357,46,2.0,0.14774084091186523,835,299,75,53
34,1.5332754106253357,46,2.0,0.6828912496566772,1057,245,47,30
37,1.5332754106253357,46,2.0,0.5800686478614807,878,720,209,180
40,1.5332754106253357,46,2.0,0.31106582283973694,1231,176,32,23
1,1.5666074847693645,47,2.0,0.43410491943359375,1340,230,46,32
3,1.5666074847693645,47,2.0,0.20554183423519135,826,302,78,54
34,1.5666074847693645,47,2.0,0.6262391209602356,1052,246,50,31
37,1.5666074847693645,47,2.0,0.8092259168624878,896,700,203,170
40,1.5666074847693645,47,2.0,0.28726983070373535,1229,176,32,24
1,1.5999395589133936,48,2.0,0.36178019642829895,1343,229,45,30
34,1.5999395589133936,48,2.0,0.5734192132949829,1046,249,52,30
37,1.5999395589133936,48,2.0,0.6773964762687683,914,683,195,161
1,1.6332716330574226,49,2.0,0.3233266770839691,1344,227,45,32
34,1.6332716330574226,49,2.0,0.5067809224128723,1038,252,51,31
37,1.6332716330574226,49,2.0,0.7438000440597534,930,672,190,160
1,1.6666037072014517,50,2.0,0.23769013583660126,1346,226,46,33
34,1.6666037072014517,50,2.0,0.5285795331001282,1033,253,53,29
37,1.6666037072014517,50,2.0,0.7125186324119568,946,656,184,155
1,1.6999357813454807,51,2.0,0.2873819172382355,1349,225,43,32
34,1.6999357813454807,51,2.0,0.7104060053825378,1028,255,52,29
37,1.6999357813454807,51,2.0,0.773743212223053,961,642,179,146
3,1.6999357813454807,51,2.0,0.29042065143585205,788,316,81,55
1,1.7332678554895098,52,2.0,0.45314013957977295,1351,223,41,31
34,1.7332678554895098,52,2.0,0.7662801146507263,1022,258,53,29
37,1.7332678554895098,52,2.0,0.684765100479126,973,629,178,143
3,1.7332678554895098,52,2.0,0.2966116666793823,779,321,88,59
1,1.7665999296335388,53,2.0,0.34609073400497437,1354,220,40,30
34,1.7665999296335388,53,2.0,0.7579488754272461,1016,261,56,31
37,1.7665999296335388,53,2.0,0.7071608304977417,989,616,173,138
3,1.7665999296335388,53,2.0,0.5434194207191467,768,324,85,60
1,1.799932003777568,54,2.0,0.2842774987220764,1356,219,38,31
34,1.799932003777568,54,2.0,0.7457166314125061,1008,264,55,34
37,1.799932003777568,54,2.0,0.7743581533432007,1002,602,165,132
3,1.799932003777568,54,2.0,0.5366382598876953,757,326,84,61
1,1.833264077921597,55,2.0,0.28698503971099854,1357,217,38,30
34,1.833264077921597,55,2.0,0.7687033414840698,1002,267,56,34
37,1.833264077921597,55,2.0,0.7760476469993591,1014,591,160,129
3,1.833264077921597,55,2.0,0.5613895058631897,748,330,86,60
1,1.866596152065626,56,2.0,0.30444663763046265,1358,216,37,28
34,1.866596152065626,56,2.0,0.7078924179077148,997,269,58,35
37,1.866596152065626,56,2.0,0.7381294369697571,1040,582,183,129
3,1.866596152065626,56,2.0,0.30192235112190247,738,334,92,63
1,1.8999282262096548,57,2.0,0.37127599120140076,1360,215,35,28
34,1.8999282262096548,57,2.0,0.6636566519737244,989,271,57,35
37,1.8999282262096548,57,2.0,0.7162788510322571,1045,571,162,128
3,1.8999282262096548,57,2.0,0.2621281147003174,725,339,91,63
54,1.8999282262096548,57,2.0,0.4582814872264862,1052,207,45,26
1,1.933260300353684,58,2.0,0.409359335899353,1361,213,39,27
34,1.933260300353684,58,2.0,0.6384952664375305,981,274,57,35
37,1.933260300353684,58,2.0,0.7335720658302307,1052,559,154,123
3,1.933260300353684,58,2.0,0.17052559554576874,712,343,89,61
54,1.933260300353684,58,2.0,0.4414472281932831,1049,209,44,23
1,1.966592374497713,59,2.0,0.5133101344108582,1365,212,38,27
34,1.966592374497713,59,2.0,0.6874900460243225,975,277,60,34
37,1.966592374497713,59,2.0,0.7472869157791138,1060,550,144,121
3,1.966592374497713,59,2.0,0.3179945647716522,701,348,93,64
54,1.966592374497713,59,2.0,0.5730133056640625,1046,209,45,23
1,1.999924448641742,60,2.0,0.4400775134563446,1367,211,39,28
34,1.999924448641742,60,2.0,0.7684923410415649,968,280,63,34
37,1.999924448641742,60,2.0,0.8382519483566284,1071,539,140,118
3,1.999924448641742,60,2.0,0.4437459111213684,689,352,96,63
54,1.999924448641742,60,2.0,0.6076065301895142,1042,211,43,25
1,2.0332565227857713,61,2.0,0.47647878527641296,1369,210,38,29
34,2.0332565227857713,61,2.0,0.6956530809402466,960,283,63,37
37,2.0332565227857713,61,2.0,0.8133669495582581,1079,531,134,116
3,2.0332565227857713,61,2.0,0.3272589445114136,677,358,97,66
54,2.0332565227857713,61,2.0,0.6195293068885803,1037,212,41,26
1,2.0665885969298,62,2.0,0.3806215822696686,1371,208,35,28
34,2.0665885969298,62,2.0,0.7195945382118225,952,287,60,38
37,2.0665885969298,62,2.0,0.7067168951034546,1090,522,131,114
3,2.0665885969298,62,2.0,0.40392547845840454,664,364,99,68
54,2.0665885969298,62,2.0,0.5466634631156921,1034,213,39,26
1,2.099920671073829,63,2.0,0.3131979703903198,1374,206,34,27
34,2.099920671073829,63,2.0,0.7756094336509705,942,290,62,39
37,2.099920671073829,63,2.0,0.7814018130302429,1100,512,129,109
3,2.099920671073829,63,2.0,0.5427302718162537,652,368,100,66
54,2.099920671073829,63,2.0,0.5344792008399963,1030,214,42,25
58,2.099920671073829,63,2.0,0.43586069345474243,1180,195,38,27
1,2.1332527452178582,64,2.0,0.27858346700668335,1376,206,35,27
34,2.1332527452178582,64,2.0,0.7447941303253174,935,293,64,38
37,2.1332527452178582,64,2.0,0.7246035933494568,1111,504,129,104
3,2.1332527452178582,64,2.0,0.5524609684944153,638,373,103,67
54,2.1332527452178582,64,2.0,0.5233572721481323,1026,215,42,24
58,2.1332527452178582,64,2.0,0.44724053144454956,1179,197,39,29
1,2.166584819361887,65,2.0,0.3257850408554077,1378,204,37,27
34,2.166584819361887,65,2.0,0.7946616411209106,927,296,65,39
37,2.166584819361887,65,2.0,0.7392353415489197,1118,496,123,105
3,2.166584819361887,65,2.0,0.5746595859527588,623,377,106,68
54,2.166584819361887,65,2.0,0.48365554213523865,1022,217,44,25
58,2.166584819361887,65,2.0,0.3574058711528778,1175,198,39,29
1,2.1999168935059163,66,2.0,0.306306928396225,1380,202,38,28
34,2.1999168935059163,66,2.0,0.7002905011177063,918,299,66,39
37,2.1999168935059163,66,2.0,0.7725839018821716,1136,490,141,104
3,2.1999168935059163,66,2.0,0.6104159951210022,609,382,107,70
54,2.1999168935059163,66,2.0,0.5461148619651794,1018,217,44,24
58,2.1999168935059163,66,2.0,0.34793272614479065,1171,200,39,28
1,2.233248967649945,67,2.0,0.4167463481426239,1381,201,40,27
34,2.233248967649945,67,2.0,0.6890854239463806,910,303,68,39
37,2.233248967649945,67,2.0,0.7390543818473816,1141,482,136,101
3,2.233248967649945,67,2.0,0.4498825967311859,594,388,107,73
54,2.233248967649945,67,2.0,0.5352158546447754,1014,219,44,26
58,2.233248967649945,67,2.0,0.23788529634475708,1168,200,40,28
1,2.2665810417939745,68,2.0,0.45320799946784973,1383,200,39,27
34,2.2665810417939745,68,2.0,0.7390064001083374,901,307,70,40
37,2.2665810417939745,68,2.0,0.6898800730705261,1147,475,127,97
3,2.2665810417939745,68,2.0,0.5476124286651611,580,394,107,74
54,2.2665810417939745,68,2.0,0.4662569463253021,1011,221,45,26
58,2.2665810417939745,68,2.0,0.3652965724468231,1165,201,41,28
1,2.2999131159380033,69,2.0,0.40906035900115967,1385,199,37,27
34,2.2999131159380033,69,2.0,0.7891462445259094,893,310,72,42
37,2.2999131159380033,69,2.0,0.6621814966201782,1161,469,138,98
3,2.2999131159380033,69,2.0,0.5213443040847778,565,399,110,75
54,2.2999131159380033,69,2.0,0.4578905999660492,1006,223,48,26
58,2.2999131159380033,69,2.0,0.33246317505836487,1161,202,42,29
1,2.3332451900820326,70,2.0,0.4939933717250824,1385,197,37,27
34,2.3332451900820326,70,2.0,0.7840567827224731,884,314,70,42
37,2.3332451900820326,70,2.0,0.7859387993812561,1168,461,133,98
3,2.3332451900820326,70,2.0,0.497255802154541,550,405,114,78
54,2.3332451900820326,70,2.0,0.46442121267318726,1002,224,51,27
58,2.3332451900820326,70,2.0,0.2811034917831421,1158,202,43,31
1,2.3665772642260614,71,2.0,0.4750147759914398,1386,196,37,28
34,2.3665772642260614,71,2.0,0.7872384190559387,873,318,71,43
37,2.3665772642260614,71,2.0,0.7659223079681396,1169,453,119,93
3,2.3665772642260614,71,2.0,0.2516799569129944,532,411,115,77
54,2.3665772642260614,71,2.0,0.3239207863807678,997,225,53,28
58,2.3665772642260614,71,2.0,0.29710137844085693,1154,205,43,31
1,2.3999093383700907,72,2.0,0.5167562365531921,1388,194,38,28
34,2.3999093383700907,72,2.0,0.7467348575592041,863,321,72,45
37,2.3999093383700907,72,2.0,0.6897382140159607,1173,447,112,90
3,2.3999093383700907,72,2.0,0.6383512616157532,516,418,116,78
54,2.3999093383700907,72,2.0,0.13059435784816742,993,227,51,27
58,2.3999093383700907,72,2.0,0.23243466019630432,1150,206,42,32
1,2.4332414125141195,73,2.0,0.5091618895530701,1388,194,37,28
34,2.4332414125141195,73,2.0,0.7299196124076843,855,326,78,43
37,2.4332414125141195,73,2.0,0.6797473430633545,1178,441,107,88
3,2.4332414125141195,73,2.0,0.3276342451572418,499,424,120,80
54,2.4332414125141195,73,2.0,0.4126131236553192,987,229,51,27
58,2.4332414125141195,73,2.0,0.23871426284313202,1145,207,42,32
1,2.4665734866581484,74,2.0,0.4250164031982422,1391,193,39,28
34,2.4665734866581484,74,2.0,0.735801100730896,844,331,78,45
37,2.4665734866581484,74,2.0,0.7072682976722717,1191,434,117,87
3,2.4665734866581484,74,2.0,0.5765170454978943,482,430,123,80
54,2.4665734866581484,74,2.0,0.4688492715358734,983,230,52,28
58,2.4665734866581484,74,2.0,0.27506887912750244,1142,209,42,32
1,2.4999055608021776,75,2.0,0.47976574301719666,1392,192,37,27
34,2.4999055608021776,75,2.0,0.7383138537406921,833,334,80,47
37,2.4999055608021776,75,2.0,0.7129051089286804,1196,427,110,85
3,2.4999055608021776,75,2.0,0.5215703845024109,464,437,126,82
54,2.4999055608021776,75,2.0,0.5703542232513428,979,231,52,27
58,2.4999055608021776,75,2.0,0.16850711405277252,1138,209,43,32
1,2.5332376349462065,76,2.0,0.35895827412605286,1394,192,33,27
34,2.5332376349462065,76,2.0,0.7143765091896057,822,339,83,47
37,2.5332376349462065,76,2.0,0.69227534532547,1207,423,119,85
3,2.5332376349462065,76,2.0,0.42702800035476685,445,444,129,82
54,2.5332376349462065,76,2.0,0.5469747185707092,974,233,50,27
58,2.5332376349462065,76,2.0,0.3254294693470001,1134,212,43,31
1,2.5665697090902357,77,2.0,0.30609017610549927,1395,191,31,26
34,2.5665697090902357,77,2.0,0.7944096326828003,812,343,83,48
37,2.5665697090902357,77,2.0,0.6716163754463196,1211,418,112,84
3,2.5665697090902357,77,2.0,0.3095703423023224,425,450,133,86
54,2.5665697090902357,77,2.0,0.6542577743530273,969,235,51,27
58,2.5665697090902357,77,2.0,0.18518474698066711,1130,213,45,30
1,2.5999017832342646,78,2.0,0.22624443471431732,1396,190,30,26
34,2.5999017832342646,78,2.0,0.7230253219604492,800,348,87,49
37,2.5999017832342646,78,2.0,0.6388445496559143,1211,413,100,85
3,2.5999017832342646,78,2.0,0.3154554069042206,406,457,136,86
54,2.5999017832342646,78,2.0,0.6024298667907715,966,236,53,27
58,2.5999017832342646,78,2.0,0.24980096518993378,1126,217,45,28
1,2.633233857378294,79,2.0,0.2684227228164673,1397,189,30,25
34,2.633233857378294,79,2.0,0.7743067145347595,787,353,87,49
37,2.633233857378294,79,2.0,0.6017350554466248,1217,406,98,84
3,2.633233857378294,79,2.0,0.30995815992355347,388,465,130,84
54,2.633233857378294,79,2.0,0.6816551685333252,961,238,54,27
64,2.633233857378294,79,2.0,0.36647990345954895,1256,166,32,19
1,2.6665659315223227,80,2.0,0.18571503460407257,1399,188,29,27
34,2.6665659315223227,80,2.0,0.7511737942695618,774,359,84,49
37,2.6665659315223227,80,2.0,0.6879525184631348,1229,402,108,82
3,2.6665659315223227,80,2.0,0.2719837725162506,376,474,117,88
54,2.6665659315223227,80,2.0,0.43409696221351624,957,240,53,27
1,2.699898005666352,81,2.0,0.19088923931121826,1401,187,30,27
34,2.699898005666352,81,2.0,0.7672215104103088,763,363,90,52
37,2.699898005666352,81,2.0,0.6873931884765625,1235,398,108,80
3,2.699898005666352,81,2.0,0.2477417141199112,365,481,98,87
54,2.699898005666352,81,2.0,0.5914762020111084,952,240,52,27
64,2.699898005666352,81,2.0,0.44092223048210144,1252,169,32,19
1,2.733230079810381,82,2.0,0.166440948843956,1402,185,30,28
34,2.733230079810381,82,2.0,0.8373664617538452,750,368,89,53
37,2.733230079810381,82,2.0,0.7807353138923645,1240,393,107,79
3,2.733230079810381,82,2.0,0.20061348378658295,355,488,77,86
54,2.733230079810381,82,2.0,0.49945688247680664,946,242,52,29
64,2.733230079810381,82,2.0,0.3627370595932007,1250,169,31,18
1,2.7665621539544096,83,2.0,0.11177626997232437,1403,184,30,28
34,2.7665621539544096,83,2.0,0.7986767888069153,738,373,93,54
37,2.7665621539544096,83,2.0,0.7865034341812134,1244,386,105,77
3,2.7665621539544096,83,9.0,0.13663358986377716,346,493,53,80
54,2.7665621539544096,83,2.0,0.3659871816635132,941,243,53,30
64,2.7665621539544096,83,2.0,0.2656368613243103,1249,170,32,18
1,2.799894228098439,84,2.0,0.11791827529668808,1404,183,30,27
34,2.799894228098439,84,2.0,0.7213189601898193,724,379,95,55
37,2.799894228098439,84,2.0,0.6776289939880371,1248,382,103,77
54,2.799894228098439,84,2.0,0.5897950530052185,935,244,54,31
64,2.799894228098439,84,2.0,0.22275708615779877,1243,171,31,17
1,2.8332263022424677,85,2.0,0.15876038372516632,1406,182,31,27
34,2.8332263022424677,85,2.0,0.7889638543128967,710,385,99,57
37,2.8332263022424677,85,2.0,0.7032195925712585,1255,378,106,74
54,2.8332263022424677,85,2.0,0.5523260831832886,931,245,56,32
64,2.8332263022424677,85,2.0,0.2338375598192215,1240,173,32,18
1,2.866558376386497,86,2.0,0.10078079253435135,1407,181,31,26
34,2.866558376386497,86,2.0,0.7926015853881836,695,390,98,57
37,2.866558376386497,86,2.0,0.6948748230934143,1259,374,101,73
54,2.866558376386497,86,2.0,0.6620844006538391,926,247,56,32
64,2.866558376386497,86,2.0,0.24552921950817108,1238,174,31,19
1,2.899890450530526,87,2.0,0.10862227529287338,1408,180,28,25
34,2.899890450530526,87,2.0,0.7524572610855103,681,397,101,59
37,2.899890450530526,87,2.0,0.5410273671150208,1259,370,89,69
54,2.899890450530526,87,2.0,0.32847094535827637,919,249,60,31
64,2.899890450530526,87,2.0,0.1612936556339264,1235,176,28,21
1,2.933222524674555,88,2.0,0.11757263541221619,1408,179,29,24
34,2.933222524674555,88,2.0,0.800860583782196,665,404,101,59
37,2.933222524674555,88,2.0,0.6080616116523743,1261,366,86,65
54,2.933222524674555,88,2.0,0.4383965730667114,913,250,60,32
64,2.933222524674555,88,2.0,0.24533143639564514,1232,176,29,23
1,2.966554598818584,89,2.0,0.11603473871946335,1410,177,32,25
34,2.966554598818584,89,2.0,0.8536496162414551,651,411,109,58
37,2.966554598818584,89,2.0,0.6500571370124817,1262,363,78,62
54,2.966554598818584,89,2.0,0.6069539785385132,908,253,60,31
64,2.966554598818584,89,2.0,0.3296230733394623,1231,176,32,23
58,2.966554598818584,89,2.0,0.4249066710472107,1075,234,53,36
1,2.9998866729626132,90,2.0,0.13510459661483765,1410,176,30,25
34,2.9998866729626132,90,2.0,0.7960473299026489,635,417,112,60
37,2.9998866729626132,90,2.0,0.6531824469566345,1268,355,75,68
54,2.9998866729626132,90,2.0,0.5473926663398743,902,255,58,32
64,2.9998866729626132,90,2.0,0.19513429701328278,1229,176,31,24
58,2.9998866729626132,90,2.0,0.5176778435707092,1070,236,51,36
1,3.033218747106642,91,2.0,0.21014052629470825,1412,175,32,24
34,3.033218747106642,91,2.0,0.7417768836021423,621,424,120,63
37,3.033218747106642,91,2.0,0.6882542371749878,1276,352,84,66
54,3.033218747106642,91,2.0,0.6886868476867676,895,257,59,32
64,3.033218747106642,91,2.0,0.19505177438259125,1227,177,33,25
58,3.033218747106642,91,2.0,0.5862531661987305,1064,239,53,39
1,3.0665508212506714,92,2.0,0.1918022185564041,1412,175,32,25
34,3.0665508212506714,92,2.0,0.8137543797492981,601,432,117,64
37,3.0665508212506714,92,2.0,0.6730806231498718,1281,349,85,67
54,3.0665508212506714,92,2.0,0.7082372307777405,890,260,60,33
64,3.0665508212506714,92,2.0,0.1263122707605362,1225,177,35,26
58,3.0665508212506714,92,2.0,0.5533924102783203,1059,241,53,39
70,3.0665508212506714,92,2.0,0.5281137228012085,74,586,148,107
34,3.0998828953947,93,2.0,0.7858251929283142,582,438,117,65
37,3.0998828953947,93,2.0,0.7027056217193604,1285,345,87,66
54,3.0998828953947,93,2.0,0.7034181952476501,884,261,61,34
64,3.0998828953947,93,2.0,0.10845405608415604,1222,178,38,27
58,3.0998828953947,93,2.0,0.45091092586517334,1054,242,54,40
34,3.133214969538729,94,2.0,0.7498990893363953,565,446,119,68
37,3.133214969538729,94,2.0,0.6811296939849854,1289,342,87,64
54,3.133214969538729,94,2.0,0.6877942085266113,880,263,61,34
64,3.133214969538729,94,2.0,0.11438803374767303,1219,180,36,25
58,3.133214969538729,94,2.0,0.25150513648986816,1048,244,55,41
34,3.1665470436827583,95,2.0,0.8105661869049072,547,455,126,68
37,3.1665470436827583,95,2.0,0.7473140954971313,1294,340,89,64
54,3.1665470436827583,95,2.0,0.7538940906524658,873,265,62,36
64,3.1665470436827583,95,2.0,0.18303708732128143,1215,181,35,25
58,3.1665470436827583,95,2.0,0.26202741265296936,1042,246,57,41
34,3.199879117826787,96,2.0,0.7916334271430969,527,464,126,70
37,3.199879117826787,96,2.0,0.6925530433654785,1301,337,90,63
54,3.199879117826787,96,2.0,0.7184188961982727,867,267,62,35
64,3.199879117826787,96,2.0,0.3008003234863281,1213,182,35,25
58,3.199879117826787,96,2.0,0.1817595213651657,1037,249,56,40
34,3.2332111919708164,97,2.0,0.7453066110610962,506,473,129,71
37,3.2332111919708164,97,2.0,0.607434868812561,1302,332,83,60
54,3.2332111919708164,97,2.0,0.6332206726074219,861,268,64,37
64,3.2332111919708164,97,2.0,0.16241753101348877,1208,183,32,25
58,3.2332111919708164,97,2.0,0.10615171492099762,1031,251,58,40
34,3.2665432661148452,98,2.0,0.814333975315094,482,480,126,74
37,3.2665432661148452,98,2.0,0.650606632232666,1304,330,81,59
54,3.2665432661148452,98,2.0,0.6725549697875977,855,270,67,39
64,3.2665432661148452,98,2.0,0.36942794919013977,1207,184,35,25
58,3.2665432661148452,98,2.0,0.28236159682273865,1026,254,59,38
34,3.2998753402588745,99,2.0,0.810299813747406,463,491,136,76
37,3.2998753402588745,99,2.0,0.612575888633728,1311,327,87,59
54,3.2998753402588745,99,2.0,0.583206832408905,848,272,67,40
64,3.2998753402588745,99,2.0,0.37311774492263794,1205,186,36,24
58,3.2998753402588745,99,2.0,0.22974391281604767,1021,257,62,39
34,3.3332074144029034,100,2.0,0.7999671697616577,439,499,137,77
37,3.3332074144029034,100,2.0,0.5544494986534119,1313,324,85,57
54,3.3332074144029034,100,2.0,0.5932565331459045,842,275,65,38
64,3.3332074144029034,100,2.0,0.30314239859580994,1202,187,36,24
58,3.3332074144029034,100,2.0,0.34817078709602356,1013,258,60,41
34,3.3665394885469326,101,2.0,0.752020537853241,417,510,143,78
37,3.3665394885469326,101,2.0,0.5616036653518677,1311,320,74,58
54,3.3665394885469326,101,2.0,0.5992868542671204,836,277,68,39
64,3.3665394885469326,101,2.0,0.4150557816028595,1198,188,35,23
58,3.3665394885469326,101,2.0,0.3121074438095093,1005,261,60,44
34,3.3998715626909615,102,2.0,0.4598136842250824,394,519,134,81
37,3.3998715626909615,102,2.0,0.5944864749908447,1320,317,82,59
54,3.3998715626909615,102,2.0,0.6148467063903809,827,280,67,37
64,3.3998715626909615,102,2.0,0.42407891154289246,1195,189,35,23
58,3.3998715626909615,102,2.0,0.302720308303833,999,263,59,45
34,3.4332036368349907,103,2.0,0.2050812691450119,387,530,129,83
37,3.4332036368349907,103,2.0,0.5642222762107849,1323,314,79,58
54,3.4332036368349907,103,2.0,0.6360438466072083,821,283,66,38
64,3.4332036368349907,103,2.0,0.3685339391231537,1192,189,35,23
58,3.4332036368349907,103,2.0,0.509682834148407,993,265,62,47
34,3.4665357109790196,104,2.0,0.18422196805477142,368,541,95,79
37,3.4665357109790196,104,2.0,0.5798091292381287,1325,311,77,56
54,3.4665357109790196,104,2.0,0.6860113143920898,814,285,70,40
64,3.4665357109790196,104,2.0,0.5714945197105408,1189,190,37,24
58,3.4665357109790196,104,2.0,0.4172455370426178,985,268,63,47
74,3.4665357109790196,104,2.0,0.4298518896102905,1045,211,43,27
37,3.4998677851230484,105,2.0,0.4927489757537842,1326,308,75,55
54,3.4998677851230484,105,2.0,0.6587788462638855,807,287,71,40
64,3.4998677851230484,105,2.0,0.570382297039032,1186,191,38,25
58,3.4998677851230484,105,2.0,0.37711989879608154,978,270,65,48
74,3.4998677851230484,105,2.0,0.39298751950263977,1041,212,40,27
37,3.5331998592670777,106,2.0,0.5887035131454468,1329,305,73,55
54,3.5331998592670777,106,2.0,0.560025691986084,799,289,73,41
64,3.5331998592670777,106,2.0,0.5847765803337097,1182,192,36,27
58,3.5331998592670777,106,2.0,0.3979532718658447,973,273,67,47
74,3.5331998592670777,106,2.0,0.47868162393569946,1036,213,38,26
37,3.5665319334111065,107,2.0,0.6053191423416138,1335,302,76,56
54,3.5665319334111065,107,2.0,0.4448186457157135,791,291,71,41
64,3.5665319334111065,107,2.0,0.5304934978485107,1179,194,35,27
58,3.5665319334111065,107,2.0,0.5273716449737549,965,277,67,46
74,3.5665319334111065,107,2.0,0.46065613627433777,1033,214,40,27
37,3.599864007555136,108,2.0,0.5301010608673096,1339,300,78,56
54,3.599864007555136,108,2.0,0.5725911259651184,785,294,72,42
64,3.599864007555136,108,2.0,0.45271050930023193,1175,196,39,26
58,3.599864007555136,108,2.0,0.6035606265068054,957,280,66,46
74,3.599864007555136,108,2.0,0.3002834916114807,1030,216,38,26
37,3.6331960816991646,109,2.0,0.5571616291999817,1342,298,77,56
54,3.6331960816991646,109,2.0,0.5635970830917358,777,296,74,43
64,3.6331960816991646,109,2.0,0.49694448709487915,1172,198,36,26
58,3.6331960816991646,109,2.0,0.5480131506919861,949,284,69,47
74,3.6331960816991646,109,2.0,0.18529601395130157,1024,218,39,25
37,3.666528155843194,110,2.0,0.5976865291595459,1345,296,75,54
54,3.666528155843194,110,2.0,0.5920316576957703,765,301,66,40
64,3.666528155843194,110,2.0,0.4856828451156616,1169,199,38,26
58,3.666528155843194,110,2.0,0.5912436842918396,942,286,70,49
74,3.666528155843194,110,2.0,0.2834417223930359,1020,220,40,25
70,3.666528155843194,110,2.0,0.7958346605300903,121,622,127,104
37,3.6998602299872227,111,2.0,0.5044628381729126,1347,294,74,56
54,3.6998602299872227,111,2.0,0.6987939476966858,758,304,71,40
64,3.6998602299872227,111,2.0,0.5335334539413452,1165,201,41,26
58,3.6998602299872227,111,2.0,0.5238868594169617,933,288,69,50
74,3.6998602299872227,111,2.0,0.40697428584098816,1016,221,41,27
70,3.6998602299872227,111,2.0,0.8733106255531311,106,633,156,108
37,3.733192304131252,112,2.0,0.5263506174087524,1350,291,76,55
54,3.733192304131252,112,2.0,0.7052990198135376,752,307,74,41
64,3.733192304131252,112,2.0,0.5603106617927551,1161,201,42,27
58,3.733192304131252,112,2.0,0.25499093532562256,926,292,70,52
74,3.733192304131252,112,2.0,0.3078296482563019,1014,222,41,28
70,3.733192304131252,112,2.0,0.4004484713077545,98,646,174,113
37,3.766524378275281,113,2.0,0.4015834927558899,1352,289,74,54
54,3.766524378275281,113,2.0,0.6603497266769409,743,310,75,45
64,3.766524378275281,113,2.0,0.4931139647960663,1158,201,41,28
58,3.766524378275281,113,2.0,0.1713976263999939,917,294,73,51
74,3.766524378275281,113,2.0,0.2544192373752594,1008,223,43,27
37,3.7998564524193097,114,2.0,0.5117592215538025,1354,287,73,54
54,3.7998564524193097,114,2.0,0.7550636529922485,735,312,77,46
64,3.7998564524193097,114,2.0,0.3417903482913971,1154,203,43,29
58,3.7998564524193097,114,2.0,0.15940502285957336,908,298,73,51
74,3.7998564524193097,114,2.0,0.2428692877292633,1005,224,44,27
70,3.7998564524193097,114,2.0,0.44879141449928284,75,673,146,113
37,3.833188526563339,115,2.0,0.4682997763156891,1355,284,71,52
54,3.833188526563339,115,2.0,0.6735774278640747,729,315,79,46
64,3.833188526563339,115,2.0,0.39983245730400085,1150,204,43,30
58,3.833188526563339,115,2.0,0.21173451840877533,899,303,76,52
74,3.833188526563339,115,2.0,0.24761857092380524,999,228,48,26
37,3.866520600707368,116,2.0,0.6205991506576538,1355,281,67,49
54,3.866520600707368,116,2.0,0.4956446886062622,719,317,79,47
64,3.866520600707368,116,2.0,0.5859357714653015,1146,206,41,29
58,3.866520600707368,116,2.0,0.32839417457580566,892,306,75,53
37,3.899852674851397,117,2.0,0.5576213598251343,1357,278,69,46
54,3.899852674851397,117,2.0,0.5912563800811768,711,319,81,48
64,3.899852674851397,117,2.0,0.7031221985816956,1143,208,43,27
58,3.899852674851397,117,2.0,0.4665139615535736,881,310,76,54
74,3.899852674851397,117,2.0,0.290597528219223,988,231,43,25
37,3.933184748995426,118,2.0,0.48610278964042664,1361,276,70,46
54,3.933184748995426,118,2.0,0.6597676873207092,702,322,82,48
64,3.933184748995426,118,2.0,0.6522881388664246,1139,209,41,26
58,3.933184748995426,118,2.0,0.4800897240638733,871,314,80,56
74,3.933184748995426,118,2.0,0.31910938024520874,984,231,45,25
37,3.966516823139455,119,2.0,0.5779430270195007,1364,273,68,45
54,3.966516823139455,119,2.0,0.6471118330955505,693,327,85,48
64,3.966516823139455,119,2.0,0.6192026138305664,1136,210,44,27
58,3.966516823139455,119,2.0,0.5436701774597168,862,316,81,58
74,3.966516823139455,119,2.0,0.406865656375885,980,233,47,26
37,3.999848897283484,120,2.0,0.5991393327713013,1366,272,67,47
54,3.999848897283484,120,2.0,0.6147874593734741,683,330,87,47
64,3.999848897283484,120,2.0,0.5937939882278442,1131,212,44,26
58,3.999848897283484,120,2.0,0.43489718437194824,852,320,82,60
74,3.999848897283484,120,2.0,0.4140506088733673,975,234,48,27
37,4.033180971427513,121,2.0,0.6373165249824524,1369,269,68,47
54,4.033180971427513,121,2.0,0.7142871618270874,674,333,85,48
64,4.033180971427513,121,2.0,0.6100109219551086,1127,214,45,25
58,4.033180971427513,121,2.0,0.4087281823158264,841,323,82,63
74,4.033180971427513,121,2.0,0.45873910188674927,972,236,51,28
37,4.066513045571543,122,2.0,0.504679799079895,1368,266,62,46
54,4.066513045571543,122,2.0,0.6058521270751953,663,335,87,48
64,4.066513045571543,122,2.0,0.6326189041137695,1122,217,43,26
58,4.066513045571543,122,2.0,0.35368603467941284,830,328,84,62
74,4.066513045571543,122,2.0,0.4880155622959137,968,237,51,28
37,4.099845119715571,123,2.0,0.6307799816131592,1373,264,62,47
54,4.099845119715571,123,2.0,0.7031582593917847,654,339,89,49
64,4.099845119715571,123,2.0,0.6954450607299805,1118,219,47,28
58,4.099845119715571,123,2.0,0.3668849766254425,819,333,88,62
74,4.099845119715571,123,2.0,0.49058929085731506,962,239,52,28
37,4.1331771938596,124,2.0,0.6519666314125061,1376,263,66,46
54,4.1331771938596,124,2.0,0.7106210589408875,646,342,90,52
64,4.1331771938596,124,2.0,0.6300380825996399,1113,221,45,30
58,4.1331771938596,124,2.0,0.3676455616950989,811,337,90,64
74,4.1331771938596,124,2.0,0.3006996810436249,958,240,49,28
37,4.1665092680036295,125,2.0,0.5530845522880554,1378,261,68,45
54,4.1665092680036295,125,2.0,0.6494544148445129,635,345,95,52
64,4.1665092680036295,125,2.0,0.7306642532348633,1109,222,49,31
58,4.1665092680036295,125,7.0,0.22066161036491394,799,341,90,64
74,4.1665092680036295,125,2.0,0.2872883677482605,952,242,51,30
37,4.199841342147658,126,2.0,0.5776973366737366,1379,259,65,42
54,4.199841342147658,126,2.0,0.4921387732028961,624,349,94,52
64,4.199841342147658,126,2.0,0.6998409032821655,1104,224,49,29
58,4.199841342147658,126,2.0,0.24005508422851562,787,346,92,66
74,4.199841342147658,126,2.0,0.18758730590343475,947,243,51,28
37,4.233173416291687,127,2.0,0.5090541243553162,1382,258,65,42
54,4.233173416291687,127,2.0,0.3564698398113251,613,354,92,54
64,4.233173416291687,127,2.0,0.5410051345825195,1099,226,48,29
58,4.233173416291687,127,2.0,0.30966758728027344,776,350,94,69
74,4.233173416291687,127,2.0,0.37079504132270813,941,244,49,30
37,4.2665054904357165,128,2.0,0.3851557672023773,1383,256,59,43
54,4.2665054904357165,128,2.0,0.5560052990913391,606,358,91,52
64,4.2665054904357165,128,2.0,0.5585235953330994,1095,228,50,27
58,4.2665054904357165,128,2.0,0.5609045624732971,763,356,96,68
74,4.2665054904357165,128,2.0,0.35025402903556824,937,245,49,31
37,4.299837564579746,129,2.0,0.5401723980903625,1386,254,61,42
54,4.299837564579746,129,2.0,0.6120302677154541,593,362,93,53
64,4.299837564579746,129,2.0,0.6061897873878479,1090,229,49,27
58,4.299837564579746,129,2.0,0.660800039768219,751,361,97,67
74,4.299837564579746,129,2.0,0.1879672408103943,931,247,48,29
37,4.333169638723774,130,2.0,0.51754230260849,1388,251,62,42
54,4.333169638723774,130,2.0,0.6900736689567566,581,366,98,55
64,4.333169638723774,130,2.0,0.6179826259613037,1086,231,49,29
58,4.333169638723774,130,2.0,0.675588846206665,739,367,99,69
74,4.333169638723774,130,2.0,0.22961129248142242,926,248,51,30
37,4.366501712867803,131,2.0,0.5914835929870605,1390,249,62,42
54,4.366501712867803,131,2.0,0.6454839706420898,572,370,94,56
64,4.366501712867803,131,2.0,0.7257512807846069,1083,232,51,31
58,4.366501712867803,131,2.0,0.6849732398986816,727,371,100,74
37,4.399833787011833,132,2.0,0.6406846046447754,1392,248,62,41
54,4.399833787011833,132,2.0,0.7006266117095947,561,374,97,59
64,4.399833787011833,132,2.0,0.6950680613517761,1079,233,53,32
58,4.399833787011833,132,2.0,0.6346114277839661,712,375,103,77
74,4.399833787011833,132,2.0,0.30410686135292053,914,253,55,30
37,4.433165861155862,133,2.0,0.6826074719429016,1394,247,61,41
54,4.433165861155862,133,2.0,0.461373895406723,547,379,102,58
64,4.433165861155862,133,2.0,0.6810783743858337,1072,236,50,31
58,4.433165861155862,133,2.0,0.6303718686103821,698,383,106,74
74,4.433165861155862,133,2.0,0.2864099144935608,907,255,55,33
37,4.46649793529989,134,2.0,0.5569663047790527,1395,245,57,41
54,4.46649793529989,134,2.0,0.603506326675415,534,383,105,56
64,4.46649793529989,134,2.0,0.761547863483429,1066,239,52,32
58,4.46649793529989,134,2.0,0.5078912377357483,684,389,110,77
74,4.46649793529989,134,2.0,0.3405102491378784,901,257,53,34
37,4.49983000944392,135,2.0,0.6389349699020386,1396,243,57,41
54,4.49983000944392,135,2.0,0.6378188133239746,523,387,110,56
64,4.49983000944392,135,2.0,0.7948207259178162,1060,241,52,33
58,4.49983000944392,135,2.0,0.6631768345832825,669,395,111,79
74,4.49983000944392,135,2.0,0.48333045840263367,895,258,54,34
37,4.533162083587949,136,2.0,0.5342553853988647,1398,241,56,41
54,4.533162083587949,136,2.0,0.5523781776428223,510,392,107,58
64,4.533162083587949,136,2.0,0.785328209400177,1055,242,52,35
58,4.533162083587949,136,2.0,0.5644309520721436,653,400,114,81
74,4.533162083587949,136,2.0,0.5229607224464417,890,261,57,35
37,4.566494157731977,137,2.0,0.5701224207878113,1399,240,57,43
54,4.566494157731977,137,2.0,0.6361365914344788,495,396,113,61
64,4.566494157731977,137,2.0,0.7280611991882324,1050,244,56,35
58,4.566494157731977,137,2.0,0.7073719501495361,637,407,116,80
74,4.566494157731977,137,2.0,0.46446508169174194,884,263,57,35
37,4.599826231876007,138,2.0,0.5926187038421631,1400,238,57,41
54,4.599826231876007,138,2.0,0.5856068730354309,482,401,115,61
64,4.599826231876007,138,2.0,0.7388928532600403,1045,246,57,36
58,4.599826231876007,138,2.0,0.7029332518577576,621,414,118,83
74,4.599826231876007,138,2.0,0.712175726890564,879,265,57,36
37,4.633158306020036,139,2.0,0.5944949388504028,1403,236,55,41
54,4.633158306020036,139,2.0,0.7390075325965881,466,406,110,63
64,4.633158306020036,139,2.0,0.671672523021698,1038,247,54,38
58,4.633158306020036,139,2.0,0.6581476330757141,605,420,121,85
74,4.633158306020036,139,2.0,0.45694711804389954,871,267,57,37
37,4.666490380164065,140,2.0,0.5680786371231079,1405,235,55,40
54,4.666490380164065,140,2.0,0.676803708076477,453,412,109,63
64,4.666490380164065,140,2.0,0.6879926919937134,1033,250,57,35
58,4.666490380164065,140,2.0,0.5959610939025879,588,427,124,88
74,4.666490380164065,140,2.0,0.407647043466568,865,269,57,37
37,4.6998224543080935,141,2.0,0.6336697936058044,1407,234,55,40
54,4.6998224543080935,141,2.0,0.7835968732833862,441,416,114,63
64,4.6998224543080935,141,2.0,0.6946403980255127,1028,253,58,32
58,4.6998224543080935,141,2.0,0.8056046962738037,570,435,129,91
74,4.6998224543080935,141,2.0,0.5256615281105042,859,271,61,38
37,4.733154528452123,142,2.0,0.570249080657959,1409,234,54,39
54,4.733154528452123,142,2.0,0.8071112036705017,426,422,117,65
64,4.733154528452123,142,2.0,0.6985656023025513,1020,255,55,32
58,4.733154528452123,142,2.0,0.8562959432601929,552,442,131,94
74,4.733154528452123,142,2.0,0.44709083437919617,854,272,60,38
37,4.766486602596152,143,2.0,0.6458287835121155,1410,232,55,39
54,4.766486602596152,143,2.0,0.6332379579544067,413,427,120,66
64,4.766486602596152,143,2.0,0.7763674259185791,1013,257,54,33
58,4.766486602596152,143,2.0,0.8481831550598145,532,450,134,97
74,4.766486602596152,143,2.0,0.2856799066066742,846,275,62,38
37,4.799818676740181,144,2.0,0.605891227722168,1411,230,52,40
54,4.799818676740181,144,2.0,0.6118124127388,394,432,124,67
64,4.799818676740181,144,2.0,0.6876207590103149,1006,260,58,37
58,4.799818676740181,144,2.0,0.8091471195220947,513,458,138,99
74,4.799818676740181,144,2.0,0.32501718401908875,841,276,66,40
37,4.83315075088421,145,2.0,0.6080705523490906,1412,228,53,40
54,4.83315075088421,145,2.0,0.5294812917709351,379,438,119,65
64,4.83315075088421,145,2.0,0.7767375707626343,1001,263,59,38
58,4.83315075088421,145,2.0,0.4346339702606201,493,467,142,99
74,4.83315075088421,145,2.0,0.44691142439842224,836,279,71,39
107,4.83315075088421,145,2.0,0.42217496037483215,918,190,42,25
37,4.866482825028239,146,2.0,0.5436797142028809,1414,227,51,40
54,4.866482825028239,146,2.0,0.5696995258331299,371,444,113,67
64,4.866482825028239,146,2.0,0.8129178285598755,995,265,62,39
58,4.866482825028239,146,2.0,0.6370620727539062,473,476,146,101
74,4.866482825028239,146,2.0,0.40898844599723816,825,283,65,39
107,4.866482825028239,146,2.0,0.4330154061317444,912,193,46,27
37,4.899814899172268,147,2.0,0.572907567024231,1415,224,50,40
54,4.899814899172268,147,2.0,0.573779821395874,361,449,98,66
64,4.899814899172268,147,2.0,0.7918553352355957,987,267,60,38
58,4.899814899172268,147,2.0,0.809638500213623,451,485,152,103
74,4.899814899172268,147,2.0,0.4997072219848633,818,286,66,39
107,4.899814899172268,147,2.0,0.37371107935905457,907,193,46,27
37,4.933146973316297,148,2.0,0.5707715749740601,1416,223,48,39
54,4.933146973316297,148,2.0,0.3518463373184204,351,452,83,62
64,4.933146973316297,148,2.0,0.7834640741348267,981,270,63,38
58,4.933146973316297,148,2.0,0.7512021064758301,429,494,154,103
74,4.933146973316297,148,2.0,0.5616412162780762,812,288,65,40
107,4.933146973316297,148,2.0,0.1965055763721466,898,193,43,27
37,4.966479047460326,149,2.0,0.6076256632804871,1417,222,46,39
54,4.966479047460326,149,2.0,0.10129358619451523,344,456,64,57
64,4.966479047460326,149,2.0,0.8072282075881958,976,273,70,40
58,4.966479047460326,149,2.0,0.753079354763031,407,503,155,108
74,4.966479047460326,149,2.0,0.548856258392334,804,289,65,41
107,4.966479047460326,149,2.0,0.3391728103160858,894,195,45,27
37,4.999811121604355,150,2.0,0.6274573802947998,1419,221,47,37
64,4.999811121604355,150,2.0,0.738159716129303,968,275,70,40
58,4.999811121604355,150,2.0,0.5446121692657471,392,512,144,112
74,4.999811121604355,150,2.0,0.3296833336353302,796,291,63,39
107,4.999811121604355,150,2.0,0.21276234090328217,889,197,46,28
37,5.0331431957483845,151,2.0,0.6242253184318542,1420,219,48,35
64,5.0331431957483845,151,2.0,0.708653450012207,960,279,68,39
58,5.0331431957483845,151,2.0,0.37055984139442444,378,520,124,110
74,5.0331431957483845,151,2.0,0.2544727623462677,789,294,66,37
107,5.0331431957483845,151,2.0,0.12878289818763733,881,199,43,26
37,5.066475269892413,152,2.0,0.6007049679756165,1421,217,48,33
64,5.066475269892413,152,2.0,0.7440180778503418,952,282,69,40
58,5.066475269892413,152,2.0,0.44380590319633484,366,526,98,100
74,5.066475269892413,152,2.0,0.18140435218811035,781,295,69,41
107,5.066475269892413,152,2.0,0.2577975392341614,875,200,46,25
37,5.099807344036442,153,2.0,0.5259340405464172,1421,216,47,33
64,5.099807344036442,153,2.0,0.7533296942710876,944,285,71,44
58,5.099807344036442,153,2.0,0.5644881725311279,355,531,71,87
74,5.099807344036442,153,2.0,0.34697896242141724,774,297,69,41
107,5.099807344036442,153,2.0,0.29485583305358887,869,200,46,25
37,5.1331394181804715,154,2.0,0.62287837266922,1422,214,45,32
64,5.1331394181804715,154,2.0,0.7134200930595398,936,287,67,45
74,5.1331394181804715,154,2.0,0.3080436587333679,766,301,68,43
107,5.1331394181804715,154,2.0,0.1656120866537094,861,201,47,26
37,5.1664714923245,155,2.0,0.5763689279556274,1424,213,47,32
64,5.1664714923245,155,2.0,0.7313016653060913,928,290,65,46
74,5.1664714923245,155,2.0,0.545042872428894,756,306,67,41
107,5.1664714923245,155,2.0,0.2883361577987671,854,202,51,28
37,5.199803566468529,156,2.0,0.5851210355758667,1425,212,46,33
64,5.199803566468529,156,2.0,0.7498036623001099,920,293,69,45
74,5.199803566468529,156,2.0,0.5675324201583862,748,309,69,42
107,5.199803566468529,156,2.0,0.1486075073480606,849,202,49,27
37,5.233135640612558,157,2.0,0.6313828229904175,1427,211,44,33
64,5.233135640612558,157,2.0,0.7005836367607117,911,298,71,46
74,5.233135640612558,157,2.0,0.6599840521812439,740,312,71,43
37,5.266467714756588,158,2.0,0.5586621165275574,1428,210,44,33
64,5.266467714756588,158,2.0,0.744556725025177,903,300,71,46
74,5.266467714756588,158,2.0,0.5960198640823364,733,314,75,43
37,5.299799788900616,159,2.0,0.6000162959098816,1430,210,46,33
64,5.299799788900616,159,2.0,0.7512912154197693,894,304,72,46
74,5.299799788900616,159,2.0,0.38714122772216797,723,318,76,42
37,5.333131863044645,160,2.0,0.43217596411705017,1433,209,49,34
64,5.333131863044645,160,2.0,0.709686279296875,885,308,73,46
74,5.333131863044645,160,2.0,0.2810998558998108,715,321,77,42
37,5.366463937188675,161,2.0,0.2963132858276367,1434,209,50,33
64,5.366463937188675,161,2.0,0.7718513607978821,876,312,76,48
74,5.366463937188675,161,2.0,0.4313984215259552,706,322,75,44
37,5.399796011332704,162,2.0,0.32325074076652527,1436,208,51,33
64,5.399796011332704,162,2.0,0.7532758116722107,866,315,78,48
74,5.399796011332704,162,2.0,0.43675151467323303,698,326,77,45
37,5.433128085476732,163,2.0,0.28908175230026245,1437,207,51,34
64,5.433128085476732,163,2.0,0.7806845307350159,859,318,81,52
74,5.433128085476732,163,2.0,0.4654769003391266,687,330,78,46
124,5.433128085476732,163,2.0,0.6770191788673401,46,662,91,111
125,5.433128085476732,163,2.0,0.4922267496585846,60,563,121,80
107,5.433128085476732,163,2.0,0.36454248428344727,797,211,51,28
37,5.466460159620762,164,2.0,0.172012060880661,1437,205,47,34
64,5.466460159620762,164,2.0,0.6988117694854736,848,323,82,51
74,5.466460159620762,164,2.0,0.5033289790153503,677,333,79,47
125,5.466460159620762,164,2.0,0.3808862268924713,46,569,92,74
107,5.466460159620762,164,2.0,0.3831453025341034,790,212,53,28
37,5.499792233764791,165,2.0,0.11109260469675064,1438,204,46,35
64,5.499792233764791,165,2.0,0.7119618058204651,836,327,79,52
74,5.499792233764791,165,2.0,0.47654402256011963,667,336,76,47
107,5.499792233764791,165,2.0,0.4160200357437134,783,213,56,28
37,5.533124307908819,166,2.0,0.24676743149757385,1439,203,45,36
64,5.533124307908819,166,2.0,0.7285667061805725,825,331,81,54
74,5.533124307908819,166,2.0,0.4278213083744049,657,338,80,49
107,5.533124307908819,166,2.0,0.3166143596172333,775,214,54,25
37,5.5664563820528485,167,2.0,0.3345677852630615,1440,202,46,36
64,5.5664563820528485,167,2.0,0.745055079460144,815,336,85,53
74,5.5664563820528485,167,2.0,0.4417409598827362,649,342,81,50
107,5.5664563820528485,167,2.0,0.3248631954193115,768,215,54,27
37,5.599788456196878,168,2.0,0.38982099294662476,1441,201,47,36
64,5.599788456196878,168,2.0,0.7838771343231201,804,340,85,55
74,5.599788456196878,168,2.0,0.5148112177848816,639,345,84,51
107,5.599788456196878,168,2.0,0.2856898605823517,759,217,56,30
37,5.633120530340907,169,2.0,0.4631326198577881,1442,200,46,37
64,5.633120530340907,169,2.0,0.7752728462219238,792,344,87,56
74,5.633120530340907,169,2.0,0.5122906565666199,628,350,85,51
37,5.6664526044849355,170,2.0,0.3812766969203949,1443,198,43,36
64,5.6664526044849355,170,2.0,0.8291614055633545,780,348,88,57
74,5.6664526044849355,170,2.0,0.3556542694568634,616,353,83,52
37,5.699784678628965,171,2.0,0.4492274820804596,1444,197,41,34
64,5.699784678628965,171,2.0,0.7182602882385254,768,354,90,58
74,5.699784678628965,171,2.0,0.5944076180458069,606,359,86,48
37,5.733116752772994,172,2.0,0.5450090169906616,1445,197,40,34
64,5.733116752772994,172,2.0,0.7605733871459961,756,360,90,58
74,5.733116752772994,172,2.0,0.3578444719314575,593,362,84,51
37,5.766448826917023,173,2.0,0.48452866077423096,1446,195,40,32
64,5.766448826917023,173,2.0,0.8069174289703369,743,365,94,60
74,5.766448826917023,173,2.0,0.48689642548561096,583,366,90,54
37,5.799780901061052,174,2.0,0.44559383392333984,1446,194,38,31
64,5.799780901061052,174,2.0,0.7097674608230591,729,370,96,61
74,5.799780901061052,174,2.0,0.6920130848884583,571,370,90,52
37,5.833112975205081,175,2.0,0.4364522099494934,1447,194,36,31
64,5.833112975205081,175,2.0,0.7310666441917419,718,375,105,65
74,5.833112975205081,175,2.0,0.546943724155426,559,374,95,56
37,5.86644504934911,176,2.0,0.46219927072525024,1449,193,36,33
64,5.86644504934911,176,2.0,0.7448428869247437,703,380,102,67
74,5.86644504934911,176,2.0,0.47000768780708313,546,378,95,56
134,5.86644504934911,176,2.0,0.7049311995506287,526,834,241,169
37,5.899777123493139,177,2.0,0.5085784196853638,1449,191,36,33
64,5.899777123493139,177,2.0,0.638768196105957,688,386,102,65
74,5.899777123493139,177,2.0,0.45659905672073364,531,384,85,50
134,5.899777123493139,177,2.0,0.8151461482048035,555,810,233,161
37,5.933109197637168,178,2.0,0.4846249520778656,1450,191,35,34
64,5.933109197637168,178,2.0,0.7319411635398865,672,392,103,66
74,5.933109197637168,178,2.0,0.2340250164270401,519,386,90,54
134,5.933109197637168,178,2.0,0.838066041469574,591,788,224,160
37,5.966441271781197,179,2.0,0.40545380115509033,1450,190,35,34
64,5.966441271781197,179,2.0,0.751335084438324,657,399,103,68
74,5.966441271781197,179,2.0,0.39502474665641785,509,391,96,55
134,5.966441271781197,179,2.0,0.83648282289505,622,763,212,154
37,5.9997733459252265,180,2.0,0.4886065423488617,1451,189,35,34
64,5.9997733459252265,180,2.0,0.6383625268936157,643,405,109,71
74,5.9997733459252265,180,2.0,0.5139901041984558,494,396,97,56
134,5.9997733459252265,180,2.0,0.8673497438430786,653,739,204,139
137,5.9997733459252265,180,2.0,0.3638755679130554,1174,169,48,42
37,6.033105420069255,181,2.0,0.46387994289398193,1452,187,37,33
64,6.033105420069255,181,2.0,0.7450242638587952,630,411,116,70
74,6.033105420069255,181,2.0,0.6615099906921387,483,401,100,58
134,6.033105420069255,181,2.0,0.825474739074707,680,716,197,131
137,6.033105420069255,181,2.0,0.24358393251895905,1173,169,49,44
37,6.066437494213284,182,2.0,0.3595332205295563,1453,186,38,33
64,6.066437494213284,182,2.0,0.7287988662719727,618,419,127,73
74,6.066437494213284,182,2.0,0.5298735499382019,468,405,101,59
134,6.066437494213284,182,2.0,0.8728128671646118,706,698,188,132
137,6.066437494213284,182,2.0,0.29750800132751465,1174,169,57,45
37,6.099769568357313,183,2.0,0.3671477437019348,1455,186,40,33
64,6.099769568357313,183,2.0,0.7933952808380127,596,426,122,75
74,6.099769568357313,183,2.0,0.6955624222755432,456,410,108,60
134,6.099769568357313,183,2.0,0.8414269089698792,732,680,181,127
137,6.099769568357313,183,2.0,0.35959383845329285,1173,170,58,46
139,6.099769568357313,183,2.0,0.41369134187698364,634,233,60,30
37,6.133101642501343,184,2.0,0.3851655125617981,1455,185,40,34
64,6.133101642501343,184,2.0,0.8111934065818787,577,431,124,76
74,6.133101642501343,184,2.0,0.6851962208747864,442,415,109,60
134,6.133101642501343,184,2.0,0.8460339903831482,755,661,174,120
137,6.133101642501343,184,7.0,0.21447008848190308,1173,171,63,46
37,6.166433716645371,185,2.0,0.2858527600765228,1456,185,40,34
64,6.166433716645371,185,2.0,0.8049455285072327,558,440,125,76
74,6.166433716645371,185,2.0,0.6623370051383972,426,421,107,60
134,6.166433716645371,185,2.0,0.7641240954399109,776,646,166,121
137,6.166433716645371,185,7.0,0.1072271391749382,1176,173,71,44
37,6.1997657907894,186,2.0,0.22680789232254028,1457,185,40,33
64,6.1997657907894,186,2.0,0.7366132736206055,539,447,128,81
74,6.1997657907894,186,2.0,0.58658766746521,411,426,110,62
134,6.1997657907894,186,2.0,0.8335668444633484,799,630,164,115
137,6.1997657907894,186,2.0,0.11373493075370789,1175,173,72,48
37,6.23309786493343,187,2.0,0.19937923550605774,1458,184,40,32
64,6.23309786493343,187,2.0,0.7772120237350464,520,456,131,81
74,6.23309786493343,187,2.0,0.6526594161987305,396,432,113,63
134,6.23309786493343,187,2.0,0.8046205639839172,829,616,180,116
37,6.266429939077458,188,2.0,0.28615522384643555,1459,184,39,33
64,6.266429939077458,188,2.0,0.6836437582969666,501,466,135,83
74,6.266429939077458,188,2.0,0.4811481237411499,381,437,113,64
134,6.266429939077458,188,2.0,0.8134492039680481,845,603,165,111
37,6.299762013221487,189,2.0,0.2744734585285187,1460,183,39,32
64,6.299762013221487,189,2.0,0.7373133301734924,479,473,136,85
74,6.299762013221487,189,2.0,0.507295548915863,369,444,104,64
134,6.299762013221487,189,2.0,0.7832396030426025,860,589,157,104
37,6.333094087365517,190,2.0,0.21711212396621704,1460,182,39,32
64,6.333094087365517,190,2.0,0.8436911702156067,458,483,141,88
134,6.333094087365517,190,2.0,0.724608302116394,879,577,153,103
37,6.366426161509546,191,2.0,0.206283301115036,1460,182,39,32
64,6.366426161509546,191,2.0,0.6931391954421997,438,492,147,89
134,6.366426161509546,191,2.0,0.6583872437477112,896,564,145,100
37,6.399758235653574,192,2.0,0.23790118098258972,1461,180,38,30
64,6.399758235653574,192,2.0,0.5783672332763672,413,502,152,91
134,6.399758235653574,192,2.0,0.6988246440887451,913,552,145,101
37,6.4330903097976035,193,2.0,0.2872524559497833,1462,178,38,28
64,6.4330903097976035,193,2.0,0.7266907095909119,393,511,137,94
134,6.4330903097976035,193,2.0,0.7661871910095215,926,540,137,98
37,6.466422383941633,194,2.0,0.3252105116844177,1463,177,37,28
64,6.466422383941633,194,2.0,0.48443296551704407,378,521,116,100
134,6.466422383941633,194,2.0,0.8156484365463257,939,528,128,94
37,6.499754458085662,195,2.0,0.2993791699409485,1464,176,37,28
64,6.499754458085662,195,2.0,0.47581127285957336,367,530,96,98
134,6.499754458085662,195,2.0,0.6769547462463379,955,518,126,92
37,6.5330865322296905,196,2.0,0.3926595151424408,1465,175,36,28
64,6.5330865322296905,196,2.0,0.5257395505905151,355,536,71,89
134,6.5330865322296905,196,2.0,0.6874605417251587,970,509,127,91
37,6.56641860637372,197,2.0,0.43369829654693604,1466,174,35,30
134,6.56641860637372,197,2.0,0.48120930790901184,982,497,121,91
37,6.599750680517749,198,2.0,0.40575361251831055,1467,172,34,30
134,6.599750680517749,198,2.0,0.6007775068283081,995,488,119,88
37,6.633082754661777,199,2.0,0.44701141119003296,1468,171,34,29
134,6.633082754661777,199,2.0,0.43605509400367737,1009,479,119,83
37,6.666414828805807,200,2.0,0.4832907021045685,1468,170,33,30
134,6.666414828805807,200,2.0,0.3072966933250427,1022,471,119,80
37,6.699746902949836,201,2.0,0.45417192578315735,1469,169,32,29
134,6.699746902949836,201,2.0,0.6777336001396179,1031,462,114,75
150,6.699746902949836,201,2.0,0.6869712471961975,122,611,123,110
37,6.733078977093865,202,2.0,0.33890053629875183,1469,168,31,28
134,6.733078977093865,202,2.0,0.5679174065589905,1044,454,117,75
150,6.733078977093865,202,2.0,0.7757877111434937,105,624,158,113
37,6.766411051237894,203,2.0,0.3853762447834015,1469,168,30,27
134,6.766411051237894,203,2.0,0.5322574973106384,1053,446,110,77
150,6.766411051237894,203,2.0,0.5780662894248962,94,608,180,185
37,6.799743125381923,204,2.0,0.401427686214447,1469,168,28,27
134,6.799743125381923,204,2.0,0.6115356087684631,1066,440,113,74
150,6.799743125381923,204,2.0,0.4490627348423004,83,632,166,171
37,6.833075199525952,205,2.0,0.41413968801498413,1469,167,29,27
134,6.833075199525952,205,2.0,0.46986252069473267,1072,433,102,70
150,6.833075199525952,205,2.0,0.6659161448478699,63,646,127,137
37,6.8664072736699815,206,2.0,0.3885575234889984,1470,167,29,27
134,6.8664072736699815,206,2.0,0.5791677832603455,1078,425,95,68
150,6.8664072736699815,206,2.0,0.7371421456336975,42,657,85,103
158,6.8664072736699815,206,2.0,0.7138543128967285,724,884,208,181
37,6.89973934781401,207,2.0,0.3668326735496521,1470,166,28,27
134,6.89973934781401,207,2.0,0.7087306380271912,1092,418,101,68
158,6.89973934781401,207,2.0,0.762495756149292,750,858,199,170
37,6.933071421958039,208,2.0,0.45078861713409424,1471,165,30,27
134,6.933071421958039,208,2.0,0.33336925506591797,1100,411,99,71
158,6.933071421958039,208,2.0,0.6195293068885803,780,830,191,161
37,6.966403496102068,209,2.0,0.412280797958374,1472,164,31,27
134,6.966403496102068,209,2.0,0.6066167950630188,1107,405,95,69
158,6.966403496102068,209,2.0,0.7713687419891357,810,804,188,151
37,6.999735570246097,210,2.0,0.416465163230896,1472,163,30,26
134,6.999735570246097,210,2.0,0.6534398794174194,1118,399,97,68
158,6.999735570246097,210,2.0,0.8081185221672058,833,778,177,141
37,7.033067644390126,211,2.0,0.3469344675540924,1473,163,30,27
134,7.033067644390126,211,2.0,0.5149391293525696,1124,394,92,65
158,7.033067644390126,211,2.0,0.791304349899292,856,758,170,140
37,7.066399718534155,212,2.0,0.19131292402744293,1474,163,31,28
134,7.066399718534155,212,2.0,0.5327591300010681,1129,389,87,62
158,7.066399718534155,212,2.0,0.6766605973243713,876,737,162,132
37,7.099731792678185,213,2.0,0.3103195130825043,1475,163,31,28
134,7.099731792678185,213,2.0,0.5145441889762878,1140,383,89,61
158,7.099731792678185,213,2.0,0.8086477518081665,896,717,155,125
37,7.133063866822213,214,2.0,0.2885044813156128,1476,162,32,28
134,7.133063866822213,214,2.0,0.6263750791549683,1148,377,91,61
158,7.133063866822213,214,2.0,0.7484903931617737,919,699,156,123
37,7.166395940966242,215,2.0,0.30821770429611206,1476,162,32,27
134,7.166395940966242,215,2.0,0.70137619972229,1154,371,86,58
158,7.166395940966242,215,2.0,0.7913848161697388,936,682,148,121
37,7.199728015110272,216,2.0,0.28846475481987,1477,162,33,27
134,7.199728015110272,216,2.0,0.6068297624588013,1159,366,80,58
158,7.199728015110272,216,2.0,0.7262954115867615,951,666,147,118
37,7.2330600892543,217,2.0,0.2237347811460495,1478,161,33,28
134,7.2330600892543,217,2.0,0.44079434871673584,1166,363,81,56
158,7.2330600892543,217,2.0,0.6016833782196045,979,651,164,116
37,7.266392163398329,218,2.0,0.15713508427143097,1479,160,33,27
134,7.266392163398329,218,2.0,0.43854379653930664,1173,358,82,55
158,7.266392163398329,218,2.0,0.7188395857810974,993,634,152,107
37,7.2997242375423586,219,2.0,0.17083385586738586,1479,159,34,26
134,7.2997242375423586,219,2.0,0.5382091999053955,1180,353,80,56
158,7.2997242375423586,219,2.0,0.7403656244277954,1002,619,137,104
37,7.333056311686388,220,2.0,0.14308230578899384,1479,159,33,25
134,7.333056311686388,220,2.0,0.37405622005462646,1187,349,85,55
158,7.333056311686388,220,2.0,0.7072643041610718,1025,606,153,104
37,7.366388385830416,221,2.0,0.15118463337421417,1480,158,32,25
134,7.366388385830416,221,2.0,0.6000342965126038,1192,343,81,57
158,7.366388385830416,221,2.0,0.8040732145309448,1043,594,154,101
37,7.3997204599744455,222,2.0,0.12367919832468033,1480,158,33,25
134,7.3997204599744455,222,2.0,0.6171841621398926,1199,339,80,56
158,7.3997204599744455,222,2.0,0.7150156497955322,1056,581,150,97
134,7.433052534118475,223,2.0,0.4827136695384979,1203,336,76,55
158,7.433052534118475,223,2.0,0.6513234972953796,1068,571,147,96
134,7.466384608262504,224,2.0,0.5426514744758606,1210,331,75,53
158,7.466384608262504,224,2.0,0.7892444729804993,1073,558,129,91
134,7.499716682406532,225,2.0,0.5172296166419983,1215,327,75,51
158,7.499716682406532,225,2.0,0.7107329964637756,1079,545,116,91
134,7.533048756550562,226,2.0,0.5444965362548828,1219,322,73,50
158,7.533048756550562,226,2.0,0.7892103791236877,1089,533,109,88
134,7.566380830694591,227,2.0,0.4274933636188507,1224,318,69,50
158,7.566380830694591,227,2.0,0.6855690479278564,1105,523,116,86
134,7.599712904838619,228,2.0,0.5955083966255188,1229,316,71,48
158,7.599712904838619,228,2.0,0.7798699736595154,1120,515,125,85
134,7.633044978982649,229,2.0,0.27091002464294434,1231,312,65,47
158,7.633044978982649,229,2.0,0.7187016606330872,1125,505,113,83
134,7.666377053126678,230,2.0,0.6466118693351746,1239,309,68,48
158,7.666377053126678,230,2.0,0.6900538802146912,1132,495,105,82
134,7.699709127270707,231,2.0,0.5196003317832947,1244,305,70,47
158,7.699709127270707,231,2.0,0.714319109916687,1141,486,105,78
172,7.699709127270707,231,2.0,0.8151150941848755,884,981,242,192
173,7.699709127270707,231,2.0,0.5181887745857239,528,862,268,191
134,7.733041201414736,232,2.0,0.5380980372428894,1247,302,70,45
158,7.733041201414736,232,2.0,0.8112901449203491,1154,479,111,77
172,7.733041201414736,232,2.0,0.7378613948822021,908,963,224,207
173,7.733041201414736,232,2.0,0.5413567423820496,561,838,266,184
134,7.766373275558765,233,2.0,0.3929884135723114,1252,299,68,44
158,7.766373275558765,233,2.0,0.7462085485458374,1164,472,113,76
172,7.766373275558765,233,2.0,0.8153489828109741,945,934,230,210
173,7.766373275558765,233,2.0,0.6143761873245239,591,808,248,172
134,7.799705349702794,234,2.0,0.46351349353790283,1256,296,67,44
158,7.799705349702794,234,2.0,0.6580632925033569,1168,462,102,69
172,7.799705349702794,234,2.0,0.711761474609375,983,902,239,199
173,7.799705349702794,234,28.0,0.35760432481765747,631,786,251,170
134,7.833037423846823,235,2.0,0.6312858462333679,1259,292,67,45
158,7.833037423846823,235,2.0,0.6580727696418762,1174,454,93,70
172,7.833037423846823,235,2.0,0.8261945843696594,1001,869,220,188
173,7.833037423846823,235,2.0,0.6855246424674988,654,759,230,155
134,7.866369497990852,236,2.0,0.7015042304992676,1263,290,66,44
158,7.866369497990852,236,2.0,0.5946581363677979,1184,448,99,73
172,7.866369497990852,236,2.0,0.7797681093215942,1016,838,193,177
173,7.866369497990852,236,2.0,0.35867127776145935,687,736,227,147
134,7.899701572134881,237,2.0,0.656613290309906,1268,288,65,44
158,7.899701572134881,237,2.0,0.671734094619751,1189,440,93,68
172,7.899701572134881,237,2.0,0.8013313412666321,1033,809,178,159
173,7.899701572134881,237,2.0,0.4401235580444336,709,715,209,138
134,7.93303364627891,238,2.0,0.586509644985199,1271,284,64,42
158,7.93303364627891,238,2.0,0.7266927361488342,1198,433,95,65
172,7.93303364627891,238,2.0,0.8278347253799438,1054,783,175,153
173,7.93303364627891,238,2.0,0.6699894666671753,734,696,201,135
134,7.966365720422939,239,2.0,0.39979106187820435,1275,281,62,41
158,7.966365720422939,239,2.0,0.7169190049171448,1205,427,92,67
172,7.966365720422939,239,2.0,0.8065794706344604,1070,761,163,147
173,7.966365720422939,239,2.0,0.567978024482727,757,678,193,131
134,7.999697794566968,240,2.0,0.3358049988746643,1279,278,61,39
158,7.999697794566968,240,2.0,0.6849496960639954,1213,420,94,66
172,7.999697794566968,240,2.0,0.8054177761077881,1094,740,170,140
173,7.999697794566968,240,2.0,0.15309445559978485,781,661,189,127
134,8.033029868710997,241,2.0,0.432413250207901,1283,275,59,38
158,8.033029868710997,241,2.0,0.6703866124153137,1218,414,93,63
172,8.033029868710997,241,2.0,0.8529550433158875,1104,719,155,129
173,8.033029868710997,241,2.0,0.1913110762834549,804,647,187,126
134,8.066361942855027,242,2.0,0.5106313824653625,1287,273,58,39
158,8.066361942855027,242,2.0,0.6867446303367615,1224,407,88,62
172,8.066361942855027,242,2.0,0.7998695373535156,1125,696,162,133
173,8.066361942855027,242,2.0,0.2866767942905426,829,628,191,118
134,8.099694016999056,243,2.0,0.4244282841682434,1291,270,58,39
158,8.099694016999056,243,2.0,0.6439719796180725,1231,403,90,63
172,8.099694016999056,243,2.0,0.7826777100563049,1138,681,151,125
173,8.099694016999056,243,2.0,0.42706137895584106,846,615,182,115
134,8.133026091143085,244,2.0,0.5088505744934082,1294,268,59,37
158,8.133026091143085,244,2.0,0.6630662679672241,1238,396,91,63
172,8.133026091143085,244,2.0,0.7998165488243103,1155,665,155,120
173,8.133026091143085,244,2.0,0.6453534960746765,863,602,173,114
134,8.166358165287113,245,2.0,0.47910788655281067,1297,266,58,36
158,8.166358165287113,245,2.0,0.6790550351142883,1243,391,90,60
172,8.166358165287113,245,2.0,0.7680397033691406,1167,648,150,118
173,8.166358165287113,245,2.0,0.7065320014953613,878,587,161,108
182,8.166358165287113,245,2.0,0.5660361647605896,425,790,123,120
134,8.199690239431142,246,2.0,0.5154293775558472,1301,263,57,37
158,8.199690239431142,246,2.0,0.7138545513153076,1246,386,84,59
172,8.199690239431142,246,2.0,0.8680981993675232,1173,633,135,112
173,8.199690239431142,246,2.0,0.4790983498096466,897,575,165,107
182,8.199690239431142,246,2.0,0.41311755776405334,437,788,150,144
134,8.233022313575171,247,2.0,0.6361469626426697,1303,260,58,39
158,8.233022313575171,247,2.0,0.6637338995933533,1251,381,82,58
172,8.233022313575171,247,2.0,0.8312756419181824,1192,618,147,110
173,8.233022313575171,247,2.0,0.17027060687541962,910,564,152,104
182,8.233022313575171,247,2.0,0.5810890793800354,453,771,185,159
134,8.2663543877192,248,2.0,0.4551945924758911,1306,258,57,40
158,8.2663543877192,248,2.0,0.6119195222854614,1257,375,84,56
172,8.2663543877192,248,2.0,0.7738101482391357,1206,604,148,107
173,8.2663543877192,248,2.0,0.21517902612686157,924,550,143,100
182,8.2663543877192,248,2.0,0.7957426309585571,469,748,216,151
134,8.29968646186323,249,2.0,0.29869309067726135,1309,257,56,39
158,8.29968646186323,249,2.0,0.6106460094451904,1263,370,85,56
172,8.29968646186323,249,2.0,0.8191039562225342,1217,590,148,104
173,8.29968646186323,249,2.0,0.5310296416282654,937,537,137,96
182,8.29968646186323,249,2.0,0.8319071531295776,493,726,229,148
134,8.333018536007259,250,2.0,0.44671323895454407,1312,255,54,39
158,8.333018536007259,250,2.0,0.7376047372817993,1268,366,85,57
172,8.333018536007259,250,2.0,0.8010036945343018,1226,577,143,101
173,8.333018536007259,250,2.0,0.7625259757041931,951,527,133,95
182,8.333018536007259,250,2.0,0.8282538652420044,522,704,227,140
134,8.366350610151288,251,2.0,0.5638461709022522,1314,253,54,39
158,8.366350610151288,251,2.0,0.7449914813041687,1274,362,79,55
172,8.366350610151288,251,2.0,0.743242084980011,1233,564,136,97
173,8.366350610151288,251,2.0,0.6853770017623901,967,517,133,93
182,8.366350610151288,251,2.0,0.8547293543815613,552,686,219,138
189,8.366350610151288,251,2.0,0.40069878101348877,1239,162,51,24
134,8.399682684295316,252,2.0,0.5182742476463318,1317,250,53,38
158,8.399682684295316,252,2.0,0.6408420205116272,1278,358,75,55
172,8.399682684295316,252,2.0,0.7219089865684509,1244,551,135,96
173,8.399682684295316,252,2.0,0.5780344605445862,979,507,127,91
182,8.399682684295316,252,2.0,0.8622127175331116,580,668,212,131
189,8.399682684295316,252,2.0,0.38274282217025757,1239,164,54,27
134,8.433014758439345,253,2.0,0.4642494022846222,1321,247,51,38
158,8.433014758439345,253,2.0,0.7345457673072815,1282,356,79,51
172,8.433014758439345,253,2.0,0.7561936974525452,1253,540,133,93
173,8.433014758439345,253,2.0,0.5754270553588867,992,496,126,90
182,8.433014758439345,253,2.0,0.836261510848999,609,649,203,126
189,8.433014758439345,253,2.0,0.37263697385787964,1237,162,55,27
134,8.466346832583374,254,2.0,0.47979262471199036,1324,244,51,36
158,8.466346832583374,254,2.0,0.6337171196937561,1288,351,79,50
172,8.466346832583374,254,2.0,0.7921775579452515,1262,529,129,91
173,8.466346832583374,254,2.0,0.19207142293453217,1005,487,122,89
182,8.466346832583374,254,2.0,0.8398422598838806,634,631,195,118
189,8.466346832583374,254,2.0,0.3787597417831421,1239,163,52,26
134,8.499678906727404,255,2.0,0.48516377806663513,1326,243,50,38
158,8.499678906727404,255,2.0,0.763221025466919,1292,343,78,56
172,8.499678906727404,255,2.0,0.7982353568077087,1268,519,124,89
173,8.499678906727404,255,2.0,0.35651183128356934,1021,479,129,86
182,8.499678906727404,255,2.0,0.8635443449020386,661,614,185,115
189,8.499678906727404,255,2.0,0.43801483511924744,1237,164,54,27
195,8.499678906727404,255,2.0,0.3622766137123108,1217,163,32,22
134,8.533010980871433,256,2.0,0.48001182079315186,1328,241,47,36
158,8.533010980871433,256,2.0,0.7908204197883606,1297,339,74,55
172,8.533010980871433,256,2.0,0.7601985931396484,1274,508,120,88
173,8.533010980871433,256,2.0,0.5822762250900269,1035,472,131,85
182,8.533010980871433,256,2.0,0.8507391810417175,684,602,178,118
189,8.533010980871433,256,2.0,0.3435615003108978,1237,165,51,29
199,8.533010980871433,256,7.0,0.487737774848938,865,281,181,98
134,8.566343055015462,257,2.0,0.5052943825721741,1330,239,44,32
158,8.566343055015462,257,2.0,0.7469419836997986,1299,336,74,54
172,8.566343055015462,257,2.0,0.6110481023788452,1276,499,111,83
173,8.566343055015462,257,2.0,0.5499637722969055,1044,464,123,81
182,8.566343055015462,257,2.0,0.8265126347541809,707,588,171,116
189,8.566343055015462,257,2.0,0.2760032117366791,1232,166,59,29
199,8.566343055015462,257,7.0,0.37853941321372986,865,283,169,97
200,8.566343055015462,257,2.0,0.3493896424770355,1289,138,43,29
195,8.566343055015462,257,2.0,0.3115035593509674,1214,166,32,23
134,8.599675129159492,258,2.0,0.5254722833633423,1333,237,45,30
158,8.599675129159492,258,2.0,0.7274035811424255,1303,334,72,51
172,8.599675129159492,258,2.0,0.6817818284034729,1284,490,113,81
173,8.599675129159492,258,2.0,0.45320892333984375,1052,455,116,77
182,8.599675129159492,258,2.0,0.8142043352127075,728,575,163,110
189,8.599675129159492,258,2.0,0.19665183126926422,1231,166,51,28
199,8.599675129159492,258,7.0,0.12238460779190063,853,288,189,98
200,8.599675129159492,258,2.0,0.3488864600658417,1288,138,42,30
202,8.599675129159492,258,2.0,0.7770886421203613,522,879,263,200
195,8.599675129159492,258,2.0,0.34660330414772034,1211,167,32,23
134,8.633007203303519,259,2.0,0.44041168689727783,1335,235,45,34
158,8.633007203303519,259,2.0,0.6661255359649658,1303,329,66,46
172,8.633007203303519,259,2.0,0.6639630794525146,1290,481,106,78
173,8.633007203303519,259,2.0,0.5979093909263611,1063,447,121,78
182,8.633007203303519,259,2.0,0.8350285887718201,750,563,158,105
199,8.633007203303519,259,7.0,0.2439623475074768,844,291,190,97
200,8.633007203303519,259,2.0,0.4145905077457428,1286,139,40,30
202,8.633007203303519,259,2.0,0.7693029046058655,550,852,255,185
195,8.633007203303519,259,2.0,0.2757692337036133,1208,168,31,24
134,8.666339277447548,260,2.0,0.38647961616516113,1338,232,48,34
158,8.666339277447548,260,2.0,0.7123861908912659,1308,325,68,44
172,8.666339277447548,260,2.0,0.7450876235961914,1298,472,109,77
173,8.666339277447548,260,2.0,0.43248817324638367,1072,441,116,80
182,8.666339277447548,260,2.0,0.8036158680915833,771,550,153,104
199,8.666339277447548,260,7.0,0.32880380749702454,834,291,195,105
200,8.666339277447548,260,2.0,0.3167321979999542,1285,140,37,32
202,8.666339277447548,260,2.0,0.7925669550895691,586,823,245,175
134,8.699671351591578,261,2.0,0.44097113609313965,1340,231,49,34
158,8.699671351591578,261,2.0,0.6323109865188599,1312,321,67,44
172,8.699671351591578,261,2.0,0.7390944957733154,1304,464,103,73
173,8.699671351591578,261,2.0,0.4464320242404938,1081,433,112,76
182,8.699671351591578,261,2.0,0.9297777414321899,788,538,146,99
199,8.699671351591578,261,7.0,0.2884199321269989,825,293,196,110
200,8.699671351591578,261,2.0,0.18663720786571503,1282,144,35,33
202,8.699671351591578,261,2.0,0.8364902138710022,619,795,236,161
134,8.733003425735607,262,2.0,0.45469844341278076,1342,230,48,33
158,8.733003425735607,262,2.0,0.6800363063812256,1316,318,64,42
172,8.733003425735607,262,2.0,0.7559447288513184,1312,456,103,73
173,8.733003425735607,262,2.0,0.626488208770752,1091,426,110,76
182,8.733003425735607,262,2.0,0.7686482667922974,807,526,146,94
199,8.733003425735607,262,7.0,0.16052958369255066,818,293,196,106
202,8.733003425735607,262,2.0,0.8244510293006897,648,773,225,156
134,8.766335499879636,263,2.0,0.39330264925956726,1344,229,50,32
158,8.766335499879636,263,2.0,0.6774390339851379,1319,316,64,44
172,8.766335499879636,263,2.0,0.8070169687271118,1318,448,107,73
173,8.766335499879636,263,2.0,0.5314159989356995,1100,419,107,73
182,8.766335499879636,263,2.0,0.7754049301147461,826,515,140,93
199,8.766335499879636,263,7.0,0.34231576323509216,812,296,196,114
202,8.766335499879636,263,2.0,0.8506026864051819,678,749,215,147
200,8.766335499879636,263,2.0,0.3265356123447418,1281,142,35,33
134,8.799667574023665,264,2.0,0.2459762841463089,1347,227,49,32
158,8.799667574023665,264,2.0,0.7002774477005005,1323,312,65,44
172,8.799667574023665,264,2.0,0.7405769228935242,1323,441,103,70
173,8.799667574023665,264,2.0,0.6953533887863159,1110,412,111,73
182,8.799667574023665,264,2.0,0.7763145565986633,841,506,134,92
202,8.799667574023665,264,2.0,0.8795961141586304,704,726,206,136
200,8.799667574023665,264,2.0,0.3139135241508484,1279,143,37,32
134,8.832999648167695,265,2.0,0.4419528543949127,1349,225,49,33
158,8.832999648167695,265,2.0,0.746817409992218,1326,309,65,41
172,8.832999648167695,265,2.0,0.760472297668457,1326,433,96,70
173,8.832999648167695,265,2.0,0.533539354801178,1117,407,106,70
182,8.832999648167695,265,2.0,0.7365566492080688,860,496,133,89
202,8.832999648167695,265,2.0,0.8279943466186523,728,707,198,135
200,8.832999648167695,265,2.0,0.3234802782535553,1277,144,39,33
199,8.832999648167695,265,7.0,0.4407482445240021,793,304,197,120
134,8.866331722311724,266,2.0,0.3720596730709076,1352,224,47,33
158,8.866331722311724,266,2.0,0.7155410051345825,1330,307,65,41
172,8.866331722311724,266,2.0,0.6786968111991882,1332,427,94,69
173,8.866331722311724,266,2.0,0.499356746673584,1125,400,104,69
182,8.866331722311724,266,2.0,0.793251633644104,873,487,126,89
202,8.866331722311724,266,2.0,0.8726558685302734,753,690,193,133
200,8.866331722311724,266,2.0,0.15255118906497955,1276,146,40,34
199,8.866331722311724,266,7.0,0.1682635247707367,803,296,166,99
195,8.866331722311724,266,2.0,0.42172256112098694,1196,174,46,27
134,8.899663796455751,267,2.0,0.385305792093277,1354,221,45,31
158,8.899663796455751,267,2.0,0.6925148963928223,1333,303,61,40
172,8.899663796455751,267,2.0,0.6250712275505066,1335,420,91,69
173,8.899663796455751,267,2.0,0.695597767829895,1135,394,105,67
182,8.899663796455751,267,2.0,0.6953573822975159,886,476,126,88
202,8.899663796455751,267,2.0,0.8304991126060486,781,672,197,129
200,8.899663796455751,267,2.0,0.4468619227409363,1275,145,40,35
199,8.899663796455751,267,7.0,0.1251625120639801,785,309,197,113
195,8.899663796455751,267,2.0,0.3048403561115265,1191,175,42,27
134,8.93299587059978,268,2.0,0.37630096077919006,1355,219,44,30
158,8.93299587059978,268,2.0,0.6695990562438965,1338,301,62,40
172,8.93299587059978,268,2.0,0.6040285229682922,1340,414,91,66
173,8.93299587059978,268,2.0,0.5451986789703369,1142,389,103,66
182,8.93299587059978,268,2.0,0.6797077059745789,902,467,123,83
202,8.93299587059978,268,2.0,0.8497428894042969,800,657,185,127
199,8.93299587059978,268,7.0,0.17525902390480042,768,312,209,114
195,8.93299587059978,268,2.0,0.22627300024032593,1185,175,35,27
134,8.96632794474381,269,2.0,0.44459348917007446,1358,217,44,28
158,8.96632794474381,269,2.0,0.606271505355835,1341,296,60,43
172,8.96632794474381,269,2.0,0.7578868269920349,1346,407,92,67
173,8.96632794474381,269,2.0,0.6519573330879211,1148,384,101,66
182,8.96632794474381,269,2.0,0.777894139289856,915,458,117,81
202,8.96632794474381,269,2.0,0.8309833407402039,821,639,183,119
199,8.96632794474381,269,7.0,0.2119600623846054,755,316,218,119
195,8.96632794474381,269,2.0,0.2903722822666168,1182,174,34,28
200,8.96632794474381,269,2.0,0.38996753096580505,1269,147,42,35
134,8.99966001888784,270,2.0,0.35434362292289734,1360,215,43,27
158,8.99966001888784,270,2.0,0.6670214533805847,1343,293,59,42
172,8.99966001888784,270,2.0,0.7912819385528564,1349,402,89,66
173,8.99966001888784,270,2.0,0.7409618496894836,1156,379,99,66
182,8.99966001888784,270,2.0,0.8014494776725769,928,450,116,80
202,8.99966001888784,270,2.0,0.8056720495223999,840,624,178,116
195,8.99966001888784,270,2.0,0.4674305021762848,1181,176,36,31
200,8.99966001888784,270,2.0,0.39665642380714417,1266,147,41,32
134,9.032992093031869,271,2.0,0.43210646510124207,1362,214,41,28
158,9.032992093031869,271,2.0,0.7121293544769287,1345,291,59,41
172,9.032992093031869,271,2.0,0.6694266200065613,1354,396,90,66
173,9.032992093031869,271,2.0,0.7239440083503723,1164,374,101,64
182,9.032992093031869,271,2.0,0.7683531641960144,941,443,114,80
202,9.032992093031869,271,2.0,0.7893425226211548,855,611,171,113
195,9.032992093031869,271,2.0,0.22167843580245972,1181,178,40,32
200,9.032992093031869,271,2.0,0.22165080904960632,1266,148,40,34
134,9.066324167175898,272,2.0,0.49124616384506226,1365,213,43,30
158,9.066324167175898,272,2.0,0.609813928604126,1347,288,58,37
172,9.066324167175898,272,2.0,0.6268860697746277,1358,390,89,64
173,9.066324167175898,272,2.0,0.6362295150756836,1171,368,99,62
182,9.066324167175898,272,2.0,0.7650806903839111,957,436,121,81
202,9.066324167175898,272,2.0,0.7888434529304504,873,598,161,112
195,9.066324167175898,272,2.0,0.11469871550798416,1178,178,38,33
200,9.066324167175898,272,2.0,0.31119707226753235,1264,148,40,34
219,9.066324167175898,272,2.0,0.3495522439479828,1197,182,54,31
134,9.099656241319927,273,2.0,0.4087085723876953,1367,211,42,30
158,9.099656241319927,273,2.0,0.60784912109375,1348,285,57,36
172,9.099656241319927,273,2.0,0.43134039640426636,1357,385,74,59
173,9.099656241319927,273,2.0,0.5320010781288147,1175,364,93,59
182,9.099656241319927,273,2.0,0.6635401248931885,972,429,121,78
202,9.099656241319927,273,2.0,0.8119809627532959,887,585,154,109
195,9.099656241319927,273,2.0,0.31747666001319885,1174,178,39,35
200,9.099656241319927,273,2.0,0.3611755073070526,1264,148,41,35
219,9.099656241319927,273,2.0,0.430284321308136,1198,183,44,30
220,9.099656241319927,273,2.0,0.6930714249610901,463,753,199,135
134,9.132988315463955,274,2.0,0.4504871070384979,1369,211,44,31
158,9.132988315463955,274,2.0,0.626759946346283,1351,283,57,37
172,9.132988315463955,274,2.0,0.5097977519035339,1359,379,71,60
173,9.132988315463955,274,2.0,0.30045223236083984,1181,360,91,60
182,9.132988315463955,274,2.0,0.6540066003799438,986,422,121,76
202,9.132988315463955,274,2.0,0.7838996648788452,906,572,151,108
195,9.132988315463955,274,2.0,0.2187955230474472,1171,179,40,35
200,9.132988315463955,274,2.0,0.17418381571769714,1263,150,40,35
219,9.132988315463955,274,2.0,0.3387315273284912,1198,185,39,30
220,9.132988315463955,274,2.0,0.8180594444274902,490,731,204,124
134,9.166320389607984,275,2.0,0.4469680190086365,1369,209,45,31
158,9.166320389607984,275,2.0,0.5664013028144836,1355,281,60,39
172,9.166320389607984,275,2.0,0.6352272629737854,1368,374,76,57
173,9.166320389607984,275,2.0,0.14858385920524597,1187,356,92,60
182,9.166320389607984,275,2.0,0.6156023144721985,995,414,115,71
202,9.166320389607984,275,2.0,0.7562941312789917,919,558,145,104
195,9.166320389607984,275,2.0,0.14142991602420807,1171,180,44,36
200,9.166320389607984,275,2.0,0.1507951319217682,1262,153,41,34
219,9.166320389607984,275,2.0,0.1773928552865982,1197,185,38,31
220,9.166320389607984,275,2.0,0.6573824882507324,524,708,198,118
134,9.199652463752013,276,2.0,0.3748101592063904,1372,208,43,32
158,9.199652463752013,276,2.0,0.6043464541435242,1358,280,60,38
172,9.199652463752013,276,2.0,0.7212764620780945,1373,369,81,58
173,9.199652463752013,276,2.0,0.3361486494541168,1192,351,90,58
182,9.199652463752013,276,2.0,0.7343252301216125,1004,407,113,71
202,9.199652463752013,276,2.0,0.8145608305931091,933,547,140,101
195,9.199652463752013,276,2.0,0.16857753694057465,1171,181,46,37
200,9.199652463752013,276,2.0,0.27765944600105286,1260,153,41,34
220,9.199652463752013,276,2.0,0.8272557258605957,557,688,188,116
199,9.199652463752013,276,7.0,0.3456457257270813,680,342,261,144
134,9.232984537896042,277,2.0,0.2721528112888336,1375,206,42,30
158,9.232984537896042,277,2.0,0.5717759132385254,1360,278,59,37
172,9.232984537896042,277,2.0,0.7150312662124634,1377,364,81,58
173,9.232984537896042,277,2.0,0.32326552271842957,1197,346,86,59
182,9.232984537896042,277,2.0,0.6904037594795227,1012,402,109,71
202,9.232984537896042,277,2.0,0.7817943692207336,948,536,137,97
195,9.232984537896042,277,2.0,0.2235945165157318,1176,184,54,36
200,9.232984537896042,277,2.0,0.3747558295726776,1257,154,39,35
220,9.232984537896042,277,2.0,0.7676107287406921,586,673,189,117
199,9.232984537896042,277,7.0,0.10499569773674011,668,346,268,147
134,9.266316612040072,278,2.0,0.15653038024902344,1376,205,42,29
158,9.266316612040072,278,2.0,0.52880859375,1362,277,57,37
172,9.266316612040072,278,2.0,0.6178997159004211,1377,359,73,54
173,9.266316612040072,278,2.0,0.5263149738311768,1203,341,86,59
182,9.266316612040072,278,2.0,0.5952678918838501,1022,396,105,67
202,9.266316612040072,278,2.0,0.7649554014205933,964,525,139,93
195,9.266316612040072,278,2.0,0.29096001386642456,1173,185,61,36
200,9.266316612040072,278,2.0,0.4049628674983978,1255,155,39,35
220,9.266316612040072,278,2.0,0.42389580607414246,614,655,177,113
199,9.266316612040072,278,7.0,0.3176451325416565,655,351,275,156
134,9.299648686184101,279,2.0,0.30856937170028687,1379,204,45,29
158,9.299648686184101,279,2.0,0.4131712019443512,1366,274,56,39
172,9.299648686184101,279,2.0,0.406902015209198,1382,354,77,56
173,9.299648686184101,279,2.0,0.27859437465667725,1208,337,86,58
182,9.299648686184101,279,2.0,0.6066318154335022,1033,389,105,66
202,9.299648686184101,279,2.0,0.7057603001594543,977,516,133,90
195,9.299648686184101,279,2.0,0.37884435057640076,1171,186,62,36
200,9.299648686184101,279,2.0,0.3842647969722748,1254,155,41,37
220,9.299648686184101,279,2.0,0.7956089377403259,639,635,169,101
199,9.299648686184101,279,7.0,0.10643608868122101,640,354,277,165
134,9.33298076032813,280,2.0,0.307746946811676,1381,203,43,29
158,9.33298076032813,280,2.0,0.5618433952331543,1368,270,53,39
172,9.33298076032813,280,2.0,0.6401612758636475,1386,349,76,53
173,9.33298076032813,280,2.0,0.2448643445968628,1212,332,85,59
182,9.33298076032813,280,2.0,0.5189385414123535,1042,382,105,67
202,9.33298076032813,280,2.0,0.6483446359634399,989,505,128,92
195,9.33298076032813,280,2.0,0.5307462811470032,1169,187,65,35
200,9.33298076032813,280,2.0,0.18875834345817566,1253,156,40,36
220,9.33298076032813,280,2.0,0.6267555356025696,665,621,165,100
199,9.33298076032813,280,7.0,0.1873283088207245,627,359,282,168
134,9.366312834472158,281,2.0,0.470199853181839,1382,202,42,27
158,9.366312834472158,281,2.0,0.6251301765441895,1370,266,51,35
172,9.366312834472158,281,2.0,0.429411381483078,1390,345,76,52
173,9.366312834472158,281,2.0,0.5551584959030151,1218,328,82,55
182,9.366312834472158,281,2.0,0.6613112092018127,1049,378,100,67
202,9.366312834472158,281,2.0,0.5610487461090088,1004,495,132,95
195,9.366312834472158,281,2.0,0.3016464412212372,1167,190,63,37
200,9.366312834472158,281,2.0,0.356021910905838,1251,159,42,33
220,9.366312834472158,281,2.0,0.5843673348426819,688,609,158,102
199,9.366312834472158,281,7.0,0.30835840106010437,621,361,291,168
134,9.399644908616187,282,2.0,0.5305117964744568,1383,200,39,27
158,9.399644908616187,282,2.0,0.6745215058326721,1371,262,49,33
172,9.399644908616187,282,2.0,0.5993127226829529,1393,340,74,55
173,9.399644908616187,282,2.0,0.6672031879425049,1224,324,80,52
182,9.399644908616187,282,2.0,0.7339456081390381,1059,373,98,63
202,9.399644908616187,282,2.0,0.6483823657035828,1018,486,131,92
195,9.399644908616187,282,2.0,0.2352929562330246,1164,192,63,37
200,9.399644908616187,282,2.0,0.47098276019096375,1249,160,42,31
220,9.399644908616187,282,2.0,0.5578763484954834,713,594,156,99
199,9.399644908616187,282,7.0,0.40360039472579956,607,367,302,171
134,9.432976982760216,283,2.0,0.4973736107349396,1385,199,40,26
158,9.432976982760216,283,2.0,0.6880573630332947,1373,261,50,33
173,9.432976982760216,283,2.0,0.6369717121124268,1229,321,80,53
182,9.432976982760216,283,2.0,0.5998965501785278,1066,366,92,60
202,9.432976982760216,283,2.0,0.5955773591995239,1028,477,131,86
195,9.432976982760216,283,2.0,0.36384904384613037,1155,193,56,33
200,9.432976982760216,283,2.0,0.4308195412158966,1247,160,42,34
220,9.432976982760216,283,2.0,0.7095335721969604,732,579,146,94
199,9.432976982760216,283,7.0,0.33590003848075867,601,370,293,173
134,9.466309056904246,284,2.0,0.4726508855819702,1386,197,40,26
158,9.466309056904246,284,2.0,0.6004718542098999,1376,259,52,31
173,9.466309056904246,284,2.0,0.3864343762397766,1232,317,78,53
182,9.466309056904246,284,2.0,0.6124266982078552,1075,362,93,59
202,9.466309056904246,284,2.0,0.6190917491912842,1039,470,128,82
195,9.466309056904246,284,2.0,0.2902911305427551,1154,193,65,35
200,9.466309056904246,284,2.0,0.47462213039398193,1245,161,41,33
220,9.466309056904246,284,2.0,0.5381982922554016,753,565,143,91
199,9.466309056904246,284,7.0,0.28414952754974365,583,377,312,180
172,9.466309056904246,284,2.0,0.4291015863418579,1392,332,65,51
134,9.499641131048275,285,2.0,0.47247743606567383,1387,196,38,27
158,9.499641131048275,285,2.0,0.6477551460266113,1378,257,49,32
173,9.499641131048275,285,2.0,0.5097153186798096,1236,314,76,51
182,9.499641131048275,285,2.0,0.696578860282898,1081,357,86,59
202,9.499641131048275,285,2.0,0.7055816054344177,1052,462,133,79
195,9.499641131048275,285,2.0,0.4546041190624237,1151,195,67,36
200,9.499641131048275,285,2.0,0.5499767661094666,1243,162,41,31
220,9.499641131048275,285,2.0,0.6344749927520752,773,552,137,82
199,9.499641131048275,285,7.0,0.29760122299194336,571,385,300,178
172,9.499641131048275,285,2.0,0.44248053431510925,1398,328,70,51
134,9.532973205192304,286,2.0,0.3749030828475952,1388,195,39,25
158,9.532973205192304,286,2.0,0.6154959797859192,1382,254,53,30
173,9.532973205192304,286,2.0,0.42420586943626404,1241,312,73,52
182,9.532973205192304,286,2.0,0.6514129638671875,1091,353,89,57
202,9.532973205192304,286,2.0,0.7491798400878906,1062,455,128,78
195,9.532973205192304,286,2.0,0.2965468168258667,1147,197,64,36
200,9.532973205192304,286,2.0,0.444825679063797,1240,162,40,33
220,9.532973205192304,286,2.0,0.7246794104576111,792,541,134,83
199,9.532973205192304,286,7.0,0.2431263029575348,557,385,302,184
172,9.532973205192304,286,2.0,0.6148383021354675,1402,325,72,50
134,9.566305279336333,287,2.0,0.33240562677383423,1390,193,38,26
158,9.566305279336333,287,2.0,0.5466476082801819,1383,253,53,29
173,9.566305279336333,287,2.0,0.4395662248134613,1244,308,73,50
182,9.566305279336333,287,2.0,0.6013389229774475,1099,349,88,54
202,9.566305279336333,287,2.0,0.6193501353263855,1071,447,123,79
195,9.566305279336333,287,2.0,0.3720352053642273,1146,197,64,36
200,9.566305279336333,287,2.0,0.46660396456718445,1239,162,42,34
220,9.566305279336333,287,2.0,0.7132859230041504,811,530,132,82
199,9.566305279336333,287,7.0,0.38407281041145325,538,395,317,191
172,9.566305279336333,287,2.0,0.5419448614120483,1402,321,67,49
243,9.566305279336333,287,2.0,0.4490278363227844,695,318,62,49
134,9.599637353480363,288,2.0,0.33652904629707336,1391,192,39,27
158,9.599637353480363,288,2.0,0.4583318531513214,1385,251,54,30
173,9.599637353480363,288,2.0,0.3490268290042877,1249,305,75,47
182,9.599637353480363,288,2.0,0.5940815210342407,1105,343,85,56
202,9.599637353480363,288,2.0,0.305548757314682,1077,440,118,77
195,9.599637353480363,288,2.0,0.26049086451530457,1143,198,63,39
200,9.599637353480363,288,2.0,0.456941694021225,1236,162,39,36
220,9.599637353480363,288,2.0,0.4576394557952881,826,517,125,76
199,9.599637353480363,288,7.0,0.26438507437705994,524,403,315,186
172,9.599637353480363,288,2.0,0.5895785689353943,1406,318,66,48
134,9.63296942762439,289,2.0,0.2732316851615906,1393,191,38,26
158,9.63296942762439,289,2.0,0.4081827700138092,1387,251,54,31
173,9.63296942762439,289,2.0,0.45295700430870056,1253,302,75,47
182,9.63296942762439,289,2.0,0.6343986988067627,1112,338,84,57
202,9.63296942762439,289,2.0,0.5319148898124695,1085,433,112,74
195,9.63296942762439,289,2.0,0.25963476300239563,1140,199,62,41
200,9.63296942762439,289,2.0,0.6295597553253174,1233,163,38,36
220,9.63296942762439,289,2.0,0.35207298398017883,843,508,121,78
199,9.63296942762439,289,7.0,0.16661541163921356,514,401,305,168
172,9.63296942762439,289,2.0,0.4288093149662018,1409,314,66,47
158,9.66630150176842,290,2.0,0.4089084565639496,1387,248,48,31
173,9.66630150176842,290,2.0,0.6140665411949158,1256,298,72,46
182,9.66630150176842,290,2.0,0.6542931199073792,1118,333,83,56
202,9.66630150176842,290,2.0,0.645933210849762,1096,425,108,78
195,9.66630150176842,290,2.0,0.14005747437477112,1136,200,61,43
200,9.66630150176842,290,2.0,0.5199883580207825,1231,165,38,36
220,9.66630150176842,290,2.0,0.6007933020591736,860,497,121,74
172,9.66630150176842,290,2.0,0.5279406905174255,1411,311,67,48
158,9.699633575912449,291,2.0,0.5481940507888794,1391,247,48,37
173,9.699633575912449,291,2.0,0.611521303653717,1259,294,72,48
182,9.699633575912449,291,2.0,0.6337053775787354,1124,327,81,55
202,9.699633575912449,291,2.0,0.5975798964500427,1106,419,110,74
195,9.699633575912449,291,2.0,0.2116772085428238,1133,202,60,42
200,9.699633575912449,291,2.0,0.3950512409210205,1229,164,35,37
220,9.699633575912449,291,2.0,0.5144636631011963,875,488,117,73
172,9.699633575912449,291,2.0,0.5795273184776306,1413,307,65,47
158,9.732965650056478,292,2.0,0.5604420304298401,1393,246,49,37
173,9.732965650056478,292,2.0,0.6916963458061218,1263,291,70,47
182,9.732965650056478,292,2.0,0.6947722434997559,1132,323,80,53
202,9.732965650056478,292,2.0,0.650557279586792,1115,412,111,72
195,9.732965650056478,292,2.0,0.37104421854019165,1127,202,60,42
200,9.732965650056478,292,2.0,0.6011098027229309,1228,166,39,37
220,9.732965650056478,292,2.0,0.18712584674358368,890,480,116,73
172,9.732965650056478,292,2.0,0.5928657650947571,1415,304,64,45
158,9.766297724200507,293,2.0,0.5799241662025452,1395,242,48,32
173,9.766297724200507,293,2.0,0.7074118256568909,1267,289,70,48
182,9.766297724200507,293,2.0,0.6463298797607422,1139,321,84,51
202,9.766297724200507,293,2.0,0.5424339175224304,1121,407,106,73
195,9.766297724200507,293,2.0,0.34563764929771423,1129,205,56,39
200,9.766297724200507,293,2.0,0.541069507598877,1226,168,41,38
220,9.766297724200507,293,2.0,0.2553594410419464,904,470,112,72
172,9.766297724200507,293,2.0,0.5023276805877686,1419,301,66,45
251,9.766297724200507,293,2.0,0.7414223551750183,501,726,198,127
158,9.799629798344537,294,2.0,0.5045379400253296,1397,239,43,28
173,9.799629798344537,294,2.0,0.6698528528213501,1272,285,69,44
182,9.799629798344537,294,2.0,0.6919246315956116,1144,317,81,52
202,9.799629798344537,294,2.0,0.711376428604126,1129,400,107,70
195,9.799629798344537,294,2.0,0.24679507315158844,1128,208,58,40
200,9.799629798344537,294,2.0,0.36999526619911194,1223,168,41,37
220,9.799629798344537,294,2.0,0.3733403980731964,919,462,114,70
172,9.799629798344537,294,2.0,0.4934598505496979,1420,296,64,44
251,9.799629798344537,294,2.0,0.3991975784301758,529,710,189,127
158,9.832961872488566,295,2.0,0.4819057285785675,1398,238,45,27
173,9.832961872488566,295,2.0,0.46967965364456177,1276,282,66,42
182,9.832961872488566,295,2.0,0.7072390913963318,1150,314,78,51
202,9.832961872488566,295,2.0,0.6736558079719543,1135,394,101,68
195,9.832961872488566,295,2.0,0.42602306604385376,1122,209,59,41
200,9.832961872488566,295,2.0,0.4141848385334015,1221,169,42,37
220,9.832961872488566,295,2.0,0.2045983225107193,933,454,109,66
172,9.832961872488566,295,2.0,0.49924343824386597,1421,294,63,43
251,9.832961872488566,295,2.0,0.7411609888076782,563,688,187,120
158,9.866293946632593,296,2.0,0.5275806188583374,1400,235,46,28
173,9.866293946632593,296,2.0,0.5247029066085815,1279,279,64,42
182,9.866293946632593,296,2.0,0.7114473581314087,1156,310,76,50
202,9.866293946632593,296,2.0,0.6253578662872314,1143,389,100,67
195,9.866293946632593,296,2.0,0.2859189808368683,1115,209,61,45
200,9.866293946632593,296,2.0,0.5873579978942871,1219,171,44,35
220,9.866293946632593,296,2.0,0.585372269153595,945,445,105,67
172,9.866293946632593,296,2.0,0.5096861720085144,1421,292,60,43
251,9.866293946632593,296,2.0,0.23152987658977509,593,670,181,117
158,9.899626020776623,297,2.0,0.5839111804962158,1402,234,46,29
173,9.899626020776623,297,2.0,0.6178653240203857,1283,277,62,40
182,9.899626020776623,297,2.0,0.74106365442276,1161,307,74,49
202,9.899626020776623,297,2.0,0.5575448870658875,1149,384,96,65
195,9.899626020776623,297,2.0,0.40276479721069336,1112,211,60,45
200,9.899626020776623,297,2.0,0.45022767782211304,1217,172,43,35
220,9.899626020776623,297,2.0,0.3705431818962097,959,439,106,67
172,9.899626020776623,297,2.0,0.30483612418174744,1423,288,58,41
158,9.932958094920652,298,2.0,0.4894832372665405,1404,232,48,28
173,9.932958094920652,298,2.0,0.4568849205970764,1286,273,59,40
182,9.932958094920652,298,2.0,0.6749737858772278,1167,304,74,49
202,9.932958094920652,298,2.0,0.7235392332077026,1155,379,95,63
195,9.932958094920652,298,2.0,0.3529454469680786,1106,212,60,44
200,9.932958094920652,298,2.0,0.43351227045059204,1214,174,41,34
220,9.932958094920652,298,2.0,0.6532958149909973,970,431,103,66
172,9.932958094920652,298,2.0,0.40708664059638977,1425,285,57,41
260,9.932958094920652,298,2.0,0.6656941771507263,578,363,95,60
251,9.932958094920652,298,2.0,0.27649417519569397,646,635,166,107
158,9.966290169064681,299,2.0,0.39242732524871826,1405,230,48,26
173,9.966290169064681,299,2.0,0.7017839550971985,1291,271,60,40
182,9.966290169064681,299,2.0,0.6666699647903442,1173,299,74,50
202,9.966290169064681,299,2.0,0.7871665358543396,1163,374,93,61
195,9.966290169064681,299,2.0,0.38906699419021606,1102,213,62,44
200,9.966290169064681,299,2.0,0.45050811767578125,1210,172,39,39
220,9.966290169064681,299,2.0,0.5515326857566833,983,424,103,65
172,9.966290169064681,299,2.0,0.4111122488975525,1426,281,52,42
260,9.966290169064681,299,2.0,0.5336794257164001,565,365,95,60
251,9.966290169064681,299,2.0,0.2569945752620697,672,623,166,107
158,9.99962224320871,300,2.0,0.438632994890213,1407,229,47,26
173,9.99962224320871,300,2.0,0.6067107915878296,1293,270,60,40
182,9.99962224320871,300,2.0,0.6483074426651001,1178,296,72,49
202,9.99962224320871,300,2.0,0.6931898593902588,1169,368,94,61
195,9.99962224320871,300,2.0,0.5087021589279175,1100,214,62,46
200,9.99962224320871,300,2.0,0.4518175423145294,1208,171,37,40
220,9.99962224320871,300,2.0,0.5862318873405457,995,416,104,65
172,9.99962224320871,300,2.0,0.5947822332382202,1429,280,54,40
260,9.99962224320871,300,2.0,0.3971533477306366,553,367,97,59
251,9.99962224320871,300,2.0,0.3490023612976074,695,608,160,105
158,10.03295431735274,301,2.0,0.25242164731025696,1408,229,46,26
173,10.03295431735274,301,2.0,0.5163341760635376,1296,267,61,41
182,10.03295431735274,301,2.0,0.6237307786941528,1183,292,71,49
202,10.03295431735274,301,2.0,0.749500572681427,1175,364,94,61
195,10.03295431735274,301,2.0,0.7240126132965088,1097,216,63,48
200,10.03295431735274,301,2.0,0.35485172271728516,1206,171,42,42
220,10.03295431735274,301,2.0,0.5171012878417969,1005,410,103,65
172,10.03295431735274,301,2.0,0.6034042835235596,1431,277,55,40
260,10.03295431735274,301,2.0,0.5055408477783203,536,373,98,62
251,10.03295431735274,301,2.0,0.7256698608398438,716,593,154,104
134,10.03295431735274,301,2.0,0.2991088032722473,1411,177,34,27
158,10.066286391496769,302,2.0,0.2115298956632614,1410,227,42,27
173,10.066286391496769,302,2.0,0.5672433376312256,1299,265,57,40
182,10.066286391496769,302,2.0,0.7078279256820679,1187,290,72,50
202,10.066286391496769,302,2.0,0.7285691499710083,1182,359,92,59
195,10.066286391496769,302,2.0,0.5325091481208801,1094,218,66,48
200,10.066286391496769,302,2.0,0.47800886631011963,1203,176,43,39
220,10.066286391496769,302,2.0,0.5046921968460083,1015,404,100,63
172,10.066286391496769,302,2.0,0.5820760726928711,1433,275,55,38
260,10.066286391496769,302,2.0,0.2586791515350342,523,377,101,62
251,10.066286391496769,302,2.0,0.45623329281806946,737,581,147,101
134,10.066286391496769,302,2.0,0.22108106315135956,1412,177,34,27
158,10.099618465640797,303,2.0,0.22613811492919922,1411,225,40,27
173,10.099618465640797,303,2.0,0.5708253383636475,1302,262,58,41
182,10.099618465640797,303,2.0,0.5393716096878052,1193,286,68,48
202,10.099618465640797,303,2.0,0.6357380151748657,1187,355,90,58
195,10.099618465640797,303,2.0,0.45902448892593384,1087,219,63,49
200,10.099618465640797,303,2.0,0.4075454771518707,1200,179,42,33
220,10.099618465640797,303,2.0,0.6027175784111023,1025,397,98,62
172,10.099618465640797,303,2.0,0.49410560727119446,1434,273,55,37
260,10.099618465640797,303,2.0,0.3004913330078125,511,382,109,65
251,10.099618465640797,303,2.0,0.5828080177307129,757,567,138,96
134,10.099618465640797,303,2.0,0.2316853404045105,1413,177,36,28
158,10.132950539784826,304,2.0,0.2672727406024933,1412,223,39,27
173,10.132950539784826,304,2.0,0.5637858510017395,1304,259,57,40
182,10.132950539784826,304,2.0,0.4060831665992737,1198,284,64,48
202,10.132950539784826,304,2.0,0.4991782009601593,1193,350,87,61
195,10.132950539784826,304,2.0,0.4803513288497925,1082,220,61,50
200,10.132950539784826,304,2.0,0.4209233820438385,1197,179,39,33
220,10.132950539784826,304,2.0,0.5951911211013794,1034,391,94,61
172,10.132950539784826,304,2.0,0.3973945081233978,1435,271,55,38
260,10.132950539784826,304,2.0,0.3727983832359314,500,385,115,65
251,10.132950539784826,304,2.0,0.4539378583431244,777,554,137,91
134,10.132950539784826,304,2.0,0.10642585158348083,1414,176,35,27
158,10.166282613928855,305,2.0,0.19491586089134216,1414,221,37,27
173,10.166282613928855,305,2.0,0.41195937991142273,1307,258,56,41
182,10.166282613928855,305,2.0,0.44512954354286194,1201,282,62,46
202,10.166282613928855,305,2.0,0.467587411403656,1198,346,85,59
195,10.166282613928855,305,2.0,0.5382290482521057,1079,221,64,51
200,10.166282613928855,305,2.0,0.4183982014656067,1194,182,39,29
220,10.166282613928855,305,2.0,0.34878072142601013,1044,385,93,59
172,10.166282613928855,305,2.0,0.41026195883750916,1438,269,52,37
260,10.166282613928855,305,2.0,0.37936198711395264,479,392,100,62
251,10.166282613928855,305,2.0,0.6155221462249756,796,541,136,87
134,10.166282613928855,305,2.0,0.13025711476802826,1415,175,32,26
158,10.199614688072884,306,2.0,0.46085184812545776,1416,217,37,27
173,10.199614688072884,306,2.0,0.5321366786956787,1311,256,58,41
182,10.199614688072884,306,2.0,0.5796083807945251,1206,279,63,46
202,10.199614688072884,306,2.0,0.7261750102043152,1203,341,83,58
195,10.199614688072884,306,2.0,0.593621015548706,1075,222,63,53
200,10.199614688072884,306,2.0,0.48667269945144653,1191,185,38,27
220,10.199614688072884,306,2.0,0.6829535365104675,1053,379,93,61
172,10.199614688072884,306,2.0,0.3839024603366852,1440,265,49,36
260,10.199614688072884,306,2.0,0.47911807894706726,472,396,109,65
251,10.199614688072884,306,2.0,0.2844422459602356,814,530,131,85
134,10.199614688072884,306,2.0,0.13331137597560883,1416,174,31,25
158,10.232946762216914,307,2.0,0.3766954243183136,1417,215,34,28
173,10.232946762216914,307,2.0,0.6122458577156067,1313,254,56,41
182,10.232946762216914,307,2.0,0.6991188526153564,1211,275,62,47
202,10.232946762216914,307,2.0,0.6337047219276428,1208,335,82,63
195,10.232946762216914,307,2.0,0.5770915746688843,1071,224,61,53
200,10.232946762216914,307,2.0,0.5123156309127808,1187,186,36,28
220,10.232946762216914,307,2.0,0.6684422492980957,1064,374,91,58
172,10.232946762216914,307,2.0,0.5387908220291138,1442,263,48,34
260,10.232946762216914,307,2.0,0.5327731370925903,459,399,113,68
251,10.232946762216914,307,2.0,0.39433395862579346,833,518,128,79
134,10.232946762216914,307,2.0,0.1620887666940689,1418,173,29,25
158,10.266278836360943,308,2.0,0.4700067937374115,1418,214,35,26
173,10.266278836360943,308,2.0,0.5558413863182068,1316,252,58,39
182,10.266278836360943,308,2.0,0.6920738220214844,1217,272,63,46
202,10.266278836360943,308,2.0,0.6318612098693848,1214,332,82,58
195,10.266278836360943,308,2.0,0.5459181666374207,1066,226,62,53
200,10.266278836360943,308,2.0,0.5163046717643738,1184,187,35,30
220,10.266278836360943,308,2.0,0.40021082758903503,1071,369,86,55
172,10.266278836360943,308,2.0,0.4435507655143738,1444,261,46,34
260,10.266278836360943,308,2.0,0.22840601205825806,449,404,124,70
251,10.266278836360943,308,2.0,0.2929363250732422,848,510,123,82
134,10.266278836360943,308,2.0,0.16328158974647522,1419,172,29,26
158,10.299610910504972,309,2.0,0.573363721370697,1418,214,34,26
173,10.299610910504972,309,2.0,0.51163250207901,1319,250,58,38
182,10.299610910504972,309,2.0,0.6155205965042114,1221,269,64,47
202,10.299610910504972,309,2.0,0.665020227432251,1217,328,76,55
195,10.299610910504972,309,2.0,0.6105464696884155,1063,229,63,54
200,10.299610910504972,309,2.0,0.4298558533191681,1182,184,38,36
220,10.299610910504972,309,2.0,0.4562794268131256,1079,363,85,53
172,10.299610910504972,309,2.0,0.5035690665245056,1443,260,47,33
260,10.299610910504972,309,2.0,0.5206891298294067,433,409,119,70
251,10.299610910504972,309,2.0,0.2914125323295593,865,499,120,79
134,10.299610910504972,309,2.0,0.2728559374809265,1419,171,28,26
158,10.332942984649,310,2.0,0.526401937007904,1419,213,36,26
173,10.332942984649,310,2.0,0.35687950253486633,1322,248,55,40
182,10.332942984649,310,2.0,0.5422601699829102,1225,268,61,45
202,10.332942984649,310,2.0,0.6129978895187378,1222,324,76,53
195,10.332942984649,310,2.0,0.42591720819473267,1057,232,63,54
200,10.332942984649,310,2.0,0.3614059090614319,1180,188,39,33
220,10.332942984649,310,2.0,0.44401803612709045,1087,359,84,54
172,10.332942984649,310,2.0,0.403649240732193,1446,258,45,32
260,10.332942984649,310,2.0,0.19745291769504547,418,414,116,67
251,10.332942984649,310,2.0,0.4166218638420105,879,489,116,75
134,10.332942984649,310,2.0,0.2137015014886856,1420,171,27,26
158,10.366275058793029,311,2.0,0.5401851534843445,1420,211,37,27
173,10.366275058793029,311,2.0,0.5196529626846313,1324,246,55,41
182,10.366275058793029,311,2.0,0.441426545381546,1227,264,57,42
202,10.366275058793029,311,2.0,0.5729204416275024,1227,320,73,55
195,10.366275058793029,311,2.0,0.5250451564788818,1053,233,63,55
200,10.366275058793029,311,2.0,0.3718494176864624,1176,191,41,31
220,10.366275058793029,311,2.0,0.3575068414211273,1095,354,82,52
172,10.366275058793029,311,2.0,0.3336789608001709,1446,256,46,34
260,10.366275058793029,311,2.0,0.3617720305919647,403,420,118,71
134,10.366275058793029,311,2.0,0.22129102051258087,1422,168,27,27
158,10.399607132937058,312,2.0,0.42655932903289795,1422,211,39,26
173,10.399607132937058,312,2.0,0.6336737275123596,1327,244,55,39
182,10.399607132937058,312,2.0,0.479386568069458,1230,261,57,37
202,10.399607132937058,312,2.0,0.6066718697547913,1232,317,76,55
195,10.399607132937058,312,2.0,0.33024588227272034,1049,234,63,57
200,10.399607132937058,312,2.0,0.2684253454208374,1173,191,39,32
220,10.399607132937058,312,2.0,0.30481693148612976,1102,349,83,51
172,10.399607132937058,312,2.0,0.4675746560096741,1449,254,46,33
260,10.399607132937058,312,2.0,0.4082532525062561,387,425,117,73
134,10.399607132937058,312,2.0,0.2851566970348358,1422,168,26,27
158,10.432939207081088,313,2.0,0.4480290710926056,1423,210,39,26
173,10.432939207081088,313,2.0,0.5803552865982056,1330,241,52,36
182,10.432939207081088,313,2.0,0.5703911185264587,1236,259,54,37
202,10.432939207081088,313,2.0,0.5785165429115295,1237,313,73,53
195,10.432939207081088,313,2.0,0.38972437381744385,1043,235,59,57
200,10.432939207081088,313,2.0,0.4104151427745819,1169,193,39,33
220,10.432939207081088,313,2.0,0.484421044588089,1109,345,79,52
172,10.432939207081088,313,2.0,0.45160403847694397,1451,252,47,32
260,10.432939207081088,313,2.0,0.17648662626743317,379,429,107,73
134,10.432939207081088,313,2.0,0.3558542728424072,1424,168,29,28
158,10.466271281225117,314,2.0,0.3432106077671051,1424,209,39,27
173,10.466271281225117,314,2.0,0.49331560730934143,1331,239,48,33
182,10.466271281225117,314,2.0,0.46902143955230713,1242,258,54,39
202,10.466271281225117,314,2.0,0.4489419460296631,1240,310,70,53
195,10.466271281225117,314,2.0,0.4028405547142029,1038,237,59,58
200,10.466271281225117,314,2.0,0.5977427363395691,1166,192,39,37
220,10.466271281225117,314,2.0,0.49692752957344055,1116,341,80,52
172,10.466271281225117,314,2.0,0.26116618514060974,1452,250,48,32
260,10.466271281225117,314,2.0,0.3909934461116791,369,436,106,74
134,10.466271281225117,314,2.0,0.3656962513923645,1426,166,29,26
278,10.466271281225117,314,2.0,0.8026260733604431,472,754,215,157
158,10.499603355369146,315,2.0,0.2794070243835449,1427,208,38,26
173,10.499603355369146,315,2.0,0.514828622341156,1334,237,51,33
182,10.499603355369146,315,2.0,0.37569841742515564,1246,257,57,43
202,10.499603355369146,315,2.0,0.5620572566986084,1246,307,74,52
195,10.499603355369146,315,2.0,0.2902213931083679,1034,238,57,57
200,10.499603355369146,315,2.0,0.4509356915950775,1163,192,40,36
220,10.499603355369146,315,2.0,0.6502092480659485,1122,335,79,49
172,10.499603355369146,315,2.0,0.23321501910686493,1454,248,48,35
260,10.499603355369146,315,2.0,0.34004735946655273,358,441,92,72
134,10.499603355369146,315,2.0,0.27337127923965454,1426,165,27,25
278,10.499603355369146,315,2.0,0.8576398491859436,497,736,214,146
158,10.532935429513175,316,2.0,0.1369556486606598,1429,206,37,26
173,10.532935429513175,316,2.0,0.5271407961845398,1337,235,53,33
182,10.532935429513175,316,2.0,0.5419365763664246,1249,253,56,40
202,10.532935429513175,316,2.0,0.6490457057952881,1250,304,75,48
195,10.532935429513175,316,2.0,0.32032838463783264,1028,240,61,60
200,10.532935429513175,316,2.0,0.3290882408618927,1160,194,40,36
220,10.532935429513175,316,2.0,0.6449463367462158,1130,330,77,49
172,10.532935429513175,316,2.0,0.30395469069480896,1455,244,46,34
260,10.532935429513175,316,2.0,0.43637409806251526,349,444,75,70
134,10.532935429513175,316,2.0,0.29891088604927063,1428,164,27,23
278,10.532935429513175,316,2.0,0.8141059279441833,530,715,209,140
158,10.566267503657205,317,2.0,0.1720457524061203,1431,206,39,26
173,10.566267503657205,317,2.0,0.47602394223213196,1340,232,53,35
182,10.566267503657205,317,2.0,0.49475711584091187,1253,249,59,40
202,10.566267503657205,317,2.0,0.5866023898124695,1253,301,73,47
195,10.566267503657205,317,2.0,0.34851324558258057,1024,242,61,60
200,10.566267503657205,317,2.0,0.18369542062282562,1158,191,40,41
220,10.566267503657205,317,2.0,0.7372420430183411,1135,326,74,47
172,10.566267503657205,317,2.0,0.22537483274936676,1457,241,43,32
260,10.566267503657205,317,2.0,0.33311858773231506,340,447,60,67
134,10.566267503657205,317,2.0,0.3639722466468811,1429,164,28,23
278,10.566267503657205,317,2.0,0.8543268442153931,562,692,200,134
158,10.599599577801232,318,2.0,0.11372838914394379,1431,204,39,28
173,10.599599577801232,318,2.0,0.4708130955696106,1342,231,53,35
182,10.599599577801232,318,2.0,0.4314599335193634,1256,247,61,37
202,10.599599577801232,318,2.0,0.7149924039840698,1257,297,73,47
195,10.599599577801232,318,2.0,0.5814246535301208,1018,244,62,60
200,10.599599577801232,318,2.0,0.3210052251815796,1154,194,43,41
220,10.599599577801232,318,2.0,0.8009834289550781,1142,322,75,46
172,10.599599577801232,318,2.0,0.3881726562976837,1459,240,44,32
134,10.599599577801232,318,2.0,0.3140530288219452,1430,164,29,23
278,10.599599577801232,318,2.0,0.8474116921424866,590,672,193,128
158,10.632931651945261,319,2.0,0.1153886467218399,1432,201,35,26
173,10.632931651945261,319,2.0,0.47672122716903687,1345,229,52,34
182,10.632931651945261,319,2.0,0.23359636962413788,1261,244,60,38
202,10.632931651945261,319,2.0,0.5411597490310669,1260,296,72,43
195,10.632931651945261,319,2.0,0.4258929491043091,1011,246,60,62
200,10.632931651945261,319,2.0,0.2875268757343292,1151,196,45,41
220,10.632931651945261,319,2.0,0.6986927390098572,1148,318,73,45
172,10.632931651945261,319,2.0,0.4528553783893585,1460,238,42,31
134,10.632931651945261,319,2.0,0.3228394687175751,1431,164,29,23
278,10.632931651945261,319,2.0,0.8180767297744751,619,656,188,125
291,10.632931651945261,319,7.0,0.4282689392566681,59,578,118,159
292,10.632931651945261,319,2.0,0.4797779321670532,991,419,101,63
158,10.66626372608929,320,2.0,0.15192776918411255,1434,201,35,25
173,10.66626372608929,320,2.0,0.4545445144176483,1347,228,52,34
182,10.66626372608929,320,2.0,0.4395889937877655,1264,242,53,38
202,10.66626372608929,320,2.0,0.5989730358123779,1265,293,72,43
195,10.66626372608929,320,2.0,0.39121559262275696,1007,247,60,64
200,10.66626372608929,320,2.0,0.2185201644897461,1147,200,46,37
220,10.66626372608929,320,2.0,0.7153958678245544,1153,315,71,45
172,10.66626372608929,320,2.0,0.5277315378189087,1460,237,43,30
134,10.66626372608929,320,2.0,0.3049760162830353,1431,164,28,23
278,10.66626372608929,320,2.0,0.8484613299369812,645,636,180,113
292,10.66626372608929,320,2.0,0.21820291876792908,1003,414,101,63
173,10.69959580023332,321,2.0,0.5280001163482666,1349,227,55,36
182,10.69959580023332,321,2.0,0.2879760265350342,1268,240,51,37
202,10.69959580023332,321,2.0,0.511959433555603,1268,290,72,46
195,10.69959580023332,321,2.0,0.43964630365371704,1002,249,61,67
200,10.69959580023332,321,2.0,0.2141771763563156,1144,202,44,35
220,10.69959580023332,321,2.0,0.5054867267608643,1159,312,69,44
172,10.69959580023332,321,2.0,0.44749096035957336,1460,235,42,31
134,10.69959580023332,321,2.0,0.23723648488521576,1432,164,29,23
278,10.69959580023332,321,2.0,0.8181119561195374,672,623,180,116
292,10.69959580023332,321,2.0,0.19442637264728546,1014,406,103,63
173,10.73292787437735,322,2.0,0.4095904529094696,1351,225,54,36
182,10.73292787437735,322,2.0,0.40427014231681824,1270,239,51,36
202,10.73292787437735,322,2.0,0.45504721999168396,1272,286,66,47
195,10.73292787437735,322,2.0,0.5259078741073608,997,252,63,67
200,10.73292787437735,322,2.0,0.4269236922264099,1140,204,42,32
220,10.73292787437735,322,2.0,0.5325068235397339,1166,309,70,41
172,10.73292787437735,322,2.0,0.4236771762371063,1460,234,42,32
278,10.73292787437735,322,2.0,0.8105152249336243,693,609,172,114
292,10.73292787437735,322,2.0,0.14620041847229004,1022,399,96,59
173,10.766259948521379,323,2.0,0.42283275723457336,1353,224,53,35
182,10.766259948521379,323,2.0,0.4305957555770874,1272,238,51,34
202,10.766259948521379,323,2.0,0.4369127154350281,1276,284,63,42
195,10.766259948521379,323,2.0,0.4399654269218445,990,254,61,68
200,10.766259948521379,323,2.0,0.4545031487941742,1138,207,46,29
220,10.766259948521379,323,2.0,0.4742754101753235,1172,306,70,40
172,10.766259948521379,323,2.0,0.33940327167510986,1461,232,47,31
278,10.766259948521379,323,2.0,0.8069807291030884,714,595,165,111
292,10.766259948521379,323,2.0,0.4361914098262787,1032,393,94,61
173,10.799592022665408,324,2.0,0.4576737582683563,1356,222,50,35
182,10.799592022665408,324,2.0,0.4123697578907013,1275,236,51,35
202,10.799592022665408,324,2.0,0.3353818953037262,1279,282,59,40
195,10.799592022665408,324,2.0,0.39832964539527893,984,258,63,66
200,10.799592022665408,324,2.0,0.435306191444397,1133,210,43,28
220,10.799592022665408,324,2.0,0.5387192368507385,1177,301,66,41
172,10.799592022665408,324,2.0,0.2817941904067993,1463,230,47,31
278,10.799592022665408,324,2.0,0.8013594150543213,733,583,155,107
292,10.799592022665408,324,2.0,0.2051902562379837,1043,387,93,59
173,10.832924096809435,325,2.0,0.376375287771225,1358,220,47,34
182,10.832924096809435,325,2.0,0.4438506066799164,1278,238,55,40
202,10.832924096809435,325,2.0,0.34004542231559753,1282,279,59,41
195,10.832924096809435,325,7.0,0.27869004011154175,979,260,64,66
200,10.832924096809435,325,2.0,0.16931049525737762,1130,211,45,28
220,10.832924096809435,325,2.0,0.39242255687713623,1182,297,68,41
172,10.832924096809435,325,2.0,0.1033388078212738,1464,229,48,31
278,10.832924096809435,325,2.0,0.7701926827430725,754,569,153,102
292,10.832924096809435,325,2.0,0.5428237318992615,1054,381,95,61
173,10.866256170953465,326,2.0,0.5784710049629211,1360,218,46,31
202,10.866256170953465,326,2.0,0.4318237900733948,1286,276,60,41
195,10.866256170953465,326,2.0,0.3736403286457062,975,261,67,69
200,10.866256170953465,326,2.0,0.225858673453331,1128,212,47,29
220,10.866256170953465,326,2.0,0.5639336109161377,1187,294,67,40
172,10.866256170953465,326,2.0,0.12054917216300964,1465,228,43,32
278,10.866256170953465,326,2.0,0.7587782740592957,774,554,147,93
292,10.866256170953465,326,2.0,0.6808699369430542,1063,376,92,58
173,10.899588245097494,327,2.0,0.5689243674278259,1362,216,45,28
202,10.899588245097494,327,2.0,0.5402973890304565,1289,274,61,42
195,10.899588245097494,327,2.0,0.2636990249156952,967,264,65,70
220,10.899588245097494,327,2.0,0.6325171589851379,1192,291,67,41
172,10.899588245097494,327,2.0,0.3209220767021179,1466,225,42,33
278,10.899588245097494,327,2.0,0.8618820309638977,792,543,143,92
292,10.899588245097494,327,2.0,0.5355669260025024,1069,371,88,55
173,10.932920319241523,328,2.0,0.5808884501457214,1364,215,42,28
202,10.932920319241523,328,2.0,0.29537439346313477,1292,271,60,41
195,10.932920319241523,328,2.0,0.3330073654651642,961,268,66,70
220,10.932920319241523,328,2.0,0.7062221169471741,1195,289,63,40
172,10.932920319241523,328,2.0,0.3012281358242035,1467,223,42,32
278,10.932920319241523,328,2.0,0.7803817987442017,810,532,140,90
292,10.932920319241523,328,2.0,0.5123578310012817,1077,365,84,54
291,10.932920319241523,328,2.0,0.6451825499534607,85,532,167,93
182,10.932920319241523,328,2.0,0.30227720737457275,1288,227,51,37
173,10.966252393385552,329,2.0,0.5476832985877991,1365,215,43,29
202,10.966252393385552,329,2.0,0.35554608702659607,1296,267,60,43
195,10.966252393385552,329,2.0,0.5238112211227417,954,272,66,68
220,10.966252393385552,329,2.0,0.6874826550483704,1200,286,63,40
172,10.966252393385552,329,2.0,0.3520590364933014,1467,221,43,30
278,10.966252393385552,329,2.0,0.7841182947158813,826,522,136,88
292,10.966252393385552,329,2.0,0.528016984462738,1087,360,85,53
291,10.966252393385552,329,2.0,0.6600221991539001,81,536,158,95
182,10.966252393385552,329,2.0,0.2468642145395279,1292,226,53,37
200,10.966252393385552,329,2.0,0.34331291913986206,1112,216,36,30
173,10.999584467529582,330,2.0,0.633160412311554,1368,214,45,29
202,10.999584467529582,330,2.0,0.4419582486152649,1300,260,60,50
195,10.999584467529582,330,2.0,0.42085617780685425,947,279,66,61
220,10.999584467529582,330,2.0,0.549332320690155,1205,284,58,41
172,10.999584467529582,330,2.0,0.4167618751525879,1466,219,46,30
278,10.999584467529582,330,2.0,0.7344018220901489,848,511,142,85
292,10.999584467529582,330,2.0,0.22477170825004578,1094,355,87,54
291,10.999584467529582,330,2.0,0.5106669068336487,72,544,142,96
182,10.999584467529582,330,2.0,0.31488484144210815,1295,227,54,42
311,10.999584467529582,330,2.0,0.46196621656417847,1298,248,59,76
200,10.999584467529582,330,2.0,0.32565581798553467,1110,218,40,31
173,11.032916541673611,331,2.0,0.5910883545875549,1369,212,45,30
202,11.032916541673611,331,2.0,0.31817349791526794,1302,259,59,45
220,11.032916541673611,331,2.0,0.6167151927947998,1210,282,60,42
172,11.032916541673611,331,2.0,0.39254873991012573,1467,217,45,30
278,11.032916541673611,331,2.0,0.6731087565422058,863,501,136,81
292,11.032916541673611,331,2.0,0.29003655910491943,1102,350,83,53
291,11.032916541673611,331,2.0,0.6195128560066223,56,544,112,83
182,11.032916541673611,331,2.0,0.35967952013015747,1297,226,53,40
311,11.032916541673611,331,2.0,0.30821627378463745,1299,246,57,73
200,11.032916541673611,331,2.0,0.3038124740123749,1107,219,45,32
173,11.066248615817639,332,2.0,0.5796706676483154,1371,211,44,30
202,11.066248615817639,332,2.0,0.3020612299442291,1304,259,58,44
220,11.066248615817639,332,2.0,0.7596580386161804,1215,279,61,43
172,11.066248615817639,332,2.0,0.34223270416259766,1468,216,43,30
278,11.066248615817639,332,2.0,0.7863612771034241,877,493,126,80
292,11.066248615817639,332,2.0,0.23159284889698029,1109,346,81,55
291,11.066248615817639,332,2.0,0.48530885577201843,41,546,83,71
182,11.066248615817639,332,2.0,0.3801873028278351,1299,229,54,51
311,11.066248615817639,332,2.0,0.3390377461910248,1302,243,58,76
200,11.066248615817639,332,2.0,0.2429874986410141,1103,222,47,32
195,11.066248615817639,332,2.0,0.28098076581954956,933,282,67,67
173,11.099580689961668,333,2.0,0.4915700852870941,1372,209,44,31
202,11.099580689961668,333,2.0,0.3528755009174347,1306,257,55,45
220,11.099580689961668,333,2.0,0.7227376699447632,1220,275,61,42
172,11.099580689961668,333,2.0,0.18501617014408112,1470,214,43,29
278,11.099580689961668,333,2.0,0.7255620360374451,889,483,122,80
292,11.099580689961668,333,2.0,0.4323536157608032,1116,342,81,53
291,11.099580689961668,333,2.0,0.5877056121826172,27,560,55,69
182,11.099580689961668,333,2.0,0.39989539980888367,1302,226,50,49
311,11.099580689961668,333,2.0,0.40639811754226685,1302,237,53,70
200,11.099580689961668,333,2.0,0.4106200933456421,1097,221,46,34
195,11.099580689961668,333,2.0,0.2884594798088074,926,286,69,65
173,11.132912764105697,334,2.0,0.5396866798400879,1375,208,45,31
202,11.132912764105697,334,2.0,0.5092731714248657,1309,257,56,43
220,11.132912764105697,334,2.0,0.6832905411720276,1223,272,61,41
172,11.132912764105697,334,2.0,0.45341572165489197,1471,213,42,29
278,11.132912764105697,334,2.0,0.6878384947776794,906,475,124,81
292,11.132912764105697,334,2.0,0.3699488341808319,1122,338,78,54
311,11.132912764105697,334,2.0,0.3965975344181061,1306,237,54,74
200,11.132912764105697,334,2.0,0.3101889193058014,1091,220,42,42
195,11.132912764105697,334,7.0,0.35066500306129456,923,283,77,75
173,11.166244838249726,335,2.0,0.42119231820106506,1378,206,44,30
202,11.166244838249726,335,2.0,0.5710470676422119,1313,247,58,52
220,11.166244838249726,335,2.0,0.6444191932678223,1227,268,58,38
172,11.166244838249726,335,2.0,0.39228203892707825,1471,211,43,28
278,11.166244838249726,335,2.0,0.6611534953117371,919,465,121,74
292,11.166244838249726,335,2.0,0.6112222075462341,1130,332,78,51
311,11.166244838249726,335,2.0,0.5192165970802307,1310,234,55,73
200,11.166244838249726,335,2.0,0.3127804696559906,1087,220,44,43
195,11.166244838249726,335,2.0,0.14750204980373383,915,282,77,73
173,11.199576912393756,336,2.0,0.46618667244911194,1380,205,45,29
202,11.199576912393756,336,2.0,0.5816180109977722,1316,249,58,45
220,11.199576912393756,336,2.0,0.7295205593109131,1230,266,58,38
172,11.199576912393756,336,2.0,0.43889930844306946,1475,210,39,28
278,11.199576912393756,336,2.0,0.7001957893371582,932,456,117,72
292,11.199576912393756,336,2.0,0.5053586959838867,1136,328,80,48
200,11.199576912393756,336,2.0,0.3722727596759796,1086,225,52,40
195,11.199576912393756,336,7.0,0.2974565625190735,909,284,85,84
182,11.199576912393756,336,2.0,0.3841594159603119,1312,220,48,48
173,11.232908986537785,337,2.0,0.39903706312179565,1382,204,44,28
202,11.232908986537785,337,2.0,0.479633629322052,1320,247,56,45
220,11.232908986537785,337,2.0,0.5878041982650757,1235,263,53,35
172,11.232908986537785,337,2.0,0.36751189827919006,1477,209,40,28
278,11.232908986537785,337,2.0,0.7821122407913208,950,449,125,72
292,11.232908986537785,337,2.0,0.4888116419315338,1142,323,76,46
200,11.232908986537785,337,2.0,0.41483747959136963,1081,226,50,41
195,11.232908986537785,337,7.0,0.15573613345623016,902,288,92,89
182,11.232908986537785,337,2.0,0.49646100401878357,1316,220,49,49
311,11.232908986537785,337,2.0,0.27870652079582214,1317,231,53,73
173,11.266241060681814,338,2.0,0.3014192581176758,1384,204,43,28
202,11.266241060681814,338,2.0,0.4548613727092743,1323,248,55,42
220,11.266241060681814,338,2.0,0.4087364673614502,1240,261,53,33
172,11.266241060681814,338,2.0,0.40688174962997437,1479,209,41,28
278,11.266241060681814,338,2.0,0.693581223487854,961,442,123,71
292,11.266241060681814,338,2.0,0.5383449792861938,1150,320,76,46
200,11.266241060681814,338,2.0,0.3921240568161011,1078,227,51,42
195,11.266241060681814,338,7.0,0.1445745825767517,895,277,95,68
182,11.266241060681814,338,2.0,0.5002152919769287,1318,216,50,41
311,11.266241060681814,338,2.0,0.3075990378856659,1317,223,52,59
173,11.299573134825843,339,2.0,0.35712599754333496,1385,202,42,26
202,11.299573134825843,339,2.0,0.5015087127685547,1324,246,54,43
220,11.299573134825843,339,2.0,0.590476393699646,1244,258,54,35
172,11.299573134825843,339,2.0,0.1824943721294403,1481,208,41,28
278,11.299573134825843,339,2.0,0.7366495132446289,972,434,117,70
292,11.299573134825843,339,2.0,0.5350428819656372,1155,317,74,44
200,11.299573134825843,339,2.0,0.28955212235450745,1071,227,46,44
195,11.299573134825843,339,2.0,0.4475638270378113,896,272,93,54
311,11.299573134825843,339,2.0,0.485074907541275,1320,227,51,64
173,11.332905208969871,340,2.0,0.5506963133811951,1386,200,40,27
202,11.332905208969871,340,2.0,0.14272931218147278,1327,244,55,46
220,11.332905208969871,340,2.0,0.5316104888916016,1247,255,54,35
172,11.332905208969871,340,2.0,0.2815934717655182,1482,205,40,29
278,11.332905208969871,340,2.0,0.6959038376808167,985,428,120,69
292,11.332905208969871,340,2.0,0.31455984711647034,1161,313,73,45
200,11.332905208969871,340,2.0,0.33508116006851196,1065,226,47,49
195,11.332905208969871,340,2.0,0.5163873434066772,889,271,79,47
311,11.332905208969871,340,2.0,0.5140696167945862,1323,230,54,59
331,11.332905208969871,340,2.0,0.5810207724571228,468,746,215,170
173,11.3662372831139,341,2.0,0.49051615595817566,1387,200,41,27
202,11.3662372831139,341,2.0,0.42983508110046387,1328,239,53,48
220,11.3662372831139,341,2.0,0.43080273270606995,1250,253,52,35
172,11.3662372831139,341,2.0,0.2216286063194275,1481,204,43,31
278,11.3662372831139,341,2.0,0.702628493309021,996,421,115,69
292,11.3662372831139,341,2.0,0.49381551146507263,1168,309,73,42
200,11.3662372831139,341,2.0,0.5152697563171387,1060,232,47,45
195,11.3662372831139,341,2.0,0.38250023126602173,884,272,76,50
311,11.3662372831139,341,2.0,0.44165465235710144,1325,227,52,65
331,11.3662372831139,341,2.0,0.7241206765174866,481,725,240,164
173,11.39956935725793,342,2.0,0.47103407979011536,1388,198,41,27
202,11.39956935725793,342,2.0,0.4479578733444214,1331,240,51,40
220,11.39956935725793,342,2.0,0.5501139163970947,1254,252,54,35
172,11.39956935725793,342,2.0,0.20425137877464294,1482,203,41,31
278,11.39956935725793,342,2.0,0.6062250733375549,1004,414,109,64
292,11.39956935725793,342,2.0,0.22757595777511597,1173,305,70,43
200,11.39956935725793,342,2.0,0.1688384711742401,1061,234,58,46
195,11.39956935725793,342,2.0,0.2962441146373749,876,273,78,53
311,11.39956935725793,342,2.0,0.2930467426776886,1328,225,51,64
331,11.39956935725793,342,2.0,0.781048595905304,506,705,242,150
335,11.39956935725793,342,2.0,0.5024988055229187,846,327,75,54
173,11.432901431401959,343,2.0,0.5056641101837158,1390,197,41,28
202,11.432901431401959,343,2.0,0.4119988977909088,1332,235,49,40
220,11.432901431401959,343,2.0,0.585395872592926,1258,249,51,33
172,11.432901431401959,343,2.0,0.1972113847732544,1481,200,43,32
278,11.432901431401959,343,2.0,0.6747480630874634,1014,408,105,64
292,11.432901431401959,343,2.0,0.38196131587028503,1178,302,68,43
200,11.432901431401959,343,2.0,0.34908729791641235,1052,238,53,42
311,11.432901431401959,343,2.0,0.46001240611076355,1330,222,49,62
331,11.432901431401959,343,2.0,0.7466919422149658,535,686,238,145
335,11.432901431401959,343,2.0,0.5234916806221008,837,331,73,50
173,11.466233505545988,344,2.0,0.5846885442733765,1392,195,40,28
202,11.466233505545988,344,2.0,0.5131426453590393,1333,233,49,40
220,11.466233505545988,344,2.0,0.6446903944015503,1261,246,51,33
172,11.466233505545988,344,2.0,0.25712060928344727,1482,199,43,32
278,11.466233505545988,344,2.0,0.5878980755805969,1024,402,107,63
292,11.466233505545988,344,2.0,0.4883835017681122,1182,298,66,43
200,11.466233505545988,344,2.0,0.3169989287853241,1043,238,44,45
311,11.466233505545988,344,2.0,0.5252037644386292,1333,222,51,60
331,11.466233505545988,344,2.0,0.7537558078765869,566,668,227,139
335,11.466233505545988,344,2.0,0.5036606192588806,826,336,80,53
173,11.499565579690017,345,2.0,0.517308235168457,1394,194,37,27
220,11.499565579690017,345,2.0,0.6270818710327148,1264,244,50,33
172,11.499565579690017,345,2.0,0.2202744483947754,1484,197,39,31
278,11.499565579690017,345,2.0,0.7261332869529724,1037,395,109,62
292,11.499565579690017,345,2.0,0.5602129697799683,1189,295,68,41
200,11.499565579690017,345,2.0,0.4106360077857971,1038,243,41,40
311,11.499565579690017,345,2.0,0.5735085606575012,1336,221,51,59
331,11.499565579690017,345,2.0,0.774043083190918,595,650,220,137
335,11.499565579690017,345,2.0,0.35975417494773865,817,339,81,53
173,11.532897653834047,346,2.0,0.36668428778648376,1395,192,35,27
220,11.532897653834047,346,2.0,0.5813971161842346,1269,242,49,32
278,11.532897653834047,346,2.0,0.7641642093658447,1047,390,109,62
292,11.532897653834047,346,2.0,0.5208985209465027,1193,292,67,41
200,11.532897653834047,346,2.0,0.49587544798851013,1033,244,45,41
311,11.532897653834047,346,2.0,0.5162824988365173,1339,221,50,55
331,11.532897653834047,346,2.0,0.8078364729881287,621,634,211,130
335,11.532897653834047,346,2.0,0.4528504014015198,807,341,84,56
173,11.566229727978074,347,2.0,0.3763815462589264,1397,192,35,27
220,11.566229727978074,347,2.0,0.5747371912002563,1272,240,48,29
278,11.566229727978074,347,2.0,0.7262555956840515,1053,383,102,60
292,11.566229727978074,347,2.0,0.6041070222854614,1198,290,65,39
200,11.566229727978074,347,2.0,0.2593437433242798,1029,246,49,43
331,11.566229727978074,347,2.0,0.7678788900375366,645,619,204,128
335,11.566229727978074,347,2.0,0.44920814037323,797,347,85,57
202,11.566229727978074,347,2.0,0.5383957028388977,1342,228,48,39
173,11.599561802122103,348,2.0,0.405406653881073,1398,190,37,27
220,11.599561802122103,348,2.0,0.5408089756965637,1273,238,47,29
278,11.599561802122103,348,2.0,0.5779290795326233,1061,379,100,62
292,11.599561802122103,348,2.0,0.43747520446777344,1203,287,64,41
200,11.599561802122103,348,2.0,0.34764957427978516,1027,244,58,49
331,11.599561802122103,348,2.0,0.8146164417266846,670,605,195,127
335,11.599561802122103,348,2.0,0.5390486121177673,785,353,84,57
311,11.599561802122103,348,2.0,0.6256118416786194,1344,219,51,53
173,11.632893876266133,349,2.0,0.44336482882499695,1400,189,37,27
220,11.632893876266133,349,2.0,0.6469042301177979,1276,237,47,30
278,11.632893876266133,349,2.0,0.6680963635444641,1069,373,96,61
292,11.632893876266133,349,2.0,0.4195292890071869,1206,284,60,43
200,11.632893876266133,349,2.0,0.19875003397464752,1027,246,70,49
331,11.632893876266133,349,2.0,0.7745958566665649,691,590,190,121
335,11.632893876266133,349,2.0,0.4299323260784149,773,357,85,58
311,11.632893876266133,349,2.0,0.42077764868736267,1346,214,55,57
202,11.632893876266133,349,2.0,0.5559541583061218,1347,222,55,42
173,11.666225950410162,350,2.0,0.48378702998161316,1402,188,37,27
220,11.666225950410162,350,2.0,0.4861409366130829,1279,236,44,29
278,11.666225950410162,350,2.0,0.6841391921043396,1077,368,93,57
292,11.666225950410162,350,2.0,0.5361834168434143,1210,283,62,44
200,11.666225950410162,350,2.0,0.40316519141197205,1015,248,59,51
331,11.666225950410162,350,2.0,0.8278032541275024,713,578,181,121
335,11.666225950410162,350,2.0,0.42104867100715637,762,361,88,61
311,11.666225950410162,350,2.0,0.2649639844894409,1347,213,56,59
202,11.666225950410162,350,2.0,0.5651625990867615,1349,221,54,43
172,11.666225950410162,350,2.0,0.28748583793640137,1487,191,36,28
173,11.699558024554191,351,2.0,0.36334967613220215,1403,187,36,26
220,11.699558024554191,351,2.0,0.36654454469680786,1283,233,40,28
278,11.699558024554191,351,2.0,0.7442224621772766,1085,363,93,55
292,11.699558024554191,351,2.0,0.5172843933105469,1217,279,62,44
200,11.699558024554191,351,2.0,0.46777379512786865,1015,254,70,47
331,11.699558024554191,351,2.0,0.7391617894172668,734,565,175,116
335,11.699558024554191,351,2.0,0.5718749165534973,751,365,90,62
202,11.699558024554191,351,2.0,0.5390040874481201,1351,218,53,46
172,11.699558024554191,351,2.0,0.3723861873149872,1487,190,34,27
173,11.73289009869822,352,2.0,0.3370799124240875,1405,186,37,26
220,11.73289009869822,352,2.0,0.3808698058128357,1288,229,45,30
278,11.73289009869822,352,2.0,0.7274172306060791,1089,357,83,56
292,11.73289009869822,352,2.0,0.6894420385360718,1220,275,62,42
200,11.73289009869822,352,2.0,0.41385209560394287,1011,256,73,50
331,11.73289009869822,352,2.0,0.8306013941764832,753,549,169,106
335,11.73289009869822,352,2.0,0.2796249985694885,738,370,91,63
202,11.73289009869822,352,2.0,0.6007054448127747,1352,216,52,46
172,11.73289009869822,352,2.0,0.3084107041358948,1489,189,32,26
173,11.76622217284225,353,2.0,0.3976101279258728,1405,184,36,27
220,11.76622217284225,353,2.0,0.4007534980773926,1291,228,46,30
278,11.76622217284225,353,2.0,0.6580111384391785,1098,354,84,55
292,11.76622217284225,353,2.0,0.4858652949333191,1224,272,59,42
200,11.76622217284225,353,2.0,0.45261695981025696,998,256,61,54
331,11.76622217284225,353,2.0,0.8608303070068359,773,537,164,104
335,11.76622217284225,353,2.0,0.6033456921577454,725,375,89,65
202,11.76622217284225,353,2.0,0.6769053339958191,1354,212,49,49
172,11.76622217284225,353,2.0,0.23399238288402557,1490,189,32,26
365,11.76622217284225,353,2.0,0.36078962683677673,1174,164,51,35
366,11.76622217284225,353,2.0,0.3501887023448944,1061,202,39,28
173,11.799554246986277,354,2.0,0.34591546654701233,1407,183,35,26
220,11.799554246986277,354,2.0,0.33353668451309204,1295,226,50,32
278,11.799554246986277,354,2.0,0.7274353504180908,1108,349,87,52
292,11.799554246986277,354,2.0,0.4272494614124298,1228,270,58,41
200,11.799554246986277,354,2.0,0.6238632798194885,989,261,54,48
331,11.799554246986277,354,2.0,0.876491367816925,790,528,160,102
335,11.799554246986277,354,2.0,0.3451382517814636,713,381,97,66
202,11.799554246986277,354,2.0,0.518369734287262,1355,211,48,47
172,11.799554246986277,354,2.0,0.24604880809783936,1491,189,34,25
365,11.799554246986277,354,2.0,0.12286564707756042,1175,163,57,42
366,11.799554246986277,354,2.0,0.4023939371109009,1058,203,41,30
367,11.799554246986277,354,2.0,0.5163301825523376,776,317,93,54
173,11.832886321130307,355,2.0,0.30508434772491455,1408,182,36,26
220,11.832886321130307,355,2.0,0.45373740792274475,1297,225,52,33
278,11.832886321130307,355,2.0,0.7093983292579651,1117,345,91,54
292,11.832886321130307,355,2.0,0.6233338713645935,1232,266,58,40
200,11.832886321130307,355,2.0,0.4819031059741974,983,261,55,51
331,11.832886321130307,355,2.0,0.8132531642913818,806,518,152,101
335,11.832886321130307,355,2.0,0.3528733253479004,700,386,100,68
202,11.832886321130307,355,2.0,0.5224636793136597,1359,214,47,39
172,11.832886321130307,355,2.0,0.26831430196762085,1490,188,36,26
365,11.832886321130307,355,2.0,0.3253241777420044,1172,167,56,37
366,11.832886321130307,355,2.0,0.3411453068256378,1052,205,45,29
367,11.832886321130307,355,2.0,0.335116446018219,769,320,98,61
311,11.832886321130307,355,2.0,0.38298487663269043,1356,203,42,54
173,11.866218395274336,356,2.0,0.31298670172691345,1409,182,36,27
220,11.866218395274336,356,2.0,0.5104812979698181,1299,223,51,33
278,11.866218395274336,356,2.0,0.7682929635047913,1124,340,90,55
292,11.866218395274336,356,2.0,0.43116262555122375,1236,264,53,36
200,11.866218395274336,356,2.0,0.25173625349998474,980,263,62,54
331,11.866218395274336,356,2.0,0.7567102909088135,823,506,150,96
335,11.866218395274336,356,2.0,0.20021095871925354,686,392,97,70
202,11.866218395274336,356,2.0,0.42860403656959534,1361,216,45,32
172,11.866218395274336,356,2.0,0.26781076192855835,1490,187,35,25
365,11.866218395274336,356,2.0,0.23169974982738495,1172,166,60,39
366,11.866218395274336,356,2.0,0.1915615051984787,1051,205,45,34
367,11.866218395274336,356,2.0,0.5604619383811951,758,323,94,56
311,11.866218395274336,356,2.0,0.3948121666908264,1357,195,40,43
173,11.899550469418365,357,2.0,0.17761951684951782,1410,181,36,27
220,11.899550469418365,357,2.0,0.46801698207855225,1301,222,47,31
278,11.899550469418365,357,2.0,0.6376717686653137,1130,337,87,54
292,11.899550469418365,357,2.0,0.4506087005138397,1242,262,54,33
200,11.899550469418365,357,2.0,0.3691576421260834,977,266,73,53
331,11.899550469418365,357,2.0,0.7646615505218506,839,494,141,93
335,11.899550469418365,357,2.0,0.34388938546180725,672,398,103,73
202,11.899550469418365,357,2.0,0.4824265241622925,1364,215,45,31
172,11.899550469418365,357,2.0,0.26647040247917175,1491,187,37,26
365,11.899550469418365,357,2.0,0.17327085137367249,1170,169,61,36
366,11.899550469418365,357,2.0,0.18464457988739014,1051,205,46,36
367,11.899550469418365,357,2.0,0.3260456919670105,749,322,91,54
311,11.899550469418365,357,2.0,0.34245362877845764,1360,197,42,41
173,11.932882543562394,358,2.0,0.2724837064743042,1412,179,37,29
220,11.932882543562394,358,2.0,0.5210127830505371,1304,220,41,30
278,11.932882543562394,358,2.0,0.7483687996864319,1136,333,84,53
292,11.932882543562394,358,2.0,0.5322387218475342,1246,259,54,36
200,11.932882543562394,358,2.0,0.3810262978076935,971,268,75,53
331,11.932882543562394,358,2.0,0.6935964226722717,854,487,140,92
335,11.932882543562394,358,2.0,0.2572244703769684,659,403,105,73
202,11.932882543562394,358,2.0,0.4425400197505951,1367,212,43,34
172,11.932882543562394,358,2.0,0.13069400191307068,1491,185,37,26
366,11.932882543562394,358,2.0,0.19773536920547485,1053,206,46,35
367,11.932882543562394,358,2.0,0.2927992343902588,737,326,99,63
311,11.932882543562394,358,2.0,0.3820687532424927,1362,198,44,46
173,11.966214617706424,359,2.0,0.2901098132133484,1413,178,38,28
220,11.966214617706424,359,2.0,0.4403268098831177,1306,218,39,29
278,11.966214617706424,359,2.0,0.6709816455841064,1141,327,85,50
292,11.966214617706424,359,2.0,0.5645552277565002,1250,256,54,35
200,11.966214617706424,359,2.0,0.3961062431335449,959,273,65,52
331,11.966214617706424,359,2.0,0.7185871005058289,869,478,138,93
335,11.966214617706424,359,2.0,0.16727232933044434,644,410,109,73
202,11.966214617706424,359,2.0,0.48536837100982666,1368,211,41,34
367,11.966214617706424,359,7.0,0.19630013406276703,728,332,102,69
311,11.966214617706424,359,2.0,0.25404152274131775,1364,200,44,49
375,11.966214617706424,359,2.0,0.4811938405036926,1034,209,42,34
173,11.999546691850453,360,2.0,0.3220704197883606,1413,178,38,28
220,11.999546691850453,360,2.0,0.34732240438461304,1309,217,36,26
278,11.999546691850453,360,2.0,0.7346997261047363,1148,322,82,47
292,11.999546691850453,360,2.0,0.5125367641448975,1254,254,55,35
200,11.999546691850453,360,2.0,0.3339790403842926,947,277,57,54
331,11.999546691850453,360,2.0,0.7135963439941406,884,471,132,92
335,11.999546691850453,360,2.0,0.5081942081451416,629,416,108,73
202,11.999546691850453,360,2.0,0.3815615475177765,1369,208,40,33
367,11.999546691850453,360,2.0,0.3459728956222534,717,337,105,68
311,11.999546691850453,360,2.0,0.3945918381214142,1365,200,44,44
375,11.999546691850453,360,2.0,0.41794201731681824,1028,211,41,30
173,12.03287876599448,361,2.0,0.2747209966182709,1414,177,36,27
220,12.03287876599448,361,2.0,0.43045803904533386,1310,214,35,27
278,12.03287876599448,361,2.0,0.7397754192352295,1154,319,82,48
292,12.03287876599448,361,2.0,0.6733680963516235,1256,251,55,35
200,12.03287876599448,361,2.0,0.313893586397171,939,277,54,58
331,12.03287876599448,361,2.0,0.7331094145774841,897,461,130,85
335,12.03287876599448,361,2.0,0.5147621631622314,615,421,113,77
202,12.03287876599448,361,2.0,0.4295579195022583,1371,206,40,34
367,12.03287876599448,361,2.0,0.4599330723285675,707,342,107,67
311,12.03287876599448,361,2.0,0.35498204827308655,1366,201,44,42
375,12.03287876599448,361,2.0,0.5811238884925842,1025,212,44,30
173,12.06621084013851,362,2.0,0.26101696491241455,1415,176,35,26
220,12.06621084013851,362,2.0,0.5164628028869629,1313,212,38,29
278,12.06621084013851,362,2.0,0.7230849266052246,1159,315,79,47
292,12.06621084013851,362,2.0,0.6496092081069946,1260,249,53,35
200,12.06621084013851,362,2.0,0.2782546877861023,932,279,56,59
331,12.06621084013851,362,2.0,0.7756462693214417,911,451,129,84
335,12.06621084013851,362,2.0,0.5403321981430054,597,428,114,80
202,12.06621084013851,362,2.0,0.42298755049705505,1373,205,41,35
367,12.06621084013851,362,2.0,0.5771441459655762,695,346,110,68
311,12.06621084013851,362,2.0,0.44136327505111694,1369,200,43,42
375,12.06621084013851,362,2.0,0.4226800799369812,1019,214,39,29
173,12.099542914282539,363,2.0,0.29743725061416626,1418,176,34,25
220,12.099542914282539,363,2.0,0.6237417459487915,1316,211,39,28
278,12.099542914282539,363,2.0,0.6686130166053772,1165,312,78,45
292,12.099542914282539,363,2.0,0.7196896076202393,1263,246,53,35
200,12.099542914282539,363,2.0,0.257234662771225,926,283,60,59
331,12.099542914282539,363,2.0,0.8495921492576599,923,444,125,85
335,12.099542914282539,363,2.0,0.4802815318107605,580,435,117,81
202,12.099542914282539,363,2.0,0.4298051595687866,1375,205,43,34
367,12.099542914282539,363,2.0,0.4354546070098877,685,350,110,71
311,12.099542914282539,363,2.0,0.2593732476234436,1370,200,48,41
375,12.099542914282539,363,2.0,0.49945807456970215,1016,216,39,28
173,12.132874988426568,364,2.0,0.3317224085330963,1419,176,34,25
220,12.132874988426568,364,2.0,0.5774146318435669,1319,210,44,29
278,12.132874988426568,364,2.0,0.7494507431983948,1170,309,76,44
292,12.132874988426568,364,2.0,0.6926596164703369,1266,244,52,34
200,12.132874988426568,364,2.0,0.4841378331184387,919,291,64,50
331,12.132874988426568,364,2.0,0.8151393532752991,937,438,124,84
335,12.132874988426568,364,2.0,0.6315159797668457,564,442,119,83
367,12.132874988426568,364,2.0,0.47241413593292236,672,354,112,69
311,12.132874988426568,364,2.0,0.419213205575943,1373,200,48,39
375,12.132874988426568,364,2.0,0.40775755047798157,1013,218,43,32
173,12.166207062570598,365,2.0,0.3034464716911316,1421,175,32,26
220,12.166207062570598,365,2.0,0.6222600340843201,1320,209,45,30
278,12.166207062570598,365,2.0,0.7056178450584412,1176,306,74,44
292,12.166207062570598,365,2.0,0.7639999389648438,1269,242,49,33
200,12.166207062570598,365,2.0,0.19121570885181427,909,294,59,51
331,12.166207062570598,365,2.0,0.8258042335510254,949,431,118,81
335,12.166207062570598,365,2.0,0.474753201007843,547,449,119,87
367,12.166207062570598,365,2.0,0.39191514253616333,663,359,117,72
311,12.166207062570598,365,2.0,0.45626285672187805,1376,201,45,37
375,12.166207062570598,365,2.0,0.4291940927505493,1010,220,46,31
172,12.166207062570598,365,2.0,0.3786080479621887,1491,175,48,27
173,12.199539136714627,366,2.0,0.18091119825839996,1421,173,29,27
220,12.199539136714627,366,2.0,0.47847720980644226,1323,208,42,30
278,12.199539136714627,366,2.0,0.6327875852584839,1180,302,70,44
292,12.199539136714627,366,2.0,0.6126091480255127,1273,240,49,33
200,12.199539136714627,366,2.0,0.3966628313064575,909,295,77,58
331,12.199539136714627,366,2.0,0.7151176929473877,965,425,129,82
335,12.199539136714627,366,2.0,0.33698639273643494,529,457,122,85
367,12.199539136714627,366,2.0,0.4905852675437927,651,365,119,69
311,12.199539136714627,366,2.0,0.4609288275241852,1377,198,46,39
375,12.199539136714627,366,2.0,0.4758062958717346,1005,222,49,31
172,12.199539136714627,366,2.0,0.31169238686561584,1492,174,47,27
173,12.232871210858656,367,2.0,0.325814813375473,1423,173,29,26
220,12.232871210858656,367,2.0,0.16787521541118622,1325,206,38,30
278,12.232871210858656,367,2.0,0.7396168112754822,1186,297,71,44
292,12.232871210858656,367,2.0,0.6103151440620422,1275,238,46,32
200,12.232871210858656,367,2.0,0.327191561460495,900,295,74,64
331,12.232871210858656,367,2.0,0.7176557779312134,972,415,121,78
335,12.232871210858656,367,2.0,0.42998841404914856,509,465,126,86
367,12.232871210858656,367,2.0,0.3150809109210968,639,369,119,67
311,12.232871210858656,367,2.0,0.47171491384506226,1381,196,43,37
375,12.232871210858656,367,2.0,0.5874462723731995,1000,223,48,31
172,12.232871210858656,367,2.0,0.23324044048786163,1496,173,41,25
173,12.266203285002685,368,2.0,0.2527792453765869,1424,172,29,26
220,12.266203285002685,368,2.0,0.12807343900203705,1329,203,39,33
278,12.266203285002685,368,2.0,0.7233978509902954,1192,296,72,43
292,12.266203285002685,368,2.0,0.5849136114120483,1279,238,47,34
200,12.266203285002685,368,2.0,0.13573282957077026,897,296,88,69
331,12.266203285002685,368,2.0,0.4761362373828888,982,409,109,74
335,12.266203285002685,368,7.0,0.21385683119297028,493,472,122,87
367,12.266203285002685,368,2.0,0.41420793533325195,624,373,117,72
375,12.266203285002685,368,2.0,0.48729217052459717,993,225,47,34
172,12.266203285002685,368,2.0,0.17809826135635376,1500,173,37,24
202,12.266203285002685,368,2.0,0.430386483669281,1383,197,39,32
173,12.299535359146713,369,2.0,0.20785073935985565,1425,171,28,27
220,12.299535359146713,369,2.0,0.1790701299905777,1334,202,43,34
278,12.299535359146713,369,2.0,0.7199754118919373,1197,293,71,42
292,12.299535359146713,369,2.0,0.5405072569847107,1282,236,45,32
200,12.299535359146713,369,2.0,0.2982262372970581,892,296,95,73
331,12.299535359146713,369,2.0,0.7878553867340088,995,404,112,75
335,12.299535359146713,369,2.0,0.5766847133636475,473,480,131,91
367,12.299535359146713,369,2.0,0.5350353121757507,613,378,121,72
375,12.299535359146713,369,2.0,0.5196603536605835,988,226,48,33
172,12.299535359146713,369,2.0,0.3380468487739563,1498,172,41,24
173,12.332867433290742,370,2.0,0.24767188727855682,1426,168,28,26
220,12.332867433290742,370,2.0,0.14571218192577362,1335,201,42,32
278,12.332867433290742,370,2.0,0.6127714514732361,1201,290,69,42
292,12.332867433290742,370,2.0,0.45782288908958435,1285,234,43,31
200,12.332867433290742,370,7.0,0.41113048791885376,888,295,104,86
331,12.332867433290742,370,2.0,0.6412379145622253,1006,398,112,76
335,12.332867433290742,370,2.0,0.2661001682281494,450,489,136,93
367,12.332867433290742,370,7.0,0.2064988762140274,600,381,126,77
375,12.332867433290742,370,2.0,0.5244016051292419,985,227,53,32
172,12.332867433290742,370,2.0,0.3329311013221741,1501,170,36,24
202,12.332867433290742,370,2.0,0.5652133822441101,1386,193,38,32
173,12.366199507434771,371,2.0,0.3287326991558075,1428,166,28,25
220,12.366199507434771,371,2.0,0.3811338543891907,1337,199,44,30
278,12.366199507434771,371,2.0,0.7316030859947205,1206,288,66,44
292,12.366199507434771,371,2.0,0.5827180743217468,1288,231,46,32
200,12.366199507434771,371,7.0,0.35394835472106934,880,297,105,91
331,12.366199507434771,371,2.0,0.5871005058288574,1016,393,113,76
335,12.366199507434771,371,2.0,0.3162114918231964,431,498,142,95
367,12.366199507434771,371,2.0,0.195064514875412,587,384,127,86
375,12.366199507434771,371,2.0,0.5384610891342163,979,229,52,32
172,12.366199507434771,371,2.0,0.32108423113822937,1502,170,33,24
202,12.366199507434771,371,2.0,0.5778743624687195,1386,193,38,29
173,12.3995315815788,372,2.0,0.37948212027549744,1429,165,28,26
220,12.3995315815788,372,2.0,0.22833341360092163,1338,199,44,30
278,12.3995315815788,372,2.0,0.8286754488945007,1210,285,67,45
292,12.3995315815788,372,2.0,0.508234441280365,1292,229,47,32
200,12.3995315815788,372,2.0,0.356057345867157,869,309,102,75
331,12.3995315815788,372,2.0,0.6336458325386047,1022,385,105,71
335,12.3995315815788,372,2.0,0.3120564818382263,407,508,146,97
367,12.3995315815788,372,2.0,0.2975546717643738,573,389,128,87
375,12.3995315815788,372,2.0,0.6302689909934998,976,230,52,34
172,12.3995315815788,372,2.0,0.38472044467926025,1503,170,34,23
202,12.3995315815788,372,2.0,0.5494042634963989,1387,192,39,32
173,12.43286365572283,373,2.0,0.23645992577075958,1430,165,28,26
220,12.43286365572283,373,2.0,0.31267160177230835,1338,197,40,30
278,12.43286365572283,373,2.0,0.6899239420890808,1216,283,65,45
292,12.43286365572283,373,2.0,0.502180814743042,1295,228,45,32
200,12.43286365572283,373,7.0,0.18825605511665344,860,314,108,71
331,12.43286365572283,373,2.0,0.6342144012451172,1029,379,98,70
335,12.43286365572283,373,2.0,0.14331690967082977,391,517,138,99
367,12.43286365572283,373,2.0,0.2543627917766571,559,397,130,80
375,12.43286365572283,373,2.0,0.5803046822547913,968,232,50,36
172,12.43286365572283,373,2.0,0.3409421145915985,1503,169,34,22
202,12.43286365572283,373,2.0,0.42212143540382385,1389,192,37,31
173,12.46619572986686,374,2.0,0.3569924533367157,1432,164,30,24
220,12.46619572986686,374,2.0,0.24086596071720123,1340,196,40,31
278,12.46619572986686,374,2.0,0.6697262525558472,1219,282,64,48
292,12.46619572986686,374,2.0,0.3788306713104248,1298,226,47,32
200,12.46619572986686,374,7.0,0.3096889853477478,854,315,115,80
331,12.46619572986686,374,2.0,0.6414074897766113,1039,376,98,70
335,12.46619572986686,374,2.0,0.34659746289253235,379,527,118,99
367,12.46619572986686,374,2.0,0.1558663547039032,545,403,131,83
375,12.46619572986686,374,2.0,0.6327747106552124,963,234,51,37
172,12.46619572986686,374,2.0,0.33421820402145386,1503,168,35,22
202,12.46619572986686,374,2.0,0.4295644164085388,1393,191,36,31
173,12.499527804010889,375,2.0,0.2938772439956665,1433,163,31,23
278,12.499527804010889,375,2.0,0.6779372692108154,1224,279,63,49
292,12.499527804010889,375,2.0,0.4433704614639282,1300,224,45,29
200,12.499527804010889,375,7.0,0.37949201464653015,844,319,113,80
331,12.499527804010889,375,2.0,0.6201919913291931,1051,370,102,69
367,12.499527804010889,375,2.0,0.2832759618759155,531,409,136,79
375,12.499527804010889,375,2.0,0.7301487922668457,958,235,54,38
172,12.499527804010889,375,2.0,0.2882324457168579,1504,166,35,23
202,12.499527804010889,375,2.0,0.5378457903862,1394,191,36,32
173,12.532859878154916,376,2.0,0.29498013854026794,1435,162,31,22
278,12.532859878154916,376,2.0,0.7076603174209595,1227,275,61,47
292,12.532859878154916,376,2.0,0.45010796189308167,1303,223,43,29
200,12.532859878154916,376,7.0,0.4122946560382843,838,321,121,84
331,12.532859878154916,376,2.0,0.7036401629447937,1061,365,107,67
367,12.532859878154916,376,2.0,0.4423176944255829,516,415,138,86
375,12.532859878154916,376,2.0,0.7428522109985352,954,237,54,39
172,12.532859878154916,376,2.0,0.26431313157081604,1504,165,34,24
202,12.532859878154916,376,2.0,0.6015441417694092,1395,191,38,33
173,12.566191952298945,377,2.0,0.3607359826564789,1435,162,32,23
278,12.566191952298945,377,2.0,0.7361813187599182,1230,272,60,44
292,12.566191952298945,377,2.0,0.5672472715377808,1306,221,43,29
200,12.566191952298945,377,7.0,0.4409440755844116,827,324,120,87
331,12.566191952298945,377,2.0,0.731818437576294,1070,359,106,67
367,12.566191952298945,377,2.0,0.5882630944252014,500,422,139,86
375,12.566191952298945,377,2.0,0.7094684839248657,948,239,54,37
172,12.566191952298945,377,2.0,0.21489986777305603,1504,164,34,24
202,12.566191952298945,377,2.0,0.6105062961578369,1396,190,38,34
173,12.599524026442975,378,2.0,0.3866940140724182,1435,162,34,24
278,12.599524026442975,378,2.0,0.7412121891975403,1234,269,61,43
292,12.599524026442975,378,2.0,0.5281795859336853,1308,218,41,30
200,12.599524026442975,378,7.0,0.37182801961898804,818,327,125,89
331,12.599524026442975,378,2.0,0.7607136964797974,1076,355,96,66
367,12.599524026442975,378,2.0,0.5407417416572571,485,426,140,87
375,12.599524026442975,378,2.0,0.5695342421531677,941,241,51,38
172,12.599524026442975,378,2.0,0.29617810249328613,1505,164,35,24
202,12.599524026442975,378,2.0,0.49747443199157715,1397,187,41,35
220,12.599524026442975,378,2.0,0.3311093747615814,1350,192,34,27
173,12.632856100587004,379,2.0,0.3654617667198181,1436,163,34,24
278,12.632856100587004,379,2.0,0.7119793891906738,1240,266,60,43
292,12.632856100587004,379,2.0,0.62177574634552,1310,215,40,30
200,12.632856100587004,379,7.0,0.5839083194732666,805,329,121,92
331,12.632856100587004,379,2.0,0.7734293937683105,1084,350,96,66
367,12.632856100587004,379,2.0,0.43869709968566895,468,432,146,88
375,12.632856100587004,379,2.0,0.6106960773468018,936,242,53,38
172,12.632856100587004,379,2.0,0.2491716593503952,1504,163,39,24
202,12.632856100587004,379,2.0,0.24894960224628448,1397,182,41,40
407,12.632856100587004,379,2.0,0.44944971799850464,1285,136,54,30
173,12.666188174731033,380,2.0,0.30635660886764526,1436,162,33,24
278,12.666188174731033,380,2.0,0.7346290349960327,1244,263,57,37
292,12.666188174731033,380,2.0,0.5532403588294983,1312,213,42,29
200,12.666188174731033,380,7.0,0.42823079228401184,792,335,120,93
331,12.666188174731033,380,2.0,0.7389874458312988,1091,345,98,64
367,12.666188174731033,380,2.0,0.5707442164421082,451,440,149,92
375,12.666188174731033,380,2.0,0.6215065717697144,933,244,56,38
172,12.666188174731033,380,2.0,0.29916858673095703,1504,163,39,23
202,12.666188174731033,380,2.0,0.18149569630622864,1400,182,37,37
407,12.666188174731033,380,2.0,0.4291401207447052,1285,137,55,30
220,12.666188174731033,380,2.0,0.40701574087142944,1354,187,33,25
173,12.699520248875062,381,2.0,0.21370132267475128,1437,162,33,26
278,12.699520248875062,381,2.0,0.757244884967804,1247,260,55,37
292,12.699520248875062,381,2.0,0.6268119215965271,1314,212,42,29
200,12.699520248875062,381,7.0,0.36994102597236633,780,337,125,100
331,12.699520248875062,381,2.0,0.6340506672859192,1099,341,98,64
367,12.699520248875062,381,2.0,0.5512564182281494,435,445,150,93
375,12.699520248875062,381,2.0,0.6224938035011292,927,246,56,38
172,12.699520248875062,381,2.0,0.3114642798900604,1506,162,36,22
202,12.699520248875062,381,2.0,0.19041994214057922,1403,181,35,36
407,12.699520248875062,381,2.0,0.316011518239975,1286,137,46,31
220,12.699520248875062,381,2.0,0.34733232855796814,1354,185,29,25
173,12.732852323019092,382,2.0,0.21261589229106903,1437,162,33,27
278,12.732852323019092,382,2.0,0.7700474262237549,1250,257,55,36
292,12.732852323019092,382,2.0,0.6451596021652222,1317,212,42,29
200,12.732852323019092,382,7.0,0.5638250112533569,770,340,125,104
331,12.732852323019092,382,2.0,0.6778600215911865,1106,338,95,64
367,12.732852323019092,382,2.0,0.4624730348587036,417,448,153,97
375,12.732852323019092,382,2.0,0.6384016871452332,919,246,60,41
172,12.732852323019092,382,2.0,0.27122360467910767,1506,162,35,22
202,12.732852323019092,382,2.0,0.12989526987075806,1401,178,36,39
407,12.732852323019092,382,2.0,0.23497654497623444,1285,137,52,32
220,12.732852323019092,382,2.0,0.23146626353263855,1355,184,30,26
414,12.732852323019092,382,2.0,0.7224355936050415,117,623,135,118
173,12.76618439716312,383,2.0,0.1292913556098938,1438,161,33,27
278,12.76618439716312,383,2.0,0.7859601974487305,1254,256,55,35
292,12.76618439716312,383,2.0,0.5991832613945007,1320,212,42,29
200,12.76618439716312,383,7.0,0.5017123222351074,760,345,128,102
331,12.76618439716312,383,2.0,0.630134105682373,1109,333,86,64
367,12.76618439716312,383,7.0,0.11379268020391464,400,453,155,100
375,12.76618439716312,383,2.0,0.6168377995491028,914,248,61,41
172,12.76618439716312,383,2.0,0.22259002923965454,1504,162,38,22
202,12.76618439716312,383,2.0,0.10504353046417236,1403,179,34,34
407,12.76618439716312,383,2.0,0.2145252227783203,1285,138,47,33
220,12.76618439716312,383,2.0,0.22481688857078552,1356,184,27,25
173,12.799516471307149,384,2.0,0.12665535509586334,1438,161,32,28
278,12.799516471307149,384,2.0,0.7063641548156738,1259,254,56,35
292,12.799516471307149,384,2.0,0.5460761189460754,1322,211,39,30
200,12.799516471307149,384,7.0,0.5075168013572693,746,348,128,106
331,12.799516471307149,384,2.0,0.593610942363739,1117,330,84,64
367,12.799516471307149,384,2.0,0.1511048525571823,387,456,145,91
375,12.799516471307149,384,2.0,0.5410569310188293,907,251,59,41
172,12.799516471307149,384,2.0,0.13268929719924927,1504,161,39,22
202,12.799516471307149,384,2.0,0.11415743827819824,1403,176,32,33
407,12.799516471307149,384,2.0,0.2940112352371216,1281,138,54,33
414,12.799516471307149,384,2.0,0.5171948671340942,94,640,174,150
278,12.832848545451178,385,2.0,0.7620087265968323,1263,251,57,35
292,12.832848545451178,385,2.0,0.42233335971832275,1325,209,38,31
200,12.832848545451178,385,2.0,0.6257380843162537,733,357,130,102
331,12.832848545451178,385,2.0,0.7157776355743408,1126,324,85,57
367,12.832848545451178,385,2.0,0.1902400553226471,379,471,127,87
375,12.832848545451178,385,2.0,0.6090664863586426,901,253,56,42
172,12.832848545451178,385,2.0,0.16760854423046112,1504,160,39,22
202,12.832848545451178,385,2.0,0.19656220078468323,1405,175,32,33
407,12.832848545451178,385,2.0,0.4002101421356201,1280,138,59,33
414,12.832848545451178,385,2.0,0.3692759871482849,79,653,159,161
278,12.866180619595207,386,2.0,0.8052854537963867,1266,248,56,37
292,12.866180619595207,386,2.0,0.38766926527023315,1327,208,39,29
200,12.866180619595207,386,7.0,0.5357847213745117,722,359,135,110
331,12.866180619595207,386,2.0,0.676897406578064,1131,320,86,56
367,12.866180619595207,386,2.0,0.465646356344223,370,473,107,74
375,12.866180619595207,386,2.0,0.5463980436325073,895,256,59,42
172,12.866180619595207,386,2.0,0.20355473458766937,1507,161,37,22
202,12.866180619595207,386,2.0,0.127060204744339,1409,173,27,29
407,12.866180619595207,386,2.0,0.37548527121543884,1277,138,61,34
414,12.866180619595207,386,2.0,0.5449764132499695,60,663,120,135
278,12.899512693739236,387,2.0,0.8151419758796692,1269,246,55,38
292,12.899512693739236,387,2.0,0.17490766942501068,1329,205,37,28
200,12.899512693739236,387,7.0,0.5371957421302795,709,366,137,107
331,12.899512693739236,387,2.0,0.6739000678062439,1135,316,81,53
367,12.899512693739236,387,2.0,0.3190242350101471,361,475,90,63
375,12.899512693739236,387,2.0,0.6677026748657227,888,258,61,43
172,12.899512693739236,387,2.0,0.17791837453842163,1506,160,38,22
202,12.899512693739236,387,2.0,0.12441617250442505,1411,175,26,23
407,12.899512693739236,387,2.0,0.33365780115127563,1278,138,57,33
414,12.899512693739236,387,2.0,0.5415911674499512,39,670,79,107
278,12.932844767883266,388,2.0,0.8143537044525146,1272,244,53,37
292,12.932844767883266,388,2.0,0.3235117793083191,1333,203,40,30
200,12.932844767883266,388,7.0,0.5000343322753906,695,371,138,110
331,12.932844767883266,388,2.0,0.6662707924842834,1141,313,81,54
367,12.932844767883266,388,2.0,0.29533350467681885,353,479,69,59
375,12.932844767883266,388,2.0,0.7378128170967102,883,260,62,43
407,12.932844767883266,388,2.0,0.31503668427467346,1278,139,56,34
278,12.966176842027295,389,2.0,0.797581672668457,1275,242,53,36
292,12.966176842027295,389,2.0,0.49413803219795227,1335,201,41,29
200,12.966176842027295,389,7.0,0.3756939172744751,682,376,144,113
331,12.966176842027295,389,2.0,0.7100600004196167,1148,309,80,54
367,12.966176842027295,389,2.0,0.194935604929924,343,484,45,48
375,12.966176842027295,389,2.0,0.6681103706359863,878,262,67,46
407,12.966176842027295,389,2.0,0.45464783906936646,1274,139,61,35
425,12.966176842027295,389,7.0,0.3785872161388397,1132,182,123,83
278,12.999508916171324,390,2.0,0.8114064335823059,1278,241,53,36
292,12.999508916171324,390,2.0,0.36639511585235596,1337,200,40,28
200,12.999508916171324,390,7.0,0.40613308548927307,666,382,149,116
331,12.999508916171324,390,2.0,0.6823151707649231,1151,306,79,53
375,12.999508916171324,390,2.0,0.46767574548721313,871,263,69,47
407,12.999508916171324,390,2.0,0.3944995701313019,1272,139,64,37
425,12.999508916171324,390,7.0,0.275551974773407,1124,184,120,81
278,13.032840990315352,391,2.0,0.7890488505363464,1280,238,49,33
292,13.032840990315352,391,2.0,0.39878711104393005,1338,199,39,27
200,13.032840990315352,391,7.0,0.4291684031486511,653,388,151,115
331,13.032840990315352,391,2.0,0.7170124053955078,1157,303,76,51
375,13.032840990315352,391,2.0,0.5125917792320251,862,267,66,46
407,13.032840990315352,391,2.0,0.2670953571796417,1272,140,63,38
425,13.032840990315352,391,7.0,0.33236414194107056,1118,186,117,80
278,13.066173064459381,392,2.0,0.7292682528495789,1283,236,48,31
292,13.066173064459381,392,2.0,0.4155685305595398,1339,198,41,28
200,13.066173064459381,392,7.0,0.4496021568775177,639,396,152,115
331,13.066173064459381,392,2.0,0.6581926941871643,1162,300,74,49
375,13.066173064459381,392,2.0,0.6583409309387207,856,270,68,46
407,13.066173064459381,392,2.0,0.27746760845184326,1269,142,62,38
425,13.066173064459381,392,7.0,0.27424657344818115,1112,187,121,81
278,13.09950513860341,393,2.0,0.7398464679718018,1287,234,50,32
292,13.09950513860341,393,2.0,0.34563979506492615,1341,196,40,26
200,13.09950513860341,393,7.0,0.45002421736717224,625,401,156,121
331,13.09950513860341,393,2.0,0.6938109993934631,1169,297,75,49
375,13.09950513860341,393,2.0,0.5990706086158752,848,271,68,48
407,13.09950513860341,393,2.0,0.4759928286075592,1270,143,58,36
425,13.09950513860341,393,5.0,0.1518901139497757,1115,188,129,81
434,13.09950513860341,393,2.0,0.4394071698188782,1210,186,41,25
278,13.13283721274744,394,2.0,0.7346805930137634,1291,232,49,34
292,13.13283721274744,394,2.0,0.4129309356212616,1345,194,36,27
200,13.13283721274744,394,7.0,0.45081812143325806,609,405,162,126
331,13.13283721274744,394,2.0,0.6994234323501587,1176,294,75,49
375,13.13283721274744,394,2.0,0.5063525438308716,842,273,67,47
407,13.13283721274744,394,2.0,0.4983334243297577,1267,144,59,36
425,13.13283721274744,394,5.0,0.41014009714126587,1119,190,149,85
434,13.13283721274744,394,2.0,0.31338509917259216,1207,186,39,25
278,13.166169286891469,395,2.0,0.6972190737724304,1295,231,50,33
292,13.166169286891469,395,2.0,0.48347553610801697,1348,192,34,27
200,13.166169286891469,395,5.0,0.4157960116863251,595,409,164,133
331,13.166169286891469,395,2.0,0.7276132702827454,1181,290,73,50
375,13.166169286891469,395,2.0,0.5798137784004211,835,276,68,47
407,13.166169286891469,395,2.0,0.4916599690914154,1265,145,59,38
425,13.166169286891469,395,7.0,0.3754517138004303,1108,193,135,84
434,13.166169286891469,395,2.0,0.42339611053466797,1198,186,47,25
441,13.166169286891469,395,7.0,0.403734415769577,596,408,166,136
442,13.166169286891469,395,2.0,0.6331741809844971,608,731,337,318
278,13.199501361035498,396,2.0,0.6426050662994385,1296,229,52,33
292,13.199501361035498,396,2.0,0.4256059527397156,1350,190,34,26
200,13.199501361035498,396,7.0,0.6126161217689514,579,415,169,136
331,13.199501361035498,396,2.0,0.7401560544967651,1184,286,73,50
375,13.199501361035498,396,2.0,0.5114761590957642,827,278,68,48
407,13.199501361035498,396,2.0,0.5095875263214111,1264,144,61,38
425,13.199501361035498,396,7.0,0.40521129965782166,1102,195,129,85
434,13.199501361035498,396,2.0,0.5552889704704285,1189,187,54,28
442,13.199501361035498,396,2.0,0.3586144745349884,635,711,329,307
444,13.199501361035498,396,2.0,0.4829842150211334,89,575,168,118
446,13.199501361035498,396,5.0,0.3812492787837982,1103,195,122,90
278,13.232833435179527,397,2.0,0.6859529614448547,1299,228,51,33
292,13.232833435179527,397,2.0,0.44348248839378357,1352,188,32,28
200,13.232833435179527,397,7.0,0.4596102237701416,561,419,169,145
331,13.232833435179527,397,2.0,0.7169196009635925,1189,284,73,50
375,13.232833435179527,397,2.0,0.4136515259742737,819,280,68,49
407,13.232833435179527,397,2.0,0.5513246059417725,1262,144,62,39
425,13.232833435179527,397,7.0,0.41106536984443665,1097,194,131,86
434,13.232833435179527,397,2.0,0.39733830094337463,1187,187,54,30
442,13.232833435179527,397,2.0,0.31720417737960815,658,691,302,295
444,13.232833435179527,397,2.0,0.5750385522842407,87,579,173,117
446,13.232833435179527,397,5.0,0.380349338054657,1099,195,125,89
441,13.232833435179527,397,2.0,0.4265231490135193,563,419,168,145
278,13.266165509323555,398,2.0,0.5579394102096558,1302,226,51,30
292,13.266165509323555,398,2.0,0.491362988948822,1354,187,32,27
200,13.266165509323555,398,7.0,0.4872247576713562,546,429,169,140
331,13.266165509323555,398,2.0,0.6682831048965454,1195,282,75,51
375,13.266165509323555,398,2.0,0.5847380757331848,813,283,73,50
407,13.266165509323555,398,2.0,0.5520629286766052,1259,144,63,40
425,13.266165509323555,398,7.0,0.29207345843315125,1096,196,124,87
434,13.266165509323555,398,2.0,0.34034857153892517,1186,189,51,27
442,13.266165509323555,398,2.0,0.35574427247047424,685,675,294,285
444,13.266165509323555,398,2.0,0.43941444158554077,73,593,147,106
446,13.266165509323555,398,5.0,0.2953825294971466,1098,195,121,89
441,13.266165509323555,398,2.0,0.4218190908432007,546,431,170,138
278,13.299497583467584,399,2.0,0.6717139482498169,1306,224,47,30
292,13.299497583467584,399,2.0,0.5214664340019226,1356,186,33,27
200,13.299497583467584,399,2.0,0.545810878276825,528,436,176,142
331,13.299497583467584,399,2.0,0.6972907781600952,1199,279,72,52
375,13.299497583467584,399,2.0,0.5708678364753723,806,286,77,49
407,13.299497583467584,399,2.0,0.35747507214546204,1257,145,62,40
425,13.299497583467584,399,5.0,0.2788994312286377,1091,196,130,90
434,13.299497583467584,399,2.0,0.2666374742984772,1180,191,54,30
442,13.299497583467584,399,7.0,0.3639199435710907,716,657,295,272
444,13.299497583467584,399,2.0,0.5910609364509583,71,593,143,88
446,13.299497583467584,399,7.0,0.3428727090358734,1089,194,135,89
441,13.299497583467584,399,7.0,0.5435971021652222,528,438,175,140
278,13.332829657611613,400,2.0,0.6475399136543274,1307,222,46,30
292,13.332829657611613,400,2.0,0.4723604619503021,1358,186,36,27
200,13.332829657611613,400,7.0,0.5664680004119873,510,442,180,146
331,13.332829657611613,400,2.0,0.7025711536407471,1203,276,70,52
375,13.332829657611613,400,2.0,0.505833625793457,798,288,79,50
407,13.332829657611613,400,2.0,0.3802374303340912,1257,145,62,40
425,13.332829657611613,400,7.0,0.28087499737739563,1087,197,128,90
434,13.332829657611613,400,2.0,0.18182562291622162,1177,191,56,30
442,13.332829657611613,400,7.0,0.37325629591941833,737,639,279,267
444,13.332829657611613,400,2.0,0.5056807994842529,57,596,115,82
446,13.332829657611613,400,5.0,0.2556569576263428,1088,196,131,91
278,13.366161731755643,401,2.0,0.7194284796714783,1310,220,45,31
292,13.366161731755643,401,2.0,0.43322354555130005,1361,186,36,25
200,13.366161731755643,401,7.0,0.6735692024230957,490,453,185,146
331,13.366161731755643,401,2.0,0.7573319673538208,1208,274,68,51
375,13.366161731755643,401,2.0,0.5166082978248596,789,292,79,50
407,13.366161731755643,401,2.0,0.43289250135421753,1257,145,63,40
425,13.366161731755643,401,5.0,0.17450134456157684,1084,198,132,89
434,13.366161731755643,401,2.0,0.13065284490585327,1172,193,59,33
442,13.366161731755643,401,2.0,0.21752379834651947,759,625,270,260
444,13.366161731755643,401,2.0,0.44549351930618286,42,600,84,73
446,13.366161731755643,401,7.0,0.1575106978416443,1084,198,137,89
278,13.399493805899672,402,2.0,0.7724666595458984,1313,218,44,31
292,13.399493805899672,402,2.0,0.31476593017578125,1361,184,35,25
200,13.399493805899672,402,7.0,0.6060943603515625,471,460,190,150
331,13.399493805899672,402,2.0,0.672199547290802,1211,271,66,47
375,13.399493805899672,402,2.0,0.502373218536377,782,293,83,51
407,13.399493805899672,402,2.0,0.4671233296394348,1252,147,58,39
425,13.399493805899672,402,7.0,0.24100075662136078,1092,200,167,90
434,13.399493805899672,402,2.0,0.3540440797805786,1170,194,59,35
442,13.399493805899672,402,2.0,0.2563937306404114,783,611,265,250
444,13.399493805899672,402,2.0,0.4912075698375702,26,608,53,63
446,13.399493805899672,402,5.0,0.331955224275589,1094,198,170,91
278,13.432825880043701,403,2.0,0.7185670137405396,1315,217,42,28
292,13.432825880043701,403,2.0,0.2881508767604828,1361,184,34,24
200,13.432825880043701,403,7.0,0.5568660497665405,452,468,195,154
331,13.432825880043701,403,2.0,0.744820773601532,1217,268,65,47
375,13.432825880043701,403,2.0,0.4167889952659607,772,297,78,52
407,13.432825880043701,403,2.0,0.30907848477363586,1252,148,61,39
425,13.432825880043701,403,7.0,0.21191219985485077,1080,201,152,93
434,13.432825880043701,403,2.0,0.2410620152950287,1163,196,67,34
442,13.432825880043701,403,2.0,0.10089722275733948,800,597,251,239
444,13.432825880043701,403,2.0,0.17912423610687256,11,614,22,47
278,13.46615795418773,404,2.0,0.740683913230896,1317,216,44,27
292,13.46615795418773,404,2.0,0.22902895510196686,1363,183,33,25
200,13.46615795418773,404,7.0,0.5087683200836182,431,475,197,162
331,13.46615795418773,404,2.0,0.7705251574516296,1220,266,65,48
375,13.46615795418773,404,2.0,0.587117075920105,760,301,75,53
407,13.46615795418773,404,2.0,0.3181430995464325,1250,149,65,40
425,13.46615795418773,404,7.0,0.3142348527908325,1070,201,144,94
434,13.46615795418773,404,2.0,0.22518807649612427,1164,197,62,33
442,13.46615795418773,404,9.0,0.14212453365325928,817,586,242,233
278,13.499490028331758,405,2.0,0.8074741363525391,1320,214,42,28
292,13.499490028331758,405,2.0,0.11971081793308258,1364,182,35,25
200,13.499490028331758,405,7.0,0.4440290927886963,413,484,192,163
331,13.499490028331758,405,2.0,0.7525419592857361,1222,263,62,46
375,13.499490028331758,405,2.0,0.41501834988594055,750,304,72,54
407,13.499490028331758,405,2.0,0.2820463180541992,1247,149,67,41
425,13.499490028331758,405,7.0,0.20710083842277527,1069,203,146,94
434,13.499490028331758,405,2.0,0.1807767152786255,1160,199,62,33
442,13.499490028331758,405,7.0,0.2820463180541992,833,571,234,228
278,13.532822102475787,406,2.0,0.7548216581344604,1322,212,42,28
292,13.532822102475787,406,2.0,0.11242374032735825,1366,182,32,25
200,13.532822102475787,406,7.0,0.3904120922088623,401,493,178,162
331,13.532822102475787,406,2.0,0.6295448541641235,1225,259,63,43
375,13.532822102475787,406,2.0,0.5640731453895569,743,306,76,55
407,13.532822102475787,406,2.0,0.2138635516166687,1245,150,66,41
425,13.532822102475787,406,7.0,0.37195101380348206,1063,203,147,96
434,13.532822102475787,406,2.0,0.11918129771947861,1156,199,62,30
442,13.532822102475787,406,2.0,0.5931833386421204,849,562,224,222
278,13.566154176619817,407,2.0,0.7591084241867065,1324,211,42,28
200,13.566154176619817,407,7.0,0.2893683612346649,391,492,159,155
331,13.566154176619817,407,2.0,0.6430866122245789,1227,257,59,39
375,13.566154176619817,407,2.0,0.5897717475891113,735,309,79,56
407,13.566154176619817,407,2.0,0.2813537120819092,1244,149,65,43
425,13.566154176619817,407,7.0,0.2698639929294586,1059,205,148,98
434,13.566154176619817,407,2.0,0.23435290157794952,1149,197,69,39
442,13.566154176619817,407,2.0,0.3281567394733429,865,550,215,220
458,13.566154176619817,407,2.0,0.39459216594696045,595,939,381,262
278,13.599486250763846,408,2.0,0.7342221140861511,1326,210,40,29
200,13.599486250763846,408,7.0,0.32354268431663513,381,497,134,138
331,13.599486250763846,408,2.0,0.585268497467041,1230,254,59,40
375,13.599486250763846,408,2.0,0.6171265244483948,727,312,82,56
407,13.599486250763846,408,2.0,0.3083624839782715,1242,150,66,44
425,13.599486250763846,408,7.0,0.34190213680267334,1055,206,155,98
434,13.599486250763846,408,2.0,0.1900259405374527,1147,198,68,41
442,13.599486250763846,408,7.0,0.25075650215148926,881,538,209,211
278,13.632818324907875,409,2.0,0.757053017616272,1329,209,41,29
200,13.632818324907875,409,7.0,0.28153446316719055,373,504,112,132
331,13.632818324907875,409,2.0,0.5181493163108826,1238,252,61,42
375,13.632818324907875,409,2.0,0.5711439847946167,717,315,88,59
407,13.632818324907875,409,2.0,0.24488745629787445,1243,150,66,43
425,13.632818324907875,409,7.0,0.3824084997177124,1065,207,183,99
434,13.632818324907875,409,2.0,0.1694716513156891,1142,197,70,46
442,13.632818324907875,409,7.0,0.273383766412735,897,527,203,206
278,13.666150399051904,410,2.0,0.704883337020874,1331,207,41,28
200,13.666150399051904,410,7.0,0.2737307548522949,363,509,88,128
331,13.666150399051904,410,2.0,0.7051162123680115,1243,249,59,44
375,13.666150399051904,410,2.0,0.5915082693099976,707,317,86,59
407,13.666150399051904,410,2.0,0.3336045444011688,1249,150,53,44
425,13.666150399051904,410,7.0,0.45162883400917053,1056,210,177,100
434,13.666150399051904,410,2.0,0.10127883404493332,1143,199,59,43
442,13.666150399051904,410,9.0,0.15968304872512817,913,518,201,200
278,13.699482473195934,411,2.0,0.6511998176574707,1334,206,41,28
331,13.699482473195934,411,2.0,0.7169462442398071,1247,249,64,44
375,13.699482473195934,411,2.0,0.5857647657394409,695,321,85,60
407,13.699482473195934,411,2.0,0.4313998520374298,1250,149,49,44
425,13.699482473195934,411,7.0,0.5186009407043457,1061,211,202,102
434,13.699482473195934,411,2.0,0.10051331669092178,1143,202,54,39
442,13.699482473195934,411,2.0,0.3084770143032074,927,508,196,190
465,13.699482473195934,411,2.0,0.5571046471595764,756,831,252,217
458,13.699482473195934,411,2.0,0.32174962759017944,541,948,294,257
278,13.732814547339963,412,2.0,0.49635347723960876,1336,205,41,26
331,13.732814547339963,412,2.0,0.6391435265541077,1251,246,64,42
375,13.732814547339963,412,2.0,0.3798246383666992,685,325,82,62
407,13.732814547339963,412,2.0,0.2966459095478058,1248,150,51,45
425,13.732814547339963,412,7.0,0.37931933999061584,1052,213,191,103
434,13.732814547339963,412,2.0,0.1729402393102646,1140,207,54,33
442,13.732814547339963,412,7.0,0.3078729212284088,939,498,188,188
465,13.732814547339963,412,2.0,0.1057235598564148,781,808,243,211
458,13.732814547339963,412,7.0,0.16212771832942963,561,936,313,273
278,13.76614662148399,413,2.0,0.39689695835113525,1338,204,42,26
331,13.76614662148399,413,2.0,0.6240915656089783,1254,245,62,41
375,13.76614662148399,413,2.0,0.38882535696029663,675,328,82,61
407,13.76614662148399,413,2.0,0.39319610595703125,1241,150,63,45
425,13.76614662148399,413,7.0,0.2746005356311798,1048,214,193,104
434,13.76614662148399,413,2.0,0.17921946942806244,1141,210,47,30
442,13.76614662148399,413,7.0,0.2536381483078003,951,489,181,182
465,13.76614662148399,413,2.0,0.5545601844787598,808,783,231,200
458,13.76614662148399,413,7.0,0.4477682113647461,590,921,297,290
278,13.79947869562802,414,2.0,0.40995854139328003,1341,203,45,28
331,13.79947869562802,414,2.0,0.6450631618499756,1257,243,62,42
375,13.79947869562802,414,2.0,0.5848982930183411,666,332,89,61
407,13.79947869562802,414,2.0,0.27303704619407654,1241,151,55,46
425,13.79947869562802,414,7.0,0.21469399333000183,1044,216,202,105
434,13.79947869562802,414,2.0,0.15732932090759277,1134,211,52,30
442,13.79947869562802,414,7.0,0.22024449706077576,963,480,175,178
465,13.79947869562802,414,2.0,0.13920776546001434,835,762,217,193
458,13.79947869562802,414,7.0,0.11882618814706802,625,896,281,288
278,13.832810769772049,415,2.0,0.33547115325927734,1344,202,45,28
331,13.832810769772049,415,2.0,0.58719801902771,1261,241,61,42
375,13.832810769772049,415,2.0,0.5512635111808777,657,336,91,61
425,13.832810769772049,415,7.0,0.15057873725891113,1044,217,207,107
434,13.832810769772049,415,2.0,0.1481415182352066,1132,212,49,33
442,13.832810769772049,415,7.0,0.20186731219291687,977,471,172,171
465,13.832810769772049,415,2.0,0.45724841952323914,858,739,204,181
458,13.832810769772049,415,7.0,0.4317886531352997,662,874,268,294
468,13.832810769772049,415,2.0,0.5459829568862915,84,632,151,124
278,13.866142843916078,416,2.0,0.5068736672401428,1345,200,45,28
331,13.866142843916078,416,2.0,0.6850970387458801,1264,239,58,41
375,13.866142843916078,416,2.0,0.43941959738731384,645,339,88,60
425,13.866142843916078,416,7.0,0.23055294156074524,1045,218,212,105
434,13.866142843916078,416,2.0,0.24398723244667053,1120,214,65,34
442,13.866142843916078,416,7.0,0.1822504848241806,988,461,170,165
465,13.866142843916078,416,2.0,0.2806352376937866,879,721,196,174
468,13.866142843916078,416,2.0,0.10633227974176407,90,632,176,157
407,13.866142843916078,416,2.0,0.29315364360809326,1236,152,57,44
278,13.899474918060108,417,2.0,0.49189257621765137,1347,198,41,28
331,13.899474918060108,417,2.0,0.5165873765945435,1266,237,57,38
375,13.899474918060108,417,2.0,0.4142591059207916,633,345,91,59
425,13.899474918060108,417,7.0,0.41998544335365295,1023,221,187,107
434,13.899474918060108,417,2.0,0.10273430496454239,1117,218,64,31
442,13.899474918060108,417,7.0,0.1739826649427414,998,455,163,162
465,13.899474918060108,417,2.0,0.14653095602989197,901,701,188,166
468,13.899474918060108,417,7.0,0.3955112397670746,92,617,185,207
407,13.899474918060108,417,2.0,0.13246698677539825,1233,151,62,46
278,13.932806992204137,418,2.0,0.5160717368125916,1350,197,37,26
331,13.932806992204137,418,2.0,0.6417405605316162,1270,234,54,36
375,13.932806992204137,418,2.0,0.33636149764060974,622,347,91,61
425,13.932806992204137,418,7.0,0.3693608343601227,1015,222,166,108
442,13.932806992204137,418,7.0,0.23959510028362274,1008,448,160,157
465,13.932806992204137,418,2.0,0.22773532569408417,919,682,180,159
468,13.932806992204137,418,7.0,0.4855758249759674,92,611,185,215
407,13.932806992204137,418,2.0,0.1474815458059311,1236,153,56,43
278,13.966139066348166,419,2.0,0.6275610327720642,1351,195,36,24
331,13.966139066348166,419,2.0,0.4610350430011749,1271,232,54,36
375,13.966139066348166,419,2.0,0.28918346762657166,610,353,89,62
425,13.966139066348166,419,7.0,0.3584076166152954,1004,225,171,110
442,13.966139066348166,419,2.0,0.25848206877708435,1018,440,152,153
465,13.966139066348166,419,2.0,0.293325811624527,939,664,171,148
468,13.966139066348166,419,7.0,0.615043580532074,86,615,172,202
407,13.966139066348166,419,2.0,0.198421448469162,1236,152,50,42
278,13.999471140492194,420,2.0,0.6164570450782776,1352,195,35,25
331,13.999471140492194,420,2.0,0.5572009086608887,1272,230,52,36
375,13.999471140492194,420,2.0,0.5960766077041626,599,357,96,63
425,13.999471140492194,420,7.0,0.27769729495048523,999,227,166,112
442,13.999471140492194,420,7.0,0.3174595236778259,1028,436,150,152
465,13.999471140492194,420,28.0,0.13241229951381683,955,647,166,141
468,13.999471140492194,420,7.0,0.48800960183143616,70,623,140,194
407,13.999471140492194,420,2.0,0.1593431979417801,1239,151,41,40
278,14.032803214636223,421,2.0,0.6756937503814697,1353,193,35,23
331,14.032803214636223,421,2.0,0.6346740126609802,1276,227,52,38
375,14.032803214636223,421,2.0,0.6212440729141235,586,361,97,65
425,14.032803214636223,421,7.0,0.5673329830169678,991,229,172,113
442,14.032803214636223,421,7.0,0.2795521914958954,1039,428,148,152
465,14.032803214636223,421,2.0,0.21882225573062897,968,630,163,133
468,14.032803214636223,421,7.0,0.5347836017608643,52,633,105,183
407,14.032803214636223,421,2.0,0.17592735588550568,1239,150,36,39
278,14.066135288780252,422,2.0,0.6490474343299866,1355,192,36,23
331,14.066135288780252,422,2.0,0.7009761929512024,1281,226,52,39
375,14.066135288780252,422,2.0,0.6841475963592529,575,365,101,68
425,14.066135288780252,422,7.0,0.4660983979701996,984,232,176,115
442,14.066135288780252,422,7.0,0.3517017364501953,1049,422,148,150
465,14.066135288780252,422,28.0,0.13830099999904633,986,618,152,136
407,14.066135288780252,422,2.0,0.26541203260421753,1237,151,37,42
480,14.066135288780252,422,7.0,0.5883889198303223,850,710,201,224
278,14.099467362924281,423,2.0,0.6504097580909729,1356,190,36,24
331,14.099467362924281,423,2.0,0.5515612363815308,1284,223,52,40
375,14.099467362924281,423,2.0,0.5493556261062622,561,369,100,70
425,14.099467362924281,423,7.0,0.3830355107784271,976,234,182,116
442,14.099467362924281,423,7.0,0.26814359426498413,1058,416,141,148
465,14.099467362924281,423,28.0,0.1926075667142868,1002,601,144,126
407,14.099467362924281,423,2.0,0.11958836019039154,1236,153,36,43
480,14.099467362924281,423,7.0,0.4173540771007538,868,691,195,211
278,14.13279943706831,424,2.0,0.6290287375450134,1358,189,37,25
331,14.13279943706831,424,2.0,0.647993803024292,1287,222,50,40
375,14.13279943706831,424,2.0,0.5832198262214661,549,373,102,71
425,14.13279943706831,424,7.0,0.22187121212482452,963,236,203,118
442,14.13279943706831,424,7.0,0.20199915766716003,1066,410,139,149
465,14.13279943706831,424,2.0,0.17185062170028687,1012,594,151,133
407,14.13279943706831,424,2.0,0.23129615187644958,1235,153,37,44
480,14.13279943706831,424,7.0,0.30664461851119995,890,671,185,208
292,14.13279943706831,424,2.0,0.32834896445274353,1398,161,30,22
278,14.16613151121234,425,2.0,0.5505990982055664,1360,187,37,24
331,14.16613151121234,425,2.0,0.7270960211753845,1288,221,50,40
375,14.16613151121234,425,2.0,0.6092771887779236,536,377,103,72
425,14.16613151121234,425,7.0,0.5284984707832336,949,237,213,120
442,14.16613151121234,425,7.0,0.5354514122009277,1073,404,135,145
465,14.16613151121234,425,28.0,0.1368745118379593,1027,578,142,121
480,14.16613151121234,425,7.0,0.3756802976131439,910,651,178,202
292,14.16613151121234,425,2.0,0.2744641602039337,1399,160,30,22
278,14.19946358535637,426,2.0,0.5142316818237305,1362,187,37,23
331,14.19946358535637,426,2.0,0.6172979474067688,1291,220,49,38
375,14.19946358535637,426,2.0,0.634812593460083,524,381,108,74
425,14.19946358535637,426,7.0,0.32361364364624023,947,239,192,119
442,14.19946358535637,426,7.0,0.5116530060768127,1082,398,131,140
465,14.19946358535637,426,28.0,0.10975077003240585,1043,569,130,125
480,14.19946358535637,426,7.0,0.3781556189060211,929,636,175,194
292,14.19946358535637,426,2.0,0.24345284700393677,1399,160,28,22
278,14.232795659500397,427,2.0,0.5575155019760132,1365,186,38,24
331,14.232795659500397,427,2.0,0.5880064368247986,1294,219,51,39
375,14.232795659500397,427,2.0,0.6523097157478333,511,386,113,76
425,14.232795659500397,427,7.0,0.46744003891944885,947,241,190,122
442,14.232795659500397,427,7.0,0.46202951669692993,1090,392,128,136
465,14.232795659500397,427,28.0,0.12608397006988525,1058,559,121,125
480,14.232795659500397,427,7.0,0.49132484197616577,945,623,172,194
292,14.232795659500397,427,2.0,0.23634286224842072,1400,160,27,22
278,14.266127733644426,428,2.0,0.46651116013526917,1366,185,38,24
331,14.266127733644426,428,2.0,0.6829380989074707,1297,217,52,37
375,14.266127733644426,428,2.0,0.5390943884849548,497,391,117,78
425,14.266127733644426,428,7.0,0.4052218496799469,943,241,191,125
442,14.266127733644426,428,7.0,0.4956899583339691,1098,386,124,133
480,14.266127733644426,428,7.0,0.31932780146598816,962,608,170,184
292,14.266127733644426,428,2.0,0.2741488516330719,1402,160,29,22
278,14.299459807788455,429,2.0,0.5060250759124756,1367,186,37,24
331,14.299459807788455,429,2.0,0.6003133058547974,1301,216,45,35
375,14.299459807788455,429,2.0,0.49735426902770996,481,397,114,78
425,14.299459807788455,429,7.0,0.22237689793109894,941,243,193,128
442,14.299459807788455,429,7.0,0.44809651374816895,1106,381,123,128
480,14.299459807788455,429,7.0,0.5335068702697754,978,595,162,178
292,14.299459807788455,429,2.0,0.258228063583374,1403,160,29,22
278,14.332791881932485,430,2.0,0.31236734986305237,1370,184,35,24
331,14.332791881932485,430,2.0,0.7298916578292847,1301,214,46,33
375,14.332791881932485,430,2.0,0.6065564751625061,466,402,114,77
425,14.332791881932485,430,7.0,0.39102184772491455,934,244,196,129
442,14.332791881932485,430,7.0,0.4578709602355957,1113,375,122,125
480,14.332791881932485,430,7.0,0.6395061612129211,995,581,158,178
278,14.366123956076514,431,2.0,0.34339848160743713,1372,184,33,22
331,14.366123956076514,431,2.0,0.6572273969650269,1303,212,43,33
375,14.366123956076514,431,2.0,0.49651411175727844,451,407,119,78
425,14.366123956076514,431,7.0,0.29455944895744324,926,247,197,129
442,14.366123956076514,431,7.0,0.41108521819114685,1120,370,116,123
480,14.366123956076514,431,7.0,0.7097703218460083,1007,568,152,170
278,14.399456030220543,432,2.0,0.33254149556159973,1373,184,33,22
331,14.399456030220543,432,2.0,0.6411957740783691,1305,211,45,33
375,14.399456030220543,432,2.0,0.6102579236030579,435,413,119,80
425,14.399456030220543,432,7.0,0.45905789732933044,919,249,200,129
442,14.399456030220543,432,7.0,0.40150198340415955,1127,365,117,125
480,14.399456030220543,432,7.0,0.3770880699157715,1021,555,148,164
278,14.432788104364572,433,2.0,0.3031144142150879,1374,182,31,23
331,14.432788104364572,433,2.0,0.6576105952262878,1307,210,41,33
375,14.432788104364572,433,2.0,0.7699584364891052,422,419,128,83
425,14.432788104364572,433,7.0,0.4265788495540619,914,251,202,131
442,14.432788104364572,433,7.0,0.3572521209716797,1134,361,116,125
480,14.432788104364572,433,7.0,0.597208559513092,1032,545,144,161
278,14.4661201785086,434,2.0,0.21688218414783478,1376,181,32,24
331,14.4661201785086,434,2.0,0.7446070313453674,1310,209,43,32
375,14.4661201785086,434,2.0,0.6943447589874268,402,424,126,83
425,14.4661201785086,434,7.0,0.5995906591415405,906,254,206,132
442,14.4661201785086,434,7.0,0.2936178743839264,1153,357,139,121
480,14.4661201785086,434,7.0,0.40444475412368774,1046,532,142,160
278,14.49945225265263,435,2.0,0.15747718513011932,1377,181,30,23
331,14.49945225265263,435,2.0,0.7360423803329468,1312,209,43,30
375,14.49945225265263,435,2.0,0.49990347027778625,384,430,128,86
425,14.49945225265263,435,7.0,0.5266112089157104,891,256,220,137
442,14.49945225265263,435,7.0,0.33319610357284546,1156,353,127,119
480,14.49945225265263,435,7.0,0.5397101640701294,1058,522,135,157
278,14.532784326796659,436,2.0,0.11399272829294205,1379,178,31,25
331,14.532784326796659,436,2.0,0.594004213809967,1314,207,43,29
375,14.532784326796659,436,2.0,0.40507063269615173,373,436,119,87
425,14.532784326796659,436,7.0,0.32089176774024963,889,258,216,136
442,14.532784326796659,436,7.0,0.3515947759151459,1156,350,116,120
480,14.532784326796659,436,7.0,0.29510629177093506,1070,512,134,154
331,14.566116400940688,437,2.0,0.39077094197273254,1317,207,45,28
375,14.566116400940688,437,2.0,0.5488236546516418,364,441,103,85
425,14.566116400940688,437,7.0,0.577134370803833,884,259,217,140
442,14.566116400940688,437,7.0,0.30996447801589966,1161,345,109,113
480,14.566116400940688,437,7.0,0.46079596877098083,1081,502,130,148
331,14.599448475084717,438,2.0,0.42636799812316895,1319,207,47,27
375,14.599448475084717,438,2.0,0.2957000136375427,354,446,85,83
425,14.599448475084717,438,7.0,0.6884505748748779,878,262,226,141
442,14.599448475084717,438,7.0,0.3196365237236023,1171,340,114,112
480,14.599448475084717,438,7.0,0.484139084815979,1091,493,126,144
331,14.632780549228746,439,2.0,0.42432090640068054,1320,204,48,29
375,14.632780549228746,439,2.0,0.22837255895137787,345,449,67,77
425,14.632780549228746,439,7.0,0.6134681701660156,870,266,227,141
442,14.632780549228746,439,7.0,0.37372535467147827,1174,335,107,110
480,14.632780549228746,439,7.0,0.40286049246788025,1101,483,125,143
506,14.632780549228746,439,7.0,0.37809038162231445,1135,483,198,148
509,14.632780549228746,439,7.0,0.46656930446624756,312,849,616,431
331,14.666112623372776,440,2.0,0.4402323365211487,1323,201,47,31
425,14.666112623372776,440,7.0,0.45775213837623596,864,269,224,147
442,14.666112623372776,440,7.0,0.36702874302864075,1178,330,100,106
480,14.666112623372776,440,7.0,0.3006938397884369,1110,473,122,140
506,14.666112623372776,440,7.0,0.16556544601917267,1141,477,192,141
509,14.666112623372776,440,7.0,0.14791624248027802,333,839,659,453
331,14.699444697516805,441,2.0,0.5525007843971252,1326,198,42,31
425,14.699444697516805,441,7.0,0.34707164764404297,857,272,228,151
442,14.699444697516805,441,7.0,0.3232918381690979,1182,327,95,105
480,14.699444697516805,441,7.0,0.15644338726997375,1118,466,118,135
506,14.699444697516805,441,7.0,0.12395746260881424,1152,452,190,171
509,14.699444697516805,441,7.0,0.3483068346977234,342,829,678,471
513,14.699444697516805,441,7.0,0.37777334451675415,1154,404,194,263
331,14.732776771660832,442,2.0,0.5660468935966492,1328,197,40,32
425,14.732776771660832,442,7.0,0.36278554797172546,845,273,243,152
442,14.732776771660832,442,7.0,0.38486385345458984,1188,323,96,103
506,14.732776771660832,442,7.0,0.3532414436340332,1160,449,184,157
509,14.732776771660832,442,7.0,0.3309442400932312,376,821,735,483
513,14.732776771660832,442,7.0,0.5806581377983093,1159,398,187,256
331,14.766108845804862,443,2.0,0.504538893699646,1330,195,40,30
425,14.766108845804862,443,7.0,0.3965929448604584,840,274,257,155
442,14.766108845804862,443,7.0,0.3342311382293701,1193,321,95,103
506,14.766108845804862,443,7.0,0.28123170137405396,1172,444,186,147
509,14.766108845804862,443,7.0,0.21547789871692657,395,817,769,500
513,14.766108845804862,443,7.0,0.6539064645767212,1170,392,188,252
278,14.766108845804862,443,2.0,0.33832791447639465,1391,170,37,23
331,14.799440919948891,444,2.0,0.4949483275413513,1332,194,37,31
425,14.799440919948891,444,7.0,0.3778430223464966,833,278,255,157
442,14.799440919948891,444,7.0,0.26724305748939514,1199,318,90,101
506,14.799440919948891,444,7.0,0.299380362033844,1179,439,181,142
513,14.799440919948891,444,7.0,0.4685467481613159,1175,386,181,249
278,14.799440919948891,444,2.0,0.3383704423904419,1394,166,37,24
331,14.83277299409292,445,2.0,0.33709144592285156,1333,192,35,29
425,14.83277299409292,445,7.0,0.23292656242847443,826,282,260,160
442,14.83277299409292,445,7.0,0.1653136909008026,1204,314,89,97
506,14.83277299409292,445,7.0,0.33902597427368164,1184,432,173,136
513,14.83277299409292,445,7.0,0.4095313847064972,1183,380,174,241
278,14.83277299409292,445,2.0,0.27900856733322144,1395,164,33,24
331,14.86610506823695,446,2.0,0.5169817805290222,1336,192,40,29
425,14.86610506823695,446,7.0,0.3588825762271881,816,286,262,160
442,14.86610506823695,446,5.0,0.14562590420246124,1209,312,90,98
506,14.86610506823695,446,7.0,0.22883182764053345,1192,426,169,130
513,14.86610506823695,446,7.0,0.254177987575531,1188,376,161,234
278,14.86610506823695,446,2.0,0.33788996934890747,1396,164,33,23
331,14.899437142380979,447,2.0,0.6252957582473755,1338,192,41,29
425,14.899437142380979,447,7.0,0.6375371217727661,805,288,265,162
442,14.899437142380979,447,5.0,0.13442255556583405,1214,308,92,97
506,14.899437142380979,447,7.0,0.34159043431282043,1199,421,166,122
513,14.899437142380979,447,7.0,0.13146765530109406,1199,391,168,189
278,14.899437142380979,447,2.0,0.3928878903388977,1396,164,36,24
331,14.932769216525008,448,2.0,0.5016000270843506,1339,190,43,29
425,14.932769216525008,448,7.0,0.5971108078956604,796,291,265,163
506,14.932769216525008,448,7.0,0.2598920464515686,1205,412,167,125
513,14.932769216525008,448,7.0,0.35586658120155334,1207,371,172,210
278,14.932769216525008,448,2.0,0.3599369525909424,1397,163,33,24
509,14.932769216525008,448,7.0,0.6354719400405884,673,683,608,497
331,14.966101290669036,449,2.0,0.4940527081489563,1340,189,44,29
425,14.966101290669036,449,7.0,0.5421387553215027,791,291,261,157
506,14.966101290669036,449,7.0,0.39346057176589966,1193,407,124,118
513,14.966101290669036,449,7.0,0.27109336853027344,1215,366,168,205
278,14.966101290669036,449,2.0,0.30969366431236267,1400,162,31,22
530,14.966101290669036,449,2.0,0.4547984302043915,88,534,156,111
509,14.966101290669036,449,7.0,0.7404666543006897,713,666,575,485
331,14.999433364813065,450,2.0,0.49763303995132446,1343,187,38,29
425,14.999433364813065,450,7.0,0.6273636817932129,784,294,261,161
506,14.999433364813065,450,7.0,0.43370556831359863,1215,404,154,117
513,14.999433364813065,450,7.0,0.16390679776668549,1221,358,165,212
278,14.999433364813065,450,2.0,0.352844774723053,1400,163,32,22
530,14.999433364813065,450,2.0,0.3312266170978546,84,541,164,114
509,14.999433364813065,450,7.0,0.7809563279151917,737,650,539,458
331,15.032765438957094,451,2.0,0.45412391424179077,1344,187,36,28
425,15.032765438957094,451,7.0,0.5252898335456848,768,302,278,166
506,15.032765438957094,451,7.0,0.15975485742092133,1226,399,163,118
513,15.032765438957094,451,7.0,0.4757932424545288,1228,352,166,209
278,15.032765438957094,451,2.0,0.34655576944351196,1402,162,32,21
509,15.032765438957094,451,7.0,0.8041723370552063,756,633,515,448
331,15.066097513101123,452,2.0,0.33190613985061646,1347,185,33,28
425,15.066097513101123,452,7.0,0.20635373890399933,761,307,291,170
506,15.066097513101123,452,7.0,0.2550302743911743,1235,391,161,119
513,15.066097513101123,452,7.0,0.5604375600814819,1236,347,160,206
278,15.066097513101123,452,2.0,0.31406348943710327,1403,161,33,20
509,15.066097513101123,452,7.0,0.8244994878768921,775,619,495,432
331,15.099429587245153,453,2.0,0.3522975444793701,1349,185,32,28
425,15.099429587245153,453,7.0,0.7050091624259949,750,311,296,176
506,15.099429587245153,453,7.0,0.19608551263809204,1240,382,157,123
513,15.099429587245153,453,7.0,0.6526224613189697,1240,343,156,201
278,15.099429587245153,453,2.0,0.2749793231487274,1403,161,31,20
509,15.099429587245153,453,7.0,0.838998556137085,793,604,473,410
331,15.132761661389182,454,2.0,0.3307628929615021,1352,184,33,28
425,15.132761661389182,454,7.0,0.7157083749771118,739,314,301,178
506,15.132761661389182,454,7.0,0.1806771606206894,1244,381,156,112
513,15.132761661389182,454,7.0,0.6310300230979919,1244,339,153,197
278,15.132761661389182,454,2.0,0.3323465883731842,1403,161,30,20
509,15.132761661389182,454,7.0,0.6439265012741089,802,595,432,384
331,15.166093735533211,455,2.0,0.1612735390663147,1354,183,32,26
425,15.166093735533211,455,7.0,0.6613694429397583,725,315,312,183
506,15.166093735533211,455,7.0,0.14099611341953278,1247,377,150,106
513,15.166093735533211,455,7.0,0.5617976188659668,1249,334,147,193
278,15.166093735533211,455,2.0,0.33347225189208984,1404,160,32,21
509,15.166093735533211,455,7.0,0.84406977891922,829,578,439,372
331,15.199425809677239,456,2.0,0.3204866349697113,1355,182,34,27
425,15.199425809677239,456,7.0,0.7223166823387146,714,320,317,186
513,15.199425809677239,456,7.0,0.5976617336273193,1254,330,146,185
278,15.199425809677239,456,2.0,0.26799240708351135,1405,160,31,20
509,15.199425809677239,456,7.0,0.8140332698822021,847,568,423,361
331,15.232757883821268,457,2.0,0.31284278631210327,1357,181,35,27
425,15.232757883821268,457,7.0,0.6498932838439941,706,316,316,174
513,15.232757883821268,457,7.0,0.5161908268928528,1259,326,146,186
278,15.232757883821268,457,2.0,0.14507275819778442,1406,161,32,19
509,15.232757883821268,457,7.0,0.7937134504318237,864,555,409,349
538,15.232757883821268,457,2.0,0.509701669216156,894,254,57,40
331,15.266089957965297,458,2.0,0.4571502208709717,1358,181,36,26
425,15.266089957965297,458,7.0,0.6464728713035583,697,319,317,176
513,15.266089957965297,458,7.0,0.40623074769973755,1264,323,143,183
278,15.266089957965297,458,2.0,0.11501867324113846,1407,160,34,20
509,15.266089957965297,458,7.0,0.7631286978721619,880,540,397,346
538,15.266089957965297,458,2.0,0.36614343523979187,892,253,60,41
331,15.299422032109327,459,2.0,0.43355464935302734,1359,181,38,27
425,15.299422032109327,459,7.0,0.8044825792312622,681,329,328,192
513,15.299422032109327,459,7.0,0.40600576996803284,1270,317,134,176
509,15.299422032109327,459,7.0,0.8522307872772217,897,521,383,352
538,15.299422032109327,459,2.0,0.2230997532606125,885,255,58,42
331,15.332754106253356,460,2.0,0.3720405399799347,1361,178,39,30
425,15.332754106253356,460,7.0,0.7305893301963806,668,335,338,201
513,15.332754106253356,460,7.0,0.22196340560913086,1273,313,130,168
509,15.332754106253356,460,7.0,0.7189434766769409,897,517,344,319
538,15.332754106253356,460,2.0,0.515830934047699,877,259,57,41
331,15.366086180397385,461,2.0,0.3039676249027252,1363,177,41,30
425,15.366086180397385,461,7.0,0.6531109809875488,652,339,353,206
513,15.366086180397385,461,7.0,0.2940894365310669,1277,312,129,163
509,15.366086180397385,461,7.0,0.7711021900177002,914,511,341,304
538,15.366086180397385,461,2.0,0.6301827430725098,871,261,62,41
331,15.399418254541414,462,2.0,0.31852468848228455,1364,176,42,31
425,15.399418254541414,462,7.0,0.7238189578056335,639,343,362,209
513,15.399418254541414,462,7.0,0.3842002749443054,1283,309,130,163
509,15.399418254541414,462,7.0,0.6310702562332153,933,500,341,298
538,15.399418254541414,462,2.0,0.5294211506843567,864,262,64,44
543,15.399418254541414,462,2.0,0.5416591167449951,624,972,261,202
331,15.432750328685444,463,2.0,0.2191801220178604,1365,176,41,31
425,15.432750328685444,463,7.0,0.7510055899620056,627,347,368,213
513,15.432750328685444,463,7.0,0.5240466594696045,1286,306,128,161
509,15.432750328685444,463,7.0,0.7919502854347229,952,486,335,293
538,15.432750328685444,463,2.0,0.445081502199173,857,265,62,42
543,15.432750328685444,463,2.0,0.3999464511871338,654,955,313,216
331,15.466082402829471,464,2.0,0.12528583407402039,1368,175,37,29
425,15.466082402829471,464,7.0,0.7524253129959106,616,353,372,217
513,15.466082402829471,464,7.0,0.4998001754283905,1290,302,125,158
509,15.466082402829471,464,7.0,0.7098609209060669,965,479,328,286
538,15.466082402829471,464,2.0,0.514229953289032,850,268,68,43
543,15.466082402829471,464,2.0,0.4792047142982483,675,926,285,208
545,15.466082402829471,464,2.0,0.3563670516014099,1260,166,35,19
331,15.4994144769735,465,2.0,0.18594259023666382,1370,173,34,31
425,15.4994144769735,465,7.0,0.7745509147644043,604,358,376,222
513,15.4994144769735,465,7.0,0.4981417953968048,1295,299,124,154
509,15.4994144769735,465,7.0,0.7090561389923096,979,471,316,278
538,15.4994144769735,465,2.0,0.45681655406951904,846,269,74,44
543,15.4994144769735,465,2.0,0.8321129679679871,713,891,236,188
545,15.4994144769735,465,2.0,0.15996119379997253,1255,165,36,20
331,15.53274655111753,466,2.0,0.15906274318695068,1372,172,31,30
425,15.53274655111753,466,7.0,0.7319711446762085,589,363,384,226
513,15.53274655111753,466,7.0,0.39989566802978516,1299,296,118,151
509,15.53274655111753,466,7.0,0.6675025224685669,991,462,308,268
538,15.53274655111753,466,2.0,0.5052330493927002,843,271,78,44
543,15.53274655111753,466,2.0,0.8396127820014954,745,864,216,184
545,15.53274655111753,466,2.0,0.16743911802768707,1245,165,47,18
331,15.566078625261559,467,2.0,0.15286163985729218,1373,170,32,29
425,15.566078625261559,467,7.0,0.6890075206756592,573,368,392,231
513,15.566078625261559,467,5.0,0.43406203389167786,1303,293,119,149
509,15.566078625261559,467,7.0,0.7193004488945007,1001,454,297,262
538,15.566078625261559,467,2.0,0.4556848704814911,839,274,85,47
543,15.566078625261559,467,2.0,0.8075199127197266,773,836,201,171
545,15.566078625261559,467,2.0,0.21964353322982788,1240,166,45,17
546,15.566078625261559,467,7.0,0.34398922324180603,1302,294,122,149
331,15.599410699405588,468,2.0,0.31665560603141785,1374,170,32,28
425,15.599410699405588,468,7.0,0.6697505116462708,561,372,398,235
513,15.599410699405588,468,7.0,0.3786100745201111,1307,290,116,146
509,15.599410699405588,468,7.0,0.76555335521698,1010,444,292,257
538,15.599410699405588,468,2.0,0.4536329507827759,826,276,72,46
543,15.599410699405588,468,2.0,0.7485015392303467,801,811,195,162
545,15.599410699405588,468,2.0,0.25993311405181885,1237,165,49,18
331,15.632742773549618,469,2.0,0.4404560923576355,1375,168,30,29
425,15.632742773549618,469,7.0,0.7420615553855896,545,377,410,239
513,15.632742773549618,469,7.0,0.3812832534313202,1307,286,109,141
509,15.632742773549618,469,7.0,0.6297782063484192,1021,440,283,253
538,15.632742773549618,469,2.0,0.4354970157146454,818,278,74,47
543,15.632742773549618,469,2.0,0.7046483755111694,829,789,200,151
545,15.632742773549618,469,2.0,0.19743795692920685,1235,165,51,19
331,15.666074847693647,470,2.0,0.4120483100414276,1376,167,30,28
425,15.666074847693647,470,7.0,0.6322544813156128,533,379,414,239
513,15.666074847693647,470,7.0,0.4399963915348053,1313,284,114,140
509,15.666074847693647,470,7.0,0.6704258322715759,1031,432,275,243
538,15.666074847693647,470,2.0,0.5438860058784485,810,281,75,49
543,15.666074847693647,470,2.0,0.8056060075759888,846,767,181,144
331,15.699406921837674,471,2.0,0.383478045463562,1377,165,30,28
425,15.699406921837674,471,7.0,0.6395661234855652,523,381,410,235
513,15.699406921837674,471,5.0,0.330199271440506,1318,280,113,137
509,15.699406921837674,471,7.0,0.5712135434150696,1035,428,255,228
538,15.699406921837674,471,2.0,0.4760741889476776,802,284,75,49
543,15.699406921837674,471,2.0,0.8191625475883484,866,746,172,139
331,15.732738995981704,472,2.0,0.45039433240890503,1378,164,30,27
425,15.732738995981704,472,7.0,0.5775042176246643,515,386,402,236
513,15.732738995981704,472,7.0,0.3309165835380554,1322,278,114,135
509,15.732738995981704,472,7.0,0.4252033531665802,1048,417,254,224
538,15.732738995981704,472,2.0,0.31162118911743164,792,288,71,47
543,15.732738995981704,472,2.0,0.8016855716705322,888,726,167,134
331,15.766071070125733,473,2.0,0.4880048334598541,1378,164,30,25
425,15.766071070125733,473,5.0,0.5714644193649292,507,392,396,243
513,15.766071070125733,473,7.0,0.454373836517334,1325,276,113,134
509,15.766071070125733,473,7.0,0.551007091999054,1041,419,214,201
538,15.766071070125733,473,2.0,0.4956701695919037,783,290,74,48
543,15.766071070125733,473,2.0,0.8197354078292847,905,709,159,127
558,15.766071070125733,473,7.0,0.42401179671287537,511,394,391,247
331,15.799403144269762,474,2.0,0.5829070806503296,1379,164,31,24
425,15.799403144269762,474,7.0,0.489118367433548,500,389,389,229
513,15.799403144269762,474,7.0,0.6328020095825195,1328,273,111,131
509,15.799403144269762,474,7.0,0.4658454656600952,1048,417,196,191
538,15.799403144269762,474,2.0,0.38563627004623413,777,291,76,48
543,15.799403144269762,474,2.0,0.8014796376228333,923,691,153,130
558,15.799403144269762,474,5.0,0.6679984331130981,504,387,384,229
331,15.832735218413792,475,2.0,0.5072326064109802,1381,163,31,24
425,15.832735218413792,475,5.0,0.4703659415245056,494,389,377,224
513,15.832735218413792,475,7.0,0.6220192909240723,1331,269,109,130
509,15.832735218413792,475,7.0,0.40668800473213196,1057,410,188,184
538,15.832735218413792,475,2.0,0.24996626377105713,767,295,74,50
543,15.832735218413792,475,2.0,0.8187210559844971,940,675,150,126
558,15.832735218413792,475,7.0,0.4743272364139557,496,385,373,217
331,15.86606729255782,476,2.0,0.4541459083557129,1381,162,32,23
425,15.86606729255782,476,5.0,0.5927872061729431,488,397,362,234
513,15.86606729255782,476,7.0,0.6506179571151733,1333,267,105,128
509,15.86606729255782,476,7.0,0.5629908442497253,1082,395,221,200
538,15.86606729255782,476,2.0,0.2326670140028,756,298,71,51
543,15.86606729255782,476,2.0,0.696751594543457,959,661,157,123
558,15.86606729255782,476,7.0,0.4620167016983032,490,396,357,231
331,15.89939936670185,477,2.0,0.6016818284988403,1383,162,34,22
425,15.89939936670185,477,7.0,0.4490436613559723,482,399,349,228
513,15.89939936670185,477,7.0,0.5695096850395203,1334,264,102,124
509,15.89939936670185,477,7.0,0.4511333405971527,1099,389,236,203
538,15.89939936670185,477,2.0,0.4866800904273987,749,302,74,50
543,15.89939936670185,477,2.0,0.6545940041542053,979,647,159,119
558,15.89939936670185,477,5.0,0.7006868124008179,484,397,344,229
331,15.932731440845878,478,2.0,0.4881737530231476,1385,162,35,22
425,15.932731440845878,478,7.0,0.41074198484420776,478,405,334,230
513,15.932731440845878,478,7.0,0.5616869926452637,1338,262,103,123
509,15.932731440845878,478,7.0,0.5854858756065369,1108,382,235,199
538,15.932731440845878,478,2.0,0.5322695970535278,739,305,73,53
543,15.932731440845878,478,2.0,0.7529837489128113,987,632,141,110
558,15.932731440845878,478,5.0,0.4446989893913269,481,401,328,230
331,15.966063514989907,479,2.0,0.28411781787872314,1386,161,37,23
425,15.966063514989907,479,5.0,0.2083670198917389,471,399,322,209
513,15.966063514989907,479,7.0,0.4841799736022949,1342,261,104,122
509,15.966063514989907,479,7.0,0.2696627974510193,1121,377,243,193
538,15.966063514989907,479,2.0,0.3920092284679413,729,308,74,55
543,15.966063514989907,479,2.0,0.7308884859085083,1008,618,151,106
558,15.966063514989907,479,7.0,0.3218108117580414,473,398,316,209
565,15.966063514989907,479,2.0,0.34476396441459656,1254,148,32,30
331,15.999395589133936,480,2.0,0.14450006186962128,1391,160,33,24
425,15.999395589133936,480,5.0,0.26497846841812134,464,400,309,205
513,15.999395589133936,480,7.0,0.5334347486495972,1345,260,101,121
509,15.999395589133936,480,7.0,0.16377665102481842,1108,378,193,175
538,15.999395589133936,480,2.0,0.5217738747596741,722,311,78,53
543,15.999395589133936,480,2.0,0.7392294406890869,1028,605,159,108
558,15.999395589133936,480,7.0,0.3490404784679413,467,399,304,207
565,15.999395589133936,480,2.0,0.27401506900787354,1253,149,32,30
331,16.032727663277967,481,2.0,0.3115720748901367,1392,160,33,23
513,16.032727663277967,481,7.0,0.49156004190444946,1348,258,98,120
509,16.032727663277967,481,7.0,0.42404699325561523,1118,366,176,157
538,16.032727663277967,481,2.0,0.523320198059082,715,313,85,53
543,16.032727663277967,481,2.0,0.8125848770141602,1043,593,157,106
565,16.032727663277967,481,2.0,0.2392781674861908,1252,150,32,31
331,16.066059737421995,482,2.0,0.33963894844055176,1393,159,31,23
513,16.066059737421995,482,7.0,0.5419865250587463,1349,256,96,118
509,16.066059737421995,482,7.0,0.44944170117378235,1118,361,155,147
538,16.066059737421995,482,2.0,0.3001364469528198,706,314,89,55
543,16.066059737421995,482,2.0,0.7035025358200073,1050,582,147,100
425,16.066059737421995,482,7.0,0.27228960394859314,451,405,284,197
331,16.099391811566022,483,2.0,0.12386070936918259,1394,160,31,22
513,16.099391811566022,483,7.0,0.4817776381969452,1351,255,95,114
509,16.099391811566022,483,7.0,0.5205655694007874,1117,362,149,157
538,16.099391811566022,483,2.0,0.35271894931793213,699,317,97,57
543,16.099391811566022,483,2.0,0.7107085585594177,1058,570,135,96
425,16.099391811566022,483,7.0,0.2952485680580139,443,409,268,197
331,16.132723885710053,484,2.0,0.14597046375274658,1396,159,29,21
513,16.132723885710053,484,7.0,0.5670864582061768,1354,257,96,102
509,16.132723885710053,484,7.0,0.20717789232730865,1137,353,173,157
538,16.132723885710053,484,2.0,0.3618737757205963,684,322,85,55
543,16.132723885710053,484,2.0,0.7577115297317505,1072,560,135,92
579,16.132723885710053,484,2.0,0.6581725478172302,534,822,289,236
580,16.132723885710053,484,2.0,0.5569515228271484,85,531,171,185
331,16.16605595985408,485,2.0,0.17052781581878662,1397,159,30,22
513,16.16605595985408,485,7.0,0.42256444692611694,1356,254,96,100
509,16.16605595985408,485,7.0,0.32719892263412476,1142,353,170,152
538,16.16605595985408,485,2.0,0.4512542486190796,672,326,84,55
543,16.16605595985408,485,2.0,0.7439248561859131,1079,549,125,90
579,16.16605595985408,485,7.0,0.21588413417339325,565,794,277,217
580,16.16605595985408,485,2.0,0.43024274706840515,84,537,168,181
584,16.16605595985408,485,2.0,0.37575793266296387,1200,183,49,26
331,16.199388033998112,486,2.0,0.11466550081968307,1397,158,29,22
513,16.199388033998112,486,7.0,0.4902375638484955,1359,249,96,104
509,16.199388033998112,486,7.0,0.599750280380249,1153,347,174,157
538,16.199388033998112,486,2.0,0.4397512972354889,663,331,90,56
543,16.199388033998112,486,2.0,0.7111267447471619,1088,538,120,85
579,16.199388033998112,486,2.0,0.3253365457057953,599,769,264,209
580,16.199388033998112,486,2.0,0.3755778670310974,79,544,157,184
584,16.199388033998112,486,2.0,0.36063066124916077,1199,184,47,25
513,16.23272010814214,487,7.0,0.3724343180656433,1361,249,94,99
509,16.23272010814214,487,7.0,0.6368513107299805,1159,343,172,156
538,16.23272010814214,487,2.0,0.2901608943939209,657,333,102,60
543,16.23272010814214,487,2.0,0.7460797429084778,1105,529,129,84
579,16.23272010814214,487,2.0,0.47635555267333984,630,743,253,194
584,16.23272010814214,487,2.0,0.417429655790329,1195,184,49,25
565,16.23272010814214,487,2.0,0.4052089750766754,1237,150,32,29
513,16.26605218228617,488,7.0,0.4320308268070221,1363,248,93,97
509,16.26605218228617,488,7.0,0.33262553811073303,1160,342,154,149
538,16.26605218228617,488,2.0,0.13363754749298096,645,337,99,61
543,16.26605218228617,488,2.0,0.7344122529029846,1117,519,130,87
579,16.26605218228617,488,2.0,0.4109836518764496,657,720,243,182
584,16.26605218228617,488,2.0,0.4512714743614197,1190,186,51,24
593,16.26605218228617,488,7.0,0.44057971239089966,1019,232,150,78
565,16.26605218228617,488,2.0,0.3152754604816437,1235,150,30,31
513,16.299384256430198,489,7.0,0.44693857431411743,1367,255,94,77
509,16.299384256430198,489,7.0,0.44014257192611694,1162,339,145,144
538,16.299384256430198,489,2.0,0.3010779917240143,631,340,93,62
543,16.299384256430198,489,2.0,0.7346054315567017,1123,509,121,84
579,16.299384256430198,489,2.0,0.6668210625648499,683,700,231,176
584,16.299384256430198,489,2.0,0.45887693762779236,1188,187,53,26
593,16.299384256430198,489,7.0,0.20338532328605652,1013,235,144,73
565,16.299384256430198,489,2.0,0.3103677034378052,1235,151,31,29
513,16.332716330574225,490,7.0,0.47270864248275757,1370,245,95,91
509,16.332716330574225,490,7.0,0.2862261235713959,1168,333,142,143
538,16.332716330574225,490,2.0,0.3954348564147949,619,344,96,63
543,16.332716330574225,490,2.0,0.5602017045021057,1129,500,112,81
579,16.332716330574225,490,2.0,0.7732897996902466,709,683,222,175
584,16.332716330574225,490,2.0,0.37167587876319885,1185,188,51,25
593,16.332716330574225,490,7.0,0.19790533185005188,1011,238,149,71
565,16.332716330574225,490,2.0,0.15888753533363342,1234,152,32,30
580,16.332716330574225,490,7.0,0.3196471035480499,84,548,168,189
513,16.366048404718256,491,7.0,0.3794316351413727,1372,241,94,97
509,16.366048404718256,491,7.0,0.4991011619567871,1169,331,135,136
538,16.366048404718256,491,2.0,0.41841956973075867,605,350,91,60
543,16.366048404718256,491,2.0,0.672918438911438,1137,493,111,79
579,16.366048404718256,491,2.0,0.7216307520866394,733,667,214,171
584,16.366048404718256,491,2.0,0.4170224368572235,1185,188,49,26
593,16.366048404718256,491,7.0,0.1530008614063263,1006,240,154,73
565,16.366048404718256,491,2.0,0.17948223650455475,1233,153,34,33
513,16.399380478862284,492,7.0,0.39459818601608276,1374,241,94,94
509,16.399380478862284,492,7.0,0.37244880199432373,1175,328,133,133
538,16.399380478862284,492,2.0,0.5101085305213928,595,353,98,65
543,16.399380478862284,492,2.0,0.648273229598999,1147,483,108,76
579,16.399380478862284,492,2.0,0.5893378853797913,755,647,207,158
584,16.399380478862284,492,2.0,0.4291022717952728,1181,189,52,28
593,16.399380478862284,492,7.0,0.20261123776435852,1000,243,158,74
565,16.399380478862284,492,2.0,0.1626027524471283,1231,153,35,34
513,16.432712553006315,493,7.0,0.4656195342540741,1370,234,82,100
538,16.432712553006315,493,2.0,0.4645514488220215,581,359,96,64
543,16.432712553006315,493,2.0,0.7426815629005432,1158,476,112,75
579,16.432712553006315,493,2.0,0.6992151141166687,779,634,203,160
584,16.432712553006315,493,2.0,0.44284072518348694,1179,190,50,29
593,16.432712553006315,493,7.0,0.13223929703235626,995,245,158,75
565,16.432712553006315,493,2.0,0.17610053718090057,1229,155,35,30
513,16.466044627150342,494,7.0,0.48073458671569824,1376,231,90,101
538,16.466044627150342,494,2.0,0.32825788855552673,573,363,107,64
543,16.466044627150342,494,2.0,0.7332545518875122,1165,468,106,71
579,16.466044627150342,494,2.0,0.6986138820648193,800,617,197,151
584,16.466044627150342,494,2.0,0.4571182429790497,1176,192,49,29
565,16.466044627150342,494,2.0,0.18038171529769897,1228,157,37,29
509,16.466044627150342,494,7.0,0.28690698742866516,1197,318,148,132
513,16.499376701294374,495,7.0,0.48328879475593567,1379,229,92,101
538,16.499376701294374,495,2.0,0.37643706798553467,554,366,100,64
543,16.499376701294374,495,2.0,0.724346935749054,1170,460,102,69
579,16.499376701294374,495,2.0,0.7160811424255371,820,603,191,150
584,16.499376701294374,495,2.0,0.43210718035697937,1172,194,50,30
565,16.499376701294374,495,2.0,0.11871445178985596,1226,158,34,27
509,16.499376701294374,495,7.0,0.5068922638893127,1205,313,155,136
513,16.5327087754384,496,7.0,0.4932686686515808,1382,228,91,101
538,16.5327087754384,496,2.0,0.30924469232559204,549,368,115,66
543,16.5327087754384,496,2.0,0.613019585609436,1173,451,92,71
579,16.5327087754384,496,2.0,0.5861915946006775,838,593,187,150
584,16.5327087754384,496,2.0,0.5032233595848083,1170,196,53,31
565,16.5327087754384,496,2.0,0.11350846290588379,1225,158,38,30
509,16.5327087754384,496,7.0,0.30070146918296814,1211,310,154,135
513,16.56604084958243,497,7.0,0.45296385884284973,1383,226,91,100
538,16.56604084958243,497,2.0,0.4711027443408966,531,375,107,66
543,16.56604084958243,497,2.0,0.6853305101394653,1186,446,103,72
579,16.56604084958243,497,2.0,0.748123049736023,854,580,179,147
584,16.56604084958243,497,2.0,0.4473079741001129,1166,197,53,32
565,16.56604084958243,497,2.0,0.11732035130262375,1223,158,37,30
509,16.56604084958243,497,7.0,0.26205766201019287,1213,307,146,133
593,16.56604084958243,497,7.0,0.3028932511806488,972,253,175,81
513,16.59937292372646,498,7.0,0.4082401394844055,1386,235,88,78
538,16.59937292372646,498,2.0,0.5932243466377258,522,379,118,69
543,16.59937292372646,498,2.0,0.6598262786865234,1190,438,92,67
579,16.59937292372646,498,2.0,0.7145142555236816,871,566,174,143
584,16.59937292372646,498,2.0,0.5578979849815369,1163,198,51,32
565,16.59937292372646,498,2.0,0.10104015469551086,1224,158,43,32
509,16.59937292372646,498,7.0,0.29533469676971436,1222,298,150,127
593,16.59937292372646,498,7.0,0.2442748099565506,967,256,179,81
513,16.632704997870487,499,7.0,0.24660331010818481,1387,238,87,65
538,16.632704997870487,499,2.0,0.4190114736557007,513,384,129,69
543,16.632704997870487,499,2.0,0.6707877516746521,1196,431,90,65
579,16.632704997870487,499,2.0,0.7700861096382141,887,553,167,135
584,16.632704997870487,499,2.0,0.3793882429599762,1159,199,50,32
509,16.632704997870487,499,7.0,0.5146802067756653,1229,293,147,122
593,16.632704997870487,499,7.0,0.15858685970306396,963,261,183,76
513,16.666037072014518,500,7.0,0.20971234142780304,1387,236,89,64
538,16.666037072014518,500,2.0,0.2187732607126236,488,390,111,72
543,16.666037072014518,500,2.0,0.6843579411506653,1205,424,91,68
579,16.666037072014518,500,2.0,0.7954388856887817,903,543,160,133
584,16.666037072014518,500,2.0,0.46600115299224854,1158,201,50,32
509,16.666037072014518,500,7.0,0.4582189619541168,1233,291,143,123
593,16.666037072014518,500,7.0,0.21960477530956268,959,261,187,78
513,16.699369146158546,501,7.0,0.3110688626766205,1388,227,87,78
538,16.699369146158546,501,2.0,0.42082738876342773,468,397,104,70
543,16.699369146158546,501,2.0,0.6361260414123535,1213,420,94,69
579,16.699369146158546,501,2.0,0.7911608219146729,917,532,156,129
584,16.699369146158546,501,2.0,0.3156970143318176,1153,201,50,31
509,16.699369146158546,501,7.0,0.3109060227870941,1240,288,141,120
513,16.732701220302577,502,7.0,0.27740567922592163,1390,222,87,87
538,16.732701220302577,502,2.0,0.4164063334465027,457,401,116,76
543,16.732701220302577,502,2.0,0.5594282746315002,1215,413,87,64
579,16.732701220302577,502,2.0,0.7583612203598022,931,519,154,129
584,16.732701220302577,502,2.0,0.30964207649230957,1150,204,50,31
509,16.732701220302577,502,7.0,0.5735909342765808,1243,287,139,121
513,16.766033294446604,503,7.0,0.27683407068252563,1391,221,87,82
538,16.766033294446604,503,7.0,0.14755038917064667,443,405,121,79
543,16.766033294446604,503,2.0,0.5886457562446594,1218,407,78,62
579,16.766033294446604,503,2.0,0.7239752411842346,945,510,148,125
584,16.766033294446604,503,2.0,0.2931821048259735,1146,205,48,32
509,16.766033294446604,503,7.0,0.5600952506065369,1251,285,143,120
593,16.766033294446604,503,7.0,0.4464656710624695,940,267,190,82
513,16.79936536859063,504,7.0,0.29279688000679016,1394,216,88,85
538,16.79936536859063,504,7.0,0.2013881951570511,432,411,136,77
543,16.79936536859063,504,2.0,0.6339346766471863,1224,402,74,60
579,16.79936536859063,504,2.0,0.5430320501327515,958,502,143,125
584,16.79936536859063,504,2.0,0.4231879711151123,1143,206,49,32
509,16.79936536859063,504,7.0,0.2962900400161743,1254,284,143,116
593,16.79936536859063,504,7.0,0.5114632844924927,934,269,190,85
513,16.832697442734663,505,7.0,0.3617521822452545,1395,216,82,77
538,16.832697442734663,505,7.0,0.14342397451400757,420,417,145,78
543,16.832697442734663,505,2.0,0.5506901741027832,1230,395,75,60
579,16.832697442734663,505,2.0,0.6694502830505371,971,490,139,117
584,16.832697442734663,505,2.0,0.5312409400939941,1139,207,49,33
509,16.832697442734663,505,7.0,0.5656697154045105,1253,283,137,114
593,16.832697442734663,505,7.0,0.47115883231163025,930,269,192,86
580,16.832697442734663,505,7.0,0.3586428761482239,69,548,137,212
513,16.86602951687869,506,7.0,0.10871298611164093,1398,220,83,65
538,16.86602951687869,506,2.0,0.27322542667388916,404,422,150,81
543,16.86602951687869,506,2.0,0.6732459664344788,1235,389,73,58
579,16.86602951687869,506,2.0,0.8351829648017883,983,481,136,114
584,16.86602951687869,506,2.0,0.5940561890602112,1136,208,48,34
509,16.86602951687869,506,7.0,0.2675778269767761,1261,281,139,114
593,16.86602951687869,506,7.0,0.4554150104522705,920,272,195,87
580,16.86602951687869,506,2.0,0.4694269001483917,57,552,113,212
513,16.89936159102272,507,2.0,0.3335954248905182,1400,225,81,53
538,16.89936159102272,507,2.0,0.345475435256958,376,427,122,81
543,16.89936159102272,507,2.0,0.6922780275344849,1243,385,78,60
579,16.89936159102272,507,2.0,0.6633389592170715,995,474,133,113
584,16.89936159102272,507,2.0,0.5674538016319275,1133,210,48,31
509,16.89936159102272,507,7.0,0.3654991388320923,1269,277,147,116
593,16.89936159102272,507,7.0,0.4627836048603058,913,274,196,89
580,16.89936159102272,507,7.0,0.32550758123397827,42,554,84,197
513,16.93269366516675,508,2.0,0.21542924642562866,1402,222,83,56
538,16.93269366516675,508,2.0,0.4591730237007141,357,430,96,72
543,16.93269366516675,508,2.0,0.6610432863235474,1247,381,75,59
579,16.93269366516675,508,2.0,0.6608280539512634,1007,466,130,117
584,16.93269366516675,508,2.0,0.656230092048645,1129,211,47,33
509,16.93269366516675,508,7.0,0.3525819778442383,1272,274,146,114
593,16.93269366516675,508,7.0,0.6219446063041687,906,276,201,92
513,16.96602573931078,509,2.0,0.34810131788253784,1404,224,79,51
538,16.96602573931078,509,2.0,0.4341147541999817,346,433,74,66
543,16.96602573931078,509,2.0,0.6665551066398621,1254,377,80,59
579,16.96602573931078,509,2.0,0.6987646222114563,1017,458,127,114
584,16.96602573931078,509,2.0,0.6250908374786377,1125,212,48,34
509,16.96602573931078,509,7.0,0.45434805750846863,1277,271,145,112
593,16.96602573931078,509,7.0,0.5386431217193604,898,277,207,94
513,16.999357813454807,510,2.0,0.3950803577899933,1402,224,70,46
543,16.999357813454807,510,2.0,0.6121711134910583,1258,372,79,56
579,16.999357813454807,510,2.0,0.7155088186264038,1027,449,125,108
584,16.999357813454807,510,2.0,0.6555806994438171,1122,212,49,36
509,16.999357813454807,510,7.0,0.3297543525695801,1278,269,139,113
593,16.999357813454807,510,7.0,0.4433506727218628,892,280,207,91
513,17.032689887598835,511,2.0,0.2628113329410553,1406,223,74,46
543,17.032689887598835,511,2.0,0.5742712020874023,1263,367,78,52
579,17.032689887598835,511,2.0,0.6567939519882202,1037,442,122,104
584,17.032689887598835,511,2.0,0.6608124375343323,1118,214,51,39
509,17.032689887598835,511,7.0,0.26531460881233215,1280,268,133,112
593,17.032689887598835,511,7.0,0.49653634428977966,885,282,212,96
513,17.066021961742866,512,2.0,0.330173522233963,1405,220,70,49
543,17.066021961742866,512,2.0,0.7105396389961243,1267,360,73,54
579,17.066021961742866,512,2.0,0.3879477381706238,1047,436,119,104
584,17.066021961742866,512,2.0,0.651315450668335,1113,215,50,41
509,17.066021961742866,512,7.0,0.14182527363300323,1285,266,130,109
593,17.066021961742866,512,7.0,0.36928966641426086,879,285,216,98
513,17.099354035886893,513,2.0,0.1548328995704651,1407,216,71,54
543,17.099354035886893,513,2.0,0.754900336265564,1273,357,71,54
579,17.099354035886893,513,2.0,0.4638625979423523,1057,431,116,106
584,17.099354035886893,513,2.0,0.6857472658157349,1109,217,51,42
509,17.099354035886893,513,7.0,0.23414406180381775,1287,262,128,105
593,17.099354035886893,513,7.0,0.39363694190979004,872,286,222,102
513,17.132686110030924,514,2.0,0.12539342045783997,1410,218,73,48
543,17.132686110030924,514,2.0,0.6650658845901489,1273,355,65,55
579,17.132686110030924,514,7.0,0.3834775984287262,1066,424,113,105
584,17.132686110030924,514,2.0,0.5546622276306152,1105,217,51,44
509,17.132686110030924,514,7.0,0.4560037851333618,1286,259,120,107
593,17.132686110030924,514,7.0,0.4630786180496216,863,290,225,108
650,17.132686110030924,514,2.0,0.45237594842910767,948,188,54,25
513,17.166018184174952,515,2.0,0.16941151022911072,1402,214,57,45
543,17.166018184174952,515,2.0,0.5982996225357056,1283,350,75,53
579,17.166018184174952,515,2.0,0.4465833008289337,1075,418,109,99
584,17.166018184174952,515,2.0,0.5101833343505859,1101,219,50,43
509,17.166018184174952,515,7.0,0.3828345537185669,1290,255,116,111
593,17.166018184174952,515,7.0,0.5514029264450073,856,293,231,109
650,17.166018184174952,515,2.0,0.18156513571739197,943,187,46,24
513,17.199350258318983,516,2.0,0.16401411592960358,1400,213,46,42
543,17.199350258318983,516,2.0,0.5395355224609375,1286,344,73,55
579,17.199350258318983,516,2.0,0.5346229076385498,1084,409,108,98
584,17.199350258318983,516,2.0,0.5892822742462158,1098,220,51,43
593,17.199350258318983,516,7.0,0.42351067066192627,850,296,234,110
650,17.199350258318983,516,2.0,0.23029877245426178,939,188,50,23
513,17.23268233246301,517,2.0,0.11006760597229004,1402,210,39,43
543,17.23268233246301,517,2.0,0.7127612233161926,1293,340,75,54
579,17.23268233246301,517,2.0,0.6105087995529175,1092,404,105,97
584,17.23268233246301,517,2.0,0.6905529499053955,1092,221,49,44
593,17.23268233246301,517,7.0,0.5245799422264099,842,297,237,112
650,17.23268233246301,517,2.0,0.20636609196662903,938,188,40,23
658,17.23268233246301,517,2.0,0.5038808584213257,129,516,72,61
659,17.23268233246301,517,2.0,0.4205859303474426,1176,173,44,32
513,17.266014406607038,518,2.0,0.21657264232635498,1403,206,37,41
543,17.266014406607038,518,2.0,0.6489138603210449,1297,337,73,53
579,17.266014406607038,518,2.0,0.5190175771713257,1100,399,105,96
584,17.266014406607038,518,2.0,0.5788620710372925,1089,222,48,46
593,17.266014406607038,518,7.0,0.33078378438949585,835,302,241,112
650,17.266014406607038,518,2.0,0.12164071202278137,935,189,40,21
658,17.266014406607038,518,2.0,0.6485089659690857,119,513,96,84
659,17.266014406607038,518,2.0,0.3942474126815796,1172,174,40,31
543,17.29934648075107,519,2.0,0.716509222984314,1299,333,71,52
579,17.29934648075107,519,2.0,0.5905458331108093,1109,392,104,94
584,17.29934648075107,519,2.0,0.6360942125320435,1084,223,48,48
593,17.29934648075107,519,7.0,0.16993483901023865,827,302,243,109
658,17.29934648075107,519,2.0,0.7875076532363892,106,516,124,96
659,17.29934648075107,519,2.0,0.35323622822761536,1169,175,41,33
543,17.332678554895097,520,2.0,0.7043023705482483,1301,331,70,49
579,17.332678554895097,520,2.0,0.6245529651641846,1117,388,99,91
584,17.332678554895097,520,2.0,0.3336312472820282,1080,224,48,51
593,17.332678554895097,520,7.0,0.3330239951610565,821,302,242,113
658,17.332678554895097,520,2.0,0.690962016582489,91,522,150,101
659,17.332678554895097,520,2.0,0.23285125195980072,1168,175,41,34
663,17.332678554895097,520,2.0,0.6223674416542053,625,939,248,189
665,17.332678554895097,520,2.0,0.4970598816871643,914,193,51,27
543,17.366010629039128,521,2.0,0.6548311114311218,1303,327,65,47
579,17.366010629039128,521,2.0,0.6483210921287537,1123,381,97,90
584,17.366010629039128,521,2.0,0.5278385281562805,1076,226,49,50
593,17.366010629039128,521,7.0,0.3505796492099762,815,305,245,120
658,17.366010629039128,521,2.0,0.6946818828582764,70,530,139,102
659,17.366010629039128,521,2.0,0.17310179769992828,1165,175,39,35
663,17.366010629039128,521,2.0,0.7631826400756836,651,922,244,197
665,17.366010629039128,521,2.0,0.49092820286750793,909,193,55,28
543,17.399342703183155,522,2.0,0.722050130367279,1308,324,65,46
579,17.399342703183155,522,2.0,0.42992013692855835,1130,376,95,86
584,17.399342703183155,522,2.0,0.36487963795661926,1073,228,51,49
593,17.399342703183155,522,7.0,0.38542798161506653,807,307,252,126
658,17.399342703183155,522,2.0,0.4550129473209381,78,533,156,94
659,17.399342703183155,522,2.0,0.13302087783813477,1166,177,42,37
663,17.399342703183155,522,2.0,0.7820973992347717,684,891,231,184
665,17.399342703183155,522,2.0,0.4825810492038727,905,192,57,28
543,17.432674777327186,523,2.0,0.6087648868560791,1314,321,68,48
579,17.432674777327186,523,2.0,0.6072733998298645,1138,371,93,86
584,17.432674777327186,523,2.0,0.4465828537940979,1068,230,51,52
593,17.432674777327186,523,7.0,0.3462054431438446,796,311,266,127
659,17.432674777327186,523,2.0,0.14181795716285706,1162,180,36,34
663,17.432674777327186,523,2.0,0.4838305711746216,717,862,220,180
665,17.432674777327186,523,2.0,0.2653878331184387,899,193,56,28
668,17.432674777327186,523,2.0,0.5553591847419739,37,541,74,79
543,17.466006851471214,524,2.0,0.5596381425857544,1317,318,64,45
579,17.466006851471214,524,2.0,0.2693088948726654,1145,367,94,86
584,17.466006851471214,524,2.0,0.5930507779121399,1063,232,51,51
593,17.466006851471214,524,7.0,0.235626220703125,787,313,264,119
659,17.466006851471214,524,2.0,0.182245671749115,1159,181,38,33
663,17.466006851471214,524,2.0,0.7409065961837769,745,835,212,166
665,17.466006851471214,524,2.0,0.30859604477882385,894,195,59,30
543,17.499338925615245,525,2.0,0.6272486448287964,1319,315,64,46
579,17.499338925615245,525,2.0,0.2898930311203003,1152,363,91,83
584,17.499338925615245,525,2.0,0.6260875463485718,1058,234,50,50
593,17.499338925615245,525,7.0,0.14540937542915344,776,316,271,118
659,17.499338925615245,525,2.0,0.10735263675451279,1156,183,39,33
663,17.499338925615245,525,2.0,0.635934591293335,773,809,205,152
665,17.499338925615245,525,2.0,0.2304944097995758,887,197,60,29
672,17.499338925615245,525,7.0,0.45469042658805847,1867,610,103,151
543,17.532670999759272,526,2.0,0.7188448309898376,1322,312,62,45
579,17.532670999759272,526,2.0,0.43018361926078796,1159,358,92,82
584,17.532670999759272,526,2.0,0.6130062341690063,1051,236,51,49
659,17.532670999759272,526,2.0,0.1147620752453804,1153,186,41,31
663,17.532670999759272,526,2.0,0.8579962849617004,795,785,195,147
665,17.532670999759272,526,2.0,0.26731905341148376,880,198,57,31
672,17.532670999759272,526,7.0,0.3817076086997986,1862,606,114,164
543,17.5660030739033,527,2.0,0.6973100900650024,1324,307,59,44
579,17.5660030739033,527,7.0,0.3113509714603424,1166,353,90,83
584,17.5660030739033,527,2.0,0.6683566570281982,1046,239,50,50
659,17.5660030739033,527,2.0,0.44164007902145386,1149,186,41,31
663,17.5660030739033,527,2.0,0.7111530303955078,819,766,186,142
665,17.5660030739033,527,2.0,0.1452791839838028,874,199,57,28
672,17.5660030739033,527,7.0,0.3414403200149536,1855,603,127,174
543,17.59933514804733,528,2.0,0.6764249801635742,1328,304,60,45
579,17.59933514804733,528,7.0,0.3660159409046173,1178,350,102,84
584,17.59933514804733,528,2.0,0.47962385416030884,1041,240,54,53
659,17.59933514804733,528,2.0,0.3023846447467804,1143,188,34,29
663,17.59933514804733,528,2.0,0.8196450471878052,844,743,179,140
665,17.59933514804733,528,2.0,0.25327005982398987,868,200,54,27
672,17.59933514804733,528,7.0,0.5030908584594727,1849,600,139,189
543,17.63266722219136,529,2.0,0.6951396465301514,1331,301,59,45
579,17.63266722219136,529,7.0,0.4303264319896698,1179,345,89,79
584,17.63266722219136,529,2.0,0.4893423616886139,1037,242,55,53
659,17.63266722219136,529,2.0,0.21973194181919098,1139,189,32,31
663,17.63266722219136,529,2.0,0.8265137672424316,865,721,172,128
665,17.63266722219136,529,2.0,0.35002487897872925,862,200,55,27
672,17.63266722219136,529,7.0,0.5768774747848511,1843,595,150,199
543,17.66599929633539,530,2.0,0.6317822337150574,1334,297,56,46
579,17.66599929633539,530,7.0,0.36202287673950195,1183,341,84,77
584,17.66599929633539,530,2.0,0.4653174877166748,1032,244,58,55
659,17.66599929633539,530,2.0,0.28003206849098206,1137,188,35,32
663,17.66599929633539,530,2.0,0.7721093893051147,886,702,169,121
665,17.66599929633539,530,2.0,0.41931048035621643,855,202,56,30
672,17.66599929633539,530,7.0,0.5673851370811462,1838,591,162,209
593,17.66599929633539,530,7.0,0.27980849146842957,724,334,291,133
543,17.699331370479417,531,2.0,0.6318157315254211,1336,294,56,45
579,17.699331370479417,531,7.0,0.3705107271671295,1188,336,83,75
584,17.699331370479417,531,2.0,0.47908928990364075,1027,245,59,57
659,17.699331370479417,531,2.0,0.13338179886341095,1133,192,33,28
663,17.699331370479417,531,2.0,0.7995821833610535,905,683,162,126
665,17.699331370479417,531,2.0,0.11358966678380966,854,202,50,28
672,17.699331370479417,531,7.0,0.5447193384170532,1833,588,173,224
685,17.699331370479417,531,7.0,0.38237857818603516,636,353,140,87
686,17.699331370479417,531,2.0,0.36400866508483887,1414,174,44,42
593,17.699331370479417,531,7.0,0.2344752997159958,714,336,300,131
543,17.732663444623448,532,2.0,0.43304911255836487,1337,291,52,41
579,17.732663444623448,532,7.0,0.3793393075466156,1194,333,79,75
584,17.732663444623448,532,2.0,0.5645552277565002,1020,251,62,54
659,17.732663444623448,532,2.0,0.14051824808120728,1132,195,38,30
663,17.732663444623448,532,2.0,0.8086085915565491,921,666,156,115
672,17.732663444623448,532,7.0,0.29298314452171326,1827,579,184,226
685,17.732663444623448,532,7.0,0.20720970630645752,629,364,157,102
686,17.732663444623448,532,2.0,0.36217090487480164,1420,178,53,52
593,17.732663444623448,532,7.0,0.3702297508716583,705,343,311,140
543,17.765995518767475,533,2.0,0.3768020272254944,1339,288,50,38
579,17.765995518767475,533,2.0,0.46384453773498535,1208,330,98,74
584,17.765995518767475,533,2.0,0.5898222923278809,1017,251,65,59
659,17.765995518767475,533,2.0,0.14569105207920074,1128,194,41,33
663,17.765995518767475,533,2.0,0.6815392971038818,941,653,154,116
672,17.765995518767475,533,7.0,0.20544467866420746,1822,571,194,223
685,17.765995518767475,533,7.0,0.3387599587440491,613,368,138,105
686,17.765995518767475,533,2.0,0.3999979496002197,1426,182,61,55
593,17.765995518767475,533,7.0,0.17388015985488892,697,347,312,140
543,17.799327592911503,534,2.0,0.6188404560089111,1342,287,51,38
579,17.799327592911503,534,2.0,0.17484119534492493,1213,329,97,75
584,17.799327592911503,534,2.0,0.541706919670105,1009,255,65,59
659,17.799327592911503,534,2.0,0.2826147973537445,1126,194,42,32
663,17.799327592911503,534,2.0,0.7927868962287903,955,638,151,109
672,17.799327592911503,534,7.0,0.699935257434845,1817,561,204,217
685,17.799327592911503,534,7.0,0.39912688732147217,595,375,148,108
686,17.799327592911503,534,2.0,0.4196535348892212,1425,181,61,56
593,17.799327592911503,534,7.0,0.2872854769229889,683,352,324,148
543,17.832659667055534,535,2.0,0.6133385300636292,1346,284,52,37
579,17.832659667055534,535,7.0,0.22446127235889435,1211,324,83,73
584,17.832659667055534,535,2.0,0.59051913022995,1004,257,65,60
663,17.832659667055534,535,2.0,0.7325887084007263,970,622,144,103
672,17.832659667055534,535,7.0,0.3606506586074829,1812,552,213,216
685,17.832659667055534,535,7.0,0.4817514419555664,581,380,150,105
686,17.832659667055534,535,2.0,0.3540768027305603,1426,180,60,55
593,17.832659667055534,535,7.0,0.21257470548152924,671,357,329,153
665,17.832659667055534,535,2.0,0.3906399607658386,824,208,61,28
543,17.86599174119956,536,2.0,0.6272279620170593,1349,282,55,38
579,17.86599174119956,536,2.0,0.13469775021076202,1217,320,81,67
584,17.86599174119956,536,2.0,0.6193402409553528,998,259,67,60
663,17.86599174119956,536,2.0,0.7543987035751343,985,611,140,102
672,17.86599174119956,536,7.0,0.1767556220293045,1807,546,221,217
685,17.86599174119956,536,7.0,0.5121950507164001,565,387,152,109
686,17.86599174119956,536,2.0,0.3647220730781555,1430,181,60,53
593,17.86599174119956,536,7.0,0.16060857474803925,660,362,336,156
665,17.86599174119956,536,2.0,0.25701770186424255,816,209,60,27
543,17.899323815343593,537,2.0,0.624536395072937,1352,281,56,38
579,17.899323815343593,537,2.0,0.22606435418128967,1221,316,78,66
584,17.899323815343593,537,2.0,0.4038515090942383,992,260,72,62
663,17.899323815343593,537,2.0,0.7538762092590332,1010,598,159,102
672,17.899323815343593,537,7.0,0.32805436849594116,1795,536,216,210
685,17.899323815343593,537,7.0,0.12362013012170792,558,389,174,114
686,17.899323815343593,537,2.0,0.3053460717201233,1435,181,59,49
593,17.899323815343593,537,7.0,0.46341362595558167,646,366,345,160
665,17.899323815343593,537,2.0,0.35844099521636963,809,211,60,27
701,17.899323815343593,537,2.0,0.4739516079425812,988,267,65,47
543,17.93265588948762,538,2.0,0.5644311904907227,1356,279,54,37
579,17.93265588948762,538,7.0,0.3166998028755188,1234,313,93,67
584,17.93265588948762,538,2.0,0.5125288963317871,989,262,76,63
663,17.93265588948762,538,2.0,0.7550206780433655,1024,586,151,100
672,17.93265588948762,538,7.0,0.39845603704452515,1780,526,201,201
685,17.93265588948762,538,7.0,0.2830459773540497,540,393,165,110
686,17.93265588948762,538,2.0,0.29101961851119995,1436,179,63,50
593,17.93265588948762,538,7.0,0.2747740149497986,632,370,348,164
665,17.93265588948762,538,2.0,0.41772302985191345,803,211,61,27
703,17.93265588948762,538,2.0,0.39647430181503296,1170,165,42,28
543,17.96598796363165,539,2.0,0.6632975935935974,1358,278,53,34
579,17.96598796363165,539,2.0,0.31756722927093506,1243,311,101,67
584,17.96598796363165,539,2.0,0.1806700974702835,984,263,85,66
663,17.96598796363165,539,2.0,0.732666552066803,1031,572,137,98
672,17.96598796363165,539,7.0,0.5271009206771851,1788,523,233,207
685,17.96598796363165,539,7.0,0.5639539957046509,524,400,168,116
686,17.96598796363165,539,2.0,0.48054221272468567,1432,177,58,50
593,17.96598796363165,539,7.0,0.2014259248971939,620,375,354,170
665,17.96598796363165,539,2.0,0.41001805663108826,795,211,61,28
703,17.96598796363165,539,2.0,0.2825103998184204,1170,166,41,28
543,17.99932003777568,540,2.0,0.5130645036697388,1359,276,53,34
579,17.99932003777568,540,7.0,0.319612056016922,1248,308,103,68
584,17.99932003777568,540,2.0,0.18107888102531433,975,272,82,56
663,17.99932003777568,540,2.0,0.7081170082092285,1039,560,128,94
672,17.99932003777568,540,7.0,0.6015816926956177,1788,519,248,211
685,17.99932003777568,540,7.0,0.6119199991226196,512,406,169,119
686,17.99932003777568,540,2.0,0.4201315939426422,1431,175,52,48
593,17.99932003777568,540,7.0,0.18277275562286377,609,380,360,174
665,17.99932003777568,540,2.0,0.4181016683578491,790,212,62,27
706,17.99932003777568,540,2.0,0.4327356219291687,964,282,61,38
707,17.99932003777568,540,2.0,0.4410938322544098,1230,308,73,69
543,18.032652111919706,541,2.0,0.5174273252487183,1363,275,57,40
579,18.032652111919706,541,7.0,0.31509965658187866,1252,305,99,71
663,18.032652111919706,541,2.0,0.6768193244934082,1053,546,122,91
672,18.032652111919706,541,7.0,0.638721764087677,1785,505,257,188
685,18.032652111919706,541,7.0,0.505465030670166,495,413,167,117
686,18.032652111919706,541,2.0,0.43030887842178345,1431,174,51,48
593,18.032652111919706,541,7.0,0.14133933186531067,596,383,367,177
665,18.032652111919706,541,2.0,0.27046722173690796,783,213,61,29
706,18.032652111919706,541,2.0,0.5556104183197021,958,284,62,40
707,18.032652111919706,541,2.0,0.461154967546463,1237,305,76,69
543,18.065984186063737,542,2.0,0.35642433166503906,1364,271,50,38
579,18.065984186063737,542,7.0,0.3719460964202881,1255,301,96,68
663,18.065984186063737,542,2.0,0.7320513725280762,1063,536,117,89
672,18.065984186063737,542,7.0,0.6305531859397888,1776,496,254,178
685,18.065984186063737,542,7.0,0.23982086777687073,483,418,166,121
686,18.065984186063737,542,2.0,0.40382739901542664,1432,173,52,49
593,18.065984186063737,542,7.0,0.15136811137199402,586,389,371,180
665,18.065984186063737,542,2.0,0.31617045402526855,775,215,65,30
706,18.065984186063737,542,2.0,0.4704020321369171,951,287,63,40
713,18.065984186063737,542,2.0,0.3440886437892914,1439,176,71,55
543,18.099316260207765,543,2.0,0.431751012802124,1367,268,49,37
579,18.099316260207765,543,7.0,0.27087143063545227,1258,297,96,66
663,18.099316260207765,543,2.0,0.7332534193992615,1073,527,112,86
672,18.099316260207765,543,7.0,0.6166173219680786,1765,486,250,178
685,18.099316260207765,543,7.0,0.3602793216705322,469,423,165,123
686,18.099316260207765,543,2.0,0.23467665910720825,1433,172,47,46
593,18.099316260207765,543,7.0,0.16203205287456512,572,392,376,185
665,18.099316260207765,543,2.0,0.2884168028831482,767,217,67,30
706,18.099316260207765,543,2.0,0.4603438377380371,942,290,62,43
713,18.099316260207765,543,2.0,0.13718841969966888,1440,176,73,53
715,18.099316260207765,543,2.0,0.4669172763824463,1124,212,64,37
543,18.132648334351796,544,2.0,0.552912712097168,1370,264,49,37
579,18.132648334351796,544,7.0,0.23044975101947784,1256,294,84,63
663,18.132648334351796,544,2.0,0.6632267236709595,1084,517,110,84
672,18.132648334351796,544,7.0,0.5110524892807007,1755,480,240,176
685,18.132648334351796,544,7.0,0.4343535304069519,449,428,174,123
686,18.132648334351796,544,2.0,0.4202236235141754,1434,173,49,49
665,18.132648334351796,544,2.0,0.31445810198783875,761,217,63,29
706,18.132648334351796,544,2.0,0.590008020401001,935,292,65,43
713,18.132648334351796,544,2.0,0.3007838726043701,1441,176,73,52
715,18.132648334351796,544,2.0,0.2086092233657837,1120,213,62,38
543,18.165980408495823,545,2.0,0.5164573192596436,1371,262,50,36
579,18.165980408495823,545,7.0,0.2398786097764969,1255,291,77,64
663,18.165980408495823,545,2.0,0.7132644653320312,1101,508,121,83
672,18.165980408495823,545,7.0,0.6628921627998352,1747,472,233,171
685,18.165980408495823,545,7.0,0.1447446048259735,445,426,170,104
665,18.165980408495823,545,2.0,0.32052525877952576,754,217,62,29
706,18.165980408495823,545,2.0,0.5342195630073547,929,293,68,45
713,18.165980408495823,545,2.0,0.29498451948165894,1442,173,65,53
715,18.165980408495823,545,2.0,0.47196468710899353,1116,214,60,41
543,18.199312482639854,546,2.0,0.4239547550678253,1372,261,49,34
579,18.199312482639854,546,7.0,0.332290917634964,1263,288,83,65
663,18.199312482639854,546,2.0,0.6684502959251404,1115,499,126,82
672,18.199312482639854,546,7.0,0.674767017364502,1738,465,225,163
685,18.199312482639854,546,7.0,0.3014548122882843,423,431,172,105
665,18.199312482639854,546,2.0,0.14981709420681,751,216,64,32
706,18.199312482639854,546,2.0,0.4006456136703491,920,299,68,41
713,18.199312482639854,546,2.0,0.18886014819145203,1453,177,57,43
715,18.199312482639854,546,2.0,0.23060590028762817,1114,216,56,42
686,18.199312482639854,546,2.0,0.2889884412288666,1439,172,51,50
543,18.23264455678388,547,2.0,0.5505589842796326,1375,259,47,32
579,18.23264455678388,547,7.0,0.32706454396247864,1265,286,79,66
663,18.23264455678388,547,2.0,0.68785160779953,1120,491,114,80
672,18.23264455678388,547,7.0,0.4760727286338806,1729,460,216,163
685,18.23264455678388,547,7.0,0.32265958189964294,397,434,145,100
665,18.23264455678388,547,2.0,0.23594756424427032,742,217,61,33
706,18.23264455678388,547,2.0,0.6081832051277161,910,303,66,41
713,18.23264455678388,547,2.0,0.270557165145874,1455,179,55,38
715,18.23264455678388,547,2.0,0.32819586992263794,1105,215,59,42
723,18.23264455678388,547,2.0,0.621146023273468,955,259,54,29
725,18.23264455678388,547,2.0,0.3418978750705719,1449,175,63,49
686,18.23264455678388,547,2.0,0.47458526492118835,1440,172,51,50
543,18.26597663092791,548,2.0,0.5525364279747009,1377,256,45,31
579,18.26597663092791,548,7.0,0.3515373468399048,1268,284,75,65
663,18.26597663092791,548,2.0,0.6586325764656067,1125,481,104,77
672,18.26597663092791,548,7.0,0.6234438419342041,1719,453,211,155
685,18.26597663092791,548,7.0,0.28371742367744446,380,443,130,105
665,18.26597663092791,548,2.0,0.3495180010795593,734,219,64,31
706,18.26597663092791,548,2.0,0.5741063952445984,902,305,68,46
713,18.26597663092791,548,2.0,0.10719883441925049,1457,179,55,36
715,18.26597663092791,548,2.0,0.4222603142261505,1102,217,59,45
723,18.26597663092791,548,2.0,0.7212004661560059,950,261,54,29
725,18.26597663092791,548,2.0,0.18215642869472504,1449,173,65,49
686,18.26597663092791,548,2.0,0.3372994661331177,1440,169,50,48
543,18.29930870507194,549,2.0,0.5750397443771362,1379,254,45,30
579,18.29930870507194,549,7.0,0.27938494086265564,1271,280,70,62
663,18.29930870507194,549,2.0,0.673500657081604,1135,472,103,74
672,18.29930870507194,549,7.0,0.43864360451698303,1711,446,205,152
685,18.29930870507194,549,7.0,0.1873280256986618,375,449,129,100
665,18.29930870507194,549,2.0,0.19178993999958038,725,222,65,29
706,18.29930870507194,549,2.0,0.5180585384368896,894,308,70,46
715,18.29930870507194,549,2.0,0.35514190793037415,1098,219,58,46
723,18.29930870507194,549,2.0,0.6331677436828613,943,262,57,29
725,18.29930870507194,549,2.0,0.20185011625289917,1448,172,63,45
686,18.29930870507194,549,2.0,0.3862514793872833,1439,167,46,44
728,18.29930870507194,549,2.0,0.44590532779693604,1143,177,43,27
543,18.332640779215968,550,2.0,0.6744972467422485,1384,253,51,30
579,18.332640779215968,550,2.0,0.23392094671726227,1281,277,85,63
663,18.332640779215968,550,2.0,0.6893545985221863,1149,465,111,72
672,18.332640779215968,550,7.0,0.5234776735305786,1702,442,199,147
685,18.332640779215968,550,7.0,0.10071854293346405,357,452,96,96
665,18.332640779215968,550,2.0,0.1697370558977127,717,222,63,28
706,18.332640779215968,550,2.0,0.5892234444618225,885,312,68,47
715,18.332640779215968,550,2.0,0.31586456298828125,1094,222,58,42
723,18.332640779215968,550,2.0,0.6214401721954346,938,265,58,34
725,18.332640779215968,550,2.0,0.3629564046859741,1448,170,52,44
686,18.332640779215968,550,2.0,0.13546623289585114,1441,166,52,50
728,18.332640779215968,550,2.0,0.34063446521759033,1141,178,41,29
543,18.36597285336,551,2.0,0.5187745094299316,1385,251,51,31
579,18.36597285336,551,7.0,0.22593137621879578,1286,275,87,62
663,18.36597285336,551,2.0,0.7495184540748596,1154,456,104,70
672,18.36597285336,551,7.0,0.5639826655387878,1694,436,196,153
665,18.36597285336,551,2.0,0.27797093987464905,710,222,63,28
706,18.36597285336,551,2.0,0.6111168265342712,877,315,74,48
715,18.36597285336,551,2.0,0.4649202823638916,1089,222,57,45
723,18.36597285336,551,2.0,0.6140177249908447,933,267,59,35
725,18.36597285336,551,2.0,0.21469545364379883,1448,169,49,45
686,18.36597285336,551,2.0,0.10724392533302307,1438,165,47,52
728,18.36597285336,551,2.0,0.22217972576618195,1136,179,47,31
543,18.399304927504026,552,2.0,0.30742764472961426,1386,249,50,33
579,18.399304927504026,552,2.0,0.42716777324676514,1292,272,87,62
663,18.399304927504026,552,2.0,0.7518930435180664,1160,449,97,69
672,18.399304927504026,552,7.0,0.5736060738563538,1687,430,189,151
665,18.399304927504026,552,2.0,0.13634315133094788,702,224,64,29
706,18.399304927504026,552,2.0,0.5606024861335754,868,318,75,50
715,18.399304927504026,552,2.0,0.47612813115119934,1082,223,62,48
723,18.399304927504026,552,2.0,0.6170965433120728,927,270,61,36
725,18.399304927504026,552,2.0,0.2728029489517212,1448,168,50,46
686,18.399304927504026,552,2.0,0.1687888354063034,1440,165,53,53
728,18.399304927504026,552,2.0,0.3610890209674835,1133,180,45,31
543,18.432637001648057,553,2.0,0.40856248140335083,1388,247,49,34
579,18.432637001648057,553,2.0,0.2609776258468628,1296,269,88,60
663,18.432637001648057,553,2.0,0.7000830769538879,1164,442,90,67
672,18.432637001648057,553,7.0,0.6760117411613464,1680,425,186,150
665,18.432637001648057,553,2.0,0.11668378114700317,695,225,69,30
706,18.432637001648057,553,2.0,0.7535659074783325,857,322,74,51
715,18.432637001648057,553,2.0,0.4031190872192383,1078,224,60,50
723,18.432637001648057,553,2.0,0.516416609287262,920,273,63,36
686,18.432637001648057,553,2.0,0.3442128598690033,1443,165,55,51
728,18.432637001648057,553,2.0,0.3997979164123535,1129,180,44,30
543,18.465969075792085,554,2.0,0.4899851083755493,1391,244,47,34
579,18.465969075792085,554,2.0,0.35476478934288025,1298,267,86,60
663,18.465969075792085,554,2.0,0.6323039531707764,1172,434,89,64
672,18.465969075792085,554,7.0,0.6378127932548523,1673,419,178,147
665,18.465969075792085,554,2.0,0.19841189682483673,689,227,71,33
706,18.465969075792085,554,2.0,0.7420783638954163,847,327,76,52
715,18.465969075792085,554,2.0,0.5967264771461487,1074,226,60,51
723,18.465969075792085,554,2.0,0.45897385478019714,915,275,65,35
686,18.465969075792085,554,2.0,0.21296145021915436,1444,164,59,52
728,18.465969075792085,554,2.0,0.29537636041641235,1127,181,46,31
543,18.499301149936112,555,2.0,0.5912514925003052,1392,243,50,34
579,18.499301149936112,555,2.0,0.44846001267433167,1301,266,83,60
663,18.499301149936112,555,2.0,0.672746479511261,1180,428,87,65
672,18.499301149936112,555,7.0,0.585569441318512,1666,415,175,143
665,18.499301149936112,555,2.0,0.214634969830513,680,229,70,32
706,18.499301149936112,555,2.0,0.6241984367370605,837,332,77,52
715,18.499301149936112,555,2.0,0.5341887474060059,1069,228,64,52
723,18.499301149936112,555,2.0,0.508202075958252,907,277,64,33
686,18.499301149936112,555,2.0,0.29480624198913574,1445,165,58,50
728,18.499301149936112,555,2.0,0.3395936191082001,1125,181,46,31
543,18.532633224080143,556,2.0,0.594386875629425,1394,241,52,34
579,18.532633224080143,556,2.0,0.40028247237205505,1303,263,80,57
663,18.532633224080143,556,2.0,0.7397104501724243,1189,422,89,62
672,18.532633224080143,556,7.0,0.6519362926483154,1661,409,171,135
665,18.532633224080143,556,2.0,0.23614996671676636,670,230,67,32
706,18.532633224080143,556,2.0,0.6691322326660156,829,336,80,53
715,18.532633224080143,556,2.0,0.5090255737304688,1065,230,64,53
723,18.532633224080143,556,2.0,0.6493315696716309,899,280,65,35
686,18.532633224080143,556,2.0,0.22466003894805908,1447,165,56,50
728,18.532633224080143,556,2.0,0.32820722460746765,1123,182,46,30
543,18.56596529822417,557,2.0,0.43097785115242004,1396,240,51,33
579,18.56596529822417,557,2.0,0.28853052854537964,1303,261,73,55
663,18.56596529822417,557,2.0,0.6980254054069519,1195,414,88,60
672,18.56596529822417,557,7.0,0.5859287977218628,1655,404,165,133
665,18.56596529822417,557,2.0,0.18290549516677856,664,231,65,32
706,18.56596529822417,557,2.0,0.6726969480514526,818,339,80,54
715,18.56596529822417,557,2.0,0.5690504312515259,1060,233,66,52
723,18.56596529822417,557,2.0,0.665158748626709,893,281,66,34
686,18.56596529822417,557,2.0,0.23381207883358002,1446,163,58,51
728,18.56596529822417,557,2.0,0.2768130600452423,1120,182,46,30
543,18.599297372368202,558,2.0,0.4800468683242798,1398,239,49,35
579,18.599297372368202,558,2.0,0.30146345496177673,1303,258,66,54
663,18.599297372368202,558,2.0,0.6685614585876465,1202,409,88,63
672,18.599297372368202,558,7.0,0.6294587850570679,1648,399,160,133
665,18.599297372368202,558,2.0,0.27411070466041565,656,232,68,32
706,18.599297372368202,558,2.0,0.704873263835907,807,343,82,55
715,18.599297372368202,558,2.0,0.594064474105835,1055,235,63,53
723,18.599297372368202,558,2.0,0.5868433713912964,888,283,66,34
686,18.599297372368202,558,2.0,0.15352599322795868,1447,162,60,51
728,18.599297372368202,558,2.0,0.24965797364711761,1119,183,47,31
543,18.63262944651223,559,2.0,0.5410026907920837,1400,238,46,34
579,18.63262944651223,559,2.0,0.3778773546218872,1311,256,73,57
663,18.63262944651223,559,2.0,0.7075850963592529,1209,404,89,64
672,18.63262944651223,559,7.0,0.6149089932441711,1641,395,158,131
665,18.63262944651223,559,2.0,0.2301456481218338,646,233,67,30
706,18.63262944651223,559,2.0,0.7032187581062317,796,348,83,55
715,18.63262944651223,559,2.0,0.5667745471000671,1049,237,65,55
723,18.63262944651223,559,2.0,0.6176930665969849,881,286,68,33
686,18.63262944651223,559,2.0,0.2742733359336853,1449,161,61,51
728,18.63262944651223,559,2.0,0.3452910780906677,1114,185,46,30
543,18.66596152065626,560,2.0,0.5622410178184509,1401,236,45,35
579,18.66596152065626,560,2.0,0.3288675844669342,1314,254,75,56
663,18.66596152065626,560,2.0,0.6461872458457947,1217,399,89,61
672,18.66596152065626,560,7.0,0.53752601146698,1637,391,154,130
665,18.66596152065626,560,2.0,0.46812573075294495,637,235,68,29
706,18.66596152065626,560,2.0,0.7630921006202698,784,353,84,54
715,18.66596152065626,560,2.0,0.6242380142211914,1044,238,63,56
723,18.66596152065626,560,2.0,0.6451587677001953,872,289,64,34
686,18.66596152065626,560,2.0,0.22083070874214172,1449,161,64,49
728,18.66596152065626,560,2.0,0.43089205026626587,1110,187,50,28
740,18.66596152065626,560,7.0,0.4190516471862793,89,556,176,163
543,18.699293594800288,561,2.0,0.5116341710090637,1402,235,44,34
579,18.699293594800288,561,7.0,0.26545459032058716,1316,253,71,54
663,18.699293594800288,561,2.0,0.5964033007621765,1221,392,84,59
672,18.699293594800288,561,7.0,0.5614151358604431,1632,386,153,130
665,18.699293594800288,561,2.0,0.4715951383113861,630,236,68,31
706,18.699293594800288,561,2.0,0.7792428135871887,772,359,86,54
715,18.699293594800288,561,2.0,0.5986469984054565,1038,240,60,56
723,18.699293594800288,561,2.0,0.5884494185447693,864,292,66,37
686,18.699293594800288,561,2.0,0.24315842986106873,1451,160,61,47
728,18.699293594800288,561,2.0,0.3479686677455902,1104,189,47,28
740,18.699293594800288,561,7.0,0.3892066478729248,84,555,168,149
543,18.732625668944316,562,2.0,0.5991993546485901,1404,232,46,33
579,18.732625668944316,562,2.0,0.3125044107437134,1318,250,70,53
663,18.732625668944316,562,2.0,0.6929454207420349,1227,387,82,59
672,18.732625668944316,562,7.0,0.5101974606513977,1627,375,147,143
665,18.732625668944316,562,2.0,0.41972294449806213,624,236,59,29
706,18.732625668944316,562,2.0,0.8090004324913025,760,364,86,56
715,18.732625668944316,562,2.0,0.3829735517501831,1032,241,62,57
723,18.732625668944316,562,2.0,0.5770111083984375,858,294,66,37
686,18.732625668944316,562,2.0,0.39681756496429443,1450,158,58,45
728,18.732625668944316,562,2.0,0.21702247858047485,1102,189,45,29
740,18.732625668944316,562,7.0,0.49220335483551025,75,570,149,160
543,18.765957743088347,563,2.0,0.4904181957244873,1405,232,48,31
579,18.765957743088347,563,2.0,0.3451218605041504,1321,248,72,54
663,18.765957743088347,563,2.0,0.616939902305603,1233,382,83,59
672,18.765957743088347,563,7.0,0.4923957586288452,1623,373,144,138
665,18.765957743088347,563,2.0,0.40196239948272705,615,237,62,28
706,18.765957743088347,563,2.0,0.7967340350151062,748,369,90,58
715,18.765957743088347,563,2.0,0.5319405198097229,1027,244,63,56
723,18.765957743088347,563,2.0,0.7288042902946472,850,296,66,37
686,18.765957743088347,563,2.0,0.2847418487071991,1451,158,57,44
728,18.765957743088347,563,2.0,0.3440309464931488,1097,190,45,28
543,18.799289817232374,564,2.0,0.39322730898857117,1407,231,45,31
579,18.799289817232374,564,2.0,0.17114004492759705,1324,246,74,55
663,18.799289817232374,564,2.0,0.6128169298171997,1238,376,81,55
672,18.799289817232374,564,7.0,0.17439737915992737,1621,367,140,135
665,18.799289817232374,564,2.0,0.24690359830856323,608,239,63,27
706,18.799289817232374,564,2.0,0.7008486390113831,736,373,92,62
715,18.799289817232374,564,2.0,0.5544730424880981,1020,245,64,61
723,18.799289817232374,564,2.0,0.6929196715354919,843,299,70,36
686,18.799289817232374,564,2.0,0.23519912362098694,1453,156,55,43
728,18.799289817232374,564,2.0,0.37747660279273987,1093,192,46,29
543,18.832621891376405,565,2.0,0.31102699041366577,1409,231,45,30
579,18.832621891376405,565,7.0,0.1723233312368393,1325,245,69,55
663,18.832621891376405,565,2.0,0.6938527226448059,1244,372,82,53
672,18.832621891376405,565,7.0,0.15058837831020355,1617,364,139,132
665,18.832621891376405,565,2.0,0.2188882827758789,600,241,59,26
706,18.832621891376405,565,2.0,0.6560118794441223,723,379,94,62
715,18.832621891376405,565,2.0,0.3870668113231659,1013,246,67,63
723,18.832621891376405,565,2.0,0.6802610158920288,836,303,70,36
686,18.832621891376405,565,2.0,0.3591121435165405,1453,155,55,41
728,18.832621891376405,565,2.0,0.43021702766418457,1089,192,48,30
543,18.865953965520433,566,2.0,0.23748767375946045,1410,231,42,31
579,18.865953965520433,566,2.0,0.16087262332439423,1325,242,61,54
663,18.865953965520433,566,2.0,0.7076180577278137,1247,367,73,53
672,18.865953965520433,566,7.0,0.13077452778816223,1609,361,135,124
665,18.865953965520433,566,2.0,0.21850502490997314,591,242,59,25
706,18.865953965520433,566,2.0,0.6926655769348145,709,385,95,62
715,18.865953965520433,566,2.0,0.6619551181793213,1007,249,68,64
723,18.865953965520433,566,2.0,0.7093688249588013,826,305,70,37
686,18.865953965520433,566,2.0,0.3965817391872406,1453,154,51,39
728,18.865953965520433,566,2.0,0.5186225771903992,1087,193,49,30
543,18.899286039664464,567,2.0,0.15346577763557434,1412,230,41,31
579,18.899286039664464,567,2.0,0.2572825849056244,1325,241,56,53
663,18.899286039664464,567,2.0,0.686682403087616,1253,362,77,54
672,18.899286039664464,567,7.0,0.1020355299115181,1607,359,131,122
706,18.899286039664464,567,2.0,0.6093268990516663,697,390,98,63
715,18.899286039664464,567,2.0,0.6866064667701721,1001,252,67,66
723,18.899286039664464,567,2.0,0.7748731970787048,817,308,69,36
686,18.899286039664464,567,2.0,0.2207641303539276,1455,155,51,38
728,18.899286039664464,567,2.0,0.45095717906951904,1083,195,46,31
748,18.899286039664464,567,2.0,0.7646260261535645,514,864,245,179
543,18.93261811380849,568,2.0,0.10400944203138351,1414,229,40,31
579,18.93261811380849,568,2.0,0.12025456130504608,1329,239,56,55
663,18.93261811380849,568,2.0,0.6054614782333374,1258,359,78,51
706,18.93261811380849,568,2.0,0.5850648283958435,682,396,94,63
715,18.93261811380849,568,2.0,0.6022265553474426,996,258,66,61
723,18.93261811380849,568,2.0,0.6903248429298401,811,312,69,36
686,18.93261811380849,568,2.0,0.3255312442779541,1454,154,49,40
728,18.93261811380849,568,2.0,0.41448402404785156,1079,197,49,30
748,18.93261811380849,568,2.0,0.76439368724823,556,841,257,171
579,18.96595018795252,569,2.0,0.2781422734260559,1333,239,59,53
663,18.96595018795252,569,2.0,0.7196187973022461,1265,355,81,51
706,18.96595018795252,569,2.0,0.7631836533546448,667,403,98,65
715,18.96595018795252,569,2.0,0.434151291847229,989,262,72,61
723,18.96595018795252,569,2.0,0.7831881046295166,804,314,72,38
686,18.96595018795252,569,2.0,0.4134926497936249,1456,153,51,39
728,18.96595018795252,569,2.0,0.38511714339256287,1076,199,49,29
748,18.96595018795252,569,2.0,0.7718777060508728,587,813,242,159
579,18.99928226209655,570,2.0,0.32755357027053833,1336,236,58,48
663,18.99928226209655,570,2.0,0.673979640007019,1270,350,76,50
706,18.99928226209655,570,2.0,0.7023958563804626,653,410,100,66
715,18.99928226209655,570,2.0,0.4385764002799988,984,263,73,60
723,18.99928226209655,570,2.0,0.5527816414833069,794,317,74,39
686,18.99928226209655,570,2.0,0.30957889556884766,1453,151,42,42
728,18.99928226209655,570,2.0,0.34935256838798523,1072,200,47,28
748,18.99928226209655,570,2.0,0.8366595506668091,613,786,217,151
579,19.032614336240577,571,2.0,0.2597779631614685,1338,235,57,48
663,19.032614336240577,571,2.0,0.6862768530845642,1273,346,73,49
706,19.032614336240577,571,2.0,0.6697309017181396,637,416,101,66
715,19.032614336240577,571,2.0,0.401725172996521,977,267,75,59
723,19.032614336240577,571,2.0,0.704767107963562,785,320,76,40
686,19.032614336240577,571,2.0,0.288470059633255,1451,150,38,41
728,19.032614336240577,571,2.0,0.27695760130882263,1068,202,45,28
748,19.032614336240577,571,2.0,0.7571696043014526,644,761,210,143
672,19.032614336240577,571,7.0,0.3568462133407593,1587,344,118,114
579,19.06594641038461,572,2.0,0.20063552260398865,1339,232,55,46
663,19.06594641038461,572,2.0,0.6563851237297058,1279,341,77,51
706,19.06594641038461,572,2.0,0.7870883941650391,621,422,103,69
715,19.06594641038461,572,2.0,0.31518977880477905,973,267,83,64
723,19.06594641038461,572,2.0,0.7443530559539795,777,323,78,40
686,19.06594641038461,572,2.0,0.40580442547798157,1451,149,38,40
728,19.06594641038461,572,2.0,0.3489135205745697,1065,203,48,28
748,19.06594641038461,572,2.0,0.8226649165153503,673,740,200,134
672,19.06594641038461,572,7.0,0.27142855525016785,1582,339,113,111
579,19.099278484528636,573,2.0,0.1563945710659027,1346,230,65,44
663,19.099278484528636,573,2.0,0.6902851462364197,1282,336,74,50
706,19.099278484528636,573,2.0,0.708997905254364,605,428,103,69
715,19.099278484528636,573,2.0,0.3158046007156372,968,269,91,68
723,19.099278484528636,573,2.0,0.6083114147186279,768,327,78,38
686,19.099278484528636,573,2.0,0.3046415448188782,1451,148,35,39
728,19.099278484528636,573,2.0,0.4348568618297577,1061,205,51,29
748,19.099278484528636,573,2.0,0.7986047267913818,705,720,205,125
672,19.099278484528636,573,7.0,0.2907100319862366,1581,337,115,110
579,19.132610558672667,574,2.0,0.33693885803222656,1346,229,60,46
663,19.132610558672667,574,2.0,0.5880653262138367,1286,333,73,48
706,19.132610558672667,574,2.0,0.6989376544952393,589,434,108,71
715,19.132610558672667,574,2.0,0.38305965065956116,957,275,84,63
723,19.132610558672667,574,2.0,0.60707688331604,757,330,80,39
686,19.132610558672667,574,2.0,0.3052562475204468,1452,146,32,38
728,19.132610558672667,574,2.0,0.24614575505256653,1056,206,49,28
748,19.132610558672667,574,2.0,0.7686938047409058,733,703,202,125
672,19.132610558672667,574,2.0,0.261363685131073,1577,334,111,106
762,19.132610558672667,574,2.0,0.7701453566551208,462,740,207,143
579,19.165942632816694,575,2.0,0.36181604862213135,1345,226,54,45
663,19.165942632816694,575,2.0,0.7082815170288086,1290,330,72,48
706,19.165942632816694,575,2.0,0.717134952545166,573,443,112,75
715,19.165942632816694,575,2.0,0.42753955721855164,947,279,82,62
723,19.165942632816694,575,2.0,0.69614577293396,748,333,79,42
686,19.165942632816694,575,2.0,0.4106062352657318,1455,147,38,40
728,19.165942632816694,575,2.0,0.1286441832780838,1053,205,49,30
748,19.165942632816694,575,2.0,0.8145341873168945,757,686,197,120
672,19.165942632816694,575,7.0,0.24152275919914246,1574,330,111,105
762,19.165942632816694,575,2.0,0.8397178053855896,485,720,215,135
579,19.199274706960725,576,2.0,0.4253396987915039,1349,224,58,46
663,19.199274706960725,576,2.0,0.6647337675094604,1295,326,72,47
706,19.199274706960725,576,2.0,0.7546406388282776,554,450,114,77
715,19.199274706960725,576,2.0,0.4993021786212921,939,284,78,59
723,19.199274706960725,576,2.0,0.7023604512214661,738,337,80,43
686,19.199274706960725,576,2.0,0.47156307101249695,1458,147,40,39
728,19.199274706960725,576,2.0,0.23362813889980316,1049,206,51,31
748,19.199274706960725,576,2.0,0.8111413717269897,779,669,192,119
672,19.199274706960725,576,7.0,0.38415783643722534,1571,326,109,103
762,19.199274706960725,576,2.0,0.8577617406845093,518,700,214,135
579,19.232606781104753,577,2.0,0.22028757631778717,1351,222,56,46
663,19.232606781104753,577,2.0,0.687028706073761,1298,324,69,46
706,19.232606781104753,577,2.0,0.7784378528594971,536,457,115,77
715,19.232606781104753,577,2.0,0.3442513942718506,929,289,77,56
723,19.232606781104753,577,2.0,0.6837602257728577,729,340,83,43
686,19.232606781104753,577,2.0,0.2978505492210388,1459,147,39,38
728,19.232606781104753,577,2.0,0.18579132854938507,1044,209,51,32
748,19.232606781104753,577,2.0,0.8059982657432556,803,651,187,115
672,19.232606781104753,577,7.0,0.38835111260414124,1570,324,108,100
762,19.232606781104753,577,2.0,0.8566293716430664,548,678,203,130
579,19.26593885524878,578,2.0,0.28909075260162354,1352,221,55,45
663,19.26593885524878,578,2.0,0.7354251742362976,1302,320,66,44
706,19.26593885524878,578,2.0,0.7055805921554565,516,467,117,78
715,19.26593885524878,578,2.0,0.3868774473667145,921,289,80,61
723,19.26593885524878,578,2.0,0.6060024499893188,717,343,83,44
686,19.26593885524878,578,2.0,0.18901242315769196,1458,146,36,38
728,19.26593885524878,578,2.0,0.44721344113349915,1039,211,50,31
748,19.26593885524878,578,2.0,0.81439208984375,820,636,178,110
672,19.26593885524878,578,7.0,0.41509678959846497,1568,320,105,99
762,19.26593885524878,578,2.0,0.7807227373123169,577,661,194,126
579,19.29927092939281,579,2.0,0.2078763246536255,1352,220,52,44
663,19.29927092939281,579,2.0,0.7452892065048218,1305,316,65,43
706,19.29927092939281,579,2.0,0.7354987859725952,497,474,121,81
715,19.29927092939281,579,2.0,0.30811581015586853,912,294,80,56
723,19.29927092939281,579,2.0,0.7207410335540771,707,346,81,43
686,19.29927092939281,579,2.0,0.1537565439939499,1456,145,32,37
728,19.29927092939281,579,2.0,0.4166693687438965,1034,212,50,31
748,19.29927092939281,579,2.0,0.829727828502655,841,621,174,106
672,19.29927092939281,579,7.0,0.2886979281902313,1566,317,103,98
762,19.29927092939281,579,2.0,0.8390145897865295,605,643,186,120
579,19.33260300353684,580,2.0,0.26671281456947327,1353,219,46,44
663,19.33260300353684,580,2.0,0.7083584070205688,1308,313,66,44
706,19.33260300353684,580,2.0,0.6641883850097656,479,483,126,83
715,19.33260300353684,580,2.0,0.26592570543289185,903,299,80,55
723,19.33260300353684,580,2.0,0.694223165512085,697,351,83,44
686,19.33260300353684,580,2.0,0.4269523620605469,1461,146,42,37
728,19.33260300353684,580,2.0,0.1764468550682068,1029,213,52,30
748,19.33260300353684,580,2.0,0.8472816944122314,859,610,172,105
672,19.33260300353684,580,7.0,0.37796908617019653,1563,313,100,98
762,19.33260300353684,580,2.0,0.8268832564353943,639,627,194,114
777,19.33260300353684,580,2.0,0.5645936727523804,81,569,162,148
778,19.33260300353684,580,2.0,0.49534761905670166,936,259,74,40
579,19.36593507768087,581,2.0,0.3026915490627289,1356,217,48,45
663,19.36593507768087,581,2.0,0.7154756784439087,1314,310,67,44
706,19.36593507768087,581,2.0,0.7612240314483643,458,491,130,86
715,19.36593507768087,581,2.0,0.4662322998046875,895,301,80,56
723,19.36593507768087,581,2.0,0.7286719083786011,684,356,84,46
686,19.36593507768087,581,2.0,0.25355836749076843,1462,145,42,37
728,19.36593507768087,581,2.0,0.4274195432662964,1025,215,52,29
748,19.36593507768087,581,2.0,0.7663875818252563,873,595,160,100
672,19.36593507768087,581,7.0,0.2894681990146637,1562,311,98,99
762,19.36593507768087,581,2.0,0.7420129776000977,664,612,187,112
777,19.36593507768087,581,2.0,0.3003634512424469,70,579,141,154
778,19.36593507768087,581,2.0,0.4421076476573944,929,259,79,43
579,19.399267151824898,582,2.0,0.18209093809127808,1358,216,48,44
663,19.399267151824898,582,2.0,0.6979853510856628,1317,307,66,43
706,19.399267151824898,582,2.0,0.7414246797561646,436,500,133,88
715,19.399267151824898,582,2.0,0.248106449842453,886,307,81,55
723,19.399267151824898,582,2.0,0.6992099285125732,674,360,85,47
686,19.399267151824898,582,2.0,0.15080368518829346,1464,145,45,38
728,19.399267151824898,582,2.0,0.19652816653251648,1021,217,51,29
748,19.399267151824898,582,2.0,0.8042201995849609,890,583,155,97
672,19.399267151824898,582,2.0,0.30174267292022705,1559,306,96,90
762,19.399267151824898,582,2.0,0.7877786159515381,687,596,180,112
777,19.399267151824898,582,2.0,0.23926478624343872,57,575,113,126
778,19.399267151824898,582,2.0,0.5576928853988647,922,262,87,42
579,19.43259922596893,583,2.0,0.1575314700603485,1362,214,54,45
663,19.43259922596893,583,2.0,0.7021356821060181,1321,304,66,42
706,19.43259922596893,583,2.0,0.7579732537269592,414,510,133,89
715,19.43259922596893,583,2.0,0.2065446823835373,877,311,88,59
723,19.43259922596893,583,2.0,0.7099212408065796,662,364,87,47
686,19.43259922596893,583,2.0,0.142759308218956,1462,145,39,36
728,19.43259922596893,583,2.0,0.23780852556228638,1015,219,50,28
748,19.43259922596893,583,2.0,0.8070483803749084,907,570,153,92
672,19.43259922596893,583,2.0,0.30418798327445984,1555,300,90,84
762,19.43259922596893,583,2.0,0.8233438730239868,708,582,168,107
777,19.43259922596893,583,2.0,0.5384324789047241,43,578,85,115
778,19.43259922596893,583,2.0,0.43768638372421265,915,264,88,40
579,19.465931300112956,584,2.0,0.23477892577648163,1365,212,54,44
663,19.465931300112956,584,2.0,0.7016208171844482,1324,301,65,42
706,19.465931300112956,584,2.0,0.7482429146766663,394,518,130,91
715,19.465931300112956,584,2.0,0.2350849062204361,869,314,90,59
723,19.465931300112956,584,2.0,0.7510318160057068,651,368,88,50
728,19.465931300112956,584,2.0,0.33052438497543335,1011,221,53,27
748,19.465931300112956,584,2.0,0.7973955869674683,919,558,138,90
672,19.465931300112956,584,2.0,0.4359498620033264,1553,300,90,88
762,19.465931300112956,584,2.0,0.8081867098808289,727,567,157,104
777,19.465931300112956,584,2.0,0.42413198947906494,27,590,54,118
778,19.465931300112956,584,2.0,0.5387433767318726,907,266,82,41
579,19.499263374256984,585,2.0,0.18673652410507202,1368,211,51,44
663,19.499263374256984,585,2.0,0.600696325302124,1328,298,64,42
706,19.499263374256984,585,2.0,0.7147762179374695,380,528,116,94
715,19.499263374256984,585,2.0,0.3786720037460327,858,317,87,62
723,19.499263374256984,585,2.0,0.7077606916427612,640,372,90,49
728,19.499263374256984,585,2.0,0.2131555676460266,1007,221,55,30
748,19.499263374256984,585,2.0,0.8578286170959473,932,546,138,88
672,19.499263374256984,585,2.0,0.45708656311035156,1552,297,88,89
762,19.499263374256984,585,2.0,0.7290830016136169,751,554,159,99
778,19.499263374256984,585,2.0,0.3862501382827759,907,268,74,44
686,19.499263374256984,585,2.0,0.34576359391212463,1468,145,48,37
579,19.532595448401015,586,2.0,0.2823534607887268,1368,210,49,42
663,19.532595448401015,586,2.0,0.6402744054794312,1329,293,60,39
706,19.532595448401015,586,2.0,0.6651597619056702,366,536,93,91
715,19.532595448401015,586,2.0,0.5271881818771362,848,320,87,64
723,19.532595448401015,586,2.0,0.6823379397392273,630,376,94,50
728,19.532595448401015,586,2.0,0.42486631870269775,1001,223,57,30
748,19.532595448401015,586,2.0,0.7699496150016785,946,535,136,86
672,19.532595448401015,586,7.0,0.255772203207016,1549,296,85,91
762,19.532595448401015,586,2.0,0.7978435158729553,768,540,150,92
778,19.532595448401015,586,2.0,0.5298307538032532,898,269,89,46
789,19.532595448401015,586,2.0,0.45630401372909546,1892,652,52,69
686,19.532595448401015,586,2.0,0.13838990032672882,1470,145,43,36
579,19.565927522545042,587,2.0,0.21203678846359253,1368,210,47,41
663,19.565927522545042,587,2.0,0.6580995321273804,1333,290,59,39
706,19.565927522545042,587,2.0,0.479617178440094,355,541,69,81
715,19.565927522545042,587,2.0,0.550559937953949,838,324,87,65
723,19.565927522545042,587,2.0,0.5711976885795593,615,381,93,52
728,19.565927522545042,587,2.0,0.13830576837062836,998,224,57,32
748,19.565927522545042,587,2.0,0.8158913254737854,961,526,131,82
672,19.565927522545042,587,2.0,0.4170590937137604,1551,294,85,90
762,19.565927522545042,587,2.0,0.7464761137962341,788,530,146,92
778,19.565927522545042,587,2.0,0.4132676422595978,893,271,75,46
789,19.565927522545042,587,2.0,0.49869081377983093,1884,646,69,82
663,19.599259596689073,588,2.0,0.7067394256591797,1336,287,60,40
715,19.599259596689073,588,2.0,0.46762922406196594,827,328,89,66
723,19.599259596689073,588,2.0,0.629780650138855,604,385,93,54
728,19.599259596689073,588,2.0,0.2184024453163147,989,228,51,28
748,19.599259596689073,588,2.0,0.7651745080947876,977,516,132,81
672,19.599259596689073,588,2.0,0.4111909568309784,1549,292,87,89
762,19.599259596689073,588,2.0,0.6940262913703918,804,519,138,91
778,19.599259596689073,588,2.0,0.5309127569198608,890,274,69,48
789,19.599259596689073,588,2.0,0.6882579326629639,1876,641,85,94
795,19.599259596689073,588,2.0,0.3816637396812439,1253,165,32,25
663,19.6325916708331,589,2.0,0.6583168506622314,1340,285,62,39
715,19.6325916708331,589,2.0,0.4424854815006256,818,332,95,66
723,19.6325916708331,589,2.0,0.6431251168251038,593,390,97,56
728,19.6325916708331,589,2.0,0.16134902834892273,985,229,55,28
748,19.6325916708331,589,2.0,0.7631207704544067,989,505,126,79
672,19.6325916708331,589,2.0,0.4839926064014435,1549,290,87,87
762,19.6325916708331,589,2.0,0.6748666763305664,823,509,135,90
778,19.6325916708331,589,2.0,0.29205000400543213,885,275,70,49
789,19.6325916708331,589,2.0,0.7659725546836853,1868,633,101,99
795,19.6325916708331,589,2.0,0.33663976192474365,1251,167,32,24
686,19.6325916708331,589,2.0,0.2825736403465271,1470,144,44,36
579,19.6325916708331,589,2.0,0.2673790156841278,1371,207,48,39
663,19.665923744977132,590,2.0,0.6278242468833923,1343,283,62,39
715,19.665923744977132,590,2.0,0.2906169891357422,806,337,95,68
723,19.665923744977132,590,2.0,0.6965303421020508,577,395,101,56
728,19.665923744977132,590,2.0,0.1261068880558014,982,230,56,29
748,19.665923744977132,590,2.0,0.7997643351554871,1002,496,122,78
672,19.665923744977132,590,2.0,0.5725813508033752,1549,287,92,86
762,19.665923744977132,590,2.0,0.7125465869903564,840,498,133,84
778,19.665923744977132,590,2.0,0.3428207337856293,879,278,74,51
789,19.665923744977132,590,2.0,0.7769386172294617,1861,624,115,101
795,19.665923744977132,590,2.0,0.3513427972793579,1249,169,30,24
686,19.665923744977132,590,2.0,0.1274755895137787,1472,145,42,36
579,19.665923744977132,590,2.0,0.20280267298221588,1373,205,45,38
663,19.69925581912116,591,2.0,0.6386251449584961,1346,281,63,38
715,19.69925581912116,591,2.0,0.16765019297599792,796,342,98,70
723,19.69925581912116,591,2.0,0.6379434466362,564,400,100,55
728,19.69925581912116,591,2.0,0.15524236857891083,977,232,59,30
748,19.69925581912116,591,2.0,0.6586885452270508,1012,487,120,76
672,19.69925581912116,591,2.0,0.3881538510322571,1547,285,94,85
762,19.69925581912116,591,2.0,0.7667684555053711,857,486,132,86
778,19.69925581912116,591,2.0,0.5315040946006775,873,282,75,49
789,19.69925581912116,591,2.0,0.7892264127731323,1856,615,126,105
795,19.69925581912116,591,2.0,0.289553701877594,1245,170,35,25
686,19.69925581912116,591,2.0,0.10628864914178848,1475,143,36,34
579,19.69925581912116,591,2.0,0.10154176503419876,1374,203,40,37
663,19.732587893265187,592,2.0,0.6054986119270325,1348,279,59,38
715,19.732587893265187,592,2.0,0.37248626351356506,782,347,99,72
723,19.732587893265187,592,2.0,0.6904190182685852,550,405,102,56
728,19.732587893265187,592,2.0,0.29207858443260193,972,234,60,31
748,19.732587893265187,592,2.0,0.8179787993431091,1023,479,120,78
672,19.732587893265187,592,2.0,0.35895872116088867,1550,284,100,86
762,19.732587893265187,592,2.0,0.680669903755188,871,478,127,84
778,19.732587893265187,592,2.0,0.4674428701400757,865,285,77,50
789,19.732587893265187,592,2.0,0.7794970870018005,1849,604,138,106
795,19.732587893265187,592,2.0,0.19800178706645966,1242,171,37,24
686,19.732587893265187,592,2.0,0.13995882868766785,1475,142,36,31
579,19.732587893265187,592,2.0,0.14881783723831177,1376,203,40,37
663,19.765919967409218,593,2.0,0.6377150416374207,1351,277,61,37
715,19.765919967409218,593,2.0,0.39669838547706604,769,351,101,74
723,19.765919967409218,593,2.0,0.5998129844665527,536,410,105,57
728,19.765919967409218,593,2.0,0.19912739098072052,966,236,58,30
748,19.765919967409218,593,2.0,0.7200038433074951,1035,471,119,73
672,19.765919967409218,593,2.0,0.27041828632354736,1542,281,85,85
762,19.765919967409218,593,2.0,0.6636849045753479,887,468,122,80
778,19.765919967409218,593,2.0,0.5116100907325745,859,289,73,47
789,19.765919967409218,593,2.0,0.7670814394950867,1843,594,149,102
795,19.765919967409218,593,2.0,0.18829438090324402,1240,172,36,24
686,19.765919967409218,593,2.0,0.15772445499897003,1479,143,32,31
579,19.765919967409218,593,2.0,0.11093852669000626,1377,201,39,37
801,19.765919967409218,593,2.0,0.8223041296005249,117,631,140,114
663,19.799252041553245,594,2.0,0.5640018582344055,1352,275,64,35
715,19.799252041553245,594,2.0,0.4194656312465668,757,357,105,73
723,19.799252041553245,594,2.0,0.7126874327659607,522,416,105,56
728,19.799252041553245,594,2.0,0.2895503640174866,960,238,57,31
748,19.799252041553245,594,2.0,0.6581134796142578,1045,463,117,69
672,19.799252041553245,594,2.0,0.37850555777549744,1540,281,85,84
762,19.799252041553245,594,2.0,0.7217784523963928,902,459,120,79
778,19.799252041553245,594,2.0,0.4721301198005676,852,292,77,48
789,19.799252041553245,594,2.0,0.7799254059791565,1837,585,160,102
795,19.799252041553245,594,2.0,0.1648520529270172,1238,173,33,23
686,19.799252041553245,594,2.0,0.10864619165658951,1476,141,33,32
801,19.799252041553245,594,2.0,0.6603661775588989,101,639,170,124
663,19.832584115697276,595,2.0,0.5077222585678101,1354,273,60,34
715,19.832584115697276,595,2.0,0.5979444980621338,745,362,106,73
723,19.832584115697276,595,2.0,0.7976577877998352,507,423,108,59
728,19.832584115697276,595,2.0,0.4262632727622986,950,240,50,29
748,19.832584115697276,595,2.0,0.8173673152923584,1055,456,114,70
672,19.832584115697276,595,2.0,0.276394784450531,1545,279,95,85
762,19.832584115697276,595,2.0,0.7025009393692017,916,452,118,79
778,19.832584115697276,595,2.0,0.39052826166152954,843,294,74,48
789,19.832584115697276,595,2.0,0.7367109656333923,1832,578,170,103
795,19.832584115697276,595,2.0,0.1767401397228241,1235,174,32,24
686,19.832584115697276,595,2.0,0.11358524858951569,1479,141,32,31
801,19.832584115697276,595,2.0,0.7110397219657898,90,654,177,131
663,19.865916189841304,596,2.0,0.5718467235565186,1356,269,55,36
715,19.865916189841304,596,2.0,0.6147985458374023,734,368,108,75
723,19.865916189841304,596,2.0,0.7173923850059509,492,427,108,61
728,19.865916189841304,596,2.0,0.5035008788108826,948,242,56,29
748,19.865916189841304,596,2.0,0.8284729719161987,1063,449,114,71
672,19.865916189841304,596,2.0,0.2988355755805969,1542,278,86,84
762,19.865916189841304,596,2.0,0.7961392402648926,933,444,124,78
778,19.865916189841304,596,2.0,0.543089747428894,836,296,71,49
789,19.865916189841304,596,2.0,0.5785407423973083,1817,571,161,105
795,19.865916189841304,596,2.0,0.20674200356006622,1233,174,33,26
801,19.865916189841304,596,2.0,0.5905922651290894,73,664,147,124
663,19.899248263985335,597,2.0,0.5271850824356079,1358,267,52,36
715,19.899248263985335,597,2.0,0.5435584783554077,720,373,110,77
723,19.899248263985335,597,2.0,0.7151877880096436,476,433,109,63
728,19.899248263985335,597,2.0,0.30250537395477295,943,243,56,29
748,19.899248263985335,597,2.0,0.8050652742385864,1074,440,107,67
672,19.899248263985335,597,2.0,0.19548502564430237,1546,276,95,82
762,19.899248263985335,597,2.0,0.7412707209587097,942,434,115,78
778,19.899248263985335,597,2.0,0.5222145318984985,826,301,73,48
789,19.899248263985335,597,2.0,0.5589343309402466,1803,557,154,97
795,19.899248263985335,597,2.0,0.16149373352527618,1231,175,34,27
801,19.899248263985335,597,2.0,0.6567668318748474,55,672,110,105
663,19.932580338129362,598,2.0,0.5001914501190186,1361,265,50,33
715,19.932580338129362,598,2.0,0.5468395352363586,706,379,113,78
723,19.932580338129362,598,2.0,0.6972805261611938,460,439,111,63
728,19.932580338129362,598,2.0,0.21104469895362854,935,245,50,29
748,19.932580338129362,598,2.0,0.7894010543823242,1082,434,98,65
672,19.932580338129362,598,2.0,0.13900236785411835,1547,274,94,78
762,19.932580338129362,598,2.0,0.7358227968215942,954,427,109,74
778,19.932580338129362,598,2.0,0.5304951667785645,819,304,69,46
789,19.932580338129362,598,2.0,0.6129872798919678,1795,546,156,90
795,19.932580338129362,598,2.0,0.1408340036869049,1229,176,35,27
801,19.932580338129362,598,2.0,0.5829740166664124,33,680,67,84
663,19.96591241227339,599,2.0,0.5093103647232056,1366,262,56,31
715,19.96591241227339,599,2.0,0.3219357132911682,691,383,113,79
723,19.96591241227339,599,2.0,0.6783604621887207,443,445,111,65
728,19.96591241227339,599,2.0,0.38714054226875305,930,246,58,32
748,19.96591241227339,599,2.0,0.6755717396736145,1090,427,96,64
762,19.96591241227339,599,2.0,0.7271224856376648,968,420,113,72
778,19.96591241227339,599,2.0,0.6448819041252136,812,308,69,46
789,19.96591241227339,599,2.0,0.7098438143730164,1776,536,141,88
795,19.96591241227339,599,2.0,0.13391830027103424,1227,176,34,26
663,19.99924448641742,600,2.0,0.5460739731788635,1368,259,53,30
715,19.99924448641742,600,2.0,0.2676617503166199,676,390,117,81
723,19.99924448641742,600,2.0,0.6894193887710571,428,451,117,66
728,19.99924448641742,600,2.0,0.28594741225242615,924,247,62,35
748,19.99924448641742,600,2.0,0.7218952178955078,1099,420,96,61
762,19.99924448641742,600,2.0,0.580564558506012,979,414,106,69
778,19.99924448641742,600,2.0,0.5629019141197205,804,310,73,47
789,19.99924448641742,600,2.0,0.7526368498802185,1762,529,127,84
663,20.03257656056145,601,2.0,0.590166449546814,1369,257,53,31
715,20.03257656056145,601,2.0,0.22195318341255188,663,396,117,84
723,20.03257656056145,601,2.0,0.6500051021575928,411,458,119,66
728,20.03257656056145,601,2.0,0.1138036847114563,919,248,65,36
748,20.03257656056145,601,2.0,0.6995648145675659,1108,413,95,61
762,20.03257656056145,601,2.0,0.5639012455940247,991,407,108,69
778,20.03257656056145,601,2.0,0.5150229930877686,795,316,74,43
789,20.03257656056145,601,2.0,0.7188720107078552,1757,523,133,85
663,20.06590863470548,602,2.0,0.5973418354988098,1372,255,54,31
715,20.06590863470548,602,2.0,0.47228819131851196,647,402,119,84
723,20.06590863470548,602,2.0,0.6293051242828369,391,465,119,64
728,20.06590863470548,602,2.0,0.2749793231487274,912,251,65,35
748,20.06590863470548,602,2.0,0.6173416376113892,1115,406,91,58
762,20.06590863470548,602,2.0,0.5173682570457458,1004,400,109,69
778,20.06590863470548,602,2.0,0.5145851969718933,786,318,72,45
789,20.06590863470548,602,2.0,0.688258945941925,1749,515,134,84
663,20.099240708849507,603,2.0,0.6638758778572083,1373,254,56,31
715,20.099240708849507,603,2.0,0.4354255497455597,632,409,126,87
723,20.099240708849507,603,2.0,0.5439074635505676,377,472,112,66
728,20.099240708849507,603,2.0,0.3664020001888275,906,254,68,37
748,20.099240708849507,603,2.0,0.6566324234008789,1123,401,88,60
762,20.099240708849507,603,2.0,0.6272906064987183,1012,395,102,67
778,20.099240708849507,603,2.0,0.5343002676963806,778,320,78,48
789,20.099240708849507,603,2.0,0.6834196448326111,1740,509,133,81
822,20.099240708849507,603,2.0,0.5216922760009766,356,473,60,60
823,20.099240708849507,603,2.0,0.5467679500579834,654,734,164,99
663,20.132572782993538,604,2.0,0.46707868576049805,1376,251,56,30
715,20.132572782993538,604,2.0,0.6570404767990112,616,416,126,88
723,20.132572782993538,604,2.0,0.44606977701187134,368,479,99,66
728,20.132572782993538,604,2.0,0.1908300369977951,899,255,68,36
748,20.132572782993538,604,2.0,0.6980792880058289,1131,395,91,58
762,20.132572782993538,604,2.0,0.5702770948410034,1022,389,103,65
778,20.132572782993538,604,2.0,0.551741898059845,768,323,74,49
789,20.132572782993538,604,2.0,0.5712371468544006,1736,500,136,83
823,20.132572782993538,604,2.0,0.3770819902420044,667,718,141,97
663,20.165904857137566,605,2.0,0.46993833780288696,1379,251,56,30
715,20.165904857137566,605,2.0,0.7039729356765747,599,423,132,91
723,20.165904857137566,605,2.0,0.3585410416126251,358,484,82,64
728,20.165904857137566,605,2.0,0.3991564214229584,892,258,67,36
748,20.165904857137566,605,2.0,0.7569396495819092,1138,389,89,57
762,20.165904857137566,605,2.0,0.5756338834762573,1031,381,99,67
778,20.165904857137566,605,2.0,0.4437779188156128,758,325,78,52
789,20.165904857137566,605,2.0,0.6171289682388306,1719,492,119,79
829,20.165904857137566,605,7.0,0.44793519377708435,710,827,327,362
663,20.199236931281593,606,2.0,0.5093878507614136,1380,248,52,29
715,20.199236931281593,606,2.0,0.5885852575302124,582,429,134,94
728,20.199236931281593,606,2.0,0.39734724164009094,885,260,67,36
748,20.199236931281593,606,2.0,0.7265379428863525,1144,385,87,56
762,20.199236931281593,606,2.0,0.5412679314613342,1041,375,100,68
778,20.199236931281593,606,2.0,0.446731835603714,751,328,82,53
789,20.199236931281593,606,2.0,0.6291951537132263,1710,485,115,78
829,20.199236931281593,606,7.0,0.39537513256073,735,807,316,352
663,20.232569005425624,607,2.0,0.6342582106590271,1382,246,50,31
715,20.232569005425624,607,2.0,0.675554096698761,564,438,138,95
728,20.232569005425624,607,2.0,0.6141266822814941,879,261,70,38
748,20.232569005425624,607,2.0,0.7121543884277344,1152,380,89,58
762,20.232569005425624,607,2.0,0.6930645704269409,1050,370,98,66
778,20.232569005425624,607,2.0,0.49569836258888245,741,332,85,53
789,20.232569005425624,607,2.0,0.7607806921005249,1708,480,126,80
829,20.232569005425624,607,62.0,0.27540892362594604,761,780,303,336
795,20.232569005425624,607,2.0,0.3636338710784912,1204,186,36,27
663,20.26590107956965,608,2.0,0.5425769090652466,1383,245,50,31
715,20.26590107956965,608,2.0,0.754916787147522,544,444,139,97
728,20.26590107956965,608,2.0,0.5945367813110352,874,264,70,41
748,20.26590107956965,608,2.0,0.6957023739814758,1160,374,86,55
762,20.26590107956965,608,2.0,0.5992563962936401,1059,364,95,65
778,20.26590107956965,608,2.0,0.5476318597793579,732,334,86,56
789,20.26590107956965,608,2.0,0.6893394589424133,1696,472,112,76
829,20.26590107956965,608,62.0,0.37526053190231323,787,762,288,327
795,20.26590107956965,608,2.0,0.3906394839286804,1201,188,37,25
663,20.299233153713683,609,2.0,0.5178692936897278,1385,244,48,31
715,20.299233153713683,609,2.0,0.7362383604049683,526,452,142,101
728,20.299233153713683,609,2.0,0.43126624822616577,866,267,74,38
748,20.299233153713683,609,2.0,0.6594884395599365,1164,369,86,52
762,20.299233153713683,609,2.0,0.5614439845085144,1067,361,91,60
778,20.299233153713683,609,2.0,0.5870678424835205,722,338,89,58
789,20.299233153713683,609,2.0,0.6530328989028931,1686,465,107,73
829,20.299233153713683,609,2.0,0.47427138686180115,810,740,280,309
795,20.299233153713683,609,2.0,0.40048691630363464,1197,189,38,25
663,20.33256522785771,610,2.0,0.4381479024887085,1388,242,46,29
715,20.33256522785771,610,2.0,0.5613906979560852,507,462,146,102
728,20.33256522785771,610,2.0,0.44088315963745117,857,269,70,38
748,20.33256522785771,610,2.0,0.698455810546875,1170,365,81,51
762,20.33256522785771,610,2.0,0.6062316298484802,1076,355,89,61
778,20.33256522785771,610,2.0,0.4971647560596466,711,342,86,58
789,20.33256522785771,610,2.0,0.4925130307674408,1682,460,113,73
829,20.33256522785771,610,2.0,0.42853978276252747,832,720,267,294
795,20.33256522785771,610,2.0,0.32057490944862366,1195,190,37,24
846,20.33256522785771,610,2.0,0.38776326179504395,1080,214,47,35
663,20.36589730200174,611,2.0,0.535228431224823,1391,240,48,28
715,20.36589730200174,611,2.0,0.6495562791824341,487,470,149,104
728,20.36589730200174,611,2.0,0.6055158972740173,850,271,72,40
748,20.36589730200174,611,2.0,0.6554995179176331,1174,361,79,51
762,20.36589730200174,611,2.0,0.4543449878692627,1083,351,87,60
778,20.36589730200174,611,2.0,0.5749204754829407,702,346,90,60
789,20.36589730200174,611,2.0,0.492644339799881,1670,452,103,72
829,20.36589730200174,611,2.0,0.4090006351470947,852,702,255,281
795,20.36589730200174,611,2.0,0.2627256214618683,1192,191,39,25
846,20.36589730200174,611,2.0,0.4153045117855072,1075,215,51,35
663,20.39922937614577,612,2.0,0.5695068836212158,1393,239,49,30
715,20.39922937614577,612,2.0,0.6166403293609619,466,479,156,106
728,20.39922937614577,612,2.0,0.5416423082351685,844,272,78,41
748,20.39922937614577,612,2.0,0.7165762782096863,1182,359,80,52
762,20.39922937614577,612,2.0,0.3571132719516754,1092,346,88,58
778,20.39922937614577,612,2.0,0.366558700799942,689,350,92,60
789,20.39922937614577,612,2.0,0.6319956183433533,1667,447,107,74
829,20.39922937614577,612,62.0,0.2979612648487091,873,687,247,275
795,20.39922937614577,612,2.0,0.36107757687568665,1190,191,39,26
846,20.39922937614577,612,2.0,0.4495545029640198,1071,216,52,37
579,20.39922937614577,612,2.0,0.2616688907146454,1407,178,39,37
663,20.432561450289796,613,2.0,0.5664284229278564,1395,236,50,29
715,20.432561450289796,613,2.0,0.717145562171936,445,487,158,108
728,20.432561450289796,613,2.0,0.3810817003250122,837,275,81,42
748,20.432561450289796,613,2.0,0.7091900706291199,1187,353,81,48
762,20.432561450289796,613,2.0,0.608023464679718,1099,341,85,58
778,20.432561450289796,613,2.0,0.550906777381897,679,354,91,61
789,20.432561450289796,613,2.0,0.5718228816986084,1660,441,105,75
829,20.432561450289796,613,2.0,0.3825189173221588,890,673,236,272
795,20.432561450289796,613,2.0,0.34526607394218445,1186,192,42,30
846,20.432561450289796,613,2.0,0.3961806297302246,1067,219,51,35
579,20.432561450289796,613,2.0,0.34849703311920166,1409,177,40,35
663,20.465893524433827,614,2.0,0.5412407517433167,1394,234,50,29
715,20.465893524433827,614,2.0,0.6729028820991516,423,496,165,110
728,20.465893524433827,614,2.0,0.5476552248001099,832,276,82,43
748,20.465893524433827,614,2.0,0.7659053802490234,1194,349,80,52
762,20.465893524433827,614,2.0,0.6454870700836182,1109,337,87,58
778,20.465893524433827,614,2.0,0.5405877828598022,671,359,98,60
789,20.465893524433827,614,2.0,0.6965422034263611,1658,438,109,73
829,20.465893524433827,614,2.0,0.354992538690567,908,657,230,260
795,20.465893524433827,614,2.0,0.39871370792388916,1182,194,42,31
846,20.465893524433827,614,2.0,0.3088950216770172,1062,222,51,32
579,20.465893524433827,614,2.0,0.28678253293037415,1409,176,38,33
858,20.465893524433827,614,2.0,0.5051031708717346,113,566,126,87
663,20.499225598577855,615,2.0,0.5950206518173218,1396,233,51,31
715,20.499225598577855,615,2.0,0.6151896715164185,404,505,158,110
728,20.499225598577855,615,2.0,0.4256269335746765,821,280,77,44
748,20.499225598577855,615,2.0,0.6735060811042786,1199,344,76,51
762,20.499225598577855,615,2.0,0.501896858215332,1117,333,84,59
778,20.499225598577855,615,2.0,0.4519599378108978,658,365,94,60
789,20.499225598577855,615,2.0,0.5904992818832397,1651,433,109,70
829,20.499225598577855,615,2.0,0.3281760811805725,924,644,223,254
795,20.499225598577855,615,2.0,0.45431163907051086,1179,196,43,30
846,20.499225598577855,615,2.0,0.3333682119846344,1059,223,51,32
579,20.499225598577855,615,2.0,0.45920640230178833,1412,175,42,32
858,20.499225598577855,615,2.0,0.4895384907722473,101,574,147,91
663,20.532557672721886,616,2.0,0.509198784828186,1399,232,50,33
715,20.532557672721886,616,2.0,0.45799994468688965,391,515,140,115
728,20.532557672721886,616,2.0,0.5683250427246094,812,283,78,45
748,20.532557672721886,616,2.0,0.6191504597663879,1203,339,73,47
762,20.532557672721886,616,2.0,0.6707274913787842,1124,327,83,55
778,20.532557672721886,616,2.0,0.5532101988792419,646,369,93,62
789,20.532557672721886,616,2.0,0.5958619117736816,1648,429,109,69
829,20.532557672721886,616,2.0,0.40366557240486145,940,629,216,244
795,20.532557672721886,616,2.0,0.43949124217033386,1176,198,43,31
846,20.532557672721886,616,2.0,0.26448023319244385,1056,224,54,33
579,20.532557672721886,616,2.0,0.25676918029785156,1412,174,38,33
858,20.532557672721886,616,2.0,0.5424062609672546,88,583,165,93
663,20.565889746865913,617,2.0,0.48216360807418823,1401,230,50,33
715,20.565889746865913,617,2.0,0.292339950799942,380,524,121,114
728,20.565889746865913,617,2.0,0.1966681033372879,804,286,80,45
748,20.565889746865913,617,2.0,0.5906049013137817,1206,334,70,43
762,20.565889746865913,617,2.0,0.40590330958366394,1128,323,78,52
778,20.565889746865913,617,2.0,0.6013633608818054,634,373,95,62
789,20.565889746865913,617,2.0,0.5938013792037964,1638,423,95,66
829,20.565889746865913,617,2.0,0.43816858530044556,956,616,207,235
795,20.565889746865913,617,2.0,0.3792865574359894,1172,199,42,29
846,20.565889746865913,617,2.0,0.23163221776485443,1051,226,54,33
579,20.565889746865913,617,2.0,0.18148508667945862,1411,173,37,35
858,20.565889746865913,617,2.0,0.35445377230644226,81,594,162,96
663,20.599221821009944,618,2.0,0.4799154996871948,1403,229,51,33
715,20.599221821009944,618,2.0,0.23142877221107483,367,529,95,105
728,20.599221821009944,618,2.0,0.40381160378456116,796,287,83,47
748,20.599221821009944,618,2.0,0.596811830997467,1212,330,70,40
762,20.599221821009944,618,2.0,0.7036964297294617,1135,319,81,51
778,20.599221821009944,618,2.0,0.5836803317070007,623,376,98,67
789,20.599221821009944,618,2.0,0.7083349227905273,1632,417,94,66
829,20.599221821009944,618,2.0,0.3919294774532318,971,602,201,230
795,20.599221821009944,618,2.0,0.4279823899269104,1168,200,42,28
846,20.599221821009944,618,2.0,0.32426005601882935,1045,227,52,32
579,20.599221821009944,618,2.0,0.33487468957901,1414,174,42,36
663,20.632553895153972,619,2.0,0.5141456127166748,1404,226,49,33
728,20.632553895153972,619,7.0,0.17950429022312164,788,290,83,47
748,20.632553895153972,619,2.0,0.5169976949691772,1218,325,70,42
762,20.632553895153972,619,2.0,0.5201687812805176,1141,315,79,52
778,20.632553895153972,619,2.0,0.5594921708106995,613,381,103,69
789,20.632553895153972,619,2.0,0.6970255970954895,1631,413,100,66
829,20.632553895153972,619,7.0,0.16483451426029205,983,589,196,226
795,20.632553895153972,619,2.0,0.28796350955963135,1164,201,41,28
846,20.632553895153972,619,2.0,0.22730062901973724,1040,229,52,34
663,20.665885969298,620,2.0,0.4374880790710449,1405,225,46,30
728,20.665885969298,620,7.0,0.11213277280330658,779,294,85,48
748,20.665885969298,620,2.0,0.6619753837585449,1224,321,66,44
762,20.665885969298,620,2.0,0.5153481364250183,1147,312,80,50
778,20.665885969298,620,2.0,0.49626925587654114,599,385,101,69
789,20.665885969298,620,2.0,0.5758644938468933,1627,409,103,66
829,20.665885969298,620,2.0,0.30009517073631287,997,579,190,216
795,20.665885969298,620,2.0,0.18619127571582794,1160,203,41,30
846,20.665885969298,620,2.0,0.33263126015663147,1036,231,53,35
663,20.69921804344203,621,2.0,0.43191784620285034,1406,222,45,29
728,20.69921804344203,621,7.0,0.14703772962093353,770,297,87,48
748,20.69921804344203,621,2.0,0.6669331192970276,1228,318,63,45
762,20.69921804344203,621,2.0,0.3356083035469055,1154,310,76,48
778,20.69921804344203,621,2.0,0.5854134559631348,585,390,102,70
789,20.69921804344203,621,2.0,0.605297863483429,1625,402,103,68
795,20.69921804344203,621,2.0,0.20121628046035767,1156,204,42,31
846,20.69921804344203,621,2.0,0.33932262659072876,1031,231,55,38
663,20.732550117586058,622,2.0,0.4361073970794678,1408,221,42,29
748,20.732550117586058,622,2.0,0.6084998250007629,1231,315,64,44
762,20.732550117586058,622,2.0,0.23530274629592896,1158,306,69,48
778,20.732550117586058,622,2.0,0.4672645628452301,573,396,110,72
789,20.732550117586058,622,2.0,0.406597763299942,1619,398,102,66
795,20.732550117586058,622,2.0,0.36627665162086487,1152,206,45,31
846,20.732550117586058,622,2.0,0.4991435706615448,1025,233,55,37
881,20.732550117586058,622,2.0,0.4684619605541229,811,1025,285,105
663,20.76588219173009,623,2.0,0.33882108330726624,1410,220,39,28
748,20.76588219173009,623,2.0,0.7206010222434998,1237,313,65,44
762,20.76588219173009,623,2.0,0.31286266446113586,1165,303,68,48
778,20.76588219173009,623,2.0,0.34772181510925293,560,400,104,70
789,20.76588219173009,623,2.0,0.5449146628379822,1615,394,97,63
795,20.76588219173009,623,2.0,0.4267498552799225,1149,208,46,31
846,20.76588219173009,623,2.0,0.38468143343925476,1019,236,51,37
881,20.76588219173009,623,2.0,0.621466875076294,823,1011,307,133
829,20.76588219173009,623,2.0,0.39937666058540344,1034,546,175,199
663,20.799214265874117,624,2.0,0.3074016869068146,1412,216,37,26
748,20.799214265874117,624,2.0,0.6915779113769531,1242,309,64,42
762,20.799214265874117,624,2.0,0.4238988161087036,1172,298,70,46
778,20.799214265874117,624,2.0,0.19914503395557404,541,408,102,66
789,20.799214265874117,624,2.0,0.6530160903930664,1611,388,98,65
795,20.799214265874117,624,2.0,0.38322824239730835,1144,209,41,28
846,20.799214265874117,624,2.0,0.39039093255996704,1013,238,53,37
881,20.799214265874117,624,2.0,0.5453642010688782,838,997,321,161
889,20.799214265874117,624,2.0,0.5116734504699707,109,622,152,137
829,20.799214265874117,624,2.0,0.38999179005622864,1044,534,174,195
663,20.832546340018148,625,2.0,0.3105977773666382,1414,213,39,32
748,20.832546340018148,625,2.0,0.5783386826515198,1246,306,64,38
762,20.832546340018148,625,2.0,0.19905883073806763,1177,294,70,46
778,20.832546340018148,625,2.0,0.18518058955669403,535,412,93,66
789,20.832546340018148,625,2.0,0.5227130055427551,1609,385,98,63
795,20.832546340018148,625,2.0,0.4911165237426758,1141,211,43,28
846,20.832546340018148,625,2.0,0.49512922763824463,1009,240,55,37
881,20.832546340018148,625,2.0,0.7508431673049927,869,982,288,191
889,20.832546340018148,625,2.0,0.5271857976913452,97,629,174,150
829,20.832546340018148,625,7.0,0.22930878400802612,1056,524,168,190
663,20.865878414162175,626,2.0,0.4252551198005676,1415,212,41,33
748,20.865878414162175,626,2.0,0.5819809436798096,1250,303,65,38
762,20.865878414162175,626,2.0,0.34399932622909546,1183,291,69,45
778,20.865878414162175,626,2.0,0.4527093470096588,520,419,108,71
789,20.865878414162175,626,2.0,0.4717583954334259,1594,381,80,58
795,20.865878414162175,626,2.0,0.49489396810531616,1137,212,43,27
846,20.865878414162175,626,2.0,0.44600710272789,1004,242,56,36
881,20.865878414162175,626,2.0,0.8053210973739624,886,966,242,211
889,20.865878414162175,626,2.0,0.5191851854324341,91,642,181,160
829,20.865878414162175,626,7.0,0.2139727622270584,1066,515,163,183
663,20.899210488306206,627,2.0,0.5216096639633179,1417,211,45,32
748,20.899210488306206,627,2.0,0.6605672240257263,1254,301,67,37
762,20.899210488306206,627,2.0,0.49478477239608765,1187,289,67,44
778,20.899210488306206,627,2.0,0.33076775074005127,500,426,103,71
789,20.899210488306206,627,2.0,0.5586223006248474,1584,377,71,56
795,20.899210488306206,627,2.0,0.5359300971031189,1134,214,46,27
846,20.899210488306206,627,2.0,0.4358386695384979,999,243,58,37
881,20.899210488306206,627,2.0,0.8512850403785706,906,942,222,218
889,20.899210488306206,627,2.0,0.44013530015945435,81,645,163,140
829,20.899210488306206,627,7.0,0.1929931491613388,1076,508,157,179
663,20.932542562450234,628,2.0,0.5001468658447266,1419,210,42,30
748,20.932542562450234,628,2.0,0.6449756026268005,1258,296,65,38
762,20.932542562450234,628,2.0,0.5418103933334351,1192,287,67,44
778,20.932542562450234,628,2.0,0.2835378050804138,485,431,108,75
789,20.932542562450234,628,2.0,0.573215126991272,1581,373,69,55
795,20.932542562450234,628,2.0,0.36082834005355835,1129,215,45,28
846,20.932542562450234,628,2.0,0.4488160014152527,992,245,57,35
881,20.932542562450234,628,2.0,0.8588181734085083,930,917,209,210
889,20.932542562450234,628,2.0,0.3465641736984253,66,650,132,120
829,20.932542562450234,628,9.0,0.2584933936595917,1084,501,154,180
663,20.96587463659426,629,2.0,0.2821645140647888,1421,209,41,29
748,20.96587463659426,629,2.0,0.5223223567008972,1261,294,64,37
762,20.96587463659426,629,2.0,0.316440224647522,1197,282,65,45
778,20.96587463659426,629,2.0,0.4803001284599304,471,434,114,76
789,20.96587463659426,629,2.0,0.5634809732437134,1584,369,78,58
795,20.96587463659426,629,2.0,0.5293774604797363,1125,217,46,28
846,20.96587463659426,629,2.0,0.4831487238407135,987,247,59,36
881,20.96587463659426,629,2.0,0.8418720364570618,951,887,199,195
889,20.96587463659426,629,2.0,0.5996121764183044,47,660,94,104
829,20.96587463659426,629,7.0,0.11478342860937119,1094,492,151,174
904,20.96587463659426,629,2.0,0.7866633534431458,466,742,209,136
663,20.999206710738292,630,2.0,0.3163141906261444,1422,208,40,28
748,20.999206710738292,630,2.0,0.63405841588974,1265,291,61,36
762,20.999206710738292,630,2.0,0.45677533745765686,1201,280,64,47
778,20.999206710738292,630,2.0,0.5611575245857239,456,439,119,81
789,20.999206710738292,630,2.0,0.6235087513923645,1585,364,85,60
795,20.999206710738292,630,2.0,0.356515109539032,1121,219,46,30
846,20.999206710738292,630,2.0,0.4147951602935791,982,250,60,35
881,20.999206710738292,630,2.0,0.801392674446106,971,862,194,186
829,20.999206710738292,630,7.0,0.23000358045101166,1103,483,147,169
904,20.999206710738292,630,2.0,0.7985965013504028,489,721,213,131
663,21.03253878488232,631,2.0,0.4362854063510895,1426,208,41,27
748,21.03253878488232,631,2.0,0.5721201300621033,1269,286,59,33
762,21.03253878488232,631,2.0,0.24547234177589417,1206,277,61,46
778,21.03253878488232,631,2.0,0.17123016715049744,444,445,112,80
789,21.03253878488232,631,2.0,0.5265593528747559,1581,360,86,60
795,21.03253878488232,631,2.0,0.37511369585990906,1117,221,47,31
846,21.03253878488232,631,2.0,0.39975759387016296,977,252,61,34
881,21.03253878488232,631,2.0,0.8316742777824402,989,834,189,177
829,21.03253878488232,631,7.0,0.42634278535842896,1112,474,142,160
904,21.03253878488232,631,2.0,0.8644127249717712,523,704,209,134
663,21.06587085902635,632,2.0,0.23628778755664825,1426,206,41,27
748,21.06587085902635,632,2.0,0.48886552453041077,1272,282,58,34
762,21.06587085902635,632,2.0,0.47662365436553955,1210,273,62,46
778,21.06587085902635,632,2.0,0.4203197956085205,423,452,121,81
789,21.06587085902635,632,2.0,0.3428899049758911,1577,356,82,60
795,21.06587085902635,632,2.0,0.312706857919693,1113,222,47,31
846,21.06587085902635,632,2.0,0.35343822836875916,969,254,57,36
881,21.06587085902635,632,2.0,0.835171103477478,1006,810,178,164
829,21.06587085902635,632,7.0,0.21660774946212769,1120,466,140,160
904,21.06587085902635,632,2.0,0.8613453507423401,556,685,204,128
920,21.06587085902635,632,2.0,0.35504475235939026,968,173,86,50
663,21.09920293317038,633,2.0,0.1832987666130066,1428,205,45,28
748,21.09920293317038,633,2.0,0.5200521945953369,1275,280,57,34
762,21.09920293317038,633,2.0,0.5903671383857727,1216,271,63,49
778,21.09920293317038,633,2.0,0.13995786011219025,403,459,134,82
789,21.09920293317038,633,2.0,0.30050936341285706,1576,352,84,60
795,21.09920293317038,633,2.0,0.45201030373573303,1108,224,48,30
846,21.09920293317038,633,2.0,0.3941021263599396,964,256,56,37
881,21.09920293317038,633,2.0,0.8611308336257935,1023,788,170,155
829,21.09920293317038,633,7.0,0.1382637321949005,1128,459,136,154
904,21.09920293317038,633,2.0,0.771756112575531,585,668,195,126
920,21.09920293317038,633,2.0,0.20173488557338715,964,174,88,48
663,21.13253500731441,634,2.0,0.1742558479309082,1430,205,47,28
748,21.13253500731441,634,2.0,0.4642335772514343,1280,279,58,31
762,21.13253500731441,634,2.0,0.4546816945075989,1220,269,62,46
778,21.13253500731441,634,2.0,0.32924237847328186,385,464,128,80
789,21.13253500731441,634,2.0,0.16634584963321686,1573,349,87,58
795,21.13253500731441,634,2.0,0.24782012403011322,1103,226,48,30
846,21.13253500731441,634,2.0,0.32877880334854126,957,258,58,40
881,21.13253500731441,634,2.0,0.8034292459487915,1040,769,168,148
829,21.13253500731441,634,7.0,0.16141702234745026,1136,452,134,150
904,21.13253500731441,634,2.0,0.8078979253768921,614,649,188,124
663,21.165867081458437,635,2.0,0.23197729885578156,1431,205,46,28
748,21.165867081458437,635,2.0,0.3225422203540802,1285,276,58,31
762,21.165867081458437,635,2.0,0.43605560064315796,1223,266,59,41
778,21.165867081458437,635,2.0,0.4977433383464813,375,472,117,83
789,21.165867081458437,635,2.0,0.10376627743244171,1571,345,84,58
795,21.165867081458437,635,2.0,0.21657410264015198,1099,227,50,30
846,21.165867081458437,635,2.0,0.45012757182121277,952,261,58,42
881,21.165867081458437,635,2.0,0.7597305774688721,1056,748,164,138
829,21.165867081458437,635,7.0,0.2645130753517151,1143,446,133,148
904,21.165867081458437,635,2.0,0.8222357034683228,640,631,178,114
927,21.165867081458437,635,2.0,0.5209968686103821,1874,607,89,89
663,21.199199155602464,636,2.0,0.28203240036964417,1432,204,46,28
748,21.199199155602464,636,2.0,0.4629709720611572,1287,273,55,32
762,21.199199155602464,636,2.0,0.5101316571235657,1228,263,58,37
778,21.199199155602464,636,2.0,0.49065884947776794,367,477,100,84
789,21.199199155602464,636,2.0,0.15748198330402374,1560,342,64,54
795,21.199199155602464,636,2.0,0.3200055956840515,1094,228,52,29
846,21.199199155602464,636,2.0,0.4676874279975891,945,263,59,39
881,21.199199155602464,636,2.0,0.8030640482902527,1074,732,167,137
829,21.199199155602464,636,7.0,0.41460415720939636,1151,439,130,147
904,21.199199155602464,636,2.0,0.8125729560852051,666,617,173,115
927,21.199199155602464,636,2.0,0.5413259863853455,1873,604,92,103
663,21.232531229746495,637,2.0,0.1413508504629135,1434,204,44,28
748,21.232531229746495,637,2.0,0.4078017771244049,1290,269,52,34
762,21.232531229746495,637,2.0,0.20629142224788666,1230,261,55,35
778,21.232531229746495,637,2.0,0.4538787603378296,358,477,80,72
789,21.232531229746495,637,2.0,0.30861374735832214,1554,339,53,51
795,21.232531229746495,637,2.0,0.22756671905517578,1089,230,52,33
846,21.232531229746495,637,2.0,0.5020289421081543,937,265,60,39
881,21.232531229746495,637,2.0,0.7479711771011353,1090,715,165,129
829,21.232531229746495,637,7.0,0.48610788583755493,1158,433,127,145
904,21.232531229746495,637,2.0,0.7962062954902649,689,602,168,110
927,21.232531229746495,637,2.0,0.5187538266181946,1868,598,101,107
663,21.265863303890523,638,2.0,0.1275896579027176,1433,200,35,26
748,21.265863303890523,638,2.0,0.43076813220977783,1293,267,51,33
762,21.265863303890523,638,2.0,0.18458527326583862,1233,259,50,32
778,21.265863303890523,638,2.0,0.10424555093050003,339,483,77,64
789,21.265863303890523,638,2.0,0.38717904686927795,1552,336,59,49
795,21.265863303890523,638,2.0,0.32817506790161133,1084,231,52,35
846,21.265863303890523,638,2.0,0.5111339688301086,931,267,60,43
881,21.265863303890523,638,2.0,0.8085187077522278,1104,696,167,132
829,21.265863303890523,638,7.0,0.3000447154045105,1164,426,124,142
904,21.265863303890523,638,2.0,0.8188764452934265,713,587,163,108
927,21.265863303890523,638,2.0,0.6764792799949646,1862,590,112,113
663,21.299195378034554,639,2.0,0.19680900871753693,1433,198,34,24
748,21.299195378034554,639,2.0,0.5154984593391418,1296,265,55,32
762,21.299195378034554,639,2.0,0.2416749745607376,1242,255,53,34
789,21.299195378034554,639,2.0,0.2364230901002884,1547,332,54,46
795,21.299195378034554,639,2.0,0.4220760464668274,1080,232,53,35
846,21.299195378034554,639,2.0,0.6114383935928345,926,269,63,43
881,21.299195378034554,639,2.0,0.8198309540748596,1114,682,157,127
829,21.299195378034554,639,7.0,0.31411606073379517,1172,421,124,138
904,21.299195378034554,639,2.0,0.7953274250030518,734,574,155,102
927,21.299195378034554,639,2.0,0.5812982320785522,1856,582,125,117
663,21.33252745217858,640,2.0,0.21544243395328522,1434,197,35,24
748,21.33252745217858,640,2.0,0.5669335722923279,1299,263,55,31
762,21.33252745217858,640,2.0,0.3879210352897644,1246,253,55,35
789,21.33252745217858,640,2.0,0.33406350016593933,1540,329,43,42
795,21.33252745217858,640,2.0,0.6461000442504883,1075,235,54,34
846,21.33252745217858,640,2.0,0.526596188545227,919,273,64,42
881,21.33252745217858,640,2.0,0.7707847952842712,1120,667,147,117
829,21.33252745217858,640,7.0,0.4066339135169983,1179,416,121,135
904,21.33252745217858,640,2.0,0.7630155086517334,755,562,149,99
927,21.33252745217858,640,2.0,0.6812816858291626,1850,575,136,117
663,21.365859526322613,641,2.0,0.20220986008644104,1436,196,37,23
748,21.365859526322613,641,2.0,0.5532052516937256,1301,261,54,31
762,21.365859526322613,641,2.0,0.4310426414012909,1249,250,54,37
789,21.365859526322613,641,2.0,0.19390231370925903,1539,325,44,44
795,21.365859526322613,641,2.0,0.4048382341861725,1069,239,53,34
846,21.365859526322613,641,2.0,0.5897692441940308,912,276,67,42
881,21.365859526322613,641,2.0,0.7726466059684753,1134,653,147,114
829,21.365859526322613,641,7.0,0.5450412034988403,1185,410,117,134
904,21.365859526322613,641,2.0,0.771146297454834,775,548,145,92
927,21.365859526322613,641,2.0,0.6425987482070923,1845,567,146,117
936,21.365859526322613,641,2.0,0.6492413878440857,548,372,117,65
663,21.39919160046664,642,2.0,0.24964852631092072,1437,196,39,23
748,21.39919160046664,642,2.0,0.3848789632320404,1304,257,49,33
762,21.39919160046664,642,2.0,0.38541534543037415,1252,249,52,38
789,21.39919160046664,642,2.0,0.3989803194999695,1540,323,49,44
795,21.39919160046664,642,2.0,0.5725466012954712,1062,241,53,36
846,21.39919160046664,642,2.0,0.5952473878860474,905,278,72,44
881,21.39919160046664,642,2.0,0.835100531578064,1147,639,148,111
829,21.39919160046664,642,5.0,0.28237318992614746,1190,404,115,129
904,21.39919160046664,642,2.0,0.8277357220649719,794,536,142,92
927,21.39919160046664,642,2.0,0.6989227533340454,1840,558,156,120
936,21.39919160046664,642,2.0,0.47172704339027405,535,375,119,66
939,21.39919160046664,642,2.0,0.6322430968284607,92,531,148,84
663,21.432523674610668,643,2.0,0.21322466433048248,1437,194,38,24
748,21.432523674610668,643,2.0,0.5188285708427429,1308,255,48,31
762,21.432523674610668,643,2.0,0.49078258872032166,1255,246,50,38
789,21.432523674610668,643,2.0,0.2823830246925354,1538,320,45,43
795,21.432523674610668,643,2.0,0.6486363410949707,1057,243,53,37
846,21.432523674610668,643,2.0,0.6493089199066162,897,279,69,44
881,21.432523674610668,643,2.0,0.7747814655303955,1153,626,134,108
829,21.432523674610668,643,7.0,0.4922854006290436,1196,398,112,124
904,21.432523674610668,643,2.0,0.7487412691116333,812,525,138,90
927,21.432523674610668,643,2.0,0.7426273822784424,1831,545,158,112
936,21.432523674610668,643,2.0,0.492062509059906,521,382,123,66
939,21.432523674610668,643,2.0,0.5543761849403381,84,539,159,87
663,21.4658557487547,644,2.0,0.2204791158437729,1440,192,38,27
748,21.4658557487547,644,2.0,0.6450775861740112,1311,254,47,31
762,21.4658557487547,644,2.0,0.535280168056488,1259,243,49,36
789,21.4658557487547,644,2.0,0.3728911578655243,1536,318,44,42
795,21.4658557487547,644,2.0,0.6104919910430908,1051,244,54,38
846,21.4658557487547,644,2.0,0.6358815431594849,889,282,68,45
881,21.4658557487547,644,2.0,0.7741087675094604,1163,614,133,103
829,21.4658557487547,644,7.0,0.49897095561027527,1202,393,111,122
904,21.4658557487547,644,2.0,0.7160919904708862,829,512,132,86
927,21.4658557487547,644,2.0,0.5707552433013916,1825,538,170,106
936,21.4658557487547,644,2.0,0.3908447325229645,509,389,136,66
939,21.4658557487547,644,2.0,0.6017259359359741,71,549,143,87
663,21.499187822898726,645,2.0,0.30177339911460876,1441,190,36,29
748,21.499187822898726,645,2.0,0.6033449769020081,1313,253,46,31
762,21.499187822898726,645,2.0,0.5916320085525513,1262,241,48,35
789,21.499187822898726,645,2.0,0.3901773989200592,1536,315,43,42
795,21.499187822898726,645,2.0,0.5571319460868835,1045,246,53,38
846,21.499187822898726,645,2.0,0.5633063912391663,883,283,68,48
881,21.499187822898726,645,2.0,0.7614144682884216,1171,601,129,99
829,21.499187822898726,645,7.0,0.41908180713653564,1209,387,107,118
904,21.499187822898726,645,2.0,0.6932190656661987,845,504,128,86
927,21.499187822898726,645,2.0,0.47445783019065857,1809,529,156,98
936,21.499187822898726,645,2.0,0.38529446721076965,490,394,130,69
663,21.532519897042757,646,2.0,0.2143886536359787,1442,188,35,31
748,21.532519897042757,646,2.0,0.4803682267665863,1316,253,48,34
762,21.532519897042757,646,2.0,0.39537033438682556,1266,240,47,34
789,21.532519897042757,646,2.0,0.48421284556388855,1537,312,47,43
795,21.532519897042757,646,2.0,0.3570079803466797,1039,249,55,37
846,21.532519897042757,646,2.0,0.5148967504501343,877,285,71,50
881,21.532519897042757,646,2.0,0.7955253720283508,1179,589,122,100
829,21.532519897042757,646,7.0,0.4936405122280121,1213,382,105,115
904,21.532519897042757,646,2.0,0.6007347106933594,862,493,126,83
927,21.532519897042757,646,2.0,0.42600998282432556,1795,520,147,97
936,21.532519897042757,646,2.0,0.26377734541893005,471,399,125,70
663,21.565851971186785,647,2.0,0.31491732597351074,1443,187,34,30
748,21.565851971186785,647,2.0,0.5133795142173767,1318,250,49,34
762,21.565851971186785,647,2.0,0.4657561779022217,1270,239,49,33
789,21.565851971186785,647,2.0,0.5298141241073608,1537,309,46,43
795,21.565851971186785,647,2.0,0.25533077120780945,1034,252,55,36
846,21.565851971186785,647,2.0,0.34433794021606445,868,289,75,49
881,21.565851971186785,647,2.0,0.7656042575836182,1192,578,127,95
829,21.565851971186785,647,7.0,0.302939772605896,1219,378,104,113
904,21.565851971186785,647,2.0,0.3177747428417206,877,483,121,82
927,21.565851971186785,647,2.0,0.5947901010513306,1782,511,143,97
936,21.565851971186785,647,2.0,0.3419088125228882,455,404,129,69
663,21.599184045330816,648,2.0,0.11324109882116318,1443,188,33,27
748,21.599184045330816,648,2.0,0.5747209191322327,1320,247,52,34
762,21.599184045330816,648,2.0,0.509753406047821,1273,237,47,32
789,21.599184045330816,648,2.0,0.42700305581092834,1536,307,47,42
795,21.599184045330816,648,2.0,0.2790830135345459,1027,253,54,35
846,21.599184045330816,648,2.0,0.27972087264060974,858,293,73,46
881,21.599184045330816,648,2.0,0.7544623017311096,1200,568,131,90
829,21.599184045330816,648,7.0,0.4248064458370209,1225,372,105,114
904,21.599184045330816,648,2.0,0.46934327483177185,892,473,117,81
927,21.599184045330816,648,2.0,0.651858925819397,1772,505,134,92
936,21.599184045330816,648,7.0,0.14156314730644226,440,410,133,70
939,21.599184045330816,648,2.0,0.5055229663848877,82,586,165,109
663,21.632516119474843,649,2.0,0.17691825330257416,1444,186,33,28
748,21.632516119474843,649,2.0,0.5048595666885376,1325,246,49,34
762,21.632516119474843,649,2.0,0.511725664138794,1274,235,47,31
789,21.632516119474843,649,2.0,0.43082866072654724,1536,305,49,42
795,21.632516119474843,649,2.0,0.4842149615287781,1022,256,54,36
846,21.632516119474843,649,2.0,0.2286064177751541,848,297,70,44
881,21.632516119474843,649,2.0,0.7997286915779114,1208,558,132,91
829,21.632516119474843,649,7.0,0.34590446949005127,1229,368,104,115
904,21.632516119474843,649,2.0,0.5803468823432922,908,464,118,80
927,21.632516119474843,649,2.0,0.39975783228874207,1761,495,131,93
939,21.632516119474843,649,2.0,0.4706626832485199,73,583,146,91
663,21.66584819361887,650,2.0,0.15958057343959808,1445,185,35,28
748,21.66584819361887,650,2.0,0.38969552516937256,1327,242,42,31
762,21.66584819361887,650,2.0,0.5037547945976257,1278,233,45,32
789,21.66584819361887,650,2.0,0.39037322998046875,1536,302,55,42
795,21.66584819361887,650,2.0,0.5150408148765564,1016,258,57,38
846,21.66584819361887,650,2.0,0.12412247806787491,842,300,72,44
881,21.66584819361887,650,2.0,0.7650337219238281,1213,547,125,90
829,21.66584819361887,650,7.0,0.3129940927028656,1234,365,102,114
904,21.66584819361887,650,2.0,0.7150710821151733,921,455,115,74
927,21.66584819361887,650,2.0,0.42478618025779724,1752,488,128,92
939,21.66584819361887,650,2.0,0.44089850783348083,58,594,116,89
954,21.66584819361887,650,2.0,0.7526247501373291,460,769,186,139
748,21.6991802677629,651,2.0,0.4173310697078705,1329,239,38,26
762,21.6991802677629,651,2.0,0.48759570717811584,1282,231,44,30
789,21.6991802677629,651,2.0,0.21506017446517944,1534,299,56,40
795,21.6991802677629,651,2.0,0.5930664539337158,1009,261,58,40
846,21.6991802677629,651,2.0,0.48538410663604736,832,305,71,41
881,21.6991802677629,651,2.0,0.7542808055877686,1222,537,121,86
829,21.6991802677629,651,7.0,0.44701963663101196,1238,361,99,113
904,21.6991802677629,651,2.0,0.5268198847770691,935,447,111,75
927,21.6991802677629,651,7.0,0.4054349362850189,1744,483,126,91
939,21.6991802677629,651,2.0,0.5045393705368042,43,601,86,83
954,21.6991802677629,651,2.0,0.8364560604095459,478,747,199,130
958,21.6991802677629,651,2.0,0.3808794617652893,1744,484,123,91
936,21.6991802677629,651,2.0,0.3063468635082245,397,429,154,74
748,21.73251234190693,652,2.0,0.49564704298973083,1330,237,38,25
762,21.73251234190693,652,2.0,0.4489591717720032,1284,229,44,29
789,21.73251234190693,652,2.0,0.17853112518787384,1533,298,56,40
795,21.73251234190693,652,2.0,0.5815001130104065,1003,263,61,41
846,21.73251234190693,652,2.0,0.5870239734649658,826,307,76,44
881,21.73251234190693,652,2.0,0.7561393976211548,1230,528,121,83
829,21.73251234190693,652,7.0,0.17262685298919678,1243,358,97,113
904,21.73251234190693,652,2.0,0.6227479577064514,947,440,109,73
927,21.73251234190693,652,2.0,0.5573082566261292,1734,476,122,89
939,21.73251234190693,652,2.0,0.5713123679161072,27,608,54,70
954,21.73251234190693,652,2.0,0.8685997724533081,506,724,200,122
936,21.73251234190693,652,2.0,0.13243377208709717,387,435,141,75
748,21.76584441605096,653,2.0,0.43139541149139404,1331,236,40,24
762,21.76584441605096,653,2.0,0.4848424196243286,1287,228,44,29
789,21.76584441605096,653,2.0,0.15086597204208374,1532,296,58,40
795,21.76584441605096,653,2.0,0.6072369813919067,996,266,60,43
846,21.76584441605096,653,2.0,0.5109197497367859,817,309,74,47
881,21.76584441605096,653,2.0,0.7720965147018433,1234,520,118,83
829,21.76584441605096,653,7.0,0.29211509227752686,1254,354,108,113
904,21.76584441605096,653,2.0,0.5884270668029785,960,432,111,73
927,21.76584441605096,653,2.0,0.6625367999076843,1726,469,118,89
954,21.76584441605096,653,2.0,0.8107298612594604,536,705,195,122
936,21.76584441605096,653,2.0,0.3237564265727997,375,442,124,76
748,21.799176490194988,654,2.0,0.4346291124820709,1333,233,46,26
762,21.799176490194988,654,2.0,0.4512830376625061,1296,226,57,34
789,21.799176490194988,654,2.0,0.14291740953922272,1531,295,61,40
795,21.799176490194988,654,2.0,0.6212501525878906,988,269,60,42
846,21.799176490194988,654,2.0,0.7099553346633911,809,313,78,48
881,21.799176490194988,654,2.0,0.7372344732284546,1242,512,112,79
829,21.799176490194988,654,7.0,0.39111360907554626,1271,351,129,112
904,21.799176490194988,654,2.0,0.6134989261627197,972,425,108,72
927,21.799176490194988,654,2.0,0.7021241188049316,1718,464,117,85
954,21.799176490194988,654,2.0,0.8590816259384155,566,687,189,117
748,21.83250856433902,655,2.0,0.4252338707447052,1338,231,49,30
762,21.83250856433902,655,2.0,0.4031316936016083,1303,224,65,35
789,21.83250856433902,655,2.0,0.1037365198135376,1530,292,58,42
795,21.83250856433902,655,2.0,0.45038655400276184,982,271,60,42
846,21.83250856433902,655,2.0,0.6506081819534302,800,316,80,49
881,21.83250856433902,655,2.0,0.6848037838935852,1249,503,111,77
904,21.83250856433902,655,2.0,0.5295841097831726,984,418,105,71
927,21.83250856433902,655,2.0,0.5544947385787964,1710,458,115,82
954,21.83250856433902,655,2.0,0.8494570255279541,593,669,180,114
962,21.83250856433902,655,2.0,0.41850149631500244,1274,141,38,25
748,21.865840638483046,656,2.0,0.36309754848480225,1341,229,48,30
762,21.865840638483046,656,2.0,0.6190868020057678,1300,221,55,35
795,21.865840638483046,656,2.0,0.5552237629890442,976,273,63,42
846,21.865840638483046,656,2.0,0.5053505897521973,789,320,82,50
881,21.865840638483046,656,2.0,0.6849669814109802,1253,494,107,77
904,21.865840638483046,656,2.0,0.498781681060791,996,411,104,69
927,21.865840638483046,656,2.0,0.45372650027275085,1703,451,117,84
954,21.865840638483046,656,2.0,0.8223045468330383,619,652,174,112
962,21.865840638483046,656,2.0,0.29094624519348145,1272,142,35,25
829,21.865840638483046,656,7.0,0.34638822078704834,1266,340,105,105
748,21.899172712627074,657,2.0,0.37496593594551086,1344,229,47,29
762,21.899172712627074,657,2.0,0.46115541458129883,1301,219,55,34
795,21.899172712627074,657,2.0,0.6509385108947754,967,277,63,44
846,21.899172712627074,657,2.0,0.553646445274353,781,322,87,52
881,21.899172712627074,657,2.0,0.7370659708976746,1256,487,104,75
904,21.899172712627074,657,2.0,0.3479582667350769,1005,405,102,70
927,21.899172712627074,657,2.0,0.7255377769470215,1694,445,110,83
954,21.899172712627074,657,2.0,0.8227376341819763,643,637,167,105
962,21.899172712627074,657,2.0,0.26584696769714355,1271,142,33,27
829,21.899172712627074,657,7.0,0.20989179611206055,1267,338,96,103
748,21.932504786771105,658,2.0,0.2012719362974167,1347,228,43,28
762,21.932504786771105,658,2.0,0.5393722653388977,1303,218,48,33
795,21.932504786771105,658,2.0,0.4380777180194855,959,280,62,45
846,21.932504786771105,658,2.0,0.46077582240104675,772,326,86,53
881,21.932504786771105,658,2.0,0.6035827994346619,1260,479,97,74
904,21.932504786771105,658,2.0,0.38485637307167053,1016,398,102,67
927,21.932504786771105,658,2.0,0.6935126781463623,1685,439,106,82
954,21.932504786771105,658,2.0,0.7994946241378784,667,623,163,102
962,21.932504786771105,658,2.0,0.1558205485343933,1272,142,29,25
829,21.932504786771105,658,7.0,0.3475187420845032,1269,334,93,99
748,21.965836860915132,659,2.0,0.3760145306587219,1345,224,49,29
762,21.965836860915132,659,2.0,0.5795438289642334,1306,216,44,31
795,21.965836860915132,659,2.0,0.3965471088886261,952,284,66,46
846,21.965836860915132,659,2.0,0.3749607801437378,761,330,87,54
881,21.965836860915132,659,2.0,0.6035845875740051,1264,472,91,68
904,21.965836860915132,659,2.0,0.5081982612609863,1025,391,97,65
927,21.965836860915132,659,2.0,0.6254401206970215,1679,434,102,78
954,21.965836860915132,659,2.0,0.8085192441940308,688,610,156,100
962,21.965836860915132,659,2.0,0.17783834040164948,1271,143,34,26
829,21.965836860915132,659,7.0,0.405841201543808,1273,331,89,99
748,21.999168935059163,660,2.0,0.5126725435256958,1344,222,56,31
762,21.999168935059163,660,2.0,0.5381364226341248,1308,215,38,30
795,21.999168935059163,660,2.0,0.49195072054862976,943,286,67,48
846,21.999168935059163,660,2.0,0.5279133915901184,752,332,88,54
881,21.999168935059163,660,2.0,0.5159323811531067,1266,464,85,67
904,21.999168935059163,660,2.0,0.5490430593490601,1034,385,95,63
927,21.999168935059163,660,2.0,0.6053068041801453,1673,430,106,78
954,21.999168935059163,660,2.0,0.8181634545326233,712,599,157,101
962,21.999168935059163,660,2.0,0.11404696851968765,1267,145,37,28
829,21.999168935059163,660,7.0,0.2756785750389099,1283,328,100,98
970,21.999168935059163,660,2.0,0.3828545808792114,1330,220,86,36
748,22.03250100920319,661,2.0,0.6249904632568359,1350,220,49,31
762,22.03250100920319,661,2.0,0.6317931413650513,1311,213,38,29
795,22.03250100920319,661,2.0,0.5439512729644775,935,289,65,48
846,22.03250100920319,661,2.0,0.4140858054161072,744,335,92,57
881,22.03250100920319,661,2.0,0.5799550414085388,1274,458,89,67
904,22.03250100920319,661,2.0,0.6035861968994141,1046,379,97,65
927,22.03250100920319,661,2.0,0.666732668876648,1668,424,101,79
954,22.03250100920319,661,2.0,0.8035613894462585,730,584,148,95
829,22.03250100920319,661,7.0,0.3879099488258362,1284,325,93,97
970,22.03250100920319,661,2.0,0.46278905868530273,1331,219,85,35
971,22.03250100920319,661,2.0,0.5816358923912048,133,518,70,54
748,22.065833083347222,662,2.0,0.6131454110145569,1354,218,43,29
762,22.065833083347222,662,2.0,0.565343976020813,1312,212,39,28
795,22.065833083347222,662,2.0,0.4756881296634674,927,293,65,47
846,22.065833083347222,662,2.0,0.27282318472862244,731,339,90,58
881,22.065833083347222,662,2.0,0.4374677240848541,1277,451,86,68
904,22.065833083347222,662,2.0,0.6178839802742004,1055,374,93,62
927,22.065833083347222,662,2.0,0.6826257705688477,1661,420,99,78
954,22.065833083347222,662,2.0,0.7873497605323792,748,570,139,86
829,22.065833083347222,662,7.0,0.36590927839279175,1287,321,90,95
970,22.065833083347222,662,2.0,0.375586599111557,1333,216,83,33
748,22.09916515749125,663,2.0,0.7204591035842896,1356,216,41,28
762,22.09916515749125,663,2.0,0.64131098985672,1314,211,39,27
795,22.09916515749125,663,2.0,0.35625898838043213,919,295,66,46
846,22.09916515749125,663,2.0,0.2782464623451233,718,345,88,58
881,22.09916515749125,663,2.0,0.688001275062561,1283,445,84,67
904,22.09916515749125,663,2.0,0.5103403925895691,1065,369,92,62
927,22.09916515749125,663,2.0,0.6239159107208252,1656,415,96,76
954,22.09916515749125,663,2.0,0.7837784290313721,767,557,139,85
829,22.09916515749125,663,7.0,0.2898549437522888,1289,316,88,91
970,22.09916515749125,663,2.0,0.5052275657653809,1334,214,80,31
748,22.132497231635277,664,2.0,0.6497045159339905,1357,214,42,26
762,22.132497231635277,664,2.0,0.5906989574432373,1316,210,40,29
795,22.132497231635277,664,2.0,0.32357919216156006,910,300,68,47
846,22.132497231635277,664,2.0,0.35294607281684875,706,348,87,59
881,22.132497231635277,664,2.0,0.6557905673980713,1288,437,86,65
904,22.132497231635277,664,2.0,0.29582616686820984,1074,364,92,60
927,22.132497231635277,664,2.0,0.6349380016326904,1652,410,97,76
954,22.132497231635277,664,2.0,0.7683631777763367,786,545,137,80
829,22.132497231635277,664,7.0,0.30780506134033203,1293,312,84,89
970,22.132497231635277,664,2.0,0.5559887886047363,1336,212,78,31
748,22.165829305779308,665,2.0,0.4282236397266388,1359,213,41,24
762,22.165829305779308,665,2.0,0.39694422483444214,1319,209,42,29
795,22.165829305779308,665,2.0,0.3044912815093994,901,303,71,48
846,22.165829305779308,665,2.0,0.25515422224998474,693,353,88,59
881,22.165829305779308,665,2.0,0.5486125349998474,1291,431,83,65
904,22.165829305779308,665,2.0,0.22084219753742218,1080,358,88,60
927,22.165829305779308,665,2.0,0.6070600152015686,1643,404,93,72
954,22.165829305779308,665,2.0,0.7813394665718079,804,534,135,81
829,22.165829305779308,665,7.0,0.2853538691997528,1295,310,81,89
970,22.165829305779308,665,2.0,0.34874802827835083,1335,209,76,31
975,22.165829305779308,665,2.0,0.4519030749797821,84,535,165,93
748,22.199161379923336,666,2.0,0.4053480327129364,1361,213,40,24
762,22.199161379923336,666,2.0,0.39243003726005554,1322,207,46,31
795,22.199161379923336,666,2.0,0.4772481620311737,892,306,73,49
846,22.199161379923336,666,2.0,0.5232745409011841,682,358,92,59
881,22.199161379923336,666,2.0,0.49998998641967773,1297,425,86,69
904,22.199161379923336,666,2.0,0.34058132767677307,1089,353,85,60
927,22.199161379923336,666,2.0,0.6342834234237671,1637,400,90,70
954,22.199161379923336,666,2.0,0.7754658460617065,823,525,135,79
829,22.199161379923336,666,7.0,0.274130254983902,1298,308,81,89
970,22.199161379923336,666,2.0,0.3640647530555725,1334,207,73,32
975,22.199161379923336,666,2.0,0.1068369671702385,81,537,160,84
748,22.232493454067367,667,2.0,0.44820502400398254,1364,212,40,24
795,22.232493454067367,667,2.0,0.40260908007621765,883,310,73,51
846,22.232493454067367,667,2.0,0.3509919047355652,674,362,99,62
881,22.232493454067367,667,2.0,0.6553134322166443,1300,421,87,66
904,22.232493454067367,667,2.0,0.25228455662727356,1097,349,87,57
927,22.232493454067367,667,2.0,0.5350825190544128,1634,395,91,73
954,22.232493454067367,667,2.0,0.7988075017929077,838,515,127,77
829,22.232493454067367,667,2.0,0.28143686056137085,1301,304,82,88
970,22.232493454067367,667,2.0,0.31798258423805237,1335,206,68,30
975,22.232493454067367,667,2.0,0.1374274045228958,67,535,135,71
748,22.265825528211394,668,2.0,0.4918268024921417,1365,212,40,23
795,22.265825528211394,668,2.0,0.4771799147129059,874,313,77,53
846,22.265825528211394,668,2.0,0.4964290261268616,661,368,100,61
881,22.265825528211394,668,2.0,0.5872100591659546,1304,414,85,65
904,22.265825528211394,668,2.0,0.4117690324783325,1103,345,83,56
927,22.265825528211394,668,2.0,0.599714994430542,1630,391,90,74
954,22.265825528211394,668,2.0,0.6978128552436829,852,507,126,78
829,22.265825528211394,668,7.0,0.2093874216079712,1305,302,80,87
970,22.265825528211394,668,2.0,0.30141445994377136,1341,204,71,31
748,22.299157602355425,669,2.0,0.4421156644821167,1369,211,37,22
795,22.299157602355425,669,2.0,0.41922158002853394,863,317,78,54
846,22.299157602355425,669,2.0,0.5128812789916992,648,373,99,62
881,22.299157602355425,669,2.0,0.6687615513801575,1307,409,80,61
904,22.299157602355425,669,2.0,0.353860467672348,1112,340,83,57
927,22.299157602355425,669,2.0,0.3746025264263153,1627,387,92,73
954,22.299157602355425,669,2.0,0.6497429609298706,868,497,125,78
829,22.299157602355425,669,7.0,0.17248551547527313,1310,299,75,84
970,22.299157602355425,669,2.0,0.17446330189704895,1346,203,75,31
762,22.299157602355425,669,2.0,0.3519294261932373,1330,201,39,30
748,22.332489676499453,670,2.0,0.3988856375217438,1371,208,36,25
795,22.332489676499453,670,2.0,0.5040887594223022,855,321,79,54
846,22.332489676499453,670,2.0,0.4585570693016052,635,376,100,65
881,22.332489676499453,670,2.0,0.6973007917404175,1310,404,75,60
904,22.332489676499453,670,2.0,0.3994370698928833,1119,336,83,55
927,22.332489676499453,670,2.0,0.5091018080711365,1624,383,94,72
954,22.332489676499453,670,2.0,0.649643063545227,881,488,118,74
829,22.332489676499453,670,7.0,0.22844399511814117,1313,296,75,83
970,22.332489676499453,670,2.0,0.23666472733020782,1349,201,76,33
762,22.332489676499453,670,2.0,0.4834355115890503,1332,200,39,32
748,22.36582175064348,671,2.0,0.17770688235759735,1373,206,36,26
795,22.36582175064348,671,2.0,0.5486661791801453,844,325,78,54
846,22.36582175064348,671,2.0,0.400990754365921,624,382,109,65
881,22.36582175064348,671,2.0,0.6958789825439453,1313,399,73,58
904,22.36582175064348,671,2.0,0.46670717000961304,1127,329,85,54
927,22.36582175064348,671,2.0,0.5189875960350037,1616,378,87,68
954,22.36582175064348,671,2.0,0.610028862953186,895,478,116,74
829,22.36582175064348,671,7.0,0.25964704155921936,1318,293,78,83
762,22.36582175064348,671,2.0,0.35257023572921753,1333,197,36,31
748,22.39915382478751,672,2.0,0.2113252729177475,1373,204,40,28
795,22.39915382478751,672,2.0,0.6858857870101929,833,330,79,55
846,22.39915382478751,672,2.0,0.18064159154891968,609,386,106,66
881,22.39915382478751,672,2.0,0.7221930623054504,1318,395,74,59
904,22.39915382478751,672,2.0,0.32226139307022095,1133,325,81,53
927,22.39915382478751,672,2.0,0.49354588985443115,1611,375,82,65
954,22.39915382478751,672,2.0,0.63284832239151,909,469,115,72
829,22.39915382478751,672,7.0,0.10607780516147614,1318,290,74,81
762,22.39915382478751,672,2.0,0.377690851688385,1335,197,37,30
985,22.39915382478751,672,2.0,0.4502239227294922,1888,612,60,77
986,22.39915382478751,672,7.0,0.37421563267707825,432,875,858,391
748,22.43248589893154,673,2.0,0.3079085052013397,1373,202,42,29
795,22.43248589893154,673,2.0,0.6782010793685913,824,334,85,55
846,22.43248589893154,673,2.0,0.41319039463996887,594,391,105,68
881,22.43248589893154,673,2.0,0.34511369466781616,1322,389,73,58
904,22.43248589893154,673,2.0,0.3595479130744934,1138,322,81,51
927,22.43248589893154,673,2.0,0.5627686381340027,1607,368,76,64
954,22.43248589893154,673,2.0,0.6066989302635193,921,461,111,68
829,22.43248589893154,673,7.0,0.1369234174489975,1321,288,73,78
762,22.43248589893154,673,2.0,0.3226754069328308,1338,197,39,28
985,22.43248589893154,673,2.0,0.6636295318603516,1881,606,76,90
986,22.43248589893154,673,7.0,0.7278226613998413,585,865,579,400
748,22.46581797307557,674,2.0,0.33981284499168396,1374,200,44,28
795,22.46581797307557,674,2.0,0.4712676703929901,812,339,83,55
846,22.46581797307557,674,2.0,0.33311647176742554,579,397,111,70
881,22.46581797307557,674,2.0,0.695443868637085,1324,385,75,58
904,22.46581797307557,674,2.0,0.6432374119758606,1146,319,81,51
927,22.46581797307557,674,2.0,0.6382147669792175,1602,366,76,62
954,22.46581797307557,674,2.0,0.5807672739028931,933,455,109,69
829,22.46581797307557,674,7.0,0.10706747323274612,1324,286,71,75
762,22.46581797307557,674,2.0,0.37237146496772766,1340,196,41,28
985,22.46581797307557,674,2.0,0.7448880076408386,1875,598,88,100
986,22.46581797307557,674,7.0,0.5266456604003906,660,849,477,401
748,22.499150047219597,675,2.0,0.3814800977706909,1376,200,42,28
795,22.499150047219597,675,2.0,0.4500279724597931,801,343,82,55
846,22.499150047219597,675,2.0,0.13861589133739471,566,403,112,72
881,22.499150047219597,675,2.0,0.6661603450775146,1327,381,73,56
904,22.499150047219597,675,2.0,0.551496148109436,1152,316,79,50
927,22.499150047219597,675,2.0,0.6181226372718811,1600,364,76,62
954,22.499150047219597,675,2.0,0.7140522003173828,945,447,107,70
829,22.499150047219597,675,7.0,0.23959441483020782,1337,284,94,78
762,22.499150047219597,675,2.0,0.1697901487350464,1342,196,40,28
985,22.499150047219597,675,2.0,0.7747575044631958,1868,592,101,101
986,22.499150047219597,675,7.0,0.6229314804077148,692,812,440,361
748,22.53248212136363,676,2.0,0.3123660981655121,1374,198,49,28
795,22.53248212136363,676,2.0,0.15618883073329926,789,348,84,57
846,22.53248212136363,676,2.0,0.22465874254703522,551,409,113,72
881,22.53248212136363,676,2.0,0.7447937726974487,1331,378,72,55
904,22.53248212136363,676,2.0,0.2187555879354477,1158,312,75,51
927,22.53248212136363,676,2.0,0.6109685897827148,1597,359,74,61
954,22.53248212136363,676,2.0,0.5618586540222168,958,440,109,69
829,22.53248212136363,676,7.0,0.19787898659706116,1345,282,102,80
762,22.53248212136363,676,2.0,0.2889620065689087,1346,194,44,29
985,22.53248212136363,676,2.0,0.7930364608764648,1862,585,114,102
986,22.53248212136363,676,7.0,0.8108839392662048,719,791,424,351
970,22.53248212136363,676,2.0,0.28989049792289734,1362,194,71,31
748,22.565814195507656,677,2.0,0.33605074882507324,1379,197,43,27
795,22.565814195507656,677,2.0,0.5309022665023804,777,353,86,58
846,22.565814195507656,677,2.0,0.35805708169937134,533,414,112,71
881,22.565814195507656,677,2.0,0.7219890356063843,1334,373,72,51
904,22.565814195507656,677,2.0,0.17539016902446747,1165,308,73,49
927,22.565814195507656,677,2.0,0.7225262522697449,1597,356,80,61
954,22.565814195507656,677,2.0,0.729084312915802,973,433,112,68
829,22.565814195507656,677,7.0,0.19303742051124573,1351,280,105,79
762,22.565814195507656,677,2.0,0.12426447868347168,1347,191,40,28
985,22.565814195507656,677,2.0,0.7868101596832275,1855,576,128,101
986,22.565814195507656,677,7.0,0.7895482778549194,745,776,407,360
970,22.565814195507656,677,2.0,0.24559371173381805,1357,193,55,29
795,22.599146269651687,678,2.0,0.3528149724006653,766,358,92,61
846,22.599146269651687,678,2.0,0.5787513852119446,519,422,120,75
881,22.599146269651687,678,2.0,0.7044828534126282,1336,369,71,52
904,22.599146269651687,678,2.0,0.1737821102142334,1170,305,75,48
927,22.599146269651687,678,2.0,0.7187199592590332,1595,353,86,62
954,22.599146269651687,678,2.0,0.6300540566444397,984,427,113,66
829,22.599146269651687,678,7.0,0.17017456889152527,1351,279,98,75
762,22.599146269651687,678,2.0,0.3183179199695587,1350,190,37,26
985,22.599146269651687,678,2.0,0.7814207673072815,1849,569,140,105
986,22.599146269651687,678,7.0,0.7707626819610596,768,755,393,346
795,22.632478343795714,679,2.0,0.7053969502449036,753,363,93,61
846,22.632478343795714,679,2.0,0.5549479722976685,500,427,116,77
881,22.632478343795714,679,2.0,0.8066592216491699,1340,364,71,54
904,22.632478343795714,679,2.0,0.41905999183654785,1175,301,73,49
927,22.632478343795714,679,2.0,0.7189223170280457,1590,350,79,62
954,22.632478343795714,679,2.0,0.6158814430236816,994,419,111,63
829,22.632478343795714,679,7.0,0.19585710763931274,1345,275,78,74
762,22.632478343795714,679,2.0,0.44433867931365967,1354,189,39,27
985,22.632478343795714,679,2.0,0.7881465554237366,1842,557,150,96
986,22.632478343795714,679,7.0,0.789879560470581,789,737,380,340
748,22.632478343795714,679,2.0,0.3717291057109833,1373,194,60,26
795,22.665810417939742,680,2.0,0.5792021751403809,739,368,94,64
846,22.665810417939742,680,2.0,0.6014868021011353,485,433,119,78
881,22.665810417939742,680,2.0,0.5852851867675781,1344,359,70,54
904,22.665810417939742,680,2.0,0.4523506760597229,1182,297,74,48
927,22.665810417939742,680,2.0,0.6517378687858582,1590,347,83,63
954,22.665810417939742,680,2.0,0.599467933177948,1004,414,107,64
829,22.665810417939742,680,7.0,0.18022598326206207,1354,275,93,75
762,22.665810417939742,680,2.0,0.3705267310142517,1356,187,39,27
985,22.665810417939742,680,2.0,0.7614699006080627,1837,548,160,95
986,22.665810417939742,680,7.0,0.7852339744567871,811,723,369,336
748,22.665810417939742,680,2.0,0.42440271377563477,1379,191,51,26
795,22.699142492083773,681,2.0,0.5809875726699829,728,373,96,68
846,22.699142492083773,681,2.0,0.6487210988998413,468,440,119,79
881,22.699142492083773,681,2.0,0.34722015261650085,1344,356,70,54
904,22.699142492083773,681,2.0,0.4969528615474701,1187,294,72,47
927,22.699142492083773,681,2.0,0.5816588401794434,1589,344,85,64
954,22.699142492083773,681,2.0,0.577769935131073,1014,408,105,65
829,22.699142492083773,681,7.0,0.24524244666099548,1358,273,97,74
985,22.699142492083773,681,2.0,0.6327831149101257,1830,538,166,91
986,22.699142492083773,681,7.0,0.8549013137817383,831,706,350,325
748,22.699142492083773,681,2.0,0.4219290614128113,1375,190,62,26
795,22.7324745662278,682,2.0,0.6434093713760376,713,379,100,68
846,22.7324745662278,682,2.0,0.4746967852115631,450,447,122,83
881,22.7324745662278,682,2.0,0.5536016821861267,1345,353,70,53
904,22.7324745662278,682,2.0,0.4802810549736023,1191,292,69,45
927,22.7324745662278,682,2.0,0.5991915464401245,1586,341,84,63
954,22.7324745662278,682,2.0,0.5405465364456177,1024,402,102,64
829,22.7324745662278,682,7.0,0.25322529673576355,1362,269,99,70
985,22.7324745662278,682,2.0,0.7339833974838257,1813,527,150,82
986,22.7324745662278,682,7.0,0.7912489175796509,850,689,339,314
748,22.7324745662278,682,2.0,0.41353312134742737,1376,189,61,26
970,22.7324745662278,682,2.0,0.4322686195373535,1367,187,57,28
795,22.76580664037183,683,2.0,0.5110334157943726,698,385,100,67
846,22.76580664037183,683,2.0,0.5430036187171936,432,454,125,82
881,22.76580664037183,683,2.0,0.5558477640151978,1349,350,69,51
904,22.76580664037183,683,2.0,0.40044569969177246,1195,289,67,44
927,22.76580664037183,683,2.0,0.602302610874176,1580,337,77,60
954,22.76580664037183,683,2.0,0.622479259967804,1031,396,97,62
829,22.76580664037183,683,7.0,0.11428885161876678,1364,266,98,69
985,22.76580664037183,683,2.0,0.771796464920044,1798,519,139,84
986,22.76580664037183,683,7.0,0.8510370850563049,870,671,327,303
748,22.76580664037183,683,2.0,0.5143797993659973,1378,189,60,25
970,22.76580664037183,683,2.0,0.5040682554244995,1372,186,65,30
795,22.79913871451586,684,2.0,0.48935458064079285,682,392,100,68
846,22.79913871451586,684,2.0,0.5741368532180786,413,461,129,85
881,22.79913871451586,684,2.0,0.23302030563354492,1351,345,67,52
904,22.79913871451586,684,2.0,0.48435911536216736,1201,286,66,45
927,22.79913871451586,684,2.0,0.6553999781608582,1579,334,79,58
954,22.79913871451586,684,2.0,0.5207000374794006,1042,389,100,61
829,22.79913871451586,684,7.0,0.10786154121160507,1363,263,92,68
985,22.79913871451586,684,2.0,0.8009448051452637,1784,511,129,82
986,22.79913871451586,684,7.0,0.8236244320869446,887,656,316,296
748,22.79913871451586,684,2.0,0.4817507266998291,1382,189,52,24
970,22.79913871451586,684,2.0,0.4939284920692444,1375,185,65,30
994,22.79913871451586,684,2.0,0.3485279679298401,1513,239,42,30
795,22.83247078865989,685,2.0,0.4573686718940735,668,398,108,70
846,22.83247078865989,685,2.0,0.25449812412261963,395,469,130,84
881,22.83247078865989,685,2.0,0.3109564781188965,1353,343,66,50
904,22.83247078865989,685,2.0,0.34638020396232605,1206,285,67,45
927,22.83247078865989,685,2.0,0.5088825225830078,1571,330,68,56
954,22.83247078865989,685,2.0,0.6271675229072571,1050,385,98,61
829,22.83247078865989,685,7.0,0.12447436153888702,1366,262,86,73
985,22.83247078865989,685,2.0,0.7701796293258667,1773,504,121,77
986,22.83247078865989,685,7.0,0.8071734309196472,903,639,304,284
748,22.83247078865989,685,2.0,0.4496796429157257,1388,189,41,24
970,22.83247078865989,685,2.0,0.43914595246315,1376,187,68,28
994,22.83247078865989,685,2.0,0.3850950300693512,1514,238,41,29
795,22.865802862803918,686,2.0,0.4083935618400574,654,405,107,72
846,22.865802862803918,686,2.0,0.4303213059902191,381,477,118,85
881,22.865802862803918,686,2.0,0.6625131964683533,1355,339,65,46
904,22.865802862803918,686,2.0,0.5341206192970276,1210,282,65,47
927,22.865802862803918,686,2.0,0.5224513411521912,1571,328,69,56
954,22.865802862803918,686,2.0,0.6255322098731995,1058,379,96,62
829,22.865802862803918,686,7.0,0.21322305500507355,1371,262,93,69
985,22.865802862803918,686,2.0,0.6663655638694763,1764,496,119,77
986,22.865802862803918,686,7.0,0.7217209935188293,919,624,296,277
748,22.865802862803918,686,2.0,0.43542957305908203,1393,188,39,23
970,22.865802862803918,686,2.0,0.3715662956237793,1378,186,70,28
994,22.865802862803918,686,2.0,0.3643352687358856,1513,237,43,31
996,22.865802862803918,686,2.0,0.41457104682922363,1217,162,39,25
795,22.899134936947945,687,2.0,0.40613123774528503,637,411,107,72
846,22.899134936947945,687,2.0,0.5132749080657959,369,482,103,84
881,22.899134936947945,687,2.0,0.5921943187713623,1358,336,65,46
904,22.899134936947945,687,2.0,0.5980625748634338,1216,278,65,46
927,22.899134936947945,687,2.0,0.5039331316947937,1568,324,65,58
954,22.899134936947945,687,2.0,0.6670974493026733,1067,375,94,59
829,22.899134936947945,687,7.0,0.11906971037387848,1361,259,74,65
985,22.899134936947945,687,2.0,0.6260837316513062,1756,489,121,77
986,22.899134936947945,687,7.0,0.8314923644065857,934,611,289,273
748,22.899134936947945,687,2.0,0.4100978970527649,1395,189,38,21
970,22.899134936947945,687,2.0,0.2880260944366455,1379,185,71,28
994,22.899134936947945,687,2.0,0.3776901662349701,1514,236,44,32
996,22.899134936947945,687,2.0,0.29311251640319824,1215,162,37,25
795,22.932467011091976,688,2.0,0.6413543820381165,620,418,111,75
846,22.932467011091976,688,2.0,0.33559298515319824,358,487,81,79
881,22.932467011091976,688,2.0,0.52118319272995,1360,333,66,47
904,22.932467011091976,688,2.0,0.6750336289405823,1221,274,64,46
927,22.932467011091976,688,2.0,0.4228178560733795,1566,321,66,58
954,22.932467011091976,688,2.0,0.39980775117874146,1073,369,90,57
829,22.932467011091976,688,7.0,0.10118629038333893,1361,258,73,68
985,22.932467011091976,688,2.0,0.729672908782959,1745,483,117,77
986,22.932467011091976,688,7.0,0.7710121273994446,949,598,280,262
748,22.932467011091976,688,2.0,0.3358660936355591,1392,187,44,23
970,22.932467011091976,688,2.0,0.235899418592453,1380,183,71,29
994,22.932467011091976,688,2.0,0.28570133447647095,1513,236,45,32
996,22.932467011091976,688,2.0,0.3686169981956482,1213,163,35,27
795,22.965799085236004,689,2.0,0.6379581689834595,605,425,113,76
846,22.965799085236004,689,2.0,0.127969428896904,350,495,62,73
881,22.965799085236004,689,2.0,0.5338360667228699,1362,330,66,46
904,22.965799085236004,689,2.0,0.55621737241745,1224,271,64,45
927,22.965799085236004,689,2.0,0.492739737033844,1565,318,64,56
954,22.965799085236004,689,2.0,0.5637145638465881,1082,365,89,55
829,22.965799085236004,689,2.0,0.1133919209241867,1362,255,68,69
985,22.965799085236004,689,2.0,0.7181726098060608,1741,477,121,75
986,22.965799085236004,689,7.0,0.6298273205757141,964,586,272,254
748,22.965799085236004,689,2.0,0.36147016286849976,1395,185,42,25
970,22.965799085236004,689,2.0,0.21558931469917297,1383,182,69,31
994,22.965799085236004,689,2.0,0.26522427797317505,1514,234,45,32
996,22.965799085236004,689,2.0,0.3631041646003723,1211,164,34,28
795,22.999131159380035,690,2.0,0.514698326587677,586,431,118,76
881,22.999131159380035,690,2.0,0.6312711834907532,1363,327,64,42
904,22.999131159380035,690,2.0,0.5537492036819458,1228,269,61,44
927,22.999131159380035,690,2.0,0.5117053985595703,1563,315,64,56
954,22.999131159380035,690,2.0,0.48710915446281433,1089,360,87,54
829,22.999131159380035,690,7.0,0.15492133796215057,1362,253,64,67
985,22.999131159380035,690,2.0,0.7184921503067017,1731,473,118,76
986,22.999131159380035,690,7.0,0.694560706615448,979,576,264,252
748,22.999131159380035,690,2.0,0.31474432349205017,1396,185,41,25
970,22.999131159380035,690,2.0,0.19147557020187378,1385,181,66,31
994,22.999131159380035,690,2.0,0.22304154932498932,1514,233,45,32
996,22.999131159380035,690,2.0,0.4034968614578247,1210,165,39,28
1000,22.999131159380035,690,2.0,0.30421221256256104,1903,349,31,28
795,23.032463233524062,691,2.0,0.5541644096374512,568,438,119,79
881,23.032463233524062,691,2.0,0.6699244976043701,1365,324,62,41
904,23.032463233524062,691,2.0,0.5414514541625977,1231,266,61,43
927,23.032463233524062,691,2.0,0.5745330452919006,1561,312,66,56
954,23.032463233524062,691,2.0,0.43470335006713867,1096,354,89,56
829,23.032463233524062,691,7.0,0.1545235961675644,1375,251,85,65
985,23.032463233524062,691,2.0,0.6667161583900452,1726,467,124,77
986,23.032463233524062,691,7.0,0.7740510702133179,991,562,257,242
748,23.032463233524062,691,2.0,0.12883500754833221,1397,184,41,24
994,23.032463233524062,691,2.0,0.24140991270542145,1515,232,45,33
996,23.032463233524062,691,2.0,0.4519297480583191,1206,166,37,27
1000,23.032463233524062,691,2.0,0.2835509777069092,1902,348,33,29
795,23.065795307668093,692,2.0,0.6459195017814636,549,446,125,84
881,23.065795307668093,692,2.0,0.6616197228431702,1366,320,61,42
904,23.065795307668093,692,2.0,0.24543508887290955,1235,263,54,41
927,23.065795307668093,692,2.0,0.5531043410301208,1558,309,63,53
954,23.065795307668093,692,2.0,0.5562324523925781,1103,350,87,53
829,23.065795307668093,692,7.0,0.11570531129837036,1382,249,90,65
985,23.065795307668093,692,2.0,0.7250040173530579,1714,458,115,72
986,23.065795307668093,692,7.0,0.810344398021698,1004,550,250,228
748,23.065795307668093,692,2.0,0.11719844490289688,1399,182,41,27
994,23.065795307668093,692,2.0,0.10852896422147751,1517,229,43,31
996,23.065795307668093,692,2.0,0.39173924922943115,1203,166,35,26
1000,23.065795307668093,692,2.0,0.26097026467323303,1902,347,34,29
795,23.09912738181212,693,2.0,0.44015786051750183,530,455,129,84
881,23.09912738181212,693,2.0,0.6308654546737671,1367,316,63,44
904,23.09912738181212,693,2.0,0.2817285358905792,1241,260,54,39
927,23.09912738181212,693,2.0,0.48848453164100647,1557,308,63,51
954,23.09912738181212,693,2.0,0.591496467590332,1110,347,84,53
829,23.09912738181212,693,2.0,0.2500419318675995,1387,249,89,63
985,23.09912738181212,693,2.0,0.6781160831451416,1702,451,106,67
986,23.09912738181212,693,7.0,0.6262596845626831,1016,540,243,221
748,23.09912738181212,693,2.0,0.1482393890619278,1403,184,37,24
996,23.09912738181212,693,2.0,0.4191010594367981,1201,168,33,27
1000,23.09912738181212,693,2.0,0.2640092670917511,1902,348,32,29
795,23.13245945595615,694,2.0,0.5799069404602051,510,465,129,86
881,23.13245945595615,694,2.0,0.5105031728744507,1369,314,60,43
904,23.13245945595615,694,2.0,0.2232799530029297,1245,259,53,39
927,23.13245945595615,694,2.0,0.39787557721138,1557,307,66,50
954,23.13245945595615,694,2.0,0.6359763145446777,1116,342,84,52
829,23.13245945595615,694,7.0,0.21007834374904633,1389,247,90,63
985,23.13245945595615,694,2.0,0.7144120931625366,1693,445,99,67
986,23.13245945595615,694,7.0,0.6547921299934387,1027,531,235,217
996,23.13245945595615,694,2.0,0.3635244071483612,1198,170,33,26
1000,23.13245945595615,694,2.0,0.2535991370677948,1902,348,33,29
795,23.16579153010018,695,2.0,0.5110593438148499,490,473,132,87
881,23.16579153010018,695,2.0,0.6711921691894531,1371,312,60,42
904,23.16579153010018,695,2.0,0.2665020823478699,1248,256,54,37
927,23.16579153010018,695,2.0,0.2566913068294525,1554,304,63,49
954,23.16579153010018,695,2.0,0.5995009541511536,1125,338,83,51
829,23.16579153010018,695,7.0,0.14973632991313934,1390,244,86,62
985,23.16579153010018,695,2.0,0.7670483589172363,1686,439,95,69
986,23.16579153010018,695,7.0,0.623236894607544,1038,523,228,217
996,23.16579153010018,695,2.0,0.37573757767677307,1197,171,37,25
1000,23.16579153010018,695,2.0,0.27406325936317444,1903,349,32,28
795,23.199123604244207,696,2.0,0.5061110854148865,469,482,136,91
881,23.199123604244207,696,2.0,0.5996854901313782,1373,309,58,43
904,23.199123604244207,696,2.0,0.3377457857131958,1251,254,54,38
927,23.199123604244207,696,2.0,0.20853398740291595,1550,301,54,47
954,23.199123604244207,696,2.0,0.5602726340293884,1132,333,81,48
829,23.199123604244207,696,7.0,0.215684175491333,1391,240,86,65
985,23.199123604244207,696,2.0,0.7758936285972595,1684,435,104,70
986,23.199123604244207,696,7.0,0.6106144785881042,1049,512,222,212
996,23.199123604244207,696,2.0,0.46219831705093384,1193,174,36,24
1000,23.199123604244207,696,2.0,0.27817484736442566,1903,349,32,28
795,23.232455678388238,697,2.0,0.5986468195915222,447,492,140,92
881,23.232455678388238,697,2.0,0.6805175542831421,1375,308,57,42
904,23.232455678388238,697,2.0,0.4586922526359558,1256,252,57,39
927,23.232455678388238,697,2.0,0.47266873717308044,1550,298,58,48
954,23.232455678388238,697,2.0,0.706514835357666,1137,329,81,50
829,23.232455678388238,697,7.0,0.23879781365394592,1393,240,86,61
985,23.232455678388238,697,2.0,0.7204101085662842,1674,430,95,68
986,23.232455678388238,697,7.0,0.6336719989776611,1062,504,218,206
996,23.232455678388238,697,2.0,0.4693879783153534,1191,175,37,24
1000,23.232455678388238,697,2.0,0.2654319107532501,1902,348,33,29
1002,23.232455678388238,697,2.0,0.5795876979827881,95,579,161,114
795,23.265787752532265,698,2.0,0.6204401850700378,424,501,145,95
881,23.265787752532265,698,2.0,0.744593620300293,1376,306,58,41
904,23.265787752532265,698,2.0,0.3842146694660187,1260,247,54,39
927,23.265787752532265,698,2.0,0.5501840114593506,1554,295,66,51
954,23.265787752532265,698,2.0,0.5284730195999146,1142,323,79,48
829,23.265787752532265,698,7.0,0.2796928286552429,1395,239,88,63
985,23.265787752532265,698,2.0,0.7337541580200195,1668,425,95,67
986,23.265787752532265,698,7.0,0.6249237060546875,1070,495,212,201
996,23.265787752532265,698,2.0,0.47364628314971924,1189,175,37,25
1000,23.265787752532265,698,2.0,0.25542327761650085,1903,349,32,28
1002,23.265787752532265,698,2.0,0.623245894908905,87,588,166,116
970,23.265787752532265,698,2.0,0.31386280059814453,1397,170,64,27
795,23.299119826676296,699,2.0,0.5282310843467712,403,511,143,95
881,23.299119826676296,699,2.0,0.5360468029975891,1378,303,59,42
904,23.299119826676296,699,2.0,0.5182868838310242,1263,245,52,38
927,23.299119826676296,699,2.0,0.5404381155967712,1554,292,70,53
954,23.299119826676296,699,2.0,0.708931565284729,1149,321,78,47
829,23.299119826676296,699,7.0,0.31686821579933167,1397,239,87,62
985,23.299119826676296,699,2.0,0.6601266264915466,1663,420,94,67
986,23.299119826676296,699,7.0,0.5888348817825317,1080,489,206,199
996,23.299119826676296,699,2.0,0.4630935490131378,1186,176,38,25
1000,23.299119826676296,699,2.0,0.25827062129974365,1903,349,31,28
1002,23.299119826676296,699,2.0,0.4215541481971741,74,602,148,120
970,23.299119826676296,699,2.0,0.2798882722854614,1399,169,61,24
795,23.332451900820324,700,2.0,0.44387513399124146,387,521,127,96
881,23.332451900820324,700,2.0,0.5895901322364807,1379,301,60,40
904,23.332451900820324,700,2.0,0.4943521320819855,1266,243,54,38
927,23.332451900820324,700,2.0,0.305185467004776,1553,290,71,53
954,23.332451900820324,700,2.0,0.6091538667678833,1154,318,75,46
829,23.332451900820324,700,7.0,0.26513469219207764,1394,238,79,63
985,23.332451900820324,700,2.0,0.6324357986450195,1657,415,96,65
986,23.332451900820324,700,7.0,0.5100753903388977,1089,483,200,198
996,23.332451900820324,700,2.0,0.30534160137176514,1184,176,40,26
1000,23.332451900820324,700,2.0,0.24102571606636047,1903,349,30,28
970,23.332451900820324,700,2.0,0.22915814816951752,1401,169,60,25
795,23.36578397496435,701,2.0,0.20415498316287994,373,527,107,88
881,23.36578397496435,701,2.0,0.4158084988594055,1380,295,54,41
904,23.36578397496435,701,2.0,0.3833770453929901,1270,241,52,35
927,23.36578397496435,701,2.0,0.5278151631355286,1553,288,72,54
954,23.36578397496435,701,2.0,0.47581321001052856,1160,314,72,43
829,23.36578397496435,701,7.0,0.14295876026153564,1388,235,63,59
985,23.36578397496435,701,2.0,0.5984453558921814,1647,409,87,62
986,23.36578397496435,701,7.0,0.37844496965408325,1098,473,196,189
996,23.36578397496435,701,2.0,0.1594877988100052,1181,178,38,27
1000,23.36578397496435,701,2.0,0.24836395680904388,1903,349,31,29
970,23.36578397496435,701,2.0,0.3839561641216278,1404,169,57,25
881,23.399116049108382,702,2.0,0.30605489015579224,1380,292,52,41
904,23.399116049108382,702,2.0,0.5543371438980103,1274,240,51,35
927,23.399116049108382,702,2.0,0.4578491747379303,1551,287,70,53
954,23.399116049108382,702,2.0,0.5337162017822266,1166,311,74,42
829,23.399116049108382,702,7.0,0.19218583405017853,1388,232,59,58
985,23.399116049108382,702,2.0,0.6501458287239075,1640,405,85,63
986,23.399116049108382,702,7.0,0.5789692401885986,1108,468,192,188
996,23.399116049108382,702,2.0,0.21176777780056,1178,180,36,28
1000,23.399116049108382,702,2.0,0.2580717206001282,1903,349,31,29
970,23.399116049108382,702,2.0,0.2096053659915924,1405,168,57,23
881,23.43244812325241,703,2.0,0.49609047174453735,1381,289,51,41
904,23.43244812325241,703,2.0,0.5232619047164917,1275,239,51,35
927,23.43244812325241,703,2.0,0.5932864546775818,1542,286,53,47
954,23.43244812325241,703,2.0,0.4111332297325134,1171,308,71,42
829,23.43244812325241,703,7.0,0.15635079145431519,1387,229,56,56
985,23.43244812325241,703,2.0,0.7144227623939514,1640,400,93,64
986,23.43244812325241,703,7.0,0.5839431285858154,1116,460,188,183
996,23.43244812325241,703,2.0,0.17584994435310364,1174,180,36,29
1000,23.43244812325241,703,2.0,0.22953756153583527,1903,349,31,29
970,23.43244812325241,703,2.0,0.2608698606491089,1406,167,53,22
881,23.46578019739644,704,2.0,0.31347721815109253,1383,287,51,41
904,23.46578019739644,704,2.0,0.5073875784873962,1280,237,50,34
927,23.46578019739644,704,2.0,0.49939966201782227,1541,283,52,44
954,23.46578019739644,704,2.0,0.3906066119670868,1176,303,70,43
829,23.46578019739644,704,7.0,0.17465746402740479,1389,228,54,57
985,23.46578019739644,704,2.0,0.7031202912330627,1635,395,90,67
986,23.46578019739644,704,7.0,0.5715366005897522,1125,452,183,181
996,23.46578019739644,704,2.0,0.1402781456708908,1171,181,36,30
1000,23.46578019739644,704,2.0,0.2389984428882599,1903,349,31,29
970,23.46578019739644,704,2.0,0.3430440127849579,1412,167,43,23
881,23.49911227154047,705,2.0,0.3555154800415039,1383,286,53,40
904,23.49911227154047,705,2.0,0.41708898544311523,1284,235,49,33
927,23.49911227154047,705,2.0,0.4762575328350067,1537,281,44,41
954,23.49911227154047,705,2.0,0.28204184770584106,1181,299,69,44
829,23.49911227154047,705,7.0,0.15443477034568787,1390,226,50,55
985,23.49911227154047,705,2.0,0.6670576930046082,1631,391,95,66
986,23.49911227154047,705,7.0,0.47893983125686646,1133,448,179,179
996,23.49911227154047,705,2.0,0.3268664479255676,1169,181,36,29
1000,23.49911227154047,705,2.0,0.25440022349357605,1903,349,31,29
970,23.49911227154047,705,2.0,0.30365294218063354,1415,166,39,22
881,23.5324443456845,706,2.0,0.2718816101551056,1385,285,52,40
904,23.5324443456845,706,2.0,0.36104193329811096,1289,232,51,35
927,23.5324443456845,706,2.0,0.40129774808883667,1536,280,43,40
954,23.5324443456845,706,2.0,0.4571547210216522,1186,297,71,42
829,23.5324443456845,706,7.0,0.19860686361789703,1393,226,54,58
985,23.5324443456845,706,2.0,0.5243421196937561,1625,387,90,63
986,23.5324443456845,706,7.0,0.6419540643692017,1140,438,177,171
996,23.5324443456845,706,2.0,0.21030868589878082,1168,182,39,29
1000,23.5324443456845,706,2.0,0.19602583348751068,1903,349,30,29
970,23.5324443456845,706,2.0,0.2854349613189697,1416,165,40,21
881,23.565776419828527,707,2.0,0.393073707818985,1386,282,51,40
904,23.565776419828527,707,2.0,0.33049800992012024,1292,230,52,34
927,23.565776419828527,707,2.0,0.3634888827800751,1541,278,54,43
954,23.565776419828527,707,2.0,0.6339980363845825,1190,294,68,42
829,23.565776419828527,707,7.0,0.16043873131275177,1394,224,53,58
985,23.565776419828527,707,2.0,0.5101531147956848,1618,383,87,61
986,23.565776419828527,707,7.0,0.6166263222694397,1149,431,174,170
996,23.565776419828527,707,2.0,0.10917652398347855,1165,183,39,28
1000,23.565776419828527,707,2.0,0.18262644112110138,1903,349,31,28
970,23.565776419828527,707,2.0,0.2301153838634491,1421,165,34,21
881,23.599108493972555,708,2.0,0.35485824942588806,1388,281,52,40
904,23.599108493972555,708,2.0,0.4074726998806,1294,228,51,35
927,23.599108493972555,708,2.0,0.43155795335769653,1538,277,49,42
954,23.599108493972555,708,2.0,0.6409143805503845,1196,293,68,41
829,23.599108493972555,708,7.0,0.14062100648880005,1394,223,52,57
985,23.599108493972555,708,2.0,0.48357173800468445,1616,379,88,59
986,23.599108493972555,708,7.0,0.544488251209259,1156,423,168,165
996,23.599108493972555,708,2.0,0.3045833706855774,1161,184,40,29
1000,23.599108493972555,708,2.0,0.1580738127231598,1903,349,31,28
970,23.599108493972555,708,2.0,0.21279510855674744,1417,166,42,21
1015,23.599108493972555,708,2.0,0.6268175840377808,114,624,144,127
881,23.632440568116586,709,2.0,0.31364595890045166,1389,279,52,40
904,23.632440568116586,709,2.0,0.39050716161727905,1297,227,51,36
927,23.632440568116586,709,2.0,0.5183447003364563,1542,276,56,43
954,23.632440568116586,709,2.0,0.38269710540771484,1199,289,64,41
829,23.632440568116586,709,7.0,0.1538240611553192,1395,222,50,56
985,23.632440568116586,709,2.0,0.5564268827438354,1612,375,87,57
986,23.632440568116586,709,7.0,0.5992233753204346,1162,415,164,161
996,23.632440568116586,709,2.0,0.4084949493408203,1160,185,45,31
1000,23.632440568116586,709,2.0,0.14417096972465515,1904,349,30,28
970,23.632440568116586,709,2.0,0.35625898838043213,1416,165,47,23
1015,23.632440568116586,709,2.0,0.1472351849079132,99,636,173,133
881,23.665772642260613,710,2.0,0.27407217025756836,1391,277,53,40
904,23.665772642260613,710,2.0,0.622931182384491,1298,223,51,35
927,23.665772642260613,710,2.0,0.5704967975616455,1542,273,58,41
954,23.665772642260613,710,2.0,0.6173344254493713,1203,287,62,41
829,23.665772642260613,710,7.0,0.12381289899349213,1397,221,48,54
985,23.665772642260613,710,2.0,0.6585850119590759,1610,371,92,57
986,23.665772642260613,710,7.0,0.5528773069381714,1169,410,161,158
996,23.665772642260613,710,2.0,0.4831700026988983,1156,186,42,29
1000,23.665772642260613,710,2.0,0.18969283998012543,1904,349,30,28
970,23.665772642260613,710,2.0,0.3442615270614624,1415,164,50,23
1015,23.665772642260613,710,2.0,0.3033541738986969,92,654,184,143
881,23.699104716404644,711,2.0,0.26457932591438293,1392,277,50,38
904,23.699104716404644,711,2.0,0.6242610812187195,1301,221,47,35
927,23.699104716404644,711,2.0,0.4224855601787567,1538,272,48,39
954,23.699104716404644,711,2.0,0.37434476613998413,1205,285,56,41
829,23.699104716404644,711,7.0,0.14184151589870453,1402,221,58,63
985,23.699104716404644,711,2.0,0.566735029220581,1607,367,94,57
986,23.699104716404644,711,7.0,0.4877322316169739,1176,405,158,161
996,23.699104716404644,711,2.0,0.4292924404144287,1152,188,38,27
1000,23.699104716404644,711,2.0,0.2003883272409439,1903,349,30,28
970,23.699104716404644,711,2.0,0.24414999783039093,1420,163,43,22
1015,23.699104716404644,711,2.0,0.22370661795139313,75,664,150,131
881,23.73243679054867,712,2.0,0.2768844962120056,1393,273,50,41
904,23.73243679054867,712,2.0,0.5534015893936157,1303,220,46,34
927,23.73243679054867,712,2.0,0.3726072907447815,1535,270,41,38
954,23.73243679054867,712,2.0,0.37868478894233704,1213,283,59,44
829,23.73243679054867,712,7.0,0.1488647162914276,1402,231,58,84
985,23.73243679054867,712,2.0,0.6668112874031067,1600,363,84,55
986,23.73243679054867,712,7.0,0.5501132011413574,1183,401,154,156
996,23.73243679054867,712,2.0,0.4085094630718231,1148,190,38,28
1000,23.73243679054867,712,2.0,0.1873871088027954,1904,349,30,28
970,23.73243679054867,712,2.0,0.18582582473754883,1423,163,38,22
1015,23.73243679054867,712,2.0,0.1662551313638687,53,674,107,114
881,23.765768864692703,713,2.0,0.20145291090011597,1395,266,49,42
904,23.765768864692703,713,2.0,0.41861894726753235,1306,218,45,34
927,23.765768864692703,713,2.0,0.4788762927055359,1533,267,40,38
954,23.765768864692703,713,2.0,0.5359135270118713,1218,279,61,43
829,23.765768864692703,713,7.0,0.24982988834381104,1402,233,55,93
985,23.765768864692703,713,2.0,0.6527180075645447,1593,359,78,53
986,23.765768864692703,713,7.0,0.5599634051322937,1189,397,152,152
996,23.765768864692703,713,2.0,0.28075096011161804,1145,191,41,29
1000,23.765768864692703,713,2.0,0.16630405187606812,1903,349,30,28
970,23.765768864692703,713,2.0,0.16489656269550323,1418,161,48,24
881,23.79910093883673,714,2.0,0.43609240651130676,1396,264,49,39
904,23.79910093883673,714,2.0,0.3861787021160126,1309,217,42,33
927,23.79910093883673,714,2.0,0.3435378670692444,1533,265,38,36
954,23.79910093883673,714,2.0,0.4874703884124756,1222,275,61,43
829,23.79910093883673,714,7.0,0.21749314665794373,1402,234,53,97
985,23.79910093883673,714,2.0,0.5288088321685791,1588,355,76,53
986,23.79910093883673,714,7.0,0.5491492748260498,1194,393,147,153
996,23.79910093883673,714,2.0,0.23107987642288208,1141,192,44,32
1000,23.79910093883673,714,2.0,0.16531750559806824,1903,349,30,28
881,23.832433012980758,715,2.0,0.622346818447113,1396,262,49,40
904,23.832433012980758,715,2.0,0.49184226989746094,1312,216,43,32
927,23.832433012980758,715,2.0,0.36923888325691223,1532,264,38,36
954,23.832433012980758,715,2.0,0.569007396697998,1225,273,63,42
829,23.832433012980758,715,7.0,0.1244027242064476,1403,230,51,96
985,23.832433012980758,715,2.0,0.705388605594635,1588,353,82,55
986,23.832433012980758,715,7.0,0.45403358340263367,1199,389,142,149
996,23.832433012980758,715,2.0,0.27965036034584045,1137,194,43,31
1000,23.832433012980758,715,2.0,0.18612857162952423,1902,348,32,29
881,23.86576508712479,716,2.0,0.6223622560501099,1398,261,49,39
904,23.86576508712479,716,2.0,0.5814265608787537,1313,214,42,31
927,23.86576508712479,716,2.0,0.22331617772579193,1531,262,36,35
954,23.86576508712479,716,2.0,0.4718385338783264,1228,270,60,42
829,23.86576508712479,716,7.0,0.10069505125284195,1407,219,54,71
985,23.86576508712479,716,2.0,0.5926509499549866,1585,349,78,54
986,23.86576508712479,716,7.0,0.5350144505500793,1206,383,141,151
996,23.86576508712479,716,2.0,0.2563859224319458,1134,195,42,31
1000,23.86576508712479,716,2.0,0.15422481298446655,1903,349,31,28
881,23.899097161268816,717,2.0,0.6244827508926392,1398,260,51,41
904,23.899097161268816,717,2.0,0.6339676380157471,1316,213,45,29
927,23.899097161268816,717,2.0,0.28404372930526733,1531,259,35,35
954,23.899097161268816,717,2.0,0.49264150857925415,1232,268,58,43
829,23.899097161268816,717,7.0,0.1301223337650299,1409,211,53,56
985,23.899097161268816,717,2.0,0.38171324133872986,1584,346,80,55
986,23.899097161268816,717,7.0,0.46483513712882996,1211,377,139,147
996,23.899097161268816,717,2.0,0.1605324000120163,1132,196,43,31
1000,23.899097161268816,717,2.0,0.15528389811515808,1903,349,31,29
881,23.932429235412847,718,2.0,0.4482383131980896,1399,258,51,42
904,23.932429235412847,718,2.0,0.6432205438613892,1319,212,45,29
927,23.932429235412847,718,2.0,0.2342088520526886,1530,258,36,34
954,23.932429235412847,718,2.0,0.3577703833580017,1237,266,53,41
985,23.932429235412847,718,2.0,0.31471017003059387,1581,342,82,56
986,23.932429235412847,718,7.0,0.4951053857803345,1217,374,135,143
996,23.932429235412847,718,2.0,0.20521749556064606,1129,198,44,29
1000,23.932429235412847,718,2.0,0.1990877240896225,1903,349,31,29
881,23.965761309556875,719,2.0,0.381421834230423,1400,257,48,38
904,23.965761309556875,719,2.0,0.4694281220436096,1321,211,46,31
927,23.965761309556875,719,2.0,0.16155405342578888,1529,257,33,34
954,23.965761309556875,719,2.0,0.3209426701068878,1243,263,56,39
985,23.965761309556875,719,2.0,0.16006462275981903,1575,337,77,56
986,23.965761309556875,719,2.0,0.3857894837856293,1222,368,132,140
996,23.965761309556875,719,2.0,0.37544122338294983,1127,198,46,28
1000,23.965761309556875,719,2.0,0.1669902354478836,1903,349,31,29
881,23.999093383700906,720,2.0,0.33950164914131165,1401,254,49,38
904,23.999093383700906,720,2.0,0.4475279450416565,1324,210,43,30
927,23.999093383700906,720,2.0,0.2440597265958786,1529,256,35,32
954,23.999093383700906,720,2.0,0.24126307666301727,1246,260,55,39
985,23.999093383700906,720,2.0,0.3695552349090576,1569,333,67,52
986,23.999093383700906,720,2.0,0.48926517367362976,1227,366,129,143
996,23.999093383700906,720,2.0,0.40519267320632935,1122,199,43,29
1000,23.999093383700906,720,2.0,0.17250552773475647,1903,349,30,29
1024,23.999093383700906,720,7.0,0.4850232005119324,1225,367,129,145
881,24.032425457844933,721,2.0,0.16756904125213623,1403,253,49,35
904,24.032425457844933,721,2.0,0.5250313878059387,1326,209,40,31
927,24.032425457844933,721,2.0,0.3819320499897003,1530,255,40,32
954,24.032425457844933,721,2.0,0.13916966319084167,1249,257,53,38
985,24.032425457844933,721,2.0,0.35367733240127563,1562,330,59,47
986,24.032425457844933,721,7.0,0.4711546003818512,1229,359,124,138
996,24.032425457844933,721,2.0,0.2710820436477661,1118,200,43,30
881,24.06575753198896,722,2.0,0.36134496331214905,1405,250,49,36
904,24.06575753198896,722,2.0,0.3646085262298584,1329,208,42,30
927,24.06575753198896,722,2.0,0.3661080002784729,1531,254,43,32
954,24.06575753198896,722,2.0,0.14858542382717133,1254,253,55,38
985,24.06575753198896,722,2.0,0.33957135677337646,1558,327,58,47
986,24.06575753198896,722,7.0,0.6354601383209229,1236,354,126,138
996,24.06575753198896,722,2.0,0.2604463994503021,1115,201,44,31
881,24.099089606132992,723,2.0,0.37691378593444824,1406,249,48,35
904,24.099089606132992,723,2.0,0.3034765422344208,1332,206,43,29
927,24.099089606132992,723,2.0,0.19722996652126312,1532,252,43,32
954,24.099089606132992,723,2.0,0.1628699004650116,1258,251,59,39
985,24.099089606132992,723,2.0,0.39595362544059753,1557,324,61,46
986,24.099089606132992,723,7.0,0.6197695136070251,1242,351,124,138
996,24.099089606132992,723,2.0,0.39699307084083557,1110,201,44,34
881,24.13242168027702,724,2.0,0.3445155918598175,1407,247,48,35
904,24.13242168027702,724,2.0,0.5113953948020935,1334,204,44,29
927,24.13242168027702,724,2.0,0.21604092419147491,1532,250,43,33
954,24.13242168027702,724,2.0,0.3797520697116852,1262,249,57,38
985,24.13242168027702,724,2.0,0.4275960326194763,1556,322,61,46
986,24.13242168027702,724,7.0,0.4766583740711212,1247,347,122,136
881,24.16575375442105,725,2.0,0.4010322391986847,1407,246,48,38
904,24.16575375442105,725,2.0,0.3996972143650055,1336,202,44,31
927,24.16575375442105,725,2.0,0.1255602389574051,1531,249,40,35
985,24.16575375442105,725,2.0,0.42701634764671326,1556,319,65,46
986,24.16575375442105,725,7.0,0.570268452167511,1251,343,120,135
881,24.199085828565078,726,2.0,0.3869129717350006,1408,243,48,38
904,24.199085828565078,726,2.0,0.30663713812828064,1338,201,43,30
985,24.199085828565078,726,2.0,0.3869391977787018,1552,312,59,47
986,24.199085828565078,726,7.0,0.45165500044822693,1255,339,118,133
954,24.199085828565078,726,2.0,0.33559131622314453,1266,246,56,40
881,24.23241790270911,727,2.0,0.4384695887565613,1409,241,48,38
904,24.23241790270911,727,2.0,0.31476345658302307,1338,199,41,28
985,24.23241790270911,727,2.0,0.377078652381897,1549,308,59,48
986,24.23241790270911,727,2.0,0.4458732604980469,1258,334,113,127
954,24.23241790270911,727,2.0,0.38972207903862,1270,243,52,37
881,24.265749976853137,728,2.0,0.45157188177108765,1409,240,48,37
904,24.265749976853137,728,2.0,0.21634377539157867,1340,198,43,27
985,24.265749976853137,728,2.0,0.41133877635002136,1545,307,53,45
986,24.265749976853137,728,7.0,0.4028187692165375,1261,332,112,124
954,24.265749976853137,728,2.0,0.39192649722099304,1273,241,50,35
1030,24.265749976853137,728,2.0,0.36076411604881287,1260,335,112,127
1031,24.265749976853137,728,2.0,0.6347357034683228,631,965,283,205
881,24.299082050997168,729,2.0,0.41611453890800476,1409,240,45,38
904,24.299082050997168,729,2.0,0.12946268916130066,1343,196,39,27
985,24.299082050997168,729,2.0,0.42800480127334595,1543,305,52,43
986,24.299082050997168,729,7.0,0.4839915931224823,1266,330,111,121
954,24.299082050997168,729,2.0,0.3520236015319824,1275,240,48,35
1030,24.299082050997168,729,2.0,0.15320861339569092,1265,329,110,120
1031,24.299082050997168,729,2.0,0.5793390274047852,645,943,247,190
996,24.299082050997168,729,2.0,0.43507787585258484,1087,212,44,31
881,24.332414125141195,730,2.0,0.5450395345687866,1409,239,46,37
904,24.332414125141195,730,2.0,0.24582578241825104,1346,195,36,28
985,24.332414125141195,730,2.0,0.32232680916786194,1538,304,47,41
986,24.332414125141195,730,7.0,0.48172903060913086,1271,328,110,119
954,24.332414125141195,730,2.0,0.35954463481903076,1279,240,49,34
1030,24.332414125141195,730,2.0,0.10221781581640244,1269,318,106,121
1031,24.332414125141195,730,2.0,0.6312021017074585,654,920,256,197
996,24.332414125141195,730,2.0,0.3727792203426361,1083,214,44,33
881,24.365746199285223,731,2.0,0.5998091101646423,1411,238,47,38
904,24.365746199285223,731,2.0,0.3180284798145294,1348,194,36,29
985,24.365746199285223,731,2.0,0.4739171266555786,1537,303,46,39
986,24.365746199285223,731,7.0,0.48024728894233704,1274,326,110,121
954,24.365746199285223,731,2.0,0.2308764010667801,1283,237,47,33
1030,24.365746199285223,731,2.0,0.1964399516582489,1274,323,106,121
1031,24.365746199285223,731,2.0,0.661247968673706,690,891,225,178
996,24.365746199285223,731,2.0,0.4252336621284485,1080,215,45,33
881,24.399078273429254,732,2.0,0.613194465637207,1414,235,49,35
904,24.399078273429254,732,2.0,0.23695704340934753,1350,192,34,29
985,24.399078273429254,732,2.0,0.46352580189704895,1537,301,48,37
986,24.399078273429254,732,2.0,0.389277845621109,1279,320,107,121
954,24.399078273429254,732,2.0,0.21909496188163757,1286,235,47,32
1030,24.399078273429254,732,7.0,0.40750929713249207,1279,319,106,121
1031,24.399078273429254,732,2.0,0.7703306674957275,722,865,209,175
996,24.399078273429254,732,2.0,0.39087721705436707,1078,216,49,34
881,24.43241034757328,733,2.0,0.4578072726726532,1416,234,49,35
904,24.43241034757328,733,2.0,0.26456356048583984,1351,190,34,29
985,24.43241034757328,733,2.0,0.530734121799469,1538,299,52,37
986,24.43241034757328,733,7.0,0.23275400698184967,1282,313,105,125
1030,24.43241034757328,733,2.0,0.467300146818161,1282,316,105,121
1031,24.43241034757328,733,2.0,0.8375654816627502,747,843,201,165
996,24.43241034757328,733,2.0,0.4296840727329254,1073,217,51,36
881,24.465742421717312,734,2.0,0.5816394090652466,1417,232,49,33
904,24.465742421717312,734,2.0,0.36689892411231995,1354,187,35,30
985,24.465742421717312,734,2.0,0.4255262017250061,1537,296,53,37
986,24.465742421717312,734,7.0,0.33723464608192444,1285,300,102,144
1031,24.465742421717312,734,2.0,0.7959235906600952,771,822,196,157
996,24.465742421717312,734,2.0,0.3650546967983246,1068,218,51,37
881,24.49907449586134,735,2.0,0.4123404026031494,1418,231,47,32
904,24.49907449586134,735,2.0,0.3832845985889435,1356,186,36,29
985,24.49907449586134,735,2.0,0.39587563276290894,1536,293,54,36
986,24.49907449586134,735,7.0,0.20485909283161163,1291,288,102,167
1031,24.49907449586134,735,2.0,0.78461754322052,794,803,192,152
996,24.49907449586134,735,2.0,0.31134486198425293,1063,221,50,35
1030,24.49907449586134,735,7.0,0.4386231601238251,1288,307,101,130
881,24.53240657000537,736,2.0,0.5121135711669922,1418,230,46,34
904,24.53240657000537,736,2.0,0.28132346272468567,1358,186,36,28
985,24.53240657000537,736,2.0,0.2998514771461487,1535,291,51,36
986,24.53240657000537,736,7.0,0.18135593831539154,1294,286,101,161
1031,24.53240657000537,736,2.0,0.79923415184021,819,783,194,146
996,24.53240657000537,736,2.0,0.38948166370391846,1060,222,49,34
1030,24.53240657000537,736,2.0,0.2975221574306488,1292,308,101,120
881,24.5657386441494,737,2.0,0.4471724331378937,1418,231,45,34
904,24.5657386441494,737,2.0,0.38474100828170776,1360,186,39,28
985,24.5657386441494,737,2.0,0.5517706871032715,1533,289,52,38
986,24.5657386441494,737,7.0,0.22724483907222748,1298,284,96,151
1031,24.5657386441494,737,2.0,0.7361756563186646,842,765,196,140
996,24.5657386441494,737,2.0,0.16178449988365173,1055,224,50,34
1030,24.5657386441494,737,2.0,0.32875269651412964,1297,303,97,115
881,24.599070718293426,738,2.0,0.46341127157211304,1419,229,46,35
904,24.599070718293426,738,2.0,0.4149187505245209,1361,185,39,27
985,24.599070718293426,738,2.0,0.28348201513290405,1530,285,52,38
1031,24.599070718293426,738,2.0,0.8390668630599976,856,747,178,138
996,24.599070718293426,738,2.0,0.3482242524623871,1050,225,52,33
1030,24.599070718293426,738,2.0,0.41817495226860046,1301,301,96,113
881,24.632402792437457,739,2.0,0.35638803243637085,1420,228,46,35
904,24.632402792437457,739,2.0,0.24710866808891296,1362,184,39,26
985,24.632402792437457,739,2.0,0.19564059376716614,1527,282,51,36
1031,24.632402792437457,739,2.0,0.823540985584259,882,730,193,128
996,24.632402792437457,739,2.0,0.1926121711730957,1043,228,46,34
1030,24.632402792437457,739,2.0,0.6278892755508423,1305,297,96,111
881,24.665734866581484,740,2.0,0.31745558977127075,1421,227,45,34
904,24.665734866581484,740,2.0,0.20126551389694214,1363,183,38,26
985,24.665734866581484,740,2.0,0.16476565599441528,1526,281,54,36
1031,24.665734866581484,740,2.0,0.8196825385093689,902,714,193,126
996,24.665734866581484,740,2.0,0.32021066546440125,1038,229,50,37
1030,24.665734866581484,740,2.0,0.45578262209892273,1308,294,94,113
881,24.699066940725515,741,2.0,0.26929596066474915,1422,224,45,31
985,24.699066940725515,741,2.0,0.2633011043071747,1526,280,55,35
1031,24.699066940725515,741,2.0,0.7675544619560242,920,700,189,124
996,24.699066940725515,741,2.0,0.23898057639598846,1034,230,51,39
1030,24.699066940725515,741,2.0,0.48200955986976624,1310,292,93,110
881,24.732399014869543,742,2.0,0.3761340379714966,1423,222,45,30
985,24.732399014869543,742,2.0,0.2953992187976837,1524,278,53,32
1031,24.732399014869543,742,2.0,0.7152929306030273,925,683,165,123
996,24.732399014869543,742,2.0,0.32667699456214905,1028,232,53,39
1030,24.732399014869543,742,7.0,0.233801007270813,1312,290,91,108
1039,24.732399014869543,742,2.0,0.32920488715171814,1345,115,49,24
881,24.765731089013574,743,2.0,0.4102667570114136,1424,220,44,30
985,24.765731089013574,743,2.0,0.23987337946891785,1524,277,53,31
1031,24.765731089013574,743,2.0,0.6974909901618958,938,669,156,117
996,24.765731089013574,743,2.0,0.4895547032356262,1024,235,53,41
1030,24.765731089013574,743,7.0,0.2793707251548767,1315,286,88,113
1039,24.765731089013574,743,2.0,0.36458247900009155,1344,115,51,24
881,24.7990631631576,744,2.0,0.532585620880127,1424,218,44,31
985,24.7990631631576,744,2.0,0.21412068605422974,1525,275,54,32
1031,24.7990631631576,744,2.0,0.6893762946128845,959,656,168,113
996,24.7990631631576,744,2.0,0.3886767327785492,1018,236,50,40
1030,24.7990631631576,744,7.0,0.3148947060108185,1318,283,84,107
1039,24.7990631631576,744,2.0,0.3820592761039734,1344,115,53,24
881,24.83239523730163,745,2.0,0.5434473156929016,1425,216,43,31
985,24.83239523730163,745,2.0,0.20721706748008728,1524,271,51,33
1031,24.83239523730163,745,2.0,0.6936252117156982,963,643,159,108
996,24.83239523730163,745,2.0,0.4488780200481415,1013,239,51,41
1030,24.83239523730163,745,7.0,0.3398430347442627,1321,281,83,104
1039,24.83239523730163,745,2.0,0.3576286733150482,1343,114,53,24
881,24.86572731144566,746,2.0,0.490235835313797,1425,216,42,31
985,24.86572731144566,746,2.0,0.2279372364282608,1522,270,48,31
1031,24.86572731144566,746,2.0,0.7859921455383301,977,633,143,105
996,24.86572731144566,746,2.0,0.3327011466026306,1008,240,54,41
1030,24.86572731144566,746,2.0,0.30792883038520813,1323,279,84,98
1039,24.86572731144566,746,2.0,0.3238080143928528,1343,114,53,24
881,24.899059385589688,747,2.0,0.5195098519325256,1426,214,40,30
985,24.899059385589688,747,2.0,0.3013152778148651,1521,267,45,32
1031,24.899059385589688,747,2.0,0.7365240454673767,1000,621,153,102
996,24.899059385589688,747,2.0,0.36339908838272095,1002,241,56,41
1030,24.899059385589688,747,7.0,0.2544449269771576,1326,274,84,96
1039,24.899059385589688,747,2.0,0.2912819981575012,1344,114,53,24
881,24.93239145973372,748,2.0,0.5945117473602295,1427,212,38,29
985,24.93239145973372,748,2.0,0.25660616159439087,1520,265,43,33
1031,24.93239145973372,748,2.0,0.7707476615905762,1016,611,156,102
996,24.93239145973372,748,2.0,0.4031163156032562,998,243,56,40
1030,24.93239145973372,748,7.0,0.25097015500068665,1329,271,84,97
1039,24.93239145973372,748,2.0,0.21928884088993073,1347,115,47,25
881,24.965723533877746,749,2.0,0.5112478733062744,1429,212,41,28
985,24.965723533877746,749,2.0,0.27105700969696045,1519,264,41,32
1031,24.965723533877746,749,2.0,0.7094419598579407,1026,598,153,99
996,24.965723533877746,749,2.0,0.3347674012184143,992,245,58,40
1030,24.965723533877746,749,2.0,0.16634584963321686,1331,267,83,97
1039,24.965723533877746,749,2.0,0.20436842739582062,1348,115,44,26
881,24.999055608021777,750,2.0,0.3862842321395874,1429,210,41,28
985,24.999055608021777,750,2.0,0.2698134481906891,1518,261,39,32
1031,24.999055608021777,750,2.0,0.7776945233345032,1030,587,139,95
996,24.999055608021777,750,2.0,0.4079371690750122,987,247,61,40
1030,24.999055608021777,750,2.0,0.21714358031749725,1335,270,83,99
1039,24.999055608021777,750,2.0,0.33611372113227844,1345,115,51,27
881,25.032387682165805,751,2.0,0.4026542603969574,1431,209,43,27
985,25.032387682165805,751,2.0,0.11955693364143372,1516,259,37,33
1031,25.032387682165805,751,2.0,0.7106800675392151,1039,577,130,91
996,25.032387682165805,751,2.0,0.4331214427947998,982,250,63,38
1030,25.032387682165805,751,2.0,0.3530255854129791,1338,265,81,88
1039,25.032387682165805,751,2.0,0.3101932108402252,1344,115,53,28
881,25.065719756309832,752,2.0,0.4164672791957855,1433,208,45,27
985,25.065719756309832,752,2.0,0.13426095247268677,1515,256,37,35
1031,25.065719756309832,752,2.0,0.7206363677978516,1051,567,126,89
996,25.065719756309832,752,2.0,0.3392055034637451,975,253,61,38
1030,25.065719756309832,752,2.0,0.4487265944480896,1342,265,79,88
1039,25.065719756309832,752,2.0,0.3300836682319641,1347,116,52,27
881,25.099051830453863,753,2.0,0.3549990952014923,1434,207,45,29
985,25.099051830453863,753,2.0,0.12116728723049164,1515,255,35,34
1031,25.099051830453863,753,2.0,0.7359260320663452,1064,559,131,87
996,25.099051830453863,753,2.0,0.3264290988445282,968,255,58,41
1030,25.099051830453863,753,2.0,0.5294066667556763,1344,262,77,86
1039,25.099051830453863,753,2.0,0.2969920337200165,1343,116,57,27
881,25.13238390459789,754,2.0,0.29732924699783325,1435,205,43,29
1031,25.13238390459789,754,2.0,0.6669614911079407,1069,549,117,83
996,25.13238390459789,754,2.0,0.3606915771961212,960,257,58,44
1030,25.13238390459789,754,2.0,0.5089645385742188,1346,261,75,84
1039,25.13238390459789,754,2.0,0.26474320888519287,1343,116,56,26
881,25.165715978741922,755,2.0,0.2452152520418167,1436,206,42,28
1031,25.165715978741922,755,2.0,0.7320753335952759,1078,539,107,79
996,25.165715978741922,755,2.0,0.3572733402252197,955,259,61,47
1030,25.165715978741922,755,2.0,0.3687845468521118,1349,258,75,82
1039,25.165715978741922,755,2.0,0.12116647511720657,1339,117,60,26
881,25.19904805288595,756,2.0,0.2976910173892975,1435,205,41,29
1031,25.19904805288595,756,2.0,0.771474301815033,1086,529,108,76
996,25.19904805288595,756,2.0,0.4316405653953552,949,261,65,48
1030,25.19904805288595,756,7.0,0.2525055408477783,1349,255,72,81
1048,25.19904805288595,756,2.0,0.4009818732738495,1180,163,35,26
881,25.23238012702998,757,2.0,0.29906660318374634,1438,203,45,30
1031,25.23238012702998,757,2.0,0.7909518480300903,1103,522,115,76
996,25.23238012702998,757,2.0,0.34936797618865967,941,264,61,44
1030,25.23238012702998,757,7.0,0.2834727168083191,1351,253,73,85
1048,25.23238012702998,757,2.0,0.35161563754081726,1179,164,33,25
881,25.265712201174008,758,2.0,0.3462837040424347,1437,204,43,29
1031,25.265712201174008,758,2.0,0.7030656933784485,1113,514,119,76
996,25.265712201174008,758,2.0,0.5422204732894897,934,267,63,45
1030,25.265712201174008,758,7.0,0.33025556802749634,1352,251,73,84
1048,25.265712201174008,758,2.0,0.2992071509361267,1177,164,30,25
881,25.299044275318035,759,2.0,0.3137611448764801,1437,202,40,31
1031,25.299044275318035,759,2.0,0.6505221724510193,1120,506,118,74
996,25.299044275318035,759,2.0,0.612818717956543,929,270,64,43
1030,25.299044275318035,759,7.0,0.22268511354923248,1355,248,72,79
1048,25.299044275318035,759,2.0,0.21340999007225037,1176,165,31,26
881,25.332376349462066,760,2.0,0.2125178873538971,1439,201,39,28
1031,25.332376349462066,760,2.0,0.6570462584495544,1124,498,107,71
996,25.332376349462066,760,2.0,0.38212457299232483,922,272,65,44
1030,25.332376349462066,760,7.0,0.2714204490184784,1358,242,71,80
1048,25.332376349462066,760,2.0,0.2011205106973648,1174,167,34,24
881,25.365708423606094,761,2.0,0.16985252499580383,1441,199,41,25
1031,25.365708423606094,761,2.0,0.6782233119010925,1136,491,108,71
996,25.365708423606094,761,2.0,0.41007065773010254,915,275,67,45
1030,25.365708423606094,761,7.0,0.3537183105945587,1360,242,70,81
1048,25.365708423606094,761,2.0,0.2488383650779724,1171,169,35,21
881,25.399040497750125,762,2.0,0.13377363979816437,1443,198,42,24
1031,25.399040497750125,762,2.0,0.6898443698883057,1146,483,110,70
996,25.399040497750125,762,2.0,0.3101656436920166,906,278,69,46
1030,25.399040497750125,762,7.0,0.36217331886291504,1363,238,69,77
1048,25.399040497750125,762,2.0,0.3341468870639801,1168,170,33,21
881,25.432372571894152,763,2.0,0.16707396507263184,1442,198,39,26
1031,25.432372571894152,763,2.0,0.7648288011550903,1152,476,106,69
996,25.432372571894152,763,2.0,0.522098183631897,898,281,70,46
1030,25.432372571894152,763,7.0,0.3558555543422699,1365,239,69,80
1048,25.432372571894152,763,2.0,0.3320983946323395,1164,171,33,21
881,25.465704646038184,764,2.0,0.15200175344944,1442,198,38,26
1031,25.465704646038184,764,2.0,0.6432188153266907,1157,470,108,68
996,25.465704646038184,764,2.0,0.4381707012653351,892,283,71,48
1030,25.465704646038184,764,7.0,0.3556136190891266,1367,239,68,79
1048,25.465704646038184,764,2.0,0.40963631868362427,1163,172,35,22
881,25.49903672018221,765,2.0,0.1849399358034134,1443,198,39,27
1031,25.49903672018221,765,2.0,0.6401359438896179,1163,463,98,65
996,25.49903672018221,765,2.0,0.2700256407260895,884,284,70,51
1030,25.49903672018221,765,5.0,0.3591417670249939,1369,237,66,76
1048,25.49903672018221,765,2.0,0.42462775111198425,1161,172,36,23
881,25.53236879432624,766,2.0,0.205532968044281,1442,197,37,28
1031,25.53236879432624,766,2.0,0.5472530722618103,1171,458,106,65
996,25.53236879432624,766,2.0,0.36283403635025024,878,287,75,50
1030,25.53236879432624,766,5.0,0.33160528540611267,1371,237,66,74
1048,25.53236879432624,766,2.0,0.3881968557834625,1159,173,36,25
1053,25.53236879432624,766,2.0,0.35965093970298767,1516,235,42,31
881,25.56570086847027,767,2.0,0.24003514647483826,1442,198,36,30
1031,25.56570086847027,767,2.0,0.5167657136917114,1175,451,96,63
996,25.56570086847027,767,2.0,0.31607457995414734,869,290,76,49
1030,25.56570086847027,767,5.0,0.30434948205947876,1372,235,65,74
1048,25.56570086847027,767,2.0,0.4583231508731842,1157,174,35,25
1053,25.56570086847027,767,2.0,0.24051110446453094,1516,232,39,33
881,25.599032942614297,768,2.0,0.21646085381507874,1442,197,36,29
1031,25.599032942614297,768,2.0,0.7024385333061218,1180,444,88,63
996,25.599032942614297,768,2.0,0.1225692480802536,860,294,74,48
1030,25.599032942614297,768,5.0,0.23752720654010773,1374,233,65,79
1048,25.599032942614297,768,2.0,0.3891107439994812,1155,175,35,25
1053,25.599032942614297,768,2.0,0.23973868787288666,1517,233,42,31
881,25.632365016758328,769,2.0,0.3271474540233612,1443,193,36,27
1031,25.632365016758328,769,2.0,0.6174493432044983,1188,438,90,60
996,25.632365016758328,769,2.0,0.22871705889701843,850,299,73,48
1030,25.632365016758328,769,7.0,0.2063492387533188,1377,229,63,81
1048,25.632365016758328,769,2.0,0.22273975610733032,1150,176,37,24
1053,25.632365016758328,769,2.0,0.2542412579059601,1517,231,45,30
881,25.665697090902356,770,2.0,0.3617720305919647,1443,190,34,27
1031,25.665697090902356,770,2.0,0.6341464519500732,1196,432,94,59
996,25.665697090902356,770,2.0,0.3281390964984894,841,302,71,49
1030,25.665697090902356,770,7.0,0.20218431949615479,1378,227,62,76
1048,25.665697090902356,770,2.0,0.2567835748195648,1146,176,35,24
1053,25.665697090902356,770,2.0,0.29035893082618713,1521,230,51,31
881,25.699029165046387,771,2.0,0.3236111104488373,1444,189,34,27
1031,25.699029165046387,771,2.0,0.6537541151046753,1203,428,92,59
996,25.699029165046387,771,2.0,0.6125444173812866,832,306,74,48
1030,25.699029165046387,771,7.0,0.19278426468372345,1381,227,61,78
1048,25.699029165046387,771,2.0,0.20669320225715637,1144,177,36,24
1053,25.699029165046387,771,2.0,0.16655093431472778,1522,229,54,30
881,25.732361239190414,772,2.0,0.26656270027160645,1444,189,34,29
1031,25.732361239190414,772,2.0,0.6146063208580017,1209,423,88,59
996,25.732361239190414,772,2.0,0.16741891205310822,823,308,77,50
1030,25.732361239190414,772,7.0,0.1953505128622055,1383,227,60,76
1048,25.732361239190414,772,2.0,0.24244201183319092,1142,177,37,25
1053,25.732361239190414,772,2.0,0.18601445853710175,1523,227,53,31
881,25.765693313334445,773,2.0,0.1693396121263504,1445,188,34,30
1031,25.765693313334445,773,2.0,0.6116164922714233,1213,417,89,56
996,25.765693313334445,773,2.0,0.2229011207818985,816,311,79,53
1030,25.765693313334445,773,2.0,0.3251335322856903,1384,227,61,80
1048,25.765693313334445,773,2.0,0.12743762135505676,1139,178,38,26
1053,25.765693313334445,773,2.0,0.19557982683181763,1524,224,52,34
881,25.799025387478473,774,2.0,0.20009201765060425,1445,188,35,28
1031,25.799025387478473,774,2.0,0.640972375869751,1216,411,86,56
996,25.799025387478473,774,2.0,0.2840890884399414,806,315,79,53
1030,25.799025387478473,774,7.0,0.2682356834411621,1386,225,60,79
1048,25.799025387478473,774,2.0,0.16716091334819794,1135,178,40,27
1053,25.799025387478473,774,2.0,0.22745658457279205,1523,222,50,35
881,25.8323574616225,775,2.0,0.15696212649345398,1447,187,33,26
1031,25.8323574616225,775,2.0,0.5871621966362,1222,407,84,56
996,25.8323574616225,775,2.0,0.6019628643989563,796,319,82,54
1030,25.8323574616225,775,7.0,0.3201000392436981,1387,222,59,80
1053,25.8323574616225,775,2.0,0.26079684495925903,1523,222,51,35
1031,25.86568953576653,776,2.0,0.653866708278656,1226,402,77,55
996,25.86568953576653,776,2.0,0.41920486092567444,786,323,82,55
1030,25.86568953576653,776,7.0,0.14413239061832428,1388,218,56,80
1053,25.86568953576653,776,2.0,0.33470451831817627,1523,220,50,36
1031,25.89902160991056,777,2.0,0.6515153646469116,1232,396,82,55
996,25.89902160991056,777,2.0,0.3759633004665375,778,326,89,58
1030,25.89902160991056,777,7.0,0.26617392897605896,1390,219,59,80
1053,25.89902160991056,777,2.0,0.39622485637664795,1522,219,46,32
1031,25.93235368405459,778,2.0,0.705423891544342,1238,391,84,54
996,25.93235368405459,778,2.0,0.5534159541130066,766,330,86,55
1030,25.93235368405459,778,7.0,0.2557333707809448,1392,217,58,78
1053,25.93235368405459,778,2.0,0.25678667426109314,1523,218,46,31
1031,25.965685758198617,779,2.0,0.741226851940155,1243,387,86,53
996,25.965685758198617,779,2.0,0.4156956970691681,754,332,88,58
1030,25.965685758198617,779,7.0,0.2715277671813965,1392,217,59,76
1053,25.965685758198617,779,2.0,0.13165491819381714,1523,216,45,31
1031,25.99901783234265,780,2.0,0.625339150428772,1246,384,82,53
996,25.99901783234265,780,2.0,0.36082902550697327,744,336,91,59
1030,25.99901783234265,780,7.0,0.28188198804855347,1394,215,56,72
1053,25.99901783234265,780,2.0,0.1900465041399002,1522,214,41,31
1031,26.032349906486676,781,2.0,0.671317994594574,1252,380,81,53
996,26.032349906486676,781,2.0,0.23732486367225647,732,341,90,60
1030,26.032349906486676,781,5.0,0.15919022262096405,1395,214,55,71
1053,26.032349906486676,781,2.0,0.273685485124588,1521,212,35,31
1031,26.065681980630703,782,2.0,0.6258088946342468,1253,373,77,50
996,26.065681980630703,782,2.0,0.3030269742012024,719,345,88,58
1030,26.065681980630703,782,5.0,0.16178153455257416,1397,214,55,73
1053,26.065681980630703,782,2.0,0.21351103484630585,1520,212,32,29
1031,26.099014054774734,783,2.0,0.6481747627258301,1258,369,78,48
996,26.099014054774734,783,2.0,0.2117069810628891,706,350,87,59
1030,26.099014054774734,783,5.0,0.12268108874559402,1398,214,56,72
1053,26.099014054774734,783,2.0,0.26733270287513733,1521,211,35,30
1048,26.099014054774734,783,2.0,0.4087511897087097,1107,188,37,25
1031,26.132346128918762,784,2.0,0.5562451481819153,1262,366,83,48
996,26.132346128918762,784,2.0,0.3288101255893707,695,354,88,61
1030,26.132346128918762,784,9.0,0.1051962599158287,1399,213,55,71
1053,26.132346128918762,784,2.0,0.23798246681690216,1523,210,35,30
1048,26.132346128918762,784,2.0,0.3162859380245209,1105,188,35,25
1031,26.165678203062793,785,2.0,0.6668848395347595,1266,362,75,46
996,26.165678203062793,785,2.0,0.5966197848320007,683,359,93,63
1030,26.165678203062793,785,2.0,0.13037265837192535,1401,212,55,69
1053,26.165678203062793,785,2.0,0.2523692846298218,1524,209,38,30
1048,26.165678203062793,785,2.0,0.2959884703159332,1101,191,39,25
1031,26.19901027720682,786,2.0,0.6792750954627991,1271,359,68,46
996,26.19901027720682,786,2.0,0.493373304605484,672,365,95,64
1030,26.19901027720682,786,2.0,0.11677424609661102,1404,212,56,68
1053,26.19901027720682,786,2.0,0.23062926530838013,1525,208,41,29
1048,26.19901027720682,786,2.0,0.2929942011833191,1098,192,38,24
1031,26.23234235135085,787,2.0,0.6512600183486938,1275,356,68,44
996,26.23234235135085,787,2.0,0.6908734440803528,658,370,95,65
1030,26.23234235135085,787,2.0,0.14032049477100372,1405,211,55,68
1053,26.23234235135085,787,2.0,0.19507063925266266,1527,206,43,30
1048,26.23234235135085,787,2.0,0.2431778907775879,1095,192,39,26
1031,26.26567442549488,788,2.0,0.6987568140029907,1279,352,70,43
996,26.26567442549488,788,2.0,0.580834150314331,645,374,98,66
1030,26.26567442549488,788,2.0,0.14356522262096405,1406,210,54,68
1053,26.26567442549488,788,2.0,0.21346716582775116,1527,206,43,30
1048,26.26567442549488,788,2.0,0.21272432804107666,1092,192,39,28
1031,26.299006499638907,789,2.0,0.6228268146514893,1283,349,70,42
996,26.299006499638907,789,2.0,0.6893142461776733,631,378,99,66
1030,26.299006499638907,789,2.0,0.15741340816020966,1407,209,54,68
1048,26.299006499638907,789,2.0,0.3446560204029083,1089,194,40,27
1031,26.332338573782938,790,2.0,0.7168223857879639,1287,343,70,48
996,26.332338573782938,790,2.0,0.4290550947189331,617,382,103,68
1030,26.332338573782938,790,7.0,0.17764586210250854,1409,206,54,71
1048,26.332338573782938,790,2.0,0.31817391514778137,1086,196,40,27
1031,26.365670647926965,791,2.0,0.7769409418106079,1291,339,66,47
996,26.365670647926965,791,2.0,0.30822664499282837,603,388,104,69
1030,26.365670647926965,791,7.0,0.1797093003988266,1411,204,54,71
1048,26.365670647926965,791,2.0,0.23101699352264404,1082,198,37,25
1031,26.399002722070996,792,2.0,0.6844494342803955,1293,335,66,45
1030,26.399002722070996,792,7.0,0.29534679651260376,1412,203,54,71
1048,26.399002722070996,792,2.0,0.34395909309387207,1079,200,41,25
1031,26.432334796215024,793,2.0,0.7091578245162964,1297,333,67,46
1030,26.432334796215024,793,7.0,0.1610403209924698,1414,201,54,72
1048,26.432334796215024,793,2.0,0.24785904586315155,1074,201,41,24
996,26.432334796215024,793,2.0,0.3774270713329315,572,400,109,71
1031,26.465666870359055,794,2.0,0.7390711307525635,1300,331,65,43
1030,26.465666870359055,794,7.0,0.2054130733013153,1415,200,53,71
1048,26.465666870359055,794,2.0,0.20282886922359467,1069,202,41,25
996,26.465666870359055,794,2.0,0.34436655044555664,556,406,108,73
1031,26.498998944503082,795,2.0,0.7436818480491638,1304,328,68,42
1030,26.498998944503082,795,7.0,0.16326022148132324,1418,197,54,69
1048,26.498998944503082,795,2.0,0.2034442126750946,1066,202,43,26
996,26.498998944503082,795,2.0,0.4881764352321625,539,412,109,73
1031,26.53233101864711,796,2.0,0.7092854976654053,1305,326,68,41
1030,26.53233101864711,796,7.0,0.20250940322875977,1421,197,55,69
1048,26.53233101864711,796,2.0,0.19457100331783295,1064,205,43,27
996,26.53233101864711,796,2.0,0.4345855414867401,526,419,115,75
1031,26.56566309279114,797,2.0,0.6680822372436523,1310,323,67,41
1030,26.56566309279114,797,7.0,0.12339846789836884,1422,195,55,70
996,26.56566309279114,797,2.0,0.47858428955078125,506,426,116,76
1031,26.59899516693517,798,2.0,0.6830483675003052,1313,320,61,38
1030,26.59899516693517,798,2.0,0.15744099020957947,1422,194,53,69
996,26.59899516693517,798,2.0,0.3864400386810303,489,431,119,77
1031,26.6323272410792,799,2.0,0.6901611685752869,1316,316,61,38
996,26.6323272410792,799,2.0,0.3537043631076813,471,438,121,80
1031,26.665659315223227,800,2.0,0.6916586756706238,1319,314,59,38
996,26.665659315223227,800,2.0,0.4548136293888092,452,445,122,83
1031,26.698991389367258,801,2.0,0.7053347229957581,1321,310,60,38
996,26.698991389367258,801,2.0,0.4489283263683319,434,452,128,83
1031,26.732323463511285,802,2.0,0.6959896087646484,1324,306,56,36
996,26.732323463511285,802,2.0,0.35523322224617004,414,460,130,86
1048,26.732323463511285,802,2.0,0.4216787815093994,1041,211,41,28
1031,26.765655537655313,803,2.0,0.6542539000511169,1326,304,56,35
996,26.765655537655313,803,2.0,0.4394931197166443,393,467,132,87
1048,26.765655537655313,803,2.0,0.4046783447265625,1036,213,39,27
1031,26.798987611799344,804,2.0,0.5075782537460327,1327,302,55,34
996,26.798987611799344,804,2.0,0.13144387304782867,378,475,120,84
1048,26.798987611799344,804,2.0,0.23630861937999725,1033,214,39,27
1031,26.83231968594337,805,2.0,0.5853613615036011,1331,299,54,36
996,26.83231968594337,805,2.0,0.16175980865955353,367,483,105,85
1048,26.83231968594337,805,2.0,0.1404801309108734,1030,216,41,25
1031,26.865651760087403,806,2.0,0.7158681750297546,1334,295,51,35
996,26.865651760087403,806,2.0,0.1668372005224228,358,487,81,82
1048,26.865651760087403,806,2.0,0.12444599717855453,1022,218,41,25
1031,26.89898383423143,807,2.0,0.6492753028869629,1338,293,53,35
996,26.89898383423143,807,9.0,0.21222278475761414,348,494,58,77
1048,26.89898383423143,807,2.0,0.2062859833240509,1018,219,42,25
1031,26.93231590837546,808,2.0,0.64564049243927,1340,292,56,35
1048,26.93231590837546,808,2.0,0.43892213702201843,1015,221,43,25
1031,26.96564798251949,809,2.0,0.6396046280860901,1343,289,53,35
1048,26.96564798251949,809,2.0,0.31071317195892334,1010,222,46,26
1031,26.998980056663516,810,2.0,0.7092046737670898,1345,286,53,35
1048,26.998980056663516,810,2.0,0.4058021008968353,1005,224,49,27
1031,27.032312130807547,811,2.0,0.7408492565155029,1349,284,58,34
1048,27.032312130807547,811,2.0,0.31128188967704773,999,224,51,28
1031,27.065644204951575,812,2.0,0.7288909554481506,1349,281,60,34
1031,27.098976279095606,813,2.0,0.6687406897544861,1351,279,61,33
1031,27.132308353239633,814,2.0,0.6149868965148926,1352,278,60,33
1031,27.165640427383664,815,2.0,0.5791608095169067,1356,276,59,35
1068,27.165640427383664,815,2.0,0.593955934047699,89,584,169,118
1031,27.19897250152769,816,2.0,0.5764220356941223,1359,273,51,33
1068,27.19897250152769,816,2.0,0.49097371101379395,78,593,154,116
1048,27.19897250152769,816,2.0,0.45397114753723145,974,233,49,30
1031,27.23230457567172,817,2.0,0.5801281332969666,1359,271,49,33
1068,27.23230457567172,817,2.0,0.20120112597942352,62,596,125,96
1048,27.23230457567172,817,2.0,0.571909487247467,970,235,50,30
1031,27.26563664981575,818,2.0,0.6099101901054382,1360,270,48,34
1068,27.26563664981575,818,2.0,0.1253168284893036,44,610,87,100
1048,27.26563664981575,818,2.0,0.4718632400035858,964,237,52,29
1031,27.298968723959778,819,2.0,0.6695632338523865,1362,268,47,33
1068,27.298968723959778,819,2.0,0.1901184320449829,26,613,52,80
1048,27.298968723959778,819,2.0,0.4082389771938324,959,239,53,30
1031,27.33230079810381,820,2.0,0.6121323704719543,1366,266,48,31
1048,27.33230079810381,820,2.0,0.46077343821525574,954,240,55,30
1031,27.365632872247836,821,2.0,0.7054821252822876,1368,262,46,28
1048,27.365632872247836,821,2.0,0.46539199352264404,949,241,53,29
1031,27.398964946391867,822,2.0,0.709509551525116,1370,261,49,29
1048,27.398964946391867,822,2.0,0.3251224160194397,942,243,52,30
1031,27.432297020535895,823,2.0,0.6803259253501892,1372,258,51,28
1048,27.432297020535895,823,2.0,0.4590969383716583,937,244,53,32
1031,27.465629094679926,824,2.0,0.6981341242790222,1373,256,52,29
1048,27.465629094679926,824,2.0,0.3687261939048767,932,246,54,31
1031,27.498961168823953,825,2.0,0.7265546321868896,1375,255,57,29
1048,27.498961168823953,825,2.0,0.4546946585178375,926,247,57,32
1031,27.53229324296798,826,2.0,0.6985387802124023,1377,254,58,29
1048,27.53229324296798,826,2.0,0.19231794774532318,919,249,58,32
1031,27.565625317112012,827,2.0,0.6067849397659302,1381,253,56,28
1048,27.565625317112012,827,2.0,0.26918506622314453,914,251,58,33
1031,27.59895739125604,828,2.0,0.6695320010185242,1382,251,52,32
1048,27.59895739125604,828,2.0,0.4818666875362396,907,254,58,34
1031,27.63228946540007,829,2.0,0.7280583381652832,1383,249,49,30
1048,27.63228946540007,829,2.0,0.5824518799781799,900,256,55,34
1072,27.63228946540007,829,2.0,0.44944289326667786,1178,164,38,25
1031,27.665621539544098,830,2.0,0.672514021396637,1385,247,46,31
1048,27.665621539544098,830,2.0,0.5927510857582092,893,259,59,34
1072,27.665621539544098,830,2.0,0.3796267509460449,1177,165,41,25
1031,27.69895361368813,831,2.0,0.6433980464935303,1386,246,46,32
1048,27.69895361368813,831,2.0,0.6218605041503906,887,261,61,34
1072,27.69895361368813,831,2.0,0.3220004737377167,1174,167,41,24
1031,27.732285687832157,832,2.0,0.6561979651451111,1388,244,45,31
1048,27.732285687832157,832,2.0,0.675366997718811,881,263,63,36
1072,27.732285687832157,832,2.0,0.23616768419742584,1171,169,41,23
1031,27.765617761976184,833,2.0,0.655683159828186,1391,242,47,31
1048,27.765617761976184,833,2.0,0.40739762783050537,873,265,62,36
1072,27.765617761976184,833,2.0,0.2231149524450302,1169,169,43,25
1031,27.798949836120215,834,2.0,0.6213425397872925,1393,240,49,28
1048,27.798949836120215,834,2.0,0.6001370549201965,866,267,60,36
1072,27.798949836120215,834,2.0,0.27675697207450867,1165,170,40,24
1031,27.832281910264243,835,2.0,0.6703080534934998,1394,238,47,28
1048,27.832281910264243,835,2.0,0.47261881828308105,860,269,61,36
1072,27.832281910264243,835,2.0,0.2196711301803589,1162,171,37,24
1031,27.865613984408274,836,2.0,0.6457968950271606,1395,238,48,27
1048,27.865613984408274,836,2.0,0.44035834074020386,853,271,65,37
1072,27.865613984408274,836,2.0,0.3414321541786194,1159,173,36,24
1031,27.8989460585523,837,2.0,0.6922875642776489,1398,235,45,28
1048,27.8989460585523,837,2.0,0.35006198287010193,846,273,66,38
1072,27.8989460585523,837,2.0,0.36141690611839294,1157,174,36,25
1031,27.932278132696332,838,2.0,0.7127082943916321,1400,234,47,29
1048,27.932278132696332,838,2.0,0.4144175946712494,839,275,67,38
1072,27.932278132696332,838,2.0,0.23323649168014526,1155,175,35,25
1031,27.96561020684036,839,2.0,0.6986516118049622,1401,233,46,30
1048,27.96561020684036,839,2.0,0.5875416994094849,833,278,67,38
1072,27.96561020684036,839,2.0,0.14764408767223358,1149,176,37,25
1031,27.998942280984387,840,2.0,0.6974052786827087,1403,232,45,29
1048,27.998942280984387,840,2.0,0.6140715479850769,824,282,65,40
1072,27.998942280984387,840,2.0,0.1015610322356224,1144,176,38,24
1031,28.03227435512842,841,2.0,0.6755886673927307,1404,231,46,28
1048,28.03227435512842,841,2.0,0.4929473400115967,816,285,68,40
1031,28.065606429272446,842,2.0,0.4334832429885864,1405,230,46,28
1048,28.065606429272446,842,2.0,0.47211089730262756,807,288,67,41
1031,28.098938503416477,843,2.0,0.46792247891426086,1406,229,47,27
1048,28.098938503416477,843,2.0,0.2588536739349365,800,289,68,42
1031,28.132270577560504,844,2.0,0.36603298783302307,1408,229,44,28
1048,28.132270577560504,844,2.0,0.24914366006851196,791,292,70,43
1074,28.132270577560504,844,2.0,0.4133765399456024,1407,225,39,26
1031,28.165602651704535,845,2.0,0.4302787482738495,1410,229,44,27
1048,28.165602651704535,845,2.0,0.3619440197944641,782,294,72,42
1074,28.165602651704535,845,2.0,0.4283994138240814,1408,225,40,25
1048,28.198934725848563,846,2.0,0.35134193301200867,775,296,71,42
1074,28.198934725848563,846,2.0,0.36840569972991943,1409,224,37,25
1048,28.23226679999259,847,2.0,0.2132865935564041,766,300,71,44
1074,28.23226679999259,847,2.0,0.42559051513671875,1410,223,35,24
1048,28.26559887413662,848,2.0,0.39945125579833984,757,305,71,44
1074,28.26559887413662,848,2.0,0.2337789535522461,1411,220,31,22
1048,28.29893094828065,849,2.0,0.3399403691291809,746,308,71,45
1074,28.29893094828065,849,2.0,0.2822587788105011,1411,218,33,20
1072,28.29893094828065,849,2.0,0.37248313426971436,1117,188,44,25
1048,28.33226302242468,850,2.0,0.6127671599388123,737,311,73,46
1074,28.33226302242468,850,2.0,0.3969716429710388,1412,217,32,20
1072,28.33226302242468,850,2.0,0.2573966681957245,1112,189,42,24
1048,28.365595096568708,851,2.0,0.5813543796539307,728,313,75,47
1074,28.365595096568708,851,2.0,0.45675474405288696,1416,216,35,23
1072,28.365595096568708,851,2.0,0.241566464304924,1108,190,40,24
1048,28.39892717071274,852,2.0,0.4496975243091583,719,316,77,47
1074,28.39892717071274,852,2.0,0.4681508541107178,1417,214,34,23
1072,28.39892717071274,852,2.0,0.4189547896385193,1106,191,39,26
1048,28.432259244856766,853,2.0,0.5669827461242676,710,319,77,48
1074,28.432259244856766,853,2.0,0.5049734711647034,1418,214,37,22
1072,28.432259244856766,853,2.0,0.20292328298091888,1102,192,38,25
1048,28.465591319000794,854,2.0,0.5886415839195251,700,323,80,49
1074,28.465591319000794,854,2.0,0.5438587665557861,1421,212,37,23
1072,28.465591319000794,854,2.0,0.1631316840648651,1098,195,40,22
1048,28.498923393144825,855,2.0,0.43846815824508667,690,326,81,49
1074,28.498923393144825,855,2.0,0.5216139554977417,1421,211,39,23
1072,28.498923393144825,855,2.0,0.32978197932243347,1093,196,40,23
1048,28.532255467288852,856,2.0,0.5434697866439819,678,331,80,48
1074,28.532255467288852,856,2.0,0.5481033325195312,1424,210,40,23
1072,28.532255467288852,856,2.0,0.3277687132358551,1089,198,42,24
1048,28.565587541432883,857,2.0,0.4439471960067749,667,334,79,50
1074,28.565587541432883,857,2.0,0.4851441979408264,1425,209,39,23
1072,28.565587541432883,857,2.0,0.4070631265640259,1085,199,41,24
1048,28.59891961557691,858,2.0,0.15804384648799896,657,337,84,50
1074,28.59891961557691,858,2.0,0.41702428460121155,1426,209,41,24
1072,28.59891961557691,858,2.0,0.42437586188316345,1081,201,43,24
1048,28.632251689720942,859,2.0,0.5314010381698608,646,341,85,50
1074,28.632251689720942,859,2.0,0.5839632749557495,1428,208,40,24
1072,28.632251689720942,859,2.0,0.33821138739585876,1078,202,44,25
1048,28.66558376386497,860,2.0,0.5823506712913513,635,345,86,50
1074,28.66558376386497,860,2.0,0.40427085757255554,1428,207,42,24
1072,28.66558376386497,860,2.0,0.30225712060928345,1073,203,45,25
1090,28.66558376386497,860,2.0,0.42557209730148315,1471,147,36,45
1048,28.698915838008997,861,2.0,0.422740638256073,622,350,86,51
1074,28.698915838008997,861,2.0,0.3265043795108795,1430,206,41,24
1090,28.698915838008997,861,2.0,0.31148821115493774,1472,147,35,46
1048,28.732247912153028,862,2.0,0.37734952569007874,610,353,91,53
1074,28.732247912153028,862,2.0,0.3794408142566681,1431,206,42,24
1090,28.732247912153028,862,2.0,0.21078979969024658,1473,147,34,45
1072,28.732247912153028,862,2.0,0.2984296679496765,1065,206,44,26
1048,28.765579986297055,863,2.0,0.6087766885757446,599,359,92,54
1074,28.765579986297055,863,2.0,0.13960368931293488,1434,205,45,26
1090,28.765579986297055,863,2.0,0.1878531277179718,1473,146,33,44
1093,28.765579986297055,863,2.0,0.45231789350509644,1170,172,41,44
1072,28.765579986297055,863,2.0,0.4080749452114105,1061,208,44,26
1048,28.798912060441086,864,2.0,0.490808367729187,586,363,93,57
1074,28.798912060441086,864,2.0,0.28815674781799316,1434,205,44,26
1093,28.798912060441086,864,2.0,0.3251979649066925,1169,173,44,46
1072,28.798912060441086,864,2.0,0.26236647367477417,1057,209,44,27
1048,28.832244134585114,865,2.0,0.5188326239585876,574,367,95,57
1074,28.832244134585114,865,2.0,0.28408366441726685,1434,203,41,26
1093,28.832244134585114,865,2.0,0.28838393092155457,1167,174,44,46
1072,28.832244134585114,865,2.0,0.5863562822341919,1052,212,47,26
1048,28.865576208729145,866,2.0,0.48907241225242615,561,372,97,56
1074,28.865576208729145,866,2.0,0.2803632616996765,1436,201,39,25
1093,28.865576208729145,866,2.0,0.2767699360847473,1163,175,43,46
1072,28.865576208729145,866,2.0,0.5645481944084167,1049,213,50,26
1099,28.865576208729145,866,2.0,0.40262654423713684,1200,184,37,26
1048,28.898908282873172,867,2.0,0.42153623700141907,546,377,97,57
1074,28.898908282873172,867,2.0,0.30268368124961853,1436,201,38,25
1093,28.898908282873172,867,2.0,0.29995959997177124,1159,176,41,46
1072,28.898908282873172,867,2.0,0.5322282910346985,1043,214,48,27
1099,28.898908282873172,867,2.0,0.32718464732170105,1197,184,39,28
1048,28.9322403570172,868,2.0,0.2410031408071518,533,381,98,56
1074,28.9322403570172,868,2.0,0.2650306522846222,1436,199,33,25
1093,28.9322403570172,868,2.0,0.2575567662715912,1158,177,42,46
1072,28.9322403570172,868,2.0,0.38622546195983887,1039,215,46,26
1099,28.9322403570172,868,2.0,0.36982813477516174,1194,186,41,29
1090,28.9322403570172,868,2.0,0.30966004729270935,1476,145,33,42
1048,28.96557243116123,869,2.0,0.4299439787864685,519,386,101,59
1074,28.96557243116123,869,2.0,0.28653037548065186,1436,198,34,24
1093,28.96557243116123,869,2.0,0.35621723532676697,1155,179,46,45
1072,28.96557243116123,869,2.0,0.4062669575214386,1034,218,48,28
1099,28.96557243116123,869,2.0,0.3874884247779846,1192,187,41,29
1090,28.96557243116123,869,2.0,0.3037729561328888,1477,145,33,40
1048,28.99890450530526,870,2.0,0.29887655377388,505,391,103,61
1074,28.99890450530526,870,2.0,0.27034494280815125,1437,198,35,25
1093,28.99890450530526,870,2.0,0.2940870523452759,1152,180,48,44
1072,28.99890450530526,870,2.0,0.33369550108909607,1029,221,46,26
1099,28.99890450530526,870,2.0,0.20415310561656952,1191,184,39,35
1090,28.99890450530526,870,2.0,0.28670331835746765,1478,145,34,40
1048,29.03223657944929,871,2.0,0.3909939229488373,488,397,103,60
1074,29.03223657944929,871,2.0,0.17541983723640442,1438,196,32,25
1093,29.03223657944929,871,2.0,0.25474879145622253,1149,181,47,45
1072,29.03223657944929,871,2.0,0.4854529798030853,1022,223,47,28
1099,29.03223657944929,871,2.0,0.35149821639060974,1188,186,36,32
1090,29.03223657944929,871,2.0,0.20857329666614532,1478,145,34,40
1048,29.065568653593317,872,2.0,0.22657465934753418,474,402,103,61
1074,29.065568653593317,872,2.0,0.2703387141227722,1440,194,32,25
1093,29.065568653593317,872,2.0,0.284651517868042,1149,182,53,47
1072,29.065568653593317,872,2.0,0.4093717932701111,1018,224,49,28
1099,29.065568653593317,872,2.0,0.44198206067085266,1186,189,36,30
1090,29.065568653593317,872,2.0,0.22400057315826416,1478,145,33,41
1048,29.098900727737348,873,2.0,0.3546794652938843,459,408,107,63
1074,29.098900727737348,873,2.0,0.41687339544296265,1442,193,31,26
1093,29.098900727737348,873,2.0,0.300214558839798,1146,183,55,47
1072,29.098900727737348,873,2.0,0.42335882782936096,1013,225,54,28
1099,29.098900727737348,873,2.0,0.43867507576942444,1182,190,37,33
1090,29.098900727737348,873,2.0,0.3021046817302704,1478,144,32,42
1048,29.132232801881376,874,2.0,0.4377517104148865,445,414,112,63
1074,29.132232801881376,874,2.0,0.3044165372848511,1443,191,29,23
1072,29.132232801881376,874,2.0,0.21510782837867737,1007,227,54,29
1099,29.132232801881376,874,2.0,0.4476185142993927,1180,192,38,34
1090,29.132232801881376,874,2.0,0.2682853043079376,1478,143,32,43
1104,29.132232801881376,874,2.0,0.3513547480106354,1160,185,80,47
1048,29.165564876025407,875,2.0,0.6025490164756775,430,420,119,63
1074,29.165564876025407,875,2.0,0.2677823603153229,1444,191,26,23
1072,29.165564876025407,875,2.0,0.32799822092056274,1002,229,56,29
1099,29.165564876025407,875,2.0,0.3692384660243988,1177,194,40,34
1090,29.165564876025407,875,2.0,0.21380296349525452,1479,142,32,44
1104,29.165564876025407,875,2.0,0.2133958339691162,1166,187,67,47
1048,29.198896950169434,876,2.0,0.5674617290496826,413,425,122,65
1074,29.198896950169434,876,2.0,0.33769840002059937,1445,190,27,24
1072,29.198896950169434,876,2.0,0.5910258889198303,997,231,53,29
1099,29.198896950169434,876,2.0,0.27700382471084595,1173,195,43,35
1090,29.198896950169434,876,2.0,0.2129020094871521,1480,141,33,44
1104,29.198896950169434,876,2.0,0.20152908563613892,1162,187,68,48
1048,29.23222902431346,877,2.0,0.2702309489250183,393,431,119,66
1074,29.23222902431346,877,2.0,0.27933040261268616,1446,188,27,23
1072,29.23222902431346,877,2.0,0.6888270974159241,992,233,54,30
1099,29.23222902431346,877,2.0,0.23242446780204773,1170,198,43,32
1090,29.23222902431346,877,2.0,0.14549151062965393,1481,140,32,44
1093,29.23222902431346,877,2.0,0.31756100058555603,1130,188,46,45
1074,29.265561098457493,878,2.0,0.27363523840904236,1446,187,27,23
1072,29.265561098457493,878,2.0,0.5021803379058838,986,234,57,30
1099,29.265561098457493,878,2.0,0.2764781415462494,1167,199,41,28
1090,29.265561098457493,878,2.0,0.13577468693256378,1480,140,32,44
1093,29.265561098457493,878,2.0,0.24952544271945953,1127,189,44,45
1074,29.29889317260152,879,2.0,0.37477973103523254,1447,187,27,25
1072,29.29889317260152,879,2.0,0.6241351366043091,980,236,56,28
1099,29.29889317260152,879,2.0,0.3459603786468506,1163,201,41,28
1093,29.29889317260152,879,2.0,0.23843449354171753,1125,190,43,46
1074,29.33222524674555,880,2.0,0.3118933141231537,1449,186,29,25
1072,29.33222524674555,880,2.0,0.5067346692085266,974,238,53,28
1099,29.33222524674555,880,2.0,0.3838347792625427,1160,202,40,28
1093,29.33222524674555,880,2.0,0.20940841734409332,1121,192,45,47
1074,29.36555732088958,881,2.0,0.24741840362548828,1449,186,30,24
1072,29.36555732088958,881,2.0,0.4371487498283386,968,240,55,32
1099,29.36555732088958,881,2.0,0.3799549639225006,1157,203,40,31
1093,29.36555732088958,881,2.0,0.28977760672569275,1118,192,46,51
1074,29.39888939503361,882,2.0,0.22666960954666138,1450,184,30,25
1072,29.39888939503361,882,2.0,0.5742229223251343,962,243,56,34
1099,29.39888939503361,882,2.0,0.39959147572517395,1155,204,40,32
1109,29.39888939503361,882,2.0,0.37784576416015625,1251,170,34,21
1074,29.432221469177637,883,2.0,0.2474738210439682,1450,183,31,27
1072,29.432221469177637,883,2.0,0.5810590982437134,956,244,58,35
1099,29.432221469177637,883,2.0,0.3927256762981415,1151,203,45,34
1109,29.432221469177637,883,2.0,0.2645058333873749,1249,170,33,22
1074,29.465553543321665,884,2.0,0.3410664200782776,1450,183,31,26
1072,29.465553543321665,884,2.0,0.5031699538230896,949,246,58,35
1099,29.465553543321665,884,2.0,0.44459089636802673,1147,205,44,33
1093,29.465553543321665,884,2.0,0.3802870810031891,1108,194,49,52
1074,29.498885617465696,885,2.0,0.20689311623573303,1452,182,33,27
1072,29.498885617465696,885,2.0,0.45093002915382385,943,248,59,33
1099,29.498885617465696,885,2.0,0.4288317561149597,1142,206,45,33
1093,29.498885617465696,885,2.0,0.16464877128601074,1104,195,46,54
1074,29.532217691609723,886,2.0,0.21215103566646576,1454,178,31,27
1072,29.532217691609723,886,2.0,0.4032643437385559,937,251,60,34
1099,29.532217691609723,886,2.0,0.4161212742328644,1138,208,42,33
1093,29.532217691609723,886,2.0,0.16927093267440796,1102,196,48,54
1074,29.565549765753754,887,2.0,0.13286113739013672,1455,180,32,26
1072,29.565549765753754,887,2.0,0.567452073097229,931,253,58,33
1099,29.565549765753754,887,2.0,0.44680583477020264,1134,211,41,31
1093,29.565549765753754,887,2.0,0.2647593319416046,1101,197,55,55
1074,29.598881839897782,888,2.0,0.19957002997398376,1455,183,32,25
1072,29.598881839897782,888,2.0,0.5857619643211365,922,257,59,34
1099,29.598881839897782,888,2.0,0.4998836815357208,1131,212,42,32
1093,29.598881839897782,888,2.0,0.2230154424905777,1105,200,70,55
1074,29.632213914041813,889,2.0,0.14380422234535217,1456,182,32,26
1072,29.632213914041813,889,2.0,0.6127541661262512,916,259,62,35
1099,29.632213914041813,889,2.0,0.5451504588127136,1127,215,46,32
1093,29.632213914041813,889,2.0,0.19137075543403625,1101,201,71,56
1074,29.66554598818584,890,2.0,0.11270902305841446,1458,178,29,27
1072,29.66554598818584,890,2.0,0.6797544956207275,907,263,64,37
1099,29.66554598818584,890,2.0,0.49838635325431824,1123,216,44,33
1093,29.66554598818584,890,2.0,0.1653464436531067,1093,203,63,55
1113,29.66554598818584,890,2.0,0.38631999492645264,1235,175,34,27
1074,29.698878062329868,891,2.0,0.13445095717906952,1458,176,31,25
1072,29.698878062329868,891,2.0,0.7026295065879822,899,265,67,40
1099,29.698878062329868,891,2.0,0.513197660446167,1117,217,49,35
1093,29.698878062329868,891,2.0,0.18762509524822235,1095,205,71,56
1113,29.698878062329868,891,2.0,0.3619418144226074,1229,173,44,31
1074,29.7322101364739,892,2.0,0.12451116740703583,1459,176,33,25
1072,29.7322101364739,892,2.0,0.6176400780677795,892,267,65,40
1099,29.7322101364739,892,2.0,0.4248215854167938,1112,218,49,37
1093,29.7322101364739,892,2.0,0.2361365407705307,1093,209,74,50
1113,29.7322101364739,892,2.0,0.27125903964042664,1224,174,46,32
1072,29.765542210617927,893,2.0,0.6565355062484741,886,270,67,40
1099,29.765542210617927,893,2.0,0.6274762749671936,1104,218,54,41
1093,29.765542210617927,893,2.0,0.48168689012527466,1090,209,80,54
1113,29.765542210617927,893,2.0,0.39631181955337524,1220,171,45,33
1072,29.798874284761958,894,2.0,0.7131932973861694,879,272,70,41
1099,29.798874284761958,894,2.0,0.6790924668312073,1099,218,57,43
1093,29.798874284761958,894,2.0,0.5340422987937927,1090,212,77,53
1113,29.798874284761958,894,2.0,0.34164556860923767,1218,171,45,34
1072,29.832206358905985,895,2.0,0.4509899914264679,872,275,70,43
1099,29.832206358905985,895,2.0,0.47029897570610046,1099,222,53,40
1093,29.832206358905985,895,2.0,0.16637876629829407,1086,217,78,49
1113,29.832206358905985,895,2.0,0.32058611512184143,1217,174,42,30
1072,29.865538433050016,896,2.0,0.3332681655883789,862,277,71,46
1099,29.865538433050016,896,2.0,0.4637810289859772,1095,225,51,34
1093,29.865538433050016,896,2.0,0.16830556094646454,1084,221,76,44
1113,29.865538433050016,896,2.0,0.1690831333398819,1214,174,43,35
1072,29.898870507194044,897,2.0,0.3712681531906128,852,282,68,44
1099,29.898870507194044,897,2.0,0.5135260224342346,1092,228,48,34
1093,29.898870507194044,897,2.0,0.2988991141319275,1079,225,77,42
1113,29.898870507194044,897,2.0,0.25553274154663086,1213,175,43,33
1072,29.93220258133807,898,2.0,0.5227192044258118,844,286,73,44
1099,29.93220258133807,898,2.0,0.35191744565963745,1086,225,46,43
1093,29.93220258133807,898,2.0,0.5925178527832031,1073,220,76,53
1113,29.93220258133807,898,2.0,0.1628059446811676,1211,177,42,33
1072,29.965534655482102,899,2.0,0.5781095623970032,835,290,74,45
1099,29.965534655482102,899,2.0,0.43199506402015686,1081,226,49,44
1093,29.965534655482102,899,2.0,0.5602507591247559,1070,221,73,53
1113,29.965534655482102,899,2.0,0.1691260039806366,1207,178,43,37
1072,29.99886672962613,900,2.0,0.5375582575798035,827,293,73,43
1093,29.99886672962613,900,2.0,0.5877499580383301,1066,220,75,58
1113,29.99886672962613,900,2.0,0.2041354477405548,1204,183,41,31
1072,30.03219880377016,901,2.0,0.22933541238307953,816,297,76,42
1093,30.03219880377016,901,2.0,0.4580787718296051,1065,221,70,61
1113,30.03219880377016,901,2.0,0.3088551163673401,1203,187,41,28
1072,30.06553087791419,902,2.0,0.2043744921684265,808,302,77,38
1093,30.06553087791419,902,2.0,0.46893125772476196,1057,223,77,60
1113,30.06553087791419,902,2.0,0.3772827088832855,1200,188,40,29
1099,30.06553087791419,902,2.0,0.42209818959236145,1068,235,51,39
1072,30.09886295205822,903,2.0,0.2569650709629059,798,305,77,40
1093,30.09886295205822,903,2.0,0.4152679145336151,1052,224,79,64
1113,30.09886295205822,903,2.0,0.4551112949848175,1198,188,40,28
1099,30.09886295205822,903,2.0,0.36394286155700684,1062,234,53,46
1072,30.132195026202247,904,2.0,0.32143065333366394,788,307,78,47
1093,30.132195026202247,904,2.0,0.2905179262161255,1048,226,77,64
1113,30.132195026202247,904,2.0,0.4060691297054291,1195,190,40,27
1099,30.132195026202247,904,2.0,0.42875978350639343,1056,238,55,42
1072,30.165527100346274,905,2.0,0.37426432967185974,778,313,87,45
1093,30.165527100346274,905,2.0,0.3526597023010254,1042,232,82,62
1113,30.165527100346274,905,2.0,0.3276626169681549,1193,191,41,28
1099,30.165527100346274,905,2.0,0.4669512212276459,1048,239,65,47
1072,30.198859174490305,906,2.0,0.3542083203792572,768,316,89,46
1099,30.198859174490305,906,2.0,0.29168397188186646,1042,241,67,46
1072,30.232191248634333,907,2.0,0.39401671290397644,757,321,88,47
1099,30.232191248634333,907,2.0,0.3486782908439636,1036,242,62,48
1093,30.232191248634333,907,2.0,0.28995585441589355,1034,236,71,61
1072,30.265523322778364,908,2.0,0.34805047512054443,745,325,86,46
1099,30.265523322778364,908,2.0,0.39932042360305786,1032,246,60,43
1093,30.265523322778364,908,2.0,0.17172320187091827,1029,235,73,65
1072,30.29885539692239,909,2.0,0.2966518700122833,734,330,88,46
1099,30.29885539692239,909,2.0,0.4673963487148285,1027,247,63,46
1093,30.29885539692239,909,2.0,0.26892903447151184,1026,236,72,69
1072,30.332187471066423,910,2.0,0.23193635046482086,721,335,90,44
1099,30.332187471066423,910,2.0,0.35651010274887085,1023,250,65,44
1093,30.332187471066423,910,2.0,0.18687112629413605,1018,239,78,63
1113,30.332187471066423,910,2.0,0.2538772523403168,1178,199,44,29
1072,30.36551954521045,911,2.0,0.23753517866134644,708,339,93,47
1099,30.36551954521045,911,2.0,0.42496562004089355,1018,252,64,44
1093,30.36551954521045,911,2.0,0.35580572485923767,1015,239,73,69
1126,30.36551954521045,911,2.0,0.35983479022979736,1175,163,42,25
1113,30.36551954521045,911,2.0,0.10758479684591293,1175,196,46,34
1072,30.398851619354478,912,2.0,0.2672572433948517,697,344,93,48
1099,30.398851619354478,912,2.0,0.3028229773044586,1008,254,67,47
1093,30.398851619354478,912,7.0,0.11493249237537384,1010,240,76,73
1126,30.398851619354478,912,2.0,0.24116671085357666,1173,163,43,27
1113,30.398851619354478,912,2.0,0.1280786693096161,1173,199,46,32
1072,30.43218369349851,913,2.0,0.4366065561771393,685,348,94,50
1099,30.43218369349851,913,2.0,0.3749055564403534,1000,257,69,48
1093,30.43218369349851,913,7.0,0.20166563987731934,1006,241,77,77
1126,30.43218369349851,913,2.0,0.273731529712677,1169,165,41,26
1113,30.43218369349851,913,2.0,0.1853078156709671,1168,200,46,31
1072,30.465515767642536,914,2.0,0.359371155500412,673,353,95,53
1099,30.465515767642536,914,2.0,0.30287373065948486,994,260,67,48
1126,30.465515767642536,914,2.0,0.2634522616863251,1166,165,39,26
1113,30.465515767642536,914,2.0,0.175120547413826,1163,203,46,31
1072,30.498847841786567,915,2.0,0.2102636992931366,658,359,97,49
1099,30.498847841786567,915,2.0,0.38374435901641846,988,264,67,46
1126,30.498847841786567,915,2.0,0.29811009764671326,1163,167,36,27
1113,30.498847841786567,915,2.0,0.3355245292186737,1159,207,46,29
1072,30.532179915930595,916,2.0,0.5228809714317322,645,365,107,50
1099,30.532179915930595,916,2.0,0.42445045709609985,982,267,65,46
1126,30.532179915930595,916,2.0,0.22033476829528809,1163,167,43,31
1113,30.532179915930595,916,2.0,0.2700542211532593,1156,209,45,28
1072,30.565511990074626,917,2.0,0.3374559283256531,631,370,107,53
1099,30.565511990074626,917,2.0,0.490535706281662,977,268,70,49
1126,30.565511990074626,917,2.0,0.29931095242500305,1161,169,43,30
1113,30.565511990074626,917,2.0,0.4148252308368683,1152,211,44,26
1072,30.598844064218653,918,2.0,0.48451417684555054,616,375,108,57
1099,30.598844064218653,918,2.0,0.17073500156402588,973,269,74,52
1113,30.598844064218653,918,2.0,0.4665519595146179,1148,212,45,27
1072,30.63217613836268,919,2.0,0.5153995752334595,602,380,111,60
1099,30.63217613836268,919,2.0,0.3860751688480377,963,274,66,50
1113,30.63217613836268,919,2.0,0.4870446026325226,1144,213,45,26
1127,30.63217613836268,919,7.0,0.5336808562278748,551,756,1101,627
1072,30.66550821250671,920,2.0,0.48852360248565674,587,386,115,62
1099,30.66550821250671,920,2.0,0.5335813760757446,957,276,65,52
1113,30.66550821250671,920,2.0,0.45833852887153625,1140,214,48,26
1127,30.66550821250671,920,7.0,0.46154528856277466,559,753,1113,638
1126,30.66550821250671,920,2.0,0.3647543787956238,1152,173,43,30
1072,30.69884028665074,921,2.0,0.425632506608963,571,393,113,61
1099,30.69884028665074,921,2.0,0.4556357264518738,950,279,67,51
1113,30.69884028665074,921,2.0,0.5284761190414429,1137,215,49,27
1127,30.69884028665074,921,7.0,0.18455643951892853,732,743,791,616
1126,30.69884028665074,921,2.0,0.2941989302635193,1152,173,47,30
1072,30.73217236079477,922,2.0,0.13106000423431396,556,401,121,62
1099,30.73217236079477,922,2.0,0.4462845027446747,942,281,67,54
1113,30.73217236079477,922,2.0,0.45336583256721497,1132,217,49,27
1127,30.73217236079477,922,5.0,0.44552791118621826,807,721,651,584
1126,30.73217236079477,922,2.0,0.40877383947372437,1149,174,46,30
1072,30.765504434938798,923,2.0,0.41579368710517883,536,407,118,61
1099,30.765504434938798,923,2.0,0.4042873978614807,934,285,66,53
1113,30.765504434938798,923,2.0,0.3837973475456238,1128,219,49,26
1127,30.765504434938798,923,5.0,0.36833956837654114,844,696,599,547
1126,30.765504434938798,923,2.0,0.41269636154174805,1146,175,42,28
1072,30.79883650908283,924,2.0,0.5821686387062073,520,414,126,63
1099,30.79883650908283,924,2.0,0.4184397757053375,927,287,71,55
1113,30.79883650908283,924,2.0,0.33497387170791626,1125,222,49,25
1127,30.79883650908283,924,5.0,0.4886050522327423,866,682,569,536
1126,30.79883650908283,924,2.0,0.5005593299865723,1141,176,41,27
1072,30.832168583226856,925,2.0,0.5265505909919739,501,422,127,65
1099,30.832168583226856,925,2.0,0.4855158030986786,922,288,75,56
1113,30.832168583226856,925,2.0,0.3937270939350128,1120,224,49,26
1127,30.832168583226856,925,5.0,0.34465622901916504,883,665,550,519
1126,30.832168583226856,925,2.0,0.42518794536590576,1137,177,43,28
1072,30.865500657370887,926,2.0,0.43615293502807617,480,428,125,65
1099,30.865500657370887,926,2.0,0.24800220131874084,912,291,73,57
1113,30.865500657370887,926,2.0,0.25695541501045227,1116,225,49,25
1127,30.865500657370887,926,5.0,0.3435264527797699,900,647,531,496
1126,30.865500657370887,926,2.0,0.44879966974258423,1136,178,45,29
1072,30.898832731514915,927,2.0,0.42717596888542175,460,435,125,66
1099,30.898832731514915,927,2.0,0.40750861167907715,903,294,75,58
1113,30.898832731514915,927,2.0,0.36290836334228516,1111,226,52,27
1127,30.898832731514915,927,5.0,0.4262581467628479,917,634,510,488
1126,30.898832731514915,927,2.0,0.4348357617855072,1133,178,46,30
1135,30.898832731514915,927,2.0,0.43623122572898865,1201,166,41,26
1072,30.932164805658942,928,2.0,0.48539838194847107,441,444,133,68
1099,30.932164805658942,928,2.0,0.5897844433784485,894,301,76,55
1113,30.932164805658942,928,2.0,0.3644479215145111,1107,228,51,29
1127,30.932164805658942,928,5.0,0.6239002346992493,932,617,492,467
1126,30.932164805658942,928,2.0,0.3923777639865875,1130,178,45,30
1135,30.932164805658942,928,2.0,0.4296824634075165,1200,168,43,28
1072,30.965496879802973,929,2.0,0.4397372603416443,422,453,140,68
1099,30.965496879802973,929,2.0,0.5083667635917664,885,304,75,58
1113,30.965496879802973,929,2.0,0.3705015778541565,1103,229,53,31
1127,30.965496879802973,929,7.0,0.27392080426216125,951,600,478,448
1126,30.965496879802973,929,2.0,0.2761026918888092,1128,180,51,32
1135,30.965496879802973,929,2.0,0.24365033209323883,1196,172,41,26
1099,30.998828953947,930,2.0,0.5276045799255371,877,309,79,55
1113,30.998828953947,930,2.0,0.36614716053009033,1099,230,54,30
1127,30.998828953947,930,5.0,0.3224636912345886,966,583,462,424
1126,30.998828953947,930,2.0,0.3434043228626251,1126,180,50,32
1135,30.998828953947,930,2.0,0.22893503308296204,1195,173,41,24
1099,31.032161028091032,931,2.0,0.4408681392669678,867,310,80,59
1113,31.032161028091032,931,2.0,0.2961910367012024,1094,232,54,30
1127,31.032161028091032,931,5.0,0.4772767126560211,980,572,444,411
1126,31.032161028091032,931,2.0,0.22812627255916595,1122,180,51,32
1135,31.032161028091032,931,2.0,0.23773454129695892,1192,174,39,23
1140,31.032161028091032,931,2.0,0.7227598428726196,472,759,215,128
1099,31.06549310223506,932,2.0,0.6696686744689941,856,314,79,60
1113,31.06549310223506,932,2.0,0.367622047662735,1089,235,54,30
1127,31.06549310223506,932,5.0,0.3924066126346588,994,560,431,395
1126,31.06549310223506,932,2.0,0.3631184995174408,1120,182,50,29
1135,31.06549310223506,932,2.0,0.23322318494319916,1191,175,39,25
1140,31.06549310223506,932,2.0,0.8100516200065613,496,736,223,120
1141,31.06549310223506,932,7.0,0.3489971160888672,990,562,439,399
1099,31.09882517637909,933,2.0,0.6521700024604797,847,319,82,57
1113,31.09882517637909,933,2.0,0.48034512996673584,1084,236,53,28
1127,31.09882517637909,933,7.0,0.4498579800128937,1009,547,416,382
1126,31.09882517637909,933,2.0,0.3654637634754181,1118,183,49,30
1135,31.09882517637909,933,2.0,0.23498718440532684,1189,175,39,26
1140,31.09882517637909,933,2.0,0.814006507396698,530,715,215,116
1099,31.132157250523118,934,2.0,0.5153902769088745,836,322,82,62
1113,31.132157250523118,934,2.0,0.6431356072425842,1079,238,57,30
1127,31.132157250523118,934,5.0,0.7217885851860046,1020,538,402,378
1126,31.132157250523118,934,2.0,0.42510801553726196,1114,185,45,30
1135,31.132157250523118,934,2.0,0.2521199882030487,1186,176,40,27
1140,31.132157250523118,934,2.0,0.8590079545974731,563,694,205,115
1099,31.165489324667146,935,2.0,0.5568281412124634,826,325,84,63
1113,31.165489324667146,935,2.0,0.6170921921730042,1074,239,57,31
1127,31.165489324667146,935,5.0,0.5158435702323914,1032,527,390,369
1126,31.165489324667146,935,2.0,0.5468813180923462,1110,187,49,29
1135,31.165489324667146,935,2.0,0.15526962280273438,1184,176,40,28
1140,31.165489324667146,935,2.0,0.8143376111984253,591,676,197,110
1099,31.198821398811177,936,2.0,0.3994693160057068,816,331,87,60
1113,31.198821398811177,936,2.0,0.5151835680007935,1070,241,59,33
1127,31.198821398811177,936,5.0,0.5514536499977112,1044,515,379,354
1126,31.198821398811177,936,2.0,0.3866587281227112,1107,188,51,29
1135,31.198821398811177,936,2.0,0.14913147687911987,1183,176,41,28
1140,31.198821398811177,936,2.0,0.763247549533844,618,656,182,103
1099,31.232153472955204,937,2.0,0.5908255577087402,807,332,96,67
1113,31.232153472955204,937,2.0,0.6837571859359741,1065,243,59,35
1127,31.232153472955204,937,5.0,0.731170117855072,1056,504,364,344
1126,31.232153472955204,937,2.0,0.37769758701324463,1102,189,47,27
1135,31.232153472955204,937,2.0,0.1567632108926773,1181,176,41,31
1140,31.232153472955204,937,2.0,0.7939314246177673,648,638,179,99
1099,31.265485547099235,938,2.0,0.5629178881645203,795,337,95,66
1113,31.265485547099235,938,2.0,0.601681113243103,1059,245,58,34
1127,31.265485547099235,938,5.0,0.5053027272224426,1065,497,353,337
1126,31.265485547099235,938,2.0,0.4639664590358734,1097,190,46,26
1135,31.265485547099235,938,2.0,0.13394181430339813,1178,176,41,32
1140,31.265485547099235,938,2.0,0.7763441801071167,675,623,180,96
1099,31.298817621243263,939,2.0,0.5414810180664062,778,348,85,55
1113,31.298817621243263,939,2.0,0.6197991967201233,1052,247,59,32
1127,31.298817621243263,939,5.0,0.6480510234832764,1074,487,344,324
1126,31.298817621243263,939,2.0,0.5288190245628357,1095,190,47,27
1135,31.298817621243263,939,2.0,0.2551402449607849,1173,177,45,34
1140,31.298817621243263,939,2.0,0.7672659158706665,700,607,172,95
1099,31.332149695387294,940,2.0,0.453484445810318,769,348,96,66
1113,31.332149695387294,940,2.0,0.6552184224128723,1047,249,60,31
1127,31.332149695387294,940,5.0,0.5143086314201355,1086,480,334,317
1126,31.332149695387294,940,2.0,0.5401609539985657,1091,191,42,29
1135,31.332149695387294,940,2.0,0.13243980705738068,1171,177,45,35
1140,31.332149695387294,940,2.0,0.7166922688484192,724,591,168,93
1146,31.332149695387294,940,2.0,0.5902981758117676,107,572,130,80
1099,31.36548176953132,941,2.0,0.6711570620536804,763,353,105,67
1113,31.36548176953132,941,2.0,0.6886700391769409,1041,252,61,30
1127,31.36548176953132,941,5.0,0.4205438196659088,1097,475,324,311
1126,31.36548176953132,941,2.0,0.5374475121498108,1087,192,44,31
1135,31.36548176953132,941,2.0,0.33702874183654785,1170,178,47,36
1140,31.36548176953132,941,2.0,0.717989981174469,742,577,157,88
1148,31.36548176953132,941,7.0,0.3850597143173218,1094,477,329,316
1099,31.39881384367535,942,2.0,0.6444864869117737,751,359,108,65
1113,31.39881384367535,942,2.0,0.719635009765625,1036,254,63,32
1127,31.39881384367535,942,7.0,0.5058481097221375,1107,465,314,301
1126,31.39881384367535,942,2.0,0.5218852162361145,1084,193,48,31
1135,31.39881384367535,942,2.0,0.10497621446847916,1168,178,47,36
1140,31.39881384367535,942,2.0,0.6670500636100769,764,564,149,82
1099,31.43214591781938,943,2.0,0.728009819984436,734,363,105,67
1113,31.43214591781938,943,2.0,0.6601933240890503,1030,257,63,33
1127,31.43214591781938,943,7.0,0.5039739012718201,1116,456,307,293
1126,31.43214591781938,943,2.0,0.4599364101886749,1081,194,48,32
1135,31.43214591781938,943,2.0,0.33175793290138245,1164,180,48,33
1140,31.43214591781938,943,2.0,0.7859569191932678,784,550,147,79
1099,31.465477991963407,944,2.0,0.7045609354972839,723,368,111,70
1113,31.465477991963407,944,2.0,0.6087090373039246,1024,259,61,32
1127,31.465477991963407,944,5.0,0.6416658759117126,1124,446,298,283
1126,31.465477991963407,944,2.0,0.41805291175842285,1078,195,48,33
1135,31.465477991963407,944,2.0,0.22669771313667297,1160,183,44,29
1140,31.465477991963407,944,2.0,0.7386690378189087,802,537,142,78
1150,31.465477991963407,944,7.0,0.37296006083488464,1121,449,301,285
1099,31.49881006610744,945,2.0,0.6286819577217102,708,373,109,73
1113,31.49881006610744,945,2.0,0.6849275231361389,1017,262,62,33
1127,31.49881006610744,945,5.0,0.8101376295089722,1133,442,292,283
1126,31.49881006610744,945,2.0,0.48438864946365356,1074,197,48,33
1135,31.49881006610744,945,2.0,0.30595365166664124,1157,186,43,27
1140,31.49881006610744,945,2.0,0.7759790420532227,821,527,139,77
1099,31.532142140251466,946,2.0,0.6693302392959595,694,377,108,74
1113,31.532142140251466,946,2.0,0.6959431767463684,1012,264,63,35
1127,31.532142140251466,946,5.0,0.7563652396202087,1142,432,285,269
1126,31.532142140251466,946,2.0,0.5153424143791199,1071,198,52,33
1135,31.532142140251466,946,2.0,0.44079503417015076,1154,188,45,25
1140,31.532142140251466,946,2.0,0.7374051213264465,838,516,131,75
1099,31.565474214395497,947,2.0,0.4321494996547699,679,382,109,74
1113,31.565474214395497,947,2.0,0.6232779622077942,1004,267,61,35
1127,31.565474214395497,947,5.0,0.7875676155090332,1149,424,280,260
1126,31.565474214395497,947,2.0,0.40477025508880615,1068,201,52,30
1135,31.565474214395497,947,2.0,0.28716692328453064,1150,189,44,25
1140,31.565474214395497,947,2.0,0.6208101511001587,855,504,124,68
1152,31.565474214395497,947,7.0,0.3979123830795288,1145,426,281,262
1099,31.598806288539524,948,2.0,0.665326714515686,664,388,112,75
1113,31.598806288539524,948,2.0,0.7132935523986816,997,269,61,36
1127,31.598806288539524,948,5.0,0.7975706458091736,1157,418,272,254
1126,31.598806288539524,948,2.0,0.4413369596004486,1065,201,51,30
1135,31.598806288539524,948,2.0,0.3346134424209595,1148,190,45,25
1140,31.598806288539524,948,2.0,0.7408597469329834,870,494,119,69
1152,31.598806288539524,948,7.0,0.3781186044216156,1151,421,273,259
1099,31.632138362683552,949,2.0,0.7122740149497986,647,394,113,78
1113,31.632138362683552,949,2.0,0.6100644469261169,990,272,61,36
1127,31.632138362683552,949,5.0,0.6047550439834595,1164,412,266,248
1126,31.632138362683552,949,2.0,0.41095688939094543,1061,202,55,30
1135,31.632138362683552,949,2.0,0.4082244634628296,1144,190,45,26
1140,31.632138362683552,949,2.0,0.6332804560661316,885,484,121,67
1152,31.632138362683552,949,7.0,0.34988754987716675,1160,414,265,254
1099,31.665470436827583,950,2.0,0.5455381870269775,633,399,118,81
1113,31.665470436827583,950,2.0,0.6917652487754822,984,274,67,35
1126,31.665470436827583,950,2.0,0.38891083002090454,1055,204,52,28
1135,31.665470436827583,950,2.0,0.2650594413280487,1140,190,46,26
1140,31.665470436827583,950,2.0,0.6142963767051697,901,475,114,67
1099,31.69880251097161,951,2.0,0.6929346323013306,617,406,118,78
1113,31.69880251097161,951,2.0,0.7823816537857056,979,277,68,36
1126,31.69880251097161,951,2.0,0.3542724549770355,1051,205,54,28
1135,31.69880251097161,951,2.0,0.36083781719207764,1137,191,47,28
1140,31.69880251097161,951,2.0,0.7355329394340515,913,464,110,66
1127,31.69880251097161,951,7.0,0.44428643584251404,1177,401,251,246
1099,31.73213458511564,952,2.0,0.696824312210083,600,413,118,80
1113,31.73213458511564,952,2.0,0.7643787860870361,974,279,70,36
1126,31.73213458511564,952,2.0,0.3878628611564636,1048,206,53,28
1135,31.73213458511564,952,2.0,0.35070690512657166,1134,191,46,31
1140,31.73213458511564,952,2.0,0.7014079689979553,930,457,112,63
1155,31.73213458511564,952,2.0,0.5416837334632874,648,947,240,194
1127,31.73213458511564,952,7.0,0.5173068046569824,1185,396,250,240
1099,31.76546665925967,953,2.0,0.7675788402557373,582,418,120,83
1113,31.76546665925967,953,2.0,0.7423557043075562,966,282,74,39
1126,31.76546665925967,953,2.0,0.5647727847099304,1045,208,52,31
1135,31.76546665925967,953,2.0,0.360441118478775,1132,192,46,32
1140,31.76546665925967,953,2.0,0.7669709920883179,944,449,112,62
1155,31.76546665925967,953,2.0,0.4277767539024353,651,927,268,196
1127,31.76546665925967,953,7.0,0.5454656481742859,1191,388,246,229
1099,31.7987987334037,954,2.0,0.707417368888855,565,424,124,85
1113,31.7987987334037,954,2.0,0.6411874294281006,958,285,71,39
1126,31.7987987334037,954,2.0,0.6084257364273071,1038,209,51,31
1135,31.7987987334037,954,2.0,0.35262924432754517,1130,194,46,31
1140,31.7987987334037,954,2.0,0.7275951504707336,957,441,110,60
1155,31.7987987334037,954,2.0,0.6666688919067383,693,893,231,181
1127,31.7987987334037,954,7.0,0.5438741445541382,1198,383,239,224
1099,31.832130807547728,955,2.0,0.7873254418373108,547,430,127,88
1113,31.832130807547728,955,2.0,0.751226544380188,952,288,74,41
1126,31.832130807547728,955,2.0,0.5994747877120972,1037,210,57,31
1135,31.832130807547728,955,2.0,0.32609936594963074,1127,196,47,31
1140,31.832130807547728,955,2.0,0.7836081981658936,971,434,108,60
1155,31.832130807547728,955,2.0,0.7250673174858093,728,868,213,181
1127,31.832130807547728,955,7.0,0.4444209039211273,1204,379,230,224
1099,31.865462881691755,956,2.0,0.7914000749588013,528,438,129,90
1113,31.865462881691755,956,2.0,0.598140299320221,942,291,72,39
1126,31.865462881691755,956,2.0,0.5504537224769592,1032,210,54,32
1135,31.865462881691755,956,2.0,0.4776115119457245,1124,198,48,29
1140,31.865462881691755,956,2.0,0.6804180145263672,981,427,102,58
1155,31.865462881691755,956,2.0,0.7295282483100891,754,843,197,170
1127,31.865462881691755,956,7.0,0.5012097358703613,1210,372,226,216
1099,31.898794955835786,957,2.0,0.8106263875961304,508,444,133,91
1113,31.898794955835786,957,2.0,0.6830480098724365,934,294,72,38
1126,31.898794955835786,957,2.0,0.5874687433242798,1028,212,55,32
1135,31.898794955835786,957,2.0,0.534740149974823,1120,200,47,28
1140,31.898794955835786,957,2.0,0.6087985038757324,991,418,99,56
1155,31.898794955835786,957,2.0,0.7936423420906067,782,819,193,162
1127,31.898794955835786,957,7.0,0.6070374846458435,1216,369,219,213
1099,31.932127029979814,958,2.0,0.7479100227355957,489,452,136,94
1113,31.932127029979814,958,2.0,0.7395046949386597,926,297,74,37
1126,31.932127029979814,958,2.0,0.6328610777854919,1023,214,56,33
1135,31.932127029979814,958,2.0,0.2720150947570801,1116,201,46,28
1140,31.932127029979814,958,2.0,0.7230916619300842,1001,411,95,55
1155,31.932127029979814,958,2.0,0.7105851173400879,813,797,204,153
1127,31.932127029979814,958,7.0,0.6488562226295471,1223,365,215,208
1166,31.932127029979814,958,2.0,0.6968227624893188,501,886,232,176
1099,31.965459104123845,959,2.0,0.686922013759613,469,460,138,94
1113,31.965459104123845,959,2.0,0.6188996434211731,919,301,78,41
1126,31.965459104123845,959,2.0,0.4867212772369385,1017,216,52,32
1135,31.965459104123845,959,2.0,0.35353389382362366,1113,201,47,29
1140,31.965459104123845,959,2.0,0.6912256479263306,1012,405,95,55
1155,31.965459104123845,959,2.0,0.8145474791526794,830,777,185,149
1127,31.965459104123845,959,7.0,0.5572138428688049,1227,359,212,203
1166,31.965459104123845,959,2.0,0.8206554055213928,521,860,237,165
1099,31.998791178267872,960,2.0,0.7374789714813232,449,467,141,95
1113,31.998791178267872,960,2.0,0.5888367295265198,909,304,77,42
1126,31.998791178267872,960,2.0,0.5135819911956787,1012,219,54,30
1135,31.998791178267872,960,2.0,0.3410387635231018,1107,202,47,30
1140,31.998791178267872,960,2.0,0.7841061949729919,1022,398,93,52
1155,31.998791178267872,960,2.0,0.8357599377632141,849,758,175,145
1127,31.998791178267872,960,7.0,0.5783442258834839,1232,355,207,200
1166,31.998791178267872,960,2.0,0.8314393162727356,557,831,239,153
1099,32.0321232524119,961,2.0,0.7820656895637512,428,476,145,98
1113,32.0321232524119,961,2.0,0.38560596108436584,901,307,79,43
1126,32.0321232524119,961,2.0,0.4977845847606659,1007,219,53,31
1135,32.0321232524119,961,2.0,0.16695787012577057,1103,203,45,31
1140,32.0321232524119,961,2.0,0.7623335719108582,1033,391,89,53
1155,32.0321232524119,961,2.0,0.7510664463043213,866,740,167,139
1127,32.0321232524119,961,7.0,0.5552685260772705,1238,350,202,196
1166,32.0321232524119,961,2.0,0.8260394930839539,592,806,235,147
1099,32.065455326555934,962,2.0,0.7930917143821716,405,484,150,101
1113,32.065455326555934,962,2.0,0.64934241771698,892,311,79,41
1126,32.065455326555934,962,2.0,0.5824543833732605,1005,221,57,32
1135,32.065455326555934,962,2.0,0.22904309630393982,1100,205,48,32
1140,32.065455326555934,962,2.0,0.731751024723053,1041,386,86,53
1155,32.065455326555934,962,2.0,0.8019764423370361,888,722,164,132
1127,32.065455326555934,962,7.0,0.601529061794281,1242,346,199,195
1166,32.065455326555934,962,2.0,0.8374987840652466,623,785,234,142
1099,32.09878740069996,963,2.0,0.7331838607788086,390,492,139,103
1113,32.09878740069996,963,2.0,0.6611306667327881,883,315,80,45
1126,32.09878740069996,963,2.0,0.4978482723236084,1001,221,57,34
1135,32.09878740069996,963,2.0,0.33839473128318787,1096,206,48,33
1140,32.09878740069996,963,2.0,0.7031841278076172,1050,382,86,54
1155,32.09878740069996,963,2.0,0.7620528340339661,904,704,156,128
1127,32.09878740069996,963,7.0,0.6067162156105042,1247,343,193,194
1166,32.09878740069996,963,2.0,0.8229209780693054,651,762,226,136
1099,32.13211947484399,964,2.0,0.6180148124694824,377,500,120,102
1113,32.13211947484399,964,2.0,0.6216182708740234,875,318,82,45
1126,32.13211947484399,964,2.0,0.5079517364501953,996,223,57,33
1135,32.13211947484399,964,2.0,0.5048898458480835,1091,209,47,33
1140,32.13211947484399,964,2.0,0.6950476765632629,1061,375,89,51
1155,32.13211947484399,964,2.0,0.7138843536376953,921,688,151,123
1127,32.13211947484399,964,7.0,0.5654482245445251,1252,339,190,191
1166,32.13211947484399,964,2.0,0.7947567105293274,675,741,212,129
1099,32.16545154898802,965,2.0,0.3930327892303467,364,506,98,100
1113,32.16545154898802,965,2.0,0.6119054555892944,865,322,83,45
1126,32.16545154898802,965,2.0,0.49166589975357056,991,224,58,36
1135,32.16545154898802,965,2.0,0.4267400801181793,1088,210,47,34
1140,32.16545154898802,965,2.0,0.7043244242668152,1069,368,84,46
1155,32.16545154898802,965,2.0,0.7621220946311951,936,673,146,122
1127,32.16545154898802,965,7.0,0.5556636452674866,1257,335,188,187
1166,32.16545154898802,965,2.0,0.8517395257949829,702,720,209,118
1099,32.198783623132044,966,2.0,0.4407769739627838,353,508,71,86
1113,32.198783623132044,966,2.0,0.6153557896614075,856,326,85,45
1126,32.198783623132044,966,2.0,0.5353617668151855,986,226,59,35
1135,32.198783623132044,966,2.0,0.46610432863235474,1083,212,48,33
1140,32.198783623132044,966,2.0,0.7386526465415955,1078,364,80,45
1155,32.198783623132044,966,2.0,0.7443793416023254,951,659,146,119
1127,32.198783623132044,966,7.0,0.6804368495941162,1261,331,186,182
1166,32.198783623132044,966,2.0,0.850091814994812,727,704,202,120
1172,32.198783623132044,966,2.0,0.43628355860710144,1181,164,40,24
1113,32.23211569727608,967,2.0,0.6995741724967957,846,330,86,45
1126,32.23211569727608,967,2.0,0.5179194808006287,982,227,59,34
1135,32.23211569727608,967,2.0,0.5643158555030823,1079,212,51,33
1140,32.23211569727608,967,2.0,0.7350061535835266,1087,360,79,47
1155,32.23211569727608,967,2.0,0.7662490606307983,969,645,138,114
1127,32.23211569727608,967,7.0,0.6175858378410339,1266,328,181,181
1166,32.23211569727608,967,2.0,0.8338989615440369,749,689,197,118
1172,32.23211569727608,967,2.0,0.39612269401550293,1180,164,38,25
1113,32.26544777142011,968,2.0,0.6473948955535889,834,334,83,47
1126,32.26544777142011,968,2.0,0.4081120193004608,976,229,61,34
1135,32.26544777142011,968,2.0,0.5892813205718994,1076,213,51,34
1140,32.26544777142011,968,2.0,0.7663041949272156,1094,356,78,46
1155,32.26544777142011,968,2.0,0.8722798228263855,983,632,135,111
1127,32.26544777142011,968,7.0,0.6572639346122742,1272,321,177,173
1166,32.26544777142011,968,2.0,0.8201504349708557,771,671,189,112
1172,32.26544777142011,968,2.0,0.4338252544403076,1178,164,39,26
1113,32.298779845564134,969,2.0,0.6436043381690979,825,337,88,47
1126,32.298779845564134,969,2.0,0.5652120113372803,971,231,63,35
1135,32.298779845564134,969,2.0,0.6282933950424194,1072,214,51,34
1140,32.298779845564134,969,2.0,0.6782426834106445,1102,350,78,46
1155,32.298779845564134,969,2.0,0.7580930590629578,1003,621,150,107
1127,32.298779845564134,969,7.0,0.5723903775215149,1276,316,173,169
1166,32.298779845564134,969,2.0,0.8131566643714905,792,656,183,111
1172,32.298779845564134,969,2.0,0.3571973741054535,1176,164,40,27
1113,32.33211191970816,970,2.0,0.5492609739303589,814,342,88,48
1126,32.33211191970816,970,2.0,0.6595263481140137,965,233,60,34
1135,32.33211191970816,970,2.0,0.411349356174469,1068,215,50,37
1140,32.33211191970816,970,2.0,0.7324849367141724,1109,344,75,45
1155,32.33211191970816,970,2.0,0.6954943537712097,1017,607,146,104
1127,32.33211191970816,970,7.0,0.4397485554218292,1278,314,168,167
1166,32.33211191970816,970,2.0,0.8460822105407715,809,642,174,107
1172,32.33211191970816,970,2.0,0.3791556656360626,1175,164,45,28
1113,32.36544399385219,971,2.0,0.6449548602104187,803,346,91,51
1126,32.36544399385219,971,2.0,0.6617465615272522,960,235,62,37
1135,32.36544399385219,971,2.0,0.5411668419837952,1063,218,50,37
1140,32.36544399385219,971,2.0,0.7945857048034668,1117,340,75,46
1155,32.36544399385219,971,2.0,0.7608298063278198,1033,596,152,103
1127,32.36544399385219,971,7.0,0.4455660581588745,1281,311,165,164
1166,32.36544399385219,971,2.0,0.8150382041931152,828,627,172,103
1172,32.36544399385219,971,2.0,0.2554013133049011,1174,164,47,29
1176,32.36544399385219,971,2.0,0.5513781905174255,500,422,128,92
1146,32.36544399385219,971,2.0,0.5107719898223877,121,586,118,117
1113,32.398776067996224,972,2.0,0.598155677318573,792,351,91,50
1126,32.398776067996224,972,2.0,0.5716075897216797,955,237,61,36
1135,32.398776067996224,972,2.0,0.43264153599739075,1059,219,50,35
1140,32.398776067996224,972,2.0,0.6180402636528015,1124,336,74,46
1155,32.398776067996224,972,2.0,0.7562111616134644,1038,585,134,100
1127,32.398776067996224,972,7.0,0.4955569803714752,1284,309,162,164
1166,32.398776067996224,972,2.0,0.821992039680481,846,614,169,101
1172,32.398776067996224,972,2.0,0.29690802097320557,1172,165,45,28
1176,32.398776067996224,972,2.0,0.16246215999126434,489,424,129,92
1146,32.398776067996224,972,2.0,0.749707043170929,108,590,141,123
1113,32.43210814214025,973,2.0,0.6789957880973816,780,356,92,49
1126,32.43210814214025,973,2.0,0.7203231453895569,951,238,63,36
1135,32.43210814214025,973,2.0,0.5862031579017639,1056,220,53,36
1140,32.43210814214025,973,2.0,0.609070360660553,1131,330,71,40
1155,32.43210814214025,973,2.0,0.7607954144477844,1047,573,124,95
1127,32.43210814214025,973,7.0,0.5740070343017578,1288,305,158,159
1166,32.43210814214025,973,2.0,0.8302584886550903,864,603,164,100
1172,32.43210814214025,973,2.0,0.3165559470653534,1171,165,47,28
1176,32.43210814214025,973,2.0,0.32088884711265564,473,429,132,97
1146,32.43210814214025,973,2.0,0.5980088710784912,96,598,165,135
1113,32.46544021628428,974,2.0,0.6046029925346375,766,362,93,52
1126,32.46544021628428,974,2.0,0.6371408104896545,944,240,61,36
1135,32.46544021628428,974,2.0,0.507902204990387,1052,221,55,37
1140,32.46544021628428,974,2.0,0.7378993630409241,1137,326,72,38
1155,32.46544021628428,974,2.0,0.7180687785148621,1066,563,132,92
1127,32.46544021628428,974,7.0,0.5905112624168396,1292,302,154,157
1166,32.46544021628428,974,2.0,0.7873201966285706,877,589,158,95
1172,32.46544021628428,974,2.0,0.38063010573387146,1167,167,45,28
1176,32.46544021628428,974,2.0,0.22720809280872345,456,437,132,93
1146,32.46544021628428,974,2.0,0.5876212120056152,88,607,170,139
1113,32.498772290428306,975,2.0,0.7203165888786316,755,366,96,54
1126,32.498772290428306,975,2.0,0.5914801359176636,938,242,61,35
1135,32.498772290428306,975,2.0,0.500744104385376,1047,223,55,36
1140,32.498772290428306,975,2.0,0.7459391355514526,1143,321,71,39
1155,32.498772290428306,975,2.0,0.7352584600448608,1074,553,127,90
1127,32.498772290428306,975,7.0,0.6475867033004761,1296,298,149,154
1166,32.498772290428306,975,2.0,0.8003531694412231,894,579,153,93
1172,32.498772290428306,975,2.0,0.36341166496276855,1164,168,43,27
1176,32.498772290428306,975,2.0,0.27871131896972656,439,446,135,93
1146,32.498772290428306,975,2.0,0.5115536451339722,76,616,152,132
1113,32.53210436457234,976,2.0,0.5725213289260864,743,370,97,55
1126,32.53210436457234,976,2.0,0.6525982618331909,932,243,60,36
1135,32.53210436457234,976,2.0,0.48635154962539673,1041,225,54,37
1140,32.53210436457234,976,2.0,0.6773708462715149,1150,318,69,39
1155,32.53210436457234,976,2.0,0.7915453910827637,1081,543,116,88
1127,32.53210436457234,976,7.0,0.6702500581741333,1300,296,148,153
1166,32.53210436457234,976,2.0,0.7932552099227905,908,567,147,90
1172,32.53210436457234,976,2.0,0.482651025056839,1161,169,40,25
1176,32.53210436457234,976,2.0,0.36764535307884216,422,451,137,94
1146,32.53210436457234,976,2.0,0.6219446063041687,60,621,120,118
1113,32.56543643871637,977,2.0,0.666414737701416,732,375,99,56
1126,32.56543643871637,977,2.0,0.5980343818664551,928,245,66,38
1135,32.56543643871637,977,2.0,0.4906962811946869,1037,226,56,37
1140,32.56543643871637,977,2.0,0.7493714094161987,1156,314,65,38
1155,32.56543643871637,977,2.0,0.7172983884811401,1089,533,112,86
1127,32.56543643871637,977,7.0,0.6299548745155334,1303,294,144,150
1166,32.56543643871637,977,2.0,0.7754923701286316,921,555,140,89
1172,32.56543643871637,977,2.0,0.38936784863471985,1160,170,42,27
1176,32.56543643871637,977,2.0,0.16303470730781555,406,458,141,91
1146,32.56543643871637,977,2.0,0.6858202219009399,40,628,80,98
1113,32.598768512860396,978,2.0,0.6769446730613708,719,382,105,56
1126,32.598768512860396,978,2.0,0.6948274374008179,921,246,68,39
1135,32.598768512860396,978,2.0,0.33489570021629333,1032,227,57,42
1140,32.598768512860396,978,2.0,0.7886906266212463,1163,311,66,36
1155,32.598768512860396,978,2.0,0.733932614326477,1099,525,110,81
1127,32.598768512860396,978,7.0,0.512890100479126,1307,290,144,146
1166,32.598768512860396,978,2.0,0.8011495471000671,935,545,136,88
1172,32.598768512860396,978,2.0,0.4479844868183136,1160,170,41,27
1176,32.598768512860396,978,2.0,0.32522499561309814,393,465,133,93
1113,32.63210058700442,979,2.0,0.6271409392356873,705,387,106,57
1126,32.63210058700442,979,2.0,0.6031361222267151,916,247,68,39
1135,32.63210058700442,979,2.0,0.4263600707054138,1028,229,60,42
1140,32.63210058700442,979,2.0,0.6707338690757751,1169,307,65,36
1155,32.63210058700442,979,2.0,0.6987248659133911,1114,516,120,81
1127,32.63210058700442,979,7.0,0.6032682657241821,1311,286,144,147
1166,32.63210058700442,979,2.0,0.7743226885795593,947,533,131,84
1172,32.63210058700442,979,2.0,0.4619031846523285,1157,171,42,28
1176,32.63210058700442,979,2.0,0.3442307114601135,382,469,121,92
1113,32.66543266114845,980,2.0,0.6220349669456482,690,392,104,59
1126,32.66543266114845,980,2.0,0.656905472278595,910,249,71,40
1135,32.66543266114845,980,2.0,0.5327126383781433,1022,230,58,42
1140,32.66543266114845,980,2.0,0.669616162776947,1175,304,62,34
1155,32.66543266114845,980,2.0,0.7018258571624756,1124,507,121,81
1127,32.66543266114845,980,7.0,0.6217436790466309,1314,282,141,144
1166,32.66543266114845,980,2.0,0.8314934372901917,962,525,131,82
1172,32.66543266114845,980,2.0,0.3730943202972412,1153,173,44,29
1176,32.66543266114845,980,2.0,0.4985947906970978,373,477,108,96
1113,32.698764735292485,981,2.0,0.688563346862793,675,399,108,60
1126,32.698764735292485,981,2.0,0.5957041382789612,903,251,72,37
1135,32.698764735292485,981,2.0,0.6295003890991211,1016,234,58,40
1140,32.698764735292485,981,2.0,0.6769224405288696,1180,300,62,33
1155,32.698764735292485,981,2.0,0.6567853093147278,1126,499,108,78
1127,32.698764735292485,981,7.0,0.5510267019271851,1318,279,138,140
1166,32.698764735292485,981,2.0,0.7785470485687256,974,515,125,81
1172,32.698764735292485,981,2.0,0.4793558120727539,1149,173,43,29
1176,32.698764735292485,981,2.0,0.4787977933883667,365,474,94,80
1113,32.73209680943651,982,2.0,0.7745569348335266,661,406,110,62
1126,32.73209680943651,982,2.0,0.6464471220970154,896,254,73,38
1135,32.73209680943651,982,2.0,0.5223230719566345,1010,236,57,37
1140,32.73209680943651,982,2.0,0.6609941720962524,1184,296,62,35
1155,32.73209680943651,982,2.0,0.7248896360397339,1139,492,110,78
1127,32.73209680943651,982,7.0,0.5732209086418152,1321,277,136,140
1166,32.73209680943651,982,2.0,0.6749746799468994,986,503,121,78
1172,32.73209680943651,982,2.0,0.49415284395217896,1147,174,40,27
1176,32.73209680943651,982,2.0,0.2754490077495575,355,477,77,76
1113,32.76542888358054,983,2.0,0.7936680912971497,649,412,115,61
1126,32.76542888358054,983,2.0,0.6933523416519165,890,257,72,40
1135,32.76542888358054,983,2.0,0.6903907656669617,1005,238,60,40
1140,32.76542888358054,983,2.0,0.6390207409858704,1189,293,59,36
1155,32.76542888358054,983,2.0,0.6790450811386108,1144,483,100,75
1127,32.76542888358054,983,7.0,0.6048325300216675,1323,275,130,139
1166,32.76542888358054,983,2.0,0.7596545219421387,1000,493,120,81
1172,32.76542888358054,983,2.0,0.3557414412498474,1145,175,38,27
1113,32.79876095772457,984,2.0,0.7393406629562378,633,418,115,63
1126,32.79876095772457,984,2.0,0.675951361656189,885,260,77,44
1135,32.79876095772457,984,2.0,0.6957502365112305,1002,240,62,41
1140,32.79876095772457,984,2.0,0.7013776302337646,1195,290,60,37
1155,32.79876095772457,984,2.0,0.6966782212257385,1152,475,104,71
1127,32.79876095772457,984,7.0,0.5424680113792419,1325,274,130,138
1166,32.79876095772457,984,2.0,0.6457679271697998,1009,485,116,78
1172,32.79876095772457,984,2.0,0.42355164885520935,1142,175,40,27
1113,32.832093031868595,985,2.0,0.7227879166603088,616,425,116,64
1126,32.832093031868595,985,2.0,0.7396020889282227,879,261,81,44
1135,32.832093031868595,985,2.0,0.6141809225082397,996,241,63,42
1140,32.832093031868595,985,2.0,0.6810934543609619,1200,287,56,33
1155,32.832093031868595,985,2.0,0.6683716177940369,1160,468,100,71
1127,32.832093031868595,985,7.0,0.6257874369621277,1327,272,129,137
1166,32.832093031868595,985,2.0,0.7636625170707703,1020,478,113,76
1172,32.832093031868595,985,2.0,0.39287835359573364,1139,175,42,28
1113,32.86542510601263,986,2.0,0.716210663318634,599,432,120,66
1126,32.86542510601263,986,2.0,0.7742447853088379,872,263,82,45
1135,32.86542510601263,986,2.0,0.4979570209980011,991,243,64,42
1140,32.86542510601263,986,2.0,0.727380096912384,1203,286,55,34
1155,32.86542510601263,986,2.0,0.6589680314064026,1168,462,98,66
1127,32.86542510601263,986,7.0,0.6098520755767822,1331,269,125,134
1166,32.86542510601263,986,2.0,0.6878708004951477,1030,472,112,71
1172,32.86542510601263,986,2.0,0.3063855469226837,1135,176,42,29
1113,32.89875718015666,987,2.0,0.6428595185279846,583,439,124,67
1126,32.89875718015666,987,2.0,0.6500451564788818,865,265,80,44
1135,32.89875718015666,987,2.0,0.5771151185035706,985,245,65,41
1140,32.89875718015666,987,2.0,0.6974889636039734,1207,283,56,34
1155,32.89875718015666,987,2.0,0.7046266198158264,1171,453,91,68
1127,32.89875718015666,987,7.0,0.637994110584259,1335,266,125,132
1166,32.89875718015666,987,2.0,0.6926249265670776,1041,464,109,68
1172,32.89875718015666,987,2.0,0.32320985198020935,1132,177,43,29
1113,32.932089254300685,988,2.0,0.7406491041183472,564,445,126,69
1126,32.932089254300685,988,2.0,0.6633898019790649,856,268,77,45
1135,32.932089254300685,988,2.0,0.6349337697029114,980,246,64,42
1140,32.932089254300685,988,2.0,0.6779770255088806,1215,280,57,36
1155,32.932089254300685,988,2.0,0.7136392593383789,1179,447,88,67
1127,32.932089254300685,988,7.0,0.6547149419784546,1338,264,124,129
1166,32.932089254300685,988,2.0,0.7614220976829529,1050,457,106,66
1172,32.932089254300685,988,2.0,0.2917533218860626,1130,178,43,31
1113,32.96542132844471,989,2.0,0.7353407144546509,546,454,127,70
1126,32.96542132844471,989,2.0,0.7517879009246826,849,270,78,46
1135,32.96542132844471,989,2.0,0.6301576495170593,973,248,65,43
1140,32.96542132844471,989,2.0,0.6618227958679199,1220,278,56,37
1155,32.96542132844471,989,2.0,0.6744983196258545,1186,440,87,65
1127,32.96542132844471,989,7.0,0.6871650218963623,1340,262,121,126
1166,32.96542132844471,989,2.0,0.8305897116661072,1058,451,107,66
1172,32.96542132844471,989,2.0,0.29920676350593567,1127,179,43,31
1113,32.99875340258875,990,2.0,0.7210302948951721,528,463,132,69
1126,32.99875340258875,990,2.0,0.7728887796401978,844,271,81,46
1135,32.99875340258875,990,2.0,0.5438114404678345,967,250,64,43
1140,32.99875340258875,990,2.0,0.6344398260116577,1223,274,55,39
1155,32.99875340258875,990,2.0,0.6689037084579468,1192,434,89,62
1127,32.99875340258875,990,7.0,0.6359891295433044,1343,259,120,125
1166,32.99875340258875,990,2.0,0.8087117075920105,1067,445,106,68
1172,32.99875340258875,990,2.0,0.291348934173584,1125,179,45,32
1183,32.99875340258875,990,2.0,0.39358869194984436,1283,145,34,28
1113,33.032085476732775,991,2.0,0.7963737845420837,508,472,132,72
1126,33.032085476732775,991,2.0,0.706516444683075,839,273,87,48
1135,33.032085476732775,991,2.0,0.536880373954773,962,252,67,44
1140,33.032085476732775,991,2.0,0.656412661075592,1226,271,58,39
1155,33.032085476732775,991,2.0,0.7456498742103577,1200,428,93,63
1127,33.032085476732775,991,7.0,0.6493923664093018,1346,257,120,126
1166,33.032085476732775,991,2.0,0.728279173374176,1076,438,104,67
1172,33.032085476732775,991,2.0,0.418811559677124,1124,181,45,30
1183,33.032085476732775,991,2.0,0.2711678147315979,1282,146,31,29
1113,33.0654175508768,992,2.0,0.7948459386825562,490,479,140,74
1126,33.0654175508768,992,2.0,0.6020037531852722,829,276,83,48
1135,33.0654175508768,992,2.0,0.4337659180164337,956,255,66,46
1140,33.0654175508768,992,2.0,0.6429834961891174,1231,266,55,34
1155,33.0654175508768,992,2.0,0.6735023260116577,1209,424,94,64
1127,33.0654175508768,992,7.0,0.6301650404930115,1348,256,119,125
1166,33.0654175508768,992,2.0,0.7477321624755859,1085,430,99,63
1172,33.0654175508768,992,2.0,0.2758566737174988,1122,182,49,30
1183,33.0654175508768,992,2.0,0.35265448689460754,1281,149,33,30
1113,33.09874962502083,993,2.0,0.7476206421852112,471,488,146,75
1126,33.09874962502083,993,2.0,0.7045599222183228,823,279,85,49
1135,33.09874962502083,993,2.0,0.5710535645484924,950,258,69,47
1140,33.09874962502083,993,2.0,0.7183275818824768,1236,264,52,31
1155,33.09874962502083,993,2.0,0.6398763060569763,1212,417,89,62
1127,33.09874962502083,993,7.0,0.5722638964653015,1350,253,117,126
1166,33.09874962502083,993,2.0,0.7143185138702393,1094,424,99,64
1172,33.09874962502083,993,2.0,0.2701954245567322,1118,183,50,31
1183,33.09874962502083,993,2.0,0.22749848663806915,1273,148,47,30
1184,33.09874962502083,993,2.0,0.42096009850502014,1178,161,39,28
1113,33.13208169916486,994,2.0,0.7998607754707336,447,498,144,76
1126,33.13208169916486,994,2.0,0.6459736227989197,814,282,88,49
1135,33.13208169916486,994,2.0,0.5709250569343567,943,260,68,47
1140,33.13208169916486,994,2.0,0.7431802153587341,1239,261,50,29
1155,33.13208169916486,994,2.0,0.60406893491745,1216,413,87,60
1127,33.13208169916486,994,7.0,0.5675724148750305,1353,251,113,125
1166,33.13208169916486,994,2.0,0.7345336675643921,1098,417,94,59
1172,33.13208169916486,994,2.0,0.49381667375564575,1117,184,54,32
1183,33.13208169916486,994,2.0,0.31952807307243347,1270,147,52,31
1184,33.13208169916486,994,2.0,0.4400627017021179,1175,161,39,30
1185,33.13208169916486,994,2.0,0.3777318596839905,1275,149,40,28
1113,33.16541377330889,995,2.0,0.8190203309059143,425,507,146,79
1126,33.16541377330889,995,2.0,0.6736874580383301,807,284,88,49
1135,33.16541377330889,995,2.0,0.595992386341095,935,262,66,47
1140,33.16541377330889,995,2.0,0.4878687858581543,1245,258,51,28
1155,33.16541377330889,995,2.0,0.6577052474021912,1222,406,85,61
1127,33.16541377330889,995,7.0,0.6120017170906067,1355,249,111,125
1166,33.16541377330889,995,2.0,0.717297375202179,1106,411,91,60
1172,33.16541377330889,995,2.0,0.40021541714668274,1116,186,56,30
1184,33.16541377330889,995,2.0,0.32640624046325684,1174,162,38,29
1185,33.16541377330889,995,2.0,0.26582127809524536,1273,148,44,30
1186,33.16541377330889,995,2.0,0.6724333763122559,61,593,122,97
1113,33.19874584745292,996,2.0,0.7096202373504639,404,516,145,84
1126,33.19874584745292,996,2.0,0.6581954956054688,799,286,89,48
1135,33.19874584745292,996,2.0,0.6978331804275513,928,265,67,49
1140,33.19874584745292,996,2.0,0.5582028031349182,1249,257,51,28
1155,33.19874584745292,996,2.0,0.605079174041748,1230,402,88,64
1127,33.19874584745292,996,7.0,0.5680547952651978,1357,247,109,123
1166,33.19874584745292,996,2.0,0.7402907609939575,1114,405,92,61
1172,33.19874584745292,996,2.0,0.34848013520240784,1111,186,51,30
1184,33.19874584745292,996,2.0,0.29166269302368164,1171,162,42,30
1185,33.19874584745292,996,2.0,0.2950039505958557,1270,147,49,29
1186,33.19874584745292,996,2.0,0.5491268634796143,47,599,93,93
1113,33.23207792159695,997,2.0,0.6157203316688538,388,525,129,84
1126,33.23207792159695,997,2.0,0.6463388204574585,792,289,92,49
1135,33.23207792159695,997,2.0,0.542203426361084,924,266,72,49
1140,33.23207792159695,997,2.0,0.5894860625267029,1252,255,51,29
1155,33.23207792159695,997,2.0,0.630101203918457,1235,396,87,60
1127,33.23207792159695,997,7.0,0.5342750549316406,1360,245,107,121
1166,33.23207792159695,997,2.0,0.7458564043045044,1120,400,88,59
1172,33.23207792159695,997,2.0,0.26546984910964966,1106,188,44,29
1184,33.23207792159695,997,2.0,0.18111082911491394,1170,163,42,30
1185,33.23207792159695,997,2.0,0.20067453384399414,1266,149,48,28
1186,33.23207792159695,997,2.0,0.42634883522987366,32,611,63,93
1113,33.265409995740974,998,2.0,0.42394331097602844,377,536,106,84
1126,33.265409995740974,998,2.0,0.6997066140174866,781,292,90,49
1135,33.265409995740974,998,2.0,0.5300253033638,917,268,75,50
1140,33.265409995740974,998,2.0,0.5030502676963806,1256,253,50,28
1155,33.265409995740974,998,2.0,0.6432276964187622,1240,390,83,57
1127,33.265409995740974,998,7.0,0.5367248058319092,1363,243,107,118
1166,33.265409995740974,998,2.0,0.6559522747993469,1128,393,85,57
1172,33.265409995740974,998,2.0,0.37830206751823425,1102,188,44,30
1184,33.265409995740974,998,2.0,0.2617420256137848,1168,164,42,29
1185,33.265409995740974,998,2.0,0.19641374051570892,1266,151,45,31
1186,33.265409995740974,998,2.0,0.3713400661945343,17,614,33,80
1126,33.29874206988501,999,2.0,0.5545912981033325,773,296,90,50
1135,33.29874206988501,999,2.0,0.526431679725647,910,270,77,51
1140,33.29874206988501,999,2.0,0.4164550006389618,1259,252,49,27
1155,33.29874206988501,999,2.0,0.6597815752029419,1243,387,82,55
1127,33.29874206988501,999,7.0,0.47355926036834717,1366,240,109,115
1166,33.29874206988501,999,2.0,0.7866671681404114,1135,388,82,56
1172,33.29874206988501,999,2.0,0.47869110107421875,1098,189,40,28
1184,33.29874206988501,999,2.0,0.4121536910533905,1167,166,41,29
1185,33.29874206988501,999,2.0,0.22383815050125122,1265,154,44,35
1126,33.332074144029036,1000,2.0,0.48516321182250977,764,299,90,51
1135,33.332074144029036,1000,2.0,0.6323506832122803,903,272,79,52
1140,33.332074144029036,1000,2.0,0.6521693468093872,1263,249,48,28
1155,33.332074144029036,1000,2.0,0.6663778424263,1246,382,75,56
1127,33.332074144029036,1000,7.0,0.5248936414718628,1369,238,109,115
1166,33.332074144029036,1000,2.0,0.7336590886116028,1142,385,85,55
1172,33.332074144029036,1000,2.0,0.40772852301597595,1095,190,42,30
1184,33.332074144029036,1000,2.0,0.3184696435928345,1162,167,45,29
1185,33.332074144029036,1000,2.0,0.2166336625814438,1263,154,46,35
1126,33.365406218173064,1001,2.0,0.6058816909790039,754,303,85,51
1135,33.365406218173064,1001,2.0,0.6540012359619141,894,275,78,54
1140,33.365406218173064,1001,2.0,0.5413044095039368,1268,246,50,29
1155,33.365406218173064,1001,2.0,0.6529955267906189,1251,379,78,58
1127,33.365406218173064,1001,7.0,0.5866622924804688,1371,236,105,112
1166,33.365406218173064,1001,2.0,0.6400665640830994,1147,380,83,55
1172,33.365406218173064,1001,2.0,0.4649651348590851,1093,191,44,29
1184,33.365406218173064,1001,2.0,0.2923853099346161,1160,167,45,30
1185,33.365406218173064,1001,2.0,0.21093864738941193,1262,154,43,34
1126,33.39873829231709,1002,2.0,0.5708919167518616,744,307,90,52
1135,33.39873829231709,1002,2.0,0.605779230594635,888,277,77,54
1140,33.39873829231709,1002,2.0,0.613827645778656,1271,243,51,31
1155,33.39873829231709,1002,2.0,0.6925108432769775,1256,373,78,54
1127,33.39873829231709,1002,7.0,0.5146885514259338,1372,234,105,112
1166,33.39873829231709,1002,2.0,0.7040047645568848,1154,375,78,53
1172,33.39873829231709,1002,2.0,0.45143112540245056,1090,192,43,30
1184,33.39873829231709,1002,2.0,0.5359308123588562,1160,168,44,31
1185,33.39873829231709,1002,2.0,0.18953339755535126,1259,155,44,34
1126,33.43207036646112,1003,2.0,0.5625796914100647,734,309,91,53
1135,33.43207036646112,1003,2.0,0.6542279720306396,881,279,79,56
1140,33.43207036646112,1003,2.0,0.5480613112449646,1273,241,49,29
1155,33.43207036646112,1003,2.0,0.6610889434814453,1258,367,70,51
1127,33.43207036646112,1003,7.0,0.5748728513717651,1374,233,103,110
1166,33.43207036646112,1003,2.0,0.6698007583618164,1160,370,76,50
1172,33.43207036646112,1003,2.0,0.32444021105766296,1087,193,41,30
1184,33.43207036646112,1003,2.0,0.6245860457420349,1159,168,41,31
1185,33.43207036646112,1003,2.0,0.3378652334213257,1258,155,42,35
1193,33.43207036646112,1003,2.0,0.3192419707775116,1372,235,101,110
1126,33.46540244060515,1004,2.0,0.730757474899292,726,312,92,56
1135,33.46540244060515,1004,2.0,0.6657748222351074,874,283,82,55
1140,33.46540244060515,1004,2.0,0.6213077902793884,1276,239,47,28
1155,33.46540244060515,1004,2.0,0.7187926173210144,1262,364,71,49
1127,33.46540244060515,1004,7.0,0.6487193703651428,1376,231,103,108
1166,33.46540244060515,1004,2.0,0.6977831721305847,1166,366,76,50
1172,33.46540244060515,1004,2.0,0.4088994264602661,1084,195,42,29
1184,33.46540244060515,1004,2.0,0.509238600730896,1158,169,40,31
1185,33.46540244060515,1004,2.0,0.33663874864578247,1254,155,45,36
1193,33.46540244060515,1004,2.0,0.19303296506404877,1373,233,102,107
1126,33.49873451474918,1005,2.0,0.5992918610572815,719,314,98,56
1135,33.49873451474918,1005,2.0,0.5386807918548584,866,288,83,50
1140,33.49873451474918,1005,2.0,0.6351693868637085,1280,237,47,28
1155,33.49873451474918,1005,2.0,0.7063305377960205,1270,361,72,50
1127,33.49873451474918,1005,7.0,0.5490333437919617,1378,231,102,107
1166,33.49873451474918,1005,2.0,0.7019056677818298,1172,361,75,49
1172,33.49873451474918,1005,2.0,0.36812612414360046,1080,197,43,29
1184,33.49873451474918,1005,2.0,0.3714229464530945,1157,169,42,32
1185,33.49873451474918,1005,2.0,0.32802051305770874,1252,157,42,34
1193,33.49873451474918,1005,2.0,0.13895979523658752,1374,233,103,105
1195,33.49873451474918,1005,2.0,0.5733094215393066,120,626,123,99
1126,33.53206658889321,1006,2.0,0.6887480020523071,709,317,100,58
1135,33.53206658889321,1006,2.0,0.5836729407310486,858,290,83,51
1140,33.53206658889321,1006,2.0,0.5442242622375488,1283,235,43,27
1155,33.53206658889321,1006,2.0,0.6161491870880127,1273,358,68,50
1127,33.53206658889321,1006,7.0,0.5746225714683533,1380,230,100,106
1166,33.53206658889321,1006,2.0,0.6654927730560303,1178,359,73,49
1172,33.53206658889321,1006,2.0,0.37616246938705444,1076,198,44,29
1184,33.53206658889321,1006,2.0,0.46967417001724243,1150,170,46,33
1185,33.53206658889321,1006,2.0,0.35818225145339966,1251,158,38,34
1193,33.53206658889321,1006,2.0,0.2829977869987488,1377,232,101,105
1195,33.53206658889321,1006,2.0,0.48280441761016846,104,636,155,107
1126,33.565398663037236,1007,2.0,0.6765109300613403,700,320,102,58
1135,33.565398663037236,1007,2.0,0.5124343037605286,850,292,85,53
1140,33.565398663037236,1007,2.0,0.5212612748146057,1287,232,44,26
1155,33.565398663037236,1007,2.0,0.6334392428398132,1280,353,73,48
1127,33.565398663037236,1007,7.0,0.6205715537071228,1381,228,98,102
1166,33.565398663037236,1007,2.0,0.6632786393165588,1182,354,71,47
1172,33.565398663037236,1007,2.0,0.4397847056388855,1072,200,44,28
1184,33.565398663037236,1007,2.0,0.4339950680732727,1148,171,42,34
1185,33.565398663037236,1007,2.0,0.3234637677669525,1249,158,40,35
1195,33.565398663037236,1007,2.0,0.42109861969947815,93,650,175,112
1126,33.59873073718126,1008,2.0,0.6483878493309021,691,324,105,60
1135,33.59873073718126,1008,2.0,0.4154907166957855,836,295,74,53
1140,33.59873073718126,1008,2.0,0.32829487323760986,1290,230,45,26
1155,33.59873073718126,1008,2.0,0.6490572690963745,1284,348,71,48
1127,33.59873073718126,1008,7.0,0.6320592761039734,1383,227,97,99
1166,33.59873073718126,1008,2.0,0.5554538369178772,1189,350,72,48
1172,33.59873073718126,1008,2.0,0.20144785940647125,1069,201,44,28
1184,33.59873073718126,1008,2.0,0.3436768054962158,1146,171,39,32
1185,33.59873073718126,1008,2.0,0.4268226623535156,1246,160,42,35
1195,33.59873073718126,1008,2.0,0.566979169845581,83,665,167,121
1198,33.59873073718126,1008,2.0,0.6257432103157043,615,954,275,211
1126,33.6320628113253,1009,2.0,0.5511361360549927,680,327,107,62
1135,33.6320628113253,1009,2.0,0.3355666399002075,829,299,76,54
1140,33.6320628113253,1009,2.0,0.3313749432563782,1294,229,47,27
1155,33.6320628113253,1009,2.0,0.6520456671714783,1287,343,71,52
1127,33.6320628113253,1009,7.0,0.511695384979248,1384,226,95,100
1166,33.6320628113253,1009,2.0,0.766238272190094,1195,346,71,49
1172,33.6320628113253,1009,2.0,0.28905096650123596,1066,202,46,27
1184,33.6320628113253,1009,2.0,0.2989760637283325,1144,172,36,31
1185,33.6320628113253,1009,2.0,0.17289495468139648,1245,160,43,31
1195,33.6320628113253,1009,2.0,0.3525349795818329,70,679,141,118
1198,33.6320628113253,1009,2.0,0.622101366519928,646,928,257,202
1126,33.665394885469325,1010,2.0,0.6428623795509338,669,331,110,63
1135,33.665394885469325,1010,2.0,0.3311852216720581,821,302,80,55
1140,33.665394885469325,1010,2.0,0.3282362222671509,1296,228,49,28
1155,33.665394885469325,1010,2.0,0.7909355759620667,1291,339,70,50
1127,33.665394885469325,1010,7.0,0.4682192802429199,1386,224,95,101
1166,33.665394885469325,1010,2.0,0.7159234881401062,1201,342,68,48
1172,33.665394885469325,1010,2.0,0.48858320713043213,1062,203,48,29
1184,33.665394885469325,1010,2.0,0.4000966250896454,1141,173,35,31
1185,33.665394885469325,1010,2.0,0.3396165072917938,1242,160,45,33
1198,33.665394885469325,1010,2.0,0.7148162722587585,674,908,258,215
1126,33.69872695961335,1011,2.0,0.6224261522293091,658,335,110,62
1135,33.69872695961335,1011,2.0,0.3126121759414673,809,308,76,49
1140,33.69872695961335,1011,2.0,0.28352656960487366,1300,225,46,28
1155,33.69872695961335,1011,2.0,0.7459316253662109,1296,336,71,49
1127,33.69872695961335,1011,7.0,0.47573593258857727,1386,222,93,99
1166,33.69872695961335,1011,2.0,0.5980058908462524,1205,338,66,45
1172,33.69872695961335,1011,2.0,0.39888086915016174,1059,205,48,29
1184,33.69872695961335,1011,2.0,0.42684364318847656,1140,175,34,30
1185,33.69872695961335,1011,2.0,0.12244069576263428,1239,159,46,37
1198,33.69872695961335,1011,2.0,0.8246440291404724,707,878,239,202
1126,33.73205903375738,1012,2.0,0.7134302258491516,647,338,112,61
1135,33.73205903375738,1012,2.0,0.40188083052635193,799,313,77,47
1140,33.73205903375738,1012,2.0,0.41911593079566956,1302,224,43,27
1155,33.73205903375738,1012,2.0,0.6904894113540649,1298,334,70,48
1127,33.73205903375738,1012,7.0,0.445352166891098,1388,221,90,96
1166,33.73205903375738,1012,2.0,0.6685037612915039,1211,334,67,44
1172,33.73205903375738,1012,2.0,0.26931115984916687,1057,205,49,30
1184,33.73205903375738,1012,2.0,0.48436102271080017,1135,175,39,30
1185,33.73205903375738,1012,2.0,0.10890848189592361,1238,161,49,39
1198,33.73205903375738,1012,2.0,0.8290748000144958,736,852,227,189
1126,33.765391107901415,1013,2.0,0.36480939388275146,635,341,111,64
1135,33.765391107901415,1013,2.0,0.2549900412559509,793,316,83,49
1140,33.765391107901415,1013,2.0,0.46094757318496704,1304,221,43,27
1155,33.765391107901415,1013,2.0,0.7557598352432251,1299,331,65,45
1127,33.765391107901415,1013,7.0,0.35280561447143555,1389,219,90,95
1166,33.765391107901415,1013,2.0,0.7192255258560181,1214,329,68,40
1172,33.765391107901415,1013,2.0,0.3401096761226654,1051,206,48,29
1184,33.765391107901415,1013,2.0,0.5448593497276306,1133,175,41,31
1185,33.765391107901415,1013,2.0,0.36489689350128174,1236,165,47,37
1198,33.765391107901415,1013,2.0,0.7949575781822205,763,824,217,172
1126,33.79872318204544,1014,2.0,0.3943726718425751,623,347,111,62
1135,33.79872318204544,1014,2.0,0.4269631505012512,784,319,87,52
1140,33.79872318204544,1014,2.0,0.5611546635627747,1307,219,40,25
1155,33.79872318204544,1014,2.0,0.7448039054870605,1302,327,61,43
1127,33.79872318204544,1014,7.0,0.3407799303531647,1391,218,88,99
1166,33.79872318204544,1014,2.0,0.5963693261146545,1219,325,68,40
1172,33.79872318204544,1014,2.0,0.23804301023483276,1046,207,46,30
1184,33.79872318204544,1014,2.0,0.40522506833076477,1130,176,43,32
1185,33.79872318204544,1014,2.0,0.3593131899833679,1235,169,50,35
1198,33.79872318204544,1014,2.0,0.796533465385437,788,801,211,164
1126,33.83205525618947,1015,2.0,0.5470982789993286,611,351,112,64
1135,33.83205525618947,1015,2.0,0.45959338545799255,777,321,91,53
1140,33.83205525618947,1015,2.0,0.642713725566864,1309,217,40,27
1155,33.83205525618947,1015,2.0,0.6697098612785339,1303,324,63,44
1127,33.83205525618947,1015,7.0,0.40070173144340515,1393,217,89,98
1166,33.83205525618947,1015,2.0,0.6777487993240356,1224,321,65,42
1172,33.83205525618947,1015,2.0,0.33613693714141846,1043,209,43,31
1184,33.83205525618947,1015,2.0,0.3256799280643463,1127,177,46,33
1185,33.83205525618947,1015,2.0,0.44416138529777527,1234,171,48,35
1198,33.83205525618947,1015,2.0,0.7893730998039246,810,777,200,152
1126,33.8653873303335,1016,2.0,0.43318283557891846,598,354,113,67
1135,33.8653873303335,1016,2.0,0.4418138861656189,771,323,101,60
1140,33.8653873303335,1016,2.0,0.6997441053390503,1312,214,40,26
1155,33.8653873303335,1016,2.0,0.6685158014297485,1309,321,60,45
1127,33.8653873303335,1016,7.0,0.5167199969291687,1396,217,87,98
1166,33.8653873303335,1016,2.0,0.6791285872459412,1228,318,63,41
1172,33.8653873303335,1016,2.0,0.32678672671318054,1041,211,46,30
1184,33.8653873303335,1016,2.0,0.3005041480064392,1124,178,46,33
1185,33.8653873303335,1016,2.0,0.4752787947654724,1232,170,47,35
1198,33.8653873303335,1016,2.0,0.778388500213623,833,757,192,147
1126,33.898719404477525,1017,2.0,0.5127164125442505,586,359,113,66
1135,33.898719404477525,1017,2.0,0.5537192821502686,759,326,98,62
1140,33.898719404477525,1017,2.0,0.6952915787696838,1314,214,41,25
1155,33.898719404477525,1017,2.0,0.74600750207901,1313,319,58,42
1127,33.898719404477525,1017,7.0,0.5469567775726318,1399,214,85,100
1166,33.898719404477525,1017,2.0,0.7196705341339111,1232,315,60,42
1172,33.898719404477525,1017,2.0,0.3323815166950226,1036,212,45,30
1184,33.898719404477525,1017,2.0,0.20225094258785248,1122,179,44,32
1185,33.898719404477525,1017,2.0,0.31408485770225525,1228,169,46,39
1198,33.898719404477525,1017,2.0,0.824573278427124,855,736,188,141
1126,33.93205147862156,1018,2.0,0.6278718709945679,576,364,119,67
1135,33.93205147862156,1018,2.0,0.5053003430366516,749,330,98,62
1140,33.93205147862156,1018,2.0,0.6587721705436707,1316,213,38,23
1155,33.93205147862156,1018,2.0,0.7203902006149292,1317,316,60,42
1127,33.93205147862156,1018,7.0,0.4936452805995941,1400,211,85,99
1166,33.93205147862156,1018,2.0,0.7341997623443604,1237,312,59,42
1172,33.93205147862156,1018,2.0,0.31366652250289917,1032,212,45,31
1184,33.93205147862156,1018,2.0,0.2949621081352234,1121,181,44,32
1185,33.93205147862156,1018,2.0,0.3678848147392273,1226,169,48,40
1198,33.93205147862156,1018,2.0,0.785163164138794,875,721,181,140
1126,33.96538355276559,1019,2.0,0.4624076187610626,565,368,125,67
1135,33.96538355276559,1019,2.0,0.5602045059204102,738,333,100,63
1140,33.96538355276559,1019,2.0,0.5397272109985352,1319,211,42,24
1155,33.96538355276559,1019,2.0,0.7185928821563721,1320,313,60,42
1127,33.96538355276559,1019,7.0,0.2970927953720093,1401,209,85,95
1166,33.96538355276559,1019,2.0,0.773699939250946,1241,310,63,42
1172,33.96538355276559,1019,2.0,0.24732287228107452,1028,213,50,32
1184,33.96538355276559,1019,2.0,0.24912521243095398,1120,181,47,33
1185,33.96538355276559,1019,2.0,0.4034658670425415,1223,169,46,38
1198,33.96538355276559,1019,2.0,0.7762736678123474,895,703,174,132
1126,33.998715626909615,1020,2.0,0.6900846362113953,550,371,124,69
1135,33.998715626909615,1020,2.0,0.520687460899353,725,338,97,63
1140,33.998715626909615,1020,2.0,0.4989655017852783,1321,211,43,25
1155,33.998715626909615,1020,2.0,0.7269567251205444,1322,309,59,41
1127,33.998715626909615,1020,7.0,0.31363797187805176,1403,207,84,94
1166,33.998715626909615,1020,2.0,0.7423478364944458,1245,307,63,39
1172,33.998715626909615,1020,2.0,0.23633098602294922,1022,215,45,29
1184,33.998715626909615,1020,2.0,0.23449839651584625,1115,183,44,34
1185,33.998715626909615,1020,2.0,0.26373714208602905,1221,169,47,39
1198,33.998715626909615,1020,2.0,0.7516636252403259,912,687,169,133
1126,34.03204770105364,1021,2.0,0.6222970485687256,539,376,134,71
1135,34.03204770105364,1021,2.0,0.5426765084266663,713,342,96,63
1140,34.03204770105364,1021,2.0,0.34278419613838196,1324,210,40,24
1155,34.03204770105364,1021,2.0,0.7640199065208435,1325,306,57,41
1127,34.03204770105364,1021,2.0,0.2066042423248291,1404,206,82,90
1166,34.03204770105364,1021,2.0,0.7177445292472839,1248,305,62,38
1172,34.03204770105364,1021,2.0,0.1492326706647873,1017,218,43,28
1184,34.03204770105364,1021,2.0,0.26744702458381653,1112,184,41,33
1185,34.03204770105364,1021,2.0,0.3524620532989502,1218,171,50,38
1198,34.03204770105364,1021,2.0,0.6982113122940063,928,673,163,130
1126,34.06537977519767,1022,2.0,0.38926082849502563,521,381,126,72
1135,34.06537977519767,1022,2.0,0.43626874685287476,698,346,89,60
1140,34.06537977519767,1022,2.0,0.3492821156978607,1326,209,39,24
1155,34.06537977519767,1022,2.0,0.6911075711250305,1327,304,54,41
1127,34.06537977519767,1022,7.0,0.10702896118164062,1406,205,82,91
1166,34.06537977519767,1022,2.0,0.7347963452339172,1252,302,63,38
1172,34.06537977519767,1022,2.0,0.18789780139923096,1014,218,45,29
1184,34.06537977519767,1022,2.0,0.3783848285675049,1110,185,43,32
1185,34.06537977519767,1022,2.0,0.4159523844718933,1217,171,53,36
1198,34.06537977519767,1022,2.0,0.6851559281349182,946,659,159,128
1126,34.098711849341704,1023,2.0,0.27211692929267883,509,386,132,72
1135,34.098711849341704,1023,2.0,0.37653982639312744,688,350,96,64
1140,34.098711849341704,1023,2.0,0.25359466671943665,1329,207,40,23
1155,34.098711849341704,1023,2.0,0.6580209732055664,1331,302,55,42
1127,34.098711849341704,1023,7.0,0.17307327687740326,1408,203,84,91
1166,34.098711849341704,1023,2.0,0.6735466122627258,1254,298,65,39
1172,34.098711849341704,1023,2.0,0.11315523087978363,1011,219,47,32
1184,34.098711849341704,1023,2.0,0.37955084443092346,1104,187,45,31
1185,34.098711849341704,1023,2.0,0.2602798342704773,1217,170,52,37
1198,34.098711849341704,1023,2.0,0.6597103476524353,961,641,159,119
1126,34.13204392348573,1024,2.0,0.42597153782844543,496,392,135,72
1135,34.13204392348573,1024,2.0,0.4014391303062439,678,356,102,65
1140,34.13204392348573,1024,2.0,0.22937890887260437,1331,206,39,24
1155,34.13204392348573,1024,2.0,0.6367048621177673,1334,298,52,43
1127,34.13204392348573,1024,7.0,0.16050656139850616,1409,203,83,90
1166,34.13204392348573,1024,2.0,0.6353201270103455,1258,296,61,38
1172,34.13204392348573,1024,2.0,0.16222988069057465,1008,220,49,33
1184,34.13204392348573,1024,2.0,0.22613193094730377,1100,188,43,31
1185,34.13204392348573,1024,2.0,0.42573484778404236,1215,169,54,38
1198,34.13204392348573,1024,2.0,0.8042682409286499,974,628,151,114
1126,34.16537599762976,1025,2.0,0.5958584547042847,479,397,133,75
1135,34.16537599762976,1025,2.0,0.5168852806091309,667,361,110,68
1140,34.16537599762976,1025,2.0,0.37287867069244385,1334,205,40,24
1155,34.16537599762976,1025,2.0,0.6940844058990479,1339,295,56,44
1127,34.16537599762976,1025,7.0,0.33010056614875793,1411,202,83,88
1166,34.16537599762976,1025,2.0,0.5110408067703247,1261,293,59,40
1172,34.16537599762976,1025,2.0,0.22500042617321014,1002,221,53,32
1184,34.16537599762976,1025,2.0,0.47205668687820435,1098,189,45,31
1185,34.16537599762976,1025,2.0,0.17324721813201904,1213,171,59,44
1198,34.16537599762976,1025,2.0,0.700396716594696,1000,618,169,116
1126,34.19870807177379,1026,2.0,0.6139967441558838,464,403,141,77
1135,34.19870807177379,1026,2.0,0.6579950451850891,653,366,107,66
1140,34.19870807177379,1026,2.0,0.25953084230422974,1336,204,40,25
1155,34.19870807177379,1026,2.0,0.7068953514099121,1342,293,59,43
1127,34.19870807177379,1026,7.0,0.26148778200149536,1413,200,81,88
1166,34.19870807177379,1026,2.0,0.612188994884491,1267,291,59,40
1184,34.19870807177379,1026,2.0,0.399545282125473,1095,190,45,32
1185,34.19870807177379,1026,2.0,0.15955831110477448,1210,173,57,46
1198,34.19870807177379,1026,2.0,0.7217910289764404,1019,603,173,113
1126,34.23204014591782,1027,2.0,0.5749413967132568,450,408,147,78
1135,34.23204014591782,1027,2.0,0.712165117263794,642,370,109,66
1140,34.23204014591782,1027,2.0,0.1293058544397354,1338,201,40,27
1155,34.23204014591782,1027,2.0,0.687687337398529,1345,291,59,42
1127,34.23204014591782,1027,7.0,0.29851633310317993,1414,198,80,89
1166,34.23204014591782,1027,2.0,0.6242246627807617,1271,288,56,37
1184,34.23204014591782,1027,2.0,0.2630288898944855,1092,190,46,35
1185,34.23204014591782,1027,2.0,0.277873694896698,1205,175,54,44
1198,34.23204014591782,1027,2.0,0.791802704334259,1035,595,172,115
1126,34.26537222006185,1028,2.0,0.47808927297592163,436,414,153,80
1135,34.26537222006185,1028,2.0,0.7529461979866028,628,375,110,70
1140,34.26537222006185,1028,2.0,0.31730231642723083,1339,200,38,26
1155,34.26537222006185,1028,2.0,0.6254550814628601,1346,288,58,40
1127,34.26537222006185,1028,2.0,0.24476581811904907,1416,196,78,88
1166,34.26537222006185,1028,2.0,0.6199949383735657,1274,284,58,37
1184,34.26537222006185,1028,2.0,0.2921206057071686,1089,191,46,34
1185,34.26537222006185,1028,2.0,0.4040127098560333,1204,176,57,44
1198,34.26537222006185,1028,2.0,0.7889764308929443,1036,582,147,109
1126,34.298704294205876,1029,2.0,0.6267731785774231,418,420,152,79
1135,34.298704294205876,1029,2.0,0.7286057472229004,615,379,112,72
1140,34.298704294205876,1029,2.0,0.11234373599290848,1343,197,36,23
1155,34.298704294205876,1029,2.0,0.6338472962379456,1347,285,56,37
1127,34.298704294205876,1029,2.0,0.2598876357078552,1417,194,78,88
1166,34.298704294205876,1029,2.0,0.6373579502105713,1277,282,56,34
1184,34.298704294205876,1029,2.0,0.3225572407245636,1086,192,46,35
1185,34.298704294205876,1029,2.0,0.19177310168743134,1200,178,55,44
1198,34.298704294205876,1029,2.0,0.7151851058006287,1055,572,160,107
1126,34.332036368349904,1030,2.0,0.23109205067157745,399,426,150,81
1135,34.332036368349904,1030,2.0,0.5715164542198181,602,383,119,74
1140,34.332036368349904,1030,2.0,0.19005899131298065,1345,195,35,22
1155,34.332036368349904,1030,2.0,0.6791190505027771,1349,283,56,36
1127,34.332036368349904,1030,2.0,0.10505598783493042,1418,194,77,86
1166,34.332036368349904,1030,2.0,0.671515166759491,1281,280,54,33
1184,34.332036368349904,1030,2.0,0.1955072283744812,1084,192,41,34
1198,34.332036368349904,1030,2.0,0.7617818713188171,1060,558,141,98
1126,34.36536844249393,1031,2.0,0.2914584279060364,380,433,131,80
1135,34.36536844249393,1031,2.0,0.7426882386207581,587,389,116,76
1140,34.36536844249393,1031,2.0,0.21563950181007385,1346,193,32,20
1155,34.36536844249393,1031,2.0,0.6723198890686035,1353,282,58,35
1127,34.36536844249393,1031,2.0,0.2029309719800949,1419,193,76,86
1166,34.36536844249393,1031,2.0,0.63093501329422,1285,278,52,31
1184,34.36536844249393,1031,2.0,0.1439710557460785,1083,192,39,36
1198,34.36536844249393,1031,2.0,0.8420830965042114,1068,549,131,100
1240,34.36536844249393,1031,2.0,0.3554370403289795,1267,139,44,23
1172,34.36536844249393,1031,2.0,0.5390337109565735,974,232,55,33
1126,34.398700516637966,1032,2.0,0.3122151494026184,378,438,133,81
1135,34.398700516637966,1032,2.0,0.7011632919311523,572,395,117,76
1140,34.398700516637966,1032,2.0,0.3886585831642151,1348,193,32,20
1155,34.398700516637966,1032,2.0,0.7060611844062805,1355,280,56,36
1127,34.398700516637966,1032,2.0,0.2997792065143585,1420,192,76,85
1166,34.398700516637966,1032,2.0,0.6186902523040771,1289,274,55,32
1184,34.398700516637966,1032,2.0,0.12502112984657288,1079,193,43,37
1198,34.398700516637966,1032,2.0,0.8354755640029907,1075,540,124,95
1240,34.398700516637966,1032,2.0,0.31735479831695557,1261,139,35,24
1172,34.398700516637966,1032,2.0,0.3490651845932007,970,233,56,35
1126,34.43203259078199,1033,2.0,0.3887116014957428,365,443,110,80
1135,34.43203259078199,1033,2.0,0.6044995188713074,557,400,122,76
1140,34.43203259078199,1033,2.0,0.3032699525356293,1349,191,31,20
1155,34.43203259078199,1033,2.0,0.5700849890708923,1358,277,53,34
1127,34.43203259078199,1033,2.0,0.21609988808631897,1421,190,76,82
1166,34.43203259078199,1033,2.0,0.6506658792495728,1291,270,52,32
1184,34.43203259078199,1033,2.0,0.265331894159317,1076,195,45,35
1198,34.43203259078199,1033,2.0,0.7006446123123169,1085,528,119,89
1240,34.43203259078199,1033,2.0,0.41220730543136597,1264,141,41,23
1172,34.43203259078199,1033,2.0,0.19586493074893951,965,234,55,35
1135,34.46536466492602,1034,2.0,0.6470323801040649,542,406,121,77
1140,34.46536466492602,1034,2.0,0.3187580406665802,1351,190,29,21
1155,34.46536466492602,1034,2.0,0.5591263771057129,1359,275,49,34
1127,34.46536466492602,1034,2.0,0.2524338960647583,1422,189,75,81
1166,34.46536466492602,1034,2.0,0.6577838063240051,1294,268,51,34
1184,34.46536466492602,1034,2.0,0.3255060911178589,1075,198,48,33
1198,34.46536466492602,1034,2.0,0.5872297286987305,1102,518,130,90
1240,34.46536466492602,1034,2.0,0.31746140122413635,1261,141,35,24
1172,34.46536466492602,1034,2.0,0.33857646584510803,960,235,58,36
1135,34.49869673907005,1035,2.0,0.7382122874259949,526,412,123,78
1140,34.49869673907005,1035,2.0,0.246038019657135,1354,188,29,21
1155,34.49869673907005,1035,2.0,0.6274141073226929,1360,271,48,36
1127,34.49869673907005,1035,2.0,0.17354001104831696,1424,188,77,79
1166,34.49869673907005,1035,2.0,0.6665877103805542,1298,267,51,34
1184,34.49869673907005,1035,2.0,0.1717485785484314,1077,199,38,32
1198,34.49869673907005,1035,2.0,0.7212232947349548,1114,510,131,88
1240,34.49869673907005,1035,2.0,0.3850586712360382,1259,143,34,24
1172,34.49869673907005,1035,2.0,0.3443661630153656,955,238,57,33
1251,34.49869673907005,1035,2.0,0.41326481103897095,1169,199,35,26
1126,34.49869673907005,1035,2.0,0.39679357409477234,349,449,79,69
1135,34.532028813214076,1036,2.0,0.7834115028381348,510,418,127,79
1140,34.532028813214076,1036,2.0,0.14129981398582458,1357,187,32,19
1155,34.532028813214076,1036,2.0,0.6272602677345276,1363,269,49,37
1127,34.532028813214076,1036,2.0,0.12342606484889984,1425,187,76,77
1166,34.532028813214076,1036,2.0,0.6498894691467285,1300,265,49,34
1198,34.532028813214076,1036,2.0,0.7234529852867126,1121,501,125,86
1240,34.532028813214076,1036,2.0,0.5109290480613708,1257,144,37,24
1172,34.532028813214076,1036,2.0,0.34095603227615356,952,239,59,34
1251,34.532028813214076,1036,2.0,0.35045239329338074,1169,198,44,29
1126,34.532028813214076,1036,2.0,0.44390669465065,352,456,72,64
1185,34.532028813214076,1036,2.0,0.30741366744041443,1181,183,56,53
1135,34.56536088735811,1037,2.0,0.6611859798431396,496,425,129,81
1140,34.56536088735811,1037,2.0,0.2721405327320099,1359,186,32,19
1155,34.56536088735811,1037,2.0,0.5889475345611572,1365,266,47,33
1127,34.56536088735811,1037,2.0,0.21116888523101807,1426,186,76,78
1166,34.56536088735811,1037,2.0,0.6810627579689026,1303,262,50,32
1198,34.56536088735811,1037,2.0,0.7224273681640625,1125,493,114,85
1240,34.56536088735811,1037,2.0,0.4181707799434662,1257,145,35,24
1172,34.56536088735811,1037,2.0,0.21153290569782257,945,241,58,35
1251,34.56536088735811,1037,2.0,0.24361449480056763,1165,200,42,28
1185,34.56536088735811,1037,2.0,0.35998135805130005,1182,178,52,46
1135,34.59869296150214,1038,2.0,0.6743154525756836,479,431,134,83
1140,34.59869296150214,1038,2.0,0.2205207645893097,1360,186,34,19
1155,34.59869296150214,1038,2.0,0.49863794445991516,1365,264,46,33
1127,34.59869296150214,1038,2.0,0.30205342173576355,1427,186,75,76
1166,34.59869296150214,1038,2.0,0.6709212064743042,1306,260,49,33
1198,34.59869296150214,1038,2.0,0.6475495100021362,1133,484,107,81
1240,34.59869296150214,1038,2.0,0.31178954243659973,1256,145,33,24
1172,34.59869296150214,1038,2.0,0.2547457218170166,940,242,57,35
1251,34.59869296150214,1038,2.0,0.10183403640985489,1160,204,43,26
1185,34.59869296150214,1038,2.0,0.4216006398200989,1179,177,55,43
1135,34.632025035646166,1039,2.0,0.8043437600135803,460,437,135,87
1140,34.632025035646166,1039,2.0,0.20980072021484375,1361,185,35,19
1155,34.632025035646166,1039,2.0,0.5893970131874084,1368,261,50,31
1127,34.632025035646166,1039,2.0,0.2502193748950958,1427,185,75,75
1166,34.632025035646166,1039,2.0,0.6990297436714172,1308,259,46,33
1198,34.632025035646166,1039,2.0,0.816609799861908,1148,478,120,81
1240,34.632025035646166,1039,2.0,0.261313259601593,1256,144,35,27
1172,34.632025035646166,1039,2.0,0.40488702058792114,933,244,57,35
1251,34.632025035646166,1039,2.0,0.3777027130126953,1154,207,42,24
1185,34.632025035646166,1039,2.0,0.438854455947876,1178,176,53,38
1135,34.66535710979019,1040,2.0,0.5700621008872986,441,444,136,87
1140,34.66535710979019,1040,2.0,0.1725003570318222,1362,184,35,20
1155,34.66535710979019,1040,2.0,0.5858522057533264,1370,259,51,31
1127,34.66535710979019,1040,2.0,0.33910486102104187,1428,183,73,72
1166,34.66535710979019,1040,2.0,0.7628840804100037,1311,258,47,33
1198,34.66535710979019,1040,2.0,0.716773271560669,1159,471,124,82
1240,34.66535710979019,1040,2.0,0.2681587338447571,1255,146,34,28
1172,34.66535710979019,1040,2.0,0.4987604320049286,928,245,58,35
1251,34.66535710979019,1040,2.0,0.5469532012939453,1149,208,42,25
1185,34.66535710979019,1040,2.0,0.49173814058303833,1177,176,50,37
1135,34.69868918393423,1041,2.0,0.5296499729156494,423,450,139,90
1140,34.69868918393423,1041,2.0,0.1953241229057312,1363,184,38,20
1155,34.69868918393423,1041,2.0,0.6064162850379944,1373,257,50,32
1127,34.69868918393423,1041,2.0,0.14613531529903412,1430,183,71,72
1166,34.69868918393423,1041,2.0,0.709801197052002,1314,256,47,32
1198,34.69868918393423,1041,2.0,0.6550915241241455,1166,464,123,78
1240,34.69868918393423,1041,2.0,0.3793083131313324,1253,146,33,28
1172,34.69868918393423,1041,2.0,0.3498656451702118,923,246,65,36
1251,34.69868918393423,1041,2.0,0.44099748134613037,1145,209,38,24
1185,34.69868918393423,1041,2.0,0.3049505054950714,1174,176,51,35
1135,34.732021258078255,1042,2.0,0.5370219349861145,405,459,145,92
1155,34.732021258078255,1042,2.0,0.6720362305641174,1376,257,49,32
1127,34.732021258078255,1042,2.0,0.2306319773197174,1431,183,70,72
1166,34.732021258078255,1042,2.0,0.6673405766487122,1317,255,49,32
1198,34.732021258078255,1042,2.0,0.6916411519050598,1171,457,112,78
1240,34.732021258078255,1042,2.0,0.2632296681404114,1252,147,33,27
1172,34.732021258078255,1042,2.0,0.2508421540260315,918,247,62,36
1251,34.732021258078255,1042,2.0,0.4325321912765503,1140,209,36,23
1185,34.732021258078255,1042,2.0,0.4971240162849426,1171,177,47,35
1135,34.76535333222228,1043,7.0,0.1634480506181717,388,466,138,93
1155,34.76535333222228,1043,2.0,0.6926344633102417,1379,256,51,32
1127,34.76535333222228,1043,2.0,0.18176619708538055,1432,182,67,71
1166,34.76535333222228,1043,2.0,0.621691882610321,1321,254,49,33
1198,34.76535333222228,1043,2.0,0.6387353539466858,1173,447,99,74
1240,34.76535333222228,1043,2.0,0.2490333914756775,1251,147,33,27
1172,34.76535333222228,1043,2.0,0.24349801242351532,912,249,65,37
1251,34.76535333222228,1043,2.0,0.4900261163711548,1136,211,38,23
1185,34.76535333222228,1043,2.0,0.44324666261672974,1168,177,47,37
1260,34.76535333222228,1043,2.0,0.5059368014335632,1038,210,47,31
1155,34.79868540636631,1044,2.0,0.6378463506698608,1381,254,51,31
1127,34.79868540636631,1044,2.0,0.18363021314144135,1434,182,66,72
1166,34.79868540636631,1044,2.0,0.5604794025421143,1323,253,49,33
1198,34.79868540636631,1044,2.0,0.6202625036239624,1179,442,99,73
1240,34.79868540636631,1044,2.0,0.3207201063632965,1251,147,32,29
1172,34.79868540636631,1044,2.0,0.2034701704978943,905,251,64,37
1251,34.79868540636631,1044,2.0,0.37706878781318665,1132,213,39,24
1185,34.79868540636631,1044,2.0,0.3790088891983032,1166,178,48,38
1260,34.79868540636631,1044,2.0,0.2709072232246399,1036,211,45,32
1155,34.83201748051034,1045,2.0,0.6132150888442993,1384,253,51,31
1127,34.83201748051034,1045,2.0,0.132470041513443,1437,181,62,69
1166,34.83201748051034,1045,2.0,0.5210301876068115,1325,250,48,33
1198,34.83201748051034,1045,2.0,0.6607337594032288,1186,435,92,71
1240,34.83201748051034,1045,2.0,0.11169099062681198,1249,148,32,28
1172,34.83201748051034,1045,2.0,0.3823125958442688,897,254,62,39
1251,34.83201748051034,1045,2.0,0.5748542547225952,1129,215,40,25
1185,34.83201748051034,1045,2.0,0.4363846480846405,1162,179,46,38
1260,34.83201748051034,1045,2.0,0.26842013001441956,1033,210,45,34
1155,34.86534955465437,1046,2.0,0.5103368163108826,1384,251,48,31
1166,34.86534955465437,1046,2.0,0.5150882601737976,1327,248,44,33
1198,34.86534955465437,1046,2.0,0.7133734822273254,1196,429,100,69
1172,34.86534955465437,1046,2.0,0.3149047791957855,891,257,63,39
1251,34.86534955465437,1046,2.0,0.5255540609359741,1126,217,41,25
1185,34.86534955465437,1046,2.0,0.4852025806903839,1161,180,46,38
1260,34.86534955465437,1046,2.0,0.3339043855667114,1029,211,44,34
1155,34.8986816287984,1047,2.0,0.47925427556037903,1385,250,46,32
1166,34.8986816287984,1047,2.0,0.6000192165374756,1329,243,40,30
1198,34.8986816287984,1047,2.0,0.7134458422660828,1205,423,99,71
1172,34.8986816287984,1047,2.0,0.4963148236274719,886,259,63,41
1251,34.8986816287984,1047,2.0,0.541092038154602,1122,218,41,25
1185,34.8986816287984,1047,2.0,0.4127395749092102,1159,181,46,37
1260,34.8986816287984,1047,2.0,0.33648455142974854,1027,213,45,34
1155,34.93201370294243,1048,2.0,0.4349222481250763,1386,248,42,32
1166,34.93201370294243,1048,2.0,0.5534908771514893,1331,242,37,28
1198,34.93201370294243,1048,2.0,0.6371020674705505,1211,416,97,71
1172,34.93201370294243,1048,2.0,0.48997414112091064,880,260,63,40
1251,34.93201370294243,1048,2.0,0.572037935256958,1116,221,40,28
1185,34.93201370294243,1048,2.0,0.5195642113685608,1153,183,47,34
1260,34.93201370294243,1048,2.0,0.3315913677215576,1021,215,49,34
1155,34.965345777086455,1049,2.0,0.4914652407169342,1387,245,42,31
1166,34.965345777086455,1049,2.0,0.646785318851471,1332,239,36,27
1198,34.965345777086455,1049,2.0,0.5412766933441162,1217,411,99,70
1172,34.965345777086455,1049,2.0,0.34506773948669434,873,263,63,41
1251,34.965345777086455,1049,2.0,0.4175836741924286,1111,221,39,30
1185,34.965345777086455,1049,2.0,0.4212400019168854,1149,184,47,34
1260,34.965345777086455,1049,2.0,0.1676935851573944,1016,215,48,34
1155,34.99867785123049,1050,2.0,0.48540836572647095,1390,244,42,31
1166,34.99867785123049,1050,2.0,0.662171483039856,1335,237,37,25
1198,34.99867785123049,1050,2.0,0.5907413959503174,1220,405,89,68
1172,34.99867785123049,1050,2.0,0.32658764719963074,866,265,63,42
1251,34.99867785123049,1050,2.0,0.4769914448261261,1109,222,43,31
1185,34.99867785123049,1050,2.0,0.569363534450531,1146,187,48,33
1260,34.99867785123049,1050,2.0,0.39524519443511963,1012,217,49,36
1155,35.03200992537452,1051,2.0,0.5792288780212402,1395,243,48,31
1166,35.03200992537452,1051,2.0,0.6410085558891296,1338,235,41,23
1198,35.03200992537452,1051,2.0,0.6304212212562561,1224,401,86,67
1172,35.03200992537452,1051,2.0,0.23696205019950867,861,266,62,42
1251,35.03200992537452,1051,2.0,0.46166306734085083,1104,224,43,30
1185,35.03200992537452,1051,2.0,0.5013651847839355,1142,188,48,34
1260,35.03200992537452,1051,2.0,0.3083331882953644,1008,218,51,36
1155,35.065341999518544,1052,2.0,0.5459876656532288,1396,241,49,30
1166,35.065341999518544,1052,2.0,0.5750749707221985,1339,234,39,23
1198,35.065341999518544,1052,2.0,0.7196382284164429,1234,397,94,69
1172,35.065341999518544,1052,2.0,0.4082813858985901,853,268,68,43
1251,35.065341999518544,1052,2.0,0.5298642516136169,1098,226,44,29
1185,35.065341999518544,1052,2.0,0.5138390064239502,1140,190,47,37
1260,35.065341999518544,1052,2.0,0.32758739590644836,1004,219,52,37
1155,35.09867407366257,1053,2.0,0.5300590395927429,1398,241,49,29
1166,35.09867407366257,1053,2.0,0.6289083361625671,1342,232,40,25
1198,35.09867407366257,1053,2.0,0.6816298961639404,1239,391,95,66
1172,35.09867407366257,1053,2.0,0.4363633096218109,849,270,71,43
1251,35.09867407366257,1053,2.0,0.5068190693855286,1095,228,46,28
1185,35.09867407366257,1053,2.0,0.5149965882301331,1136,190,44,37
1260,35.09867407366257,1053,2.0,0.13006556034088135,999,220,53,39
1275,35.09867407366257,1053,2.0,0.6117464900016785,112,566,111,93
1155,35.1320061478066,1054,2.0,0.5748864412307739,1399,238,48,31
1166,35.1320061478066,1054,2.0,0.5840603709220886,1345,231,44,27
1198,35.1320061478066,1054,2.0,0.721936047077179,1245,386,94,65
1172,35.1320061478066,1054,2.0,0.43988993763923645,842,273,73,44
1251,35.1320061478066,1054,2.0,0.5502569079399109,1089,229,43,28
1185,35.1320061478066,1054,2.0,0.3730829656124115,1133,192,43,38
1260,35.1320061478066,1054,2.0,0.15689903497695923,996,222,55,39
1275,35.1320061478066,1054,2.0,0.6204578876495361,101,572,139,105
1155,35.165338221950634,1055,2.0,0.7069131135940552,1401,236,48,31
1166,35.165338221950634,1055,2.0,0.5197412967681885,1346,230,45,28
1198,35.165338221950634,1055,2.0,0.7376628518104553,1250,382,92,64
1172,35.165338221950634,1055,2.0,0.363934725522995,836,274,76,44
1251,35.165338221950634,1055,2.0,0.6288735866546631,1084,231,48,31
1185,35.165338221950634,1055,2.0,0.43931037187576294,1130,193,44,39
1260,35.165338221950634,1055,2.0,0.3044034242630005,990,224,58,39
1275,35.165338221950634,1055,2.0,0.6364775896072388,89,578,164,118
1276,35.165338221950634,1055,2.0,0.5943165421485901,713,998,329,162
1155,35.19867029609466,1056,2.0,0.635159432888031,1401,234,46,33
1166,35.19867029609466,1056,2.0,0.43917739391326904,1348,230,46,27
1198,35.19867029609466,1056,2.0,0.5915524959564209,1256,377,91,63
1172,35.19867029609466,1056,2.0,0.3608202040195465,830,277,79,45
1251,35.19867029609466,1056,2.0,0.6470399498939514,1080,233,49,32
1185,35.19867029609466,1056,2.0,0.3770195245742798,1127,194,44,40
1260,35.19867029609466,1056,2.0,0.31404396891593933,986,227,57,34
1275,35.19867029609466,1056,2.0,0.5785356163978577,85,590,170,126
1276,35.19867029609466,1056,2.0,0.5694711208343506,715,987,285,184
1155,35.23200237023869,1057,2.0,0.6606946587562561,1402,232,44,32
1166,35.23200237023869,1057,2.0,0.4607601761817932,1350,229,44,27
1198,35.23200237023869,1057,2.0,0.6293573379516602,1261,372,90,62
1172,35.23200237023869,1057,2.0,0.23590104281902313,823,279,73,45
1251,35.23200237023869,1057,2.0,0.7204201221466064,1075,235,48,31
1185,35.23200237023869,1057,2.0,0.564305305480957,1123,195,46,39
1260,35.23200237023869,1057,2.0,0.44471850991249084,981,227,58,36
1275,35.23200237023869,1057,2.0,0.5901429057121277,72,600,145,130
1276,35.23200237023869,1057,2.0,0.8182794451713562,734,972,260,210
1155,35.26533444438272,1058,2.0,0.6291311383247375,1404,232,43,33
1166,35.26533444438272,1058,2.0,0.3051120638847351,1352,228,43,27
1198,35.26533444438272,1058,2.0,0.5973246097564697,1266,368,89,58
1172,35.26533444438272,1058,2.0,0.36420518159866333,814,282,77,47
1251,35.26533444438272,1058,2.0,0.6940252780914307,1071,238,49,32
1185,35.26533444438272,1058,2.0,0.5752573609352112,1119,196,47,39
1260,35.26533444438272,1058,2.0,0.4299149811267853,977,229,58,37
1276,35.26533444438272,1058,2.0,0.8652067184448242,763,950,245,217
1277,35.26533444438272,1058,2.0,0.6214002370834351,1254,365,66,49
1155,35.298666518526744,1059,2.0,0.5204320549964905,1406,230,42,32
1166,35.298666518526744,1059,2.0,0.4481184482574463,1356,225,41,27
1198,35.298666518526744,1059,2.0,0.6712902188301086,1270,364,92,58
1172,35.298666518526744,1059,2.0,0.3744090795516968,806,284,76,47
1251,35.298666518526744,1059,2.0,0.684859573841095,1065,240,46,32
1185,35.298666518526744,1059,2.0,0.5584697127342224,1115,197,47,41
1260,35.298666518526744,1059,2.0,0.5475165247917175,973,231,55,37
1276,35.298666518526744,1059,2.0,0.8329394459724426,788,924,239,215
1277,35.298666518526744,1059,2.0,0.1786976456642151,1260,361,68,53
1279,35.298666518526744,1059,2.0,0.3523225486278534,1219,160,37,24
1155,35.33199859267078,1060,2.0,0.4657690227031708,1407,229,43,31
1166,35.33199859267078,1060,2.0,0.513472855091095,1356,221,37,25
1172,35.33199859267078,1060,2.0,0.24580705165863037,798,286,78,49
1251,35.33199859267078,1060,2.0,0.6719446182250977,1060,242,47,34
1185,35.33199859267078,1060,2.0,0.4330945312976837,1111,198,48,42
1260,35.33199859267078,1060,2.0,0.4035346806049347,968,232,57,37
1276,35.33199859267078,1060,2.0,0.8626822233200073,812,897,224,207
1277,35.33199859267078,1060,2.0,0.6792464256286621,1266,360,73,58
1155,35.365330666814806,1061,2.0,0.33228883147239685,1408,228,43,30
1166,35.365330666814806,1061,2.0,0.46255484223365784,1358,218,32,25
1172,35.365330666814806,1061,2.0,0.17582790553569794,791,288,81,50
1251,35.365330666814806,1061,2.0,0.7012305855751038,1054,243,50,35
1185,35.365330666814806,1061,2.0,0.4174511730670929,1108,199,49,42
1260,35.365330666814806,1061,2.0,0.4902682900428772,962,234,56,38
1276,35.365330666814806,1061,2.0,0.8775497674942017,833,871,217,195
1198,35.365330666814806,1061,2.0,0.5559499263763428,1279,357,84,55
1155,35.398662740958834,1062,2.0,0.2704997956752777,1408,225,43,30
1166,35.398662740958834,1062,2.0,0.5238747000694275,1360,218,32,24
1172,35.398662740958834,1062,2.0,0.31211912631988525,783,291,78,49
1251,35.398662740958834,1062,2.0,0.7594934105873108,1048,245,53,36
1185,35.398662740958834,1062,2.0,0.3885860741138458,1104,200,50,44
1260,35.398662740958834,1062,2.0,0.4565857946872711,960,234,53,39
1276,35.398662740958834,1062,2.0,0.850746750831604,855,847,209,185
1198,35.398662740958834,1062,2.0,0.5349764823913574,1284,351,87,58
1155,35.43199481510286,1063,2.0,0.25188717246055603,1409,225,44,29
1166,35.43199481510286,1063,2.0,0.5436091423034668,1362,217,33,22
1172,35.43199481510286,1063,2.0,0.3504476547241211,775,293,80,48
1251,35.43199481510286,1063,2.0,0.7325751781463623,1042,247,51,36
1185,35.43199481510286,1063,2.0,0.42432302236557007,1101,201,54,45
1260,35.43199481510286,1063,2.0,0.4687754511833191,955,235,51,39
1276,35.43199481510286,1063,2.0,0.830995500087738,876,823,205,176
1198,35.43199481510286,1063,2.0,0.6117315292358398,1288,344,86,60
1155,35.465326889246896,1064,2.0,0.2119462788105011,1409,222,41,29
1166,35.465326889246896,1064,2.0,0.46378883719444275,1363,215,34,20
1172,35.465326889246896,1064,2.0,0.16813917458057404,766,296,80,49
1251,35.465326889246896,1064,2.0,0.7174462676048279,1037,250,54,35
1185,35.465326889246896,1064,2.0,0.3523871898651123,1097,204,50,45
1260,35.465326889246896,1064,2.0,0.37344950437545776,951,236,53,40
1276,35.465326889246896,1064,2.0,0.8593705296516418,895,802,197,167
1198,35.465326889246896,1064,2.0,0.636513352394104,1291,340,84,54
1155,35.49865896339092,1065,2.0,0.19731180369853973,1412,219,37,28
1166,35.49865896339092,1065,2.0,0.4327157139778137,1366,214,37,22
1172,35.49865896339092,1065,2.0,0.21684186160564423,759,299,81,50
1251,35.49865896339092,1065,2.0,0.7118475437164307,1031,252,53,33
1185,35.49865896339092,1065,2.0,0.49201005697250366,1091,206,51,43
1260,35.49865896339092,1065,2.0,0.2454276829957962,943,240,53,36
1276,35.49865896339092,1065,2.0,0.87782883644104,911,781,188,158
1198,35.49865896339092,1065,2.0,0.6776259541511536,1295,337,80,54
1155,35.53199103753495,1066,2.0,0.1637544482946396,1413,216,36,28
1166,35.53199103753495,1066,2.0,0.4350479245185852,1367,212,35,22
1251,35.53199103753495,1066,2.0,0.7682620286941528,1025,255,54,33
1185,35.53199103753495,1066,2.0,0.20082403719425201,1088,207,54,45
1260,35.53199103753495,1066,2.0,0.2937929332256317,939,239,54,40
1276,35.53199103753495,1066,2.0,0.7696376442909241,929,761,180,152
1198,35.53199103753495,1066,2.0,0.6724293828010559,1298,335,78,53
1166,35.56532311167898,1067,2.0,0.4597584903240204,1372,213,39,23
1251,35.56532311167898,1067,2.0,0.734606921672821,1019,257,56,34
1185,35.56532311167898,1067,2.0,0.5046552419662476,1084,208,55,45
1260,35.56532311167898,1067,2.0,0.3173820376396179,933,240,56,40
1276,35.56532311167898,1067,2.0,0.7993144989013672,945,741,175,143
1198,35.56532311167898,1067,2.0,0.6569263339042664,1299,332,73,52
1166,35.598655185823006,1068,2.0,0.42692601680755615,1374,211,39,23
1251,35.598655185823006,1068,2.0,0.7905358076095581,1013,259,58,36
1185,35.598655185823006,1068,2.0,0.3795425295829773,1079,209,57,47
1260,35.598655185823006,1068,2.0,0.5672212839126587,928,241,59,42
1276,35.598655185823006,1068,2.0,0.8007410168647766,965,727,180,147
1198,35.598655185823006,1068,2.0,0.6243707537651062,1301,328,67,50
1288,35.598655185823006,1068,2.0,0.4579041004180908,1196,168,34,25
1172,35.598655185823006,1068,2.0,0.38720235228538513,731,310,86,52
1166,35.63198725996704,1069,2.0,0.4947762191295624,1375,210,39,24
1251,35.63198725996704,1069,2.0,0.7499119639396667,1006,261,59,40
1185,35.63198725996704,1069,2.0,0.46040239930152893,1075,210,58,48
1260,35.63198725996704,1069,2.0,0.4090891182422638,923,243,61,43
1276,35.63198725996704,1069,2.0,0.7719956040382385,977,710,169,143
1198,35.63198725996704,1069,2.0,0.6267718076705933,1304,325,64,46
1288,35.63198725996704,1069,2.0,0.4172292649745941,1195,170,36,24
1172,35.63198725996704,1069,2.0,0.2945636510848999,723,312,87,54
1166,35.66531933411107,1070,2.0,0.5209195017814636,1376,209,38,24
1251,35.66531933411107,1070,2.0,0.7603944540023804,1001,265,59,39
1185,35.66531933411107,1070,2.0,0.5853983759880066,1071,211,59,46
1260,35.66531933411107,1070,2.0,0.270062655210495,916,246,63,45
1276,35.66531933411107,1070,2.0,0.7959572076797485,990,692,161,135
1198,35.66531933411107,1070,2.0,0.5581214427947998,1307,321,62,47
1288,35.66531933411107,1070,2.0,0.3524041771888733,1192,172,36,24
1172,35.66531933411107,1070,2.0,0.3126761317253113,714,314,92,56
1155,35.66531933411107,1070,2.0,0.3475291132926941,1419,214,38,27
1166,35.698651408255095,1071,2.0,0.4914035201072693,1378,208,37,24
1251,35.698651408255095,1071,2.0,0.6877328157424927,992,268,61,40
1185,35.698651408255095,1071,2.0,0.5171462893486023,1068,213,61,47
1260,35.698651408255095,1071,2.0,0.38443201780319214,911,247,66,45
1276,35.698651408255095,1071,2.0,0.832146406173706,1000,678,156,130
1198,35.698651408255095,1071,2.0,0.666607677936554,1315,319,71,48
1288,35.698651408255095,1071,2.0,0.40030279755592346,1190,171,38,25
1172,35.698651408255095,1071,2.0,0.5157370567321777,704,318,93,56
1155,35.698651408255095,1071,2.0,0.25659868121147156,1421,212,37,26
1166,35.73198348239912,1072,2.0,0.5033225417137146,1379,208,36,23
1251,35.73198348239912,1072,2.0,0.6915645003318787,985,270,61,39
1185,35.73198348239912,1072,2.0,0.46812379360198975,1063,214,59,48
1260,35.73198348239912,1072,2.0,0.2243966907262802,907,249,67,47
1276,35.73198348239912,1072,2.0,0.7545017004013062,1015,664,153,128
1198,35.73198348239912,1072,2.0,0.6379044651985168,1316,316,64,46
1288,35.73198348239912,1072,2.0,0.5042380690574646,1188,171,40,29
1172,35.73198348239912,1072,2.0,0.2456110268831253,696,321,96,57
1155,35.73198348239912,1072,2.0,0.2985129654407501,1423,211,39,25
1166,35.76531555654315,1073,2.0,0.4439264237880707,1381,206,35,25
1251,35.76531555654315,1073,2.0,0.730659544467926,979,272,62,40
1185,35.76531555654315,1073,2.0,0.5240095257759094,1056,216,60,50
1260,35.76531555654315,1073,2.0,0.34527987241744995,902,250,67,48
1276,35.76531555654315,1073,2.0,0.8478701114654541,1027,648,146,121
1198,35.76531555654315,1073,2.0,0.6661505699157715,1320,313,65,47
1288,35.76531555654315,1073,2.0,0.5866167545318604,1184,171,40,31
1172,35.76531555654315,1073,2.0,0.36292973160743713,684,325,94,58
1155,35.76531555654315,1073,2.0,0.35947105288505554,1425,209,38,28
1166,35.798647630687185,1074,2.0,0.4398171603679657,1382,206,35,25
1251,35.798647630687185,1074,2.0,0.7209892868995667,972,276,63,41
1185,35.798647630687185,1074,2.0,0.4839324951171875,1053,217,63,51
1260,35.798647630687185,1074,2.0,0.21237364411354065,896,252,63,48
1276,35.798647630687185,1074,2.0,0.8438727259635925,1037,635,140,117
1198,35.798647630687185,1074,2.0,0.6713590621948242,1325,310,67,47
1288,35.798647630687185,1074,2.0,0.5160191059112549,1182,172,40,31
1172,35.798647630687185,1074,2.0,0.38803428411483765,675,328,95,58
1155,35.798647630687185,1074,2.0,0.3027644157409668,1426,207,38,27
1166,35.83197970483121,1075,2.0,0.42595940828323364,1383,206,37,24
1251,35.83197970483121,1075,2.0,0.693786084651947,965,279,66,41
1185,35.83197970483121,1075,2.0,0.3932093381881714,1050,218,65,52
1260,35.83197970483121,1075,2.0,0.49758172035217285,890,256,67,47
1276,35.83197970483121,1075,2.0,0.8599081635475159,1049,623,137,116
1198,35.83197970483121,1075,2.0,0.6805826425552368,1327,306,68,43
1288,35.83197970483121,1075,2.0,0.47654756903648376,1180,171,39,33
1172,35.83197970483121,1075,2.0,0.5388931632041931,666,332,99,58
1155,35.83197970483121,1075,2.0,0.4530872106552124,1427,207,37,27
1166,35.86531177897524,1076,2.0,0.3737063705921173,1384,205,39,26
1251,35.86531177897524,1076,2.0,0.7679007053375244,957,282,63,41
1185,35.86531177897524,1076,2.0,0.4930703639984131,1046,220,68,53
1260,35.86531177897524,1076,2.0,0.4111417829990387,885,258,70,49
1276,35.86531177897524,1076,2.0,0.7673638463020325,1059,610,135,111
1198,35.86531177897524,1076,2.0,0.7005175948143005,1330,303,68,43
1288,35.86531177897524,1076,2.0,0.3215242624282837,1178,172,36,35
1172,35.86531177897524,1076,2.0,0.4839949309825897,657,336,99,58
1155,35.86531177897524,1076,2.0,0.5054209232330322,1428,207,39,27
1166,35.89864385311927,1077,2.0,0.16582147777080536,1385,204,40,26
1251,35.89864385311927,1077,2.0,0.7466659545898438,949,285,63,43
1185,35.89864385311927,1077,2.0,0.3789655268192291,1041,222,71,53
1260,35.89864385311927,1077,2.0,0.4954112768173218,880,259,69,48
1276,35.89864385311927,1077,2.0,0.7864403128623962,1071,600,133,112
1198,35.89864385311927,1077,2.0,0.62726891040802,1334,301,70,46
1288,35.89864385311927,1077,2.0,0.4658207297325134,1176,173,39,37
1172,35.89864385311927,1077,2.0,0.33018386363983154,645,339,97,61
1155,35.89864385311927,1077,2.0,0.40764451026916504,1430,205,41,28
1291,35.89864385311927,1077,2.0,0.4200609624385834,1032,224,52,48
1166,35.9319759272633,1078,2.0,0.11177361756563187,1385,204,39,26
1251,35.9319759272633,1078,2.0,0.7257558703422546,941,287,65,44
1185,35.9319759272633,1078,2.0,0.4101031720638275,1034,224,68,52
1260,35.9319759272633,1078,2.0,0.5225443243980408,874,261,68,49
1276,35.9319759272633,1078,2.0,0.7851842641830444,1080,587,129,107
1198,35.9319759272633,1078,2.0,0.6654921174049377,1339,297,69,48
1288,35.9319759272633,1078,2.0,0.5812793970108032,1173,174,41,35
1172,35.9319759272633,1078,2.0,0.3695988059043884,634,342,101,62
1155,35.9319759272633,1078,2.0,0.3330380618572235,1430,205,41,28
1166,35.96530800140733,1079,2.0,0.2203368991613388,1387,200,37,25
1251,35.96530800140733,1079,2.0,0.5882138013839722,933,290,65,45
1185,35.96530800140733,1079,2.0,0.47004997730255127,1029,226,70,54
1260,35.96530800140733,1079,2.0,0.4326710104942322,866,262,72,50
1276,35.96530800140733,1079,2.0,0.8261286020278931,1089,575,123,104
1198,35.96530800140733,1079,2.0,0.7250621318817139,1340,294,63,45
1288,35.96530800140733,1079,2.0,0.5167040824890137,1171,176,40,34
1172,35.96530800140733,1079,2.0,0.3131922483444214,624,344,93,57
1155,35.96530800140733,1079,2.0,0.15658529102802277,1430,202,39,29
1166,35.99864007555136,1080,2.0,0.2867688536643982,1389,198,33,24
1251,35.99864007555136,1080,2.0,0.676393449306488,926,293,71,44
1185,35.99864007555136,1080,2.0,0.5981570482254028,1020,232,64,47
1260,35.99864007555136,1080,2.0,0.34788426756858826,859,264,69,52
1276,35.99864007555136,1080,2.0,0.844057559967041,1098,565,121,99
1198,35.99864007555136,1080,2.0,0.7166647911071777,1343,292,63,45
1288,35.99864007555136,1080,2.0,0.4976923167705536,1169,177,40,35
1172,35.99864007555136,1080,2.0,0.5569044351577759,611,349,97,59
1155,35.99864007555136,1080,2.0,0.25649648904800415,1430,201,39,31
1291,35.99864007555136,1080,2.0,0.47123727202415466,1023,227,69,53
1166,36.031972149695385,1081,2.0,0.14066320657730103,1392,197,35,25
1251,36.031972149695385,1081,2.0,0.6188175678253174,918,297,71,44
1185,36.031972149695385,1081,2.0,0.5209187865257263,1014,235,63,45
1260,36.031972149695385,1081,2.0,0.3775310218334198,854,267,69,51
1276,36.031972149695385,1081,2.0,0.7159116864204407,1110,556,125,99
1198,36.031972149695385,1081,2.0,0.7236002683639526,1348,291,68,49
1288,36.031972149695385,1081,2.0,0.507293164730072,1167,178,40,33
1172,36.031972149695385,1081,2.0,0.2055235505104065,602,354,106,63
1155,36.031972149695385,1081,2.0,0.16289696097373962,1431,200,37,28
1291,36.031972149695385,1081,2.0,0.31157228350639343,1022,230,78,54
1166,36.06530422383941,1082,2.0,0.20136548578739166,1394,198,34,25
1251,36.06530422383941,1082,2.0,0.674781084060669,909,300,70,45
1185,36.06530422383941,1082,2.0,0.6097928285598755,1010,235,66,46
1260,36.06530422383941,1082,2.0,0.41796061396598816,848,268,69,51
1276,36.06530422383941,1082,2.0,0.7739245295524597,1117,545,118,94
1198,36.06530422383941,1082,2.0,0.6991958618164062,1351,288,68,50
1288,36.06530422383941,1082,2.0,0.5104595422744751,1163,179,39,34
1172,36.06530422383941,1082,2.0,0.2619997262954712,587,358,104,64
1155,36.06530422383941,1082,2.0,0.1568610668182373,1433,200,37,27
1291,36.06530422383941,1082,2.0,0.45574286580085754,1018,231,82,57
1166,36.09863629798345,1083,2.0,0.23048022389411926,1395,196,33,24
1251,36.09863629798345,1083,2.0,0.7082799673080444,900,303,70,46
1185,36.09863629798345,1083,2.0,0.5813051462173462,1004,236,65,50
1260,36.09863629798345,1083,2.0,0.45833706855773926,841,269,72,53
1276,36.09863629798345,1083,2.0,0.7320360541343689,1125,536,116,94
1198,36.09863629798345,1083,2.0,0.7130813002586365,1354,286,68,49
1288,36.09863629798345,1083,2.0,0.5502123236656189,1161,179,41,34
1172,36.09863629798345,1083,2.0,0.3279368579387665,576,363,105,66
1155,36.09863629798345,1083,2.0,0.12677757441997528,1435,199,39,27
1291,36.09863629798345,1083,2.0,0.34544265270233154,1014,233,84,59
1166,36.131968372127474,1084,2.0,0.3449927568435669,1396,195,32,24
1251,36.131968372127474,1084,2.0,0.676850438117981,892,307,74,47
1185,36.131968372127474,1084,2.0,0.5322311520576477,995,239,62,46
1260,36.131968372127474,1084,2.0,0.45753031969070435,835,272,72,52
1276,36.131968372127474,1084,2.0,0.6903730034828186,1132,525,112,89
1198,36.131968372127474,1084,2.0,0.6738765239715576,1354,284,68,46
1288,36.131968372127474,1084,2.0,0.6083909273147583,1159,179,40,36
1172,36.131968372127474,1084,2.0,0.4422939419746399,565,366,107,66
1155,36.131968372127474,1084,2.0,0.1358059048652649,1436,198,38,26
1291,36.131968372127474,1084,2.0,0.2877463102340698,1011,235,89,61
1166,36.1653004462715,1085,2.0,0.36802032589912415,1397,194,29,23
1251,36.1653004462715,1085,2.0,0.566068708896637,881,311,71,49
1185,36.1653004462715,1085,2.0,0.45100390911102295,987,243,57,44
1260,36.1653004462715,1085,2.0,0.38626185059547424,830,272,72,51
1276,36.1653004462715,1085,2.0,0.7573502063751221,1142,517,115,91
1198,36.1653004462715,1085,2.0,0.6527629494667053,1357,282,68,44
1288,36.1653004462715,1085,2.0,0.5427113771438599,1155,182,42,36
1172,36.1653004462715,1085,2.0,0.3851557672023773,553,370,108,66
1155,36.1653004462715,1085,2.0,0.16055655479431152,1441,198,39,28
1291,36.1653004462715,1085,2.0,0.3024894595146179,1006,236,92,63
1166,36.19863252041553,1086,2.0,0.43923452496528625,1400,193,32,21
1251,36.19863252041553,1086,2.0,0.7812557220458984,871,314,73,51
1185,36.19863252041553,1086,2.0,0.42138999700546265,980,245,56,45
1260,36.19863252041553,1086,2.0,0.44780388474464417,822,276,75,52
1276,36.19863252041553,1086,2.0,0.7237387299537659,1151,510,117,89
1198,36.19863252041553,1086,2.0,0.6674942374229431,1360,279,68,43
1288,36.19863252041553,1086,2.0,0.530937910079956,1152,183,42,35
1172,36.19863252041553,1086,2.0,0.5141725540161133,539,374,110,67
1155,36.19863252041553,1086,2.0,0.12039224803447723,1441,198,40,28
1291,36.19863252041553,1086,2.0,0.2031465768814087,1001,237,95,62
1166,36.23196459455956,1087,2.0,0.3795986473560333,1402,192,31,23
1251,36.23196459455956,1087,2.0,0.7128838300704956,862,317,74,52
1185,36.23196459455956,1087,2.0,0.2542097866535187,975,246,61,45
1260,36.23196459455956,1087,2.0,0.49775031208992004,815,280,76,53
1276,36.23196459455956,1087,2.0,0.6585030555725098,1162,501,119,86
1198,36.23196459455956,1087,2.0,0.5197451114654541,1362,276,65,42
1288,36.23196459455956,1087,2.0,0.5973895192146301,1149,185,40,34
1172,36.23196459455956,1087,2.0,0.3504389822483063,527,378,115,69
1155,36.23196459455956,1087,2.0,0.17169934511184692,1441,198,38,29
1291,36.23196459455956,1087,7.0,0.13912510871887207,994,239,98,63
1166,36.26529666870359,1088,2.0,0.5080900192260742,1404,191,32,21
1251,36.26529666870359,1088,2.0,0.6955314874649048,854,321,76,54
1185,36.26529666870359,1088,2.0,0.31263473629951477,968,247,58,48
1260,36.26529666870359,1088,2.0,0.5106111764907837,809,281,78,57
1276,36.26529666870359,1088,2.0,0.7003827095031738,1164,494,111,86
1198,36.26529666870359,1088,2.0,0.6295655965805054,1365,274,63,42
1288,36.26529666870359,1088,2.0,0.5986378192901611,1145,187,40,33
1172,36.26529666870359,1088,2.0,0.4584294557571411,514,382,116,72
1155,36.26529666870359,1088,2.0,0.1412694901227951,1442,196,34,29
1291,36.26529666870359,1088,2.0,0.33008769154548645,987,241,95,61
1166,36.29862874284762,1089,2.0,0.4429214596748352,1404,190,31,20
1251,36.29862874284762,1089,2.0,0.712738573551178,845,326,80,54
1185,36.29862874284762,1089,2.0,0.3019840717315674,967,250,67,50
1260,36.29862874284762,1089,2.0,0.39410459995269775,801,283,78,57
1276,36.29862874284762,1089,2.0,0.738427460193634,1171,487,110,87
1198,36.29862874284762,1089,2.0,0.6580238342285156,1367,272,62,43
1288,36.29862874284762,1089,2.0,0.6440342664718628,1141,189,43,34
1172,36.29862874284762,1089,2.0,0.4238865077495575,503,387,121,71
1155,36.29862874284762,1089,2.0,0.13638144731521606,1441,195,34,28
1291,36.29862874284762,1089,2.0,0.4272414743900299,982,242,97,63
1166,36.331960816991646,1090,2.0,0.3547390401363373,1406,190,32,20
1251,36.331960816991646,1090,2.0,0.703080415725708,833,329,76,56
1185,36.331960816991646,1090,2.0,0.3639874756336212,955,254,56,46
1260,36.331960816991646,1090,2.0,0.2985117435455322,794,285,80,55
1276,36.331960816991646,1090,2.0,0.6205048561096191,1180,476,111,81
1198,36.331960816991646,1090,2.0,0.6303016543388367,1369,269,59,41
1288,36.331960816991646,1090,2.0,0.5707634091377258,1138,191,45,36
1172,36.331960816991646,1090,2.0,0.38164615631103516,488,391,120,73
1155,36.331960816991646,1090,2.0,0.30456721782684326,1442,193,33,28
1291,36.331960816991646,1090,2.0,0.11180629581212997,978,244,99,64
1166,36.365292891135674,1091,2.0,0.34989142417907715,1406,189,31,19
1251,36.365292891135674,1091,2.0,0.6212261319160461,822,332,81,57
1185,36.365292891135674,1091,2.0,0.430670827627182,951,258,64,47
1260,36.365292891135674,1091,2.0,0.12123969942331314,786,291,80,49
1276,36.365292891135674,1091,2.0,0.6012753844261169,1184,470,104,79
1198,36.365292891135674,1091,2.0,0.6960168480873108,1371,265,58,39
1288,36.365292891135674,1091,2.0,0.46718862652778625,1137,191,46,36
1172,36.365292891135674,1091,2.0,0.23950721323490143,475,397,118,75
1155,36.365292891135674,1091,2.0,0.28375986218452454,1443,190,30,27
1166,36.39862496527971,1092,2.0,0.27621495723724365,1407,188,31,20
1251,36.39862496527971,1092,2.0,0.7389322519302368,812,336,83,57
1185,36.39862496527971,1092,2.0,0.48529356718063354,944,260,65,48
1260,36.39862496527971,1092,2.0,0.33343496918678284,779,292,83,54
1276,36.39862496527971,1092,2.0,0.7267454266548157,1190,462,101,75
1198,36.39862496527971,1092,2.0,0.6654288172721863,1374,263,59,38
1288,36.39862496527971,1092,2.0,0.4788224995136261,1133,193,44,36
1172,36.39862496527971,1092,2.0,0.4532155394554138,460,402,122,75
1155,36.39862496527971,1092,2.0,0.3957344591617584,1444,192,31,25
1251,36.431957039423736,1093,2.0,0.749363362789154,800,341,86,59
1185,36.431957039423736,1093,2.0,0.5816846489906311,939,262,71,48
1260,36.431957039423736,1093,2.0,0.46759435534477234,772,293,84,57
1276,36.431957039423736,1093,2.0,0.6865630149841309,1195,455,98,73
1198,36.431957039423736,1093,2.0,0.6703090667724609,1375,260,59,38
1288,36.431957039423736,1093,2.0,0.49401068687438965,1130,193,45,36
1172,36.431957039423736,1093,2.0,0.29961565136909485,445,407,124,74
1155,36.431957039423736,1093,2.0,0.5900315046310425,1446,190,33,28
1251,36.46528911356776,1094,2.0,0.7235132455825806,789,344,84,62
1185,36.46528911356776,1094,2.0,0.6192145347595215,932,265,71,48
1260,36.46528911356776,1094,2.0,0.30337896943092346,763,295,85,58
1276,36.46528911356776,1094,2.0,0.6567436456680298,1199,449,93,74
1198,36.46528911356776,1094,2.0,0.6941269636154175,1377,259,61,38
1288,36.46528911356776,1094,2.0,0.5746012926101685,1127,195,48,37
1172,36.46528911356776,1094,2.0,0.34244051575660706,432,413,127,76
1155,36.46528911356776,1094,2.0,0.4565126895904541,1447,188,32,28
1251,36.49862118771179,1095,2.0,0.5707783102989197,776,349,89,65
1185,36.49862118771179,1095,2.0,0.39110904932022095,926,267,75,48
1260,36.49862118771179,1095,7.0,0.11911734193563461,757,296,82,60
1276,36.49862118771179,1095,2.0,0.6636661887168884,1210,444,102,75
1198,36.49862118771179,1095,2.0,0.6986680626869202,1378,258,61,36
1288,36.49862118771179,1095,2.0,0.38981056213378906,1124,195,48,37
1172,36.49862118771179,1095,2.0,0.5478779673576355,417,418,131,79
1155,36.49862118771179,1095,2.0,0.6190087795257568,1447,189,32,27
1166,36.49862118771179,1095,2.0,0.3259449303150177,1411,186,33,22
1251,36.53195326185582,1096,2.0,0.6653164625167847,763,355,90,63
1185,36.53195326185582,1096,2.0,0.4788922369480133,918,270,78,48
1260,36.53195326185582,1096,2.0,0.23421740531921387,749,300,88,63
1276,36.53195326185582,1096,2.0,0.6389127373695374,1214,437,97,73
1198,36.53195326185582,1096,2.0,0.7120882868766785,1381,256,62,35
1288,36.53195326185582,1096,2.0,0.3132365345954895,1122,196,48,37
1172,36.53195326185582,1096,2.0,0.39658430218696594,401,423,133,78
1155,36.53195326185582,1096,2.0,0.5883496403694153,1448,189,33,26
1305,36.53195326185582,1096,2.0,0.5820542573928833,973,235,51,29
1166,36.53195326185582,1096,2.0,0.20528392493724823,1413,186,36,23
1251,36.56528533599985,1097,2.0,0.6510869264602661,751,361,92,62
1185,36.56528533599985,1097,2.0,0.36681056022644043,911,273,79,50
1260,36.56528533599985,1097,2.0,0.23488159477710724,740,303,86,62
1276,36.56528533599985,1097,2.0,0.6151923537254333,1221,430,100,71
1198,36.56528533599985,1097,2.0,0.6825646758079529,1383,255,58,35
1288,36.56528533599985,1097,2.0,0.3637532591819763,1119,197,48,37
1155,36.56528533599985,1097,2.0,0.3759176433086395,1449,188,32,22
1305,36.56528533599985,1097,2.0,0.5033885836601257,970,236,49,28
1166,36.56528533599985,1097,2.0,0.14759717881679535,1413,186,34,22
1251,36.59861741014388,1098,2.0,0.7452868819236755,739,366,92,62
1185,36.59861741014388,1098,2.0,0.6335083842277527,904,274,80,52
1260,36.59861741014388,1098,2.0,0.23899827897548676,730,306,91,63
1276,36.59861741014388,1098,2.0,0.5763715505599976,1228,424,100,71
1198,36.59861741014388,1098,2.0,0.6474817395210266,1386,253,57,35
1288,36.59861741014388,1098,2.0,0.43835872411727905,1113,198,54,41
1155,36.59861741014388,1098,2.0,0.4277167320251465,1449,185,32,26
1305,36.59861741014388,1098,2.0,0.5324262976646423,964,237,51,27
1166,36.59861741014388,1098,2.0,0.12605518102645874,1414,185,34,24
1251,36.63194948428791,1099,2.0,0.7029504179954529,727,370,95,67
1185,36.63194948428791,1099,2.0,0.613990843296051,895,277,78,53
1260,36.63194948428791,1099,2.0,0.3648304045200348,723,309,90,63
1276,36.63194948428791,1099,2.0,0.6390992999076843,1232,419,98,72
1198,36.63194948428791,1099,2.0,0.6413592100143433,1389,251,58,35
1288,36.63194948428791,1099,2.0,0.553996205329895,1109,199,55,43
1155,36.63194948428791,1099,2.0,0.4532500207424164,1450,185,35,24
1305,36.63194948428791,1099,2.0,0.4352801740169525,960,239,55,29
1251,36.665281558431936,1100,2.0,0.6474711298942566,712,376,95,67
1185,36.665281558431936,1100,2.0,0.44329071044921875,887,280,77,55
1260,36.665281558431936,1100,2.0,0.23136770725250244,715,312,90,63
1276,36.665281558431936,1100,2.0,0.6160136461257935,1234,414,87,67
1198,36.665281558431936,1100,2.0,0.662869393825531,1391,248,57,38
1288,36.665281558431936,1100,2.0,0.47621023654937744,1106,202,57,43
1155,36.665281558431936,1100,2.0,0.17192202806472778,1450,186,35,20
1305,36.665281558431936,1100,2.0,0.5420249104499817,954,241,57,32
1251,36.69861363257597,1101,2.0,0.6811676025390625,700,382,97,68
1185,36.69861363257597,1101,2.0,0.33757472038269043,879,282,80,56
1260,36.69861363257597,1101,2.0,0.30348336696624756,709,314,99,62
1276,36.69861363257597,1101,2.0,0.7395596504211426,1241,409,93,68
1198,36.69861363257597,1101,2.0,0.6953080892562866,1393,247,57,39
1288,36.69861363257597,1101,2.0,0.40497544407844543,1102,203,58,42
1155,36.69861363257597,1101,2.0,0.11044040322303772,1451,185,34,20
1305,36.69861363257597,1101,2.0,0.31621748208999634,948,243,53,31
1251,36.73194570672,1102,2.0,0.4829092025756836,684,387,99,71
1185,36.73194570672,1102,2.0,0.47475770115852356,871,284,83,58
1260,36.73194570672,1102,2.0,0.24687592685222626,700,319,98,63
1276,36.73194570672,1102,2.0,0.7241695523262024,1243,404,91,68
1198,36.73194570672,1102,2.0,0.6829054951667786,1396,246,56,39
1288,36.73194570672,1102,2.0,0.44031018018722534,1096,206,59,40
1155,36.73194570672,1102,2.0,0.10950501263141632,1451,180,37,22
1305,36.73194570672,1102,2.0,0.4160584807395935,943,245,58,31
1251,36.765277780864025,1103,2.0,0.5498623251914978,670,395,103,70
1185,36.765277780864025,1103,2.0,0.15500250458717346,865,288,89,58
1260,36.765277780864025,1103,2.0,0.16033996641635895,693,319,86,61
1276,36.765277780864025,1103,2.0,0.6172411441802979,1247,399,88,69
1198,36.765277780864025,1103,2.0,0.7273525595664978,1397,245,56,37
1288,36.765277780864025,1103,2.0,0.4058237373828888,1091,208,58,39
1305,36.765277780864025,1103,2.0,0.4262121915817261,936,246,58,31
1251,36.79860985500805,1104,2.0,0.6884982585906982,655,401,104,70
1260,36.79860985500805,1104,2.0,0.316390722990036,687,320,78,60
1276,36.79860985500805,1104,2.0,0.6405720114707947,1256,392,93,69
1198,36.79860985500805,1104,2.0,0.6456753611564636,1398,242,57,36
1288,36.79860985500805,1104,2.0,0.3961265981197357,1087,210,61,41
1305,36.79860985500805,1104,2.0,0.30878081917762756,929,247,55,30
1307,36.79860985500805,1104,2.0,0.47699880599975586,1081,213,50,35
1251,36.83194192915208,1105,2.0,0.7098862528800964,639,408,107,71
1260,36.83194192915208,1105,2.0,0.11939069628715515,684,323,71,56
1276,36.83194192915208,1105,2.0,0.5232683420181274,1260,387,95,66
1198,36.83194192915208,1105,2.0,0.6703822016716003,1400,240,54,35
1288,36.83194192915208,1105,2.0,0.19697806239128113,1085,210,61,41
1305,36.83194192915208,1105,2.0,0.3686143457889557,924,248,56,30
1307,36.83194192915208,1105,2.0,0.23534360527992249,1076,214,44,34
1251,36.865274003296115,1106,2.0,0.7449458241462708,623,415,108,73
1260,36.865274003296115,1106,2.0,0.21074506640434265,668,326,77,60
1276,36.865274003296115,1106,2.0,0.6087328791618347,1263,383,91,65
1198,36.865274003296115,1106,2.0,0.6825692057609558,1402,238,54,35
1288,36.865274003296115,1106,2.0,0.3205156922340393,1080,211,62,44
1251,36.89860607744014,1107,2.0,0.7094464898109436,608,422,111,75
1260,36.89860607744014,1107,2.0,0.2277565449476242,654,331,90,66
1276,36.89860607744014,1107,2.0,0.5505174994468689,1265,379,85,64
1198,36.89860607744014,1107,2.0,0.6841016411781311,1404,236,52,35
1288,36.89860607744014,1107,2.0,0.4146166443824768,1076,213,65,45
1305,36.89860607744014,1107,2.0,0.39707985520362854,913,254,59,32
1251,36.93193815158417,1108,2.0,0.7099184393882751,589,429,110,76
1260,36.93193815158417,1108,2.0,0.11456233263015747,643,335,94,67
1276,36.93193815158417,1108,2.0,0.6352407932281494,1264,372,72,55
1198,36.93193815158417,1108,2.0,0.7202985286712646,1404,235,54,35
1288,36.93193815158417,1108,2.0,0.39457085728645325,1075,212,69,43
1305,36.93193815158417,1108,2.0,0.6297314763069153,907,256,60,34
1185,36.93193815158417,1108,2.0,0.5321782231330872,814,309,84,49
1251,36.9652702257282,1109,2.0,0.584372341632843,572,435,116,78
1276,36.9652702257282,1109,2.0,0.6727215051651001,1266,367,65,54
1198,36.9652702257282,1109,2.0,0.6903201937675476,1407,234,50,34
1288,36.9652702257282,1109,2.0,0.4085359573364258,1072,213,70,43
1305,36.9652702257282,1109,2.0,0.7307149171829224,898,258,61,34
1185,36.9652702257282,1109,2.0,0.3383956253528595,808,312,94,53
1307,36.9652702257282,1109,2.0,0.441498726606369,1065,219,62,38
1251,36.998602299872225,1110,2.0,0.6684762835502625,553,443,116,81
1276,36.998602299872225,1110,2.0,0.6139345765113831,1273,364,69,54
1198,36.998602299872225,1110,2.0,0.7263598442077637,1408,233,49,33
1288,36.998602299872225,1110,2.0,0.4442934989929199,1073,212,64,41
1305,36.998602299872225,1110,2.0,0.6568775177001953,892,261,61,33
1185,36.998602299872225,1110,2.0,0.2872372269630432,802,318,102,52
1307,36.998602299872225,1110,2.0,0.28993621468544006,1064,219,73,45
1260,36.998602299872225,1110,2.0,0.32828500866889954,618,344,100,68
1251,37.03193437401626,1111,2.0,0.4909397065639496,535,449,118,82
1276,37.03193437401626,1111,2.0,0.5684946179389954,1282,363,81,57
1198,37.03193437401626,1111,2.0,0.6949077248573303,1411,232,48,31
1288,37.03193437401626,1111,2.0,0.372548907995224,1074,211,55,37
1305,37.03193437401626,1111,2.0,0.7046545743942261,886,263,62,33
1185,37.03193437401626,1111,2.0,0.15128599107265472,789,321,95,53
1307,37.03193437401626,1111,2.0,0.17106997966766357,1059,221,73,43
1260,37.03193437401626,1111,2.0,0.32162249088287354,606,348,103,68
1155,37.03193437401626,1111,2.0,0.38974523544311523,1455,172,41,25
1251,37.06526644816029,1112,2.0,0.6486461162567139,517,459,121,80
1276,37.06526644816029,1112,2.0,0.5951789617538452,1288,360,83,59
1198,37.06526644816029,1112,2.0,0.5889632105827332,1411,231,47,31
1288,37.06526644816029,1112,2.0,0.3182409405708313,1074,211,51,37
1305,37.06526644816029,1112,2.0,0.7424503564834595,881,264,62,35
1185,37.06526644816029,1112,2.0,0.45192664861679077,778,323,96,55
1307,37.06526644816029,1112,2.0,0.13815928995609283,1056,222,76,47
1260,37.06526644816029,1112,2.0,0.22440622746944427,597,352,113,70
1155,37.06526644816029,1112,2.0,0.31572049856185913,1457,171,36,24
1251,37.098598522304314,1113,2.0,0.6372153162956238,495,467,124,83
1276,37.098598522304314,1113,2.0,0.6485211253166199,1288,355,79,57
1198,37.098598522304314,1113,2.0,0.47855550050735474,1414,230,47,33
1305,37.098598522304314,1113,2.0,0.5887852311134338,877,266,62,37
1185,37.098598522304314,1113,2.0,0.28953683376312256,770,328,105,59
1307,37.098598522304314,1113,2.0,0.15690508484840393,1047,226,69,43
1260,37.098598522304314,1113,2.0,0.1346617490053177,584,356,112,71
1155,37.098598522304314,1113,2.0,0.18645991384983063,1458,170,35,23
1325,37.098598522304314,1113,2.0,0.4750884771347046,1033,235,42,24
1251,37.13193059644834,1114,2.0,0.5784279704093933,474,475,126,84
1276,37.13193059644834,1114,2.0,0.6495184898376465,1289,348,75,55
1198,37.13193059644834,1114,2.0,0.38879361748695374,1415,230,49,33
1305,37.13193059644834,1114,2.0,0.5831806659698486,870,268,63,35
1185,37.13193059644834,1114,2.0,0.5556772947311401,757,330,101,59
1307,37.13193059644834,1114,2.0,0.2757658064365387,1046,225,78,49
1260,37.13193059644834,1114,2.0,0.12204559892416,568,362,106,68
1325,37.13193059644834,1114,2.0,0.42735520005226135,1029,235,45,27
1288,37.13193059644834,1114,2.0,0.3053644597530365,1067,211,47,34
1251,37.16526267059238,1115,2.0,0.5323596000671387,453,485,130,89
1276,37.16526267059238,1115,2.0,0.6999959349632263,1292,344,69,53
1198,37.16526267059238,1115,2.0,0.3913593590259552,1417,229,49,33
1305,37.16526267059238,1115,2.0,0.6031906604766846,863,270,65,36
1185,37.16526267059238,1115,2.0,0.3689022362232208,746,333,103,61
1260,37.16526267059238,1115,2.0,0.20583896338939667,565,363,97,73
1325,37.16526267059238,1115,2.0,0.5608624815940857,1025,237,46,27
1288,37.16526267059238,1115,2.0,0.4927554726600647,1063,210,44,31
1251,37.198594744736404,1116,2.0,0.5072150230407715,431,494,134,90
1276,37.198594744736404,1116,2.0,0.694973886013031,1297,342,73,54
1198,37.198594744736404,1116,2.0,0.4021488130092621,1418,223,47,30
1305,37.198594744736404,1116,2.0,0.5658491253852844,857,272,65,38
1185,37.198594744736404,1116,2.0,0.12859265506267548,735,337,104,64
1260,37.198594744736404,1116,2.0,0.20198377966880798,550,368,108,71
1325,37.198594744736404,1116,2.0,0.4374885857105255,1020,240,48,30
1288,37.198594744736404,1116,2.0,0.49615126848220825,1059,211,46,30
1251,37.23192681888043,1117,2.0,0.3939313292503357,410,495,133,75
1276,37.23192681888043,1117,2.0,0.7258749008178711,1301,338,76,52
1198,37.23192681888043,1117,2.0,0.37849900126457214,1419,219,45,30
1305,37.23192681888043,1117,2.0,0.47249114513397217,851,273,68,39
1260,37.23192681888043,1117,2.0,0.10610223561525345,546,368,92,66
1325,37.23192681888043,1117,2.0,0.4840392768383026,1012,242,48,28
1288,37.23192681888043,1117,2.0,0.5454219579696655,1055,213,47,29
1251,37.26525889302446,1118,2.0,0.23460642993450165,392,510,130,89
1276,37.26525889302446,1118,2.0,0.6845473051071167,1305,335,76,53
1198,37.26525889302446,1118,2.0,0.34287723898887634,1420,219,44,28
1305,37.26525889302446,1118,2.0,0.3722912669181824,845,276,70,39
1260,37.26525889302446,1118,2.0,0.20469920337200165,527,374,107,71
1325,37.26525889302446,1118,2.0,0.5383158326148987,1007,244,49,27
1288,37.26525889302446,1118,2.0,0.48094454407691956,1050,214,49,28
1251,37.29859096716849,1119,2.0,0.417741596698761,378,523,112,94
1276,37.29859096716849,1119,2.0,0.7113415598869324,1308,333,73,52
1198,37.29859096716849,1119,2.0,0.46179577708244324,1422,218,46,28
1305,37.29859096716849,1119,2.0,0.539006233215332,838,278,73,40
1260,37.29859096716849,1119,2.0,0.3229841887950897,516,380,115,76
1325,37.29859096716849,1119,2.0,0.5725558996200562,1003,246,49,28
1288,37.29859096716849,1119,2.0,0.3231186866760254,1046,215,49,28
1155,37.29859096716849,1119,2.0,0.36620673537254333,1464,165,36,24
1276,37.33192304131252,1120,2.0,0.6737474203109741,1312,329,74,49
1198,37.33192304131252,1120,2.0,0.49037885665893555,1423,216,46,27
1305,37.33192304131252,1120,2.0,0.5425769090652466,828,281,70,36
1260,37.33192304131252,1120,2.0,0.11953374743461609,501,384,122,80
1325,37.33192304131252,1120,2.0,0.5027338862419128,996,247,49,28
1288,37.33192304131252,1120,2.0,0.38071709871292114,1043,217,47,27
1155,37.33192304131252,1120,2.0,0.357936292886734,1465,165,31,24
1276,37.36525511545655,1121,2.0,0.6898192763328552,1316,325,75,49
1198,37.36525511545655,1121,2.0,0.5602350234985352,1424,214,47,28
1305,37.36525511545655,1121,2.0,0.5779311060905457,821,284,69,39
1260,37.36525511545655,1121,2.0,0.1532277911901474,489,388,119,82
1325,37.36525511545655,1121,2.0,0.49548661708831787,990,249,52,28
1288,37.36525511545655,1121,2.0,0.45894330739974976,1039,219,49,29
1155,37.36525511545655,1121,2.0,0.27243852615356445,1466,165,30,23
1276,37.398587189600576,1122,2.0,0.6753321290016174,1316,321,66,47
1198,37.398587189600576,1122,2.0,0.5663450956344604,1426,213,45,27
1305,37.398587189600576,1122,2.0,0.5636641383171082,814,286,71,40
1260,37.398587189600576,1122,2.0,0.10947702825069427,473,393,122,80
1325,37.398587189600576,1122,2.0,0.4226635694503784,985,250,54,30
1288,37.398587189600576,1122,2.0,0.48963454365730286,1034,221,52,30
1155,37.398587189600576,1122,2.0,0.3121514916419983,1466,165,33,24
1276,37.431919263744604,1123,2.0,0.7386766076087952,1318,319,65,46
1198,37.431919263744604,1123,2.0,0.5443044304847717,1427,213,47,28
1305,37.431919263744604,1123,2.0,0.6548532843589783,807,288,70,41
1325,37.431919263744604,1123,2.0,0.4745691120624542,977,253,51,28
1288,37.431919263744604,1123,2.0,0.4935392141342163,1029,223,55,30
1155,37.431919263744604,1123,2.0,0.2925177216529846,1466,164,36,23
1276,37.46525133788863,1124,2.0,0.6909614205360413,1322,317,69,46
1198,37.46525133788863,1124,2.0,0.6157658696174622,1429,211,43,28
1305,37.46525133788863,1124,2.0,0.4602026641368866,800,290,72,41
1325,37.46525133788863,1124,2.0,0.48902496695518494,972,255,53,29
1288,37.46525133788863,1124,2.0,0.4440450966358185,1025,223,51,30
1155,37.46525133788863,1124,2.0,0.4230985939502716,1467,163,34,23
1185,37.46525133788863,1124,2.0,0.48911574482917786,632,377,127,73
1276,37.498583412032666,1125,2.0,0.6683676242828369,1326,312,70,49
1198,37.498583412032666,1125,2.0,0.5787178874015808,1430,209,44,29
1305,37.498583412032666,1125,2.0,0.3852459192276001,792,293,71,41
1325,37.498583412032666,1125,2.0,0.5820431113243103,965,258,51,28
1288,37.498583412032666,1125,2.0,0.359634667634964,1020,224,49,29
1155,37.498583412032666,1125,2.0,0.3253808915615082,1468,163,32,23
1185,37.498583412032666,1125,2.0,0.543856143951416,618,382,124,76
1276,37.53191548617669,1126,2.0,0.685801088809967,1327,308,68,45
1198,37.53191548617669,1126,2.0,0.6024337410926819,1431,208,41,29
1305,37.53191548617669,1126,2.0,0.5933619141578674,786,295,73,41
1325,37.53191548617669,1126,2.0,0.6858964562416077,959,261,53,28
1288,37.53191548617669,1126,2.0,0.3682284355163574,1015,227,51,30
1185,37.53191548617669,1126,2.0,0.30975666642189026,604,386,128,77
1276,37.56524756032072,1127,2.0,0.6695931553840637,1331,306,72,43
1198,37.56524756032072,1127,2.0,0.5302502512931824,1433,207,43,28
1305,37.56524756032072,1127,2.0,0.496065229177475,778,297,77,42
1325,37.56524756032072,1127,2.0,0.581540048122406,953,264,55,29
1288,37.56524756032072,1127,2.0,0.2802565097808838,1010,229,54,32
1185,37.56524756032072,1127,2.0,0.34154045581817627,590,394,129,79
1349,37.56524756032072,1127,2.0,0.8311154842376709,104,626,155,122
1276,37.59857963446475,1128,2.0,0.6088089346885681,1335,304,72,42
1198,37.59857963446475,1128,2.0,0.4818350076675415,1435,207,46,27
1305,37.59857963446475,1128,2.0,0.4422233998775482,770,301,79,42
1325,37.59857963446475,1128,2.0,0.5780309438705444,945,267,55,33
1288,37.59857963446475,1128,2.0,0.5285947322845459,1005,230,56,33
1185,37.59857963446475,1128,2.0,0.35805511474609375,574,400,127,77
1349,37.59857963446475,1128,2.0,0.7157884836196899,96,637,177,127
1276,37.63191170860878,1129,2.0,0.606407642364502,1338,301,71,45
1198,37.63191170860878,1129,2.0,0.47143569588661194,1435,207,45,26
1305,37.63191170860878,1129,2.0,0.49838969111442566,761,305,78,39
1325,37.63191170860878,1129,2.0,0.5855736136436462,938,268,57,34
1288,37.63191170860878,1129,2.0,0.5046294927597046,1001,231,57,32
1185,37.63191170860878,1129,2.0,0.19940617680549622,560,406,129,78
1349,37.63191170860878,1129,2.0,0.5207900404930115,81,653,162,141
1276,37.66524378275281,1130,2.0,0.6170486807823181,1342,297,71,48
1198,37.66524378275281,1130,2.0,0.37746110558509827,1438,207,45,27
1305,37.66524378275281,1130,2.0,0.5477525591850281,752,308,77,41
1325,37.66524378275281,1130,2.0,0.661751925945282,933,270,58,35
1288,37.66524378275281,1130,2.0,0.7024714946746826,996,233,58,31
1185,37.66524378275281,1130,2.0,0.37086936831474304,541,410,134,80
1349,37.66524378275281,1130,2.0,0.5586223006248474,61,659,123,122
1276,37.69857585689684,1131,2.0,0.5402874946594238,1345,294,70,47
1198,37.69857585689684,1131,2.0,0.3830312490463257,1439,206,44,28
1305,37.69857585689684,1131,2.0,0.6523391604423523,744,310,78,41
1325,37.69857585689684,1131,2.0,0.5956069231033325,926,274,63,35
1288,37.69857585689684,1131,2.0,0.6480512022972107,991,235,57,30
1185,37.69857585689684,1131,2.0,0.3348954916000366,524,417,142,83
1349,37.69857585689684,1131,2.0,0.6708679795265198,42,662,84,95
1276,37.731907931040865,1132,2.0,0.6776248216629028,1342,292,61,43
1198,37.731907931040865,1132,2.0,0.3540565073490143,1440,205,44,29
1305,37.731907931040865,1132,2.0,0.7050446271896362,736,313,78,43
1325,37.731907931040865,1132,2.0,0.6040563583374023,917,277,62,33
1288,37.731907931040865,1132,2.0,0.6395114064216614,987,236,57,30
1185,37.731907931040865,1132,2.0,0.5206108093261719,507,425,144,83
1276,37.76524000518489,1133,2.0,0.7050849199295044,1345,290,60,43
1198,37.76524000518489,1133,2.0,0.3792652189731598,1441,205,45,28
1305,37.76524000518489,1133,2.0,0.5060233473777771,727,315,80,46
1325,37.76524000518489,1133,2.0,0.6387237310409546,911,279,63,34
1288,37.76524000518489,1133,2.0,0.701830267906189,982,238,57,30
1185,37.76524000518489,1133,2.0,0.36927223205566406,488,431,144,84
1276,37.79857207932893,1134,2.0,0.6966581344604492,1348,288,61,44
1198,37.79857207932893,1134,2.0,0.3904227316379547,1442,204,43,29
1305,37.79857207932893,1134,2.0,0.4891388416290283,719,319,82,46
1325,37.79857207932893,1134,2.0,0.5169886350631714,902,281,62,35
1288,37.79857207932893,1134,2.0,0.6840882301330566,976,239,56,31
1185,37.79857207932893,1134,2.0,0.2479979544878006,470,437,144,89
1276,37.831904153472955,1135,2.0,0.6715723872184753,1350,285,61,44
1198,37.831904153472955,1135,2.0,0.3239746689796448,1443,204,40,29
1305,37.831904153472955,1135,2.0,0.5432823896408081,710,322,83,46
1325,37.831904153472955,1135,2.0,0.5771949291229248,893,285,63,37
1288,37.831904153472955,1135,2.0,0.47934064269065857,971,241,57,32
1185,37.831904153472955,1135,2.0,0.3469264507293701,452,444,152,91
1276,37.86523622761698,1136,2.0,0.6931933760643005,1348,282,55,39
1198,37.86523622761698,1136,2.0,0.36829718947410583,1445,200,38,29
1305,37.86523622761698,1136,2.0,0.4375024139881134,700,325,82,46
1325,37.86523622761698,1136,2.0,0.6291855573654175,885,287,65,38
1288,37.86523622761698,1136,2.0,0.6564578413963318,965,243,58,34
1185,37.86523622761698,1136,2.0,0.12473390996456146,432,451,158,88
1276,37.89856830176101,1137,2.0,0.6321502327919006,1352,281,60,40
1198,37.89856830176101,1137,2.0,0.33458009362220764,1445,198,37,28
1305,37.89856830176101,1137,2.0,0.4399987459182739,690,328,85,47
1325,37.89856830176101,1137,2.0,0.614285945892334,879,291,67,37
1288,37.89856830176101,1137,2.0,0.6481512188911438,960,245,58,35
1185,37.89856830176101,1137,2.0,0.18040060997009277,411,459,159,93
1276,37.93190037590504,1138,2.0,0.5178956985473633,1355,278,64,40
1198,37.93190037590504,1138,2.0,0.29534363746643066,1445,196,36,27
1305,37.93190037590504,1138,2.0,0.4678196609020233,681,331,88,47
1325,37.93190037590504,1138,2.0,0.6549630165100098,871,293,69,39
1288,37.93190037590504,1138,2.0,0.649341344833374,955,246,58,35
1276,37.96523245004907,1139,2.0,0.4807295799255371,1360,277,67,40
1198,37.96523245004907,1139,2.0,0.4152883291244507,1447,195,36,26
1305,37.96523245004907,1139,2.0,0.6386324167251587,673,335,89,47
1325,37.96523245004907,1139,2.0,0.6045596599578857,862,295,69,40
1288,37.96523245004907,1139,2.0,0.5881764888763428,950,248,58,34
1276,37.9985645241931,1140,2.0,0.6214284896850586,1359,272,58,38
1198,37.9985645241931,1140,2.0,0.32210060954093933,1448,193,34,25
1305,37.9985645241931,1140,2.0,0.32446572184562683,663,337,90,49
1325,37.9985645241931,1140,2.0,0.5518897771835327,855,297,72,38
1288,37.9985645241931,1140,2.0,0.4221188724040985,944,250,58,35
1276,38.03189659833713,1141,2.0,0.6778169274330139,1362,270,54,36
1198,38.03189659833713,1141,2.0,0.3692542314529419,1449,193,34,23
1305,38.03189659833713,1141,2.0,0.3761935830116272,652,340,91,50
1325,38.03189659833713,1141,2.0,0.6644008159637451,845,301,69,37
1288,38.03189659833713,1141,2.0,0.35310113430023193,937,252,58,35
1276,38.065228672481155,1142,2.0,0.6649481654167175,1366,268,55,36
1198,38.065228672481155,1142,2.0,0.4048362076282501,1450,194,36,24
1305,38.065228672481155,1142,2.0,0.37114575505256653,643,344,91,48
1325,38.065228672481155,1142,2.0,0.6170570254325867,836,306,68,37
1288,38.065228672481155,1142,2.0,0.6032686829566956,932,254,60,36
1276,38.09856074662519,1143,2.0,0.6721240878105164,1367,265,52,35
1198,38.09856074662519,1143,2.0,0.4303755462169647,1451,192,36,27
1305,38.09856074662519,1143,2.0,0.31946462392807007,632,348,92,51
1325,38.09856074662519,1143,2.0,0.7880405187606812,826,310,69,40
1288,38.09856074662519,1143,2.0,0.672394335269928,927,256,63,34
1276,38.13189282076922,1144,2.0,0.6696353554725647,1370,264,56,36
1198,38.13189282076922,1144,2.0,0.4582686722278595,1452,190,36,27
1305,38.13189282076922,1144,2.0,0.15785816311836243,621,352,92,50
1325,38.13189282076922,1144,2.0,0.6437458395957947,815,313,67,39
1288,38.13189282076922,1144,2.0,0.6756003499031067,919,259,64,35
1276,38.165224894913244,1145,2.0,0.6314916014671326,1372,261,57,37
1198,38.165224894913244,1145,2.0,0.4592099189758301,1452,189,36,25
1305,38.165224894913244,1145,2.0,0.42010071873664856,609,358,90,45
1325,38.165224894913244,1145,2.0,0.6827249526977539,806,316,70,41
1288,38.165224894913244,1145,2.0,0.6585710644721985,912,262,65,37
1361,38.165224894913244,1145,2.0,0.3761548399925232,1146,209,40,21
1276,38.19855696905727,1146,2.0,0.5845370888710022,1373,259,56,35
1198,38.19855696905727,1146,2.0,0.3571087121963501,1453,188,34,23
1305,38.19855696905727,1146,2.0,0.4240795969963074,599,360,94,50
1325,38.19855696905727,1146,2.0,0.6621032357215881,796,319,72,43
1288,38.19855696905727,1146,2.0,0.6854650378227234,906,264,65,37
1361,38.19855696905727,1146,2.0,0.3349895775318146,1143,210,39,21
1276,38.2318890432013,1147,2.0,0.6660120487213135,1375,257,59,34
1198,38.2318890432013,1147,2.0,0.2984054982662201,1454,187,33,24
1305,38.2318890432013,1147,2.0,0.47532302141189575,587,364,94,52
1325,38.2318890432013,1147,2.0,0.7214447259902954,786,323,75,45
1288,38.2318890432013,1147,2.0,0.6813384890556335,898,266,66,39
1361,38.2318890432013,1147,2.0,0.31112363934516907,1140,209,38,22
1276,38.265221117345334,1148,2.0,0.6419100761413574,1379,256,62,34
1198,38.265221117345334,1148,2.0,0.3923466205596924,1455,187,35,23
1305,38.265221117345334,1148,2.0,0.6576597690582275,577,368,99,54
1325,38.265221117345334,1148,2.0,0.713634729385376,778,327,80,47
1288,38.265221117345334,1148,2.0,0.7398620843887329,892,267,66,40
1276,38.29855319148936,1149,2.0,0.5494467616081238,1382,253,61,34
1198,38.29855319148936,1149,2.0,0.3560011684894562,1456,186,35,23
1305,38.29855319148936,1149,2.0,0.4748946726322174,564,372,100,54
1325,38.29855319148936,1149,2.0,0.6988682150840759,766,332,80,46
1288,38.29855319148936,1149,2.0,0.6483204364776611,887,270,66,41
1276,38.33188526563339,1150,2.0,0.6031550168991089,1384,252,60,34
1198,38.33188526563339,1150,2.0,0.3718124330043793,1458,184,35,25
1305,38.33188526563339,1150,2.0,0.5704460740089417,553,376,103,57
1325,38.33188526563339,1150,2.0,0.6166517734527588,756,334,83,48
1288,38.33188526563339,1150,2.0,0.7647264003753662,881,272,66,41
1276,38.365217339777416,1151,2.0,0.5980347990989685,1384,249,55,34
1198,38.365217339777416,1151,2.0,0.3829417824745178,1458,184,34,25
1305,38.365217339777416,1151,2.0,0.5926703214645386,539,381,99,55
1325,38.365217339777416,1151,2.0,0.6512539386749268,747,338,85,50
1288,38.365217339777416,1151,2.0,0.596502423286438,875,274,71,43
1276,38.39854941392145,1152,2.0,0.6636619567871094,1385,247,52,35
1198,38.39854941392145,1152,2.0,0.36894574761390686,1459,184,35,24
1305,38.39854941392145,1152,2.0,0.27449607849121094,527,385,104,55
1325,38.39854941392145,1152,2.0,0.6208968162536621,734,341,84,48
1288,38.39854941392145,1152,2.0,0.3596179783344269,867,276,72,44
1276,38.43188148806548,1153,2.0,0.6386784315109253,1388,246,51,36
1198,38.43188148806548,1153,2.0,0.2759568691253662,1460,184,36,23
1305,38.43188148806548,1153,2.0,0.38360947370529175,516,390,109,56
1325,38.43188148806548,1153,2.0,0.6070234179496765,720,346,85,51
1288,38.43188148806548,1153,2.0,0.4166487753391266,860,279,72,46
1276,38.465213562209506,1154,2.0,0.676765501499176,1390,245,53,36
1198,38.465213562209506,1154,2.0,0.16451489925384521,1460,182,37,24
1305,38.465213562209506,1154,2.0,0.5518395304679871,501,394,108,56
1325,38.465213562209506,1154,2.0,0.7192783355712891,707,351,84,51
1288,38.465213562209506,1154,2.0,0.47423380613327026,852,283,71,43
1276,38.49854563635353,1155,2.0,0.6307864189147949,1393,243,52,36
1198,38.49854563635353,1155,2.0,0.14599329233169556,1461,179,35,25
1305,38.49854563635353,1155,2.0,0.44607168436050415,487,398,109,59
1325,38.49854563635353,1155,2.0,0.6133878827095032,695,355,84,52
1288,38.49854563635353,1155,2.0,0.5902287364006042,845,286,71,43
1276,38.53187771049756,1156,2.0,0.636269211769104,1394,241,52,34
1198,38.53187771049756,1156,2.0,0.31149497628211975,1464,177,37,26
1305,38.53187771049756,1156,2.0,0.3857022821903229,474,403,108,59
1325,38.53187771049756,1156,2.0,0.7014033794403076,683,360,89,53
1288,38.53187771049756,1156,2.0,0.5003447532653809,838,289,72,43
1276,38.565209784641596,1157,2.0,0.574558436870575,1395,239,51,33
1198,38.565209784641596,1157,2.0,0.12843137979507446,1466,176,37,26
1305,38.565209784641596,1157,2.0,0.40172192454338074,460,409,110,59
1325,38.565209784641596,1157,2.0,0.6606931090354919,672,366,91,56
1288,38.565209784641596,1157,2.0,0.5253488421440125,830,292,75,43
1276,38.59854185878562,1158,2.0,0.6307429075241089,1396,237,52,35
1198,38.59854185878562,1158,2.0,0.18751057982444763,1467,175,37,24
1305,38.59854185878562,1158,2.0,0.31776463985443115,446,414,113,60
1325,38.59854185878562,1158,2.0,0.6218677163124084,657,370,92,54
1288,38.59854185878562,1158,2.0,0.268714040517807,821,294,78,44
1366,38.59854185878562,1158,2.0,0.5287396907806396,1095,230,43,23
1276,38.63187393292965,1159,2.0,0.5972564816474915,1397,236,53,35
1198,38.63187393292965,1159,2.0,0.20477856695652008,1468,175,36,23
1305,38.63187393292965,1159,2.0,0.5145775079727173,433,419,118,61
1325,38.63187393292965,1159,2.0,0.6855359673500061,644,376,95,58
1288,38.63187393292965,1159,2.0,0.29157599806785583,813,296,76,45
1366,38.63187393292965,1159,2.0,0.5241101980209351,1094,231,46,24
1276,38.66520600707368,1160,2.0,0.6568880677223206,1399,235,53,36
1198,38.66520600707368,1160,2.0,0.15904411673545837,1469,175,36,22
1305,38.66520600707368,1160,2.0,0.4137806296348572,418,424,117,61
1325,38.66520600707368,1160,2.0,0.7002948522567749,629,383,95,52
1288,38.66520600707368,1160,2.0,0.24987870454788208,806,299,78,42
1366,38.66520600707368,1160,2.0,0.4032248854637146,1089,233,46,24
1367,38.66520600707368,1160,2.0,0.7381119728088379,478,750,208,126
1276,38.698538081217706,1161,2.0,0.5789192318916321,1402,234,52,36
1198,38.698538081217706,1161,2.0,0.18682940304279327,1468,173,32,22
1305,38.698538081217706,1161,2.0,0.2867111265659332,404,429,119,64
1325,38.698538081217706,1161,2.0,0.6092991828918457,615,386,97,56
1288,38.698538081217706,1161,2.0,0.1921374350786209,798,304,79,41
1366,38.698538081217706,1161,2.0,0.243398055434227,1085,235,48,25
1367,38.698538081217706,1161,2.0,0.7710052728652954,503,730,206,116
1276,38.73187015536174,1162,2.0,0.5586771368980408,1403,232,50,35
1198,38.73187015536174,1162,2.0,0.33057859539985657,1467,173,30,20
1305,38.73187015536174,1162,2.0,0.3822700083255768,387,435,122,64
1325,38.73187015536174,1162,2.0,0.6519657969474792,601,392,102,59
1288,38.73187015536174,1162,2.0,0.2803492248058319,787,308,78,43
1366,38.73187015536174,1162,2.0,0.41749390959739685,1080,237,46,24
1367,38.73187015536174,1162,2.0,0.7379010319709778,536,713,204,113
1276,38.76520222950577,1163,2.0,0.5110064744949341,1406,231,52,33
1198,38.76520222950577,1163,2.0,0.3215215802192688,1467,173,29,19
1305,38.76520222950577,1163,2.0,0.21660856902599335,375,441,115,65
1325,38.76520222950577,1163,2.0,0.7276508808135986,585,398,100,60
1288,38.76520222950577,1163,2.0,0.3427891135215759,780,312,82,42
1366,38.76520222950577,1163,2.0,0.33266007900238037,1077,239,51,24
1367,38.76520222950577,1163,2.0,0.7512422204017639,566,693,196,112
1276,38.798534303649795,1164,2.0,0.5434795022010803,1408,230,51,32
1198,38.798534303649795,1164,2.0,0.3581603467464447,1468,172,28,19
1325,38.798534303649795,1164,2.0,0.6633960008621216,569,403,100,60
1288,38.798534303649795,1164,2.0,0.42961373925209045,772,314,83,44
1366,38.798534303649795,1164,2.0,0.5322040915489197,1072,240,50,27
1367,38.798534303649795,1164,2.0,0.8239824771881104,594,676,191,106
1276,38.83186637779382,1165,2.0,0.387879878282547,1410,229,50,32
1198,38.83186637779382,1165,2.0,0.3768569231033325,1469,170,26,21
1325,38.83186637779382,1165,2.0,0.6161681413650513,553,410,103,60
1288,38.83186637779382,1165,2.0,0.7021542191505432,764,317,86,45
1366,38.83186637779382,1165,2.0,0.43484562635421753,1066,242,48,28
1367,38.83186637779382,1165,2.0,0.6692383885383606,619,660,184,103
1276,38.86519845193786,1166,2.0,0.35951367020606995,1411,230,49,33
1198,38.86519845193786,1166,2.0,0.4052000045776367,1469,170,26,20
1325,38.86519845193786,1166,2.0,0.6009993553161621,538,415,106,62
1288,38.86519845193786,1166,2.0,0.6461678743362427,755,321,85,47
1366,38.86519845193786,1166,2.0,0.5201980471611023,1061,244,50,30
1367,38.86519845193786,1166,2.0,0.7464187145233154,643,642,174,96
1370,38.86519845193786,1166,2.0,0.4276996850967407,1407,224,44,28
1276,38.898530526081885,1167,2.0,0.34622541069984436,1410,227,46,36
1198,38.898530526081885,1167,2.0,0.43532896041870117,1469,170,25,20
1325,38.898530526081885,1167,2.0,0.6603202223777771,522,422,111,64
1288,38.898530526081885,1167,2.0,0.5846848487854004,745,324,84,47
1366,38.898530526081885,1167,2.0,0.44444605708122253,1055,246,48,29
1367,38.898530526081885,1167,2.0,0.7342933416366577,666,628,171,92
1370,38.898530526081885,1167,2.0,0.3964553475379944,1408,223,41,28
1276,38.93186260022591,1168,2.0,0.31551593542099,1413,227,48,37
1198,38.93186260022591,1168,2.0,0.3702111542224884,1469,169,25,20
1325,38.93186260022591,1168,2.0,0.7069860696792603,504,428,111,66
1288,38.93186260022591,1168,2.0,0.4286147654056549,734,326,86,46
1366,38.93186260022591,1168,2.0,0.5117513537406921,1050,248,50,30
1367,38.93186260022591,1168,2.0,0.7348065972328186,687,616,163,89
1370,38.93186260022591,1168,2.0,0.45530933141708374,1410,222,42,29
1276,38.96519467436994,1169,2.0,0.27983522415161133,1412,225,43,37
1198,38.96519467436994,1169,2.0,0.32248035073280334,1470,169,26,20
1325,38.96519467436994,1169,2.0,0.6530638337135315,485,435,114,69
1288,38.96519467436994,1169,2.0,0.4683524966239929,724,330,83,51
1366,38.96519467436994,1169,2.0,0.5304531455039978,1044,249,48,30
1367,38.96519467436994,1169,2.0,0.7621420621871948,710,603,163,89
1370,38.96519467436994,1169,2.0,0.44643157720565796,1410,220,39,28
1375,38.96519467436994,1169,2.0,0.4095459282398224,1081,214,54,40
1276,38.99852674851397,1170,2.0,0.22101990878582,1415,222,46,34
1198,38.99852674851397,1170,2.0,0.40365681052207947,1471,168,25,20
1325,38.99852674851397,1170,2.0,0.7042832374572754,466,442,114,70
1288,38.99852674851397,1170,2.0,0.3766365647315979,713,334,85,48
1366,38.99852674851397,1170,2.0,0.5046886205673218,1040,251,49,30
1367,38.99852674851397,1170,2.0,0.6906116008758545,729,590,157,87
1370,38.99852674851397,1170,2.0,0.4259272515773773,1413,219,40,26
1375,38.99852674851397,1170,2.0,0.4336230456829071,1078,216,56,40
1276,39.031858822658,1171,2.0,0.5449950695037842,1417,219,46,31
1198,39.031858822658,1171,2.0,0.43280163407325745,1471,167,26,18
1325,39.031858822658,1171,2.0,0.6946385502815247,447,450,119,72
1288,39.031858822658,1171,2.0,0.40497663617134094,704,338,91,50
1366,39.031858822658,1171,2.0,0.6780243515968323,1037,254,54,28
1367,39.031858822658,1171,2.0,0.677363932132721,747,579,150,87
1375,39.031858822658,1171,2.0,0.41162630915641785,1074,218,55,38
1276,39.06519089680203,1172,2.0,0.624577522277832,1419,216,47,29
1198,39.06519089680203,1172,2.0,0.33093684911727905,1472,167,29,18
1325,39.06519089680203,1172,2.0,0.7313775420188904,428,457,122,72
1288,39.06519089680203,1172,2.0,0.6031224131584167,696,342,95,50
1366,39.06519089680203,1172,2.0,0.7383420467376709,1032,257,55,28
1367,39.06519089680203,1172,2.0,0.6585408449172974,765,566,138,83
1375,39.06519089680203,1172,2.0,0.4366750419139862,1069,219,52,38
1276,39.09852297094606,1173,2.0,0.6193525791168213,1420,214,47,28
1198,39.09852297094606,1173,2.0,0.2872432768344879,1473,164,28,20
1325,39.09852297094606,1173,2.0,0.5548548698425293,409,465,127,73
1288,39.09852297094606,1173,2.0,0.24045275151729584,685,346,97,52
1366,39.09852297094606,1173,2.0,0.6889877319335938,1027,258,57,27
1367,39.09852297094606,1173,2.0,0.6679679751396179,787,554,146,80
1375,39.09852297094606,1173,2.0,0.3019571006298065,1063,221,51,36
1276,39.131855045090084,1174,2.0,0.5940573811531067,1420,212,46,26
1198,39.131855045090084,1174,2.0,0.3179364502429962,1474,162,29,23
1325,39.131855045090084,1174,2.0,0.5780565142631531,391,472,120,73
1288,39.131855045090084,1174,2.0,0.5371807813644409,675,350,99,53
1366,39.131855045090084,1174,2.0,0.742273211479187,1023,259,58,27
1367,39.131855045090084,1174,2.0,0.7481462955474854,800,543,136,75
1375,39.131855045090084,1174,2.0,0.21901287138462067,1058,223,53,37
1276,39.16518711923411,1175,2.0,0.6077167987823486,1421,212,46,26
1198,39.16518711923411,1175,2.0,0.3759100139141083,1475,162,32,22
1325,39.16518711923411,1175,2.0,0.615312933921814,374,480,110,75
1288,39.16518711923411,1175,2.0,0.45481786131858826,662,354,96,53
1366,39.16518711923411,1175,2.0,0.7127221822738647,1017,262,58,31
1367,39.16518711923411,1175,2.0,0.8309284448623657,819,532,136,76
1375,39.16518711923411,1175,2.0,0.31846052408218384,1053,224,58,39
1198,39.19851919337815,1176,2.0,0.242340087890625,1476,163,32,21
1325,39.19851919337815,1176,2.0,0.3083307445049286,363,486,89,71
1288,39.19851919337815,1176,2.0,0.22648407518863678,648,360,93,49
1366,39.19851919337815,1176,2.0,0.6563296318054199,1009,264,54,33
1367,39.19851919337815,1176,2.0,0.7588367462158203,835,522,132,74
1375,39.19851919337815,1176,2.0,0.13871340453624725,1049,225,57,38
1198,39.231851267522174,1177,2.0,0.2434372454881668,1476,163,33,20
1288,39.231851267522174,1177,2.0,0.497010737657547,636,364,95,50
1366,39.231851267522174,1177,2.0,0.5823773741722107,1003,267,57,34
1367,39.231851267522174,1177,2.0,0.6163844466209412,851,514,129,74
1375,39.231851267522174,1177,2.0,0.2535098195075989,1042,227,59,39
1383,39.231851267522174,1177,2.0,0.3840441107749939,1253,148,33,34
1276,39.231851267522174,1177,2.0,0.5726152062416077,1424,210,44,28
1198,39.2651833416662,1178,2.0,0.204645037651062,1477,161,33,22
1288,39.2651833416662,1178,2.0,0.6388223171234131,624,368,99,52
1366,39.2651833416662,1178,2.0,0.639631450176239,999,269,57,33
1367,39.2651833416662,1178,2.0,0.7720020413398743,865,503,123,71
1375,39.2651833416662,1178,2.0,0.11940211802721024,1037,229,62,42
1383,39.2651833416662,1178,2.0,0.22204594314098358,1252,148,31,33
1276,39.2651833416662,1178,2.0,0.5481517314910889,1424,209,43,27
1198,39.29851541581023,1179,2.0,0.18993160128593445,1478,160,33,24
1288,39.29851541581023,1179,2.0,0.4489641487598419,613,373,101,55
1366,39.29851541581023,1179,2.0,0.507548987865448,992,271,58,34
1367,39.29851541581023,1179,2.0,0.8257968425750732,879,496,122,69
1375,39.29851541581023,1179,2.0,0.20091557502746582,1032,230,61,43
1383,39.29851541581023,1179,2.0,0.29578402638435364,1251,148,32,32
1276,39.29851541581023,1179,2.0,0.6294180750846863,1426,208,44,28
1198,39.331847489954264,1180,2.0,0.22246399521827698,1479,160,36,23
1288,39.331847489954264,1180,2.0,0.6057819724082947,600,377,104,57
1366,39.331847489954264,1180,2.0,0.526061475276947,986,273,61,35
1367,39.331847489954264,1180,2.0,0.5969727039337158,891,486,116,66
1375,39.331847489954264,1180,2.0,0.2639816701412201,1027,232,62,43
1276,39.331847489954264,1180,2.0,0.6043380498886108,1428,208,44,27
1198,39.36517956409829,1181,2.0,0.14069467782974243,1478,161,35,22
1288,39.36517956409829,1181,2.0,0.5273383855819702,588,381,106,58
1366,39.36517956409829,1181,2.0,0.616057813167572,981,274,61,36
1367,39.36517956409829,1181,2.0,0.6486141681671143,903,478,110,65
1375,39.36517956409829,1181,2.0,0.4379063844680786,1022,233,63,43
1276,39.36517956409829,1181,2.0,0.5300374627113342,1430,207,46,26
1288,39.39851163824232,1182,2.0,0.36210107803344727,574,387,105,58
1366,39.39851163824232,1182,2.0,0.5482306480407715,974,278,63,34
1367,39.39851163824232,1182,2.0,0.6223605275154114,917,470,111,66
1375,39.39851163824232,1182,2.0,0.46103787422180176,1015,236,64,42
1276,39.39851163824232,1182,2.0,0.3848649561405182,1431,207,47,26
1288,39.431843712386346,1183,2.0,0.35915690660476685,559,393,103,57
1366,39.431843712386346,1183,2.0,0.6121049523353577,967,281,63,34
1367,39.431843712386346,1183,2.0,0.6530808806419373,930,461,106,63
1375,39.431843712386346,1183,2.0,0.47269538044929504,1009,238,66,43
1276,39.431843712386346,1183,2.0,0.26079463958740234,1432,206,46,25
1386,39.431843712386346,1183,2.0,0.553047776222229,818,976,315,201
1288,39.465175786530374,1184,2.0,0.32942330837249756,545,399,106,58
1366,39.465175786530374,1184,2.0,0.6344619393348694,961,283,64,37
1367,39.465175786530374,1184,2.0,0.7382349371910095,940,454,101,58
1375,39.465175786530374,1184,2.0,0.5725719928741455,1004,240,64,43
1276,39.465175786530374,1184,2.0,0.30606380105018616,1433,206,47,26
1386,39.465175786530374,1184,2.0,0.7551956176757812,841,965,302,223
1288,39.49850786067441,1185,2.0,0.2505585849285126,531,403,108,61
1366,39.49850786067441,1185,2.0,0.5766779780387878,954,285,65,38
1367,39.49850786067441,1185,2.0,0.7543671131134033,951,448,97,59
1375,39.49850786067441,1185,2.0,0.5752177834510803,998,242,65,43
1276,39.49850786067441,1185,2.0,0.21915791928768158,1435,206,48,26
1386,39.49850786067441,1185,2.0,0.6524866819381714,864,944,287,230
1388,39.49850786067441,1185,2.0,0.6072545051574707,94,579,158,100
1389,39.49850786067441,1185,2.0,0.5959870219230652,518,861,238,181
1288,39.531839934818436,1186,2.0,0.224797785282135,518,409,114,62
1366,39.531839934818436,1186,2.0,0.6127867698669434,947,289,67,39
1367,39.531839934818436,1186,2.0,0.7878928184509277,964,441,98,60
1375,39.531839934818436,1186,2.0,0.3220672905445099,992,243,67,45
1276,39.531839934818436,1186,2.0,0.15805350244045258,1435,206,47,26
1386,39.531839934818436,1186,2.0,0.7228488922119141,886,919,279,225
1388,39.531839934818436,1186,2.0,0.6253447532653809,85,592,162,102
1389,39.531839934818436,1186,2.0,0.5042601823806763,555,838,248,175
1288,39.56517200896246,1187,2.0,0.26291611790657043,503,415,113,61
1366,39.56517200896246,1187,2.0,0.6841115355491638,939,291,65,39
1367,39.56517200896246,1187,2.0,0.7423480749130249,975,435,100,62
1375,39.56517200896246,1187,2.0,0.3020966351032257,987,246,69,46
1276,39.56517200896246,1187,2.0,0.13616660237312317,1436,201,42,25
1386,39.56517200896246,1187,2.0,0.8228546977043152,906,892,268,215
1388,39.56517200896246,1187,2.0,0.4923681318759918,69,606,138,101
1389,39.56517200896246,1187,2.0,0.5095484256744385,597,811,249,166
1288,39.59850408310649,1188,2.0,0.2772982716560364,487,421,119,63
1366,39.59850408310649,1188,2.0,0.7097485065460205,932,294,65,39
1367,39.59850408310649,1188,2.0,0.7101371884346008,985,429,97,58
1375,39.59850408310649,1188,2.0,0.43093809485435486,981,247,67,45
1276,39.59850408310649,1188,2.0,0.21346761286258698,1437,199,41,26
1386,39.59850408310649,1188,2.0,0.8167619109153748,910,864,226,198
1388,39.59850408310649,1188,2.0,0.3835914433002472,54,617,109,105
1389,39.59850408310649,1188,2.0,0.6884467601776123,622,784,224,156
1288,39.63183615725052,1189,2.0,0.4213992655277252,473,427,119,63
1366,39.63183615725052,1189,2.0,0.6132042407989502,927,296,68,40
1367,39.63183615725052,1189,2.0,0.5697972178459167,995,421,95,55
1375,39.63183615725052,1189,2.0,0.351807177066803,975,250,70,45
1276,39.63183615725052,1189,2.0,0.20317234098911285,1437,198,39,26
1386,39.63183615725052,1189,2.0,0.7462045550346375,924,841,211,189
1389,39.63183615725052,1189,2.0,0.41775527596473694,650,757,203,147
1288,39.66516823139455,1190,2.0,0.4478946328163147,454,433,119,65
1366,39.66516823139455,1190,2.0,0.6115365028381348,917,299,66,39
1367,39.66516823139455,1190,2.0,0.6894093155860901,1006,416,94,53
1375,39.66516823139455,1190,2.0,0.31328433752059937,968,252,72,45
1276,39.66516823139455,1190,2.0,0.16221368312835693,1440,197,38,26
1386,39.66516823139455,1190,2.0,0.8021641373634338,941,818,204,176
1389,39.66516823139455,1190,2.0,0.3410811722278595,679,734,196,134
1288,39.69850030553858,1191,2.0,0.5522435307502747,438,440,125,68
1366,39.69850030553858,1191,2.0,0.6175860166549683,909,302,67,40
1367,39.69850030553858,1191,2.0,0.7206168174743652,1017,409,91,54
1375,39.69850030553858,1191,2.0,0.32785382866859436,962,254,73,48
1276,39.69850030553858,1191,2.0,0.2344396710395813,1439,196,39,27
1386,39.69850030553858,1191,2.0,0.8253099322319031,957,797,197,170
1389,39.69850030553858,1191,2.0,0.5013113021850586,705,714,187,133
1288,39.73183237968261,1192,2.0,0.4691820442676544,422,446,129,69
1366,39.73183237968261,1192,2.0,0.6636112928390503,902,305,70,39
1367,39.73183237968261,1192,2.0,0.7473447322845459,1026,404,90,55
1375,39.73183237968261,1192,2.0,0.3578948974609375,954,257,74,50
1276,39.73183237968261,1192,2.0,0.1434154212474823,1440,194,35,26
1386,39.73183237968261,1192,2.0,0.8031536936759949,972,777,190,165
1389,39.73183237968261,1192,2.0,0.5317612290382385,738,696,195,131
1288,39.765164453826635,1193,2.0,0.3083116412162781,403,453,129,70
1366,39.765164453826635,1193,2.0,0.7353395223617554,893,308,71,41
1367,39.765164453826635,1193,2.0,0.7322512865066528,1033,397,87,53
1375,39.765164453826635,1193,2.0,0.2113294005393982,949,258,75,53
1276,39.765164453826635,1193,2.0,0.22346971929073334,1441,191,33,27
1386,39.765164453826635,1193,2.0,0.8399858474731445,984,758,180,159
1389,39.765164453826635,1193,2.0,0.6585288047790527,761,677,184,125
1366,39.79849652797067,1194,2.0,0.7490296959877014,886,311,68,42
1367,39.79849652797067,1194,2.0,0.8028383851051331,1043,391,86,50
1375,39.79849652797067,1194,2.0,0.4440978169441223,942,261,77,53
1276,39.79849652797067,1194,2.0,0.1774870753288269,1443,189,31,27
1386,39.79849652797067,1194,2.0,0.8371332287788391,999,738,172,149
1389,39.79849652797067,1194,2.0,0.2975117862224579,781,661,173,121
1366,39.8318286021147,1195,2.0,0.6975924372673035,879,315,72,44
1367,39.8318286021147,1195,2.0,0.7213619351387024,1052,387,85,49
1375,39.8318286021147,1195,2.0,0.44632524251937866,936,263,79,53
1276,39.8318286021147,1195,2.0,0.143563911318779,1444,189,31,26
1386,39.8318286021147,1195,2.0,0.8150590658187866,1011,720,166,139
1389,39.8318286021147,1195,2.0,0.6437991857528687,804,642,169,116
1366,39.865160676258725,1196,2.0,0.6557149887084961,869,317,73,45
1367,39.865160676258725,1196,2.0,0.7548025846481323,1060,383,81,49
1375,39.865160676258725,1196,2.0,0.5573439598083496,928,266,77,51
1276,39.865160676258725,1196,2.0,0.21055904030799866,1445,189,33,25
1386,39.865160676258725,1196,2.0,0.8222456574440002,1023,703,160,136
1389,39.865160676258725,1196,2.0,0.5224013328552246,825,625,167,111
1366,39.89849275040275,1197,2.0,0.7124922871589661,862,320,75,46
1367,39.89849275040275,1197,2.0,0.7119095325469971,1068,376,80,49
1375,39.89849275040275,1197,2.0,0.3827340602874756,921,269,81,50
1276,39.89849275040275,1197,2.0,0.20579391717910767,1446,188,33,25
1386,39.89849275040275,1197,2.0,0.8185319304466248,1036,691,154,137
1389,39.89849275040275,1197,2.0,0.6447551846504211,844,611,156,108
1366,39.93182482454678,1198,2.0,0.7205860614776611,853,324,76,44
1367,39.93182482454678,1198,2.0,0.6974117755889893,1076,371,77,48
1375,39.93182482454678,1198,2.0,0.32460471987724304,915,270,83,50
1276,39.93182482454678,1198,2.0,0.2576543390750885,1446,186,33,26
1386,39.93182482454678,1198,2.0,0.7786044478416443,1053,676,163,132
1389,39.93182482454678,1198,2.0,0.736626923084259,864,598,156,107
1366,39.965156898690815,1199,2.0,0.6994382739067078,843,329,76,47
1367,39.965156898690815,1199,2.0,0.7702726721763611,1082,366,76,48
1375,39.965156898690815,1199,2.0,0.3064500093460083,909,271,90,54
1276,39.965156898690815,1199,2.0,0.20652982592582703,1448,185,33,26
1386,39.965156898690815,1199,2.0,0.7472094297409058,1067,662,164,129
1389,39.965156898690815,1199,2.0,0.545253336429596,881,585,151,104
1366,39.99848897283484,1200,2.0,0.7124020457267761,834,333,78,47
1367,39.99848897283484,1200,2.0,0.7727401852607727,1089,363,74,46
1375,39.99848897283484,1200,2.0,0.33239609003067017,898,274,82,54
1276,39.99848897283484,1200,2.0,0.12801870703697205,1449,184,33,25
1386,39.99848897283484,1200,2.0,0.7577764987945557,1074,649,151,125
1389,39.99848897283484,1200,2.0,0.5908578038215637,898,571,142,102
1366,40.03182104697887,1201,2.0,0.7056081295013428,825,336,81,48
1367,40.03182104697887,1201,2.0,0.7343610525131226,1098,359,75,45
1375,40.03182104697887,1201,2.0,0.5279811024665833,891,278,85,53
1276,40.03182104697887,1201,2.0,0.17369545996189117,1449,183,33,26
1386,40.03182104697887,1201,2.0,0.8162106871604919,1086,635,152,120
1389,40.03182104697887,1201,2.0,0.4847683608531952,913,558,137,98
1401,40.03182104697887,1201,2.0,0.44747328758239746,1287,148,30,31
1366,40.0651531211229,1202,2.0,0.7119236588478088,815,340,80,47
1367,40.0651531211229,1202,2.0,0.7298665046691895,1105,354,71,45
1375,40.0651531211229,1202,2.0,0.4599207639694214,884,280,85,55
1276,40.0651531211229,1202,2.0,0.12658892571926117,1450,183,34,25
1386,40.0651531211229,1202,2.0,0.8124558329582214,1094,620,143,114
1389,40.0651531211229,1202,2.0,0.49540793895721436,926,545,130,94
1401,40.0651531211229,1202,2.0,0.31413477659225464,1284,149,27,28
1366,40.09848519526693,1203,2.0,0.7586337327957153,807,343,82,47
1367,40.09848519526693,1203,2.0,0.7880551218986511,1111,351,72,45
1375,40.09848519526693,1203,2.0,0.1066066324710846,878,281,84,58
1276,40.09848519526693,1203,2.0,0.10932836681604385,1451,182,35,26
1386,40.09848519526693,1203,2.0,0.8127025365829468,1102,607,136,111
1389,40.09848519526693,1203,2.0,0.7899249196052551,941,533,123,91
1401,40.09848519526693,1203,2.0,0.34518587589263916,1282,150,30,27
1403,40.09848519526693,1203,2.0,0.4384765923023224,971,236,50,28
1366,40.13181726941096,1204,2.0,0.6348080039024353,797,348,82,47
1367,40.13181726941096,1204,2.0,0.7956264615058899,1118,346,71,44
1375,40.13181726941096,1204,2.0,0.25678756833076477,870,285,89,57
1276,40.13181726941096,1204,2.0,0.10002691298723221,1452,182,34,25
1386,40.13181726941096,1204,2.0,0.7682421207427979,1116,598,145,112
1389,40.13181726941096,1204,2.0,0.755867063999176,957,523,125,89
1401,40.13181726941096,1204,2.0,0.31498563289642334,1280,150,29,28
1403,40.13181726941096,1204,2.0,0.3454780578613281,967,237,51,28
1366,40.16514934355499,1205,2.0,0.7566302418708801,784,354,83,47
1367,40.16514934355499,1205,2.0,0.739875853061676,1125,342,71,44
1375,40.16514934355499,1205,2.0,0.19392497837543488,862,288,92,58
1386,40.16514934355499,1205,2.0,0.7989163994789124,1126,587,145,112
1389,40.16514934355499,1205,2.0,0.6017117500305176,970,512,119,87
1401,40.16514934355499,1205,2.0,0.3660595417022705,1279,151,30,27
1403,40.16514934355499,1205,2.0,0.4189503788948059,962,238,55,28
1366,40.198481417699014,1206,2.0,0.7694675326347351,775,358,83,47
1367,40.198481417699014,1206,2.0,0.6523748636245728,1132,337,69,43
1375,40.198481417699014,1206,2.0,0.21297919750213623,844,294,78,53
1386,40.198481417699014,1206,2.0,0.8066324591636658,1129,576,131,106
1389,40.198481417699014,1206,2.0,0.4124238193035126,984,500,118,91
1401,40.198481417699014,1206,2.0,0.29574865102767944,1277,151,29,28
1403,40.198481417699014,1206,2.0,0.39357414841651917,957,239,53,27
1366,40.23181349184304,1207,2.0,0.6873804330825806,763,361,84,50
1367,40.23181349184304,1207,2.0,0.7509959936141968,1139,332,67,40
1375,40.23181349184304,1207,2.0,0.10550376027822495,839,298,90,53
1386,40.23181349184304,1207,2.0,0.7888549566268921,1136,566,124,103
1389,40.23181349184304,1207,2.0,0.5473052859306335,999,490,118,88
1401,40.23181349184304,1207,2.0,0.33538633584976196,1275,151,30,31
1403,40.23181349184304,1207,2.0,0.1956641674041748,951,242,56,27
1366,40.265145565987076,1208,2.0,0.7833922505378723,753,365,90,52
1367,40.265145565987076,1208,2.0,0.73326176404953,1143,330,68,40
1375,40.265145565987076,1208,2.0,0.2171192765235901,831,300,94,56
1386,40.265145565987076,1208,2.0,0.7766110301017761,1146,556,127,104
1389,40.265145565987076,1208,2.0,0.3451671302318573,1009,481,111,85
1401,40.265145565987076,1208,2.0,0.31404560804367065,1275,152,32,32
1403,40.265145565987076,1208,2.0,0.30226457118988037,944,243,55,28
1366,40.298477640131104,1209,2.0,0.7972607016563416,741,370,90,52
1367,40.298477640131104,1209,2.0,0.7191013097763062,1149,325,67,40
1375,40.298477640131104,1209,2.0,0.34636789560317993,823,304,94,55
1386,40.298477640131104,1209,2.0,0.7315409779548645,1151,545,119,97
1389,40.298477640131104,1209,2.0,0.34219104051589966,1024,475,116,81
1401,40.298477640131104,1209,2.0,0.20113307237625122,1274,151,32,35
1403,40.298477640131104,1209,2.0,0.41831329464912415,936,245,56,29
1366,40.33180971427513,1210,2.0,0.7393582463264465,731,375,94,54
1367,40.33180971427513,1210,2.0,0.7013850212097168,1155,322,66,40
1375,40.33180971427513,1210,2.0,0.20725232362747192,816,307,94,57
1386,40.33180971427513,1210,2.0,0.7209311723709106,1159,536,118,97
1389,40.33180971427513,1210,2.0,0.4405456781387329,1034,467,113,78
1403,40.33180971427513,1210,2.0,0.35351213812828064,929,247,58,30
1366,40.36514178841916,1211,2.0,0.7527568340301514,720,380,96,54
1367,40.36514178841916,1211,2.0,0.8318107724189758,1161,318,63,39
1375,40.36514178841916,1211,2.0,0.21060612797737122,806,310,98,62
1386,40.36514178841916,1211,2.0,0.622444748878479,1169,527,119,95
1389,40.36514178841916,1211,2.0,0.3711646795272827,1047,459,112,74
1403,40.36514178841916,1211,2.0,0.45884379744529724,925,248,59,30
1366,40.398473862563186,1212,2.0,0.7398734092712402,706,386,93,54
1367,40.398473862563186,1212,2.0,0.7453373670578003,1166,316,60,39
1375,40.398473862563186,1212,2.0,0.11256284266710281,796,312,99,61
1386,40.398473862563186,1212,2.0,0.7445627450942993,1175,520,114,93
1389,40.398473862563186,1212,2.0,0.4501514434814453,1056,451,108,73
1403,40.398473862563186,1212,2.0,0.19984303414821625,918,250,60,32
1366,40.43180593670722,1213,2.0,0.6625031232833862,694,389,95,56
1367,40.43180593670722,1213,2.0,0.776563823223114,1171,313,59,37
1386,40.43180593670722,1213,2.0,0.7109721302986145,1186,512,120,93
1389,40.43180593670722,1213,2.0,0.2625747323036194,1067,444,106,74
1403,40.43180593670722,1213,2.0,0.38323795795440674,909,252,61,32
1366,40.46513801085125,1214,2.0,0.6661458611488342,679,395,98,58
1367,40.46513801085125,1214,2.0,0.7387292981147766,1176,309,62,36
1386,40.46513801085125,1214,2.0,0.7519189715385437,1191,503,117,89
1389,40.46513801085125,1214,2.0,0.4550013542175293,1075,436,100,72
1403,40.46513801085125,1214,2.0,0.46573933959007263,902,255,58,33
1366,40.498470084995276,1215,2.0,0.7334167957305908,668,400,105,59
1367,40.498470084995276,1215,2.0,0.7704646587371826,1182,306,60,35
1386,40.498470084995276,1215,2.0,0.7293967604637146,1195,495,113,88
1389,40.498470084995276,1215,2.0,0.5282534956932068,1087,428,100,70
1403,40.498470084995276,1215,2.0,0.3732728362083435,895,258,62,33
1366,40.5318021591393,1216,2.0,0.696006715297699,654,407,102,58
1367,40.5318021591393,1216,2.0,0.7531879544258118,1186,303,62,35
1386,40.5318021591393,1216,2.0,0.6823058724403381,1199,486,105,84
1389,40.5318021591393,1216,2.0,0.7105833888053894,1096,421,100,69
1403,40.5318021591393,1216,2.0,0.6900253295898438,887,261,63,34
1375,40.5318021591393,1216,2.0,0.4518912434577942,757,329,106,64
1366,40.56513423328334,1217,2.0,0.8118798136711121,639,413,105,60
1367,40.56513423328334,1217,2.0,0.7482509613037109,1191,300,62,36
1386,40.56513423328334,1217,2.0,0.6965420246124268,1203,479,98,82
1389,40.56513423328334,1217,2.0,0.5585163235664368,1103,413,99,68
1403,40.56513423328334,1217,2.0,0.7066423892974854,882,262,65,34
1375,40.56513423328334,1217,2.0,0.46127840876579285,746,332,107,66
1366,40.598466307427366,1218,2.0,0.7871831655502319,626,418,106,62
1367,40.598466307427366,1218,2.0,0.7107792496681213,1195,296,59,37
1386,40.598466307427366,1218,2.0,0.7289729118347168,1209,473,97,80
1389,40.598466307427366,1218,2.0,0.6699816584587097,1112,407,98,68
1403,40.598466307427366,1218,2.0,0.6880413889884949,876,265,68,36
1375,40.598466307427366,1218,2.0,0.48374441266059875,734,336,110,67
1366,40.63179838157139,1219,2.0,0.7874398231506348,612,425,109,63
1367,40.63179838157139,1219,2.0,0.7217353582382202,1199,294,56,38
1386,40.63179838157139,1219,2.0,0.782155454158783,1223,467,113,83
1389,40.63179838157139,1219,2.0,0.5504768490791321,1119,402,91,66
1403,40.63179838157139,1219,2.0,0.6235416531562805,868,267,64,35
1375,40.63179838157139,1219,2.0,0.2674903869628906,721,341,111,69
1418,40.63179838157139,1219,2.0,0.40123337507247925,1146,190,37,24
1366,40.66513045571542,1220,2.0,0.7406269311904907,597,431,113,63
1367,40.66513045571542,1220,2.0,0.7735669016838074,1204,292,56,37
1386,40.66513045571542,1220,2.0,0.6250765323638916,1223,459,101,78
1389,40.66513045571542,1220,2.0,0.47341570258140564,1127,395,88,66
1403,40.66513045571542,1220,2.0,0.6303619146347046,861,270,66,37
1375,40.66513045571542,1220,2.0,0.12024275958538055,709,344,114,72
1418,40.66513045571542,1220,2.0,0.3648836314678192,1142,190,35,26
1366,40.69846252985945,1221,2.0,0.7888882756233215,583,437,118,65
1367,40.69846252985945,1221,2.0,0.6192372441291809,1207,289,55,37
1386,40.69846252985945,1221,2.0,0.5956553816795349,1222,453,87,74
1389,40.69846252985945,1221,2.0,0.4505402147769928,1134,390,86,63
1403,40.69846252985945,1221,2.0,0.5397253036499023,853,272,64,38
1375,40.69846252985945,1221,2.0,0.3579404652118683,697,349,116,72
1418,40.69846252985945,1221,2.0,0.26183196902275085,1139,191,38,27
1366,40.73179460400348,1222,2.0,0.7636224031448364,566,443,118,67
1367,40.73179460400348,1222,2.0,0.716537356376648,1212,286,53,36
1386,40.73179460400348,1222,2.0,0.5882136821746826,1236,447,107,76
1389,40.73179460400348,1222,2.0,0.2521185278892517,1142,384,89,62
1403,40.73179460400348,1222,2.0,0.3326960802078247,846,274,66,39
1375,40.73179460400348,1222,2.0,0.14877621829509735,686,353,114,73
1418,40.73179460400348,1222,2.0,0.11912763863801956,1135,193,37,28
1366,40.76512667814751,1223,2.0,0.6865436434745789,551,450,122,70
1367,40.76512667814751,1223,2.0,0.7408010959625244,1218,285,53,39
1386,40.76512667814751,1223,2.0,0.6154682636260986,1243,439,106,75
1389,40.76512667814751,1223,2.0,0.5283896327018738,1149,380,85,61
1403,40.76512667814751,1223,2.0,0.39556482434272766,840,276,70,40
1375,40.76512667814751,1223,2.0,0.39325326681137085,673,358,120,78
1418,40.76512667814751,1223,2.0,0.14695987105369568,1133,194,38,29
1366,40.79845875229154,1224,2.0,0.6512598395347595,534,458,124,67
1367,40.79845875229154,1224,2.0,0.7622638940811157,1222,283,52,40
1386,40.79845875229154,1224,2.0,0.621719241142273,1243,433,95,72
1389,40.79845875229154,1224,2.0,0.6490724086761475,1156,374,82,58
1403,40.79845875229154,1224,2.0,0.3700317442417145,831,279,69,39
1375,40.79845875229154,1224,2.0,0.23540641367435455,662,362,119,78
1418,40.79845875229154,1224,2.0,0.3107560873031616,1132,196,39,29
1366,40.831790826435565,1225,2.0,0.8408936858177185,517,465,128,69
1367,40.831790826435565,1225,2.0,0.711534857749939,1225,282,54,44
1386,40.831790826435565,1225,2.0,0.6981030106544495,1247,428,90,70
1389,40.831790826435565,1225,2.0,0.3990386128425598,1164,369,84,60
1403,40.831790826435565,1225,2.0,0.5011856555938721,822,283,71,40
1375,40.831790826435565,1225,2.0,0.30287009477615356,649,366,123,77
1418,40.831790826435565,1225,2.0,0.1756327599287033,1129,197,40,29
1366,40.86512290057959,1226,2.0,0.7737346887588501,499,473,127,73
1367,40.86512290057959,1226,2.0,0.7461187839508057,1229,282,53,47
1386,40.86512290057959,1226,2.0,0.6934030055999756,1259,423,103,71
1389,40.86512290057959,1226,2.0,0.23136109113693237,1171,364,83,58
1403,40.86512290057959,1226,2.0,0.3094443678855896,815,286,73,41
1375,40.86512290057959,1226,2.0,0.2444511502981186,635,372,131,76
1418,40.86512290057959,1226,2.0,0.33211976289749146,1125,198,39,28
1366,40.89845497472363,1227,2.0,0.7983802556991577,481,479,131,73
1367,40.89845497472363,1227,2.0,0.6006006598472595,1233,278,52,44
1386,40.89845497472363,1227,2.0,0.738789975643158,1265,419,106,69
1389,40.89845497472363,1227,2.0,0.29150155186653137,1177,359,82,56
1403,40.89845497472363,1227,2.0,0.46345850825309753,806,288,73,42
1375,40.89845497472363,1227,2.0,0.4150030314922333,621,378,128,79
1418,40.89845497472363,1227,2.0,0.43745431303977966,1122,199,41,27
1366,40.931787048867655,1228,2.0,0.8171221613883972,465,487,140,73
1367,40.931787048867655,1228,2.0,0.6739432215690613,1238,272,48,39
1386,40.931787048867655,1228,2.0,0.6519590616226196,1270,414,107,69
1389,40.931787048867655,1228,2.0,0.3581506907939911,1182,354,80,54
1403,40.931787048867655,1228,2.0,0.33458539843559265,799,291,78,40
1375,40.931787048867655,1228,2.0,0.3188667595386505,606,382,132,82
1418,40.931787048867655,1228,2.0,0.506241500377655,1118,200,41,27
1366,40.96511912301168,1229,2.0,0.8152212500572205,444,496,139,78
1367,40.96511912301168,1229,2.0,0.6536100506782532,1242,267,48,32
1386,40.96511912301168,1229,2.0,0.5504816174507141,1274,409,105,67
1389,40.96511912301168,1229,2.0,0.20434780418872833,1186,350,73,53
1403,40.96511912301168,1229,2.0,0.19280534982681274,789,294,76,41
1375,40.96511912301168,1229,2.0,0.3096824586391449,591,387,138,84
1418,40.96511912301168,1229,2.0,0.28552600741386414,1116,202,40,27
1366,40.99845119715571,1230,2.0,0.7107810378074646,422,504,141,78
1367,40.99845119715571,1230,2.0,0.6358681321144104,1245,263,47,27
1386,40.99845119715571,1230,2.0,0.6632995009422302,1271,403,89,66
1389,40.99845119715571,1230,2.0,0.29941657185554504,1192,346,71,54
1403,40.99845119715571,1230,2.0,0.22281010448932648,781,296,75,42
1375,40.99845119715571,1230,2.0,0.22130286693572998,577,393,139,84
1418,40.99845119715571,1230,2.0,0.26749804615974426,1112,203,44,28
1366,41.031783271299744,1231,2.0,0.5235702395439148,408,514,150,83
1367,41.031783271299744,1231,2.0,0.6835976839065552,1248,263,48,27
1386,41.031783271299744,1231,2.0,0.6134290099143982,1271,396,79,66
1389,41.031783271299744,1231,2.0,0.5338960886001587,1201,341,74,53
1403,41.031783271299744,1231,2.0,0.17050610482692719,771,300,78,41
1375,41.031783271299744,1231,2.0,0.3454286754131317,562,399,137,83
1418,41.031783271299744,1231,2.0,0.31974127888679504,1108,204,45,29
1366,41.06511534544377,1232,2.0,0.41164177656173706,392,522,135,83
1367,41.06511534544377,1232,2.0,0.7555262446403503,1251,261,49,28
1386,41.06511534544377,1232,2.0,0.58611661195755,1277,392,82,64
1389,41.06511534544377,1232,2.0,0.32199567556381226,1206,336,74,52
1403,41.06511534544377,1232,2.0,0.4891240894794464,757,306,70,35
1375,41.06511534544377,1232,2.0,0.3511098325252533,546,405,143,86
1418,41.06511534544377,1232,2.0,0.1867995411157608,1104,204,44,32
1366,41.0984474195878,1233,2.0,0.5481019616127014,384,532,126,84
1367,41.0984474195878,1233,2.0,0.7493645548820496,1255,260,51,28
1386,41.0984474195878,1233,2.0,0.5663696527481079,1283,388,87,65
1389,41.0984474195878,1233,2.0,0.6714701652526855,1211,333,71,48
1403,41.0984474195878,1233,2.0,0.45146918296813965,750,309,75,36
1375,41.0984474195878,1233,2.0,0.3420712649822235,530,411,146,89
1418,41.0984474195878,1233,2.0,0.24209937453269958,1101,205,45,31
1367,41.13177949373183,1234,2.0,0.6758038401603699,1258,257,50,27
1386,41.13177949373183,1234,2.0,0.5252159237861633,1290,384,91,66
1389,41.13177949373183,1234,2.0,0.45393097400665283,1217,328,73,48
1403,41.13177949373183,1234,2.0,0.4696706533432007,742,311,78,41
1375,41.13177949373183,1234,2.0,0.2784006595611572,517,418,142,91
1418,41.13177949373183,1234,2.0,0.17776848375797272,1096,207,45,31
1367,41.165111567875854,1235,2.0,0.5112807750701904,1262,254,49,27
1386,41.165111567875854,1235,2.0,0.6353010535240173,1292,378,85,63
1389,41.165111567875854,1235,2.0,0.3419055640697479,1223,323,71,50
1403,41.165111567875854,1235,2.0,0.3559274673461914,734,314,82,42
1375,41.165111567875854,1235,2.0,0.14169520139694214,500,423,142,93
1418,41.165111567875854,1235,2.0,0.24540820717811584,1092,209,44,33
1367,41.19844364201989,1236,2.0,0.4749942719936371,1267,251,50,30
1386,41.19844364201989,1236,2.0,0.7544040083885193,1294,374,81,59
1389,41.19844364201989,1236,2.0,0.5729250907897949,1228,319,72,49
1375,41.19844364201989,1236,7.0,0.1366397738456726,485,433,139,95
1418,41.19844364201989,1236,2.0,0.3790631890296936,1089,211,45,32
1367,41.23177571616392,1237,2.0,0.6900410056114197,1270,249,50,30
1386,41.23177571616392,1237,2.0,0.674609899520874,1294,370,74,59
1389,41.23177571616392,1237,2.0,0.3393034338951111,1231,315,70,50
1375,41.23177571616392,1237,2.0,0.4932381510734558,464,439,150,96
1418,41.23177571616392,1237,2.0,0.6167113184928894,1084,212,45,33
1403,41.23177571616392,1237,2.0,0.308758020401001,710,322,74,39
1367,41.265107790307944,1238,2.0,0.6992605924606323,1272,248,48,30
1386,41.265107790307944,1238,2.0,0.6415066123008728,1302,366,83,60
1389,41.265107790307944,1238,2.0,0.39943915605545044,1235,312,66,48
1375,41.265107790307944,1238,2.0,0.4420171082019806,446,445,155,97
1418,41.265107790307944,1238,2.0,0.5781030058860779,1080,213,45,34
1442,41.265107790307944,1238,7.0,0.6632899641990662,613,621,531,395
1403,41.265107790307944,1238,2.0,0.4247460961341858,701,325,83,43
1367,41.29843986445197,1239,2.0,0.6626941561698914,1275,246,47,30
1386,41.29843986445197,1239,2.0,0.7067216634750366,1307,364,87,59
1389,41.29843986445197,1239,2.0,0.27939414978027344,1241,309,65,48
1375,41.29843986445197,1239,2.0,0.219661146402359,426,452,162,98
1418,41.29843986445197,1239,2.0,0.5236139893531799,1076,214,50,35
1442,41.29843986445197,1239,7.0,0.5874171257019043,630,607,527,377
1403,41.29843986445197,1239,2.0,0.13247805833816528,691,329,86,46
1367,41.331771938596,1240,2.0,0.6121914982795715,1278,244,43,29
1386,41.331771938596,1240,2.0,0.6553659439086914,1310,358,87,60
1389,41.331771938596,1240,2.0,0.16910041868686676,1246,307,68,48
1375,41.331771938596,1240,2.0,0.11956601589918137,408,458,160,99
1418,41.331771938596,1240,2.0,0.4776415228843689,1071,215,48,35
1442,41.331771938596,1240,7.0,0.622296154499054,655,589,509,383
1403,41.331771938596,1240,2.0,0.20315566658973694,680,333,88,45
1367,41.365104012740034,1241,2.0,0.5691748261451721,1282,241,41,29
1386,41.365104012740034,1241,2.0,0.7852771282196045,1316,355,88,59
1389,41.365104012740034,1241,2.0,0.36759525537490845,1250,304,69,45
1375,41.365104012740034,1241,2.0,0.45647862553596497,393,466,152,101
1418,41.365104012740034,1241,2.0,0.48350027203559875,1068,217,47,35
1442,41.365104012740034,1241,7.0,0.5856557488441467,678,573,489,363
1403,41.365104012740034,1241,2.0,0.5360403656959534,669,337,91,45
1367,41.39843608688406,1242,2.0,0.4636322557926178,1284,238,39,26
1386,41.39843608688406,1242,2.0,0.8044722080230713,1320,352,88,58
1389,41.39843608688406,1242,2.0,0.3734937012195587,1255,300,67,43
1418,41.39843608688406,1242,2.0,0.3963104486465454,1064,217,47,36
1442,41.39843608688406,1242,7.0,0.603849470615387,706,553,477,341
1403,41.39843608688406,1242,2.0,0.16749083995819092,659,339,93,49
1446,41.39843608688406,1242,2.0,0.7285284399986267,105,631,161,106
1367,41.43176816102809,1243,2.0,0.6037306785583496,1287,236,40,24
1386,41.43176816102809,1243,2.0,0.7549890875816345,1322,349,86,57
1389,41.43176816102809,1243,2.0,0.3500806391239166,1258,296,66,42
1418,41.43176816102809,1243,2.0,0.4236927628517151,1060,220,45,35
1442,41.43176816102809,1243,7.0,0.40965497493743896,727,549,456,336
1403,41.43176816102809,1243,2.0,0.3109946846961975,647,344,93,49
1446,41.43176816102809,1243,2.0,0.6412508487701416,95,642,177,107
1367,41.465100235172116,1244,2.0,0.46546244621276855,1290,234,39,24
1386,41.465100235172116,1244,2.0,0.7633169889450073,1324,345,83,58
1389,41.465100235172116,1244,2.0,0.36248621344566345,1262,292,62,43
1418,41.465100235172116,1244,2.0,0.44127464294433594,1057,221,47,35
1442,41.465100235172116,1244,7.0,0.6607403755187988,747,534,438,325
1403,41.465100235172116,1244,2.0,0.4700931906700134,634,348,91,48
1446,41.465100235172116,1244,2.0,0.36691221594810486,92,659,184,116
1367,41.49843230931615,1245,2.0,0.6252334117889404,1292,233,43,25
1386,41.49843230931615,1245,2.0,0.7407364845275879,1326,341,83,58
1389,41.49843230931615,1245,2.0,0.3196251094341278,1265,290,61,45
1418,41.49843230931615,1245,2.0,0.3847629129886627,1052,222,50,34
1442,41.49843230931615,1245,7.0,0.697853684425354,767,523,425,324
1403,41.49843230931615,1245,2.0,0.23615305125713348,621,353,95,49
1446,41.49843230931615,1245,2.0,0.4045141041278839,79,672,159,114
1367,41.53176438346018,1246,2.0,0.5003583431243896,1294,231,45,27
1386,41.53176438346018,1246,2.0,0.6120734810829163,1328,336,82,56
1389,41.53176438346018,1246,2.0,0.476859450340271,1268,286,61,45
1418,41.53176438346018,1246,2.0,0.3682793974876404,1047,224,51,34
1442,41.53176438346018,1246,7.0,0.6971951127052307,791,513,425,320
1403,41.53176438346018,1246,2.0,0.44207051396369934,609,357,94,47
1367,41.565096457604206,1247,2.0,0.5195908546447754,1296,231,46,29
1386,41.565096457604206,1247,2.0,0.5715833306312561,1331,332,82,54
1389,41.565096457604206,1247,2.0,0.40289053320884705,1273,284,62,43
1418,41.565096457604206,1247,2.0,0.4403437376022339,1043,226,52,35
1442,41.565096457604206,1247,7.0,0.531602144241333,797,505,378,301
1403,41.565096457604206,1247,2.0,0.17688894271850586,597,361,98,50
1458,41.565096457604206,1247,2.0,0.3850986659526825,1172,197,39,26
1461,41.565096457604206,1247,2.0,0.7704458832740784,499,871,232,172
1367,41.59842853174823,1248,2.0,0.48564398288726807,1299,230,44,31
1386,41.59842853174823,1248,2.0,0.6231105923652649,1334,329,79,51
1389,41.59842853174823,1248,2.0,0.3343060612678528,1277,281,61,42
1418,41.59842853174823,1248,2.0,0.24473969638347626,1039,227,54,35
1442,41.59842853174823,1248,7.0,0.6561106443405151,811,492,361,291
1403,41.59842853174823,1248,2.0,0.41424939036369324,585,365,101,55
1458,41.59842853174823,1248,2.0,0.4600287675857544,1170,198,39,27
1461,41.59842853174823,1248,2.0,0.8341960310935974,525,845,235,160
1367,41.63176060589226,1249,2.0,0.24205198884010315,1302,227,42,30
1386,41.63176060589226,1249,2.0,0.6721547842025757,1338,327,81,50
1389,41.63176060589226,1249,2.0,0.40297266840934753,1281,279,59,41
1418,41.63176060589226,1249,2.0,0.29744741320610046,1034,228,52,37
1442,41.63176060589226,1249,7.0,0.6383486390113831,834,480,358,284
1403,41.63176060589226,1249,2.0,0.5186899900436401,571,370,103,53
1458,41.63176060589226,1249,2.0,0.4395175874233246,1165,199,40,27
1461,41.63176060589226,1249,2.0,0.8232948184013367,562,817,223,150
1367,41.665092680036295,1250,2.0,0.3302292227745056,1305,226,41,29
1386,41.665092680036295,1250,2.0,0.6626340746879578,1340,324,80,50
1389,41.665092680036295,1250,2.0,0.4577658176422119,1284,277,54,39
1418,41.665092680036295,1250,2.0,0.29616817831993103,1028,230,54,38
1442,41.665092680036295,1250,7.0,0.32440656423568726,852,470,352,274
1403,41.665092680036295,1250,2.0,0.2036370038986206,557,375,105,56
1458,41.665092680036295,1250,2.0,0.2826875150203705,1162,200,42,27
1461,41.665092680036295,1250,2.0,0.8134983777999878,597,793,211,144
1466,41.665092680036295,1250,2.0,0.3837236166000366,1092,195,36,23
1367,41.69842475418032,1251,2.0,0.434358686208725,1308,224,39,29
1386,41.69842475418032,1251,2.0,0.6985777020454407,1344,321,79,51
1389,41.69842475418032,1251,2.0,0.5307424068450928,1289,274,58,38
1418,41.69842475418032,1251,2.0,0.36794957518577576,1023,231,54,40
1442,41.69842475418032,1251,7.0,0.5384125113487244,869,459,341,266
1403,41.69842475418032,1251,2.0,0.14764924347400665,540,381,105,56
1458,41.69842475418032,1251,2.0,0.28195247054100037,1158,202,43,31
1461,41.69842475418032,1251,2.0,0.8120702505111694,629,766,205,135
1466,41.69842475418032,1251,2.0,0.297529935836792,1089,195,37,24
1468,41.69842475418032,1251,2.0,0.5068534016609192,98,562,151,127
1367,41.73175682832435,1252,2.0,0.46609801054000854,1311,224,41,28
1386,41.73175682832435,1252,2.0,0.7375231385231018,1346,320,77,50
1389,41.73175682832435,1252,2.0,0.3068233132362366,1293,271,59,39
1418,41.73175682832435,1252,2.0,0.5062941908836365,1018,234,50,39
1442,41.73175682832435,1252,7.0,0.4423694610595703,882,453,322,256
1403,41.73175682832435,1252,2.0,0.6030648946762085,528,385,108,56
1458,41.73175682832435,1252,2.0,0.1635040044784546,1154,203,42,32
1461,41.73175682832435,1252,2.0,0.8656446933746338,660,742,195,128
1466,41.73175682832435,1252,2.0,0.31978484988212585,1085,198,39,26
1468,41.73175682832435,1252,2.0,0.5816894769668579,90,574,168,124
1367,41.76508890246838,1253,2.0,0.38492637872695923,1313,222,39,29
1386,41.76508890246838,1253,2.0,0.6911208629608154,1347,315,74,48
1389,41.76508890246838,1253,2.0,0.3041643798351288,1295,268,57,37
1418,41.76508890246838,1253,2.0,0.5218906998634338,1012,237,52,37
1442,41.76508890246838,1253,7.0,0.44923922419548035,897,444,313,250
1403,41.76508890246838,1253,2.0,0.3588889241218567,514,390,110,58
1458,41.76508890246838,1253,2.0,0.1711840182542801,1148,204,39,32
1461,41.76508890246838,1253,2.0,0.7813593149185181,686,722,187,119
1466,41.76508890246838,1253,2.0,0.21685627102851868,1082,199,40,26
1468,41.76508890246838,1253,2.0,0.45560023188591003,87,583,175,125
1367,41.79842097661241,1254,2.0,0.38396698236465454,1315,220,41,29
1386,41.79842097661241,1254,2.0,0.6471902132034302,1347,310,70,48
1389,41.79842097661241,1254,2.0,0.37206390500068665,1298,265,53,37
1418,41.79842097661241,1254,2.0,0.5166230797767639,1007,238,53,39
1442,41.79842097661241,1254,7.0,0.467433363199234,912,433,309,248
1403,41.79842097661241,1254,2.0,0.5080366134643555,499,396,113,58
1458,41.79842097661241,1254,2.0,0.31431007385253906,1144,205,37,31
1461,41.79842097661241,1254,2.0,0.8342797160148621,713,704,179,118
1466,41.79842097661241,1254,2.0,0.22797399759292603,1077,201,42,26
1468,41.79842097661241,1254,2.0,0.312625914812088,86,582,172,111
1367,41.83175305075644,1255,2.0,0.3754051923751831,1318,217,40,28
1386,41.83175305075644,1255,2.0,0.7127487659454346,1350,307,70,47
1389,41.83175305075644,1255,2.0,0.45986035466194153,1301,263,54,37
1418,41.83175305075644,1255,2.0,0.5267911553382874,1002,240,54,39
1442,41.83175305075644,1255,7.0,0.38454627990722656,928,420,299,248
1403,41.83175305075644,1255,2.0,0.25592952966690063,484,402,116,59
1458,41.83175305075644,1255,2.0,0.25587043166160583,1141,207,37,30
1461,41.83175305075644,1255,2.0,0.870673656463623,737,689,174,121
1466,41.83175305075644,1255,2.0,0.2661292254924774,1073,202,45,26
1468,41.83175305075644,1255,2.0,0.39202767610549927,74,584,149,94
1367,41.86508512490047,1256,2.0,0.4350486099720001,1321,215,36,25
1386,41.86508512490047,1256,2.0,0.6141063570976257,1353,305,67,47
1389,41.86508512490047,1256,2.0,0.39212357997894287,1305,261,54,39
1418,41.86508512490047,1256,2.0,0.45861199498176575,997,242,56,41
1442,41.86508512490047,1256,7.0,0.31046751141548157,926,426,262,218
1403,41.86508512490047,1256,2.0,0.552747905254364,467,408,116,59
1458,41.86508512490047,1256,2.0,0.45665818452835083,1138,208,38,29
1461,41.86508512490047,1256,2.0,0.835646390914917,761,669,170,113
1466,41.86508512490047,1256,2.0,0.16235226392745972,1069,202,44,28
1468,41.86508512490047,1256,2.0,0.5540098547935486,58,591,116,86
1367,41.898417199044495,1257,2.0,0.4421168267726898,1322,213,34,24
1386,41.898417199044495,1257,2.0,0.7449198961257935,1355,303,68,48
1389,41.898417199044495,1257,2.0,0.357424259185791,1307,259,50,40
1418,41.898417199044495,1257,2.0,0.4740314781665802,993,242,60,41
1442,41.898417199044495,1257,7.0,0.3425571620464325,931,420,242,206
1403,41.898417199044495,1257,2.0,0.43499115109443665,453,414,118,60
1458,41.898417199044495,1257,2.0,0.49109983444213867,1136,210,37,30
1461,41.898417199044495,1257,2.0,0.8057529926300049,783,652,163,109
1466,41.898417199044495,1257,2.0,0.21247878670692444,1066,203,46,29
1468,41.898417199044495,1257,2.0,0.6707523465156555,41,599,82,78
1367,41.93174927318852,1258,2.0,0.6147425770759583,1323,213,34,22
1386,41.93174927318852,1258,2.0,0.7587804198265076,1358,299,71,50
1389,41.93174927318852,1258,2.0,0.3952791690826416,1311,257,51,39
1418,41.93174927318852,1258,2.0,0.4531063437461853,988,244,60,39
1442,41.93174927318852,1258,7.0,0.3427666127681732,940,415,228,199
1403,41.93174927318852,1258,2.0,0.45763564109802246,435,420,122,60
1458,41.93174927318852,1258,2.0,0.4906838834285736,1133,210,41,29
1461,41.93174927318852,1258,2.0,0.8061261177062988,806,638,162,109
1466,41.93174927318852,1258,2.0,0.14851704239845276,1063,206,45,29
1367,41.96508134733256,1259,2.0,0.506264865398407,1325,211,33,24
1386,41.96508134733256,1259,2.0,0.6864503026008606,1360,297,71,49
1389,41.96508134733256,1259,2.0,0.40560275316238403,1314,255,52,37
1418,41.96508134733256,1259,2.0,0.42082154750823975,982,246,62,40
1442,41.96508134733256,1259,2.0,0.3071883022785187,953,401,220,183
1403,41.96508134733256,1259,2.0,0.48483121395111084,418,426,125,61
1458,41.96508134733256,1259,2.0,0.33416110277175903,1129,212,41,30
1461,41.96508134733256,1259,2.0,0.7377023100852966,826,620,157,102
1466,41.96508134733256,1259,2.0,0.13726311922073364,1059,207,46,28
1367,41.998413421476585,1260,2.0,0.5058667659759521,1326,210,35,24
1386,41.998413421476585,1260,2.0,0.718106210231781,1362,295,69,49
1389,41.998413421476585,1260,2.0,0.5172094106674194,1318,253,54,38
1418,41.998413421476585,1260,2.0,0.6167489886283875,976,249,60,38
1442,41.998413421476585,1260,2.0,0.3760407269001007,979,392,240,192
1403,41.998413421476585,1260,2.0,0.3152416944503784,401,432,130,63
1458,41.998413421476585,1260,2.0,0.28839391469955444,1126,215,40,28
1461,41.998413421476585,1260,2.0,0.773316502571106,845,609,150,103
1466,41.998413421476585,1260,2.0,0.3244193196296692,1056,208,48,27
1483,41.998413421476585,1260,7.0,0.35012444853782654,985,389,263,211
1367,42.03174549562061,1261,2.0,0.3807784914970398,1328,210,38,27
1386,42.03174549562061,1261,2.0,0.6321091651916504,1365,293,68,50
1389,42.03174549562061,1261,2.0,0.3038455843925476,1321,251,52,35
1418,42.03174549562061,1261,2.0,0.488750696182251,970,251,58,40
1442,42.03174549562061,1261,2.0,0.5010817050933838,985,392,220,178
1403,42.03174549562061,1261,2.0,0.5314573049545288,385,438,128,66
1458,42.03174549562061,1261,2.0,0.40889203548431396,1122,216,44,31
1461,42.03174549562061,1261,2.0,0.759350597858429,866,596,153,104
1466,42.03174549562061,1261,2.0,0.21398848295211792,1053,209,45,28
1483,42.03174549562061,1261,7.0,0.12511830031871796,1006,386,271,204
1487,42.03174549562061,1261,2.0,0.4988258183002472,1274,139,40,29
1367,42.06507756976464,1262,2.0,0.37747320532798767,1331,209,38,28
1386,42.06507756976464,1262,2.0,0.6342002749443054,1366,291,67,51
1389,42.06507756976464,1262,2.0,0.22583270072937012,1324,248,51,33
1418,42.06507756976464,1262,2.0,0.3602026104927063,966,253,60,42
1442,42.06507756976464,1262,2.0,0.5410031676292419,999,388,220,173
1403,42.06507756976464,1262,2.0,0.1951838731765747,372,445,115,66
1458,42.06507756976464,1262,2.0,0.5528488159179688,1119,219,45,33
1461,42.06507756976464,1262,2.0,0.7166808843612671,881,582,143,98
1466,42.06507756976464,1262,2.0,0.3319806158542633,1049,210,46,27
1487,42.06507756976464,1262,2.0,0.4374895393848419,1274,139,39,28
1367,42.09840964390867,1263,2.0,0.18249322474002838,1333,208,39,29
1386,42.09840964390867,1263,2.0,0.5480000972747803,1368,286,64,47
1389,42.09840964390867,1263,2.0,0.39761561155319214,1326,245,50,34
1418,42.09840964390867,1263,2.0,0.16333229839801788,959,255,60,45
1442,42.09840964390867,1263,7.0,0.2704060673713684,1015,378,226,177
1403,42.09840964390867,1263,2.0,0.11157248169183731,361,451,93,65
1458,42.09840964390867,1263,2.0,0.43463262915611267,1113,220,45,34
1461,42.09840964390867,1263,2.0,0.6470007300376892,895,570,131,96
1466,42.09840964390867,1263,2.0,0.46168771386146545,1045,211,48,28
1487,42.09840964390867,1263,2.0,0.4743162989616394,1273,140,42,28
1386,42.1317417180527,1264,2.0,0.5255564451217651,1369,283,65,46
1389,42.1317417180527,1264,2.0,0.5046356320381165,1330,242,50,38
1418,42.1317417180527,1264,2.0,0.4344959855079651,952,258,60,45
1442,42.1317417180527,1264,2.0,0.3642140328884125,1029,370,228,174
1458,42.1317417180527,1264,2.0,0.5225462317466736,1109,221,46,33
1461,42.1317417180527,1264,2.0,0.5424914956092834,912,558,130,92
1466,42.1317417180527,1264,2.0,0.4779437184333801,1042,212,49,28
1483,42.1317417180527,1264,7.0,0.3307058811187744,1029,364,233,187
1386,42.16507379219673,1265,2.0,0.48896491527557373,1370,281,63,46
1389,42.16507379219673,1265,2.0,0.4904939532279968,1333,241,50,36
1418,42.16507379219673,1265,2.0,0.3610522747039795,944,260,59,44
1442,42.16507379219673,1265,2.0,0.29428091645240784,1040,358,227,173
1458,42.16507379219673,1265,2.0,0.29179272055625916,1105,222,46,33
1461,42.16507379219673,1265,2.0,0.646513819694519,929,544,126,89
1466,42.16507379219673,1265,2.0,0.5198507905006409,1038,213,47,29
1483,42.16507379219673,1265,7.0,0.4070838689804077,1038,356,225,184
1487,42.16507379219673,1265,2.0,0.31593194603919983,1269,141,38,30
1386,42.19840586634076,1266,2.0,0.6694560050964355,1372,278,64,45
1389,42.19840586634076,1266,2.0,0.4804665744304657,1334,238,49,35
1418,42.19840586634076,1266,2.0,0.5207642912864685,937,263,58,42
1442,42.19840586634076,1266,7.0,0.23077379167079926,1046,353,218,175
1458,42.19840586634076,1266,2.0,0.41505560278892517,1102,224,49,34
1461,42.19840586634076,1266,2.0,0.7735369801521301,943,534,122,92
1466,42.19840586634076,1266,2.0,0.41307732462882996,1033,214,43,27
1483,42.19840586634076,1266,2.0,0.36227840185165405,1039,357,211,169
1487,42.19840586634076,1266,2.0,0.2451462298631668,1266,141,39,31
1386,42.231737940484784,1267,2.0,0.6738017201423645,1374,277,66,46
1389,42.231737940484784,1267,2.0,0.5200209617614746,1336,236,47,36
1418,42.231737940484784,1267,2.0,0.6739744544029236,932,265,61,42
1442,42.231737940484784,1267,2.0,0.2133549302816391,1048,358,195,142
1458,42.231737940484784,1267,2.0,0.2408512979745865,1098,226,50,35
1461,42.231737940484784,1267,2.0,0.6967983841896057,959,524,122,88
1466,42.231737940484784,1267,2.0,0.17904601991176605,1029,216,42,26
1483,42.231737940484784,1267,2.0,0.5582658648490906,1051,353,208,168
1487,42.231737940484784,1267,2.0,0.3456706404685974,1266,141,41,32
1386,42.26507001462882,1268,2.0,0.6846866011619568,1375,276,68,46
1389,42.26507001462882,1268,2.0,0.32163912057876587,1339,232,47,41
1418,42.26507001462882,1268,2.0,0.5997898578643799,926,268,61,42
1442,42.26507001462882,1268,2.0,0.4938567876815796,1055,355,188,143
1458,42.26507001462882,1268,2.0,0.3217182159423828,1095,229,54,36
1461,42.26507001462882,1268,2.0,0.6069867610931396,972,513,117,87
1466,42.26507001462882,1268,2.0,0.15344421565532684,1023,218,45,26
1487,42.26507001462882,1268,2.0,0.38734376430511475,1264,141,41,32
1497,42.26507001462882,1268,2.0,0.6292229890823364,649,621,208,132
1498,42.26507001462882,1268,7.0,0.5587032437324524,478,828,956,484
1386,42.298402088772846,1269,2.0,0.6008087992668152,1376,274,65,46
1389,42.298402088772846,1269,2.0,0.3490506708621979,1342,224,48,53
1418,42.298402088772846,1269,2.0,0.41241157054901123,920,269,62,44
1442,42.298402088772846,1269,2.0,0.5222975611686707,1063,353,181,141
1458,42.298402088772846,1269,2.0,0.19353975355625153,1086,229,54,37
1461,42.298402088772846,1269,2.0,0.6400744915008545,983,502,111,84
1466,42.298402088772846,1269,2.0,0.19482608139514923,1019,219,48,27
1487,42.298402088772846,1269,2.0,0.40495043992996216,1262,143,41,32
1497,42.298402088772846,1269,2.0,0.12211572378873825,671,611,203,130
1498,42.298402088772846,1269,7.0,0.34944990277290344,477,828,949,484
1386,42.331734162916874,1270,2.0,0.585224986076355,1380,272,62,50
1389,42.331734162916874,1270,2.0,0.25240689516067505,1344,220,47,56
1418,42.331734162916874,1270,2.0,0.29946738481521606,912,271,65,46
1442,42.331734162916874,1270,2.0,0.2881440222263336,1071,344,176,144
1458,42.331734162916874,1270,2.0,0.2932686507701874,1082,230,52,39
1461,42.331734162916874,1270,2.0,0.5916752815246582,997,492,113,85
1466,42.331734162916874,1270,2.0,0.11833523958921432,1016,220,47,29
1487,42.331734162916874,1270,2.0,0.4250478744506836,1259,144,39,31
1498,42.331734162916874,1270,7.0,0.32369744777679443,489,819,972,503
1386,42.3650662370609,1271,2.0,0.5794808268547058,1381,270,60,47
1389,42.3650662370609,1271,2.0,0.2902689278125763,1346,220,46,53
1418,42.3650662370609,1271,2.0,0.35324037075042725,906,274,68,46
1442,42.3650662370609,1271,2.0,0.3465248942375183,1077,341,167,138
1458,42.3650662370609,1271,2.0,0.2445949763059616,1077,232,51,39
1461,42.3650662370609,1271,2.0,0.6800425052642822,1009,481,110,79
1466,42.3650662370609,1271,2.0,0.22900117933750153,1012,221,47,28
1487,42.3650662370609,1271,2.0,0.3407403230667114,1258,144,37,30
1498,42.3650662370609,1271,7.0,0.3407759666442871,491,814,981,510
1497,42.3650662370609,1271,2.0,0.5379894375801086,718,580,189,122
1386,42.39839831120493,1272,2.0,0.5529749393463135,1384,267,60,44
1389,42.39839831120493,1272,2.0,0.17187492549419403,1349,221,45,47
1418,42.39839831120493,1272,2.0,0.4074438810348511,901,276,72,46
1442,42.39839831120493,1272,2.0,0.2595559358596802,1084,331,161,140
1458,42.39839831120493,1272,2.0,0.2563689947128296,1074,233,54,39
1461,42.39839831120493,1272,2.0,0.48564183712005615,1022,474,112,77
1466,42.39839831120493,1272,2.0,0.2263631671667099,1006,223,47,27
1487,42.39839831120493,1272,2.0,0.4413212239742279,1256,144,37,29
1498,42.39839831120493,1272,7.0,0.3387480080127716,500,807,1000,525
1497,42.39839831120493,1272,2.0,0.2108195573091507,742,567,184,117
1386,42.43173038534896,1273,2.0,0.49786949157714844,1387,264,60,42
1389,42.43173038534896,1273,2.0,0.16002513468265533,1353,224,47,39
1418,42.43173038534896,1273,2.0,0.452792763710022,891,279,70,47
1442,42.43173038534896,1273,2.0,0.23572316765785217,1089,329,156,132
1458,42.43173038534896,1273,2.0,0.2629994750022888,1070,235,53,40
1461,42.43173038534896,1273,2.0,0.5650761127471924,1032,467,107,74
1487,42.43173038534896,1273,2.0,0.33275216817855835,1255,145,35,30
1498,42.43173038534896,1273,7.0,0.2359202355146408,507,797,1014,545
1497,42.43173038534896,1273,2.0,0.3428557515144348,762,556,181,111
1386,42.46506245949299,1274,2.0,0.6124131083488464,1388,261,60,40
1389,42.46506245949299,1274,2.0,0.21767398715019226,1355,222,47,40
1418,42.46506245949299,1274,2.0,0.5211805701255798,884,281,69,49
1442,42.46506245949299,1274,7.0,0.23553243279457092,1099,325,152,129
1458,42.46506245949299,1274,2.0,0.4153670370578766,1065,236,53,39
1461,42.46506245949299,1274,2.0,0.6780755519866943,1042,459,102,71
1487,42.46506245949299,1274,2.0,0.318733811378479,1254,145,36,31
1498,42.46506245949299,1274,7.0,0.15888383984565735,507,791,1015,557
1497,42.46506245949299,1274,2.0,0.5175690054893494,781,542,175,110
1386,42.49839453363702,1275,2.0,0.6537296772003174,1389,259,60,40
1389,42.49839453363702,1275,2.0,0.4226626753807068,1356,219,47,39
1418,42.49839453363702,1275,2.0,0.5544186234474182,879,284,74,49
1442,42.49839453363702,1275,7.0,0.12840084731578827,1105,324,155,125
1458,42.49839453363702,1275,2.0,0.3381114900112152,1059,240,53,37
1461,42.49839453363702,1275,2.0,0.6491708755493164,1052,453,100,73
1487,42.49839453363702,1275,2.0,0.2692154347896576,1252,146,34,30
1498,42.49839453363702,1275,7.0,0.25697463750839233,518,786,1036,567
1497,42.49839453363702,1275,2.0,0.16967295110225677,801,531,172,112
1386,42.531726607781046,1276,2.0,0.6379655003547668,1390,256,62,40
1389,42.531726607781046,1276,2.0,0.2786371111869812,1358,217,46,41
1418,42.531726607781046,1276,2.0,0.23410555720329285,870,286,72,51
1442,42.531726607781046,1276,2.0,0.10751907527446747,1115,314,148,121
1458,42.531726607781046,1276,2.0,0.29769280552864075,1054,240,57,41
1461,42.531726607781046,1276,2.0,0.5375022888183594,1066,446,105,77
1498,42.531726607781046,1276,7.0,0.1756790429353714,530,781,1060,578
1497,42.531726607781046,1276,2.0,0.14405539631843567,817,518,166,105
1386,42.56505868192507,1277,2.0,0.6474736928939819,1391,254,62,40
1389,42.56505868192507,1277,2.0,0.4350759983062744,1359,215,43,39
1418,42.56505868192507,1277,2.0,0.3681540787220001,861,290,71,48
1458,42.56505868192507,1277,2.0,0.27874505519866943,1050,244,57,40
1461,42.56505868192507,1277,2.0,0.4904341399669647,1075,438,101,73
1498,42.56505868192507,1277,7.0,0.24383719265460968,533,775,1063,587
1497,42.56505868192507,1277,2.0,0.24799533188343048,836,510,161,102
1483,42.56505868192507,1277,2.0,0.30111533403396606,1133,306,167,143
1386,42.59839075606911,1278,2.0,0.641634464263916,1393,254,61,40
1389,42.59839075606911,1278,2.0,0.38996753096580505,1361,213,42,40
1418,42.59839075606911,1278,2.0,0.4010881185531616,854,291,74,48
1458,42.59839075606911,1278,2.0,0.1998823881149292,1044,246,57,40
1461,42.59839075606911,1278,2.0,0.6120449900627136,1083,429,96,70
1498,42.59839075606911,1278,7.0,0.4214737117290497,529,771,1058,598
1483,42.59839075606911,1278,7.0,0.19321352243423462,1137,301,161,134
1466,42.59839075606911,1278,2.0,0.3447096645832062,976,233,50,28
1487,42.59839075606911,1278,2.0,0.2520451843738556,1247,149,35,32
1386,42.631722830213135,1279,2.0,0.6298490762710571,1395,252,59,41
1389,42.631722830213135,1279,2.0,0.30470922589302063,1362,211,40,40
1418,42.631722830213135,1279,2.0,0.14868305623531342,845,295,72,48
1458,42.631722830213135,1279,2.0,0.35993650555610657,1037,249,58,38
1461,42.631722830213135,1279,2.0,0.65172278881073,1094,423,96,69
1498,42.631722830213135,1279,7.0,0.27229636907577515,540,763,1077,612
1466,42.631722830213135,1279,2.0,0.5524569749832153,972,234,50,28
1487,42.631722830213135,1279,2.0,0.2238580286502838,1246,148,37,31
1386,42.66505490435716,1280,2.0,0.47934919595718384,1395,250,61,39
1389,42.66505490435716,1280,2.0,0.2869959771633148,1364,211,39,38
1418,42.66505490435716,1280,2.0,0.1601073294878006,837,298,71,49
1458,42.66505490435716,1280,2.0,0.4045531153678894,1033,251,58,37
1461,42.66505490435716,1280,2.0,0.6242995262145996,1099,415,90,66
1498,42.66505490435716,1280,5.0,0.45220187306404114,685,754,828,609
1466,42.66505490435716,1280,2.0,0.36678439378738403,967,236,51,28
1487,42.66505490435716,1280,2.0,0.3648657500743866,1243,150,42,32
1386,42.69838697850119,1281,2.0,0.527877688407898,1397,249,59,38
1389,42.69838697850119,1281,2.0,0.29905521869659424,1366,209,39,40
1418,42.69838697850119,1281,2.0,0.20782828330993652,828,301,73,50
1458,42.69838697850119,1281,2.0,0.42097824811935425,1028,252,57,38
1461,42.69838697850119,1281,2.0,0.6188542246818542,1111,411,101,72
1498,42.69838697850119,1281,5.0,0.4937385320663452,757,745,672,604
1466,42.69838697850119,1281,2.0,0.3368472456932068,964,238,53,29
1487,42.69838697850119,1281,2.0,0.34955310821533203,1240,152,40,32
1497,42.69838697850119,1281,2.0,0.4116669297218323,896,472,139,95
1386,42.731719052645225,1282,2.0,0.5935580134391785,1399,247,58,40
1389,42.731719052645225,1282,2.0,0.23325935006141663,1367,208,39,38
1418,42.731719052645225,1282,2.0,0.2653519809246063,819,304,73,51
1458,42.731719052645225,1282,2.0,0.5447787046432495,1022,254,56,39
1461,42.731719052645225,1282,2.0,0.43805262446403503,1119,405,96,73
1498,42.731719052645225,1282,5.0,0.5457650423049927,789,734,585,595
1466,42.731719052645225,1282,2.0,0.23575624823570251,957,240,52,28
1487,42.731719052645225,1282,2.0,0.4009318947792053,1239,151,41,31
1497,42.731719052645225,1282,2.0,0.37568679451942444,910,464,138,96
1483,42.731719052645225,1282,2.0,0.43305307626724243,1162,288,157,125
1386,42.76505112678925,1283,2.0,0.5507959127426147,1400,245,56,40
1418,42.76505112678925,1283,2.0,0.22246183454990387,812,307,76,50
1458,42.76505112678925,1283,2.0,0.5009362697601318,1015,257,55,41
1461,42.76505112678925,1283,2.0,0.4725111722946167,1126,398,90,66
1498,42.76505112678925,1283,5.0,0.449856162071228,833,716,583,577
1466,42.76505112678925,1283,2.0,0.29934555292129517,951,242,54,29
1487,42.76505112678925,1283,2.0,0.11113565415143967,1236,154,45,33
1497,42.76505112678925,1283,2.0,0.34829002618789673,923,456,135,93
1483,42.76505112678925,1283,2.0,0.4522663950920105,1166,287,149,118
1386,42.79838320093328,1284,2.0,0.5401247143745422,1402,243,56,39
1418,42.79838320093328,1284,2.0,0.12468601763248444,802,310,79,53
1458,42.79838320093328,1284,2.0,0.3167024850845337,1008,259,58,43
1461,42.79838320093328,1284,2.0,0.5702719688415527,1136,392,91,64
1498,42.79838320093328,1284,5.0,0.44189125299453735,861,690,566,552
1466,42.79838320093328,1284,2.0,0.21582521498203278,947,243,55,29
1487,42.79838320093328,1284,2.0,0.3130687475204468,1234,154,44,33
1497,42.79838320093328,1284,2.0,0.133015975356102,936,446,135,86
1483,42.79838320093328,1284,2.0,0.472956120967865,1171,285,145,114
1389,42.79838320093328,1284,2.0,0.3704971373081207,1372,202,37,43
1386,42.83171527507731,1285,2.0,0.4817511737346649,1403,242,55,37
1418,42.83171527507731,1285,2.0,0.24242329597473145,792,314,78,54
1458,42.83171527507731,1285,2.0,0.24238580465316772,1003,261,61,45
1461,42.83171527507731,1285,2.0,0.5689722895622253,1143,387,94,64
1498,42.83171527507731,1285,5.0,0.48515021800994873,883,676,544,537
1466,42.83171527507731,1285,2.0,0.17893655598163605,941,244,54,30
1487,42.83171527507731,1285,2.0,0.3369665741920471,1230,156,40,31
1497,42.83171527507731,1285,2.0,0.15490323305130005,948,440,128,89
1483,42.83171527507731,1285,2.0,0.1374797523021698,1173,287,133,104
1389,42.83171527507731,1285,2.0,0.27731165289878845,1373,200,35,43
1386,42.865047349221335,1286,2.0,0.37463051080703735,1405,240,54,36
1418,42.865047349221335,1286,2.0,0.24258969724178314,784,319,79,53
1458,42.865047349221335,1286,2.0,0.24507707357406616,997,263,60,46
1461,42.865047349221335,1286,2.0,0.5224769711494446,1149,383,89,64
1498,42.865047349221335,1286,5.0,0.15002869069576263,889,656,497,508
1466,42.865047349221335,1286,2.0,0.17242535948753357,936,247,56,33
1487,42.865047349221335,1286,2.0,0.3204513192176819,1229,154,40,34
1483,42.865047349221335,1286,7.0,0.11330828815698624,1180,283,138,106
1389,42.865047349221335,1286,2.0,0.33522969484329224,1374,197,34,43
1518,42.865047349221335,1286,2.0,0.4606049954891205,1087,213,38,30
1386,42.89837942336537,1287,2.0,0.4210624098777771,1407,238,53,36
1418,42.89837942336537,1287,2.0,0.16270002722740173,774,322,81,53
1458,42.89837942336537,1287,2.0,0.21298429369926453,990,266,59,44
1461,42.89837942336537,1287,2.0,0.18545572459697723,1153,378,80,61
1466,42.89837942336537,1287,2.0,0.27274560928344727,931,248,57,32
1483,42.89837942336537,1287,7.0,0.1935291737318039,1187,275,136,122
1389,42.89837942336537,1287,2.0,0.2716745436191559,1377,196,35,41
1386,42.9317114975094,1288,2.0,0.5449366569519043,1408,237,54,36
1418,42.9317114975094,1288,2.0,0.29191237688064575,764,324,81,57
1458,42.9317114975094,1288,2.0,0.24538862705230713,982,269,61,44
1461,42.9317114975094,1288,2.0,0.5044499635696411,1164,370,88,60
1466,42.9317114975094,1288,2.0,0.2898115813732147,926,250,59,33
1483,42.9317114975094,1288,2.0,0.13093657791614532,1189,273,122,96
1389,42.9317114975094,1288,2.0,0.3894594609737396,1378,193,33,41
1497,42.9317114975094,1288,2.0,0.4391666352748871,984,419,117,84
1518,42.9317114975094,1288,2.0,0.39473971724510193,1082,214,42,30
1386,42.965043571653425,1289,2.0,0.47158825397491455,1410,238,51,36
1418,42.965043571653425,1289,2.0,0.309976726770401,754,328,84,58
1458,42.965043571653425,1289,2.0,0.24978843331336975,978,271,63,45
1461,42.965043571653425,1289,2.0,0.49100589752197266,1172,367,89,62
1466,42.965043571653425,1289,2.0,0.23460233211517334,918,252,60,32
1483,42.965043571653425,1289,2.0,0.21161071956157684,1190,275,108,84
1389,42.965043571653425,1289,2.0,0.3815588653087616,1379,193,32,40
1497,42.965043571653425,1289,2.0,0.5346091985702515,994,411,115,82
1518,42.965043571653425,1289,2.0,0.43517187237739563,1077,216,41,31
1487,42.965043571653425,1289,2.0,0.29004913568496704,1225,155,45,36
1386,42.99837564579745,1290,2.0,0.4535828232765198,1412,236,53,35
1418,42.99837564579745,1290,2.0,0.330863356590271,746,331,85,57
1458,42.99837564579745,1290,2.0,0.3617400825023651,972,274,68,45
1461,42.99837564579745,1290,2.0,0.19781677424907684,1176,363,89,63
1466,42.99837564579745,1290,2.0,0.18141214549541473,912,253,61,33
1483,42.99837564579745,1290,2.0,0.2348671704530716,1195,273,110,89
1389,42.99837564579745,1290,2.0,0.4401775896549225,1381,194,33,37
1518,42.99837564579745,1290,2.0,0.5131233334541321,1075,217,47,33
1487,42.99837564579745,1290,2.0,0.35756775736808777,1222,157,44,33
1386,43.03170771994148,1291,2.0,0.4862285852432251,1414,234,53,36
1418,43.03170771994148,1291,2.0,0.3261842429637909,734,335,88,57
1458,43.03170771994148,1291,2.0,0.18935692310333252,962,277,67,48
1461,43.03170771994148,1291,2.0,0.2839954197406769,1183,357,81,60
1466,43.03170771994148,1291,2.0,0.10904331505298615,906,254,57,33
1483,43.03170771994148,1291,2.0,0.21061867475509644,1200,279,107,76
1389,43.03170771994148,1291,2.0,0.5547201633453369,1383,193,34,37
1518,43.03170771994148,1291,2.0,0.2011484056711197,1070,218,43,33
1487,43.03170771994148,1291,2.0,0.30010879039764404,1218,159,43,31
1497,43.03170771994148,1291,2.0,0.4371912181377411,1014,399,108,78
1386,43.065039794085514,1292,2.0,0.4374953806400299,1415,233,53,37
1458,43.065039794085514,1292,2.0,0.2135036587715149,955,279,64,49
1461,43.065039794085514,1292,2.0,0.31252941489219666,1190,354,83,60
1466,43.065039794085514,1292,2.0,0.49935364723205566,898,257,60,35
1483,43.065039794085514,1292,2.0,0.11918610334396362,1203,279,102,72
1389,43.065039794085514,1292,2.0,0.40230655670166016,1385,192,34,36
1487,43.065039794085514,1292,2.0,0.3732297420501709,1216,160,41,30
1497,43.065039794085514,1292,2.0,0.3415262997150421,1024,392,106,77
1386,43.09837186822954,1293,2.0,0.47887322306632996,1416,233,51,36
1458,43.09837186822954,1293,2.0,0.2637941837310791,948,281,67,51
1461,43.09837186822954,1293,2.0,0.41622138023376465,1194,348,81,62
1466,43.09837186822954,1293,2.0,0.470491886138916,893,259,63,35
1483,43.09837186822954,1293,2.0,0.10544450581073761,1210,273,108,75
1389,43.09837186822954,1293,2.0,0.42040878534317017,1387,191,34,36
1487,43.09837186822954,1293,2.0,0.4138650596141815,1216,161,42,29
1497,43.09837186822954,1293,2.0,0.18686893582344055,1033,386,105,79
1386,43.13170394237357,1294,2.0,0.364998996257782,1418,231,50,36
1458,43.13170394237357,1294,2.0,0.15623798966407776,940,284,68,52
1461,43.13170394237357,1294,2.0,0.17038582265377045,1199,345,81,63
1466,43.13170394237357,1294,2.0,0.5396831631660461,888,261,65,36
1483,43.13170394237357,1294,2.0,0.1198115423321724,1202,272,78,70
1389,43.13170394237357,1294,2.0,0.3945799767971039,1388,191,35,35
1487,43.13170394237357,1294,2.0,0.42027124762535095,1213,161,43,30
1497,43.13170394237357,1294,2.0,0.3684292137622833,1043,381,102,75
1386,43.1650360165176,1295,2.0,0.35972779989242554,1419,230,49,36
1461,43.1650360165176,1295,2.0,0.26525846123695374,1204,341,81,62
1466,43.1650360165176,1295,2.0,0.5547451376914978,882,264,65,36
1389,43.1650360165176,1295,2.0,0.3696269989013672,1389,190,35,38
1497,43.1650360165176,1295,2.0,0.24278336763381958,1053,376,103,71
1386,43.19836809066163,1296,2.0,0.2444406896829605,1419,227,50,34
1461,43.19836809066163,1296,2.0,0.1810019612312317,1209,336,76,56
1466,43.19836809066163,1296,2.0,0.5825733542442322,876,267,65,39
1389,43.19836809066163,1296,2.0,0.45861390233039856,1392,190,37,39
1497,43.19836809066163,1296,2.0,0.541608452796936,1060,371,99,69
1487,43.19836809066163,1296,2.0,0.3308171331882477,1206,165,37,30
1386,43.23170016480566,1297,2.0,0.17357748746871948,1420,224,49,33
1461,43.23170016480566,1297,2.0,0.198186457157135,1216,331,74,52
1466,43.23170016480566,1297,2.0,0.2157435566186905,869,269,64,39
1389,43.23170016480566,1297,2.0,0.3419836759567261,1394,189,37,41
1497,43.23170016480566,1297,2.0,0.6520038843154907,1069,366,95,67
1487,43.23170016480566,1297,2.0,0.33153048157691956,1204,167,39,31
1386,43.265032238949686,1298,2.0,0.21658365428447723,1420,222,50,32
1461,43.265032238949686,1298,2.0,0.14506885409355164,1219,326,71,51
1466,43.265032238949686,1298,2.0,0.11462319642305374,862,270,65,38
1389,43.265032238949686,1298,2.0,0.2794122099876404,1395,188,37,42
1497,43.265032238949686,1298,2.0,0.7786762714385986,1076,361,92,66
1487,43.265032238949686,1298,2.0,0.19191251695156097,1202,167,39,30
1536,43.265032238949686,1298,2.0,0.5163294076919556,1069,242,48,27
1418,43.265032238949686,1298,2.0,0.432628870010376,655,366,93,60
1386,43.298364313093714,1299,2.0,0.3308762311935425,1421,220,50,33
1461,43.298364313093714,1299,2.0,0.29353517293930054,1226,322,71,56
1466,43.298364313093714,1299,2.0,0.28426486253738403,855,272,67,39
1389,43.298364313093714,1299,2.0,0.23299933969974518,1396,185,38,38
1497,43.298364313093714,1299,2.0,0.594784140586853,1084,356,93,65
1487,43.298364313093714,1299,2.0,0.13037265837192535,1200,169,36,29
1536,43.298364313093714,1299,2.0,0.47839295864105225,1061,244,51,27
1538,43.298364313093714,1299,2.0,0.43608909845352173,1053,242,64,30
1539,43.298364313093714,1299,2.0,0.35541388392448425,1099,164,38,20
1418,43.298364313093714,1299,2.0,0.4637826681137085,641,370,95,62
1386,43.33169638723774,1300,2.0,0.4055659770965576,1422,218,50,34
1461,43.33169638723774,1300,2.0,0.17044246196746826,1234,318,69,54
1466,43.33169638723774,1300,2.0,0.1363823413848877,847,274,68,40
1389,43.33169638723774,1300,2.0,0.18154758214950562,1397,184,39,37
1497,43.33169638723774,1300,2.0,0.5924757122993469,1091,351,89,64
1487,43.33169638723774,1300,2.0,0.473772257566452,1196,172,40,27
1536,43.33169638723774,1300,2.0,0.5661347508430481,1053,245,58,28
1538,43.33169638723774,1300,2.0,0.3432307839393616,1045,239,69,33
1539,43.33169638723774,1300,2.0,0.3485777974128723,1098,164,40,20
1418,43.33169638723774,1300,2.0,0.3824321925640106,629,375,97,64
1386,43.365028461381776,1301,2.0,0.2563799321651459,1424,216,46,32
1389,43.365028461381776,1301,2.0,0.14868004620075226,1396,181,40,38
1497,43.365028461381776,1301,2.0,0.3478652238845825,1100,347,89,64
1487,43.365028461381776,1301,2.0,0.5071253776550293,1193,174,41,27
1536,43.365028461381776,1301,2.0,0.48661601543426514,1047,248,57,27
1539,43.365028461381776,1301,2.0,0.3603242039680481,1094,164,42,21
1418,43.365028461381776,1301,2.0,0.3472650945186615,615,379,100,67
1386,43.3983605355258,1302,2.0,0.44704461097717285,1424,215,47,32
1389,43.3983605355258,1302,2.0,0.11242621392011642,1399,180,36,37
1497,43.3983605355258,1302,2.0,0.21045222878456116,1107,342,88,62
1487,43.3983605355258,1302,2.0,0.5716608166694641,1190,174,42,28
1536,43.3983605355258,1302,2.0,0.3014337420463562,1039,249,55,29
1539,43.3983605355258,1302,2.0,0.49087458848953247,1091,165,40,22
1418,43.3983605355258,1302,2.0,0.26486536860466003,600,384,100,67
1547,43.3983605355258,1302,2.0,0.5611922740936279,456,767,186,141
1549,43.3983605355258,1302,7.0,0.4419787526130676,1099,469,291,300
1461,43.3983605355258,1302,2.0,0.42536836862564087,1239,312,68,47
1466,43.3983605355258,1302,2.0,0.26475489139556885,834,280,69,40
1538,43.3983605355258,1302,2.0,0.31504204869270325,1033,241,65,42
1386,43.43169260966983,1303,2.0,0.33209776878356934,1425,214,46,33
1389,43.43169260966983,1303,2.0,0.1975158005952835,1400,178,35,36
1497,43.43169260966983,1303,2.0,0.36401131749153137,1114,337,86,63
1487,43.43169260966983,1303,2.0,0.5566869974136353,1187,174,41,29
1536,43.43169260966983,1303,2.0,0.24269449710845947,1035,252,53,29
1539,43.43169260966983,1303,2.0,0.4598226845264435,1086,166,36,21
1418,43.43169260966983,1303,2.0,0.16286353766918182,587,389,101,69
1547,43.43169260966983,1303,2.0,0.7955495715141296,477,747,198,136
1549,43.43169260966983,1303,7.0,0.3203667998313904,1109,461,287,293
1461,43.43169260966983,1303,2.0,0.23726218938827515,1243,308,65,47
1466,43.43169260966983,1303,2.0,0.19687053561210632,826,282,69,41
1538,43.43169260966983,1303,2.0,0.2372799664735794,1030,245,64,42
1386,43.46502468381386,1304,2.0,0.4146525263786316,1426,213,45,32
1389,43.46502468381386,1304,2.0,0.15110081434249878,1402,176,33,36
1497,43.46502468381386,1304,2.0,0.6457842588424683,1121,333,85,64
1487,43.46502468381386,1304,2.0,0.5526705384254456,1187,173,47,30
1536,43.46502468381386,1304,2.0,0.15530039370059967,1031,253,54,30
1539,43.46502468381386,1304,2.0,0.4182237386703491,1083,167,36,20
1418,43.46502468381386,1304,2.0,0.2139945775270462,574,396,103,69
1547,43.46502468381386,1304,2.0,0.8186782002449036,509,722,198,127
1549,43.46502468381386,1304,7.0,0.3475859761238098,1120,450,275,283
1461,43.46502468381386,1304,2.0,0.10861092060804367,1248,304,66,46
1466,43.46502468381386,1304,2.0,0.3062684237957001,819,285,69,42
1538,43.46502468381386,1304,2.0,0.1618141084909439,1020,244,64,44
1386,43.49835675795789,1305,2.0,0.3707365095615387,1428,212,43,32
1389,43.49835675795789,1305,2.0,0.3195230960845947,1404,175,34,37
1497,43.49835675795789,1305,2.0,0.5510198473930359,1126,329,84,64
1487,43.49835675795789,1305,2.0,0.27231699228286743,1186,173,48,33
1536,43.49835675795789,1305,2.0,0.3787025213241577,1024,255,50,29
1539,43.49835675795789,1305,2.0,0.3343591094017029,1080,167,38,20
1418,43.49835675795789,1305,2.0,0.3489007353782654,559,401,103,70
1547,43.49835675795789,1305,2.0,0.8516086339950562,542,700,192,125
1549,43.49835675795789,1305,7.0,0.44395801424980164,1128,445,268,284
1461,43.49835675795789,1305,2.0,0.18638022243976593,1254,300,65,45
1466,43.49835675795789,1305,2.0,0.2307852953672409,812,287,74,42
1538,43.49835675795789,1305,2.0,0.3780939280986786,1015,244,66,50
1386,43.53168883210192,1306,2.0,0.3876767158508301,1430,212,42,30
1389,43.53168883210192,1306,2.0,0.2894878089427948,1406,175,34,36
1497,43.53168883210192,1306,2.0,0.5767487287521362,1133,326,80,61
1487,43.53168883210192,1306,2.0,0.2478266805410385,1184,173,48,34
1539,43.53168883210192,1306,2.0,0.25280335545539856,1076,168,41,19
1418,43.53168883210192,1306,2.0,0.10392806679010391,544,407,105,73
1547,43.53168883210192,1306,2.0,0.8682078719139099,573,681,186,118
1549,43.53168883210192,1306,7.0,0.4046301245689392,1136,437,260,274
1461,43.53168883210192,1306,2.0,0.11974568665027618,1264,300,55,43
1466,43.53168883210192,1306,2.0,0.43282294273376465,805,289,72,43
1538,43.53168883210192,1306,2.0,0.35712775588035583,1011,245,71,52
1386,43.56502090624595,1307,2.0,0.5474257469177246,1431,211,46,30
1389,43.56502090624595,1307,2.0,0.25522562861442566,1407,175,32,33
1497,43.56502090624595,1307,2.0,0.5876108407974243,1140,323,79,60
1487,43.56502090624595,1307,2.0,0.3795890510082245,1178,178,46,31
1418,43.56502090624595,1307,2.0,0.3747956156730652,529,411,111,73
1547,43.56502090624595,1307,2.0,0.8315376043319702,603,664,181,113
1549,43.56502090624595,1307,7.0,0.3940073847770691,1142,431,248,269
1466,43.56502090624595,1307,2.0,0.18809492886066437,797,293,71,39
1538,43.56502090624595,1307,2.0,0.2988867163658142,1006,247,69,53
1557,43.56502090624595,1307,2.0,0.5694192051887512,830,326,77,62
1536,43.56502090624595,1307,2.0,0.36246126890182495,1013,260,55,32
1386,43.598352980389976,1308,2.0,0.42075228691101074,1433,210,48,30
1497,43.598352980389976,1308,2.0,0.5374323725700378,1145,319,77,58
1487,43.598352980389976,1308,2.0,0.1114855483174324,1177,176,52,36
1418,43.598352980389976,1308,2.0,0.5689725279808044,513,419,110,73
1547,43.598352980389976,1308,2.0,0.8060956001281738,629,644,171,107
1549,43.598352980389976,1308,7.0,0.42851969599723816,1152,421,243,256
1466,43.598352980389976,1308,2.0,0.1614859700202942,790,295,74,40
1538,43.598352980389976,1308,2.0,0.41613057255744934,997,249,66,55
1557,43.598352980389976,1308,2.0,0.42131975293159485,820,330,79,63
1536,43.598352980389976,1308,2.0,0.4602009952068329,1002,260,62,37
1386,43.631685054534,1309,2.0,0.27489736676216125,1434,210,48,30
1497,43.631685054534,1309,2.0,0.5681746006011963,1150,316,76,55
1487,43.631685054534,1309,2.0,0.4554556608200073,1173,179,52,36
1418,43.631685054534,1309,2.0,0.3997892439365387,496,425,115,75
1547,43.631685054534,1309,2.0,0.8465468287467957,655,627,164,106
1549,43.631685054534,1309,7.0,0.4043677747249603,1158,415,235,246
1466,43.631685054534,1309,2.0,0.4371107518672943,782,297,76,43
1538,43.631685054534,1309,2.0,0.439042329788208,992,254,66,52
1557,43.631685054534,1309,2.0,0.4097304344177246,808,334,81,63
1536,43.631685054534,1309,2.0,0.4760179817676544,996,265,65,34
1389,43.631685054534,1309,2.0,0.28676241636276245,1409,175,34,32
1386,43.66501712867804,1310,2.0,0.21323828399181366,1434,208,50,30
1497,43.66501712867804,1310,2.0,0.4758577048778534,1158,310,77,57
1487,43.66501712867804,1310,2.0,0.35601580142974854,1171,178,54,39
1418,43.66501712867804,1310,2.0,0.4456145763397217,482,431,118,75
1547,43.66501712867804,1310,2.0,0.8399645686149597,681,613,159,104
1549,43.66501712867804,1310,7.0,0.30351522564888,1165,408,234,245
1466,43.66501712867804,1310,2.0,0.25401222705841064,773,300,75,44
1538,43.66501712867804,1310,2.0,0.4497773349285126,988,257,66,52
1557,43.66501712867804,1310,2.0,0.34259214997291565,796,338,90,66
1536,43.66501712867804,1310,2.0,0.3937612473964691,989,266,66,36
1389,43.66501712867804,1310,2.0,0.22358791530132294,1411,173,36,32
1497,43.698349202822065,1311,2.0,0.33052313327789307,1165,307,76,57
1487,43.698349202822065,1311,2.0,0.31173574924468994,1169,178,56,42
1418,43.698349202822065,1311,2.0,0.5591205954551697,464,436,120,76
1547,43.698349202822065,1311,2.0,0.7546440362930298,709,598,164,103
1549,43.698349202822065,1311,7.0,0.5295332670211792,1176,401,233,242
1466,43.698349202822065,1311,2.0,0.132710799574852,768,303,82,43
1538,43.698349202822065,1311,2.0,0.43766623735427856,982,257,65,56
1557,43.698349202822065,1311,2.0,0.40206465125083923,786,342,89,67
1497,43.73168127696609,1312,2.0,0.4281705915927887,1169,304,72,54
1487,43.73168127696609,1312,2.0,0.355323851108551,1165,181,54,39
1418,43.73168127696609,1312,2.0,0.4926805794239044,448,444,125,80
1547,43.73168127696609,1312,2.0,0.7432445883750916,727,585,153,99
1549,43.73168127696609,1312,7.0,0.522285521030426,1181,396,227,237
1466,43.73168127696609,1312,2.0,0.11273691803216934,762,304,84,46
1538,43.73168127696609,1312,2.0,0.6701511740684509,978,259,64,58
1557,43.73168127696609,1312,2.0,0.4124201536178589,775,348,89,67
1536,43.73168127696609,1312,2.0,0.3102060556411743,979,269,64,40
1497,43.76501335111012,1313,2.0,0.25078877806663513,1175,300,70,52
1418,43.76501335111012,1313,2.0,0.17143502831459045,429,450,125,81
1547,43.76501335111012,1313,2.0,0.5943073034286499,750,572,150,96
1549,43.76501335111012,1313,7.0,0.4826565682888031,1191,388,222,225
1466,43.76501335111012,1313,2.0,0.13918565213680267,753,309,84,44
1538,43.76501335111012,1313,2.0,0.3616124093532562,972,263,67,55
1557,43.76501335111012,1313,2.0,0.35399436950683594,763,352,92,70
1497,43.79834542525415,1314,2.0,0.10443779826164246,1180,297,71,51
1418,43.79834542525415,1314,2.0,0.2479342669248581,411,457,126,81
1547,43.79834542525415,1314,2.0,0.617489218711853,768,558,141,90
1549,43.79834542525415,1314,7.0,0.5936707258224487,1197,380,215,219
1466,43.79834542525415,1314,2.0,0.2886436879634857,747,313,88,50
1538,43.79834542525415,1314,2.0,0.15182766318321228,966,264,66,59
1557,43.79834542525415,1314,2.0,0.1815967559814453,750,352,92,79
1487,43.79834542525415,1314,2.0,0.3448326885700226,1164,177,58,44
1497,43.83167749939818,1315,2.0,0.10181832313537598,1185,295,66,48
1418,43.83167749939818,1315,2.0,0.39190152287483215,393,464,127,82
1547,43.83167749939818,1315,2.0,0.6928423643112183,791,544,141,85
1549,43.83167749939818,1315,7.0,0.5685321092605591,1203,376,211,214
1466,43.83167749939818,1315,2.0,0.20448319613933563,737,315,86,50
1538,43.83167749939818,1315,7.0,0.25085580348968506,962,267,67,60
1557,43.83167749939818,1315,2.0,0.14775671064853668,738,352,93,89
1487,43.83167749939818,1315,2.0,0.19840353727340698,1162,179,65,45
1497,43.86500957354221,1316,2.0,0.1940884292125702,1190,292,68,49
1418,43.86500957354221,1316,2.0,0.2720470130443573,378,472,117,83
1547,43.86500957354221,1316,2.0,0.7116600871086121,811,532,139,84
1549,43.86500957354221,1316,7.0,0.5121762752532959,1210,371,207,212
1466,43.86500957354221,1316,2.0,0.32429683208465576,726,318,87,50
1557,43.86500957354221,1316,2.0,0.3788355886936188,726,363,94,78
1536,43.86500957354221,1316,2.0,0.3347053527832031,957,277,71,45
1418,43.89834164768624,1317,2.0,0.16728654503822327,366,479,99,84
1547,43.89834164768624,1317,2.0,0.7396019101142883,829,520,138,80
1549,43.89834164768624,1317,7.0,0.426969438791275,1215,369,202,213
1466,43.89834164768624,1317,2.0,0.19866302609443665,716,321,86,50
1557,43.89834164768624,1317,7.0,0.16887728869915009,715,349,94,88
1581,43.89834164768624,1317,2.0,0.5522989630699158,1141,190,32,27
1536,43.89834164768624,1317,7.0,0.2474810928106308,948,274,68,58
1538,43.89834164768624,1317,2.0,0.40594515204429626,946,275,64,59
1418,43.931673721830265,1318,2.0,0.1450747847557068,356,484,81,80
1547,43.931673721830265,1318,2.0,0.6980237364768982,844,510,127,78
1549,43.931673721830265,1318,7.0,0.47910186648368835,1221,366,200,212
1466,43.931673721830265,1318,2.0,0.21756568551063538,709,324,88,50
1557,43.931673721830265,1318,7.0,0.10737773030996323,705,353,99,105
1581,43.931673721830265,1318,2.0,0.4455161392688751,1137,192,36,28
1536,43.931673721830265,1318,2.0,0.2582162022590637,942,278,71,57
1538,43.931673721830265,1318,7.0,0.20825566351413727,940,275,69,63
1547,43.9650057959743,1319,2.0,0.5083140730857849,859,499,123,74
1549,43.9650057959743,1319,7.0,0.3223945200443268,1226,361,195,209
1581,43.9650057959743,1319,2.0,0.3465460538864136,1135,195,40,27
1536,43.9650057959743,1319,7.0,0.24421951174736023,934,277,70,66
1538,43.9650057959743,1319,2.0,0.26147085428237915,933,276,66,67
1386,43.9650057959743,1319,2.0,0.34046462178230286,1440,194,45,32
1547,43.99833787011833,1320,2.0,0.4905959665775299,874,491,118,75
1549,43.99833787011833,1320,7.0,0.43117526173591614,1232,355,191,206
1581,43.99833787011833,1320,2.0,0.3334279954433441,1133,197,40,26
1536,43.99833787011833,1320,7.0,0.3320038616657257,927,279,70,71
1538,43.99833787011833,1320,2.0,0.1903742253780365,926,279,68,70
1386,43.99833787011833,1320,2.0,0.43748360872268677,1441,193,47,33
1547,44.031669944262354,1321,2.0,0.5975757241249084,888,480,115,72
1549,44.031669944262354,1321,7.0,0.3680928647518158,1238,349,189,198
1581,44.031669944262354,1321,2.0,0.36855971813201904,1132,197,45,30
1536,44.031669944262354,1321,7.0,0.2144300937652588,921,281,75,75
1538,44.031669944262354,1321,2.0,0.1836666762828827,920,280,75,74
1386,44.031669944262354,1321,2.0,0.3560372591018677,1442,192,46,35
1497,44.031669944262354,1321,2.0,0.2858535647392273,1213,275,60,47
1547,44.06500201840638,1322,2.0,0.42411312460899353,903,469,113,73
1549,44.06500201840638,1322,7.0,0.54346764087677,1245,346,184,193
1581,44.06500201840638,1322,2.0,0.3456687033176422,1127,199,43,28
1536,44.06500201840638,1322,7.0,0.4266567826271057,914,282,77,77
1386,44.06500201840638,1322,2.0,0.2865188717842102,1443,191,44,35
1497,44.06500201840638,1322,2.0,0.40124210715293884,1219,272,59,45
1547,44.09833409255041,1323,2.0,0.6026851534843445,917,461,112,69
1549,44.09833409255041,1323,7.0,0.5318835377693176,1250,342,181,192
1581,44.09833409255041,1323,2.0,0.37790942192077637,1123,200,42,28
1536,44.09833409255041,1323,7.0,0.46357277035713196,905,283,74,80
1386,44.09833409255041,1323,2.0,0.3582114279270172,1444,192,44,34
1497,44.09833409255041,1323,2.0,0.3774526119232178,1223,269,59,45
1389,44.09833409255041,1323,2.0,0.35323119163513184,1430,165,37,30
1487,44.09833409255041,1323,2.0,0.2779320776462555,1146,185,63,48
1547,44.131666166694444,1324,2.0,0.49902865290641785,933,453,110,66
1549,44.131666166694444,1324,5.0,0.41155263781547546,1255,340,181,189
1581,44.131666166694444,1324,2.0,0.4054204523563385,1119,200,43,30
1536,44.131666166694444,1324,7.0,0.338488906621933,897,285,76,83
1386,44.131666166694444,1324,2.0,0.3362942337989807,1445,192,44,33
1497,44.131666166694444,1324,2.0,0.19166770577430725,1226,267,56,43
1600,44.131666166694444,1324,7.0,0.4060829281806946,1252,341,182,192
1487,44.131666166694444,1324,2.0,0.18492256104946136,1137,187,72,51
1466,44.131666166694444,1324,2.0,0.41203147172927856,650,342,90,50
1547,44.16499824083847,1325,2.0,0.638980507850647,945,447,106,66
1549,44.16499824083847,1325,7.0,0.49559152126312256,1258,337,177,188
1581,44.16499824083847,1325,2.0,0.2809092700481415,1115,201,42,30
1536,44.16499824083847,1325,7.0,0.25156834721565247,889,288,75,85
1386,44.16499824083847,1325,2.0,0.2418903410434723,1446,189,43,35
1497,44.16499824083847,1325,2.0,0.10402984172105789,1229,266,56,42
1487,44.16499824083847,1325,2.0,0.1161419004201889,1137,188,68,49
1601,44.16499824083847,1325,2.0,0.5869143009185791,602,416,114,85
1466,44.16499824083847,1325,2.0,0.30576127767562866,640,346,91,49
1547,44.1983303149825,1326,2.0,0.5843580365180969,959,438,109,65
1549,44.1983303149825,1326,7.0,0.6064807176589966,1265,333,175,182
1581,44.1983303149825,1326,2.0,0.3178611695766449,1110,204,43,29
1536,44.1983303149825,1326,7.0,0.2973858416080475,881,291,76,85
1386,44.1983303149825,1326,2.0,0.1422678530216217,1447,189,41,31
1497,44.1983303149825,1326,2.0,0.14250098168849945,1233,264,55,41
1487,44.1983303149825,1326,2.0,0.15034529566764832,1134,180,69,38
1601,44.1983303149825,1326,2.0,0.3991701304912567,587,424,115,85
1466,44.1983303149825,1326,2.0,0.3552834689617157,631,350,96,52
1547,44.23166238912653,1327,2.0,0.7185447812080383,971,430,107,64
1549,44.23166238912653,1327,7.0,0.6199142932891846,1269,328,172,180
1581,44.23166238912653,1327,2.0,0.3941781520843506,1107,206,43,29
1536,44.23166238912653,1327,7.0,0.1817147135734558,873,292,79,82
1386,44.23166238912653,1327,2.0,0.12487568706274033,1449,189,39,28
1601,44.23166238912653,1327,2.0,0.4385083317756653,570,431,115,83
1466,44.23166238912653,1327,2.0,0.2244541198015213,619,354,96,51
1547,44.264994463270554,1328,2.0,0.5871332883834839,982,424,105,63
1549,44.264994463270554,1328,7.0,0.48687493801116943,1273,323,166,173
1581,44.264994463270554,1328,2.0,0.4654310941696167,1102,208,44,28
1536,44.264994463270554,1328,2.0,0.24830380082130432,868,290,78,70
1386,44.264994463270554,1328,2.0,0.19605033099651337,1451,189,37,26
1601,44.264994463270554,1328,2.0,0.7100071907043457,551,439,118,89
1466,44.264994463270554,1328,2.0,0.32122665643692017,608,358,97,54
1547,44.29832653741459,1329,2.0,0.5561947822570801,996,415,109,62
1549,44.29832653741459,1329,7.0,0.4214111268520355,1278,317,166,170
1581,44.29832653741459,1329,2.0,0.4713681936264038,1098,209,44,27
1536,44.29832653741459,1329,2.0,0.15955331921577454,862,287,73,59
1601,44.29832653741459,1329,2.0,0.1617460995912552,533,446,123,94
1466,44.29832653741459,1329,2.0,0.3528108298778534,597,362,98,56
1547,44.331658611558616,1330,2.0,0.5059100985527039,1005,410,104,62
1549,44.331658611558616,1330,7.0,0.4836624562740326,1281,313,160,165
1581,44.331658611558616,1330,2.0,0.6214861869812012,1094,210,44,27
1601,44.331658611558616,1330,2.0,0.4120427966117859,515,454,124,95
1466,44.331658611558616,1330,2.0,0.2913725674152374,584,367,101,57
1497,44.331658611558616,1330,2.0,0.2838370203971863,1249,254,54,43
1547,44.364990685702644,1331,2.0,0.4282616674900055,1016,403,103,61
1549,44.364990685702644,1331,7.0,0.4545636773109436,1285,311,157,165
1581,44.364990685702644,1331,2.0,0.5669673085212708,1087,211,40,30
1497,44.364990685702644,1331,2.0,0.21207311749458313,1253,251,53,43
1547,44.39832275984667,1332,2.0,0.5447583794593811,1025,396,100,59
1549,44.39832275984667,1332,7.0,0.42344871163368225,1288,308,154,165
1581,44.39832275984667,1332,2.0,0.6670565605163574,1084,211,42,30
1497,44.39832275984667,1332,2.0,0.21781419217586517,1257,249,52,41
1618,44.39832275984667,1332,2.0,0.33727365732192993,1793,163,45,22
1601,44.39832275984667,1332,2.0,0.35265231132507324,477,470,125,95
1466,44.39832275984667,1332,2.0,0.28560033440589905,561,375,103,57
1547,44.431654833990706,1333,2.0,0.516785740852356,1036,391,99,58
1549,44.431654833990706,1333,7.0,0.48564013838768005,1291,307,149,163
1581,44.431654833990706,1333,2.0,0.718160092830658,1081,213,45,32
1497,44.431654833990706,1333,2.0,0.14723853766918182,1261,246,51,38
1618,44.431654833990706,1333,2.0,0.39617037773132324,1793,163,44,22
1601,44.431654833990706,1333,2.0,0.441975474357605,457,479,130,95
1466,44.431654833990706,1333,2.0,0.33426934480667114,550,379,106,58
1547,44.46498690813473,1334,2.0,0.6812102794647217,1046,385,98,58
1549,44.46498690813473,1334,7.0,0.4602465331554413,1294,304,143,161
1581,44.46498690813473,1334,2.0,0.587999701499939,1077,215,46,32
1497,44.46498690813473,1334,2.0,0.10719162225723267,1265,244,53,40
1618,44.46498690813473,1334,2.0,0.27694615721702576,1790,163,40,22
1601,44.46498690813473,1334,2.0,0.6527106761932373,435,487,131,97
1466,44.46498690813473,1334,2.0,0.3668854236602783,537,384,109,57
1547,44.49831898227876,1335,2.0,0.6299024224281311,1054,380,96,59
1549,44.49831898227876,1335,7.0,0.541915774345398,1297,299,141,155
1581,44.49831898227876,1335,2.0,0.6526289582252502,1072,217,48,33
1618,44.49831898227876,1335,2.0,0.35989585518836975,1789,162,39,23
1601,44.49831898227876,1335,2.0,0.5941272377967834,414,496,136,99
1466,44.49831898227876,1335,2.0,0.5865910649299622,526,387,110,57
1624,44.49831898227876,1335,2.0,0.4187842011451721,935,192,44,23
1547,44.53165105642279,1336,2.0,0.6644681692123413,1064,374,95,56
1549,44.53165105642279,1336,7.0,0.5992710590362549,1301,296,137,152
1581,44.53165105642279,1336,2.0,0.5612044930458069,1068,219,47,34
1618,44.53165105642279,1336,2.0,0.29140979051589966,1789,162,41,23
1601,44.53165105642279,1336,2.0,0.4128248691558838,395,504,133,100
1466,44.53165105642279,1336,2.0,0.11445626616477966,512,393,109,57
1624,44.53165105642279,1336,2.0,0.4890449643135071,930,192,47,24
1547,44.564983130566816,1337,2.0,0.5919029116630554,1071,368,91,54
1549,44.564983130566816,1337,7.0,0.4195634126663208,1306,295,136,152
1581,44.564983130566816,1337,2.0,0.5322662591934204,1064,221,45,33
1618,44.564983130566816,1337,2.0,0.28707677125930786,1788,161,45,23
1601,44.564983130566816,1337,2.0,0.49393704533576965,381,513,119,104
1466,44.564983130566816,1337,2.0,0.2192687690258026,499,398,109,58
1624,44.564983130566816,1337,2.0,0.3135788142681122,924,192,49,25
1547,44.59831520471085,1338,2.0,0.6233240365982056,1079,363,87,50
1549,44.59831520471085,1338,7.0,0.4088452458381653,1309,291,138,149
1581,44.59831520471085,1338,2.0,0.6774152517318726,1060,221,46,34
1618,44.59831520471085,1338,2.0,0.24075104296207428,1789,161,44,22
1466,44.59831520471085,1338,2.0,0.247560054063797,485,403,113,60
1624,44.59831520471085,1338,2.0,0.357108473777771,918,193,47,27
1629,44.59831520471085,1338,2.0,0.6118923425674438,753,369,88,44
1547,44.63164727885488,1339,2.0,0.5960173606872559,1088,359,85,50
1549,44.63164727885488,1339,7.0,0.4886174499988556,1313,287,137,143
1581,44.63164727885488,1339,2.0,0.5890533328056335,1056,223,49,34
1618,44.63164727885488,1339,2.0,0.24997559189796448,1788,162,47,23
1466,44.63164727885488,1339,2.0,0.1453949213027954,470,408,110,60
1624,44.63164727885488,1339,2.0,0.47976693511009216,913,194,52,28
1629,44.63164727885488,1339,2.0,0.4957817792892456,743,373,87,44
1634,44.63164727885488,1339,2.0,0.4117977023124695,1108,188,39,26
1547,44.664979352998905,1340,2.0,0.5345574617385864,1095,354,82,50
1549,44.664979352998905,1340,7.0,0.4981367588043213,1316,284,134,144
1581,44.664979352998905,1340,2.0,0.44925692677497864,1050,225,52,33
1618,44.664979352998905,1340,2.0,0.21478261053562164,1786,162,45,22
1466,44.664979352998905,1340,2.0,0.40159842371940613,458,412,111,60
1624,44.664979352998905,1340,2.0,0.4277881979942322,907,195,54,28
1629,44.664979352998905,1340,2.0,0.38296228647232056,729,377,92,47
1634,44.664979352998905,1340,2.0,0.4216451048851013,1106,189,37,25
1547,44.69831142714293,1341,2.0,0.4831811189651489,1102,348,82,50
1549,44.69831142714293,1341,7.0,0.4504563808441162,1320,282,130,143
1581,44.69831142714293,1341,2.0,0.3744274079799652,1046,226,51,32
1618,44.69831142714293,1341,2.0,0.12290966510772705,1785,163,45,22
1466,44.69831142714293,1341,2.0,0.1297607123851776,446,417,115,59
1624,44.69831142714293,1341,2.0,0.30347713828086853,901,196,54,29
1629,44.69831142714293,1341,2.0,0.4726889133453369,713,382,92,50
1634,44.69831142714293,1341,2.0,0.3097884953022003,1102,190,39,25
1638,44.69831142714293,1341,5.0,0.34297049045562744,1318,282,131,144
1547,44.73164350128696,1342,2.0,0.68729168176651,1110,344,81,49
1549,44.73164350128696,1342,7.0,0.4483363926410675,1323,279,128,142
1581,44.73164350128696,1342,2.0,0.5174410939216614,1040,228,50,31
1618,44.73164350128696,1342,2.0,0.15018723905086517,1783,162,44,22
1624,44.73164350128696,1342,2.0,0.27330970764160156,894,197,55,29
1629,44.73164350128696,1342,2.0,0.12076247483491898,700,388,93,50
1634,44.73164350128696,1342,2.0,0.334654837846756,1097,194,40,25
1638,44.73164350128696,1342,2.0,0.18717807531356812,1322,281,127,141
1639,44.73164350128696,1342,2.0,0.3707748055458069,1257,146,32,28
1547,44.764975575430995,1343,2.0,0.6647822260856628,1117,339,80,47
1549,44.764975575430995,1343,7.0,0.45103558897972107,1325,276,127,139
1581,44.764975575430995,1343,2.0,0.5379965305328369,1036,230,54,35
1624,44.764975575430995,1343,2.0,0.20383085310459137,888,198,53,26
1634,44.764975575430995,1343,2.0,0.39117467403411865,1094,196,42,25
1639,44.764975575430995,1343,2.0,0.16777120530605316,1255,147,29,29
1643,44.764975575430995,1343,7.0,0.37370651960372925,452,850,904,433
1466,44.764975575430995,1343,2.0,0.39016222953796387,413,427,122,64
1547,44.79830764957502,1344,2.0,0.5974702835083008,1124,337,79,49
1549,44.79830764957502,1344,7.0,0.44297224283218384,1328,273,124,135
1581,44.79830764957502,1344,2.0,0.4878801703453064,1030,231,53,34
1624,44.79830764957502,1344,2.0,0.17287832498550415,881,200,49,26
1634,44.79830764957502,1344,2.0,0.3400433361530304,1091,195,41,24
1639,44.79830764957502,1344,2.0,0.2529330849647522,1254,146,30,30
1643,44.79830764957502,1344,7.0,0.49480047821998596,456,842,913,452
1644,44.79830764957502,1344,2.0,0.3740321099758148,1359,176,64,62
1466,44.79830764957502,1344,2.0,0.1758681833744049,397,433,128,66
1547,44.83163972371905,1345,2.0,0.6479519605636597,1131,330,79,48
1549,44.83163972371905,1345,7.0,0.5414860248565674,1331,271,121,136
1581,44.83163972371905,1345,2.0,0.5840939879417419,1025,233,53,35
1624,44.83163972371905,1345,2.0,0.28604555130004883,877,200,54,27
1634,44.83163972371905,1345,2.0,0.3224842846393585,1087,197,41,25
1639,44.83163972371905,1345,2.0,0.26690012216567993,1253,147,29,31
1643,44.83163972371905,1345,7.0,0.4008815288543701,464,832,929,469
1644,44.83163972371905,1345,2.0,0.30087634921073914,1361,175,64,58
1466,44.83163972371905,1345,2.0,0.4602969288825989,383,439,127,67
1547,44.86497179786308,1346,2.0,0.6353157162666321,1137,325,78,45
1549,44.86497179786308,1346,7.0,0.6191256642341614,1334,268,118,133
1581,44.86497179786308,1346,2.0,0.6254528760910034,1018,234,50,34
1624,44.86497179786308,1346,2.0,0.2678360044956207,870,201,54,27
1634,44.86497179786308,1346,2.0,0.34606093168258667,1083,199,43,25
1639,44.86497179786308,1346,2.0,0.2564890384674072,1252,147,30,32
1643,44.86497179786308,1346,7.0,0.2904640734195709,474,823,949,489
1644,44.86497179786308,1346,2.0,0.24899061024188995,1362,175,61,55
1466,44.86497179786308,1346,2.0,0.10361213982105255,379,444,104,66
1629,44.86497179786308,1346,2.0,0.5278969407081604,645,411,106,54
1547,44.89830387200711,1347,2.0,0.7141861915588379,1143,320,77,43
1549,44.89830387200711,1347,7.0,0.6624189019203186,1337,265,117,133
1581,44.89830387200711,1347,2.0,0.6035526394844055,1011,236,47,33
1624,44.89830387200711,1347,2.0,0.26566535234451294,863,201,53,27
1634,44.89830387200711,1347,2.0,0.1852993220090866,1080,200,42,25
1639,44.89830387200711,1347,2.0,0.2284792959690094,1252,148,29,31
1643,44.89830387200711,1347,7.0,0.22466836869716644,487,812,974,511
1644,44.89830387200711,1347,2.0,0.29627275466918945,1365,174,61,57
1466,44.89830387200711,1347,2.0,0.1740082949399948,369,449,94,65
1646,44.89830387200711,1347,2.0,0.32759353518486023,1460,161,41,37
1629,44.89830387200711,1347,2.0,0.5946900844573975,631,416,105,55
1547,44.93163594615114,1348,2.0,0.7192502021789551,1149,318,73,43
1549,44.93163594615114,1348,7.0,0.6343225836753845,1340,263,114,131
1581,44.93163594615114,1348,2.0,0.6778829097747803,1007,239,51,35
1624,44.93163594615114,1348,2.0,0.24744254350662231,857,201,51,27
1634,44.93163594615114,1348,2.0,0.41622233390808105,1076,201,45,25
1639,44.93163594615114,1348,2.0,0.19646386802196503,1250,148,27,31
1643,44.93163594615114,1348,7.0,0.1695123165845871,494,803,988,530
1644,44.93163594615114,1348,2.0,0.19236046075820923,1366,174,60,52
1646,44.93163594615114,1348,2.0,0.29622700810432434,1463,164,42,36
1629,44.93163594615114,1348,2.0,0.5043772459030151,617,422,110,59
1647,44.93163594615114,1348,2.0,0.42348501086235046,1179,161,42,29
1547,44.96496802029517,1349,2.0,0.7049242258071899,1156,314,71,41
1549,44.96496802029517,1349,7.0,0.5994377732276917,1342,262,112,128
1581,44.96496802029517,1349,2.0,0.6964688301086426,1002,240,55,38
1624,44.96496802029517,1349,2.0,0.2186460793018341,852,202,54,29
1634,44.96496802029517,1349,2.0,0.315428227186203,1072,202,44,25
1639,44.96496802029517,1349,2.0,0.23050424456596375,1249,149,29,32
1643,44.96496802029517,1349,7.0,0.11986536532640457,501,796,1002,547
1644,44.96496802029517,1349,2.0,0.1216115653514862,1367,172,58,56
1646,44.96496802029517,1349,2.0,0.4081548750400543,1465,164,40,34
1629,44.96496802029517,1349,2.0,0.4202903211116791,599,430,107,57
1647,44.96496802029517,1349,2.0,0.40323176980018616,1176,160,43,32
1547,44.998300094439195,1350,2.0,0.6953580379486084,1163,312,72,40
1549,44.998300094439195,1350,7.0,0.555653989315033,1345,259,113,127
1581,44.998300094439195,1350,2.0,0.6400337815284729,998,242,56,40
1624,44.998300094439195,1350,2.0,0.21026356518268585,844,204,56,29
1634,44.998300094439195,1350,2.0,0.16461728513240814,1069,203,43,27
1639,44.998300094439195,1350,2.0,0.14129182696342468,1248,150,30,32
1643,44.998300094439195,1350,7.0,0.14457757771015167,512,789,1021,560
1644,44.998300094439195,1350,2.0,0.12699279189109802,1369,173,59,50
1646,44.998300094439195,1350,2.0,0.35724401473999023,1466,165,36,33
1629,44.998300094439195,1350,2.0,0.2137337177991867,584,436,112,60
1647,44.998300094439195,1350,2.0,0.4595656394958496,1174,162,45,32
1547,45.03163216858322,1351,2.0,0.655852198600769,1169,309,72,39
1549,45.03163216858322,1351,7.0,0.622002899646759,1348,258,110,126
1581,45.03163216858322,1351,2.0,0.6864157915115356,994,244,61,39
1624,45.03163216858322,1351,2.0,0.14290116727352142,839,206,59,29
1643,45.03163216858322,1351,7.0,0.11667986214160919,519,783,1029,571
1646,45.03163216858322,1351,2.0,0.39919987320899963,1467,164,36,31
1629,45.03163216858322,1351,2.0,0.595626711845398,567,443,114,62
1647,45.03163216858322,1351,2.0,0.5110045671463013,1172,164,45,29
1547,45.06496424272726,1352,2.0,0.4773462414741516,1174,303,68,40
1549,45.06496424272726,1352,7.0,0.5179997682571411,1350,256,109,124
1581,45.06496424272726,1352,2.0,0.6385102272033691,988,246,63,39
1643,45.06496424272726,1352,7.0,0.21537233889102936,524,779,1039,582
1646,45.06496424272726,1352,2.0,0.218622624874115,1467,162,38,35
1629,45.06496424272726,1352,2.0,0.5325440764427185,551,451,118,61
1647,45.06496424272726,1352,2.0,0.5243409276008606,1170,164,45,28
1547,45.098296316871284,1353,2.0,0.6011626720428467,1179,300,68,39
1549,45.098296316871284,1353,7.0,0.5506356954574585,1353,254,108,124
1581,45.098296316871284,1353,2.0,0.5583159327507019,983,248,63,39
1643,45.098296316871284,1353,7.0,0.16266535222530365,530,772,1053,595
1646,45.098296316871284,1353,2.0,0.19024330377578735,1467,159,37,35
1629,45.098296316871284,1353,2.0,0.42127397656440735,531,459,117,60
1647,45.098296316871284,1353,2.0,0.3309670388698578,1168,164,44,28
1624,45.098296316871284,1353,2.0,0.2792557179927826,822,209,58,28
1547,45.13162839101531,1354,2.0,0.6531327366828918,1184,296,67,39
1549,45.13162839101531,1354,7.0,0.6111091375350952,1355,252,108,122
1581,45.13162839101531,1354,2.0,0.5745495557785034,976,249,63,41
1643,45.13162839101531,1354,7.0,0.13941188156604767,541,769,1069,603
1646,45.13162839101531,1354,2.0,0.16589482128620148,1468,158,34,34
1629,45.13162839101531,1354,2.0,0.582770049571991,515,466,122,62
1647,45.13162839101531,1354,2.0,0.24641290307044983,1164,166,40,30
1624,45.13162839101531,1354,2.0,0.20586219429969788,814,211,60,27
1547,45.16496046515934,1355,2.0,0.6823827624320984,1189,292,68,40
1549,45.16496046515934,1355,7.0,0.5283271074295044,1358,248,105,117
1581,45.16496046515934,1355,2.0,0.639772355556488,969,252,60,42
1643,45.16496046515934,1355,7.0,0.16024337708950043,701,756,765,595
1646,45.16496046515934,1355,2.0,0.1191939115524292,1469,158,33,32
1629,45.16496046515934,1355,2.0,0.5201659202575684,495,474,123,65
1647,45.16496046515934,1355,2.0,0.3803437054157257,1163,167,38,30
1624,45.16496046515934,1355,2.0,0.38925063610076904,807,210,58,27
1650,45.16496046515934,1355,2.0,0.5773741602897644,609,373,100,64
1547,45.198292539303374,1356,2.0,0.6469439268112183,1194,291,64,39
1549,45.198292539303374,1356,7.0,0.5432968139648438,1359,246,103,116
1581,45.198292539303374,1356,2.0,0.6432231664657593,963,254,61,42
1646,45.198292539303374,1356,2.0,0.12134644389152527,1470,157,32,33
1629,45.198292539303374,1356,2.0,0.4324090778827667,475,481,123,65
1647,45.198292539303374,1356,2.0,0.40265196561813354,1161,168,38,28
1624,45.198292539303374,1356,2.0,0.3003341853618622,802,212,58,27
1650,45.198292539303374,1356,2.0,0.4332562983036041,596,378,102,66
1547,45.2316246134474,1357,2.0,0.5290125012397766,1199,288,60,38
1549,45.2316246134474,1357,7.0,0.3994119167327881,1361,244,101,115
1581,45.2316246134474,1357,2.0,0.6851953864097595,957,257,63,41
1629,45.2316246134474,1357,2.0,0.4613456726074219,454,491,128,69
1647,45.2316246134474,1357,2.0,0.3093828558921814,1159,170,38,27
1624,45.2316246134474,1357,2.0,0.3079902231693268,795,212,55,27
1650,45.2316246134474,1357,2.0,0.2591642737388611,584,382,106,68
1634,45.2316246134474,1357,2.0,0.30846357345581055,1040,212,41,27
1547,45.26495668759143,1358,2.0,0.5966598987579346,1203,286,58,38
1549,45.26495668759143,1358,7.0,0.35976842045783997,1363,243,102,114
1581,45.26495668759143,1358,2.0,0.6629658937454224,951,260,65,42
1629,45.26495668759143,1358,2.0,0.3766690492630005,433,499,129,70
1647,45.26495668759143,1358,2.0,0.3262948989868164,1157,171,42,27
1624,45.26495668759143,1358,2.0,0.3509492874145508,787,214,60,27
1650,45.26495668759143,1358,2.0,0.1547020822763443,571,387,108,69
1634,45.26495668759143,1358,2.0,0.38350579142570496,1036,213,43,27
1547,45.298288761735456,1359,2.0,0.7021827697753906,1207,285,58,38
1549,45.298288761735456,1359,2.0,0.38827139139175415,1365,239,103,112
1581,45.298288761735456,1359,2.0,0.7238314151763916,945,262,67,45
1629,45.298288761735456,1359,2.0,0.6059131622314453,413,508,138,72
1647,45.298288761735456,1359,2.0,0.3546687662601471,1154,172,44,26
1624,45.298288761735456,1359,2.0,0.2732170820236206,779,214,58,27
1650,45.298288761735456,1359,2.0,0.15883299708366394,556,393,108,68
1634,45.298288761735456,1359,2.0,0.38355132937431335,1033,214,40,27
1547,45.331620835879484,1360,2.0,0.6159599423408508,1213,282,58,38
1549,45.331620835879484,1360,7.0,0.4701041579246521,1368,238,102,110
1581,45.331620835879484,1360,2.0,0.6463243961334229,938,266,65,41
1629,45.331620835879484,1360,2.0,0.5184606909751892,394,517,134,75
1647,45.331620835879484,1360,2.0,0.38959166407585144,1150,174,44,27
1624,45.331620835879484,1360,2.0,0.2095172107219696,771,217,58,29
1634,45.331620835879484,1360,2.0,0.41443565487861633,1028,216,45,25
1547,45.36495291002352,1361,2.0,0.6873173117637634,1218,278,58,40
1549,45.36495291002352,1361,7.0,0.48093149065971375,1371,238,100,110
1581,45.36495291002352,1361,2.0,0.7131394743919373,932,266,66,45
1647,45.36495291002352,1361,2.0,0.348561555147171,1148,175,47,28
1624,45.36495291002352,1361,2.0,0.3926199674606323,763,218,61,29
1634,45.36495291002352,1361,2.0,0.44953495264053345,1023,219,46,25
1650,45.36495291002352,1361,2.0,0.3099389970302582,528,403,113,71
1547,45.398284984167546,1362,2.0,0.6885663866996765,1222,273,59,39
1549,45.398284984167546,1362,7.0,0.388319194316864,1373,236,100,108
1581,45.398284984167546,1362,2.0,0.6946713328361511,925,269,71,45
1647,45.398284984167546,1362,2.0,0.3314148783683777,1144,175,47,27
1624,45.398284984167546,1362,2.0,0.28018149733543396,757,218,58,31
1634,45.398284984167546,1362,2.0,0.4876514673233032,1017,220,46,25
1650,45.398284984167546,1362,2.0,0.2715364396572113,514,408,115,76
1629,45.398284984167546,1362,2.0,0.4361707270145416,368,535,98,72
1547,45.43161705831157,1363,2.0,0.7206836342811584,1226,271,59,42
1549,45.43161705831157,1363,7.0,0.49974656105041504,1374,234,100,108
1581,45.43161705831157,1363,2.0,0.6485835313796997,918,271,73,46
1647,45.43161705831157,1363,2.0,0.16807621717453003,1140,176,47,27
1624,45.43161705831157,1363,2.0,0.1576080471277237,751,217,58,29
1634,45.43161705831157,1363,2.0,0.43696528673171997,1012,221,49,26
1650,45.43161705831157,1363,2.0,0.12991833686828613,498,413,117,79
1660,45.43161705831157,1363,7.0,0.4277372658252716,947,614,431,434
1629,45.43161705831157,1363,2.0,0.10495878756046295,356,543,68,68
1547,45.4649491324556,1364,2.0,0.767074465751648,1230,269,57,42
1549,45.4649491324556,1364,7.0,0.6008403897285461,1376,232,98,109
1581,45.4649491324556,1364,2.0,0.5707318186759949,909,274,70,47
1647,45.4649491324556,1364,2.0,0.29942598938941956,1137,177,48,29
1624,45.4649491324556,1364,2.0,0.3155009150505066,743,219,57,30
1634,45.4649491324556,1364,2.0,0.3678096532821655,1008,222,49,27
1650,45.4649491324556,1364,2.0,0.2346763163805008,482,418,117,77
1660,45.4649491324556,1364,7.0,0.4839387536048889,962,599,413,419
1666,45.4649491324556,1364,2.0,0.3717968165874481,1210,163,29,27
1646,45.4649491324556,1364,2.0,0.3211378753185272,1472,150,39,35
1547,45.49828120659963,1365,2.0,0.7018176913261414,1233,264,53,36
1549,45.49828120659963,1365,7.0,0.5324103832244873,1378,229,96,107
1581,45.49828120659963,1365,2.0,0.5680051445960999,902,276,72,48
1647,45.49828120659963,1365,2.0,0.31672024726867676,1134,177,47,28
1624,45.49828120659963,1365,2.0,0.3126589059829712,734,220,60,29
1634,45.49828120659963,1365,2.0,0.3428531885147095,1003,224,51,27
1650,45.49828120659963,1365,2.0,0.4239843189716339,467,425,122,80
1660,45.49828120659963,1365,7.0,0.45025649666786194,978,584,394,403
1666,45.49828120659963,1365,2.0,0.3709990680217743,1210,163,31,30
1646,45.49828120659963,1365,2.0,0.38629037141799927,1472,148,40,34
1547,45.53161328074366,1366,2.0,0.7323269844055176,1237,262,52,33
1549,45.53161328074366,1366,7.0,0.6673554182052612,1380,227,96,111
1581,45.53161328074366,1366,2.0,0.6760850548744202,894,279,70,49
1647,45.53161328074366,1366,2.0,0.15833912789821625,1131,177,47,29
1624,45.53161328074366,1366,2.0,0.2190624624490738,726,222,62,29
1650,45.53161328074366,1366,2.0,0.48063868284225464,451,431,123,79
1660,45.53161328074366,1366,7.0,0.3814983367919922,991,569,374,389
1666,45.53161328074366,1366,2.0,0.41903743147850037,1208,164,32,29
1646,45.53161328074366,1366,2.0,0.355383038520813,1472,147,38,34
1547,45.56494535488769,1367,2.0,0.7420217394828796,1242,260,53,31
1549,45.56494535488769,1367,7.0,0.6095938086509705,1381,225,93,107
1581,45.56494535488769,1367,2.0,0.6490007638931274,885,281,70,51
1624,45.56494535488769,1367,2.0,0.22985802590847015,718,223,62,28
1650,45.56494535488769,1367,2.0,0.40175819396972656,436,436,125,80
1660,45.56494535488769,1367,7.0,0.15006305277347565,1010,556,367,374
1666,45.56494535488769,1367,2.0,0.33791258931159973,1206,166,34,29
1646,45.56494535488769,1367,2.0,0.4107673168182373,1473,147,38,34
1547,45.59827742903172,1368,2.0,0.6901232600212097,1246,257,51,32
1549,45.59827742903172,1368,7.0,0.5162877440452576,1383,223,93,106
1581,45.59827742903172,1368,2.0,0.5919858813285828,879,284,75,51
1624,45.59827742903172,1368,2.0,0.23866437375545502,711,224,62,27
1650,45.59827742903172,1368,2.0,0.1529698520898819,419,441,129,80
1660,45.59827742903172,1368,7.0,0.2332053780555725,1024,543,350,359
1666,45.59827742903172,1368,2.0,0.4749883711338043,1205,167,38,29
1646,45.59827742903172,1368,2.0,0.48616161942481995,1473,147,39,34
1634,45.59827742903172,1368,2.0,0.3600432872772217,984,230,51,25
1547,45.631609503175746,1369,2.0,0.5695578455924988,1250,255,52,33
1549,45.631609503175746,1369,7.0,0.41103535890579224,1384,219,92,104
1581,45.631609503175746,1369,2.0,0.5887579917907715,873,287,77,52
1624,45.631609503175746,1369,2.0,0.2577628791332245,704,225,65,28
1660,45.631609503175746,1369,7.0,0.13215839862823486,1036,529,338,345
1666,45.631609503175746,1369,2.0,0.35542047023773193,1204,168,38,28
1646,45.631609503175746,1369,2.0,0.3815210461616516,1474,146,39,34
1634,45.631609503175746,1369,2.0,0.23429405689239502,980,231,51,26
1547,45.66494157731978,1370,2.0,0.6198293566703796,1253,252,54,34
1549,45.66494157731978,1370,7.0,0.5155120491981506,1385,218,91,102
1581,45.66494157731978,1370,2.0,0.5035650134086609,862,291,74,47
1624,45.66494157731978,1370,2.0,0.13645638525485992,697,227,71,31
1660,45.66494157731978,1370,7.0,0.19552725553512573,1049,518,328,337
1666,45.66494157731978,1370,2.0,0.28826904296875,1203,169,39,28
1646,45.66494157731978,1370,2.0,0.3356902003288269,1475,147,37,33
1634,45.66494157731978,1370,2.0,0.3395296633243561,976,232,52,27
1547,45.69827365146381,1371,2.0,0.5997037887573242,1258,250,52,34
1549,45.69827365146381,1371,7.0,0.5674231052398682,1386,218,89,101
1581,45.69827365146381,1371,2.0,0.5763933658599854,854,293,77,48
1624,45.69827365146381,1371,2.0,0.13205194473266602,687,226,64,29
1660,45.69827365146381,1371,7.0,0.158588707447052,1057,509,312,328
1666,45.69827365146381,1371,2.0,0.3688806891441345,1198,172,40,26
1646,45.69827365146381,1371,2.0,0.2391325682401657,1477,146,35,33
1634,45.69827365146381,1371,2.0,0.578323245048523,971,235,52,27
1547,45.731605725607835,1372,2.0,0.6105255484580994,1260,248,52,33
1549,45.731605725607835,1372,7.0,0.579690158367157,1388,217,88,101
1581,45.731605725607835,1372,2.0,0.5533822178840637,846,296,77,50
1624,45.731605725607835,1372,2.0,0.1189100593328476,677,229,61,30
1660,45.731605725607835,1372,7.0,0.14392568171024323,1070,499,304,315
1666,45.731605725607835,1372,2.0,0.5148031115531921,1196,173,41,26
1646,45.731605725607835,1372,2.0,0.32852163910865784,1478,146,37,32
1634,45.731605725607835,1372,2.0,0.5005333423614502,966,237,57,27
1547,45.76493779975186,1373,2.0,0.7340856194496155,1263,246,50,33
1549,45.76493779975186,1373,7.0,0.5624668598175049,1390,217,87,98
1581,45.76493779975186,1373,2.0,0.5857742428779602,833,302,71,44
1624,45.76493779975186,1373,2.0,0.2867187261581421,668,230,61,31
1660,45.76493779975186,1373,7.0,0.31698113679885864,1082,487,291,307
1666,45.76493779975186,1373,2.0,0.4336095154285431,1193,174,38,25
1646,45.76493779975186,1373,2.0,0.24004384875297546,1479,145,36,32
1634,45.76493779975186,1373,2.0,0.5088453888893127,962,238,56,27
1547,45.79826987389589,1374,2.0,0.6074821352958679,1268,244,50,33
1549,45.79826987389589,1374,7.0,0.4478578567504883,1391,217,85,100
1581,45.79826987389589,1374,2.0,0.6316823959350586,826,304,75,48
1624,45.79826987389589,1374,2.0,0.3327633738517761,661,232,61,31
1660,45.79826987389589,1374,7.0,0.27455610036849976,1092,477,281,299
1666,45.79826987389589,1374,2.0,0.46805140376091003,1189,175,39,26
1646,45.79826987389589,1374,2.0,0.19294816255569458,1478,144,37,33
1634,45.79826987389589,1374,2.0,0.5035435557365417,956,240,56,27
1647,45.79826987389589,1374,2.0,0.27616578340530396,1108,186,46,28
1547,45.831601948039925,1375,2.0,0.5746514797210693,1271,241,51,33
1549,45.831601948039925,1375,7.0,0.4980509281158447,1392,215,83,98
1581,45.831601948039925,1375,2.0,0.5693885684013367,819,308,80,51
1624,45.831601948039925,1375,2.0,0.1791866570711136,649,233,58,29
1660,45.831601948039925,1375,7.0,0.2392040640115738,1099,469,267,291
1666,45.831601948039925,1375,2.0,0.2772485613822937,1187,176,38,27
1646,45.831601948039925,1375,2.0,0.2798103988170624,1478,144,36,32
1634,45.831601948039925,1375,2.0,0.45253971219062805,952,242,56,27
1647,45.831601948039925,1375,2.0,0.27873873710632324,1102,188,46,29
1547,45.86493402218395,1376,2.0,0.6500425934791565,1273,240,50,31
1549,45.86493402218395,1376,7.0,0.5499247908592224,1394,215,81,97
1581,45.86493402218395,1376,2.0,0.5924451351165771,811,311,82,52
1624,45.86493402218395,1376,2.0,0.43858957290649414,641,234,63,29
1660,45.86493402218395,1376,7.0,0.35976842045783997,1110,457,261,280
1666,45.86493402218395,1376,2.0,0.2968893051147461,1185,176,42,28
1646,45.86493402218395,1376,2.0,0.2860003709793091,1477,143,35,31
1634,45.86493402218395,1376,2.0,0.19854100048542023,945,243,55,29
1647,45.86493402218395,1376,2.0,0.38835474848747253,1098,188,48,30
1547,45.89826609632798,1377,2.0,0.6241036057472229,1276,237,51,29
1549,45.89826609632798,1377,7.0,0.5474773049354553,1396,213,81,96
1581,45.89826609632798,1377,2.0,0.6874585151672363,802,314,87,53
1624,45.89826609632798,1377,2.0,0.6067719459533691,633,235,65,31
1660,45.89826609632798,1377,7.0,0.23331716656684875,1119,452,251,275
1666,45.89826609632798,1377,2.0,0.18490616977214813,1181,177,41,30
1646,45.89826609632798,1377,2.0,0.29323190450668335,1478,142,34,30
1634,45.89826609632798,1377,2.0,0.1951972097158432,941,244,54,29
1647,45.89826609632798,1377,2.0,0.3321237862110138,1094,190,48,30
1547,45.93159817047201,1378,2.0,0.6832298040390015,1279,236,48,28
1549,45.93159817047201,1378,7.0,0.5347633957862854,1398,212,82,97
1581,45.93159817047201,1378,2.0,0.6682896018028259,791,317,85,54
1624,45.93159817047201,1378,2.0,0.4224201738834381,625,236,60,28
1660,45.93159817047201,1378,7.0,0.34254103899002075,1131,443,252,268
1666,45.93159817047201,1378,2.0,0.11539264768362045,1181,177,44,31
1646,45.93159817047201,1378,2.0,0.28498953580856323,1479,142,34,30
1634,45.93159817047201,1378,2.0,0.49674826860427856,935,245,57,29
1647,45.93159817047201,1378,2.0,0.35301488637924194,1090,191,47,30
1547,45.964930244616035,1379,2.0,0.6801315546035767,1282,234,46,28
1549,45.964930244616035,1379,7.0,0.42679959535598755,1400,210,81,96
1581,45.964930244616035,1379,2.0,0.699800431728363,780,321,85,55
1624,45.964930244616035,1379,2.0,0.42832496762275696,618,237,59,27
1660,45.964930244616035,1379,7.0,0.4328969120979309,1140,434,246,267
1666,45.964930244616035,1379,2.0,0.1040816381573677,1183,177,37,32
1646,45.964930244616035,1379,2.0,0.33675140142440796,1480,142,36,30
1634,45.964930244616035,1379,2.0,0.4115034341812134,928,247,58,30
1647,45.964930244616035,1379,2.0,0.4371311664581299,1088,192,48,30
1547,45.99826231876007,1380,2.0,0.5362253785133362,1287,232,47,27
1549,45.99826231876007,1380,7.0,0.2594664990901947,1401,209,80,95
1581,45.99826231876007,1380,2.0,0.6379073262214661,773,325,88,55
1624,45.99826231876007,1380,2.0,0.12845765054225922,611,239,62,25
1660,45.99826231876007,1380,7.0,0.3372412621974945,1149,425,242,258
1666,45.99826231876007,1380,2.0,0.12199155986309052,1179,177,43,32
1646,45.99826231876007,1380,2.0,0.3371483385562897,1481,142,37,30
1634,45.99826231876007,1380,2.0,0.3906903564929962,922,248,62,31
1647,45.99826231876007,1380,2.0,0.4724219739437103,1086,193,49,30
1678,45.99826231876007,1380,2.0,0.7861664295196533,863,995,288,165
1547,46.0315943929041,1381,2.0,0.5418599247932434,1289,229,46,28
1549,46.0315943929041,1381,7.0,0.263070672750473,1403,207,81,92
1581,46.0315943929041,1381,2.0,0.6118423342704773,762,330,92,57
1624,46.0315943929041,1381,2.0,0.28162628412246704,602,240,58,26
1660,46.0315943929041,1381,7.0,0.36046069860458374,1157,418,232,251
1666,46.0315943929041,1381,2.0,0.10504455864429474,1175,178,50,36
1646,46.0315943929041,1381,2.0,0.36114755272865295,1482,141,36,30
1634,46.0315943929041,1381,2.0,0.27503615617752075,916,250,62,32
1647,46.0315943929041,1381,2.0,0.26664865016937256,1081,194,46,30
1678,46.0315943929041,1381,2.0,0.8237661719322205,877,981,241,187
1547,46.064926467048124,1382,2.0,0.5795015096664429,1292,227,48,30
1549,46.064926467048124,1382,2.0,0.33801865577697754,1404,206,80,89
1581,46.064926467048124,1382,2.0,0.5968958139419556,752,333,95,58
1624,46.064926467048124,1382,2.0,0.10031569749116898,596,241,52,25
1660,46.064926467048124,1382,7.0,0.4279933571815491,1163,413,229,247
1666,46.064926467048124,1382,2.0,0.23667867481708527,1172,178,54,37
1646,46.064926467048124,1382,2.0,0.26259246468544006,1482,140,35,30
1634,46.064926467048124,1382,2.0,0.22079384326934814,909,253,62,32
1647,46.064926467048124,1382,2.0,0.34131765365600586,1078,196,46,29
1678,46.064926467048124,1382,2.0,0.8444920182228088,901,958,216,198
1547,46.09825854119215,1383,2.0,0.5942456722259521,1295,226,48,33
1549,46.09825854119215,1383,2.0,0.32819104194641113,1406,205,81,88
1581,46.09825854119215,1383,2.0,0.5945411324501038,739,336,93,59
1624,46.09825854119215,1383,2.0,0.17499108612537384,581,245,59,24
1660,46.09825854119215,1383,7.0,0.4085226058959961,1170,407,220,240
1666,46.09825854119215,1383,2.0,0.16300101578235626,1167,178,52,38
1646,46.09825854119215,1383,2.0,0.17322687804698944,1481,140,33,29
1634,46.09825854119215,1383,2.0,0.42376139760017395,902,255,60,34
1647,46.09825854119215,1383,2.0,0.4387245774269104,1074,198,47,29
1678,46.09825854119215,1383,2.0,0.8001429438591003,930,926,208,190
1547,46.13159061533619,1384,2.0,0.6487415432929993,1298,223,48,32
1549,46.13159061533619,1384,2.0,0.2901681363582611,1407,203,81,88
1581,46.13159061533619,1384,2.0,0.4502255618572235,728,340,94,60
1660,46.13159061533619,1384,7.0,0.3617154359817505,1175,401,210,234
1646,46.13159061533619,1384,2.0,0.2445490062236786,1482,140,34,30
1634,46.13159061533619,1384,2.0,0.5655661225318909,895,257,63,34
1647,46.13159061533619,1384,2.0,0.3979244828224182,1071,199,52,29
1678,46.13159061533619,1384,2.0,0.8001429438591003,954,893,198,177
1547,46.164922689480214,1385,2.0,0.6615687012672424,1300,221,46,33
1549,46.164922689480214,1385,2.0,0.3324316442012787,1409,201,79,89
1581,46.164922689480214,1385,2.0,0.6408116817474365,715,343,93,61
1660,46.164922689480214,1385,7.0,0.3591744601726532,1184,393,206,228
1646,46.164922689480214,1385,2.0,0.196001335978508,1483,139,34,30
1634,46.164922689480214,1385,2.0,0.5048580765724182,888,260,64,35
1647,46.164922689480214,1385,2.0,0.34001806378364563,1068,201,53,29
1678,46.164922689480214,1385,2.0,0.8291385769844055,976,862,191,165
1666,46.164922689480214,1385,2.0,0.48821717500686646,1156,185,42,29
1547,46.19825476362424,1386,2.0,0.7317894101142883,1303,219,45,33
1549,46.19825476362424,1386,7.0,0.3345085382461548,1411,200,79,88
1581,46.19825476362424,1386,2.0,0.6126442551612854,704,347,93,62
1660,46.19825476362424,1386,7.0,0.5089840292930603,1192,388,201,224
1646,46.19825476362424,1386,2.0,0.17574258148670197,1484,138,34,29
1634,46.19825476362424,1386,2.0,0.6500118374824524,884,262,64,34
1647,46.19825476362424,1386,2.0,0.26913872361183167,1063,202,53,28
1678,46.19825476362424,1386,2.0,0.8558889031410217,997,834,180,160
1666,46.19825476362424,1386,2.0,0.5593048334121704,1151,189,38,25
1547,46.23158683776827,1387,2.0,0.6010755300521851,1305,217,44,33
1549,46.23158683776827,1387,7.0,0.299284964799881,1414,200,77,89
1581,46.23158683776827,1387,2.0,0.7030646800994873,692,352,95,62
1660,46.23158683776827,1387,7.0,0.4019717872142792,1199,383,198,218
1646,46.23158683776827,1387,2.0,0.19838246703147888,1484,139,36,30
1634,46.23158683776827,1387,2.0,0.5724837779998779,877,264,65,37
1647,46.23158683776827,1387,2.0,0.28732550144195557,1059,202,55,29
1678,46.23158683776827,1387,2.0,0.8052575588226318,1019,810,177,149
1666,46.23158683776827,1387,2.0,0.39605972170829773,1148,189,36,25
1689,46.23158683776827,1387,2.0,0.38012659549713135,1202,188,40,24
1547,46.2649189119123,1388,2.0,0.6075092554092407,1308,215,41,31
1549,46.2649189119123,1388,2.0,0.27365854382514954,1412,197,78,86
1581,46.2649189119123,1388,2.0,0.4606570899486542,679,356,96,63
1660,46.2649189119123,1388,7.0,0.3242452144622803,1204,377,196,212
1646,46.2649189119123,1388,2.0,0.20988911390304565,1485,139,37,30
1634,46.2649189119123,1388,2.0,0.5032040476799011,869,267,64,35
1647,46.2649189119123,1388,2.0,0.1581992506980896,1056,203,52,30
1678,46.2649189119123,1388,2.0,0.823102593421936,1036,790,167,141
1666,46.2649189119123,1388,2.0,0.4628412425518036,1145,190,37,26
1689,46.2649189119123,1388,2.0,0.4510388970375061,1200,188,37,24
1547,46.29825098605633,1389,2.0,0.7274185419082642,1311,214,41,29
1549,46.29825098605633,1389,2.0,0.3925662636756897,1414,195,78,88
1581,46.29825098605633,1389,2.0,0.5416633486747742,669,362,101,66
1660,46.29825098605633,1389,7.0,0.34335416555404663,1211,372,190,211
1646,46.29825098605633,1389,2.0,0.22345399856567383,1487,139,33,28
1634,46.29825098605633,1389,2.0,0.5096775889396667,862,269,64,35
1647,46.29825098605633,1389,2.0,0.25030991435050964,1051,203,52,30
1678,46.29825098605633,1389,2.0,0.8133610486984253,1054,768,166,137
1666,46.29825098605633,1389,2.0,0.357345849275589,1140,191,35,27
1547,46.33158306020036,1390,2.0,0.763452410697937,1313,213,41,28
1549,46.33158306020036,1390,2.0,0.3534562885761261,1416,194,77,85
1581,46.33158306020036,1390,2.0,0.6838380098342896,656,367,99,64
1660,46.33158306020036,1390,7.0,0.3762669265270233,1218,367,190,206
1646,46.33158306020036,1390,2.0,0.24854116141796112,1488,139,32,26
1634,46.33158306020036,1390,2.0,0.5857002139091492,855,271,67,38
1647,46.33158306020036,1390,2.0,0.11030875146389008,1047,206,54,31
1678,46.33158306020036,1390,2.0,0.7945265173912048,1078,747,175,130
1666,46.33158306020036,1390,2.0,0.22655077278614044,1135,193,36,26
1547,46.364915134344386,1391,2.0,0.8051490187644958,1314,212,43,28
1549,46.364915134344386,1391,2.0,0.3951193392276764,1417,194,76,85
1581,46.364915134344386,1391,2.0,0.741579532623291,642,372,99,67
1660,46.364915134344386,1391,7.0,0.5631494522094727,1223,361,182,203
1646,46.364915134344386,1391,2.0,0.15474076569080353,1488,139,31,25
1634,46.364915134344386,1391,2.0,0.3080139756202698,848,273,69,40
1678,46.364915134344386,1391,2.0,0.810626208782196,1097,728,174,125
1666,46.364915134344386,1391,2.0,0.15570932626724243,1133,195,38,27
1547,46.398247208488414,1392,2.0,0.7356017231941223,1316,212,44,28
1549,46.398247208488414,1392,2.0,0.3571109175682068,1418,192,76,82
1581,46.398247208488414,1392,2.0,0.6742134094238281,629,377,102,68
1660,46.398247208488414,1392,7.0,0.36731037497520447,1229,358,177,200
1646,46.398247208488414,1392,2.0,0.1296413242816925,1489,139,30,23
1634,46.398247208488414,1392,2.0,0.3407000005245209,840,274,71,41
1678,46.398247208488414,1392,2.0,0.7132481336593628,1111,709,170,123
1666,46.398247208488414,1392,2.0,0.1738744080066681,1130,196,39,28
1547,46.43157928263244,1393,2.0,0.6547558903694153,1319,211,43,28
1549,46.43157928263244,1393,2.0,0.44782817363739014,1420,190,73,80
1581,46.43157928263244,1393,2.0,0.7195402979850769,615,380,106,69
1660,46.43157928263244,1393,7.0,0.389191210269928,1233,352,173,193
1646,46.43157928263244,1393,2.0,0.1774822175502777,1490,139,31,23
1634,46.43157928263244,1393,2.0,0.49337735772132874,834,277,74,41
1678,46.43157928263244,1393,2.0,0.7603725790977478,1120,690,155,122
1666,46.43157928263244,1393,2.0,0.31721287965774536,1127,195,39,29
1624,46.43157928263244,1393,2.0,0.3787534832954407,489,255,68,29
1547,46.464911356776476,1394,2.0,0.3926001787185669,1322,209,40,28
1549,46.464911356776476,1394,2.0,0.4365103542804718,1420,188,72,79
1581,46.464911356776476,1394,2.0,0.7064940333366394,601,385,109,73
1660,46.464911356776476,1394,7.0,0.3601241409778595,1239,348,169,190
1646,46.464911356776476,1394,2.0,0.15386849641799927,1491,138,31,23
1634,46.464911356776476,1394,2.0,0.513871431350708,824,281,73,40
1678,46.464911356776476,1394,2.0,0.7649238705635071,1138,676,156,117
1666,46.464911356776476,1394,2.0,0.30827420949935913,1124,195,38,32
1624,46.464911356776476,1394,2.0,0.1611262708902359,477,258,62,26
1547,46.4982434309205,1395,2.0,0.25476327538490295,1325,209,40,27
1549,46.4982434309205,1395,2.0,0.25041213631629944,1422,187,70,78
1581,46.4982434309205,1395,2.0,0.6475333571434021,586,391,109,76
1660,46.4982434309205,1395,7.0,0.4517383575439453,1244,343,167,189
1646,46.4982434309205,1395,2.0,0.16900865733623505,1492,138,29,24
1634,46.4982434309205,1395,2.0,0.4528849124908447,815,283,75,41
1678,46.4982434309205,1395,2.0,0.7488855123519897,1147,660,146,110
1666,46.4982434309205,1395,2.0,0.2984648048877716,1121,194,40,34
1624,46.4982434309205,1395,2.0,0.30523237586021423,468,259,63,25
1702,46.4982434309205,1395,2.0,0.38737502694129944,1149,187,94,50
1704,46.4982434309205,1395,5.0,0.34780293703079224,1241,345,168,189
1547,46.53157550506453,1396,2.0,0.17755655944347382,1326,206,39,26
1549,46.53157550506453,1396,2.0,0.28690171241760254,1422,183,72,70
1581,46.53157550506453,1396,2.0,0.6447329521179199,572,397,113,76
1660,46.53157550506453,1396,7.0,0.4821624457836151,1249,340,165,186
1634,46.53157550506453,1396,2.0,0.6040253639221191,808,286,74,41
1678,46.53157550506453,1396,2.0,0.8279798030853271,1163,645,148,109
1666,46.53157550506453,1396,2.0,0.30041375756263733,1117,197,40,32
1624,46.53157550506453,1396,2.0,0.3464210033416748,454,261,64,26
1704,46.53157550506453,1396,5.0,0.384615957736969,1246,343,168,187
1547,46.56490757920856,1397,2.0,0.36989104747772217,1329,206,40,26
1549,46.56490757920856,1397,7.0,0.1427050530910492,1423,184,71,73
1581,46.56490757920856,1397,2.0,0.7407196164131165,557,403,112,77
1660,46.56490757920856,1397,5.0,0.46215394139289856,1254,335,160,179
1634,46.56490757920856,1397,2.0,0.46397364139556885,801,288,74,40
1678,46.56490757920856,1397,2.0,0.7210097908973694,1167,629,134,104
1666,46.56490757920856,1397,2.0,0.2685081362724304,1114,200,39,30
1624,46.56490757920856,1397,2.0,0.5141120553016663,448,262,57,26
1704,46.56490757920856,1397,7.0,0.4988407492637634,1252,337,161,181
1547,46.59823965335259,1398,2.0,0.25045743584632874,1332,203,40,29
1549,46.59823965335259,1398,2.0,0.14294415712356567,1422,184,72,71
1581,46.59823965335259,1398,2.0,0.7302797436714172,542,409,111,74
1660,46.59823965335259,1398,5.0,0.5738353729248047,1258,332,157,174
1634,46.59823965335259,1398,2.0,0.42981356382369995,791,292,72,38
1678,46.59823965335259,1398,2.0,0.7746968865394592,1176,614,124,100
1666,46.59823965335259,1398,2.0,0.20522013306617737,1110,201,38,31
1624,46.59823965335259,1398,2.0,0.32566943764686584,436,265,64,29
1704,46.59823965335259,1398,7.0,0.45281919836997986,1257,333,158,177
1547,46.63157172749662,1399,2.0,0.4560915529727936,1334,201,41,28
1549,46.63157172749662,1399,2.0,0.1260824054479599,1425,184,71,72
1581,46.63157172749662,1399,2.0,0.7209801077842712,526,415,115,76
1634,46.63157172749662,1399,2.0,0.3949281573295593,783,294,75,40
1678,46.63157172749662,1399,2.0,0.7549677491188049,1193,603,134,95
1666,46.63157172749662,1399,2.0,0.29026341438293457,1106,204,41,31
1624,46.63157172749662,1399,2.0,0.43143540620803833,427,266,62,30
1547,46.66490380164065,1400,2.0,0.2774200439453125,1335,199,39,26
1549,46.66490380164065,1400,2.0,0.20097574591636658,1427,184,70,71
1581,46.66490380164065,1400,2.0,0.7791888117790222,509,421,121,78
1634,46.66490380164065,1400,2.0,0.4224716126918793,775,296,79,41
1678,46.66490380164065,1400,2.0,0.7665376663208008,1205,591,136,95
1666,46.66490380164065,1400,2.0,0.30674299597740173,1100,206,40,31
1624,46.66490380164065,1400,2.0,0.2853589355945587,419,266,59,30
1660,46.66490380164065,1400,5.0,0.3991314470767975,1267,322,152,171
1547,46.698235875784675,1401,2.0,0.2740856409072876,1337,198,40,25
1549,46.698235875784675,1401,2.0,0.10345228016376495,1429,184,68,72
1581,46.698235875784675,1401,2.0,0.7691417336463928,493,427,124,82
1634,46.698235875784675,1401,2.0,0.47675731778144836,767,300,78,43
1678,46.698235875784675,1401,2.0,0.692823052406311,1214,577,136,92
1666,46.698235875784675,1401,2.0,0.1586519032716751,1098,208,40,28
1624,46.698235875784675,1401,2.0,0.13006901741027832,412,267,51,29
1711,46.698235875784675,1401,7.0,0.3910861313343048,1271,319,148,173
1660,46.698235875784675,1401,5.0,0.4110970199108124,1273,318,149,171
1547,46.7315679499287,1402,2.0,0.20450414717197418,1338,197,39,25
1549,46.7315679499287,1402,2.0,0.21157656610012054,1431,182,72,72
1581,46.7315679499287,1402,2.0,0.7526679039001465,477,433,126,84
1634,46.7315679499287,1402,2.0,0.3233429491519928,755,305,73,38
1678,46.7315679499287,1402,2.0,0.783070981502533,1224,565,132,89
1666,46.7315679499287,1402,2.0,0.1048697680234909,1092,209,36,28
1711,46.7315679499287,1402,7.0,0.24894779920578003,1274,315,147,169
1660,46.7315679499287,1402,5.0,0.3237146735191345,1276,314,148,170
1547,46.76490002407274,1403,2.0,0.19553495943546295,1341,195,39,25
1549,46.76490002407274,1403,2.0,0.24524232745170593,1432,182,71,74
1581,46.76490002407274,1403,2.0,0.862075924873352,460,439,129,89
1634,46.76490002407274,1403,2.0,0.4204117953777313,747,307,78,42
1678,46.76490002407274,1403,2.0,0.6858019232749939,1225,555,113,84
1666,46.76490002407274,1403,2.0,0.33547839522361755,1089,211,38,29
1547,46.798232098216765,1404,2.0,0.18937800824642181,1345,193,35,24
1549,46.798232098216765,1404,7.0,0.10242979973554611,1432,180,72,76
1581,46.798232098216765,1404,2.0,0.7050777077674866,440,446,131,90
1634,46.798232098216765,1404,2.0,0.5446765422821045,737,311,80,42
1678,46.798232098216765,1404,2.0,0.5822293758392334,1236,545,115,85
1666,46.798232098216765,1404,2.0,0.3713427782058716,1085,212,42,31
1660,46.798232098216765,1404,7.0,0.5413013100624084,1285,306,146,166
1547,46.83156417236079,1405,2.0,0.2290424406528473,1346,191,34,25
1549,46.83156417236079,1405,2.0,0.23898857831954956,1432,180,70,74
1581,46.83156417236079,1405,2.0,0.7457265853881836,422,452,132,88
1634,46.83156417236079,1405,2.0,0.6113072037696838,729,314,82,45
1678,46.83156417236079,1405,2.0,0.6192329525947571,1243,533,109,85
1666,46.83156417236079,1405,2.0,0.38275498151779175,1081,213,43,32
1660,46.83156417236079,1405,7.0,0.44244474172592163,1288,304,144,165
1547,46.86489624650482,1406,2.0,0.23451638221740723,1348,191,33,25
1549,46.86489624650482,1406,7.0,0.15298393368721008,1433,180,70,74
1581,46.86489624650482,1406,2.0,0.6280332207679749,403,460,136,88
1634,46.86489624650482,1406,2.0,0.2473466694355011,722,317,85,43
1678,46.86489624650482,1406,2.0,0.7255305647850037,1254,524,115,80
1666,46.86489624650482,1406,2.0,0.5311257839202881,1078,214,44,33
1660,46.86489624650482,1406,7.0,0.5098020434379578,1292,302,139,160
1547,46.898228320648855,1407,2.0,0.16366174817085266,1351,188,29,24
1549,46.898228320648855,1407,2.0,0.26692065596580505,1434,179,68,73
1581,46.898228320648855,1407,2.0,0.5647561550140381,387,467,131,90
1634,46.898228320648855,1407,2.0,0.4781590402126312,712,320,85,44
1678,46.898228320648855,1407,2.0,0.6612609624862671,1262,516,114,80
1666,46.898228320648855,1407,2.0,0.4587777554988861,1075,215,47,34
1660,46.898228320648855,1407,7.0,0.42813840508461,1296,298,133,154
1547,46.93156039479288,1408,2.0,0.3416104018688202,1352,186,29,25
1549,46.93156039479288,1408,2.0,0.3474590480327606,1436,179,69,75
1581,46.93156039479288,1408,2.0,0.47571563720703125,376,476,119,90
1634,46.93156039479288,1408,2.0,0.5364770293235779,702,322,88,45
1678,46.93156039479288,1408,2.0,0.5443347096443176,1267,506,110,80
1666,46.93156039479288,1408,2.0,0.5757643580436707,1071,216,47,35
1660,46.93156039479288,1408,7.0,0.36006155610084534,1299,296,128,153
1547,46.96489246893691,1409,2.0,0.29134440422058105,1354,186,31,25
1549,46.96489246893691,1409,2.0,0.2784019708633423,1439,177,70,72
1581,46.96489246893691,1409,2.0,0.6232895851135254,365,483,97,92
1634,46.96489246893691,1409,2.0,0.2875800132751465,689,327,86,46
1678,46.96489246893691,1409,2.0,0.43872201442718506,1273,497,111,77
1666,46.96489246893691,1409,2.0,0.40092459321022034,1066,218,46,35
1660,46.96489246893691,1409,7.0,0.46590882539749146,1302,293,127,147
1720,46.96489246893691,1409,2.0,0.43824514746665955,954,239,58,32
1547,46.99822454308094,1410,2.0,0.27857309579849243,1356,185,31,24
1549,46.99822454308094,1410,2.0,0.27184537053108215,1439,177,65,69
1581,46.99822454308094,1410,2.0,0.3847130239009857,354,482,83,79
1634,46.99822454308094,1410,2.0,0.4828789532184601,681,330,85,48
1678,46.99822454308094,1410,2.0,0.34614232182502747,1281,489,107,73
1666,46.99822454308094,1410,2.0,0.47723937034606934,1064,219,46,36
1660,46.99822454308094,1410,7.0,0.43521901965141296,1305,290,125,144
1720,46.99822454308094,1410,2.0,0.2496318817138672,951,240,62,32
1547,47.031556617224965,1411,2.0,0.24395576119422913,1358,184,33,25
1549,47.031556617224965,1411,2.0,0.20308250188827515,1439,175,63,69
1581,47.031556617224965,1411,2.0,0.36248424649238586,346,488,62,74
1634,47.031556617224965,1411,2.0,0.5371201038360596,670,334,86,47
1678,47.031556617224965,1411,2.0,0.2266162931919098,1284,480,96,73
1666,47.031556617224965,1411,2.0,0.39665111899375916,1059,222,47,33
1660,47.031556617224965,1411,7.0,0.3416215181350708,1310,286,122,145
1720,47.031556617224965,1411,2.0,0.24627409875392914,946,241,63,32
1547,47.064888691369,1412,2.0,0.3610958755016327,1359,184,34,25
1549,47.064888691369,1412,2.0,0.20521816611289978,1443,174,62,68
1634,47.064888691369,1412,2.0,0.3784216344356537,660,338,92,48
1678,47.064888691369,1412,2.0,0.4910316467285156,1290,472,96,70
1666,47.064888691369,1412,2.0,0.41734176874160767,1056,223,51,34
1660,47.064888691369,1412,7.0,0.2776433825492859,1314,282,121,143
1720,47.064888691369,1412,2.0,0.21720778942108154,937,242,57,33
1547,47.09822076551303,1413,2.0,0.19728945195674896,1361,184,36,24
1549,47.09822076551303,1413,2.0,0.16297706961631775,1443,173,62,66
1634,47.09822076551303,1413,2.0,0.5123430490493774,649,341,92,49
1678,47.09822076551303,1413,2.0,0.4698314666748047,1295,463,94,68
1666,47.09822076551303,1413,2.0,0.23512844741344452,1051,226,52,34
1660,47.09822076551303,1413,7.0,0.27899283170700073,1317,279,119,139
1720,47.09822076551303,1413,2.0,0.31296560168266296,930,245,57,30
1547,47.131552839657054,1414,2.0,0.15058518946170807,1362,184,38,24
1549,47.131552839657054,1414,2.0,0.11262135952711105,1444,171,61,65
1634,47.131552839657054,1414,2.0,0.5541003346443176,636,346,90,48
1678,47.131552839657054,1414,2.0,0.323170006275177,1302,456,95,69
1666,47.131552839657054,1414,2.0,0.36851510405540466,1046,226,53,36
1660,47.131552839657054,1414,7.0,0.33371418714523315,1320,276,118,140
1720,47.131552839657054,1414,2.0,0.4810752868652344,927,245,64,33
1549,47.16488491380108,1415,2.0,0.13932546973228455,1445,171,60,66
1634,47.16488491380108,1415,2.0,0.3276103138923645,624,350,92,48
1678,47.16488491380108,1415,2.0,0.43037667870521545,1309,450,96,66
1666,47.16488491380108,1415,2.0,0.3218291103839874,1039,229,49,36
1660,47.16488491380108,1415,7.0,0.42951515316963196,1323,274,117,138
1720,47.16488491380108,1415,2.0,0.45506593585014343,922,246,68,33
1549,47.19821698794511,1416,2.0,0.2423180192708969,1446,168,62,63
1634,47.19821698794511,1416,2.0,0.3338208496570587,611,355,92,48
1678,47.19821698794511,1416,2.0,0.4251664876937866,1313,442,93,65
1666,47.19821698794511,1416,2.0,0.42213284969329834,1035,231,50,36
1660,47.19821698794511,1416,7.0,0.506210207939148,1325,271,116,135
1730,47.19821698794511,1416,2.0,0.3936938941478729,1085,236,54,31
1549,47.231549062089144,1417,2.0,0.1415570080280304,1446,167,61,62
1634,47.231549062089144,1417,2.0,0.5311673283576965,600,358,92,49
1678,47.231549062089144,1417,2.0,0.39500516653060913,1318,436,90,65
1666,47.231549062089144,1417,2.0,0.3488331437110901,1030,233,49,36
1660,47.231549062089144,1417,7.0,0.5515317320823669,1328,268,112,133
1730,47.231549062089144,1417,2.0,0.4002877473831177,1081,238,52,30
1549,47.26488113623317,1418,2.0,0.12707580626010895,1445,168,60,65
1634,47.26488113623317,1418,2.0,0.5421302318572998,586,362,95,54
1678,47.26488113623317,1418,2.0,0.3410739302635193,1319,429,79,61
1666,47.26488113623317,1418,2.0,0.4714837074279785,1025,234,53,38
1660,47.26488113623317,1418,7.0,0.5753960609436035,1331,266,108,133
1730,47.26488113623317,1418,2.0,0.38138288259506226,1076,239,51,31
1733,47.26488113623317,1418,2.0,0.48576095700263977,101,574,148,112
1549,47.2982132103772,1419,2.0,0.10294197499752045,1446,165,60,61
1634,47.2982132103772,1419,2.0,0.47063755989074707,576,367,99,54
1678,47.2982132103772,1419,2.0,0.4984722435474396,1324,423,79,59
1666,47.2982132103772,1419,2.0,0.20647059381008148,1018,236,51,39
1660,47.2982132103772,1419,7.0,0.5510472059249878,1334,263,106,130
1730,47.2982132103772,1419,2.0,0.15829628705978394,1069,241,50,35
1733,47.2982132103772,1419,2.0,0.45627138018608093,91,581,168,121
1549,47.331545284521226,1420,2.0,0.1357799470424652,1449,167,58,63
1634,47.331545284521226,1420,2.0,0.5436306595802307,562,372,101,54
1678,47.331545284521226,1420,2.0,0.5074841380119324,1329,418,77,59
1666,47.331545284521226,1420,2.0,0.30564895272254944,1012,238,51,38
1660,47.331545284521226,1420,7.0,0.5544629096984863,1337,260,106,129
1730,47.331545284521226,1420,2.0,0.3031996190547943,1062,244,50,33
1733,47.331545284521226,1420,2.0,0.5969022512435913,86,588,172,122
1549,47.36487735866526,1421,2.0,0.21568450331687927,1450,167,59,64
1634,47.36487735866526,1421,2.0,0.3653741776943207,551,375,105,58
1678,47.36487735866526,1421,2.0,0.42900651693344116,1335,413,82,60
1666,47.36487735866526,1421,2.0,0.35277053713798523,1009,240,52,39
1660,47.36487735866526,1421,7.0,0.44656333327293396,1340,258,106,129
1730,47.36487735866526,1421,2.0,0.35009756684303284,1057,246,49,33
1733,47.36487735866526,1421,2.0,0.5562667846679688,74,596,148,121
1737,47.36487735866526,1421,2.0,0.5583224892616272,537,839,287,264
1720,47.36487735866526,1421,2.0,0.5891472101211548,884,258,70,40
1549,47.39820943280929,1422,2.0,0.16444921493530273,1451,165,58,63
1634,47.39820943280929,1422,2.0,0.1569046974182129,536,381,106,57
1678,47.39820943280929,1422,2.0,0.2549228370189667,1341,406,83,62
1666,47.39820943280929,1422,2.0,0.5236006379127502,1002,242,52,38
1660,47.39820943280929,1422,7.0,0.4985196590423584,1342,257,106,128
1730,47.39820943280929,1422,2.0,0.28386881947517395,1049,249,48,30
1733,47.39820943280929,1422,7.0,0.19433271884918213,55,605,111,114
1737,47.39820943280929,1422,2.0,0.29968491196632385,551,821,308,259
1720,47.39820943280929,1422,2.0,0.3126213848590851,878,259,73,43
1549,47.431541506953316,1423,2.0,0.12933248281478882,1451,164,57,63
1634,47.431541506953316,1423,2.0,0.14457717537879944,522,385,109,58
1678,47.431541506953316,1423,2.0,0.516642153263092,1344,400,79,59
1666,47.431541506953316,1423,2.0,0.3386467695236206,997,243,54,39
1660,47.431541506953316,1423,7.0,0.568877100944519,1346,253,103,125
1733,47.431541506953316,1423,2.0,0.652431309223175,38,607,76,97
1737,47.431541506953316,1423,2.0,0.5721413493156433,592,786,274,220
1720,47.431541506953316,1423,2.0,0.3644106090068817,871,261,75,44
1549,47.46487358109734,1424,2.0,0.2046649307012558,1451,164,57,62
1634,47.46487358109734,1424,2.0,0.3399500250816345,509,390,110,58
1678,47.46487358109734,1424,2.0,0.21855582296848297,1348,396,76,56
1666,47.46487358109734,1424,2.0,0.3078552484512329,991,246,55,38
1660,47.46487358109734,1424,7.0,0.5243406891822815,1349,251,100,122
1733,47.46487358109734,1424,2.0,0.5515546202659607,22,613,44,76
1737,47.46487358109734,1424,2.0,0.5188580751419067,628,764,251,215
1720,47.46487358109734,1424,2.0,0.4184318482875824,865,265,78,43
1549,47.49820565524137,1425,2.0,0.25453808903694153,1452,164,54,60
1634,47.49820565524137,1425,2.0,0.2465544193983078,494,396,112,59
1678,47.49820565524137,1425,2.0,0.33324018120765686,1351,391,73,56
1666,47.49820565524137,1425,2.0,0.4163896441459656,986,248,55,38
1660,47.49820565524137,1425,7.0,0.491865873336792,1351,250,97,120
1737,47.49820565524137,1425,2.0,0.5327073931694031,654,737,242,199
1720,47.49820565524137,1425,2.0,0.409837007522583,855,267,77,44
1549,47.531537729385406,1426,2.0,0.14820122718811035,1453,163,52,60
1634,47.531537729385406,1426,2.0,0.2717902362346649,479,400,114,60
1678,47.531537729385406,1426,2.0,0.43066099286079407,1354,386,69,55
1666,47.531537729385406,1426,2.0,0.48308300971984863,980,249,56,38
1660,47.531537729385406,1426,7.0,0.4599548578262329,1353,249,97,115
1737,47.531537729385406,1426,2.0,0.4176933765411377,680,717,230,182
1720,47.531537729385406,1426,2.0,0.5833505392074585,848,270,78,44
1549,47.56486980352943,1427,2.0,0.13054238259792328,1454,163,52,59
1634,47.56486980352943,1427,2.0,0.31803861260414124,463,406,115,61
1678,47.56486980352943,1427,2.0,0.36821243166923523,1357,381,69,53
1666,47.56486980352943,1427,2.0,0.4074362814426422,974,251,54,39
1660,47.56486980352943,1427,7.0,0.5300036668777466,1356,246,96,111
1737,47.56486980352943,1427,2.0,0.4595659375190735,694,701,245,182
1720,47.56486980352943,1427,2.0,0.5058450698852539,842,271,82,43
1549,47.59820187767346,1428,2.0,0.14481298625469208,1456,162,48,58
1634,47.59820187767346,1428,2.0,0.264966756105423,449,411,118,62
1678,47.59820187767346,1428,2.0,0.3684201240539551,1361,375,70,50
1666,47.59820187767346,1428,2.0,0.2860654294490814,966,255,51,38
1660,47.59820187767346,1428,7.0,0.5506120920181274,1359,243,95,111
1737,47.59820187767346,1428,2.0,0.39973336458206177,715,681,237,168
1720,47.59820187767346,1428,2.0,0.555074155330658,835,275,84,44
1549,47.63153395181749,1429,2.0,0.19868351519107819,1459,162,49,59
1634,47.63153395181749,1429,2.0,0.40459635853767395,433,418,120,61
1678,47.63153395181749,1429,2.0,0.3457883894443512,1366,371,70,50
1666,47.63153395181749,1429,2.0,0.3459310233592987,960,257,53,41
1660,47.63153395181749,1429,7.0,0.48796623945236206,1360,239,93,114
1737,47.63153395181749,1429,2.0,0.6422565579414368,737,670,229,172
1720,47.63153395181749,1429,2.0,0.5042442083358765,829,277,85,45
1549,47.664866025961516,1430,2.0,0.26715323328971863,1460,162,48,58
1634,47.664866025961516,1430,2.0,0.38927310705184937,417,423,125,61
1678,47.664866025961516,1430,2.0,0.558347225189209,1370,366,74,53
1666,47.664866025961516,1430,2.0,0.2751491069793701,955,260,55,45
1660,47.664866025961516,1430,7.0,0.44113191962242126,1361,236,93,115
1737,47.664866025961516,1430,2.0,0.6779173016548157,762,659,213,175
1720,47.664866025961516,1430,2.0,0.44389280676841736,819,280,82,46
1549,47.69819810010555,1431,2.0,0.1908893883228302,1460,161,47,58
1634,47.69819810010555,1431,2.0,0.17018882930278778,400,428,125,65
1678,47.69819810010555,1431,2.0,0.5053651928901672,1372,361,70,52
1660,47.69819810010555,1431,7.0,0.5743809938430786,1363,234,90,113
1737,47.69819810010555,1431,2.0,0.6154499650001526,781,638,208,162
1720,47.69819810010555,1431,2.0,0.46376344561576843,812,282,86,47
1753,47.69819810010555,1431,2.0,0.5288637280464172,462,738,204,142
1549,47.73153017424958,1432,2.0,0.2248486429452896,1460,160,48,59
1634,47.73153017424958,1432,2.0,0.11174020171165466,384,436,124,67
1678,47.73153017424958,1432,2.0,0.33566826581954956,1372,356,64,49
1660,47.73153017424958,1432,7.0,0.5269290208816528,1365,233,88,112
1737,47.73153017424958,1432,2.0,0.6507542729377747,802,623,197,150
1720,47.73153017424958,1432,2.0,0.10078965127468109,803,284,84,47
1753,47.73153017424958,1432,2.0,0.7752274870872498,482,720,214,136
1549,47.764862248393605,1433,2.0,0.2593461275100708,1462,158,47,58
1678,47.764862248393605,1433,2.0,0.16173963248729706,1374,350,62,47
1660,47.764862248393605,1433,7.0,0.5348765850067139,1368,231,87,111
1737,47.764862248393605,1433,2.0,0.5054457187652588,825,609,180,143
1720,47.764862248393605,1433,2.0,0.29197585582733154,795,286,84,47
1753,47.764862248393605,1433,2.0,0.7724757194519043,511,697,213,129
1666,47.764862248393605,1433,2.0,0.2669917643070221,938,268,61,46
1549,47.79819432253763,1434,2.0,0.2543586492538452,1463,157,47,59
1678,47.79819432253763,1434,2.0,0.2616173028945923,1379,347,65,48
1660,47.79819432253763,1434,7.0,0.5160767436027527,1370,230,88,110
1737,47.79819432253763,1434,2.0,0.744358479976654,838,595,185,136
1720,47.79819432253763,1434,2.0,0.16100242733955383,785,291,83,45
1753,47.79819432253763,1434,2.0,0.8094967603683472,541,679,206,127
1666,47.79819432253763,1434,2.0,0.23984868824481964,932,270,66,47
1549,47.83152639668167,1435,2.0,0.2612738609313965,1463,156,47,58
1678,47.83152639668167,1435,2.0,0.3382929265499115,1383,343,67,47
1660,47.83152639668167,1435,7.0,0.5947351455688477,1373,229,89,109
1737,47.83152639668167,1435,2.0,0.7489264011383057,857,585,173,133
1720,47.83152639668167,1435,2.0,0.22683817148208618,778,291,87,48
1753,47.83152639668167,1435,2.0,0.7926759123802185,568,662,198,120
1666,47.83152639668167,1435,2.0,0.38217881321907043,935,274,85,52
1549,47.864858470825695,1436,2.0,0.16748245060443878,1462,155,46,54
1678,47.864858470825695,1436,2.0,0.24204763770103455,1387,340,65,48
1660,47.864858470825695,1436,7.0,0.5952832698822021,1376,227,88,107
1737,47.864858470825695,1436,2.0,0.7354523539543152,873,572,166,126
1720,47.864858470825695,1436,2.0,0.2959097921848297,767,296,85,48
1753,47.864858470825695,1436,2.0,0.8442455530166626,595,646,192,121
1666,47.864858470825695,1436,2.0,0.3237806558609009,934,278,98,53
1549,47.89819054496972,1437,2.0,0.12728001177310944,1464,154,44,55
1678,47.89819054496972,1437,2.0,0.19458399713039398,1385,335,53,42
1660,47.89819054496972,1437,7.0,0.485012024641037,1379,226,87,102
1737,47.89819054496972,1437,2.0,0.6311479210853577,893,559,156,123
1753,47.89819054496972,1437,2.0,0.8196352124214172,620,628,186,112
1666,47.89819054496972,1437,2.0,0.3446531891822815,931,281,95,55
1549,47.93152261911375,1438,2.0,0.16187931597232819,1465,154,48,55
1678,47.93152261911375,1438,2.0,0.11470016837120056,1389,332,54,44
1660,47.93152261911375,1438,7.0,0.5146349668502808,1381,225,85,101
1737,47.93152261911375,1438,2.0,0.7421134114265442,908,547,149,118
1753,47.93152261911375,1438,2.0,0.7611672878265381,644,614,179,110
1666,47.93152261911375,1438,2.0,0.39044180512428284,928,287,84,54
1549,47.96485469325778,1439,2.0,0.11207069456577301,1464,154,52,56
1678,47.96485469325778,1439,2.0,0.14037226140499115,1391,328,57,44
1660,47.96485469325778,1439,7.0,0.5400157570838928,1382,226,85,96
1737,47.96485469325778,1439,2.0,0.7150458097457886,923,535,143,110
1753,47.96485469325778,1439,2.0,0.7885327935218811,666,601,172,104
1666,47.96485469325778,1439,2.0,0.3921883702278137,916,289,97,58
1549,47.99818676740181,1440,2.0,0.1686493456363678,1465,153,53,56
1678,47.99818676740181,1440,2.0,0.2709701359272003,1397,324,59,44
1660,47.99818676740181,1440,7.0,0.48680996894836426,1384,222,84,97
1737,47.99818676740181,1440,2.0,0.6796416640281677,936,525,135,106
1753,47.99818676740181,1440,2.0,0.7528152465820312,688,586,169,102
1666,47.99818676740181,1440,2.0,0.3713071346282959,906,291,98,61
1549,48.03151884154584,1441,2.0,0.1644151657819748,1467,152,51,55
1678,48.03151884154584,1441,2.0,0.6204412579536438,1400,323,61,42
1660,48.03151884154584,1441,7.0,0.5367041826248169,1386,220,84,97
1737,48.03151884154584,1441,2.0,0.43083634972572327,946,518,139,99
1753,48.03151884154584,1441,2.0,0.8006471395492554,707,576,159,100
1666,48.03151884154584,1441,2.0,0.18071556091308594,898,292,98,65
1678,48.06485091568987,1442,2.0,0.614682674407959,1402,319,60,45
1660,48.06485091568987,1442,7.0,0.5544502139091492,1388,218,82,95
1737,48.06485091568987,1442,2.0,0.6362783312797546,960,507,133,100
1753,48.06485091568987,1442,2.0,0.729041337966919,728,562,156,96
1678,48.098182989833894,1443,2.0,0.5537435412406921,1405,316,59,43
1660,48.098182989833894,1443,7.0,0.5121490955352783,1390,216,81,93
1737,48.098182989833894,1443,2.0,0.6747647523880005,977,496,122,101
1753,48.098182989833894,1443,2.0,0.7104227542877197,745,551,149,92
1779,48.098182989833894,1443,2.0,0.5077536702156067,972,234,48,28
1720,48.098182989833894,1443,2.0,0.34420832991600037,708,317,99,56
1678,48.13151506397792,1444,2.0,0.5805770754814148,1407,312,57,43
1660,48.13151506397792,1444,7.0,0.48010656237602234,1391,213,79,97
1737,48.13151506397792,1444,2.0,0.7593071460723877,988,490,122,101
1753,48.13151506397792,1444,2.0,0.7694348692893982,762,538,143,91
1779,48.13151506397792,1444,2.0,0.45040541887283325,967,235,48,29
1720,48.13151506397792,1444,2.0,0.4014272391796112,699,321,103,57
1666,48.13151506397792,1444,2.0,0.3086578845977783,870,304,97,69
1678,48.16484713812196,1445,2.0,0.6315568089485168,1409,309,58,42
1660,48.16484713812196,1445,7.0,0.4975726902484894,1393,215,78,94
1737,48.16484713812196,1445,2.0,0.6810879111289978,999,479,113,91
1753,48.16484713812196,1445,2.0,0.7259035110473633,783,530,146,93
1779,48.16484713812196,1445,2.0,0.46867045760154724,962,237,49,29
1720,48.16484713812196,1445,2.0,0.4656260013580322,686,325,100,56
1666,48.16484713812196,1445,2.0,0.29481855034828186,862,308,98,70
1678,48.198179212265984,1446,2.0,0.6267011165618896,1412,306,60,42
1660,48.198179212265984,1446,7.0,0.5982814431190491,1394,215,77,95
1737,48.198179212265984,1446,2.0,0.5787646770477295,1009,472,117,90
1753,48.198179212265984,1446,2.0,0.8282921314239502,801,519,140,84
1779,48.198179212265984,1446,2.0,0.47641313076019287,955,238,52,28
1720,48.198179212265984,1446,2.0,0.4619264304637909,675,328,99,57
1666,48.198179212265984,1446,2.0,0.23130680620670319,853,312,98,71
1784,48.198179212265984,1446,2.0,0.631281852722168,810,600,363,246
1678,48.23151128641001,1447,2.0,0.3495570123195648,1414,303,59,41
1660,48.23151128641001,1447,7.0,0.41037657856941223,1395,215,75,93
1737,48.23151128641001,1447,2.0,0.576468825340271,1021,465,111,88
1753,48.23151128641001,1447,2.0,0.75702965259552,815,511,136,88
1779,48.23151128641001,1447,2.0,0.41723647713661194,950,240,50,28
1720,48.23151128641001,1447,2.0,0.16778264939785004,664,332,100,56
1666,48.23151128641001,1447,2.0,0.16078278422355652,850,322,86,59
1784,48.23151128641001,1447,2.0,0.4898352026939392,824,583,346,244
1678,48.26484336055404,1448,2.0,0.4850079417228699,1416,300,59,39
1660,48.26484336055404,1448,7.0,0.4278806149959564,1396,212,73,92
1737,48.26484336055404,1448,2.0,0.6394895911216736,1033,455,103,83
1753,48.26484336055404,1448,2.0,0.763149619102478,831,499,135,86
1779,48.26484336055404,1448,2.0,0.3948116898536682,945,242,50,29
1720,48.26484336055404,1448,2.0,0.3376425504684448,650,337,93,55
1666,48.26484336055404,1448,2.0,0.2408209890127182,837,322,90,69
1784,48.26484336055404,1448,2.0,0.4692167341709137,843,567,335,236
1678,48.298175434698074,1449,2.0,0.3335449695587158,1418,297,59,39
1660,48.298175434698074,1449,7.0,0.29746198654174805,1398,209,71,89
1737,48.298175434698074,1449,2.0,0.6125865578651428,1043,449,100,85
1753,48.298175434698074,1449,2.0,0.8187474608421326,846,490,129,87
1779,48.298175434698074,1449,2.0,0.2887322008609772,939,243,52,31
1720,48.298175434698074,1449,2.0,0.5415362119674683,642,339,106,58
1666,48.298175434698074,1449,2.0,0.28834420442581177,826,324,92,75
1784,48.298175434698074,1449,2.0,0.7311702966690063,864,556,321,231
1678,48.3315075088421,1450,2.0,0.3298296332359314,1419,294,59,41
1660,48.3315075088421,1450,7.0,0.3866279423236847,1399,206,72,91
1737,48.3315075088421,1450,2.0,0.6433520317077637,1054,443,95,84
1753,48.3315075088421,1450,2.0,0.8310576677322388,859,482,125,85
1779,48.3315075088421,1450,2.0,0.36008766293525696,933,245,52,30
1720,48.3315075088421,1450,2.0,0.21764233708381653,631,342,104,61
1666,48.3315075088421,1450,7.0,0.2877195477485657,814,328,95,79
1784,48.3315075088421,1450,2.0,0.4597397446632385,877,546,314,226
1678,48.36483958298613,1451,2.0,0.28798502683639526,1420,291,59,41
1660,48.36483958298613,1451,7.0,0.4747655689716339,1402,203,71,92
1737,48.36483958298613,1451,2.0,0.7123316526412964,1063,437,93,83
1753,48.36483958298613,1451,2.0,0.7851696610450745,875,472,125,85
1779,48.36483958298613,1451,2.0,0.4530964195728302,926,247,52,31
1720,48.36483958298613,1451,2.0,0.3851928412914276,617,348,100,57
1666,48.36483958298613,1451,7.0,0.446339875459671,804,330,99,83
1784,48.36483958298613,1451,2.0,0.6342825293540955,892,540,293,221
1791,48.36483958298613,1451,2.0,0.3984983265399933,805,330,98,84
1678,48.398171657130156,1452,2.0,0.31933316588401794,1423,288,56,39
1660,48.398171657130156,1452,7.0,0.20759080350399017,1403,203,71,92
1737,48.398171657130156,1452,2.0,0.5784821510314941,1071,430,93,79
1753,48.398171657130156,1452,2.0,0.7696302533149719,891,465,124,81
1779,48.398171657130156,1452,2.0,0.2226695865392685,921,249,55,32
1720,48.398171657130156,1452,2.0,0.401900976896286,607,352,107,57
1666,48.398171657130156,1452,2.0,0.4157441258430481,791,335,95,83
1784,48.398171657130156,1452,2.0,0.4856458902359009,927,522,331,225
1791,48.398171657130156,1452,7.0,0.33799901604652405,794,334,96,84
1678,48.431503731274184,1453,2.0,0.27461403608322144,1425,285,54,38
1660,48.431503731274184,1453,7.0,0.16113285720348358,1407,202,72,92
1737,48.431503731274184,1453,2.0,0.5686976909637451,1079,423,88,77
1753,48.431503731274184,1453,2.0,0.6546817421913147,901,457,118,79
1779,48.431503731274184,1453,2.0,0.4008430242538452,915,251,58,33
1720,48.431503731274184,1453,2.0,0.25827398896217346,594,357,105,57
1666,48.431503731274184,1453,2.0,0.5209113955497742,780,338,94,88
1784,48.431503731274184,1453,2.0,0.5074617266654968,932,514,298,214
1678,48.46483580541822,1454,2.0,0.40901124477386475,1427,283,50,35
1660,48.46483580541822,1454,7.0,0.20563390851020813,1406,205,65,77
1737,48.46483580541822,1454,2.0,0.5682403445243835,1088,418,87,78
1753,48.46483580541822,1454,2.0,0.7587540745735168,913,450,113,78
1779,48.46483580541822,1454,2.0,0.4935125708580017,908,253,57,32
1720,48.46483580541822,1454,2.0,0.3086155652999878,583,361,107,60
1666,48.46483580541822,1454,2.0,0.5143205523490906,769,343,91,88
1784,48.46483580541822,1454,2.0,0.35341399908065796,964,494,319,222
1795,48.46483580541822,1454,2.0,0.47658249735832214,440,776,156,130
1678,48.498167879562246,1455,2.0,0.41596025228500366,1427,281,49,35
1660,48.498167879562246,1455,7.0,0.1758398413658142,1409,201,67,78
1737,48.498167879562246,1455,2.0,0.5364340543746948,1096,408,86,71
1753,48.498167879562246,1455,2.0,0.8470669388771057,925,442,112,76
1779,48.498167879562246,1455,2.0,0.5265759825706482,902,255,58,33
1720,48.498167879562246,1455,2.0,0.3601905107498169,572,364,114,62
1666,48.498167879562246,1455,2.0,0.3783496618270874,757,351,88,84
1784,48.498167879562246,1455,2.0,0.38473647832870483,968,486,289,208
1795,48.498167879562246,1455,2.0,0.7110005617141724,451,757,182,129
1678,48.53149995370627,1456,2.0,0.4406091272830963,1429,278,49,36
1660,48.53149995370627,1456,7.0,0.27678045630455017,1410,200,66,76
1737,48.53149995370627,1456,2.0,0.5154131650924683,1104,403,82,71
1753,48.53149995370627,1456,2.0,0.7677602171897888,937,435,107,77
1779,48.53149995370627,1456,2.0,0.6792669892311096,895,258,59,32
1720,48.53149995370627,1456,2.0,0.4106695055961609,560,368,117,66
1666,48.53149995370627,1456,2.0,0.19540733098983765,747,354,90,93
1784,48.53149995370627,1456,2.0,0.6451948285102844,967,484,263,193
1795,48.53149995370627,1456,2.0,0.8332656621932983,471,735,198,121
1678,48.5648320278503,1457,2.0,0.5397331118583679,1433,276,50,35
1660,48.5648320278503,1457,7.0,0.27487510442733765,1412,197,67,81
1737,48.5648320278503,1457,2.0,0.570031464099884,1112,398,81,68
1753,48.5648320278503,1457,2.0,0.7237749099731445,948,428,108,76
1779,48.5648320278503,1457,2.0,0.6894741058349609,889,260,58,34
1720,48.5648320278503,1457,2.0,0.605124294757843,547,371,118,69
1666,48.5648320278503,1457,2.0,0.511695384979248,733,371,86,71
1784,48.5648320278503,1457,2.0,0.6469524502754211,976,479,248,179
1795,48.5648320278503,1457,2.0,0.8630329966545105,500,714,198,117
1678,48.598164101994335,1458,2.0,0.5451918244361877,1434,275,52,34
1660,48.598164101994335,1458,7.0,0.39561912417411804,1413,196,65,80
1737,48.598164101994335,1458,2.0,0.5501004457473755,1119,392,79,65
1753,48.598164101994335,1458,2.0,0.6923314929008484,960,421,107,73
1779,48.598164101994335,1458,2.0,0.7060121297836304,884,261,59,33
1720,48.598164101994335,1458,2.0,0.39179879426956177,535,375,124,69
1666,48.598164101994335,1458,2.0,0.1849697083234787,719,380,88,65
1784,48.598164101994335,1458,2.0,0.5435537695884705,985,473,240,167
1795,48.598164101994335,1458,2.0,0.82242351770401,530,697,192,117
1678,48.63149617613836,1459,2.0,0.4626044034957886,1435,273,52,35
1660,48.63149617613836,1459,7.0,0.2836821675300598,1413,195,63,80
1737,48.63149617613836,1459,2.0,0.5694079399108887,1127,387,76,66
1753,48.63149617613836,1459,2.0,0.6280338764190674,971,416,104,71
1779,48.63149617613836,1459,2.0,0.7057832479476929,877,263,59,36
1720,48.63149617613836,1459,2.0,0.3210729956626892,520,381,121,69
1666,48.63149617613836,1459,2.0,0.44170263409614563,708,390,96,60
1784,48.63149617613836,1459,2.0,0.49830174446105957,998,468,234,178
1795,48.63149617613836,1459,2.0,0.8366426825523376,559,677,186,110
1678,48.66482825028239,1460,2.0,0.3624895215034485,1436,271,49,33
1660,48.66482825028239,1460,7.0,0.4225490689277649,1414,193,62,81
1737,48.66482825028239,1460,2.0,0.41760730743408203,1134,383,76,69
1753,48.66482825028239,1460,2.0,0.6636450886726379,980,409,99,69
1779,48.66482825028239,1460,2.0,0.6046827435493469,869,266,60,37
1720,48.66482825028239,1460,2.0,0.1415761411190033,491,388,96,68
1666,48.66482825028239,1460,2.0,0.31998297572135925,690,396,91,61
1784,48.66482825028239,1460,2.0,0.49383288621902466,1031,450,261,186
1795,48.66482825028239,1460,2.0,0.8094242811203003,588,663,183,113
1678,48.69816032442642,1461,2.0,0.3837660253047943,1437,268,50,34
1660,48.69816032442642,1461,7.0,0.2072131484746933,1415,191,60,77
1737,48.69816032442642,1461,2.0,0.49410033226013184,1141,378,74,67
1753,48.69816032442642,1461,2.0,0.5863040685653687,991,403,98,67
1779,48.69816032442642,1461,2.0,0.45679783821105957,864,268,58,36
1720,48.69816032442642,1461,2.0,0.10887396335601807,469,396,80,62
1666,48.69816032442642,1461,2.0,0.25081512331962585,674,403,94,62
1784,48.69816032442642,1461,2.0,0.44552555680274963,1050,442,277,196
1795,48.69816032442642,1461,2.0,0.8310098052024841,615,647,177,110
1678,48.731492398570445,1462,2.0,0.16741956770420074,1439,266,49,32
1660,48.731492398570445,1462,7.0,0.2587137222290039,1415,191,59,75
1737,48.731492398570445,1462,2.0,0.10168013721704483,1146,372,73,63
1753,48.731492398570445,1462,2.0,0.6029171347618103,1000,397,96,68
1779,48.731492398570445,1462,2.0,0.6196596622467041,857,270,62,38
1720,48.731492398570445,1462,2.0,0.39525747299194336,467,398,113,71
1666,48.731492398570445,1462,2.0,0.27382633090019226,661,410,102,63
1784,48.731492398570445,1462,2.0,0.5191011428833008,1058,431,267,188
1795,48.731492398570445,1462,2.0,0.8267112970352173,639,631,169,105
1678,48.76482447271448,1463,2.0,0.33126169443130493,1441,263,47,31
1660,48.76482447271448,1463,7.0,0.11026617884635925,1416,191,57,72
1737,48.76482447271448,1463,2.0,0.207285076379776,1153,366,70,58
1753,48.76482447271448,1463,2.0,0.6097620129585266,1010,390,96,66
1779,48.76482447271448,1463,2.0,0.6459687948226929,850,272,65,39
1720,48.76482447271448,1463,2.0,0.28958606719970703,458,404,128,72
1666,48.76482447271448,1463,2.0,0.5300067663192749,642,418,98,63
1784,48.76482447271448,1463,2.0,0.3620924651622772,1075,422,265,179
1795,48.76482447271448,1463,2.0,0.7941745519638062,664,616,165,103
1678,48.79815654685851,1464,2.0,0.4815521836280823,1444,261,44,31
1737,48.79815654685851,1464,2.0,0.22144454717636108,1159,362,68,57
1753,48.79815654685851,1464,2.0,0.5557947754859924,1021,386,95,65
1779,48.79815654685851,1464,2.0,0.5583434700965881,843,274,65,38
1720,48.79815654685851,1464,2.0,0.17805176973342896,447,409,135,73
1666,48.79815654685851,1464,2.0,0.6543039083480835,626,424,103,63
1784,48.79815654685851,1464,2.0,0.48083457350730896,1081,414,255,170
1795,48.79815654685851,1464,2.0,0.7792729735374451,687,603,161,104
1678,48.831488621002535,1465,2.0,0.36810797452926636,1445,260,42,31
1737,48.831488621002535,1465,2.0,0.19340772926807404,1165,354,72,52
1753,48.831488621002535,1465,2.0,0.5255416631698608,1028,380,92,67
1779,48.831488621002535,1465,2.0,0.5808320641517639,836,276,67,40
1720,48.831488621002535,1465,2.0,0.13493919372558594,436,413,147,76
1666,48.831488621002535,1465,2.0,0.5964329242706299,610,432,108,64
1784,48.831488621002535,1465,2.0,0.608884334564209,1090,408,254,167
1795,48.831488621002535,1465,2.0,0.7554503083229065,710,591,159,103
1678,48.86482069514656,1466,2.0,0.4313991367816925,1447,257,41,30
1737,48.86482069514656,1466,2.0,0.300095796585083,1172,351,66,55
1753,48.86482069514656,1466,2.0,0.5634788274765015,1036,377,91,68
1779,48.86482069514656,1466,2.0,0.551451563835144,827,280,65,38
1720,48.86482069514656,1466,2.0,0.21326564252376556,418,419,145,78
1666,48.86482069514656,1466,2.0,0.44055649638175964,593,439,109,68
1784,48.86482069514656,1466,2.0,0.6016449928283691,1095,404,246,169
1795,48.86482069514656,1466,2.0,0.8373429775238037,728,578,150,98
1678,48.89815276929059,1467,2.0,0.36106789112091064,1448,256,41,29
1737,48.89815276929059,1467,2.0,0.2533394992351532,1177,346,66,53
1753,48.89815276929059,1467,2.0,0.5714926719665527,1045,369,90,66
1779,48.89815276929059,1467,2.0,0.6866493821144104,820,282,66,39
1720,48.89815276929059,1467,2.0,0.24493542313575745,400,424,144,81
1666,48.89815276929059,1467,2.0,0.3692328929901123,576,446,115,69
1784,48.89815276929059,1467,2.0,0.5424358248710632,1102,398,235,164
1795,48.89815276929059,1467,2.0,0.7875195741653442,747,564,142,92
1678,48.931484843434625,1468,2.0,0.19771254062652588,1449,254,41,30
1737,48.931484843434625,1468,2.0,0.3060854971408844,1183,343,63,53
1753,48.931484843434625,1468,2.0,0.3759259283542633,1053,365,88,64
1779,48.931484843434625,1468,2.0,0.5527850985527039,812,285,68,41
1666,48.931484843434625,1468,2.0,0.512734055519104,555,455,120,71
1784,48.931484843434625,1468,2.0,0.5766048431396484,1111,393,231,160
1795,48.931484843434625,1468,2.0,0.755881130695343,765,551,138,86
1811,48.931484843434625,1468,2.0,0.5001416206359863,594,388,104,68
1678,48.96481691757865,1469,2.0,0.21340136229991913,1450,252,42,30
1737,48.96481691757865,1469,2.0,0.3042106032371521,1188,340,65,56
1753,48.96481691757865,1469,2.0,0.4413442313671112,1060,361,84,58
1779,48.96481691757865,1469,2.0,0.5878086090087891,805,287,69,40
1666,48.96481691757865,1469,2.0,0.6491699814796448,537,463,124,71
1784,48.96481691757865,1469,2.0,0.4853847622871399,1121,386,230,156
1795,48.96481691757865,1469,2.0,0.7966616153717041,785,541,136,87
1678,48.99814899172268,1470,2.0,0.16514964401721954,1451,252,41,29
1737,48.99814899172268,1470,2.0,0.34021198749542236,1195,337,66,57
1753,48.99814899172268,1470,2.0,0.562076985836029,1069,357,84,62
1779,48.99814899172268,1470,2.0,0.38600555062294006,796,289,71,41
1666,48.99814899172268,1470,2.0,0.6321644186973572,516,471,126,73
1784,48.99814899172268,1470,2.0,0.3714926242828369,1130,382,225,149
1795,48.99814899172268,1470,2.0,0.794639527797699,802,529,130,84
1737,49.03148106586671,1471,2.0,0.21819886565208435,1199,332,64,55
1753,49.03148106586671,1471,2.0,0.5533900260925293,1076,352,83,62
1779,49.03148106586671,1471,2.0,0.5209882855415344,788,292,70,43
1666,49.03148106586671,1471,2.0,0.37547385692596436,494,481,126,74
1784,49.03148106586671,1471,2.0,0.5392175912857056,1135,377,220,146
1795,49.03148106586671,1471,2.0,0.7944539785385132,820,520,128,83
1737,49.06481314001074,1472,2.0,0.2212105095386505,1203,328,62,57
1753,49.06481314001074,1472,2.0,0.5527839660644531,1084,346,79,59
1779,49.06481314001074,1472,2.0,0.4969768822193146,781,295,71,42
1666,49.06481314001074,1472,2.0,0.6128506064414978,471,490,129,78
1784,49.06481314001074,1472,2.0,0.48811206221580505,1141,369,213,144
1795,49.06481314001074,1472,2.0,0.7591774463653564,835,510,126,83
1753,49.09814521415477,1473,2.0,0.4067676365375519,1091,342,80,60
1779,49.09814521415477,1473,2.0,0.4004138708114624,772,298,72,44
1666,49.09814521415477,1473,2.0,0.4395983815193176,450,501,135,77
1784,49.09814521415477,1473,2.0,0.6414737105369568,1151,366,214,145
1795,49.09814521415477,1473,2.0,0.6561936736106873,850,499,121,79
1753,49.1314772882988,1474,2.0,0.4205721616744995,1099,338,80,57
1779,49.1314772882988,1474,2.0,0.40552809834480286,763,302,76,44
1666,49.1314772882988,1474,2.0,0.5813032984733582,428,511,140,79
1784,49.1314772882988,1474,2.0,0.5770182609558105,1158,363,213,143
1795,49.1314772882988,1474,2.0,0.6591697335243225,865,490,117,78
1753,49.164809362442824,1475,2.0,0.32977649569511414,1105,336,76,59
1779,49.164809362442824,1475,2.0,0.28636080026626587,754,306,76,40
1666,49.164809362442824,1475,2.0,0.10777898132801056,403,522,134,81
1784,49.164809362442824,1475,2.0,0.5311115384101868,1164,357,206,135
1795,49.164809362442824,1475,2.0,0.5357254147529602,880,481,114,75
1816,49.164809362442824,1475,2.0,0.44683578610420227,483,431,121,77
1817,49.164809362442824,1475,2.0,0.5611668825149536,479,750,216,136
1753,49.19814143658685,1476,2.0,0.2439516931772232,1110,333,70,55
1779,49.19814143658685,1476,2.0,0.6365190148353577,746,309,77,43
1666,49.19814143658685,1476,2.0,0.10365857183933258,386,534,118,83
1784,49.19814143658685,1476,2.0,0.6032904386520386,1168,353,196,135
1795,49.19814143658685,1476,2.0,0.714544415473938,895,472,117,75
1817,49.19814143658685,1476,2.0,0.7104313373565674,503,732,219,131
1753,49.231473510730886,1477,2.0,0.48729172348976135,1117,327,73,57
1779,49.231473510730886,1477,2.0,0.6916346549987793,737,311,80,45
1666,49.231473510730886,1477,2.0,0.3259528875350952,372,543,95,81
1784,49.231473510730886,1477,2.0,0.5712598562240601,1173,350,190,133
1795,49.231473510730886,1477,2.0,0.543624758720398,910,464,115,74
1817,49.231473510730886,1477,2.0,0.6514317393302917,534,712,212,125
1753,49.264805584874914,1478,2.0,0.37500813603401184,1124,321,74,52
1779,49.264805584874914,1478,2.0,0.6018145680427551,728,314,79,46
1784,49.264805584874914,1478,2.0,0.49517908692359924,1177,345,187,126
1795,49.264805584874914,1478,2.0,0.45246240496635437,923,456,116,73
1817,49.264805584874914,1478,2.0,0.7257258892059326,568,693,210,123
1753,49.29813765901894,1479,2.0,0.25639790296554565,1129,319,70,54
1779,49.29813765901894,1479,2.0,0.407023549079895,718,317,79,49
1784,49.29813765901894,1479,2.0,0.4443351626396179,1182,341,181,124
1795,49.29813765901894,1479,2.0,0.6538941264152527,934,449,108,70
1817,49.29813765901894,1479,2.0,0.7605220079421997,596,677,206,118
1779,49.33146973316297,1480,2.0,0.5259623527526855,709,320,83,48
1784,49.33146973316297,1480,2.0,0.2355937361717224,1189,338,181,127
1795,49.33146973316297,1480,2.0,0.5958442091941833,945,441,104,69
1817,49.33146973316297,1480,2.0,0.13991831243038177,620,662,195,113
1779,49.364801807306996,1481,2.0,0.5656917095184326,699,324,86,48
1784,49.364801807306996,1481,2.0,0.33603012561798096,1196,332,180,121
1795,49.364801807306996,1481,2.0,0.6518296003341675,956,433,103,70
1817,49.364801807306996,1481,2.0,0.3823319673538208,646,644,189,109
1825,49.364801807306996,1481,2.0,0.42426592111587524,1245,299,58,48
1779,49.39813388145103,1482,2.0,0.4714423716068268,689,327,86,46
1784,49.39813388145103,1482,2.0,0.520703136920929,1201,328,177,116
1795,49.39813388145103,1482,2.0,0.7354891300201416,969,427,107,70
1817,49.39813388145103,1482,2.0,0.6378278136253357,672,629,189,107
1825,49.39813388145103,1482,2.0,0.37790828943252563,1248,299,59,50
1779,49.43146595559506,1483,2.0,0.5879207253456116,681,331,90,47
1784,49.43146595559506,1483,2.0,0.31925028562545776,1204,328,172,119
1795,49.43146595559506,1483,2.0,0.5828303098678589,981,420,104,68
1817,49.43146595559506,1483,2.0,0.3949310779571533,693,615,182,104
1825,49.43146595559506,1483,2.0,0.3943469524383545,1246,296,66,50
1779,49.464798029739086,1484,2.0,0.5826030969619751,670,334,87,48
1784,49.464798029739086,1484,2.0,0.5867356061935425,1209,326,168,119
1795,49.464798029739086,1484,2.0,0.525615930557251,993,414,107,69
1817,49.464798029739086,1484,2.0,0.7705907821655273,716,603,179,101
1828,49.464798029739086,1484,2.0,0.6957998871803284,112,637,150,112
1779,49.49813010388311,1485,2.0,0.5354058742523193,659,338,91,48
1784,49.49813010388311,1485,2.0,0.5250575542449951,1214,323,164,118
1795,49.49813010388311,1485,2.0,0.47367388010025024,1004,407,106,69
1817,49.49813010388311,1485,2.0,0.20375441014766693,734,590,167,99
1828,49.49813010388311,1485,2.0,0.18936002254486084,98,652,174,113
1779,49.53146217802715,1486,2.0,0.6606888771057129,648,341,89,50
1784,49.53146217802715,1486,2.0,0.31834957003593445,1204,324,133,107
1795,49.53146217802715,1486,2.0,0.4230559766292572,1013,401,102,66
1817,49.53146217802715,1486,2.0,0.39508429169654846,752,578,161,96
1828,49.53146217802715,1486,2.0,0.42219075560569763,85,670,169,119
1779,49.564794252171176,1487,2.0,0.5914568901062012,638,345,90,50
1784,49.564794252171176,1487,2.0,0.2934873402118683,1203,328,114,88
1795,49.564794252171176,1487,2.0,0.445067822933197,1022,394,98,63
1779,49.5981263263152,1488,2.0,0.42000430822372437,624,349,92,52
1784,49.5981263263152,1488,2.0,0.1453649401664734,1202,325,97,79
1795,49.5981263263152,1488,2.0,0.4691143333911896,1030,389,92,61
1779,49.63145840045923,1489,2.0,0.6199564933776855,612,355,90,51
1795,49.63145840045923,1489,2.0,0.6842364072799683,1039,383,91,62
1817,49.63145840045923,1489,2.0,0.620825469493866,806,539,152,86
1779,49.66479047460326,1490,2.0,0.42315441370010376,603,358,93,52
1795,49.66479047460326,1490,2.0,0.4360288381576538,1046,377,86,61
1817,49.66479047460326,1490,2.0,0.3732948899269104,821,530,144,82
1779,49.69812254874729,1491,2.0,0.3865671157836914,589,361,92,54
1795,49.69812254874729,1491,2.0,0.6097116470336914,1055,373,87,58
1817,49.69812254874729,1491,2.0,0.3841736316680908,840,520,143,80
1840,49.69812254874729,1491,2.0,0.5297768115997314,1087,213,45,30
1779,49.73145462289132,1492,2.0,0.6280187368392944,578,365,99,56
1795,49.73145462289132,1492,2.0,0.530360758304596,1065,368,88,58
1817,49.73145462289132,1492,2.0,0.5637635588645935,855,512,139,82
1840,49.73145462289132,1492,2.0,0.5284979939460754,1083,214,47,32
1779,49.76478669703535,1493,2.0,0.36884942650794983,565,369,98,56
1795,49.76478669703535,1493,2.0,0.3581945300102234,1073,364,88,56
1817,49.76478669703535,1493,2.0,0.34992745518684387,871,503,137,80
1840,49.76478669703535,1493,2.0,0.4136591851711273,1078,215,52,33
1844,49.76478669703535,1493,2.0,0.5637511610984802,645,968,277,200
1845,49.76478669703535,1493,2.0,0.44939807057380676,77,592,154,121
1846,49.76478669703535,1493,2.0,0.45632362365722656,501,880,242,181
1779,49.798118771179375,1494,2.0,0.4864656627178192,554,375,101,58
1795,49.798118771179375,1494,2.0,0.16634252667427063,1082,359,90,57
1817,49.798118771179375,1494,2.0,0.13450834155082703,885,492,133,75
1840,49.798118771179375,1494,2.0,0.32367709279060364,1073,216,48,34
1844,49.798118771179375,1494,2.0,0.5762711763381958,656,942,268,189
1846,49.798118771179375,1494,2.0,0.7398947477340698,517,863,267,179
1779,49.8314508453234,1495,2.0,0.11287340521812439,542,379,95,58
1795,49.8314508453234,1495,2.0,0.3444264531135559,1090,353,87,54
1817,49.8314508453234,1495,2.0,0.28735166788101196,899,482,129,73
1840,49.8314508453234,1495,2.0,0.2647545039653778,1068,218,46,35
1844,49.8314508453234,1495,2.0,0.7920044660568237,691,905,230,165
1846,49.8314508453234,1495,2.0,0.7914009094238281,546,839,275,172
1850,49.8314508453234,1495,2.0,0.40275222063064575,1290,265,64,43
1779,49.86478291946744,1496,2.0,0.4288696050643921,528,384,103,57
1795,49.86478291946744,1496,2.0,0.2536318302154541,1096,349,86,55
1817,49.86478291946744,1496,2.0,0.2867911159992218,912,474,122,73
1840,49.86478291946744,1496,2.0,0.35219526290893555,1064,220,48,33
1844,49.86478291946744,1496,2.0,0.7764809727668762,729,881,222,164
1846,49.86478291946744,1496,2.0,0.809202253818512,578,814,269,165
1850,49.86478291946744,1496,2.0,0.36448413133621216,1294,262,57,40
1779,49.898114993611465,1497,2.0,0.29444870352745056,514,388,107,58
1795,49.898114993611465,1497,2.0,0.49812984466552734,1102,346,83,55
1817,49.898114993611465,1497,2.0,0.11325123906135559,926,467,121,73
1840,49.898114993611465,1497,2.0,0.34964701533317566,1059,223,48,32
1844,49.898114993611465,1497,2.0,0.7710158228874207,756,854,210,157
1846,49.898114993611465,1497,2.0,0.8295938372612,601,792,245,156
1779,49.93144706775549,1498,2.0,0.4244827926158905,499,394,112,60
1795,49.93144706775549,1498,2.0,0.7170467376708984,1110,342,83,54
1844,49.93144706775549,1498,2.0,0.7666947245597839,789,830,213,146
1846,49.93144706775549,1498,2.0,0.8138405084609985,628,772,232,150
1779,49.96477914189952,1499,2.0,0.42472583055496216,484,399,113,60
1795,49.96477914189952,1499,2.0,0.5953466296195984,1116,337,79,52
1844,49.96477914189952,1499,2.0,0.7853296399116516,810,808,203,141
1846,49.96477914189952,1499,2.0,0.7587254047393799,647,749,211,142
1779,49.998111216043554,1500,2.0,0.5019171237945557,469,405,109,60
1795,49.998111216043554,1500,2.0,0.442592978477478,1122,332,77,49
1844,49.998111216043554,1500,2.0,0.8091374635696411,831,787,193,134
1846,49.998111216043554,1500,2.0,0.8378579616546631,667,729,193,129
1859,49.998111216043554,1500,2.0,0.7297150492668152,477,756,204,137
1779,50.03144329018758,1501,2.0,0.4954775869846344,455,410,113,62
1795,50.03144329018758,1501,2.0,0.5883224010467529,1129,326,77,49
1844,50.03144329018758,1501,2.0,0.7029733061790466,852,764,184,124
1846,50.03144329018758,1501,2.0,0.7549191117286682,701,711,204,123
1859,50.03144329018758,1501,2.0,0.8198367357254028,501,737,200,129
1779,50.06477536433161,1502,2.0,0.3089257776737213,442,416,119,63
1795,50.06477536433161,1502,2.0,0.6606666445732117,1136,322,75,48
1844,50.06477536433161,1502,2.0,0.8131113648414612,869,745,172,125
1846,50.06477536433161,1502,2.0,0.6674318313598633,720,695,192,125
1859,50.06477536433161,1502,2.0,0.5539872050285339,532,716,195,121
1779,50.09810743847564,1503,2.0,0.6390284299850464,426,421,123,64
1795,50.09810743847564,1503,2.0,0.741682767868042,1141,319,77,47
1844,50.09810743847564,1503,2.0,0.7295987606048584,895,725,176,114
1846,50.09810743847564,1503,2.0,0.6725209355354309,738,680,177,117
1859,50.09810743847564,1503,2.0,0.6876346468925476,561,698,186,121
1863,50.09810743847564,1503,2.0,0.4888562560081482,989,426,109,62
1840,50.09810743847564,1503,2.0,0.30134037137031555,1027,232,51,36
1779,50.131439512619664,1504,2.0,0.5657896399497986,407,427,125,65
1795,50.131439512619664,1504,2.0,0.6886786222457886,1146,315,74,47
1844,50.131439512619664,1504,2.0,0.660610020160675,917,710,178,115
1846,50.131439512619664,1504,2.0,0.7022954225540161,760,666,174,118
1859,50.131439512619664,1504,2.0,0.4040790796279907,590,680,181,119
1840,50.131439512619664,1504,2.0,0.1607096940279007,1020,235,49,33
1779,50.1647715867637,1505,2.0,0.5597794055938721,388,433,128,66
1795,50.1647715867637,1505,2.0,0.723833441734314,1152,312,73,45
1844,50.1647715867637,1505,2.0,0.764162003993988,930,694,165,115
1846,50.1647715867637,1505,2.0,0.6812980771064758,779,648,169,111
1859,50.1647715867637,1505,2.0,0.31137245893478394,615,665,172,111
1840,50.1647715867637,1505,2.0,0.4507673382759094,1013,238,48,34
1779,50.19810366090773,1506,2.0,0.44729384779930115,378,440,127,66
1795,50.19810366090773,1506,2.0,0.6382535099983215,1158,310,70,44
1844,50.19810366090773,1506,2.0,0.6412078142166138,949,679,163,110
1846,50.19810366090773,1506,2.0,0.7323442101478577,796,634,163,105
1859,50.19810366090773,1506,2.0,0.43924951553344727,639,648,165,106
1840,50.19810366090773,1506,2.0,0.4561769664287567,1008,240,51,36
1779,50.231435735051754,1507,2.0,0.12008929252624512,369,446,112,66
1795,50.231435735051754,1507,2.0,0.5853074193000793,1164,307,70,44
1844,50.231435735051754,1507,2.0,0.7535750865936279,966,663,161,107
1846,50.231435735051754,1507,2.0,0.701281726360321,815,621,159,106
1859,50.231435735051754,1507,2.0,0.7393801808357239,663,631,161,100
1840,50.231435735051754,1507,2.0,0.46575266122817993,1004,242,56,36
1779,50.26476780919578,1508,2.0,0.23739975690841675,357,451,90,64
1795,50.26476780919578,1508,2.0,0.49045082926750183,1169,302,69,46
1844,50.26476780919578,1508,2.0,0.7797489762306213,977,648,151,101
1846,50.26476780919578,1508,2.0,0.5936819911003113,831,609,150,104
1859,50.26476780919578,1508,2.0,0.3083883225917816,685,618,155,99
1840,50.26476780919578,1508,2.0,0.4545513987541199,1000,243,59,36
1795,50.298099883339816,1509,2.0,0.531218409538269,1174,297,67,46
1844,50.298099883339816,1509,2.0,0.6058122515678406,994,635,150,100
1846,50.298099883339816,1509,2.0,0.522761344909668,854,599,159,102
1859,50.298099883339816,1509,2.0,0.16568082571029663,707,605,150,98
1840,50.298099883339816,1509,2.0,0.5260601043701172,994,245,59,38
1795,50.331431957483844,1510,2.0,0.4930584132671356,1179,295,68,45
1844,50.331431957483844,1510,2.0,0.7794702053070068,1010,621,150,98
1846,50.331431957483844,1510,2.0,0.6246822476387024,866,587,149,98
1859,50.331431957483844,1510,2.0,0.38131090998649597,727,593,147,97
1840,50.331431957483844,1510,2.0,0.46744072437286377,987,247,61,37
1873,50.331431957483844,1510,2.0,0.5088010430335999,1055,385,93,57
1795,50.36476403162787,1511,2.0,0.5928871035575867,1184,292,68,44
1844,50.36476403162787,1511,2.0,0.7276481986045837,1026,610,146,94
1846,50.36476403162787,1511,2.0,0.43858015537261963,879,575,141,95
1859,50.36476403162787,1511,2.0,0.31637731194496155,746,582,143,94
1840,50.36476403162787,1511,2.0,0.4130033254623413,979,249,58,36
1873,50.36476403162787,1511,2.0,0.48189786076545715,1064,380,91,55
1795,50.3980961057719,1512,2.0,0.6629471182823181,1187,290,65,44
1844,50.3980961057719,1512,2.0,0.618110716342926,1034,596,134,91
1846,50.3980961057719,1512,2.0,0.6739643812179565,893,563,131,92
1859,50.3980961057719,1512,2.0,0.12622232735157013,766,566,138,84
1840,50.3980961057719,1512,2.0,0.42235615849494934,973,251,56,37
1873,50.3980961057719,1512,2.0,0.6148965954780579,1071,373,88,51
1795,50.431428179915926,1513,2.0,0.5727974772453308,1193,288,64,43
1844,50.431428179915926,1513,2.0,0.7570331692695618,1049,583,138,90
1846,50.431428179915926,1513,2.0,0.7178611159324646,910,552,137,89
1859,50.431428179915926,1513,2.0,0.26142168045043945,784,554,134,79
1840,50.431428179915926,1513,2.0,0.20433306694030762,966,254,56,38
1873,50.431428179915926,1513,2.0,0.40613147616386414,1078,367,83,50
1795,50.46476025405996,1514,2.0,0.6326313614845276,1198,286,60,43
1844,50.46476025405996,1514,2.0,0.653811514377594,1059,572,127,86
1846,50.46476025405996,1514,2.0,0.5015819072723389,923,542,129,89
1859,50.46476025405996,1514,2.0,0.2112623155117035,800,543,130,80
1840,50.46476025405996,1514,2.0,0.22435203194618225,959,256,57,40
1873,50.46476025405996,1514,2.0,0.17970509827136993,1088,363,86,51
1795,50.49809232820399,1515,2.0,0.3733749985694885,1202,283,60,43
1844,50.49809232820399,1515,2.0,0.5904695391654968,1070,561,121,86
1846,50.49809232820399,1515,2.0,0.6288108229637146,938,533,124,87
1859,50.49809232820399,1515,2.0,0.3693615198135376,817,532,125,79
1840,50.49809232820399,1515,2.0,0.2923908531665802,953,258,57,42
1873,50.49809232820399,1515,2.0,0.1745450347661972,1096,360,86,51
1795,50.531424402348016,1516,2.0,0.37777915596961975,1206,280,62,44
1844,50.531424402348016,1516,2.0,0.30569326877593994,1077,550,111,81
1846,50.531424402348016,1516,2.0,0.13874678313732147,950,523,125,87
1859,50.531424402348016,1516,2.0,0.1521754115819931,833,522,122,77
1840,50.531424402348016,1516,2.0,0.2722495198249817,945,261,58,42
1873,50.531424402348016,1516,2.0,0.12320542335510254,1102,355,84,51
1795,50.56475647649204,1517,2.0,0.2707834839820862,1212,278,59,44
1844,50.56475647649204,1517,2.0,0.5013608932495117,1089,538,109,80
1859,50.56475647649204,1517,2.0,0.15126726031303406,849,514,120,77
1840,50.56475647649204,1517,2.0,0.43986669182777405,938,265,56,40
1873,50.56475647649204,1517,2.0,0.13151608407497406,1110,351,81,51
1795,50.59808855063607,1518,2.0,0.47896432876586914,1217,275,60,44
1844,50.59808855063607,1518,2.0,0.5707846879959106,1102,528,117,78
1859,50.59808855063607,1518,2.0,0.12686902284622192,862,505,117,74
1840,50.59808855063607,1518,2.0,0.5554769039154053,931,267,59,42
1873,50.59808855063607,1518,2.0,0.21119780838489532,1117,347,80,49
1885,50.59808855063607,1518,2.0,0.501453161239624,1084,212,43,31
1846,50.59808855063607,1518,2.0,0.47295281291007996,972,506,118,81
1795,50.631420624780105,1519,2.0,0.5396215319633484,1221,271,59,42
1844,50.631420624780105,1519,2.0,0.700939416885376,1114,520,118,79
1859,50.631420624780105,1519,2.0,0.45724251866340637,877,496,115,72
1840,50.631420624780105,1519,2.0,0.5750292539596558,925,269,61,43
1873,50.631420624780105,1519,2.0,0.47250041365623474,1124,342,81,49
1885,50.631420624780105,1519,2.0,0.45960402488708496,1080,213,43,32
1846,50.631420624780105,1519,2.0,0.2953561246395111,983,496,116,83
1795,50.66475269892413,1520,2.0,0.5592193007469177,1225,269,58,40
1844,50.66475269892413,1520,2.0,0.5039381384849548,1123,511,114,74
1840,50.66475269892413,1520,2.0,0.21676121652126312,915,272,63,42
1873,50.66475269892413,1520,2.0,0.3686429560184479,1131,337,79,47
1885,50.66475269892413,1520,2.0,0.3616744875907898,1076,214,46,33
1846,50.66475269892413,1520,2.0,0.14442744851112366,995,487,111,78
1795,50.69808477306816,1521,2.0,0.5319170355796814,1228,266,57,38
1844,50.69808477306816,1521,2.0,0.1685362309217453,1128,501,100,70
1840,50.69808477306816,1521,2.0,0.2328338772058487,910,275,69,42
1873,50.69808477306816,1521,2.0,0.538979172706604,1135,333,80,46
1885,50.69808477306816,1521,2.0,0.21519333124160767,1073,215,46,34
1846,50.69808477306816,1521,2.0,0.2510208785533905,1007,479,111,77
1795,50.73141684721219,1522,2.0,0.5193004012107849,1230,263,56,37
1844,50.73141684721219,1522,2.0,0.4212597608566284,1137,492,101,70
1840,50.73141684721219,1522,2.0,0.21384656429290771,903,278,70,43
1873,50.73141684721219,1522,2.0,0.5879255533218384,1141,328,78,46
1885,50.73141684721219,1522,2.0,0.22058798372745514,1066,217,44,33
1846,50.73141684721219,1522,2.0,0.45328617095947266,1018,473,113,75
1795,50.76474892135622,1523,2.0,0.4352445900440216,1235,260,52,36
1844,50.76474892135622,1523,2.0,0.6152921915054321,1147,484,101,69
1840,50.76474892135622,1523,2.0,0.25973448157310486,894,280,67,44
1873,50.76474892135622,1523,2.0,0.7022325992584229,1148,324,76,43
1885,50.76474892135622,1523,2.0,0.30112776160240173,1061,218,45,32
1846,50.76474892135622,1523,2.0,0.4964521825313568,1028,466,112,73
1795,50.79808099550025,1524,2.0,0.5889625549316406,1239,259,50,34
1844,50.79808099550025,1524,2.0,0.667180061340332,1158,477,103,70
1840,50.79808099550025,1524,2.0,0.3722912669181824,886,281,68,48
1873,50.79808099550025,1524,2.0,0.6963018178939819,1154,321,75,43
1885,50.79808099550025,1524,2.0,0.4108128249645233,1058,220,48,31
1846,50.79808099550025,1524,2.0,0.5549637079238892,1037,459,106,71
1892,50.79808099550025,1524,2.0,0.3445272147655487,1226,144,30,26
1795,50.83141306964428,1525,2.0,0.5110918283462524,1243,256,51,35
1844,50.83141306964428,1525,2.0,0.706387460231781,1167,470,103,67
1840,50.83141306964428,1525,2.0,0.5471900105476379,879,285,73,47
1873,50.83141306964428,1525,2.0,0.5134226083755493,1159,317,71,42
1885,50.83141306964428,1525,2.0,0.2670016586780548,1054,221,50,32
1846,50.83141306964428,1525,2.0,0.5126873850822449,1049,452,109,70
1892,50.83141306964428,1525,2.0,0.2963186800479889,1225,145,30,27
1893,50.83141306964428,1525,2.0,0.45021820068359375,1342,228,98,67
1795,50.864745143788305,1526,2.0,0.4987945556640625,1248,253,54,36
1844,50.864745143788305,1526,2.0,0.6788371801376343,1174,462,99,65
1840,50.864745143788305,1526,2.0,0.22170987725257874,869,288,73,48
1873,50.864745143788305,1526,2.0,0.5293992757797241,1166,314,72,41
1885,50.864745143788305,1526,2.0,0.2808297276496887,1050,224,52,30
1846,50.864745143788305,1526,2.0,0.20255962014198303,1056,445,104,71
1892,50.864745143788305,1526,2.0,0.10405305027961731,1224,146,36,30
1893,50.864745143788305,1526,2.0,0.4376627206802368,1345,226,94,65
1795,50.89807721793233,1527,2.0,0.49162039160728455,1251,252,53,38
1844,50.89807721793233,1527,2.0,0.5138792991638184,1178,455,95,64
1840,50.89807721793233,1527,2.0,0.1344199925661087,860,292,71,45
1873,50.89807721793233,1527,2.0,0.1480339616537094,1171,311,71,40
1885,50.89807721793233,1527,2.0,0.1824912428855896,1045,225,50,31
1846,50.89807721793233,1527,2.0,0.48307159543037415,1065,438,104,69
1892,50.89807721793233,1527,2.0,0.10604041814804077,1220,148,32,27
1893,50.89807721793233,1527,2.0,0.42429712414741516,1350,225,86,62
1795,50.93140929207637,1528,2.0,0.5334252119064331,1255,249,56,38
1844,50.93140929207637,1528,2.0,0.41277629137039185,1186,450,91,62
1840,50.93140929207637,1528,2.0,0.18072347342967987,852,294,70,46
1873,50.93140929207637,1528,2.0,0.251887708902359,1176,307,68,40
1885,50.93140929207637,1528,2.0,0.28776174783706665,1040,227,48,32
1846,50.93140929207637,1528,2.0,0.46730801463127136,1071,432,98,67
1893,50.93140929207637,1528,2.0,0.268323689699173,1352,223,85,62
1863,50.93140929207637,1528,2.0,0.47555017471313477,981,427,92,60
1795,50.964741366220395,1529,2.0,0.4422207772731781,1258,246,54,37
1844,50.964741366220395,1529,2.0,0.5447223782539368,1192,441,86,60
1873,50.964741366220395,1529,2.0,0.2892330586910248,1180,304,64,41
1885,50.964741366220395,1529,2.0,0.3746030032634735,1035,229,50,32
1846,50.964741366220395,1529,2.0,0.47240111231803894,1082,425,99,64
1893,50.964741366220395,1529,2.0,0.20262494683265686,1351,222,88,59
1863,50.964741366220395,1529,2.0,0.4822998344898224,990,422,89,59
1795,50.99807344036442,1530,2.0,0.6916409730911255,1261,243,52,36
1844,50.99807344036442,1530,2.0,0.4557073414325714,1199,434,88,58
1873,50.99807344036442,1530,2.0,0.372927725315094,1184,302,62,39
1885,50.99807344036442,1530,2.0,0.19357578456401825,1028,231,47,34
1846,50.99807344036442,1530,2.0,0.26495376229286194,1089,419,95,65
1893,50.99807344036442,1530,2.0,0.2871345281600952,1352,221,86,59
1863,50.99807344036442,1530,2.0,0.41114524006843567,999,418,89,60
1795,51.03140551450845,1531,2.0,0.48360297083854675,1265,242,52,36
1844,51.03140551450845,1531,2.0,0.3863469064235687,1206,429,88,61
1873,51.03140551450845,1531,2.0,0.4448588788509369,1190,298,64,38
1885,51.03140551450845,1531,2.0,0.3157613277435303,1023,232,46,34
1846,51.03140551450845,1531,2.0,0.25064364075660706,1098,413,99,64
1893,51.03140551450845,1531,2.0,0.1658354550600052,1353,219,88,56
1863,51.03140551450845,1531,2.0,0.11664948612451553,1009,411,87,59
1892,51.03140551450845,1531,2.0,0.32542338967323303,1212,152,35,26
1795,51.06473758865248,1532,2.0,0.5742548704147339,1268,240,51,35
1844,51.06473758865248,1532,2.0,0.6501271724700928,1214,423,89,60
1873,51.06473758865248,1532,2.0,0.44644877314567566,1194,296,63,37
1885,51.06473758865248,1532,2.0,0.25882601737976074,1016,234,47,33
1846,51.06473758865248,1532,2.0,0.5534248948097229,1106,407,97,65
1893,51.06473758865248,1532,2.0,0.12231286615133286,1355,218,85,55
1863,51.06473758865248,1532,2.0,0.30025723576545715,1018,405,86,57
1892,51.06473758865248,1532,2.0,0.28463155031204224,1210,151,35,25
1795,51.09806966279651,1533,2.0,0.5854727029800415,1271,240,50,32
1844,51.09806966279651,1533,2.0,0.49078211188316345,1218,416,83,59
1873,51.09806966279651,1533,2.0,0.4179956316947937,1199,292,62,38
1885,51.09806966279651,1533,2.0,0.28344017267227173,1011,236,49,32
1846,51.09806966279651,1533,2.0,0.3858642876148224,1114,402,92,61
1893,51.09806966279651,1533,2.0,0.19321559369564056,1356,217,85,55
1863,51.09806966279651,1533,2.0,0.4834533631801605,1027,399,84,54
1892,51.09806966279651,1533,2.0,0.17520858347415924,1208,151,34,27
1795,51.13140173694054,1534,2.0,0.5175292491912842,1273,238,49,33
1844,51.13140173694054,1534,2.0,0.6538313627243042,1224,410,81,61
1873,51.13140173694054,1534,2.0,0.5498571395874023,1203,290,61,38
1885,51.13140173694054,1534,2.0,0.3333915174007416,1007,239,51,32
1846,51.13140173694054,1534,2.0,0.501488208770752,1119,397,90,62
1893,51.13140173694054,1534,2.0,0.20522387325763702,1357,216,84,54
1863,51.13140173694054,1534,2.0,0.4634914696216583,1036,392,82,53
1795,51.16473381108457,1535,2.0,0.4119034707546234,1275,236,51,34
1844,51.16473381108457,1535,2.0,0.5178844928741455,1233,404,83,61
1873,51.16473381108457,1535,2.0,0.5064042806625366,1207,288,59,39
1885,51.16473381108457,1535,2.0,0.34333765506744385,1002,241,52,34
1846,51.16473381108457,1535,2.0,0.520031213760376,1126,391,88,60
1893,51.16473381108457,1535,2.0,0.13665933907032013,1359,214,85,53
1863,51.16473381108457,1535,2.0,0.4840894639492035,1045,387,80,52
1795,51.198065885228594,1536,2.0,0.31709781289100647,1279,234,45,31
1844,51.198065885228594,1536,2.0,0.6101381778717041,1238,400,84,59
1873,51.198065885228594,1536,2.0,0.44334763288497925,1212,286,62,42
1885,51.198065885228594,1536,2.0,0.24761146306991577,998,242,52,33
1846,51.198065885228594,1536,2.0,0.44787082076072693,1136,387,86,58
1893,51.198065885228594,1536,2.0,0.1750832051038742,1363,213,84,58
1863,51.198065885228594,1536,2.0,0.6368700265884399,1055,381,78,51
1795,51.23139795937263,1537,2.0,0.28394368290901184,1282,232,45,31
1844,51.23139795937263,1537,2.0,0.5285574197769165,1242,394,83,57
1873,51.23139795937263,1537,2.0,0.49567925930023193,1217,282,61,40
1885,51.23139795937263,1537,2.0,0.2685337960720062,991,243,53,34
1846,51.23139795937263,1537,2.0,0.49740123748779297,1141,382,88,58
1893,51.23139795937263,1537,2.0,0.30359387397766113,1365,211,83,58
1863,51.23139795937263,1537,2.0,0.667496383190155,1064,377,80,51
1892,51.23139795937263,1537,2.0,0.27277305722236633,1199,153,38,27
1795,51.264730033516656,1538,2.0,0.3851358890533447,1286,230,46,30
1844,51.264730033516656,1538,2.0,0.5136589407920837,1247,389,81,58
1873,51.264730033516656,1538,2.0,0.5795431137084961,1221,279,59,41
1885,51.264730033516656,1538,2.0,0.3326909840106964,985,245,54,34
1846,51.264730033516656,1538,2.0,0.6626231670379639,1147,376,85,56
1893,51.264730033516656,1538,2.0,0.2803296148777008,1369,209,82,57
1863,51.264730033516656,1538,2.0,0.6123605966567993,1071,373,76,50
1892,51.264730033516656,1538,2.0,0.10537777841091156,1197,153,36,27
1795,51.298062107660684,1539,2.0,0.24528515338897705,1289,228,45,30
1844,51.298062107660684,1539,2.0,0.5232007503509521,1253,385,78,58
1873,51.298062107660684,1539,2.0,0.5408933162689209,1225,277,60,42
1885,51.298062107660684,1539,2.0,0.4325321912765503,980,247,53,34
1846,51.298062107660684,1539,2.0,0.6588634848594666,1154,373,83,54
1893,51.298062107660684,1539,2.0,0.28901490569114685,1371,208,81,55
1863,51.298062107660684,1539,2.0,0.5988149642944336,1078,367,74,50
1892,51.298062107660684,1539,2.0,0.13311141729354858,1194,155,34,27
1795,51.33139418180471,1540,2.0,0.3937653601169586,1293,226,52,33
1844,51.33139418180471,1540,2.0,0.6757934093475342,1258,379,81,56
1873,51.33139418180471,1540,2.0,0.47212013602256775,1229,274,60,41
1885,51.33139418180471,1540,2.0,0.2239430695772171,975,248,55,33
1846,51.33139418180471,1540,2.0,0.6241501569747925,1159,367,79,55
1893,51.33139418180471,1540,2.0,0.2503337264060974,1373,207,80,55
1863,51.33139418180471,1540,2.0,0.4893181025981903,1086,362,73,50
1892,51.33139418180471,1540,2.0,0.14755626022815704,1191,156,34,28
1795,51.36472625594874,1541,2.0,0.6018330454826355,1295,224,52,33
1844,51.36472625594874,1541,2.0,0.6945863962173462,1262,374,81,53
1873,51.36472625594874,1541,2.0,0.471227765083313,1232,272,58,42
1885,51.36472625594874,1541,2.0,0.4089900255203247,967,251,53,34
1846,51.36472625594874,1541,2.0,0.22403936088085175,1164,363,78,55
1893,51.36472625594874,1541,2.0,0.23630483448505402,1374,205,81,54
1863,51.36472625594874,1541,2.0,0.14484772086143494,1093,358,72,47
1892,51.36472625594874,1541,2.0,0.18625357747077942,1188,156,36,30
1795,51.39805833009277,1542,2.0,0.6173688769340515,1296,223,53,33
1844,51.39805833009277,1542,2.0,0.6592078804969788,1268,370,80,51
1873,51.39805833009277,1542,2.0,0.46145424246788025,1237,268,55,40
1885,51.39805833009277,1542,2.0,0.41979217529296875,963,253,55,38
1846,51.39805833009277,1542,2.0,0.6547720432281494,1169,360,80,54
1893,51.39805833009277,1542,2.0,0.3045358955860138,1376,204,77,53
1863,51.39805833009277,1542,2.0,0.40720197558403015,1100,353,68,48
1892,51.39805833009277,1542,2.0,0.36288562417030334,1185,157,38,28
1795,51.4313904042368,1543,2.0,0.5967960357666016,1298,221,52,34
1844,51.4313904042368,1543,2.0,0.672152042388916,1273,366,76,52
1873,51.4313904042368,1543,2.0,0.304049551486969,1241,263,53,35
1885,51.4313904042368,1543,2.0,0.32384705543518066,956,255,56,41
1846,51.4313904042368,1543,2.0,0.5162456035614014,1175,356,76,53
1893,51.4313904042368,1543,2.0,0.3157782256603241,1378,203,78,53
1863,51.4313904042368,1543,2.0,0.26292333006858826,1107,350,69,47
1892,51.4313904042368,1543,2.0,0.4485979676246643,1183,157,39,28
1795,51.46472247838083,1544,2.0,0.5215315818786621,1302,219,45,32
1844,51.46472247838083,1544,2.0,0.5704264640808105,1276,361,72,51
1873,51.46472247838083,1544,2.0,0.4453839361667633,1245,261,55,35
1885,51.46472247838083,1544,2.0,0.5141459107398987,949,257,57,39
1846,51.46472247838083,1544,2.0,0.5811691284179688,1182,351,79,51
1893,51.46472247838083,1544,2.0,0.4882250130176544,1379,202,78,55
1863,51.46472247838083,1544,2.0,0.5881376266479492,1113,344,67,45
1892,51.46472247838083,1544,2.0,0.36323055624961853,1181,157,41,30
1795,51.498054552524856,1545,2.0,0.47717252373695374,1305,217,40,32
1844,51.498054552524856,1545,2.0,0.46167704463005066,1280,358,72,49
1873,51.498054552524856,1545,2.0,0.6044390201568604,1248,260,53,33
1885,51.498054552524856,1545,2.0,0.2967732548713684,941,262,54,35
1846,51.498054552524856,1545,2.0,0.19556482136249542,1187,347,77,49
1893,51.498054552524856,1545,2.0,0.25943461060523987,1379,200,78,52
1863,51.498054552524856,1545,2.0,0.4460645914077759,1121,341,69,47
1892,51.498054552524856,1545,2.0,0.2879418134689331,1179,158,38,31
1795,51.53138662666889,1546,2.0,0.49601420760154724,1307,216,37,32
1844,51.53138662666889,1546,2.0,0.3739166557788849,1286,354,73,49
1873,51.53138662666889,1546,2.0,0.49197760224342346,1252,258,51,33
1885,51.53138662666889,1546,2.0,0.4612824618816376,935,263,56,37
1846,51.53138662666889,1546,2.0,0.45655152201652527,1191,343,75,51
1893,51.53138662666889,1546,2.0,0.4344765543937683,1380,199,79,55
1863,51.53138662666889,1546,2.0,0.4966166317462921,1128,337,69,46
1892,51.53138662666889,1546,2.0,0.5064648389816284,1176,159,42,32
1795,51.56471870081292,1547,2.0,0.40699708461761475,1309,214,36,31
1844,51.56471870081292,1547,2.0,0.6606845855712891,1289,349,71,50
1873,51.56471870081292,1547,2.0,0.40633344650268555,1255,255,54,33
1885,51.56471870081292,1547,2.0,0.5360427498817444,930,265,59,38
1846,51.56471870081292,1547,2.0,0.5248479843139648,1196,339,74,51
1893,51.56471870081292,1547,2.0,0.32051342725753784,1382,197,75,54
1863,51.56471870081292,1547,2.0,0.417158305644989,1132,333,66,45
1892,51.56471870081292,1547,2.0,0.6238095760345459,1173,159,43,32
1795,51.598050774956945,1548,2.0,0.5075138807296753,1312,212,39,31
1844,51.598050774956945,1548,2.0,0.5473010540008545,1295,344,71,50
1873,51.598050774956945,1548,2.0,0.2845480442047119,1258,253,52,32
1885,51.598050774956945,1548,2.0,0.381268173456192,923,267,62,42
1846,51.598050774956945,1548,2.0,0.3974950313568115,1202,335,71,50
1893,51.598050774956945,1548,2.0,0.38633760809898376,1385,197,72,53
1863,51.598050774956945,1548,2.0,0.5133516192436218,1138,329,66,44
1892,51.598050774956945,1548,2.0,0.47326165437698364,1170,160,44,32
1795,51.63138284910097,1549,2.0,0.5402315855026245,1313,211,40,30
1844,51.63138284910097,1549,2.0,0.5805243849754333,1298,339,70,51
1873,51.63138284910097,1549,2.0,0.38774552941322327,1261,251,51,32
1885,51.63138284910097,1549,2.0,0.4276348352432251,916,270,64,40
1846,51.63138284910097,1549,2.0,0.3557316064834595,1207,332,73,47
1893,51.63138284910097,1549,2.0,0.5285096168518066,1387,196,68,50
1863,51.63138284910097,1549,2.0,0.568391740322113,1144,325,66,43
1892,51.63138284910097,1549,2.0,0.41470903158187866,1167,160,42,32
1795,51.664714923245,1550,2.0,0.5971662998199463,1314,210,40,29
1844,51.664714923245,1550,2.0,0.7037598490715027,1301,335,67,50
1873,51.664714923245,1550,2.0,0.6344572901725769,1265,249,50,31
1885,51.664714923245,1550,2.0,0.4907868802547455,909,271,64,42
1846,51.664714923245,1550,2.0,0.3011753559112549,1212,326,78,48
1893,51.664714923245,1550,2.0,0.5460118055343628,1388,196,68,50
1863,51.664714923245,1550,2.0,0.3537830412387848,1149,321,63,43
1892,51.664714923245,1550,2.0,0.37949156761169434,1165,161,41,32
1795,51.698046997389035,1551,2.0,0.5663778781890869,1316,209,42,29
1844,51.698046997389035,1551,2.0,0.6721339225769043,1304,332,66,47
1873,51.698046997389035,1551,2.0,0.675362229347229,1268,247,50,30
1885,51.698046997389035,1551,2.0,0.5530805587768555,901,272,66,47
1846,51.698046997389035,1551,2.0,0.5815075635910034,1218,323,73,47
1893,51.698046997389035,1551,2.0,0.5022807121276855,1388,194,68,50
1863,51.698046997389035,1551,2.0,0.27055227756500244,1155,318,61,42
1892,51.698046997389035,1551,2.0,0.31776338815689087,1162,162,39,31
1795,51.73137907153306,1552,2.0,0.4394858479499817,1317,208,41,30
1844,51.73137907153306,1552,2.0,0.3549720346927643,1305,329,62,46
1873,51.73137907153306,1552,2.0,0.6817455887794495,1272,245,50,31
1885,51.73137907153306,1552,2.0,0.4793132543563843,893,276,63,43
1846,51.73137907153306,1552,2.0,0.5187692642211914,1224,320,73,48
1893,51.73137907153306,1552,2.0,0.46402689814567566,1389,193,67,50
1863,51.73137907153306,1552,2.0,0.2151416540145874,1161,314,62,39
1892,51.73137907153306,1552,2.0,0.4059065282344818,1161,162,39,31
1795,51.76471114567709,1553,2.0,0.444485604763031,1322,207,44,28
1844,51.76471114567709,1553,2.0,0.5146940350532532,1310,327,63,46
1873,51.76471114567709,1553,2.0,0.5823667049407959,1274,243,50,31
1885,51.76471114567709,1553,2.0,0.44491806626319885,885,277,64,45
1846,51.76471114567709,1553,2.0,0.2558461129665375,1227,318,67,47
1893,51.76471114567709,1553,2.0,0.36086907982826233,1390,192,66,49
1863,51.76471114567709,1553,2.0,0.1297953873872757,1166,312,60,42
1892,51.76471114567709,1553,2.0,0.4507173001766205,1160,162,40,31
1795,51.79804321982112,1554,2.0,0.255969762802124,1325,205,40,28
1844,51.79804321982112,1554,2.0,0.6806257367134094,1316,324,64,44
1873,51.79804321982112,1554,2.0,0.5671293139457703,1277,241,50,32
1885,51.79804321982112,1554,2.0,0.47142118215560913,879,281,68,47
1846,51.79804321982112,1554,2.0,0.344469279050827,1230,315,66,45
1893,51.79804321982112,1554,2.0,0.43758201599121094,1391,191,66,47
1863,51.79804321982112,1554,2.0,0.18730521202087402,1172,308,59,40
1892,51.79804321982112,1554,2.0,0.4842481315135956,1157,164,41,31
1795,51.831375293965145,1555,2.0,0.12010946124792099,1327,204,40,28
1844,51.831375293965145,1555,2.0,0.5107474327087402,1319,321,63,44
1873,51.831375293965145,1555,2.0,0.5514349937438965,1281,240,51,33
1885,51.831375293965145,1555,2.0,0.26303830742836,870,284,66,45
1846,51.831375293965145,1555,2.0,0.28500860929489136,1236,311,66,47
1893,51.831375293965145,1555,2.0,0.3879937529563904,1394,190,65,47
1863,51.831375293965145,1555,2.0,0.13809984922409058,1176,305,57,39
1892,51.831375293965145,1555,2.0,0.5632433295249939,1155,166,43,31
1795,51.86470736810918,1556,2.0,0.23561535775661469,1332,202,39,31
1844,51.86470736810918,1556,2.0,0.5874102115631104,1322,317,63,44
1873,51.86470736810918,1556,2.0,0.6124824285507202,1284,237,49,32
1885,51.86470736810918,1556,2.0,0.4436686933040619,862,287,67,44
1846,51.86470736810918,1556,2.0,0.4212404787540436,1241,308,66,45
1893,51.86470736810918,1556,2.0,0.40356823801994324,1396,189,66,45
1863,51.86470736810918,1556,2.0,0.19617047905921936,1183,302,58,39
1892,51.86470736810918,1556,2.0,0.6459829807281494,1152,167,44,31
1795,51.89803944225321,1557,2.0,0.3184296786785126,1334,201,38,30
1844,51.89803944225321,1557,2.0,0.7529749274253845,1326,314,60,42
1873,51.89803944225321,1557,2.0,0.5459026098251343,1286,236,46,30
1885,51.89803944225321,1557,2.0,0.5069349408149719,855,291,71,41
1846,51.89803944225321,1557,2.0,0.3467205762863159,1243,305,63,42
1893,51.89803944225321,1557,2.0,0.3492082357406616,1398,188,67,44
1863,51.89803944225321,1557,2.0,0.17172159254550934,1187,298,58,37
1892,51.89803944225321,1557,2.0,0.5892423391342163,1149,168,45,31
1795,51.931371516397235,1558,2.0,0.3693377375602722,1336,199,40,28
1844,51.931371516397235,1558,2.0,0.7237347364425659,1328,310,62,42
1873,51.931371516397235,1558,2.0,0.36488428711891174,1289,233,46,29
1885,51.931371516397235,1558,2.0,0.42441245913505554,846,293,71,44
1846,51.931371516397235,1558,2.0,0.328458309173584,1246,302,61,42
1893,51.931371516397235,1558,2.0,0.4131679832935333,1401,187,69,46
1863,51.931371516397235,1558,2.0,0.14025411009788513,1191,296,56,36
1892,51.931371516397235,1558,2.0,0.6645159125328064,1145,169,45,32
1913,51.931371516397235,1558,2.0,0.48622408509254456,447,444,121,79
1795,51.96470359054126,1559,2.0,0.33235928416252136,1338,199,40,28
1844,51.96470359054126,1559,2.0,0.5133337378501892,1330,307,61,42
1873,51.96470359054126,1559,2.0,0.44365620613098145,1293,230,48,31
1885,51.96470359054126,1559,2.0,0.29782742261886597,839,297,71,45
1846,51.96470359054126,1559,2.0,0.2790822386741638,1249,300,61,40
1893,51.96470359054126,1559,2.0,0.3484342098236084,1404,185,65,46
1863,51.96470359054126,1559,2.0,0.1813046783208847,1195,293,55,37
1892,51.96470359054126,1559,2.0,0.6463440656661987,1141,169,40,32
1795,51.9980356646853,1560,2.0,0.245902881026268,1339,197,40,29
1844,51.9980356646853,1560,2.0,0.518105685710907,1336,304,58,43
1873,51.9980356646853,1560,2.0,0.24063916504383087,1295,229,46,29
1885,51.9980356646853,1560,2.0,0.5031673908233643,830,301,70,43
1846,51.9980356646853,1560,2.0,0.3067711591720581,1254,297,64,41
1863,51.9980356646853,1560,2.0,0.2716687023639679,1201,290,53,36
1892,51.9980356646853,1560,2.0,0.48447534441947937,1139,169,42,33
1795,52.031367738829324,1561,2.0,0.2157285511493683,1340,196,39,29
1844,52.031367738829324,1561,2.0,0.5441249012947083,1340,301,59,42
1873,52.031367738829324,1561,2.0,0.18112017214298248,1297,228,46,29
1885,52.031367738829324,1561,2.0,0.46057868003845215,820,306,70,42
1846,52.031367738829324,1561,2.0,0.48452726006507874,1258,294,65,39
1863,52.031367738829324,1561,2.0,0.42699140310287476,1204,288,51,35
1892,52.031367738829324,1561,2.0,0.39218154549598694,1137,170,45,35
1893,52.031367738829324,1561,2.0,0.2515295445919037,1406,184,63,47
1795,52.06469981297335,1562,2.0,0.32157087326049805,1341,194,39,30
1844,52.06469981297335,1562,2.0,0.6256442666053772,1342,298,59,42
1873,52.06469981297335,1562,2.0,0.2884369492530823,1299,227,46,30
1885,52.06469981297335,1562,2.0,0.3847217857837677,811,309,70,44
1846,52.06469981297335,1562,2.0,0.45320817828178406,1263,291,64,41
1863,52.06469981297335,1562,2.0,0.28712886571884155,1208,287,46,36
1892,52.06469981297335,1562,2.0,0.3360462784767151,1134,171,45,34
1893,52.06469981297335,1562,2.0,0.104984812438488,1407,183,62,47
1795,52.09803188711738,1563,2.0,0.36473292112350464,1347,192,39,30
1844,52.09803188711738,1563,2.0,0.6536601781845093,1344,295,57,44
1873,52.09803188711738,1563,2.0,0.6640775799751282,1302,225,43,28
1885,52.09803188711738,1563,2.0,0.24064065515995026,803,312,75,42
1846,52.09803188711738,1563,2.0,0.5739508271217346,1268,288,61,40
1863,52.09803188711738,1563,2.0,0.4365633726119995,1214,284,51,36
1892,52.09803188711738,1563,2.0,0.5521201491355896,1131,172,46,34
1893,52.09803188711738,1563,2.0,0.31943562626838684,1409,181,59,46
1917,52.09803188711738,1563,2.0,0.3120294213294983,1681,137,28,30
1795,52.13136396126141,1564,2.0,0.2044895440340042,1348,190,33,29
1844,52.13136396126141,1564,2.0,0.6280044913291931,1347,292,56,45
1873,52.13136396126141,1564,2.0,0.6446532011032104,1305,223,44,28
1885,52.13136396126141,1564,2.0,0.23368817567825317,794,315,78,42
1846,52.13136396126141,1564,2.0,0.5761197805404663,1271,285,58,39
1863,52.13136396126141,1564,2.0,0.5976659059524536,1219,281,55,39
1892,52.13136396126141,1564,2.0,0.5868207216262817,1130,173,48,34
1893,52.13136396126141,1564,2.0,0.20155556499958038,1410,180,57,45
1917,52.13136396126141,1564,2.0,0.3237704336643219,1681,138,28,30
1795,52.16469603540544,1565,2.0,0.26792261004447937,1350,188,29,27
1844,52.16469603540544,1565,2.0,0.702605128288269,1348,290,55,43
1873,52.16469603540544,1565,2.0,0.6121176481246948,1308,222,43,27
1885,52.16469603540544,1565,2.0,0.396250456571579,781,320,72,42
1846,52.16469603540544,1565,2.0,0.36068102717399597,1275,283,55,38
1863,52.16469603540544,1565,2.0,0.5217497944831848,1224,280,55,42
1892,52.16469603540544,1565,2.0,0.6511285305023193,1129,173,50,35
1893,52.16469603540544,1565,2.0,0.19543343782424927,1412,178,56,46
1917,52.16469603540544,1565,2.0,0.3073354661464691,1681,137,29,30
1795,52.19802810954947,1566,2.0,0.3353344798088074,1351,187,29,27
1844,52.19802810954947,1566,2.0,0.6762306094169617,1349,287,55,38
1873,52.19802810954947,1566,2.0,0.5278686881065369,1310,221,42,28
1885,52.19802810954947,1566,2.0,0.14011335372924805,773,323,74,45
1846,52.19802810954947,1566,2.0,0.39556434750556946,1277,281,55,37
1863,52.19802810954947,1566,2.0,0.3349515497684479,1227,280,52,46
1892,52.19802810954947,1566,2.0,0.49814650416374207,1126,174,49,35
1893,52.19802810954947,1566,2.0,0.18499241769313812,1413,178,55,45
1917,52.19802810954947,1566,2.0,0.30603039264678955,1681,138,29,29
1795,52.231360183693496,1567,2.0,0.33628931641578674,1352,185,28,27
1844,52.231360183693496,1567,2.0,0.4610617756843567,1351,283,52,37
1873,52.231360183693496,1567,2.0,0.5838671326637268,1313,217,40,26
1885,52.231360183693496,1567,2.0,0.2424609661102295,761,326,75,44
1846,52.231360183693496,1567,2.0,0.4995898902416229,1280,278,56,37
1863,52.231360183693496,1567,2.0,0.26172304153442383,1231,275,50,41
1892,52.231360183693496,1567,2.0,0.4779667556285858,1124,175,51,35
1893,52.231360183693496,1567,2.0,0.30947983264923096,1415,176,54,42
1917,52.231360183693496,1567,2.0,0.2754373848438263,1681,138,28,29
1795,52.264692257837524,1568,2.0,0.3017529249191284,1354,184,30,27
1844,52.264692257837524,1568,2.0,0.42740118503570557,1354,282,54,37
1873,52.264692257837524,1568,2.0,0.5191071033477783,1314,214,39,27
1885,52.264692257837524,1568,2.0,0.42686954140663147,754,330,81,46
1846,52.264692257837524,1568,2.0,0.3441627025604248,1283,275,56,39
1863,52.264692257837524,1568,2.0,0.3181743323802948,1235,271,49,39
1892,52.264692257837524,1568,2.0,0.5595943927764893,1119,175,49,35
1893,52.264692257837524,1568,2.0,0.3470587134361267,1415,176,54,43
1917,52.264692257837524,1568,2.0,0.2978244125843048,1681,138,29,29
1795,52.29802433198155,1569,2.0,0.223789781332016,1354,183,29,26
1844,52.29802433198155,1569,2.0,0.38476675748825073,1358,280,52,36
1873,52.29802433198155,1569,2.0,0.5193504095077515,1317,213,39,27
1885,52.29802433198155,1569,2.0,0.31461578607559204,745,332,84,48
1846,52.29802433198155,1569,2.0,0.34445399045944214,1287,273,56,37
1863,52.29802433198155,1569,2.0,0.29255345463752747,1239,268,48,37
1892,52.29802433198155,1569,2.0,0.46366578340530396,1116,176,48,34
1893,52.29802433198155,1569,2.0,0.3430007994174957,1415,175,55,44
1917,52.29802433198155,1569,2.0,0.3261668384075165,1681,139,28,28
1920,52.29802433198155,1569,2.0,0.697260320186615,506,867,239,176
1795,52.331356406125586,1570,2.0,0.22155161201953888,1356,180,33,30
1844,52.331356406125586,1570,2.0,0.40069279074668884,1362,278,52,36
1873,52.331356406125586,1570,2.0,0.5255802273750305,1319,212,42,29
1885,52.331356406125586,1570,2.0,0.17776834964752197,735,336,89,52
1846,52.331356406125586,1570,2.0,0.5692447423934937,1291,271,56,37
1863,52.331356406125586,1570,2.0,0.42398595809936523,1242,266,47,35
1892,52.331356406125586,1570,2.0,0.49931928515434265,1117,178,57,36
1893,52.331356406125586,1570,2.0,0.3514927923679352,1415,174,58,44
1917,52.331356406125586,1570,2.0,0.3460206091403961,1681,139,28,28
1920,52.331356406125586,1570,2.0,0.7636018991470337,535,840,233,162
1795,52.36468848026961,1571,2.0,0.11770468950271606,1357,182,30,26
1844,52.36468848026961,1571,2.0,0.5791851878166199,1362,275,50,35
1873,52.36468848026961,1571,2.0,0.4457874894142151,1321,212,43,29
1885,52.36468848026961,1571,2.0,0.17871809005737305,720,340,87,51
1846,52.36468848026961,1571,2.0,0.6046618223190308,1293,269,57,36
1863,52.36468848026961,1571,2.0,0.5195298790931702,1245,264,45,33
1892,52.36468848026961,1571,2.0,0.2619822025299072,1113,180,57,38
1893,52.36468848026961,1571,2.0,0.32609450817108154,1416,174,59,43
1917,52.36468848026961,1571,2.0,0.3317243158817291,1681,139,28,28
1920,52.36468848026961,1571,2.0,0.8233209252357483,571,813,228,157
1795,52.39802055441364,1572,2.0,0.15812331438064575,1358,182,30,26
1844,52.39802055441364,1572,2.0,0.5837864875793457,1364,272,49,36
1873,52.39802055441364,1572,2.0,0.36652904748916626,1322,211,43,28
1885,52.39802055441364,1572,2.0,0.16827379167079926,708,344,82,52
1846,52.39802055441364,1572,2.0,0.5147016644477844,1295,266,54,37
1863,52.39802055441364,1572,2.0,0.5457527041435242,1248,262,43,31
1892,52.39802055441364,1572,2.0,0.33376187086105347,1106,181,49,38
1893,52.39802055441364,1572,2.0,0.38269123435020447,1415,173,60,43
1917,52.39802055441364,1572,2.0,0.31360161304473877,1681,139,27,28
1920,52.39802055441364,1572,2.0,0.8399382829666138,601,793,214,153
1795,52.43135262855767,1573,2.0,0.17150506377220154,1362,183,36,26
1844,52.43135262855767,1573,2.0,0.5687347054481506,1367,271,51,38
1873,52.43135262855767,1573,2.0,0.23366861045360565,1325,210,39,27
1885,52.43135262855767,1573,2.0,0.2193112075328827,697,348,88,53
1846,52.43135262855767,1573,2.0,0.36154571175575256,1298,263,53,36
1863,52.43135262855767,1573,2.0,0.47122257947921753,1258,260,57,34
1892,52.43135262855767,1573,2.0,0.3512367308139801,1103,182,49,40
1893,52.43135262855767,1573,2.0,0.3231489360332489,1416,173,61,42
1917,52.43135262855767,1573,2.0,0.3613511025905609,1681,139,27,28
1920,52.43135262855767,1573,2.0,0.7935255169868469,631,771,207,150
1925,52.43135262855767,1573,2.0,0.5404940247535706,75,593,151,112
1795,52.4646847027017,1574,2.0,0.10031935572624207,1363,184,37,24
1844,52.4646847027017,1574,2.0,0.4883131682872772,1370,268,52,35
1873,52.4646847027017,1574,2.0,0.15067659318447113,1326,209,39,26
1885,52.4646847027017,1574,2.0,0.3137747049331665,686,354,91,51
1846,52.4646847027017,1574,2.0,0.5122331976890564,1302,261,50,36
1863,52.4646847027017,1574,2.0,0.4574974477291107,1258,258,49,33
1892,52.4646847027017,1574,2.0,0.38143372535705566,1100,182,50,41
1893,52.4646847027017,1574,2.0,0.5984863638877869,1417,171,62,41
1917,52.4646847027017,1574,2.0,0.3993346095085144,1681,139,27,29
1920,52.4646847027017,1574,2.0,0.832614004611969,660,747,198,140
1926,52.4646847027017,1574,2.0,0.4130690097808838,1284,261,87,37
1844,52.49801677684573,1575,2.0,0.536394476890564,1371,264,52,33
1873,52.49801677684573,1575,2.0,0.10044435411691666,1328,207,40,28
1885,52.49801677684573,1575,2.0,0.23414354026317596,674,359,92,50
1846,52.49801677684573,1575,2.0,0.4988415241241455,1305,259,49,37
1892,52.49801677684573,1575,2.0,0.3225065767765045,1098,183,50,41
1893,52.49801677684573,1575,2.0,0.5982674956321716,1418,171,61,40
1917,52.49801677684573,1575,2.0,0.3950541615486145,1681,139,27,28
1920,52.49801677684573,1575,2.0,0.7197215557098389,685,727,190,131
1926,52.49801677684573,1575,2.0,0.3579391837120056,1289,259,80,38
1844,52.53134885098976,1576,2.0,0.536278247833252,1373,262,51,31
1885,52.53134885098976,1576,2.0,0.38755136728286743,664,363,100,55
1846,52.53134885098976,1576,2.0,0.4353085458278656,1307,257,49,38
1892,52.53134885098976,1576,2.0,0.4705498516559601,1093,185,47,40
1893,52.53134885098976,1576,2.0,0.5919883847236633,1420,169,58,37
1917,52.53134885098976,1576,2.0,0.42497026920318604,1682,138,27,29
1920,52.53134885098976,1576,2.0,0.8407114744186401,710,706,184,123
1926,52.53134885098976,1576,2.0,0.3408643305301666,1293,258,78,40
1844,52.564680925133786,1577,2.0,0.43058478832244873,1376,260,49,31
1885,52.564680925133786,1577,2.0,0.2669079601764679,648,367,94,57
1846,52.564680925133786,1577,2.0,0.28856655955314636,1309,255,49,38
1892,52.564680925133786,1577,2.0,0.4471049904823303,1088,185,45,39
1893,52.564680925133786,1577,2.0,0.43741533160209656,1422,168,57,36
1917,52.564680925133786,1577,2.0,0.4435858130455017,1682,138,28,29
1920,52.564680925133786,1577,2.0,0.8114086389541626,733,694,177,125
1926,52.564680925133786,1577,2.0,0.17772261798381805,1291,255,86,40
1863,52.564680925133786,1577,2.0,0.40646111965179443,1266,250,45,35
1844,52.59801299927781,1578,2.0,0.41692766547203064,1379,258,48,32
1885,52.59801299927781,1578,2.0,0.4840947091579437,634,372,91,59
1846,52.59801299927781,1578,2.0,0.43280959129333496,1313,254,52,37
1892,52.59801299927781,1578,2.0,0.3847087323665619,1085,187,46,38
1893,52.59801299927781,1578,2.0,0.569174587726593,1424,168,51,37
1917,52.59801299927781,1578,2.0,0.44050124287605286,1682,138,29,30
1920,52.59801299927781,1578,2.0,0.8262137770652771,756,677,173,122
1863,52.59801299927781,1578,2.0,0.528435468673706,1268,249,42,33
1844,52.63134507342185,1579,2.0,0.3731880486011505,1382,257,48,32
1885,52.63134507342185,1579,2.0,0.34714534878730774,620,377,94,62
1846,52.63134507342185,1579,2.0,0.45674270391464233,1316,253,55,39
1892,52.63134507342185,1579,2.0,0.27808770537376404,1081,187,51,41
1893,52.63134507342185,1579,2.0,0.5585082769393921,1424,168,52,35
1917,52.63134507342185,1579,2.0,0.3708955943584442,1682,138,29,29
1920,52.63134507342185,1579,2.0,0.6785044074058533,778,662,170,121
1863,52.63134507342185,1579,2.0,0.3790847063064575,1270,246,41,31
1926,52.63134507342185,1579,2.0,0.36711472272872925,1293,250,85,39
1844,52.664677147565875,1580,2.0,0.42437049746513367,1385,254,51,31
1885,52.664677147565875,1580,2.0,0.4755101799964905,608,379,98,65
1846,52.664677147565875,1580,2.0,0.2994309663772583,1318,251,52,36
1892,52.664677147565875,1580,2.0,0.33026358485221863,1078,186,56,42
1893,52.664677147565875,1580,2.0,0.5770580768585205,1423,166,56,36
1917,52.664677147565875,1580,2.0,0.3469739854335785,1682,139,28,29
1920,52.664677147565875,1580,2.0,0.7085353136062622,801,646,167,114
1863,52.664677147565875,1580,2.0,0.48690760135650635,1273,243,40,32
1844,52.6980092217099,1581,2.0,0.3926556408405304,1387,252,53,33
1885,52.6980092217099,1581,2.0,0.21193385124206543,592,386,99,65
1846,52.6980092217099,1581,2.0,0.4814123809337616,1320,250,52,36
1892,52.6980092217099,1581,2.0,0.42900484800338745,1077,188,58,42
1893,52.6980092217099,1581,2.0,0.40458691120147705,1427,165,52,36
1917,52.6980092217099,1581,2.0,0.348159521818161,1682,139,28,28
1920,52.6980092217099,1581,2.0,0.7191644906997681,819,628,161,108
1863,52.6980092217099,1581,2.0,0.5071313381195068,1277,242,41,31
1844,52.73134129585393,1582,2.0,0.485446959733963,1388,251,52,35
1885,52.73134129585393,1582,2.0,0.3286152780056,572,393,91,61
1846,52.73134129585393,1582,2.0,0.4241664707660675,1323,247,49,37
1892,52.73134129585393,1582,2.0,0.31564202904701233,1075,190,60,42
1893,52.73134129585393,1582,2.0,0.3518460988998413,1427,165,50,36
1917,52.73134129585393,1582,2.0,0.3263615667819977,1682,139,28,28
1920,52.73134129585393,1582,2.0,0.7749209403991699,837,614,154,108
1863,52.73134129585393,1582,2.0,0.5217540860176086,1282,241,43,33
1844,52.76467336999796,1583,2.0,0.5761104822158813,1389,249,50,35
1885,52.76467336999796,1583,2.0,0.47229626774787903,561,398,97,62
1846,52.76467336999796,1583,2.0,0.4796329140663147,1324,245,46,36
1892,52.76467336999796,1583,2.0,0.30467912554740906,1073,191,63,42
1893,52.76467336999796,1583,2.0,0.4230271577835083,1430,164,48,35
1917,52.76467336999796,1583,2.0,0.3125310242176056,1682,140,27,28
1920,52.76467336999796,1583,2.0,0.7734306454658508,862,603,165,109
1863,52.76467336999796,1583,2.0,0.6073108911514282,1284,239,41,30
1873,52.76467336999796,1583,2.0,0.3000411093235016,1346,195,36,25
1844,52.79800544414199,1584,2.0,0.6420503258705139,1392,248,50,35
1885,52.79800544414199,1584,2.0,0.39853376150131226,546,403,100,63
1846,52.79800544414199,1584,2.0,0.5142309069633484,1326,243,45,35
1892,52.79800544414199,1584,2.0,0.15980388224124908,1070,193,61,41
1893,52.79800544414199,1584,2.0,0.39053282141685486,1432,163,49,34
1917,52.79800544414199,1584,2.0,0.2829141914844513,1682,140,27,29
1920,52.79800544414199,1584,2.0,0.7868449091911316,877,592,158,106
1863,52.79800544414199,1584,2.0,0.5138214230537415,1286,237,40,31
1873,52.79800544414199,1584,2.0,0.4526481628417969,1349,194,35,23
1844,52.83133751828602,1585,2.0,0.5660848021507263,1393,246,51,36
1885,52.83133751828602,1585,2.0,0.24904195964336395,530,410,104,63
1846,52.83133751828602,1585,2.0,0.4191795587539673,1328,240,47,34
1892,52.83133751828602,1585,2.0,0.22717636823654175,1062,193,55,42
1893,52.83133751828602,1585,2.0,0.3942011594772339,1433,162,50,35
1917,52.83133751828602,1585,2.0,0.3128108084201813,1682,140,27,29
1920,52.83133751828602,1585,2.0,0.7604634165763855,888,580,146,100
1863,52.83133751828602,1585,2.0,0.4729722738265991,1290,236,42,31
1873,52.83133751828602,1585,2.0,0.3397657871246338,1350,192,35,26
1926,52.83133751828602,1585,2.0,0.3269824683666229,1304,238,71,34
1844,52.86466959243005,1586,2.0,0.5677604079246521,1396,244,50,33
1885,52.86466959243005,1586,2.0,0.5773193836212158,514,416,106,64
1846,52.86466959243005,1586,2.0,0.3942321538925171,1332,237,43,33
1892,52.86466959243005,1586,2.0,0.30626925826072693,1058,195,55,43
1893,52.86466959243005,1586,2.0,0.28448396921157837,1434,162,50,34
1917,52.86466959243005,1586,2.0,0.31486672163009644,1683,140,26,29
1920,52.86466959243005,1586,2.0,0.7882469892501831,903,567,138,96
1863,52.86466959243005,1586,2.0,0.44460126757621765,1292,234,41,32
1873,52.86466959243005,1586,2.0,0.41941988468170166,1352,192,35,26
1926,52.86466959243005,1586,2.0,0.11143364757299423,1317,237,72,35
1844,52.898001666574075,1587,2.0,0.40553978085517883,1398,242,50,30
1885,52.898001666574075,1587,2.0,0.5662108659744263,499,421,107,68
1846,52.898001666574075,1587,2.0,0.39018717408180237,1334,236,41,31
1892,52.898001666574075,1587,2.0,0.2337859719991684,1054,196,57,43
1893,52.898001666574075,1587,2.0,0.2978020906448364,1435,162,52,33
1917,52.898001666574075,1587,2.0,0.2897246181964874,1683,140,26,29
1920,52.898001666574075,1587,2.0,0.7798069715499878,917,554,133,91
1863,52.898001666574075,1587,2.0,0.3164002001285553,1293,232,39,30
1873,52.898001666574075,1587,2.0,0.2839333713054657,1353,189,32,25
1926,52.898001666574075,1587,2.0,0.10522166639566422,1322,236,71,34
1844,52.93133374071811,1588,2.0,0.4410466253757477,1400,239,45,30
1885,52.93133374071811,1588,2.0,0.4005054831504822,481,427,109,70
1846,52.93133374071811,1588,2.0,0.39041754603385925,1336,235,44,30
1892,52.93133374071811,1588,2.0,0.33260902762413025,1051,197,57,44
1893,52.93133374071811,1588,2.0,0.3350350558757782,1436,161,48,33
1917,52.93133374071811,1588,2.0,0.2931661009788513,1683,141,24,29
1920,52.93133374071811,1588,2.0,0.7859886288642883,931,542,129,86
1863,52.93133374071811,1588,2.0,0.21935072541236877,1296,231,39,31
1873,52.93133374071811,1588,2.0,0.38976651430130005,1355,188,35,27
1926,52.93133374071811,1588,2.0,0.15655456483364105,1323,235,79,32
1844,52.96466581486214,1589,2.0,0.506269097328186,1401,237,48,30
1885,52.96466581486214,1589,2.0,0.45999041199684143,463,435,112,72
1846,52.96466581486214,1589,2.0,0.2384604662656784,1334,232,57,31
1892,52.96466581486214,1589,2.0,0.3008256256580353,1047,197,57,43
1893,52.96466581486214,1589,2.0,0.3923170566558838,1437,161,47,31
1917,52.96466581486214,1589,2.0,0.2982943058013916,1683,140,24,28
1920,52.96466581486214,1589,2.0,0.7587788105010986,947,531,130,85
1863,52.96466581486214,1589,2.0,0.10803970694541931,1299,230,41,29
1873,52.96466581486214,1589,2.0,0.29109105467796326,1356,187,33,25
1926,52.96466581486214,1589,2.0,0.15363793075084686,1320,231,75,31
1844,52.997997889006164,1590,2.0,0.5545870661735535,1402,236,47,31
1846,52.997997889006164,1590,2.0,0.2543083429336548,1337,230,57,32
1893,52.997997889006164,1590,2.0,0.3992668688297272,1437,161,47,30
1917,52.997997889006164,1590,2.0,0.267591655254364,1683,140,23,28
1920,52.997997889006164,1590,2.0,0.6981092095375061,959,522,127,82
1863,52.997997889006164,1590,2.0,0.2754276692867279,1303,228,42,31
1873,52.997997889006164,1590,2.0,0.19537660479545593,1357,186,34,27
1926,52.997997889006164,1590,2.0,0.18707089126110077,1325,230,78,31
1844,53.03132996315019,1591,2.0,0.548390805721283,1403,234,47,31
1846,53.03132996315019,1591,2.0,0.2650347352027893,1340,229,55,33
1893,53.03132996315019,1591,2.0,0.34311234951019287,1438,161,47,30
1917,53.03132996315019,1591,2.0,0.27690646052360535,1684,140,23,28
1920,53.03132996315019,1591,2.0,0.6360107660293579,970,511,117,82
1863,53.03132996315019,1591,2.0,0.21898432075977325,1313,226,54,33
1873,53.03132996315019,1591,2.0,0.19477851688861847,1358,185,35,27
1926,53.03132996315019,1591,2.0,0.23021526634693146,1329,229,78,33
1885,53.03132996315019,1591,2.0,0.4562993049621582,425,449,115,73
1892,53.03132996315019,1591,2.0,0.3665822148323059,1038,201,56,42
1844,53.06466203729422,1592,2.0,0.4963301122188568,1405,233,46,32
1846,53.06466203729422,1592,2.0,0.34719163179397583,1344,229,52,32
1893,53.06466203729422,1592,2.0,0.3105941116809845,1439,160,45,31
1917,53.06466203729422,1592,2.0,0.3034285306930542,1684,140,23,28
1920,53.06466203729422,1592,2.0,0.6011685729026794,984,498,118,92
1863,53.06466203729422,1592,2.0,0.22387708723545074,1312,225,44,31
1873,53.06466203729422,1592,2.0,0.2065543830394745,1359,185,34,26
1926,53.06466203729422,1592,2.0,0.19631141424179077,1333,227,76,32
1885,53.06466203729422,1592,2.0,0.4225797951221466,405,455,116,76
1892,53.06466203729422,1592,2.0,0.2667747437953949,1032,202,53,41
1844,53.097994111438254,1593,2.0,0.4487973749637604,1407,232,45,32
1846,53.097994111438254,1593,2.0,0.18375349044799805,1347,228,49,32
1893,53.097994111438254,1593,2.0,0.24245601892471313,1440,160,43,30
1917,53.097994111438254,1593,2.0,0.2708778381347656,1684,140,24,28
1920,53.097994111438254,1593,2.0,0.7097837328910828,996,490,116,91
1863,53.097994111438254,1593,2.0,0.3260595202445984,1314,222,43,31
1873,53.097994111438254,1593,2.0,0.171444371342659,1360,185,35,25
1926,53.097994111438254,1593,2.0,0.2825504243373871,1334,226,80,35
1885,53.097994111438254,1593,2.0,0.24614372849464417,385,464,120,74
1892,53.097994111438254,1593,2.0,0.280375599861145,1030,204,54,40
1844,53.13132618558228,1594,2.0,0.4334448277950287,1409,231,43,30
1846,53.13132618558228,1594,2.0,0.18531069159507751,1347,226,49,33
1893,53.13132618558228,1594,2.0,0.20049315690994263,1439,157,48,35
1917,53.13132618558228,1594,2.0,0.23776012659072876,1684,140,23,28
1920,53.13132618558228,1594,2.0,0.6351921558380127,1013,483,124,88
1863,53.13132618558228,1594,2.0,0.3643840551376343,1316,221,43,31
1873,53.13132618558228,1594,2.0,0.12009222060441971,1361,185,35,25
1926,53.13132618558228,1594,2.0,0.3300784230232239,1336,224,79,36
1885,53.13132618558228,1594,2.0,0.18552690744400024,371,473,109,73
1892,53.13132618558228,1594,2.0,0.3627954423427582,1026,206,56,42
1844,53.16465825972631,1595,2.0,0.36833202838897705,1411,231,41,31
1846,53.16465825972631,1595,2.0,0.432763934135437,1349,225,52,32
1893,53.16465825972631,1595,2.0,0.27101102471351624,1440,156,46,36
1917,53.16465825972631,1595,2.0,0.18587185442447662,1684,140,23,28
1920,53.16465825972631,1595,2.0,0.6171990036964417,1023,477,118,80
1863,53.16465825972631,1595,2.0,0.3491232693195343,1318,220,45,32
1926,53.16465825972631,1595,2.0,0.3858568072319031,1338,223,79,34
1885,53.16465825972631,1595,2.0,0.1795172095298767,361,479,85,73
1892,53.16465825972631,1595,2.0,0.5041884183883667,1023,208,55,41
1844,53.19799033387034,1596,2.0,0.34679099917411804,1412,229,43,31
1893,53.19799033387034,1596,2.0,0.3000525236129761,1443,155,41,35
1917,53.19799033387034,1596,2.0,0.155135840177536,1685,141,22,27
1920,53.19799033387034,1596,2.0,0.6255625486373901,1032,468,111,73
1926,53.19799033387034,1596,2.0,0.5656574964523315,1339,221,75,33
1892,53.19799033387034,1596,2.0,0.2450629621744156,1019,210,57,42
1844,53.23132240801437,1597,2.0,0.3032304644584656,1413,228,42,30
1893,53.23132240801437,1597,2.0,0.380634605884552,1442,154,44,34
1917,53.23132240801437,1597,2.0,0.14365176856517792,1685,141,22,27
1920,53.23132240801437,1597,2.0,0.6823914647102356,1042,461,110,71
1926,53.23132240801437,1597,2.0,0.4600057601928711,1343,219,67,33
1892,53.23132240801437,1597,2.0,0.14872942864894867,1013,211,55,42
1863,53.23132240801437,1597,2.0,0.41953134536743164,1333,217,65,34
1844,53.2646544821584,1598,2.0,0.20852617919445038,1412,224,43,29
1893,53.2646544821584,1598,2.0,0.2929299771785736,1443,153,45,33
1917,53.2646544821584,1598,2.0,0.12828563153743744,1685,141,21,27
1920,53.2646544821584,1598,2.0,0.5907010436058044,1051,456,108,70
1926,53.2646544821584,1598,2.0,0.47575709223747253,1341,217,73,33
1892,53.2646544821584,1598,2.0,0.19673770666122437,1007,213,55,42
1863,53.2646544821584,1598,2.0,0.4323809742927551,1332,216,59,33
1844,53.297986556302426,1599,2.0,0.2267470359802246,1412,220,42,27
1893,53.297986556302426,1599,2.0,0.23326632380485535,1446,152,40,31
1917,53.297986556302426,1599,2.0,0.1139875203371048,1686,141,22,28
1920,53.297986556302426,1599,2.0,0.719106137752533,1064,449,108,71
1926,53.297986556302426,1599,2.0,0.4750630259513855,1340,215,72,32
1892,53.297986556302426,1599,2.0,0.3094535768032074,1003,214,57,42
1863,53.297986556302426,1599,2.0,0.4135701060295105,1329,214,51,31
1846,53.297986556302426,1599,2.0,0.422405481338501,1358,217,42,31
1844,53.331318630446454,1600,2.0,0.13754230737686157,1417,218,40,26
1893,53.331318630446454,1600,2.0,0.303183913230896,1447,150,40,31
1917,53.331318630446454,1600,2.0,0.12075810879468918,1686,142,21,28
1920,53.331318630446454,1600,2.0,0.6082325577735901,1071,441,99,70
1926,53.331318630446454,1600,2.0,0.19500648975372314,1345,214,73,35
1892,53.331318630446454,1600,2.0,0.3096359670162201,1001,215,61,42
1863,53.331318630446454,1600,2.0,0.3570014238357544,1334,213,56,31
1846,53.331318630446454,1600,2.0,0.2855692207813263,1359,215,47,32
1844,53.36465070459048,1601,2.0,0.21323025226593018,1420,217,39,26
1893,53.36465070459048,1601,2.0,0.24857373535633087,1448,149,41,30
1917,53.36465070459048,1601,2.0,0.15599951148033142,1686,142,22,28
1920,53.36465070459048,1601,2.0,0.6099262833595276,1078,433,97,67
1892,53.36465070459048,1601,2.0,0.6039936542510986,995,216,60,44
1863,53.36465070459048,1601,2.0,0.3484063148498535,1334,213,52,29
1846,53.36465070459048,1601,2.0,0.2661147117614746,1361,214,49,31
1844,53.397982778734516,1602,2.0,0.27081266045570374,1421,216,38,27
1893,53.397982778734516,1602,2.0,0.32052505016326904,1449,149,40,30
1917,53.397982778734516,1602,2.0,0.20505158603191376,1686,142,23,28
1920,53.397982778734516,1602,2.0,0.6836981773376465,1089,427,98,66
1892,53.397982778734516,1602,2.0,0.3731217682361603,990,217,59,47
1863,53.397982778734516,1602,2.0,0.47055935859680176,1332,212,42,28
1846,53.397982778734516,1602,2.0,0.35618218779563904,1363,213,51,31
1957,53.397982778734516,1602,2.0,0.721271812915802,505,737,216,124
1844,53.43131485287854,1603,2.0,0.2745617628097534,1421,215,40,27
1893,53.43131485287854,1603,2.0,0.3550495505332947,1451,148,38,29
1917,53.43131485287854,1603,2.0,0.28007784485816956,1686,142,25,28
1920,53.43131485287854,1603,2.0,0.6286945939064026,1097,419,96,65
1892,53.43131485287854,1603,2.0,0.49460741877555847,985,218,58,50
1863,53.43131485287854,1603,2.0,0.2410397082567215,1344,210,64,28
1846,53.43131485287854,1603,2.0,0.27181610465049744,1364,212,55,31
1957,53.43131485287854,1603,2.0,0.6298028826713562,533,718,206,122
1925,53.43131485287854,1603,2.0,0.6195573806762695,114,569,109,76
1844,53.46464692702257,1604,2.0,0.31097978353500366,1422,213,39,27
1893,53.46464692702257,1604,2.0,0.3662542998790741,1451,146,39,29
1917,53.46464692702257,1604,2.0,0.3217061161994934,1687,142,26,28
1920,53.46464692702257,1604,2.0,0.6156532764434814,1108,412,101,66
1892,53.46464692702257,1604,2.0,0.618364155292511,981,218,61,52
1846,53.46464692702257,1604,2.0,0.39453330636024475,1367,211,52,29
1957,53.46464692702257,1604,2.0,0.8500136733055115,564,695,189,119
1925,53.46464692702257,1604,2.0,0.7357411980628967,103,573,135,85
1926,53.46464692702257,1604,2.0,0.38772767782211304,1353,208,74,30
1844,53.4979790011666,1605,2.0,0.3380948603153229,1424,212,42,27
1893,53.4979790011666,1605,2.0,0.33927711844444275,1451,146,40,29
1917,53.4979790011666,1605,2.0,0.2685650885105133,1687,142,26,28
1920,53.4979790011666,1605,2.0,0.5940656065940857,1117,407,99,68
1892,53.4979790011666,1605,2.0,0.5804036259651184,977,219,62,51
1846,53.4979790011666,1605,2.0,0.18586809933185577,1369,210,52,30
1957,53.4979790011666,1605,2.0,0.2747018039226532,599,676,191,113
1925,53.4979790011666,1605,2.0,0.7729763388633728,91,578,157,96
1926,53.4979790011666,1605,2.0,0.19432899355888367,1356,208,74,32
1844,53.531311075310626,1606,2.0,0.20349769294261932,1425,211,43,29
1893,53.531311075310626,1606,2.0,0.4564783573150635,1452,147,40,29
1917,53.531311075310626,1606,2.0,0.2460852712392807,1687,143,25,28
1920,53.531311075310626,1606,2.0,0.5547140836715698,1121,402,91,66
1892,53.531311075310626,1606,2.0,0.5987311005592346,970,220,61,51
1846,53.531311075310626,1606,2.0,0.22799313068389893,1368,208,53,31
1957,53.531311075310626,1606,2.0,0.5576867461204529,624,657,176,108
1925,53.531311075310626,1606,2.0,0.6895534992218018,77,587,149,99
1926,53.531311075310626,1606,2.0,0.2769539952278137,1357,206,73,31
1961,53.531311075310626,1606,2.0,0.36820337176322937,1340,207,41,28
1844,53.56464314945466,1607,2.0,0.1491813361644745,1427,210,41,28
1893,53.56464314945466,1607,2.0,0.36324334144592285,1453,147,38,31
1917,53.56464314945466,1607,2.0,0.24775931239128113,1688,143,26,28
1920,53.56464314945466,1607,2.0,0.6454532742500305,1127,396,85,60
1892,53.56464314945466,1607,2.0,0.5324951410293579,965,221,62,52
1846,53.56464314945466,1607,2.0,0.31276223063468933,1373,208,48,31
1957,53.56464314945466,1607,2.0,0.32357147336006165,649,638,168,105
1925,53.56464314945466,1607,2.0,0.5521039366722107,61,597,122,104
1926,53.56464314945466,1607,2.0,0.26726508140563965,1360,206,73,31
1961,53.56464314945466,1607,2.0,0.2548087239265442,1344,207,47,28
1844,53.59797522359869,1608,2.0,0.15505997836589813,1428,209,39,28
1893,53.59797522359869,1608,2.0,0.33738258481025696,1454,147,36,31
1917,53.59797522359869,1608,2.0,0.20681127905845642,1688,143,24,28
1920,53.59797522359869,1608,2.0,0.5054517388343811,1136,391,87,59
1892,53.59797522359869,1608,2.0,0.19752322137355804,960,225,63,52
1846,53.59797522359869,1608,2.0,0.11243259161710739,1375,205,45,31
1957,53.59797522359869,1608,2.0,0.6956383585929871,680,623,175,102
1844,53.631307297742715,1609,2.0,0.17001798748970032,1430,208,41,28
1893,53.631307297742715,1609,2.0,0.32103848457336426,1455,145,36,32
1917,53.631307297742715,1609,2.0,0.22694723308086395,1689,143,25,29
1920,53.631307297742715,1609,2.0,0.6970869898796082,1144,387,91,58
1892,53.631307297742715,1609,2.0,0.5772188901901245,956,226,66,55
1846,53.631307297742715,1609,2.0,0.12640376389026642,1374,204,48,31
1957,53.631307297742715,1609,2.0,0.6306836009025574,704,607,170,101
1844,53.66463937188674,1610,2.0,0.18086710572242737,1431,207,41,28
1893,53.66463937188674,1610,2.0,0.34335312247276306,1455,145,37,32
1917,53.66463937188674,1610,2.0,0.2585422098636627,1689,143,25,30
1920,53.66463937188674,1610,2.0,0.7417794466018677,1149,382,86,58
1892,53.66463937188674,1610,2.0,0.600470244884491,950,227,66,54
1846,53.66463937188674,1610,2.0,0.1940690279006958,1374,202,48,30
1957,53.66463937188674,1610,2.0,0.4247407615184784,726,591,158,100
1844,53.69797144603078,1611,2.0,0.14793308079242706,1432,206,42,28
1893,53.69797144603078,1611,2.0,0.3842790126800537,1456,145,38,33
1917,53.69797144603078,1611,2.0,0.2788532078266144,1689,143,25,30
1920,53.69797144603078,1611,2.0,0.7260490655899048,1156,377,84,57
1892,53.69797144603078,1611,2.0,0.484999418258667,944,228,65,55
1846,53.69797144603078,1611,2.0,0.2211967259645462,1372,201,54,30
1957,53.69797144603078,1611,2.0,0.5642802119255066,748,577,156,94
1844,53.731303520174805,1612,2.0,0.1637454479932785,1433,206,42,28
1893,53.731303520174805,1612,2.0,0.4573516249656677,1455,145,40,32
1917,53.731303520174805,1612,2.0,0.2909802794456482,1689,143,26,30
1920,53.731303520174805,1612,2.0,0.5612683296203613,1166,374,90,55
1892,53.731303520174805,1612,2.0,0.45487862825393677,939,231,67,54
1846,53.731303520174805,1612,2.0,0.22425231337547302,1374,200,50,28
1957,53.731303520174805,1612,2.0,0.5805736184120178,764,563,143,91
1844,53.76463559431883,1613,2.0,0.1222197487950325,1434,205,41,28
1893,53.76463559431883,1613,2.0,0.4177302420139313,1456,144,42,31
1917,53.76463559431883,1613,2.0,0.30653172731399536,1690,144,25,31
1920,53.76463559431883,1613,2.0,0.6904080510139465,1170,369,87,55
1892,53.76463559431883,1613,2.0,0.5060994029045105,935,233,68,52
1846,53.76463559431883,1613,2.0,0.224046990275383,1370,198,58,28
1957,53.76463559431883,1613,2.0,0.7330647706985474,783,549,134,84
1844,53.79796766846286,1614,2.0,0.13441544771194458,1434,205,43,27
1893,53.79796766846286,1614,2.0,0.38754045963287354,1456,143,42,31
1917,53.79796766846286,1614,2.0,0.2980901300907135,1691,145,27,32
1920,53.79796766846286,1614,2.0,0.7370954751968384,1176,364,88,55
1892,53.79796766846286,1614,2.0,0.47416651248931885,929,236,69,52
1846,53.79796766846286,1614,2.0,0.2115103304386139,1369,197,59,28
1957,53.79796766846286,1614,2.0,0.6506426334381104,804,536,138,84
1893,53.83129974260689,1615,2.0,0.33509644865989685,1456,141,42,31
1917,53.83129974260689,1615,2.0,0.3202133774757385,1691,145,27,31
1920,53.83129974260689,1615,2.0,0.7052415013313293,1183,360,83,52
1892,53.83129974260689,1615,2.0,0.4892098903656006,922,238,70,54
1846,53.83129974260689,1615,2.0,0.1467151939868927,1373,197,66,25
1957,53.83129974260689,1615,2.0,0.5177161693572998,824,525,134,81
1893,53.86463181675092,1616,2.0,0.3048270344734192,1456,141,42,31
1917,53.86463181675092,1616,2.0,0.35513731837272644,1692,145,29,31
1920,53.86463181675092,1616,2.0,0.5339058637619019,1189,355,83,49
1892,53.86463181675092,1616,2.0,0.4268997013568878,917,239,70,55
1846,53.86463181675092,1616,2.0,0.14091099798679352,1374,195,68,26
1957,53.86463181675092,1616,2.0,0.5553756356239319,842,515,134,79
1893,53.89796389089495,1617,2.0,0.34384462237358093,1457,140,42,31
1917,53.89796389089495,1617,2.0,0.29260891675949097,1693,145,29,31
1920,53.89796389089495,1617,2.0,0.7557955980300903,1194,350,81,52
1892,53.89796389089495,1617,2.0,0.4232237935066223,910,240,70,53
1846,53.89796389089495,1617,2.0,0.18613292276859283,1378,194,62,26
1957,53.89796389089495,1617,2.0,0.6883559226989746,858,504,128,77
1893,53.93129596503898,1618,2.0,0.25652575492858887,1457,139,42,30
1917,53.93129596503898,1618,2.0,0.2989162802696228,1694,146,30,31
1920,53.93129596503898,1618,2.0,0.5141261219978333,1199,347,80,52
1892,53.93129596503898,1618,2.0,0.5863135457038879,905,242,73,53
1846,53.93129596503898,1618,2.0,0.30366119742393494,1380,192,62,28
1957,53.93129596503898,1618,2.0,0.628587543964386,873,494,124,74
1893,53.964628039183005,1619,2.0,0.29932117462158203,1458,140,42,30
1917,53.964628039183005,1619,2.0,0.2572982609272003,1695,147,30,30
1920,53.964628039183005,1619,2.0,0.726153552532196,1205,344,78,54
1892,53.964628039183005,1619,2.0,0.502155065536499,899,245,77,55
1846,53.964628039183005,1619,2.0,0.4498656094074249,1382,191,60,29
1957,53.964628039183005,1619,2.0,0.5488123893737793,885,483,112,73
1893,53.99796011332703,1620,2.0,0.32140758633613586,1459,140,43,30
1917,53.99796011332703,1620,2.0,0.2876892387866974,1695,147,30,29
1920,53.99796011332703,1620,2.0,0.6672177910804749,1209,338,73,51
1892,53.99796011332703,1620,2.0,0.3440718650817871,891,247,74,58
1846,53.99796011332703,1620,2.0,0.20039169490337372,1381,190,62,28
1957,53.99796011332703,1620,2.0,0.1756916046142578,901,473,111,73
1893,54.03129218747107,1621,2.0,0.2922217547893524,1459,140,42,30
1917,54.03129218747107,1621,2.0,0.1931757628917694,1696,148,30,29
1920,54.03129218747107,1621,2.0,0.5571223497390747,1216,334,76,50
1892,54.03129218747107,1621,2.0,0.5922521352767944,884,249,74,58
1846,54.03129218747107,1621,2.0,0.5001766681671143,1375,189,54,27
1957,54.03129218747107,1621,2.0,0.3774864375591278,913,464,108,70
1926,54.03129218747107,1621,2.0,0.438196063041687,1382,191,71,29
1893,54.064624261615094,1622,2.0,0.3523031771183014,1459,139,43,29
1917,54.064624261615094,1622,2.0,0.19418762624263763,1696,148,30,28
1920,54.064624261615094,1622,2.0,0.593601405620575,1220,329,73,48
1892,54.064624261615094,1622,2.0,0.5661822557449341,879,251,77,57
1846,54.064624261615094,1622,2.0,0.2805010676383972,1375,188,52,28
1957,54.064624261615094,1622,2.0,0.5768327713012695,927,454,105,67
1972,54.064624261615094,1622,2.0,0.41446828842163086,1396,189,44,32
1926,54.064624261615094,1622,2.0,0.36711692810058594,1384,189,69,30
1893,54.09795633575912,1623,2.0,0.3908599317073822,1458,138,45,29
1917,54.09795633575912,1623,2.0,0.19990572333335876,1697,149,32,28
1920,54.09795633575912,1623,2.0,0.7355652451515198,1225,325,73,48
1892,54.09795633575912,1623,2.0,0.5701721906661987,871,254,77,58
1846,54.09795633575912,1623,2.0,0.3848952054977417,1378,188,54,27
1957,54.09795633575912,1623,2.0,0.4027327001094818,943,447,108,65
1972,54.09795633575912,1623,2.0,0.2566400170326233,1394,188,47,31
1893,54.13128840990315,1624,2.0,0.38010284304618835,1458,138,48,29
1917,54.13128840990315,1624,2.0,0.2632700204849243,1698,150,33,27
1920,54.13128840990315,1624,2.0,0.6365042328834534,1228,322,71,48
1892,54.13128840990315,1624,2.0,0.6430942416191101,865,256,76,58
1846,54.13128840990315,1624,2.0,0.24669495224952698,1384,187,60,28
1957,54.13128840990315,1624,2.0,0.6211089491844177,955,439,106,65
1972,54.13128840990315,1624,2.0,0.3163389563560486,1400,188,41,31
1893,54.164620484047184,1625,2.0,0.3158012926578522,1459,138,48,28
1917,54.164620484047184,1625,2.0,0.23617368936538696,1698,150,33,27
1920,54.164620484047184,1625,2.0,0.4711928069591522,1231,320,67,49
1892,54.164620484047184,1625,2.0,0.6454089283943176,859,258,78,60
1957,54.164620484047184,1625,2.0,0.593090832233429,965,432,100,63
1972,54.164620484047184,1625,2.0,0.38200363516807556,1399,186,42,34
1926,54.164620484047184,1625,2.0,0.33106374740600586,1388,185,63,31
1893,54.19795255819121,1626,2.0,0.244208425283432,1459,138,50,27
1917,54.19795255819121,1626,2.0,0.24389013648033142,1698,150,34,27
1920,54.19795255819121,1626,2.0,0.7899047136306763,1236,316,69,47
1892,54.19795255819121,1626,2.0,0.6204978823661804,851,261,77,59
1957,54.19795255819121,1626,2.0,0.6198149919509888,978,424,101,61
1972,54.19795255819121,1626,2.0,0.24900612235069275,1402,184,36,34
1926,54.19795255819121,1626,2.0,0.1855292171239853,1385,183,56,30
1893,54.23128463233524,1627,2.0,0.19854600727558136,1459,139,50,27
1917,54.23128463233524,1627,2.0,0.21561691164970398,1698,150,33,27
1920,54.23128463233524,1627,2.0,0.6571882963180542,1241,313,68,45
1892,54.23128463233524,1627,2.0,0.6005494594573975,844,263,76,60
1957,54.23128463233524,1627,2.0,0.6251552104949951,988,416,96,58
1972,54.23128463233524,1627,2.0,0.16728508472442627,1404,182,35,36
1926,54.23128463233524,1627,2.0,0.27420902252197266,1386,183,53,28
1917,54.264616706479266,1628,2.0,0.2495090514421463,1699,150,35,27
1920,54.264616706479266,1628,2.0,0.6124255657196045,1245,309,70,44
1892,54.264616706479266,1628,2.0,0.581297755241394,837,264,81,61
1957,54.264616706479266,1628,2.0,0.5942109823226929,1000,410,97,58
1972,54.264616706479266,1628,2.0,0.16184942424297333,1398,183,45,31
1926,54.264616706479266,1628,2.0,0.1682395040988922,1387,182,52,27
1917,54.297948780623294,1629,2.0,0.2586189806461334,1700,150,36,27
1920,54.297948780623294,1629,2.0,0.6394786238670349,1248,307,72,44
1892,54.297948780623294,1629,2.0,0.5047556161880493,829,266,82,61
1957,54.297948780623294,1629,2.0,0.5203889608383179,1010,404,95,58
1972,54.297948780623294,1629,2.0,0.18402794003486633,1403,179,38,33
1982,54.297948780623294,1629,2.0,0.37918171286582947,1283,135,30,26
1917,54.33128085476733,1630,2.0,0.2542222738265991,1701,150,38,29
1920,54.33128085476733,1630,2.0,0.5391227602958679,1253,303,71,44
1892,54.33128085476733,1630,2.0,0.4679240882396698,823,269,85,63
1957,54.33128085476733,1630,2.0,0.5261152386665344,1020,397,91,55
1972,54.33128085476733,1630,2.0,0.18348422646522522,1404,177,37,36
1982,54.33128085476733,1630,2.0,0.2777397930622101,1282,135,29,27
1987,54.33128085476733,1630,2.0,0.36485666036605835,1185,180,60,57
1917,54.364612928911356,1631,2.0,0.19363011419773102,1703,151,41,30
1920,54.364612928911356,1631,2.0,0.6171916127204895,1255,301,69,42
1892,54.364612928911356,1631,2.0,0.5381807088851929,815,271,83,65
1957,54.364612928911356,1631,2.0,0.4660991430282593,1030,391,90,55
1972,54.364612928911356,1631,2.0,0.17426888644695282,1406,176,35,36
1982,54.364612928911356,1631,2.0,0.39892494678497314,1282,137,32,28
1987,54.364612928911356,1631,2.0,0.3424506187438965,1183,182,60,57
1893,54.364612928911356,1631,2.0,0.32513707876205444,1466,138,39,26
1917,54.39794500305538,1632,2.0,0.2726294994354248,1706,151,42,32
1920,54.39794500305538,1632,2.0,0.7067267894744873,1260,298,68,42
1892,54.39794500305538,1632,2.0,0.461727499961853,808,274,85,65
1957,54.39794500305538,1632,2.0,0.6147570013999939,1040,385,88,55
1972,54.39794500305538,1632,2.0,0.23555904626846313,1407,174,35,36
1982,54.39794500305538,1632,2.0,0.43043702840805054,1283,137,34,29
1987,54.39794500305538,1632,7.0,0.17599345743656158,1180,181,62,58
1991,54.39794500305538,1632,2.0,0.5175456404685974,722,885,224,186
1893,54.39794500305538,1632,2.0,0.2237526774406433,1467,137,36,25
1917,54.43127707719941,1633,2.0,0.293326199054718,1708,151,44,32
1920,54.43127707719941,1633,2.0,0.8031411170959473,1264,295,66,40
1892,54.43127707719941,1633,2.0,0.48998895287513733,800,277,87,65
1957,54.43127707719941,1633,2.0,0.6460235714912415,1049,379,86,55
1972,54.43127707719941,1633,2.0,0.27551162242889404,1409,173,34,35
1982,54.43127707719941,1633,2.0,0.3928273320198059,1282,138,35,28
1987,54.43127707719941,1633,2.0,0.27716678380966187,1176,183,60,58
1991,54.43127707719941,1633,2.0,0.7437960505485535,745,858,214,168
1893,54.43127707719941,1633,2.0,0.17631661891937256,1468,137,34,27
1917,54.46460915134344,1634,2.0,0.40730899572372437,1709,151,45,33
1920,54.46460915134344,1634,2.0,0.7523000240325928,1270,292,65,42
1892,54.46460915134344,1634,2.0,0.3969780504703522,791,279,87,67
1957,54.46460915134344,1634,2.0,0.5511844754219055,1055,373,85,54
1972,54.46460915134344,1634,2.0,0.2966695725917816,1409,172,36,35
1982,54.46460915134344,1634,2.0,0.3506336808204651,1281,139,37,27
1987,54.46460915134344,1634,2.0,0.26030516624450684,1173,183,64,58
1991,54.46460915134344,1634,2.0,0.8251767158508301,773,832,205,156
1893,54.46460915134344,1634,2.0,0.16409076750278473,1469,136,30,28
1917,54.49794122548747,1635,2.0,0.4421469271183014,1710,151,45,33
1920,54.49794122548747,1635,2.0,0.7031254172325134,1273,289,66,42
1892,54.49794122548747,1635,2.0,0.5894871950149536,783,283,88,67
1957,54.49794122548747,1635,2.0,0.7053971290588379,1065,368,85,51
1972,54.49794122548747,1635,2.0,0.2738766074180603,1411,172,33,35
1982,54.49794122548747,1635,2.0,0.38795408606529236,1278,141,37,27
1987,54.49794122548747,1635,2.0,0.30540087819099426,1170,184,62,62
1991,54.49794122548747,1635,2.0,0.8467877507209778,795,808,198,149
1893,54.49794122548747,1635,2.0,0.11833394318819046,1469,136,31,28
1917,54.5312732996315,1636,2.0,0.3776213824748993,1709,152,45,33
1920,54.5312732996315,1636,2.0,0.5870530605316162,1276,287,63,41
1892,54.5312732996315,1636,7.0,0.2879042625427246,774,285,90,67
1957,54.5312732996315,1636,2.0,0.7018982768058777,1074,363,84,50
1972,54.5312732996315,1636,2.0,0.3592611849308014,1412,171,35,34
1982,54.5312732996315,1636,2.0,0.4404558837413788,1277,141,39,27
1987,54.5312732996315,1636,7.0,0.17699560523033142,1169,182,68,64
1991,54.5312732996315,1636,2.0,0.7904778718948364,817,787,190,140
1893,54.5312732996315,1636,2.0,0.11726061999797821,1470,136,29,28
1917,54.56460537377553,1637,2.0,0.4053342640399933,1709,152,45,32
1920,54.56460537377553,1637,2.0,0.5882605314254761,1279,284,62,40
1892,54.56460537377553,1637,2.0,0.6581047177314758,764,288,89,67
1957,54.56460537377553,1637,2.0,0.6072513461112976,1083,357,83,50
1972,54.56460537377553,1637,2.0,0.13653719425201416,1412,170,37,33
1982,54.56460537377553,1637,2.0,0.4748281240463257,1277,142,43,27
1987,54.56460537377553,1637,7.0,0.11314162611961365,1167,184,68,66
1991,54.56460537377553,1637,2.0,0.8396803140640259,839,767,185,134
1893,54.56460537377553,1637,2.0,0.1296267956495285,1471,135,29,28
1999,54.56460537377553,1637,7.0,0.47184354066848755,382,814,755,494
1917,54.597937447919556,1638,2.0,0.41618478298187256,1709,152,44,32
1920,54.597937447919556,1638,2.0,0.6535751223564148,1283,281,62,40
1892,54.597937447919556,1638,2.0,0.47075608372688293,755,290,91,69
1957,54.597937447919556,1638,2.0,0.5820997357368469,1091,353,80,50
1982,54.597937447919556,1638,2.0,0.3737204670906067,1271,141,40,28
1987,54.597937447919556,1638,7.0,0.17237964272499084,1165,185,68,64
1991,54.597937447919556,1638,2.0,0.8171373605728149,860,748,176,130
1999,54.597937447919556,1638,7.0,0.46518248319625854,395,808,783,510
1846,54.597937447919556,1638,2.0,0.3986976742744446,1407,170,51,32
1917,54.63126952206359,1639,2.0,0.3770318031311035,1710,151,45,32
1920,54.63126952206359,1639,2.0,0.6722899079322815,1288,278,62,40
1892,54.63126952206359,1639,2.0,0.4554353952407837,745,293,92,68
1957,54.63126952206359,1639,2.0,0.7097483277320862,1098,347,80,49
1982,54.63126952206359,1639,2.0,0.4419035017490387,1266,141,39,28
1987,54.63126952206359,1639,7.0,0.12160412967205048,1157,188,63,61
1991,54.63126952206359,1639,2.0,0.8557490110397339,878,730,171,127
1999,54.63126952206359,1639,7.0,0.4429941475391388,407,804,806,517
1846,54.63126952206359,1639,2.0,0.4532642066478729,1409,170,52,33
1917,54.66460159620762,1640,2.0,0.27868083119392395,1710,151,46,34
1920,54.66460159620762,1640,2.0,0.8000248670578003,1291,275,61,38
1892,54.66460159620762,1640,7.0,0.41195958852767944,736,295,94,69
1957,54.66460159620762,1640,2.0,0.6272057890892029,1106,343,77,48
1982,54.66460159620762,1640,2.0,0.483452171087265,1263,142,36,28
1991,54.66460159620762,1640,2.0,0.813850462436676,895,713,168,123
1999,54.66460159620762,1640,7.0,0.43584221601486206,429,795,855,532
1846,54.66460159620762,1640,2.0,0.4455828070640564,1410,168,52,32
1917,54.697933670351645,1641,2.0,0.42298170924186707,1711,151,47,34
1920,54.697933670351645,1641,2.0,0.7310287952423096,1293,273,60,37
1892,54.697933670351645,1641,2.0,0.31753289699554443,727,298,96,73
1957,54.697933670351645,1641,2.0,0.7464266419410706,1113,339,76,46
1982,54.697933670351645,1641,2.0,0.5651522278785706,1263,142,38,28
1991,54.697933670351645,1641,2.0,0.7596167325973511,913,697,165,121
1999,54.697933670351645,1641,7.0,0.4941089451313019,443,784,881,544
1846,54.697933670351645,1641,2.0,0.36211031675338745,1411,169,49,30
1917,54.73126574449567,1642,2.0,0.39882731437683105,1711,151,47,34
1920,54.73126574449567,1642,2.0,0.718707799911499,1297,270,59,37
1892,54.73126574449567,1642,7.0,0.2482350766658783,718,303,93,74
1957,54.73126574449567,1642,2.0,0.6733225584030151,1120,336,77,43
1982,54.73126574449567,1642,2.0,0.4429795444011688,1260,143,35,27
1991,54.73126574449567,1642,2.0,0.8417718410491943,929,681,157,115
1999,54.73126574449567,1642,7.0,0.4520095884799957,455,777,898,558
1846,54.73126574449567,1642,2.0,0.3831847608089447,1410,168,48,29
1917,54.7645978186397,1643,2.0,0.39452648162841797,1712,151,49,33
1920,54.7645978186397,1643,2.0,0.6629475355148315,1301,268,60,36
1892,54.7645978186397,1643,2.0,0.43529802560806274,710,306,97,73
1957,54.7645978186397,1643,2.0,0.6062917709350586,1127,329,72,44
1982,54.7645978186397,1643,2.0,0.5146366357803345,1258,143,32,28
1991,54.7645978186397,1643,2.0,0.7809180617332458,946,667,155,112
1999,54.7645978186397,1643,7.0,0.4599577486515045,462,770,915,582
1846,54.7645978186397,1643,2.0,0.35300663113594055,1412,167,52,30
1917,54.797929892783735,1644,2.0,0.3623828589916229,1713,151,51,34
1920,54.797929892783735,1644,2.0,0.695424497127533,1304,266,59,38
1892,54.797929892783735,1644,2.0,0.4019126892089844,699,310,99,72
1957,54.797929892783735,1644,2.0,0.7087323665618896,1133,324,71,44
1982,54.797929892783735,1644,2.0,0.4701443016529083,1257,145,31,30
1991,54.797929892783735,1644,2.0,0.5194337368011475,962,651,151,112
1999,54.797929892783735,1644,7.0,0.23632144927978516,473,765,937,590
1846,54.797929892783735,1644,2.0,0.17754904925823212,1413,165,53,31
1917,54.83126196692776,1645,2.0,0.4339217245578766,1715,151,52,36
1920,54.83126196692776,1645,2.0,0.5094357132911682,1307,263,57,37
1892,54.83126196692776,1645,2.0,0.44656285643577576,688,314,98,74
1957,54.83126196692776,1645,2.0,0.7624717354774475,1138,319,71,44
1982,54.83126196692776,1645,2.0,0.5106433033943176,1256,145,30,29
1991,54.83126196692776,1645,2.0,0.7382196187973022,975,638,145,107
1999,54.83126196692776,1645,7.0,0.37735453248023987,474,758,945,607
1846,54.83126196692776,1645,2.0,0.22772298753261566,1412,164,50,31
1917,54.86459404107179,1646,2.0,0.4740040898323059,1717,152,53,35
1920,54.86459404107179,1646,2.0,0.6386128067970276,1309,261,56,37
1892,54.86459404107179,1646,2.0,0.5405042171478271,678,316,99,75
1957,54.86459404107179,1646,2.0,0.7373484373092651,1145,316,70,42
1982,54.86459404107179,1646,2.0,0.5385767817497253,1255,145,31,28
1991,54.86459404107179,1646,2.0,0.6506825089454651,1001,626,166,104
1999,54.86459404107179,1646,7.0,0.3328569531440735,481,755,961,614
1846,54.86459404107179,1646,2.0,0.18113699555397034,1410,163,44,29
1917,54.89792611521582,1647,2.0,0.4148416817188263,1719,152,53,37
1920,54.89792611521582,1647,2.0,0.7549523711204529,1312,259,57,38
1892,54.89792611521582,1647,2.0,0.6308364272117615,669,319,104,77
1957,54.89792611521582,1647,2.0,0.7512224316596985,1152,313,68,41
1982,54.89792611521582,1647,2.0,0.4759335517883301,1254,145,32,29
1991,54.89792611521582,1647,2.0,0.5634157657623291,1012,615,158,102
1999,54.89792611521582,1647,7.0,0.2518737018108368,486,751,972,624
1846,54.89792611521582,1647,2.0,0.34175774455070496,1417,162,47,30
1917,54.93125818935985,1648,2.0,0.3515884578227997,1720,152,50,37
1920,54.93125818935985,1648,2.0,0.6690897941589355,1314,258,54,39
1892,54.93125818935985,1648,2.0,0.551367998123169,658,323,106,80
1957,54.93125818935985,1648,2.0,0.7208584547042847,1157,310,65,38
1982,54.93125818935985,1648,2.0,0.30436789989471436,1252,146,29,31
1991,54.93125818935985,1648,2.0,0.6247276067733765,1030,603,164,104
1999,54.93125818935985,1648,7.0,0.41312772035598755,493,749,986,629
1846,54.93125818935985,1648,2.0,0.39099010825157166,1419,163,46,29
1917,54.96459026350388,1649,2.0,0.24413399398326874,1721,153,52,37
1920,54.96459026350388,1649,2.0,0.6494538187980652,1317,257,53,39
1892,54.96459026350388,1649,2.0,0.6048072576522827,648,326,108,81
1957,54.96459026350388,1649,2.0,0.7376332879066467,1163,307,63,36
1982,54.96459026350388,1649,2.0,0.32271504402160645,1251,147,28,31
1991,54.96459026350388,1649,2.0,0.7096495032310486,1043,591,162,104
1999,54.96459026350388,1649,7.0,0.4695231318473816,503,743,1007,640
1846,54.96459026350388,1649,2.0,0.39487820863723755,1419,163,48,29
1917,54.99792233764791,1650,2.0,0.11923026293516159,1721,154,55,38
1920,54.99792233764791,1650,2.0,0.5915398597717285,1319,254,53,40
1892,54.99792233764791,1650,2.0,0.43399032950401306,636,330,110,83
1957,54.99792233764791,1650,2.0,0.573989987373352,1170,303,65,37
1982,54.99792233764791,1650,2.0,0.3238218128681183,1250,147,31,33
1991,54.99792233764791,1650,2.0,0.5912042856216431,1048,581,148,98
1999,54.99792233764791,1650,7.0,0.27875685691833496,517,738,1031,656
1846,54.99792233764791,1650,2.0,0.4778963327407837,1420,163,49,30
1917,55.031254411791934,1651,2.0,0.13913962244987488,1722,154,52,36
1920,55.031254411791934,1651,2.0,0.479927122592926,1322,252,51,38
1892,55.031254411791934,1651,2.0,0.5187587738037109,624,334,110,84
1957,55.031254411791934,1651,2.0,0.6779541373252869,1176,299,65,38
1982,55.031254411791934,1651,2.0,0.4351043701171875,1247,149,42,32
1991,55.031254411791934,1651,2.0,0.5784909725189209,1054,568,128,92
1999,55.031254411791934,1651,7.0,0.3240446448326111,521,734,1031,666
1846,55.031254411791934,1651,2.0,0.3152163624763489,1421,161,48,28
1917,55.06458648593596,1652,2.0,0.10482089966535568,1722,154,53,36
1920,55.06458648593596,1652,2.0,0.6862940788269043,1325,252,52,40
1892,55.06458648593596,1652,2.0,0.41360437870025635,612,336,110,84
1957,55.06458648593596,1652,2.0,0.6689451336860657,1181,295,65,39
1982,55.06458648593596,1652,2.0,0.4290669858455658,1242,149,40,31
1991,55.06458648593596,1652,2.0,0.7383495569229126,1061,557,121,89
1846,55.06458648593596,1652,2.0,0.13955169916152954,1423,159,46,30
1917,55.09791856008,1653,2.0,0.14732669293880463,1723,156,53,35
1920,55.09791856008,1653,2.0,0.7115435004234314,1329,251,54,42
1892,55.09791856008,1653,2.0,0.42327553033828735,599,341,114,84
1957,55.09791856008,1653,2.0,0.7885545492172241,1186,291,66,41
1982,55.09791856008,1653,2.0,0.4525649845600128,1240,151,39,31
1991,55.09791856008,1653,2.0,0.7169981598854065,1071,548,115,86
1846,55.09791856008,1653,2.0,0.24480070173740387,1429,159,35,29
2016,55.09791856008,1653,2.0,0.41650694608688354,1180,193,48,35
2018,55.09791856008,1653,7.0,0.41744333505630493,730,638,618,471
1917,55.131250634224024,1654,2.0,0.11959748715162277,1724,155,53,36
1920,55.131250634224024,1654,2.0,0.7054607272148132,1331,247,52,40
1892,55.131250634224024,1654,2.0,0.48058557510375977,588,345,114,87
1957,55.131250634224024,1654,2.0,0.7663770318031311,1191,289,63,40
1982,55.131250634224024,1654,2.0,0.4553813934326172,1236,151,35,30
1991,55.131250634224024,1654,2.0,0.7132053971290588,1081,539,114,84
1846,55.131250634224024,1654,2.0,0.2298305183649063,1430,159,35,27
2016,55.131250634224024,1654,2.0,0.48392871022224426,1177,194,49,36
2018,55.131250634224024,1654,7.0,0.3329162895679474,752,619,598,453
1917,55.16458270836805,1655,2.0,0.14790482819080353,1725,155,52,37
1920,55.16458270836805,1655,2.0,0.7051154375076294,1333,245,49,37
1892,55.16458270836805,1655,2.0,0.6252613663673401,575,350,117,89
1957,55.16458270836805,1655,2.0,0.775914192199707,1196,287,63,38
1982,55.16458270836805,1655,2.0,0.4946729838848114,1233,151,33,29
1991,55.16458270836805,1655,2.0,0.7676999568939209,1091,527,109,81
1846,55.16458270836805,1655,2.0,0.18499156832695007,1427,158,40,28
2016,55.16458270836805,1655,2.0,0.5258113145828247,1174,195,47,34
2018,55.16458270836805,1655,7.0,0.45711496472358704,776,602,571,435
1917,55.19791478251208,1656,2.0,0.15088051557540894,1727,156,52,34
1920,55.19791478251208,1656,2.0,0.7051132321357727,1335,244,47,36
1892,55.19791478251208,1656,2.0,0.6449991464614868,562,353,118,89
1957,55.19791478251208,1656,2.0,0.7482413053512573,1201,285,60,40
1982,55.19791478251208,1656,2.0,0.45893949270248413,1232,153,35,32
1991,55.19791478251208,1656,2.0,0.5158625841140747,1101,519,108,80
1846,55.19791478251208,1656,2.0,0.10879035294055939,1431,157,35,27
2016,55.19791478251208,1656,2.0,0.4538680911064148,1171,197,49,34
2018,55.19791478251208,1656,7.0,0.43715229630470276,799,587,544,414
2022,55.19791478251208,1656,2.0,0.431106299161911,638,984,321,185
1917,55.23124685665611,1657,2.0,0.18508288264274597,1729,158,47,31
1920,55.23124685665611,1657,2.0,0.7017378807067871,1337,242,49,35
1892,55.23124685665611,1657,2.0,0.5532757043838501,549,357,122,89
1957,55.23124685665611,1657,2.0,0.7648971080780029,1206,282,58,39
1982,55.23124685665611,1657,2.0,0.4373820424079895,1231,153,34,32
1991,55.23124685665611,1657,2.0,0.6372573971748352,1110,509,105,78
1846,55.23124685665611,1657,2.0,0.24572643637657166,1432,158,38,25
2016,55.23124685665611,1657,2.0,0.4516890347003937,1168,198,47,32
2018,55.23124685665611,1657,7.0,0.41078904271125793,819,573,517,398
2022,55.23124685665611,1657,2.0,0.6493024230003357,664,972,310,207
1917,55.26457893080014,1658,2.0,0.11932693421840668,1731,158,44,28
1920,55.26457893080014,1658,2.0,0.6408241987228394,1339,242,48,35
1892,55.26457893080014,1658,2.0,0.6044673323631287,535,362,124,89
1957,55.26457893080014,1658,2.0,0.6795862317085266,1210,280,59,38
1982,55.26457893080014,1658,2.0,0.2774054706096649,1229,153,33,34
1991,55.26457893080014,1658,2.0,0.6125339865684509,1122,501,105,76
1846,55.26457893080014,1658,2.0,0.1920856237411499,1431,158,43,23
2016,55.26457893080014,1658,2.0,0.37382468581199646,1164,199,44,31
2018,55.26457893080014,1658,7.0,0.2772113084793091,837,557,504,381
2022,55.26457893080014,1658,2.0,0.6695148944854736,675,950,282,211
2023,55.26457893080014,1658,2.0,0.44741055369377136,1129,511,132,87
1917,55.29791100494417,1659,2.0,0.16601376235485077,1732,159,44,27
1920,55.29791100494417,1659,2.0,0.7112768292427063,1341,238,46,33
1892,55.29791100494417,1659,2.0,0.5663506984710693,522,366,124,93
1957,55.29791100494417,1659,2.0,0.6752740144729614,1216,277,59,44
1982,55.29791100494417,1659,2.0,0.3037513792514801,1228,154,35,34
1991,55.29791100494417,1659,2.0,0.6676300764083862,1129,493,103,76
1846,55.29791100494417,1659,2.0,0.10685258358716965,1431,158,42,23
2016,55.29791100494417,1659,2.0,0.4356536567211151,1160,199,47,31
2018,55.29791100494417,1659,7.0,0.19206009805202484,856,543,484,365
2022,55.29791100494417,1659,2.0,0.1962612420320511,716,926,271,211
1917,55.331243079088196,1660,2.0,0.11806666105985641,1732,160,43,24
1920,55.331243079088196,1660,2.0,0.6786835193634033,1343,235,46,33
1892,55.331243079088196,1660,2.0,0.5055134296417236,508,372,126,95
1957,55.331243079088196,1660,2.0,0.7262254357337952,1220,273,58,42
1982,55.331243079088196,1660,2.0,0.2324528843164444,1225,156,33,31
1991,55.331243079088196,1660,2.0,0.6451759934425354,1137,485,101,72
1846,55.331243079088196,1660,2.0,0.14190015196800232,1432,158,42,23
2016,55.331243079088196,1660,2.0,0.4004811942577362,1157,200,50,36
2018,55.331243079088196,1660,7.0,0.29812246561050415,877,533,463,357
2022,55.331243079088196,1660,28.0,0.38571062684059143,741,897,249,201
1920,55.364575153232224,1661,2.0,0.5526307225227356,1345,233,47,34
1892,55.364575153232224,1661,2.0,0.4299364984035492,494,377,131,98
1957,55.364575153232224,1661,2.0,0.6827912330627441,1225,269,58,41
1982,55.364575153232224,1661,2.0,0.14759236574172974,1224,155,35,33
1991,55.364575153232224,1661,2.0,0.5359203815460205,1149,480,108,75
2016,55.364575153232224,1661,2.0,0.40832287073135376,1153,201,53,39
2018,55.364575153232224,1661,7.0,0.31998348236083984,894,519,448,351
2022,55.364575153232224,1661,2.0,0.27811336517333984,776,875,255,199
1920,55.39790722737626,1662,2.0,0.48169243335723877,1347,231,48,33
1892,55.39790722737626,1662,2.0,0.40487387776374817,479,381,131,98
1957,55.39790722737626,1662,2.0,0.7599806785583496,1228,265,57,37
1982,55.39790722737626,1662,2.0,0.469597190618515,1219,157,37,30
1991,55.39790722737626,1662,2.0,0.5624156594276428,1155,473,104,72
2016,55.39790722737626,1662,2.0,0.37970203161239624,1150,201,54,39
2018,55.39790722737626,1662,7.0,0.2107585370540619,909,509,431,344
2022,55.39790722737626,1662,28.0,0.5055010318756104,788,848,222,185
1920,55.431239301520286,1663,2.0,0.46019554138183594,1350,230,48,31
1892,55.431239301520286,1663,2.0,0.45805156230926514,464,388,135,100
1957,55.431239301520286,1663,2.0,0.7317693829536438,1231,263,54,32
1982,55.431239301520286,1663,2.0,0.4657500982284546,1216,158,38,30
1991,55.431239301520286,1663,2.0,0.5768886208534241,1160,464,96,67
2018,55.431239301520286,1663,7.0,0.2393866777420044,924,500,416,338
2022,55.431239301520286,1663,28.0,0.4576515257358551,807,824,205,173
1920,55.46457137566431,1664,2.0,0.49761343002319336,1353,229,47,30
1892,55.46457137566431,1664,2.0,0.33870142698287964,449,393,137,101
1957,55.46457137566431,1664,2.0,0.7280411720275879,1236,261,50,31
1982,55.46457137566431,1664,2.0,0.3318023383617401,1214,159,36,29
1991,55.46457137566431,1664,2.0,0.5279154777526855,1167,455,94,66
2018,55.46457137566431,1664,7.0,0.13492189347743988,936,491,403,326
2022,55.46457137566431,1664,28.0,0.3554055690765381,827,802,195,164
1920,55.49790344980834,1665,2.0,0.49132293462753296,1354,228,45,30
1892,55.49790344980834,1665,2.0,0.4077867865562439,433,397,142,104
1957,55.49790344980834,1665,2.0,0.7647165060043335,1240,259,49,30
1982,55.49790344980834,1665,2.0,0.45751848816871643,1211,161,35,27
1991,55.49790344980834,1665,2.0,0.5446353554725647,1175,449,90,65
2018,55.49790344980834,1665,7.0,0.19681307673454285,950,480,392,313
2022,55.49790344980834,1665,2.0,0.44079622626304626,849,784,192,162
2016,55.49790344980834,1665,2.0,0.3836537003517151,1141,207,44,33
1920,55.53123552395237,1666,2.0,0.4985051155090332,1357,225,44,32
1892,55.53123552395237,1666,2.0,0.592582106590271,416,403,142,103
1957,55.53123552395237,1666,2.0,0.698132336139679,1245,256,50,33
1982,55.53123552395237,1666,2.0,0.5427108407020569,1209,162,35,28
1991,55.53123552395237,1666,2.0,0.5011513233184814,1182,442,87,61
2018,55.53123552395237,1666,7.0,0.38811805844306946,965,474,378,310
2022,55.53123552395237,1666,2.0,0.25194817781448364,869,762,184,154
2016,55.53123552395237,1666,2.0,0.6040196418762207,1138,209,42,30
1920,55.5645675980964,1667,2.0,0.5325008630752563,1359,223,44,30
1892,55.5645675980964,1667,2.0,0.6033250689506531,399,408,147,104
1957,55.5645675980964,1667,2.0,0.5717936754226685,1249,254,52,33
1982,55.5645675980964,1667,2.0,0.5366536974906921,1207,163,35,29
1991,55.5645675980964,1667,2.0,0.4442266523838043,1187,437,85,58
2018,55.5645675980964,1667,7.0,0.2981977164745331,978,466,364,301
2022,55.5645675980964,1667,2.0,0.2357976734638214,889,744,183,147
2016,55.5645675980964,1667,2.0,0.486113041639328,1134,211,44,31
1920,55.59789967224043,1668,2.0,0.4315022826194763,1361,221,41,29
1892,55.59789967224043,1668,2.0,0.36168617010116577,385,412,145,103
1957,55.59789967224043,1668,2.0,0.6544516682624817,1252,252,52,33
1982,55.59789967224043,1668,2.0,0.4561433792114258,1204,164,36,28
1991,55.59789967224043,1668,2.0,0.6648984551429749,1197,430,90,62
2018,55.59789967224043,1668,7.0,0.3003692626953125,991,455,351,287
2022,55.59789967224043,1668,2.0,0.3506510853767395,905,724,172,136
2016,55.59789967224043,1668,2.0,0.5130892992019653,1132,212,46,31
1920,55.63123174638446,1669,2.0,0.4936252236366272,1363,220,43,29
1892,55.63123174638446,1669,7.0,0.16565874218940735,375,416,133,101
1957,55.63123174638446,1669,2.0,0.6039950251579285,1257,249,52,34
1982,55.63123174638446,1669,2.0,0.5398849844932556,1201,165,39,29
1991,55.63123174638446,1669,2.0,0.5051777958869934,1201,425,86,59
2018,55.63123174638446,1669,7.0,0.2515386939048767,1002,446,344,276
2022,55.63123174638446,1669,28.0,0.35116326808929443,920,708,170,125
2016,55.63123174638446,1669,2.0,0.5261411070823669,1128,214,47,30
1920,55.664563820528485,1670,2.0,0.5241779685020447,1365,218,42,29
1892,55.664563820528485,1670,7.0,0.13672462105751038,368,422,115,103
1957,55.664563820528485,1670,2.0,0.7270159125328064,1260,246,51,34
1982,55.664563820528485,1670,2.0,0.5062863230705261,1198,166,40,28
1991,55.664563820528485,1670,2.0,0.5269805788993835,1208,418,85,57
2018,55.664563820528485,1670,7.0,0.20891542732715607,1014,438,332,269
2022,55.664563820528485,1670,2.0,0.688018262386322,936,694,161,127
2016,55.664563820528485,1670,2.0,0.5738498568534851,1125,215,47,30
1920,55.69789589467251,1671,2.0,0.4956637918949127,1366,217,43,29
1957,55.69789589467251,1671,2.0,0.7462949752807617,1263,244,50,35
1982,55.69789589467251,1671,2.0,0.4087707996368408,1196,168,40,29
1991,55.69789589467251,1671,2.0,0.4543428421020508,1213,414,80,53
2018,55.69789589467251,1671,7.0,0.3625732660293579,1026,428,321,263
2022,55.69789589467251,1671,2.0,0.7992538809776306,952,678,156,124
2016,55.69789589467251,1671,2.0,0.5031867027282715,1122,216,47,32
2035,55.69789589467251,1671,7.0,0.3449300527572632,1025,245,103,75
1920,55.73122796881655,1672,2.0,0.5386699438095093,1368,217,41,27
1957,55.73122796881655,1672,2.0,0.6039334535598755,1267,241,50,34
1982,55.73122796881655,1672,2.0,0.3439156115055084,1193,170,40,27
1991,55.73122796881655,1672,2.0,0.3458958566188812,1217,408,69,54
2018,55.73122796881655,1672,7.0,0.3326755166053772,1037,418,314,249
2022,55.73122796881655,1672,2.0,0.4717859923839569,966,663,153,118
2016,55.73122796881655,1672,2.0,0.48580530285835266,1118,217,48,35
2035,55.73122796881655,1672,7.0,0.23384198546409607,1017,247,99,75
1920,55.764560042960575,1673,2.0,0.5052440762519836,1369,216,40,28
1957,55.764560042960575,1673,2.0,0.523120105266571,1270,239,49,32
1982,55.764560042960575,1673,2.0,0.384113609790802,1192,172,38,25
1991,55.764560042960575,1673,2.0,0.5089027881622314,1223,401,67,54
2018,55.764560042960575,1673,7.0,0.44375574588775635,1050,412,305,241
2022,55.764560042960575,1673,2.0,0.46644923090934753,981,649,147,117
2016,55.764560042960575,1673,2.0,0.3552876114845276,1114,220,46,34
1920,55.7978921171046,1674,2.0,0.5357828140258789,1371,213,39,28
1957,55.7978921171046,1674,2.0,0.6105389595031738,1273,236,48,29
1982,55.7978921171046,1674,2.0,0.5011906623840332,1189,173,42,26
1991,55.7978921171046,1674,2.0,0.3774115741252899,1227,395,66,52
2018,55.7978921171046,1674,7.0,0.2587662935256958,1059,408,297,238
2022,55.7978921171046,1674,2.0,0.5728182196617126,995,637,142,114
2016,55.7978921171046,1674,2.0,0.4156166911125183,1110,221,50,35
1920,55.83122419124863,1675,2.0,0.45605865120887756,1373,212,38,28
1957,55.83122419124863,1675,2.0,0.6827966570854187,1274,236,46,28
1982,55.83122419124863,1675,2.0,0.4390867352485657,1185,173,43,29
1991,55.83122419124863,1675,2.0,0.5006146430969238,1231,391,65,51
2018,55.83122419124863,1675,7.0,0.38061684370040894,1068,403,289,237
2022,55.83122419124863,1675,2.0,0.5666970610618591,1009,624,143,109
2016,55.83122419124863,1675,2.0,0.41726359724998474,1106,223,50,33
2035,55.83122419124863,1675,7.0,0.3197394013404846,1004,254,115,78
1920,55.864556265392665,1676,2.0,0.5002267360687256,1377,210,40,28
1957,55.864556265392665,1676,2.0,0.6402609348297119,1279,234,42,29
1982,55.864556265392665,1676,2.0,0.5256715416908264,1182,173,45,31
1991,55.864556265392665,1676,2.0,0.38256776332855225,1234,387,60,51
2018,55.864556265392665,1676,7.0,0.4367273449897766,1076,398,279,229
2022,55.864556265392665,1676,2.0,0.6009856462478638,1028,611,154,108
2016,55.864556265392665,1676,2.0,0.44047537446022034,1103,224,54,33
2035,55.864556265392665,1676,7.0,0.2775506377220154,997,255,113,79
1920,55.89788833953669,1677,2.0,0.44656920433044434,1378,209,40,28
1957,55.89788833953669,1677,2.0,0.5771099925041199,1283,232,41,28
1982,55.89788833953669,1677,2.0,0.5221408009529114,1180,173,46,32
1991,55.89788833953669,1677,2.0,0.46261030435562134,1243,382,64,51
2018,55.89788833953669,1677,7.0,0.4296756684780121,1086,390,272,224
2022,55.89788833953669,1677,2.0,0.7751482129096985,1042,600,151,104
2016,55.89788833953669,1677,2.0,0.2733953297138214,1099,227,55,33
2035,55.89788833953669,1677,7.0,0.3471261262893677,990,256,114,81
2036,55.89788833953669,1677,2.0,0.4324303865432739,1254,165,28,21
1920,55.93122041368072,1678,2.0,0.5379034280776978,1380,207,41,28
1957,55.93122041368072,1678,2.0,0.5119541883468628,1287,230,42,28
1982,55.93122041368072,1678,2.0,0.5433484315872192,1177,174,47,32
1991,55.93122041368072,1678,2.0,0.4844513237476349,1250,377,71,52
2018,55.93122041368072,1678,7.0,0.3448665738105774,1094,384,266,223
2022,55.93122041368072,1678,2.0,0.7144813537597656,1047,587,139,103
2016,55.93122041368072,1678,2.0,0.39549848437309265,1096,228,54,32
2035,55.93122041368072,1678,7.0,0.2850859463214874,985,257,121,83
2036,55.93122041368072,1678,2.0,0.2942749857902527,1252,166,28,22
1920,55.96455248782475,1679,2.0,0.49138084053993225,1381,206,41,27
1957,55.96455248782475,1679,2.0,0.45457032322883606,1289,228,43,28
1982,55.96455248782475,1679,2.0,0.50705885887146,1174,175,47,31
1991,55.96455248782475,1679,2.0,0.39813289046287537,1257,374,72,51
2018,55.96455248782475,1679,7.0,0.5362263321876526,1102,378,258,221
2022,55.96455248782475,1679,2.0,0.7142612934112549,1054,576,127,99
2016,55.96455248782475,1679,2.0,0.216375470161438,1090,230,50,31
2035,55.96455248782475,1679,7.0,0.2393137663602829,981,259,124,82
2036,55.96455248782475,1679,2.0,0.3481751084327698,1251,166,28,22
1920,55.997884561968775,1680,2.0,0.38256216049194336,1382,205,41,26
1957,55.997884561968775,1680,2.0,0.48182213306427,1293,227,45,29
1982,55.997884561968775,1680,2.0,0.5467209219932556,1173,174,50,33
1991,55.997884561968775,1680,2.0,0.46250128746032715,1259,368,69,47
2018,55.997884561968775,1680,7.0,0.5587970614433289,1111,371,252,215
2022,55.997884561968775,1680,2.0,0.708423376083374,1065,565,123,97
2016,55.997884561968775,1680,2.0,0.24901612102985382,1086,232,50,34
2035,55.997884561968775,1680,7.0,0.2362387329339981,972,265,120,78
2036,55.997884561968775,1680,2.0,0.3982236087322235,1249,166,30,23
1920,56.03121663611281,1681,2.0,0.4654811918735504,1383,205,41,26
1957,56.03121663611281,1681,2.0,0.36594358086586,1297,224,48,29
1982,56.03121663611281,1681,2.0,0.603234052658081,1172,175,51,35
1991,56.03121663611281,1681,2.0,0.5000319480895996,1261,364,60,46
2018,56.03121663611281,1681,7.0,0.4163224399089813,1119,363,245,202
2022,56.03121663611281,1681,2.0,0.5789320468902588,1075,555,119,96
2016,56.03121663611281,1681,2.0,0.3099181652069092,1082,233,51,35
2035,56.03121663611281,1681,7.0,0.35758742690086365,964,267,120,78
2036,56.03121663611281,1681,2.0,0.3570495843887329,1248,167,32,22
1920,56.06454871025684,1682,2.0,0.3117232620716095,1384,204,42,26
1957,56.06454871025684,1682,2.0,0.5449430346488953,1299,222,46,31
1982,56.06454871025684,1682,2.0,0.5060619711875916,1169,176,51,35
1991,56.06454871025684,1682,2.0,0.5238549709320068,1269,360,60,47
2018,56.06454871025684,1682,7.0,0.4251977801322937,1127,360,237,198
2022,56.06454871025684,1682,2.0,0.5987865328788757,1085,543,119,97
2016,56.06454871025684,1682,2.0,0.3380352854728699,1078,235,54,34
2035,56.06454871025684,1682,7.0,0.2121027559041977,954,270,115,79
2036,56.06454871025684,1682,2.0,0.22428135573863983,1245,168,34,21
1920,56.097880784400864,1683,2.0,0.3947836756706238,1386,202,40,25
1957,56.097880784400864,1683,2.0,0.6128883957862854,1301,220,44,32
1982,56.097880784400864,1683,2.0,0.5213638544082642,1168,176,52,36
1991,56.097880784400864,1683,2.0,0.5165244936943054,1270,356,59,44
2018,56.097880784400864,1683,7.0,0.4182339310646057,1133,351,231,191
2022,56.097880784400864,1683,2.0,0.6856354475021362,1095,532,113,92
2016,56.097880784400864,1683,2.0,0.37256181240081787,1073,237,54,32
2035,56.097880784400864,1683,7.0,0.37633904814720154,948,273,117,80
2036,56.097880784400864,1683,2.0,0.22470788657665253,1242,171,36,22
1920,56.13121285854489,1684,2.0,0.4677576720714569,1388,201,40,26
1957,56.13121285854489,1684,2.0,0.6371877789497375,1304,219,41,30
1982,56.13121285854489,1684,2.0,0.4626868963241577,1166,176,51,38
1991,56.13121285854489,1684,2.0,0.2392207384109497,1272,351,52,40
2018,56.13121285854489,1684,7.0,0.4816780984401703,1141,345,227,188
2022,56.13121285854489,1684,2.0,0.6613579392433167,1105,524,114,91
2016,56.13121285854489,1684,2.0,0.5568429827690125,1067,239,54,34
2035,56.13121285854489,1684,7.0,0.3164631128311157,947,274,131,86
2036,56.13121285854489,1684,2.0,0.21292565762996674,1240,170,38,22
1920,56.16454493268892,1685,2.0,0.4403141438961029,1389,199,40,26
1957,56.16454493268892,1685,2.0,0.724195122718811,1308,216,40,30
1982,56.16454493268892,1685,2.0,0.4562644958496094,1163,175,55,41
1991,56.16454493268892,1685,2.0,0.25878798961639404,1277,346,50,42
2018,56.16454493268892,1685,7.0,0.5085560083389282,1147,342,220,189
2022,56.16454493268892,1685,2.0,0.5577620267868042,1115,516,114,91
2016,56.16454493268892,1685,2.0,0.5093132257461548,1061,240,54,35
2035,56.16454493268892,1685,7.0,0.19653764367103577,942,273,138,91
2036,56.16454493268892,1685,2.0,0.20356418192386627,1237,171,35,23
2040,56.16454493268892,1685,2.0,0.47735166549682617,1155,181,42,31
1920,56.197877006832954,1686,2.0,0.4591943323612213,1391,198,38,26
1957,56.197877006832954,1686,2.0,0.722528874874115,1310,214,40,29
1982,56.197877006832954,1686,2.0,0.33447331190109253,1161,176,55,42
1991,56.197877006832954,1686,2.0,0.3663727343082428,1282,340,47,43
2018,56.197877006832954,1686,7.0,0.5354039669036865,1156,339,217,189
2016,56.197877006832954,1686,2.0,0.5563656687736511,1057,242,55,37
2035,56.197877006832954,1686,7.0,0.154400035738945,932,277,137,90
2036,56.197877006832954,1686,2.0,0.19576984643936157,1235,174,32,24
2040,56.197877006832954,1686,2.0,0.5415334105491638,1153,185,44,28
2023,56.197877006832954,1686,2.0,0.4654330611228943,1127,510,124,87
1920,56.23120908097698,1687,2.0,0.46427151560783386,1393,196,35,27
1957,56.23120908097698,1687,2.0,0.7174007296562195,1312,213,39,28
1982,56.23120908097698,1687,2.0,0.31401973962783813,1161,175,56,43
1991,56.23120908097698,1687,2.0,0.4207058250904083,1285,337,48,41
2018,56.23120908097698,1687,7.0,0.5063873529434204,1162,336,214,184
2016,56.23120908097698,1687,2.0,0.4598906636238098,1052,244,57,38
2035,56.23120908097698,1687,7.0,0.25390326976776123,925,280,142,93
2036,56.23120908097698,1687,2.0,0.2465735524892807,1233,175,32,24
2040,56.23120908097698,1687,2.0,0.4533199667930603,1148,185,45,27
2022,56.23120908097698,1687,2.0,0.42104265093803406,1133,498,119,93
1920,56.26454115512101,1688,2.0,0.48516446352005005,1394,195,34,26
1957,56.26454115512101,1688,2.0,0.7879534959793091,1314,212,39,27
1991,56.26454115512101,1688,2.0,0.47840696573257446,1293,336,59,43
2018,56.26454115512101,1688,7.0,0.49723294377326965,1168,333,208,180
2016,56.26454115512101,1688,2.0,0.44649991393089294,1047,246,54,36
2035,56.26454115512101,1688,7.0,0.1442757248878479,914,282,135,97
2036,56.26454115512101,1688,2.0,0.2539215385913849,1232,175,33,25
2022,56.26454115512101,1688,2.0,0.6849398612976074,1139,491,110,88
1920,56.297873229265036,1689,2.0,0.479070782661438,1395,194,33,25
1957,56.297873229265036,1689,2.0,0.6919183135032654,1316,211,41,26
1991,56.297873229265036,1689,2.0,0.3709528148174286,1298,332,62,43
2018,56.297873229265036,1689,7.0,0.47452107071876526,1173,329,203,180
2016,56.297873229265036,1689,2.0,0.47784754633903503,1044,247,55,39
2035,56.297873229265036,1689,7.0,0.36525455117225647,902,286,129,95
2036,56.297873229265036,1689,2.0,0.2598360776901245,1230,175,35,26
2022,56.297873229265036,1689,2.0,0.5794422626495361,1146,483,106,82
2040,56.297873229265036,1689,2.0,0.35830044746398926,1137,185,36,30
1920,56.33120530340907,1690,2.0,0.47075560688972473,1396,193,31,26
1957,56.33120530340907,1690,2.0,0.7119823098182678,1318,210,43,28
1991,56.33120530340907,1690,2.0,0.45703446865081787,1299,330,59,42
2018,56.33120530340907,1690,7.0,0.4480835497379303,1178,325,199,177
2016,56.33120530340907,1690,2.0,0.415749192237854,1039,250,58,38
2035,56.33120530340907,1690,7.0,0.39971670508384705,891,291,126,97
2036,56.33120530340907,1690,2.0,0.251991868019104,1229,175,37,28
2022,56.33120530340907,1690,2.0,0.46622419357299805,1155,477,108,80
2040,56.33120530340907,1690,2.0,0.4209456741809845,1134,189,40,29
1982,56.33120530340907,1690,2.0,0.2933799624443054,1156,180,51,40
1920,56.3645373775531,1691,2.0,0.4583766460418701,1398,192,31,26
1957,56.3645373775531,1691,2.0,0.6262813210487366,1321,209,41,26
1991,56.3645373775531,1691,2.0,0.45412957668304443,1304,328,63,41
2018,56.3645373775531,1691,5.0,0.4491462707519531,1185,318,192,168
2016,56.3645373775531,1691,2.0,0.5953085422515869,1034,251,60,39
2035,56.3645373775531,1691,7.0,0.34070149064064026,884,295,129,96
2036,56.3645373775531,1691,2.0,0.17996779084205627,1226,176,33,28
2022,56.3645373775531,1691,2.0,0.6009748578071594,1165,469,109,81
2040,56.3645373775531,1691,2.0,0.558817982673645,1134,190,49,30
1982,56.3645373775531,1691,2.0,0.3837626278400421,1147,181,64,41
1920,56.397869451697126,1692,2.0,0.4153133034706116,1399,191,30,26
1957,56.397869451697126,1692,2.0,0.6153172254562378,1324,208,39,27
1991,56.397869451697126,1692,2.0,0.40953344106674194,1310,326,69,41
2018,56.397869451697126,1692,7.0,0.27755269408226013,1191,316,190,166
2016,56.397869451697126,1692,2.0,0.6032454371452332,1029,253,60,38
2035,56.397869451697126,1692,7.0,0.18617062270641327,883,296,146,100
2036,56.397869451697126,1692,2.0,0.2088732123374939,1224,176,31,28
2022,56.397869451697126,1692,2.0,0.5101330876350403,1171,463,109,78
2040,56.397869451697126,1692,2.0,0.48553964495658875,1130,189,45,32
1982,56.397869451697126,1692,2.0,0.5204511284828186,1143,184,67,41
1920,56.43120152584115,1693,2.0,0.45831578969955444,1401,191,31,26
1957,56.43120152584115,1693,2.0,0.40333274006843567,1326,207,38,26
1991,56.43120152584115,1693,2.0,0.4151511788368225,1315,323,68,42
2018,56.43120152584115,1693,7.0,0.211149200797081,1197,311,188,165
2016,56.43120152584115,1693,2.0,0.5780113935470581,1024,254,60,37
2035,56.43120152584115,1693,7.0,0.3267139196395874,874,299,146,102
2036,56.43120152584115,1693,2.0,0.16281543672084808,1221,178,29,29
2040,56.43120152584115,1693,2.0,0.5373472571372986,1127,189,44,33
1982,56.43120152584115,1693,2.0,0.5151387453079224,1140,185,69,42
1920,56.46453359998518,1694,2.0,0.35063695907592773,1403,190,32,26
1957,56.46453359998518,1694,2.0,0.5054304599761963,1329,206,38,26
1991,56.46453359998518,1694,2.0,0.5456236004829407,1315,318,56,40
2018,56.46453359998518,1694,7.0,0.3462020754814148,1203,309,183,167
2016,56.46453359998518,1694,2.0,0.6235356330871582,1020,256,62,38
2035,56.46453359998518,1694,7.0,0.48406118154525757,860,307,137,95
2040,56.46453359998518,1694,2.0,0.4662168323993683,1124,193,44,31
1982,56.46453359998518,1694,2.0,0.46743911504745483,1138,186,70,42
1920,56.497865674129216,1695,2.0,0.41409966349601746,1404,189,32,25
1957,56.497865674129216,1695,2.0,0.3756970763206482,1332,205,39,25
1991,56.497865674129216,1695,2.0,0.5511684417724609,1315,315,50,38
2018,56.497865674129216,1695,5.0,0.4912973940372467,1208,304,178,167
2016,56.497865674129216,1695,2.0,0.597079336643219,1012,259,61,40
2035,56.497865674129216,1695,7.0,0.2346997857093811,850,310,138,95
2040,56.497865674129216,1695,2.0,0.34694740176200867,1118,196,40,29
1982,56.497865674129216,1695,2.0,0.23735348880290985,1139,188,51,41
2058,56.497865674129216,1695,2.0,0.4848800301551819,1320,318,66,43
2022,56.497865674129216,1695,2.0,0.32253140211105347,1190,442,101,73
1920,56.53119774827324,1696,2.0,0.4094061851501465,1405,189,32,25
1957,56.53119774827324,1696,2.0,0.31146469712257385,1333,203,40,27
2018,56.53119774827324,1696,7.0,0.39432621002197266,1212,301,175,159
2016,56.53119774827324,1696,2.0,0.5276970267295837,1007,261,61,43
2035,56.53119774827324,1696,7.0,0.5507459044456482,840,313,137,97
2040,56.53119774827324,1696,2.0,0.4038044512271881,1115,197,40,31
1982,56.53119774827324,1696,2.0,0.10260467976331711,1142,187,50,43
2058,56.53119774827324,1696,2.0,0.4540382921695709,1321,315,61,42
2059,56.53119774827324,1696,2.0,0.44259437918663025,971,234,55,28
2060,56.53119774827324,1696,5.0,0.3652932643890381,1210,300,175,158
2022,56.53119774827324,1696,2.0,0.5226007103919983,1194,436,94,71
1920,56.56452982241727,1697,2.0,0.40528279542922974,1406,188,31,25
1957,56.56452982241727,1697,2.0,0.30383002758026123,1335,201,38,26
2018,56.56452982241727,1697,5.0,0.3426123261451721,1217,297,168,154
2016,56.56452982241727,1697,2.0,0.5687049627304077,1003,264,65,44
2035,56.56452982241727,1697,7.0,0.5565878748893738,830,317,142,100
2058,56.56452982241727,1697,2.0,0.43823501467704773,1325,311,58,43
2059,56.56452982241727,1697,2.0,0.2759488821029663,968,235,54,27
2060,56.56452982241727,1697,7.0,0.43700045347213745,1214,299,172,155
2022,56.56452982241727,1697,2.0,0.4086647927761078,1202,431,94,68
2061,56.56452982241727,1697,7.0,0.5534475445747375,378,839,750,453
1920,56.5978618965613,1698,2.0,0.2905796468257904,1407,186,33,23
1957,56.5978618965613,1698,2.0,0.3316325545310974,1336,199,38,25
2018,56.5978618965613,1698,5.0,0.3005133867263794,1223,292,162,148
2016,56.5978618965613,1698,2.0,0.5035459399223328,995,267,66,44
2035,56.5978618965613,1698,7.0,0.6061139702796936,822,320,145,102
2060,56.5978618965613,1698,7.0,0.37765857577323914,1220,296,165,150
2022,56.5978618965613,1698,2.0,0.5788983106613159,1209,426,96,69
2061,56.5978618965613,1698,7.0,0.6188951730728149,387,832,766,466
1991,56.5978618965613,1698,2.0,0.523873507976532,1324,305,56,41
2040,56.5978618965613,1698,2.0,0.29882296919822693,1108,199,47,30
1982,56.5978618965613,1698,2.0,0.27378764748573303,1137,189,47,40
1920,56.63119397070533,1699,2.0,0.3337554931640625,1408,186,33,23
1957,56.63119397070533,1699,2.0,0.28605157136917114,1337,197,40,26
2016,56.63119397070533,1699,2.0,0.5159865021705627,988,269,67,44
2035,56.63119397070533,1699,7.0,0.5560358762741089,811,325,146,102
2022,56.63119397070533,1699,2.0,0.43273234367370605,1215,420,98,72
2061,56.63119397070533,1699,7.0,0.6239669322967529,399,823,789,483
2040,56.63119397070533,1699,2.0,0.4900340139865875,1102,200,45,31
2058,56.63119397070533,1699,2.0,0.4551640450954437,1332,305,57,37
1920,56.66452604484936,1700,2.0,0.1538640260696411,1409,183,35,24
1957,56.66452604484936,1700,2.0,0.3691851496696472,1342,195,36,24
2016,56.66452604484936,1700,2.0,0.5488551259040833,981,271,66,43
2035,56.66452604484936,1700,7.0,0.433894544839859,801,328,149,107
2022,56.66452604484936,1700,2.0,0.33728986978530884,1219,413,90,70
2061,56.66452604484936,1700,7.0,0.6149858236312866,408,814,811,494
2040,56.66452604484936,1700,2.0,0.3477146625518799,1096,201,47,31
2058,56.66452604484936,1700,2.0,0.16198040544986725,1336,301,61,38
2018,56.66452604484936,1700,7.0,0.4059506952762604,1232,287,161,143
1982,56.66452604484936,1700,2.0,0.3544261157512665,1135,186,45,37
1920,56.69785811899339,1701,2.0,0.2810497283935547,1411,182,36,25
1957,56.69785811899339,1701,2.0,0.3103485107421875,1345,192,31,25
2016,56.69785811899339,1701,2.0,0.7160767316818237,975,273,70,45
2035,56.69785811899339,1701,7.0,0.5304752588272095,790,333,153,109
2022,56.69785811899339,1701,2.0,0.4602808356285095,1223,407,84,70
2061,56.69785811899339,1701,7.0,0.5373846888542175,418,804,832,516
2040,56.69785811899339,1701,2.0,0.3752243220806122,1092,204,45,28
2058,56.69785811899339,1701,2.0,0.24241836369037628,1341,297,60,41
2018,56.69785811899339,1701,7.0,0.48421138525009155,1236,283,159,143
1982,56.69785811899339,1701,2.0,0.33146241307258606,1133,186,42,31
1991,56.69785811899339,1701,2.0,0.38591939210891724,1333,294,42,38
1920,56.731190193137415,1702,2.0,0.29099974036216736,1412,182,37,26
1957,56.731190193137415,1702,2.0,0.5319414734840393,1347,191,32,25
2016,56.731190193137415,1702,2.0,0.612841784954071,971,275,71,45
2035,56.731190193137415,1702,7.0,0.5411699414253235,779,338,155,108
2022,56.731190193137415,1702,2.0,0.2993773818016052,1231,403,88,71
2061,56.731190193137415,1702,7.0,0.4483710527420044,433,797,860,530
2040,56.731190193137415,1702,2.0,0.44528621435165405,1087,205,43,28
2058,56.731190193137415,1702,2.0,0.4546442925930023,1342,294,63,42
2018,56.731190193137415,1702,7.0,0.39774081110954285,1241,280,158,145
1982,56.731190193137415,1702,2.0,0.30361461639404297,1131,186,42,31
1991,56.731190193137415,1702,2.0,0.562211275100708,1335,291,46,38
1920,56.76452226728144,1703,2.0,0.15888766944408417,1413,181,35,26
1957,56.76452226728144,1703,2.0,0.4538891613483429,1348,190,32,24
2016,56.76452226728144,1703,2.0,0.7241975665092468,965,277,69,46
2035,56.76452226728144,1703,7.0,0.5883510708808899,768,342,157,107
2022,56.76452226728144,1703,2.0,0.3616885840892792,1237,398,91,70
2061,56.76452226728144,1703,7.0,0.4199385344982147,441,792,879,538
2040,56.76452226728144,1703,2.0,0.5695555210113525,1083,207,47,29
2058,56.76452226728144,1703,2.0,0.3777717649936676,1343,293,61,39
2018,56.76452226728144,1703,7.0,0.382527232170105,1244,277,156,143
1982,56.76452226728144,1703,2.0,0.2814250886440277,1130,185,41,30
1991,56.76452226728144,1703,2.0,0.4760587215423584,1337,289,45,33
2036,56.76452226728144,1703,2.0,0.38673606514930725,1196,188,34,24
1920,56.79785434142548,1704,2.0,0.17806224524974823,1414,180,34,28
1957,56.79785434142548,1704,2.0,0.470440536737442,1350,189,30,24
2016,56.79785434142548,1704,2.0,0.5116193890571594,959,280,68,48
2035,56.79785434142548,1704,7.0,0.5272561311721802,758,345,158,110
2022,56.79785434142548,1704,2.0,0.4481033682823181,1242,393,90,66
2061,56.79785434142548,1704,7.0,0.3892064094543457,450,785,900,553
2040,56.79785434142548,1704,2.0,0.5333343744277954,1081,207,50,32
2058,56.79785434142548,1704,2.0,0.1917080581188202,1344,289,56,36
2018,56.79785434142548,1704,7.0,0.4822114408016205,1250,274,152,140
1982,56.79785434142548,1704,2.0,0.10932111740112305,1128,184,40,29
1991,56.79785434142548,1704,2.0,0.24532046914100647,1340,287,43,31
2036,56.79785434142548,1704,2.0,0.1997050642967224,1193,187,32,24
1920,56.831186415569505,1705,2.0,0.1617710441350937,1416,178,30,26
1957,56.831186415569505,1705,2.0,0.34820085763931274,1353,188,29,24
2016,56.831186415569505,1705,2.0,0.5520374178886414,951,283,69,51
2035,56.831186415569505,1705,7.0,0.40259554982185364,745,349,165,114
2022,56.831186415569505,1705,2.0,0.5074328780174255,1246,389,88,63
2061,56.831186415569505,1705,7.0,0.3302546441555023,460,780,916,568
2040,56.831186415569505,1705,2.0,0.6358091831207275,1077,209,52,33
2058,56.831186415569505,1705,2.0,0.3231070339679718,1348,288,54,36
2018,56.831186415569505,1705,7.0,0.5141808986663818,1254,270,150,137
1982,56.831186415569505,1705,2.0,0.19875459372997284,1124,185,39,26
2036,56.831186415569505,1705,2.0,0.2048627734184265,1190,188,34,25
1957,56.86451848971353,1706,2.0,0.30494850873947144,1354,187,30,23
2016,56.86451848971353,1706,2.0,0.5112223625183105,944,286,70,51
2035,56.86451848971353,1706,7.0,0.4997518062591553,732,352,172,114
2022,56.86451848971353,1706,2.0,0.5572609305381775,1249,384,84,62
2061,56.86451848971353,1706,7.0,0.2888434827327728,470,771,933,580
2040,56.86451848971353,1706,2.0,0.6351495385169983,1072,210,51,33
2058,56.86451848971353,1706,2.0,0.47407594323158264,1348,285,54,35
2018,56.86451848971353,1706,7.0,0.46519219875335693,1257,267,145,136
1982,56.86451848971353,1706,2.0,0.3616694211959839,1121,185,41,27
2036,56.86451848971353,1706,2.0,0.15467366576194763,1188,188,35,27
2073,56.86451848971353,1706,2.0,0.7825920581817627,695,977,258,196
1957,56.89785056385756,1707,2.0,0.2922004759311676,1356,186,31,23
2016,56.89785056385756,1707,2.0,0.4839659035205841,936,288,71,51
2035,56.89785056385756,1707,7.0,0.5032495856285095,722,357,171,115
2022,56.89785056385756,1707,2.0,0.5178773403167725,1255,381,86,62
2061,56.89785056385756,1707,7.0,0.26070088148117065,479,760,957,591
2040,56.89785056385756,1707,2.0,0.6803689002990723,1070,211,52,32
2058,56.89785056385756,1707,2.0,0.3945653736591339,1350,282,51,34
2018,56.89785056385756,1707,7.0,0.5019752979278564,1261,264,141,135
1982,56.89785056385756,1707,2.0,0.4201487600803375,1119,185,42,26
2036,56.89785056385756,1707,2.0,0.15957698225975037,1185,189,35,27
2073,56.89785056385756,1707,2.0,0.6669193506240845,719,957,255,197
1957,56.93118263800159,1708,2.0,0.3120101988315582,1358,185,32,23
2016,56.93118263800159,1708,2.0,0.5109943747520447,929,291,73,52
2035,56.93118263800159,1708,7.0,0.5184023976325989,709,363,171,116
2022,56.93118263800159,1708,2.0,0.5495744943618774,1260,376,87,62
2061,56.93118263800159,1708,7.0,0.26443469524383545,487,757,970,606
2040,56.93118263800159,1708,2.0,0.6302472352981567,1063,212,53,31
2058,56.93118263800159,1708,2.0,0.4063412547111511,1354,280,54,32
2018,56.93118263800159,1708,7.0,0.4810080826282501,1264,261,139,135
1982,56.93118263800159,1708,2.0,0.2753749489784241,1115,186,39,25
2036,56.93118263800159,1708,2.0,0.10810699313879013,1182,191,35,25
2073,56.93118263800159,1708,2.0,0.733645498752594,753,931,240,197
1957,56.96451471214562,1709,2.0,0.38900670409202576,1359,185,33,23
2016,56.96451471214562,1709,2.0,0.43768638372421265,922,293,73,52
2035,56.96451471214562,1709,7.0,0.6014840602874756,697,370,174,118
2022,56.96451471214562,1709,2.0,0.6801145076751709,1264,371,84,58
2061,56.96451471214562,1709,7.0,0.29582715034484863,489,753,970,619
2040,56.96451471214562,1709,2.0,0.7080807089805603,1058,215,52,31
2058,56.96451471214562,1709,2.0,0.30194222927093506,1357,278,54,33
2018,56.96451471214562,1709,7.0,0.4562391936779022,1268,260,137,131
1982,56.96451471214562,1709,2.0,0.3420557975769043,1110,187,40,25
2036,56.96451471214562,1709,2.0,0.2725062072277069,1178,194,36,25
2073,56.96451471214562,1709,2.0,0.8569443821907043,783,904,230,188
1957,56.99784678628965,1710,2.0,0.27475082874298096,1360,185,34,23
2016,56.99784678628965,1710,2.0,0.16310551762580872,916,296,75,50
2035,56.99784678628965,1710,7.0,0.43157970905303955,687,375,177,120
2022,56.99784678628965,1710,2.0,0.5567968487739563,1270,367,84,57
2061,56.99784678628965,1710,7.0,0.12692958116531372,498,748,984,627
2040,56.99784678628965,1710,2.0,0.7017101049423218,1055,216,55,33
2058,56.99784678628965,1710,2.0,0.4016231596469879,1358,275,48,32
2018,56.99784678628965,1710,7.0,0.38445842266082764,1271,258,134,128
1982,56.99784678628965,1710,2.0,0.4763750433921814,1107,189,39,24
2036,56.99784678628965,1710,2.0,0.3614329695701599,1174,195,38,24
2073,56.99784678628965,1710,2.0,0.7664877772331238,808,877,218,174
1920,56.99784678628965,1710,2.0,0.2658914625644684,1422,173,29,23
1957,57.03117886043368,1711,2.0,0.201627716422081,1361,184,37,24
2016,57.03117886043368,1711,2.0,0.4577246606349945,907,299,73,51
2035,57.03117886043368,1711,7.0,0.5042986273765564,672,382,184,123
2022,57.03117886043368,1711,2.0,0.6803257465362549,1274,364,83,57
2061,57.03117886043368,1711,7.0,0.14593882858753204,501,741,993,637
2040,57.03117886043368,1711,2.0,0.642520546913147,1051,219,58,34
2058,57.03117886043368,1711,2.0,0.5479906797409058,1361,273,53,35
2018,57.03117886043368,1711,7.0,0.4303411841392517,1273,256,129,125
1982,57.03117886043368,1711,2.0,0.4103325605392456,1105,191,37,25
2036,57.03117886043368,1711,2.0,0.30954527854919434,1172,197,38,25
2073,57.03117886043368,1711,2.0,0.8373745679855347,833,851,212,164
1920,57.03117886043368,1711,2.0,0.36773359775543213,1423,172,31,23
1957,57.064510934577704,1712,2.0,0.22102342545986176,1363,184,39,25
2016,57.064510934577704,1712,2.0,0.6377354860305786,898,302,77,52
2035,57.064510934577704,1712,7.0,0.33441513776779175,658,385,191,125
2022,57.064510934577704,1712,2.0,0.33593034744262695,1277,360,80,62
2040,57.064510934577704,1712,2.0,0.4721747636795044,1046,221,55,32
2058,57.064510934577704,1712,2.0,0.5119829773902893,1361,270,55,38
2018,57.064510934577704,1712,7.0,0.36509913206100464,1276,254,128,123
1982,57.064510934577704,1712,2.0,0.39157676696777344,1103,192,36,26
2036,57.064510934577704,1712,2.0,0.42003002762794495,1170,198,38,26
2073,57.064510934577704,1712,2.0,0.4612106382846832,855,830,203,157
1920,57.064510934577704,1712,2.0,0.37024229764938354,1424,171,31,22
2077,57.064510934577704,1712,2.0,0.441142737865448,883,264,68,42
1957,57.09784300872174,1713,2.0,0.22582700848579407,1365,184,38,26
2016,57.09784300872174,1713,2.0,0.39426493644714355,891,306,76,52
2035,57.09784300872174,1713,7.0,0.5444567799568176,644,391,194,128
2022,57.09784300872174,1713,2.0,0.35338112711906433,1282,354,82,58
2040,57.09784300872174,1713,2.0,0.46196672320365906,1041,222,60,33
2058,57.09784300872174,1713,2.0,0.4548000991344452,1365,268,56,38
2018,57.09784300872174,1713,7.0,0.38283345103263855,1280,253,129,123
1982,57.09784300872174,1713,2.0,0.208488330245018,1099,193,34,23
2036,57.09784300872174,1713,2.0,0.4149249792098999,1166,198,39,27
2073,57.09784300872174,1713,28.0,0.5247507095336914,878,808,197,149
1920,57.09784300872174,1713,2.0,0.30704158544540405,1425,172,30,23
2077,57.09784300872174,1713,2.0,0.2312435805797577,877,266,64,40
1957,57.13117508286577,1714,2.0,0.16147926449775696,1367,182,36,25
2016,57.13117508286577,1714,2.0,0.4328748881816864,879,312,72,48
2035,57.13117508286577,1714,7.0,0.6150185465812683,630,396,197,132
2022,57.13117508286577,1714,2.0,0.25442376732826233,1288,350,79,55
2040,57.13117508286577,1714,2.0,0.4290478527545929,1036,224,59,31
2058,57.13117508286577,1714,2.0,0.3943430781364441,1369,268,56,39
2018,57.13117508286577,1714,7.0,0.35747072100639343,1284,252,130,121
2036,57.13117508286577,1714,2.0,0.412839412689209,1162,199,40,28
2073,57.13117508286577,1714,2.0,0.7188668251037598,899,789,190,143
1920,57.13117508286577,1714,2.0,0.16752727329730988,1427,170,27,22
2077,57.13117508286577,1714,2.0,0.19985324144363403,872,267,67,39
1957,57.164507157009794,1715,2.0,0.14331550896167755,1369,181,33,24
2016,57.164507157009794,1715,2.0,0.46270322799682617,872,313,81,53
2035,57.164507157009794,1715,7.0,0.6995076537132263,616,403,199,134
2022,57.164507157009794,1715,2.0,0.23334413766860962,1291,346,79,53
2040,57.164507157009794,1715,2.0,0.4809276759624481,1032,224,62,32
2058,57.164507157009794,1715,2.0,0.46771183609962463,1371,266,56,37
2018,57.164507157009794,1715,7.0,0.43533340096473694,1287,250,126,120
2036,57.164507157009794,1715,2.0,0.42585423588752747,1158,200,41,28
2073,57.164507157009794,1715,2.0,0.8184424042701721,919,773,184,141
1920,57.164507157009794,1715,2.0,0.23285774886608124,1428,170,27,21
2077,57.164507157009794,1715,2.0,0.15612450242042542,862,268,69,38
1982,57.164507157009794,1715,2.0,0.345885306596756,1091,197,35,23
1957,57.19783923115382,1716,2.0,0.10262633115053177,1370,181,31,25
2016,57.19783923115382,1716,2.0,0.4266705811023712,865,315,84,56
2035,57.19783923115382,1716,7.0,0.6496756672859192,600,408,205,138
2022,57.19783923115382,1716,2.0,0.25734564661979675,1295,342,77,56
2040,57.19783923115382,1716,2.0,0.5503982901573181,1028,227,67,33
2058,57.19783923115382,1716,2.0,0.39739131927490234,1373,263,53,35
2018,57.19783923115382,1716,7.0,0.3108474016189575,1292,248,123,114
2036,57.19783923115382,1716,2.0,0.29518923163414,1155,200,40,29
2073,57.19783923115382,1716,2.0,0.7754915952682495,938,753,177,133
1920,57.19783923115382,1716,2.0,0.31485334038734436,1429,169,27,20
2077,57.19783923115382,1716,2.0,0.16328172385692596,855,272,71,39
2080,57.19783923115382,1716,7.0,0.4593489170074463,749,620,604,454
1982,57.19783923115382,1716,2.0,0.43605560064315796,1086,197,38,23
1957,57.23117130529785,1717,2.0,0.11928354948759079,1371,181,30,24
2016,57.23117130529785,1717,2.0,0.4039950370788574,856,319,84,60
2035,57.23117130529785,1717,7.0,0.6283180713653564,586,414,208,142
2022,57.23117130529785,1717,2.0,0.47292715311050415,1298,339,75,57
2040,57.23117130529785,1717,2.0,0.6585317850112915,1021,228,65,35
2058,57.23117130529785,1717,2.0,0.4530786871910095,1375,259,49,32
2018,57.23117130529785,1717,7.0,0.2572040557861328,1296,245,120,112
2036,57.23117130529785,1717,2.0,0.2344810962677002,1152,201,41,32
2073,57.23117130529785,1717,2.0,0.4719495177268982,957,737,174,133
1920,57.23117130529785,1717,2.0,0.3422711193561554,1430,166,27,21
2077,57.23117130529785,1717,2.0,0.34706413745880127,846,274,70,38
2080,57.23117130529785,1717,7.0,0.3736315965652466,767,606,587,436
1982,57.23117130529785,1717,2.0,0.4590733051300049,1083,198,39,24
1957,57.264503379441884,1718,2.0,0.1354404240846634,1371,180,31,26
2016,57.264503379441884,1718,2.0,0.4210858643054962,849,322,86,61
2035,57.264503379441884,1718,7.0,0.6480309963226318,569,421,213,144
2022,57.264503379441884,1718,2.0,0.5042508840560913,1300,337,75,54
2040,57.264503379441884,1718,2.0,0.6360098719596863,1014,230,63,36
2058,57.264503379441884,1718,2.0,0.3711096942424774,1376,257,49,32
2018,57.264503379441884,1718,7.0,0.17701658606529236,1300,241,123,111
2036,57.264503379441884,1718,2.0,0.17964957654476166,1148,203,40,30
2073,57.264503379441884,1718,2.0,0.4540165662765503,973,720,165,124
1920,57.264503379441884,1718,2.0,0.32767143845558167,1431,166,27,21
2077,57.264503379441884,1718,2.0,0.18456877768039703,841,276,69,40
2080,57.264503379441884,1718,7.0,0.15975886583328247,788,591,568,422
1982,57.264503379441884,1718,2.0,0.3403070271015167,1080,199,41,23
2016,57.29783545358591,1719,2.0,0.6090149283409119,842,325,86,62
2035,57.29783545358591,1719,7.0,0.6898261904716492,552,429,218,149
2022,57.29783545358591,1719,2.0,0.49320974946022034,1302,333,74,54
2040,57.29783545358591,1719,2.0,0.7217066287994385,1007,232,64,36
2058,57.29783545358591,1719,2.0,0.26198792457580566,1380,255,51,32
2018,57.29783545358591,1719,7.0,0.16755560040473938,1303,237,122,109
2036,57.29783545358591,1719,2.0,0.239333376288414,1144,204,40,29
2073,57.29783545358591,1719,28.0,0.6526888012886047,990,702,157,116
1920,57.29783545358591,1719,2.0,0.32868513464927673,1431,165,29,21
2077,57.29783545358591,1719,2.0,0.19810402393341064,835,278,71,41
2080,57.29783545358591,1719,7.0,0.31413376331329346,811,577,538,414
1982,57.29783545358591,1719,2.0,0.27017226815223694,1078,200,41,24
2016,57.33116752772994,1720,2.0,0.7203673124313354,831,329,86,63
2035,57.33116752772994,1720,7.0,0.676324725151062,534,436,222,149
2022,57.33116752772994,1720,2.0,0.26276126503944397,1305,329,71,53
2040,57.33116752772994,1720,2.0,0.7340389490127563,1003,233,64,37
2058,57.33116752772994,1720,2.0,0.11622533202171326,1381,255,47,33
2018,57.33116752772994,1720,7.0,0.30886855721473694,1318,240,139,107
2036,57.33116752772994,1720,2.0,0.36379188299179077,1141,206,40,28
2073,57.33116752772994,1720,2.0,0.7889038324356079,1006,689,156,121
1920,57.33116752772994,1720,2.0,0.3594568371772766,1433,164,31,22
2077,57.33116752772994,1720,2.0,0.22712796926498413,826,281,75,42
2080,57.33116752772994,1720,7.0,0.35301685333251953,832,566,518,402
1982,57.33116752772994,1720,2.0,0.3766607344150543,1075,201,46,26
2085,57.33116752772994,1720,2.0,0.5079219937324524,708,353,94,50
2016,57.364499601873966,1721,2.0,0.6152321100234985,821,332,89,63
2035,57.364499601873966,1721,7.0,0.7510790824890137,517,443,227,149
2022,57.364499601873966,1721,2.0,0.5079270005226135,1310,326,72,52
2040,57.364499601873966,1721,2.0,0.7584783434867859,997,234,68,35
2058,57.364499601873966,1721,2.0,0.14600160717964172,1384,255,50,39
2018,57.364499601873966,1721,7.0,0.21277351677417755,1329,237,154,111
2036,57.364499601873966,1721,2.0,0.36358556151390076,1138,207,41,30
2073,57.364499601873966,1721,2.0,0.7091800570487976,1022,673,150,116
1920,57.364499601873966,1721,2.0,0.4040836691856384,1434,163,32,22
2077,57.364499601873966,1721,2.0,0.31755396723747253,818,284,71,41
2080,57.364499601873966,1721,7.0,0.3370247483253479,861,551,523,387
1982,57.364499601873966,1721,2.0,0.42555367946624756,1071,202,46,26
2085,57.364499601873966,1721,2.0,0.46533122658729553,699,358,96,51
2016,57.397831676017994,1722,2.0,0.548053503036499,814,337,94,63
2035,57.397831676017994,1722,7.0,0.673000693321228,499,448,233,146
2022,57.397831676017994,1722,2.0,0.47992756962776184,1312,324,70,49
2040,57.397831676017994,1722,2.0,0.7174572944641113,992,236,69,35
2058,57.397831676017994,1722,2.0,0.3770824670791626,1385,251,52,36
2018,57.397831676017994,1722,7.0,0.2395235151052475,1329,235,150,107
2036,57.397831676017994,1722,2.0,0.4631151258945465,1135,208,40,29
2073,57.397831676017994,1722,2.0,0.5054080486297607,1037,659,145,112
1920,57.397831676017994,1722,2.0,0.42248207330703735,1434,163,33,22
2077,57.397831676017994,1722,2.0,0.3071387708187103,810,288,71,42
2080,57.397831676017994,1722,7.0,0.29498323798179626,873,535,485,366
1982,57.397831676017994,1722,2.0,0.2934527099132538,1067,203,46,28
2085,57.397831676017994,1722,2.0,0.3175066411495209,685,362,97,51
2016,57.43116375016203,1723,2.0,0.642810046672821,804,341,93,61
2035,57.43116375016203,1723,7.0,0.7394453883171082,481,457,242,154
2022,57.43116375016203,1723,2.0,0.45404139161109924,1317,321,73,47
2040,57.43116375016203,1723,2.0,0.6899921298027039,983,239,64,34
2058,57.43116375016203,1723,2.0,0.20930202305316925,1387,250,53,37
2018,57.43116375016203,1723,7.0,0.22076116502285004,1338,238,156,118
2036,57.43116375016203,1723,2.0,0.427278608083725,1132,209,42,30
2073,57.43116375016203,1723,2.0,0.7202785611152649,1050,648,142,112
1920,57.43116375016203,1723,2.0,0.40570738911628723,1436,162,32,22
2077,57.43116375016203,1723,2.0,0.2143634408712387,801,291,74,44
2080,57.43116375016203,1723,7.0,0.3531879484653473,899,523,489,357
1982,57.43116375016203,1723,2.0,0.18813949823379517,1065,203,45,28
2085,57.43116375016203,1723,2.0,0.6361494064331055,676,367,101,55
2016,57.464495824306056,1724,2.0,0.6708254814147949,794,344,95,63
2035,57.464495824306056,1724,7.0,0.7097988724708557,463,464,248,155
2022,57.464495824306056,1724,2.0,0.38854438066482544,1320,318,71,48
2040,57.464495824306056,1724,2.0,0.7119854092597961,978,241,65,36
2058,57.464495824306056,1724,2.0,0.19427314400672913,1387,248,49,35
2018,57.464495824306056,1724,7.0,0.3393805921077728,1337,232,148,109
2036,57.464495824306056,1724,2.0,0.3935725688934326,1128,212,40,28
2073,57.464495824306056,1724,2.0,0.8566352128982544,1065,632,137,105
1920,57.464495824306056,1724,2.0,0.3593931198120117,1437,162,32,21
2077,57.464495824306056,1724,2.0,0.1759670227766037,792,293,75,44
2080,57.464495824306056,1724,7.0,0.5413756966590881,906,511,456,341
1982,57.464495824306056,1724,2.0,0.31391823291778564,1060,206,47,28
2085,57.464495824306056,1724,2.0,0.425481915473938,663,373,102,56
2016,57.49782789845008,1725,2.0,0.5353285670280457,782,348,91,64
2035,57.49782789845008,1725,7.0,0.5858197808265686,448,469,245,156
2022,57.49782789845008,1725,2.0,0.5270940661430359,1323,315,70,48
2040,57.49782789845008,1725,2.0,0.7775656580924988,972,243,70,37
2058,57.49782789845008,1725,2.0,0.34467431902885437,1390,246,50,36
2018,57.49782789845008,1725,7.0,0.16020162403583527,1342,228,151,107
2036,57.49782789845008,1725,2.0,0.3287650942802429,1124,213,39,27
2073,57.49782789845008,1725,2.0,0.7924013733863831,1079,619,136,101
1920,57.49782789845008,1725,2.0,0.3343501687049866,1437,161,31,21
2077,57.49782789845008,1725,2.0,0.1845327466726303,783,294,76,44
2080,57.49782789845008,1725,7.0,0.4936152398586273,916,501,427,336
1982,57.49782789845008,1725,2.0,0.34902966022491455,1056,208,48,28
2085,57.49782789845008,1725,2.0,0.3559408187866211,651,376,105,57
2016,57.53115997259411,1726,2.0,0.6361132264137268,770,353,93,65
2035,57.53115997259411,1726,7.0,0.5450206398963928,436,481,232,165
2022,57.53115997259411,1726,2.0,0.41996872425079346,1325,311,65,48
2040,57.53115997259411,1726,2.0,0.7046567797660828,965,245,70,37
2058,57.53115997259411,1726,2.0,0.2358354926109314,1393,244,49,36
2018,57.53115997259411,1726,7.0,0.1631905436515808,1338,225,140,108
2036,57.53115997259411,1726,2.0,0.4676857590675354,1119,214,40,28
2073,57.53115997259411,1726,2.0,0.6822109818458557,1097,610,148,104
1920,57.53115997259411,1726,2.0,0.2746381461620331,1437,160,32,22
2077,57.53115997259411,1726,2.0,0.3243313431739807,777,297,77,44
2080,57.53115997259411,1726,7.0,0.16587132215499878,932,496,412,333
1982,57.53115997259411,1726,2.0,0.31420937180519104,1052,208,44,26
2085,57.53115997259411,1726,2.0,0.5063289403915405,636,381,103,56
2016,57.564492046738145,1727,2.0,0.7695915102958679,760,357,96,68
2035,57.564492046738145,1727,7.0,0.4038214385509491,425,488,216,167
2022,57.564492046738145,1727,2.0,0.2927153408527374,1327,307,63,46
2040,57.564492046738145,1727,2.0,0.7386887669563293,959,246,71,38
2058,57.564492046738145,1727,2.0,0.3117918074131012,1395,242,49,32
2018,57.564492046738145,1727,7.0,0.18680605292320251,1341,222,140,105
2036,57.564492046738145,1727,2.0,0.4297887682914734,1114,215,42,29
2073,57.564492046738145,1727,2.0,0.8270041346549988,1110,598,148,100
1920,57.564492046738145,1727,2.0,0.2198595255613327,1438,160,34,22
2077,57.564492046738145,1727,2.0,0.2553238868713379,768,300,78,43
2080,57.564492046738145,1727,7.0,0.2253524214029312,946,484,400,324
1982,57.564492046738145,1727,2.0,0.4120171368122101,1048,209,46,26
2085,57.564492046738145,1727,2.0,0.48229268193244934,621,385,106,59
2016,57.59782412088217,1728,2.0,0.5804312229156494,749,362,98,66
2035,57.59782412088217,1728,7.0,0.49108120799064636,417,488,197,155
2022,57.59782412088217,1728,2.0,0.31757649779319763,1326,306,56,44
2040,57.59782412088217,1728,2.0,0.7188051342964172,953,247,72,40
2058,57.59782412088217,1728,2.0,0.41665780544281006,1396,241,52,32
2018,57.59782412088217,1728,7.0,0.3338942527770996,1348,224,146,95
2036,57.59782412088217,1728,2.0,0.4178301990032196,1110,216,43,30
2073,57.59782412088217,1728,2.0,0.7698681950569153,1118,585,135,98
1920,57.59782412088217,1728,2.0,0.16246241331100464,1438,160,34,21
2077,57.59782412088217,1728,2.0,0.1832411140203476,759,304,77,44
2080,57.59782412088217,1728,7.0,0.20821823179721832,959,476,392,315
1982,57.59782412088217,1728,2.0,0.5068007111549377,1045,210,46,27
2085,57.59782412088217,1728,2.0,0.2050577849149704,610,390,108,59
2016,57.6311561950262,1729,2.0,0.5834754705429077,737,368,98,67
2035,57.6311561950262,1729,7.0,0.3704497516155243,407,490,179,142
2022,57.6311561950262,1729,2.0,0.31111547350883484,1330,304,56,44
2040,57.6311561950262,1729,2.0,0.5735044479370117,949,248,75,43
2058,57.6311561950262,1729,2.0,0.22635215520858765,1400,240,45,31
2018,57.6311561950262,1729,7.0,0.3421506881713867,1351,225,146,91
2036,57.6311561950262,1729,2.0,0.5574811100959778,1106,217,48,32
2073,57.6311561950262,1729,2.0,0.7431166768074036,1126,572,125,91
2077,57.6311561950262,1729,2.0,0.44980183243751526,749,308,79,44
2080,57.6311561950262,1729,7.0,0.3717149794101715,972,466,376,304
1982,57.6311561950262,1729,2.0,0.5104669332504272,1040,212,45,27
2085,57.6311561950262,1729,2.0,0.43309104442596436,595,396,110,57
2016,57.66448826917023,1730,2.0,0.6088177561759949,726,372,99,69
2035,57.66448826917023,1730,7.0,0.3180222511291504,397,494,161,136
2022,57.66448826917023,1730,2.0,0.24757452309131622,1336,301,60,47
2040,57.66448826917023,1730,2.0,0.6134200096130371,937,252,68,41
2058,57.66448826917023,1730,2.0,0.19927680492401123,1403,239,44,35
2018,57.66448826917023,1730,7.0,0.2523952126502991,1355,227,145,84
2036,57.66448826917023,1730,2.0,0.5400491952896118,1104,219,48,32
2073,57.66448826917023,1730,2.0,0.7788869142532349,1135,564,118,92
2077,57.66448826917023,1730,2.0,0.3508658707141876,741,311,80,45
2080,57.66448826917023,1730,7.0,0.3143034875392914,983,457,357,296
1982,57.66448826917023,1730,2.0,0.46468591690063477,1037,213,45,27
2085,57.66448826917023,1730,2.0,0.3486393094062805,580,401,110,60
2016,57.697820343314255,1731,2.0,0.6931686401367188,714,378,103,71
2035,57.697820343314255,1731,7.0,0.37923064827919006,387,499,139,131
2022,57.697820343314255,1731,2.0,0.36853307485580444,1341,297,66,47
2040,57.697820343314255,1731,2.0,0.6267985701560974,929,255,67,40
2058,57.697820343314255,1731,2.0,0.25181081891059875,1405,238,42,33
2018,57.697820343314255,1731,7.0,0.2501193583011627,1357,226,143,84
2036,57.697820343314255,1731,2.0,0.5506246089935303,1099,221,46,31
2073,57.697820343314255,1731,2.0,0.7454530000686646,1145,555,117,87
2077,57.697820343314255,1731,2.0,0.4834495782852173,733,314,79,45
2080,57.697820343314255,1731,7.0,0.2931859493255615,996,447,347,281
1982,57.697820343314255,1731,2.0,0.4487423896789551,1032,216,44,25
2085,57.697820343314255,1731,2.0,0.37455877661705017,567,406,113,62
2016,57.73115241745829,1732,2.0,0.6068493127822876,701,381,104,73
2035,57.73115241745829,1732,7.0,0.3906799256801605,378,505,116,125
2022,57.73115241745829,1732,2.0,0.196027934551239,1341,296,61,47
2040,57.73115241745829,1732,2.0,0.6946765780448914,923,257,75,39
2058,57.73115241745829,1732,2.0,0.23431645333766937,1405,237,42,35
2018,57.73115241745829,1732,7.0,0.34308719635009766,1358,222,142,89
2036,57.73115241745829,1732,2.0,0.4808233678340912,1094,223,48,31
2073,57.73115241745829,1732,2.0,0.699714720249176,1156,546,115,89
2077,57.73115241745829,1732,2.0,0.42038440704345703,725,316,79,45
1982,57.73115241745829,1732,2.0,0.3519185483455658,1028,216,44,25
2085,57.73115241745829,1732,2.0,0.5076004266738892,552,412,115,61
2016,57.76448449160232,1733,2.0,0.6537805795669556,688,386,105,74
2035,57.76448449160232,1733,7.0,0.20646998286247253,368,510,95,122
2022,57.76448449160232,1733,2.0,0.2454562932252884,1345,294,66,49
2040,57.76448449160232,1733,2.0,0.6399272680282593,915,259,72,39
2058,57.76448449160232,1733,2.0,0.24729996919631958,1405,234,44,38
2018,57.76448449160232,1733,7.0,0.2703050374984741,1360,220,141,89
2036,57.76448449160232,1733,2.0,0.426744282245636,1089,224,49,33
2073,57.76448449160232,1733,2.0,0.6712260246276855,1169,537,120,88
2077,57.76448449160232,1733,2.0,0.21077708899974823,715,319,81,44
1982,57.76448449160232,1733,2.0,0.3684926927089691,1026,218,46,24
2085,57.76448449160232,1733,2.0,0.53493732213974,537,417,116,60
2016,57.797816565746345,1734,2.0,0.5110217332839966,675,391,110,79
2035,57.797816565746345,1734,2.0,0.11920952051877975,356,518,69,118
2022,57.797816565746345,1734,2.0,0.2018258273601532,1347,290,66,47
2040,57.797816565746345,1734,2.0,0.6443975567817688,909,261,72,43
2058,57.797816565746345,1734,2.0,0.39274367690086365,1406,233,47,37
2018,57.797816565746345,1734,7.0,0.16051337122917175,1362,219,139,84
2036,57.797816565746345,1734,2.0,0.3902468681335449,1084,224,50,35
2073,57.797816565746345,1734,2.0,0.6825739741325378,1182,530,127,91
2077,57.797816565746345,1734,2.0,0.32680076360702515,707,322,85,46
1982,57.797816565746345,1734,2.0,0.3185480833053589,1020,220,46,23
2085,57.797816565746345,1734,2.0,0.48710009455680847,523,423,121,63
2080,57.797816565746345,1734,7.0,0.3722609281539917,1029,428,321,267
2016,57.83114863989037,1735,2.0,0.7789801955223083,664,398,112,77
2035,57.83114863989037,1735,0.0,0.1716827154159546,345,529,44,118
2022,57.83114863989037,1735,2.0,0.6240469813346863,1350,286,64,44
2040,57.83114863989037,1735,2.0,0.6192646622657776,902,264,76,43
2058,57.83114863989037,1735,2.0,0.21303513646125793,1407,233,49,39
2018,57.83114863989037,1735,7.0,0.12970751523971558,1365,217,137,87
2036,57.83114863989037,1735,2.0,0.4023744761943817,1080,225,50,35
2073,57.83114863989037,1735,2.0,0.7030953168869019,1196,521,132,89
2077,57.83114863989037,1735,2.0,0.41275665163993835,695,327,90,48
1982,57.83114863989037,1735,2.0,0.2778608798980713,1016,220,44,24
2085,57.83114863989037,1735,2.0,0.7158688306808472,505,429,120,65
2080,57.83114863989037,1735,7.0,0.29782581329345703,1041,417,316,257
2016,57.8644807140344,1736,2.0,0.7951334118843079,649,404,113,76
2022,57.8644807140344,1736,2.0,0.598430871963501,1352,283,64,43
2040,57.8644807140344,1736,2.0,0.6794907450675964,896,266,83,45
2058,57.8644807140344,1736,2.0,0.29487109184265137,1409,232,46,38
2036,57.8644807140344,1736,2.0,0.24522919952869415,1077,226,52,36
2073,57.8644807140344,1736,2.0,0.8033341765403748,1205,513,132,88
2077,57.8644807140344,1736,2.0,0.2569257318973541,684,330,88,49
1982,57.8644807140344,1736,2.0,0.29004400968551636,1013,221,45,25
2085,57.8644807140344,1736,2.0,0.7133429050445557,488,434,124,68
2080,57.8644807140344,1736,7.0,0.3259497284889221,1047,411,302,248
2016,57.897812788178435,1737,2.0,0.7804200649261475,636,409,114,76
2022,57.897812788178435,1737,2.0,0.290834903717041,1352,281,61,42
2040,57.897812788178435,1737,2.0,0.6703926920890808,887,269,80,46
2058,57.897812788178435,1737,2.0,0.1320662647485733,1410,228,45,35
2036,57.897812788178435,1737,2.0,0.2662833034992218,1074,228,51,35
2073,57.897812788178435,1737,2.0,0.7915374636650085,1212,506,129,86
2077,57.897812788178435,1737,2.0,0.3723360002040863,673,334,89,48
1982,57.897812788178435,1737,2.0,0.1674373745918274,1009,223,45,25
2085,57.897812788178435,1737,2.0,0.7192814350128174,472,442,124,69
2080,57.897812788178435,1737,7.0,0.1849881112575531,1057,405,291,242
2016,57.93114486232246,1738,2.0,0.7628517150878906,623,415,121,81
2022,57.93114486232246,1738,2.0,0.44923076033592224,1353,280,57,40
2040,57.93114486232246,1738,2.0,0.6985644698143005,879,271,81,48
2058,57.93114486232246,1738,2.0,0.1710759401321411,1411,227,44,35
2036,57.93114486232246,1738,2.0,0.30646076798439026,1069,230,50,35
2073,57.93114486232246,1738,2.0,0.6974295973777771,1220,498,126,80
2077,57.93114486232246,1738,2.0,0.24789640307426453,661,339,90,50
1982,57.93114486232246,1738,2.0,0.31795650720596313,1001,225,49,27
2085,57.93114486232246,1738,2.0,0.6348803043365479,455,448,130,70
2080,57.93114486232246,1738,7.0,0.14039379358291626,1068,396,288,232
2016,57.96447693646649,1739,2.0,0.8027015328407288,606,420,118,82
2022,57.96447693646649,1739,2.0,0.4144902527332306,1358,279,57,41
2040,57.96447693646649,1739,2.0,0.6259879469871521,873,273,87,48
2036,57.96447693646649,1739,2.0,0.19948261976242065,1062,233,46,31
2073,57.96447693646649,1739,2.0,0.7460502982139587,1227,490,122,82
2077,57.96447693646649,1739,2.0,0.36500829458236694,650,341,90,51
1982,57.96447693646649,1739,2.0,0.34531888365745544,999,228,55,29
2085,57.96447693646649,1739,2.0,0.6665517091751099,436,455,134,71
2080,57.96447693646649,1739,7.0,0.1912485957145691,1083,392,288,224
2018,57.96447693646649,1739,7.0,0.25441595911979675,1371,208,129,92
2016,57.99780901061052,1740,2.0,0.7710443139076233,593,427,128,82
2022,57.99780901061052,1740,2.0,0.3390129506587982,1362,276,60,40
2040,57.99780901061052,1740,2.0,0.49218833446502686,863,276,82,48
2036,57.99780901061052,1740,2.0,0.4996006190776825,1059,233,48,34
2073,57.99780901061052,1740,2.0,0.6664959788322449,1234,480,114,78
2077,57.99780901061052,1740,2.0,0.33081841468811035,639,344,91,51
1982,57.99780901061052,1740,2.0,0.332135409116745,993,230,54,27
2085,57.99780901061052,1740,2.0,0.5790243148803711,419,462,138,73
2080,57.99780901061052,1740,7.0,0.31543153524398804,1089,386,276,218
2018,57.99780901061052,1740,7.0,0.27971068024635315,1373,203,127,97
1920,57.99780901061052,1740,2.0,0.28875023126602173,1449,152,25,23
2016,58.03114108475455,1741,2.0,0.7599533200263977,577,433,127,82
2022,58.03114108475455,1741,2.0,0.2507111728191376,1362,274,57,39
2040,58.03114108475455,1741,2.0,0.4716435968875885,856,278,83,51
2036,58.03114108475455,1741,2.0,0.3855406939983368,1054,235,48,32
2073,58.03114108475455,1741,2.0,0.7111692428588867,1240,474,115,76
2077,58.03114108475455,1741,2.0,0.25381168723106384,630,347,90,49
1982,58.03114108475455,1741,2.0,0.36616289615631104,988,230,56,28
2085,58.03114108475455,1741,2.0,0.36507129669189453,399,470,141,74
2080,58.03114108475455,1741,7.0,0.16088949143886566,1094,380,265,216
2018,58.03114108475455,1741,7.0,0.2878279983997345,1374,200,126,98
1920,58.03114108475455,1741,2.0,0.23899756371974945,1449,151,25,22
2016,58.06447315889858,1742,2.0,0.8235569000244141,559,441,128,84
2022,58.06447315889858,1742,2.0,0.4344542622566223,1363,273,59,42
2040,58.06447315889858,1742,2.0,0.47076159715652466,848,282,87,50
2036,58.06447315889858,1742,2.0,0.38073351979255676,1051,237,49,33
2073,58.06447315889858,1742,2.0,0.7176070809364319,1243,468,105,75
2077,58.06447315889858,1742,2.0,0.1441422551870346,617,353,91,49
1982,58.06447315889858,1742,2.0,0.3978883624076843,983,231,53,28
2085,58.06447315889858,1742,2.0,0.5801504254341125,385,476,132,75
2080,58.06447315889858,1742,7.0,0.2637670636177063,1101,377,259,220
2018,58.06447315889858,1742,7.0,0.23842880129814148,1377,201,121,95
1920,58.06447315889858,1742,2.0,0.21918241679668427,1450,150,27,23
2016,58.09780523304261,1743,2.0,0.8368720412254333,544,448,133,85
2022,58.09780523304261,1743,2.0,0.3785463571548462,1364,271,55,41
2040,58.09780523304261,1743,2.0,0.5860169529914856,839,283,88,53
2036,58.09780523304261,1743,2.0,0.3891540467739105,1045,238,52,35
2073,58.09780523304261,1743,2.0,0.6566722393035889,1248,460,103,75
2077,58.09780523304261,1743,2.0,0.37691983580589294,606,357,92,50
1982,58.09780523304261,1743,2.0,0.5339193940162659,979,232,54,27
2085,58.09780523304261,1743,2.0,0.3978862762451172,373,483,116,75
2080,58.09780523304261,1743,7.0,0.32210540771484375,1110,371,251,218
1920,58.09780523304261,1743,2.0,0.23104311525821686,1451,149,27,23
2103,58.09780523304261,1743,2.0,0.4813759922981262,77,631,154,171
2016,58.131137307186634,1744,2.0,0.7944144010543823,527,454,136,89
2022,58.131137307186634,1744,2.0,0.36776861548423767,1368,266,54,40
2040,58.131137307186634,1744,2.0,0.33909374475479126,830,286,87,54
2036,58.131137307186634,1744,2.0,0.5284388065338135,1038,241,50,34
2073,58.131137307186634,1744,2.0,0.5917502045631409,1255,454,105,76
2077,58.131137307186634,1744,2.0,0.34875884652137756,591,361,98,53
1982,58.131137307186634,1744,2.0,0.5435497760772705,974,235,54,28
2085,58.131137307186634,1744,2.0,0.23422187566757202,364,490,97,75
2080,58.131137307186634,1744,7.0,0.3487532138824463,1118,362,244,207
1920,58.131137307186634,1744,2.0,0.251749187707901,1451,148,28,23
2103,58.131137307186634,1744,2.0,0.619668185710907,62,641,124,170
2106,58.131137307186634,1744,2.0,0.5625733733177185,498,880,226,187
2016,58.16446938133066,1745,2.0,0.8194953203201294,509,461,134,88
2022,58.16446938133066,1745,2.0,0.49359479546546936,1371,264,57,40
2040,58.16446938133066,1745,2.0,0.4532504975795746,822,290,93,51
2036,58.16446938133066,1745,2.0,0.44243133068084717,1034,242,53,35
2073,58.16446938133066,1745,2.0,0.6141822338104248,1263,449,105,74
2077,58.16446938133066,1745,2.0,0.1850953996181488,582,366,96,52
1982,58.16446938133066,1745,2.0,0.590194821357727,970,236,52,27
2085,58.16446938133066,1745,2.0,0.14259494841098785,354,496,74,70
2080,58.16446938133066,1745,7.0,0.2756759226322174,1125,355,234,197
1920,58.16446938133066,1745,2.0,0.20379416644573212,1451,148,29,24
2103,58.16446938133066,1745,2.0,0.4657374620437622,43,650,87,152
2106,58.16446938133066,1745,2.0,0.7737776041030884,515,855,234,173
2110,58.16446938133066,1745,2.0,0.35611966252326965,1349,118,48,28
2016,58.197801455474696,1746,2.0,0.7473329901695251,489,470,134,89
2022,58.197801455474696,1746,2.0,0.41093170642852783,1373,262,58,38
2040,58.197801455474696,1746,2.0,0.40177813172340393,812,294,92,48
2036,58.197801455474696,1746,2.0,0.44847795367240906,1029,244,53,36
2073,58.197801455474696,1746,2.0,0.5699285864830017,1270,442,105,73
2077,58.197801455474696,1746,2.0,0.23780782520771027,570,370,93,54
1982,58.197801455474696,1746,2.0,0.4411817491054535,966,238,52,29
2085,58.197801455474696,1746,2.0,0.10603102296590805,343,501,53,61
2080,58.197801455474696,1746,7.0,0.21134305000305176,1132,351,229,191
1920,58.197801455474696,1746,2.0,0.22233814001083374,1452,147,30,23
2103,58.197801455474696,1746,2.0,0.16721509397029877,24,662,47,132
2106,58.197801455474696,1746,2.0,0.6995363235473633,545,827,234,161
2110,58.197801455474696,1746,2.0,0.3178289234638214,1347,117,50,27
2016,58.231133529618724,1747,2.0,0.7468591332435608,472,478,144,91
2022,58.231133529618724,1747,2.0,0.24830056726932526,1373,260,54,36
2040,58.231133529618724,1747,2.0,0.35769107937812805,801,295,93,49
2036,58.231133529618724,1747,2.0,0.3145693242549896,1023,247,53,34
2073,58.231133529618724,1747,2.0,0.5661344528198242,1275,437,97,70
2077,58.231133529618724,1747,2.0,0.252110093832016,557,374,97,56
1982,58.231133529618724,1747,2.0,0.43289294838905334,961,240,54,30
2080,58.231133529618724,1747,7.0,0.26270124316215515,1138,347,226,189
1920,58.231133529618724,1747,2.0,0.23104646801948547,1453,146,31,23
2106,58.231133529618724,1747,2.0,0.7467950582504272,582,804,238,151
2110,58.231133529618724,1747,2.0,0.4044118821620941,1346,118,52,28
2058,58.231133529618724,1747,2.0,0.30751049518585205,1425,213,39,31
2016,58.26446560376275,1748,2.0,0.8360427618026733,452,487,145,96
2022,58.26446560376275,1748,2.0,0.27347585558891296,1376,258,49,33
2040,58.26446560376275,1748,2.0,0.24360378086566925,791,298,96,53
2036,58.26446560376275,1748,2.0,0.4244224429130554,1016,248,56,36
2073,58.26446560376275,1748,2.0,0.5575053691864014,1281,431,94,70
2077,58.26446560376275,1748,2.0,0.10131477564573288,541,380,101,55
1982,58.26446560376275,1748,2.0,0.525705099105835,954,241,56,28
2080,58.26446560376275,1748,7.0,0.21129998564720154,1145,343,225,188
1920,58.26446560376275,1748,2.0,0.21684785187244415,1454,147,32,22
2106,58.26446560376275,1748,2.0,0.8227283358573914,604,784,221,151
2110,58.26446560376275,1748,2.0,0.3245141804218292,1344,117,51,26
2058,58.26446560376275,1748,2.0,0.29851672053337097,1427,214,37,32
2016,58.29779767790678,1749,2.0,0.8165719509124756,432,495,148,96
2022,58.29779767790678,1749,2.0,0.11539780348539352,1377,257,44,34
2040,58.29779767790678,1749,2.0,0.40685003995895386,781,303,95,55
2036,58.29779767790678,1749,2.0,0.3607296049594879,1011,250,57,37
2073,58.29779767790678,1749,2.0,0.6223857998847961,1285,425,95,71
2077,58.29779767790678,1749,2.0,0.19351740181446075,527,384,106,57
1982,58.29779767790678,1749,2.0,0.43457165360450745,949,243,55,27
2080,58.29779767790678,1749,7.0,0.2651391625404358,1152,340,218,188
1920,58.29779767790678,1749,2.0,0.19530630111694336,1455,145,33,24
2106,58.29779767790678,1749,2.0,0.791394829750061,637,766,227,140
2110,58.29779767790678,1749,2.0,0.30750197172164917,1346,118,55,30
2058,58.29779767790678,1749,2.0,0.30093714594841003,1429,213,39,34
2016,58.33112975205081,1750,2.0,0.7517877221107483,412,503,150,99
2022,58.33112975205081,1750,2.0,0.18943306803703308,1380,255,46,34
2040,58.33112975205081,1750,2.0,0.46700963377952576,772,307,95,51
2036,58.33112975205081,1750,2.0,0.33834415674209595,1006,253,54,36
2073,58.33112975205081,1750,2.0,0.6221349835395813,1290,419,92,68
2077,58.33112975205081,1750,2.0,0.3417341411113739,515,389,109,58
1982,58.33112975205081,1750,2.0,0.27761200070381165,942,244,56,28
2080,58.33112975205081,1750,7.0,0.2914946377277374,1159,336,212,184
1920,58.33112975205081,1750,2.0,0.20525094866752625,1454,144,31,24
2106,58.33112975205081,1750,2.0,0.7973604202270508,660,745,210,135
2110,58.33112975205081,1750,2.0,0.3014007806777954,1344,120,50,29
2058,58.33112975205081,1750,2.0,0.2678564190864563,1428,211,39,33
2016,58.36446182619484,1751,2.0,0.6731899976730347,396,511,145,101
2022,58.36446182619484,1751,2.0,0.27373287081718445,1384,253,52,33
2040,58.36446182619484,1751,2.0,0.30160343647003174,762,311,96,53
2036,58.36446182619484,1751,2.0,0.3163624405860901,1000,254,53,37
2073,58.36446182619484,1751,2.0,0.5988898873329163,1292,414,91,67
2077,58.36446182619484,1751,2.0,0.2016063928604126,501,394,109,58
1982,58.36446182619484,1751,2.0,0.3226920962333679,937,245,54,29
2080,58.36446182619484,1751,7.0,0.30249449610710144,1166,332,207,177
1920,58.36446182619484,1751,2.0,0.22014755010604858,1455,143,29,24
2106,58.36446182619484,1751,2.0,0.8363850712776184,685,727,205,130
2110,58.36446182619484,1751,2.0,0.30808815360069275,1343,119,52,28
2058,58.36446182619484,1751,2.0,0.31656938791275024,1429,210,38,30
2016,58.39779390033887,1752,2.0,0.4604658782482147,384,519,127,102
2022,58.39779390033887,1752,2.0,0.3608417809009552,1385,251,53,33
2040,58.39779390033887,1752,2.0,0.2957294285297394,754,315,104,53
2036,58.39779390033887,1752,2.0,0.3329819440841675,995,256,53,38
2073,58.39779390033887,1752,2.0,0.5571373701095581,1299,409,95,64
2077,58.39779390033887,1752,2.0,0.4080562889575958,486,399,112,61
1982,58.39779390033887,1752,2.0,0.42756736278533936,932,247,55,29
2080,58.39779390033887,1752,7.0,0.45975443720817566,1171,329,204,175
1920,58.39779390033887,1752,2.0,0.2546919584274292,1455,142,31,23
2106,58.39779390033887,1752,2.0,0.7699795365333557,708,709,196,122
2110,58.39779390033887,1752,2.0,0.31894901394844055,1341,119,50,27
2058,58.39779390033887,1752,2.0,0.3598277270793915,1431,209,39,29
2016,58.431125974482896,1753,2.0,0.49782994389533997,373,528,107,102
2022,58.431125974482896,1753,2.0,0.11098932474851608,1388,249,56,36
2040,58.431125974482896,1753,2.0,0.2846744656562805,745,317,97,52
2036,58.431125974482896,1753,2.0,0.49339476227760315,990,258,53,37
2073,58.431125974482896,1753,2.0,0.6267936825752258,1302,403,87,65
2077,58.431125974482896,1753,2.0,0.4202382266521454,471,404,112,62
1982,58.431125974482896,1753,2.0,0.3888169825077057,927,249,57,29
2080,58.431125974482896,1753,7.0,0.4001263380050659,1177,325,198,169
1920,58.431125974482896,1753,2.0,0.20292744040489197,1456,141,29,22
2106,58.431125974482896,1753,2.0,0.7860145568847656,728,694,188,124
2110,58.431125974482896,1753,2.0,0.36284616589546204,1339,119,47,27
2058,58.431125974482896,1753,2.0,0.24654024839401245,1432,209,39,28
2016,58.46445804862692,1754,2.0,0.5232197642326355,363,533,83,94
2040,58.46445804862692,1754,2.0,0.39820465445518494,732,321,97,53
2036,58.46445804862692,1754,2.0,0.5209327936172485,983,260,55,36
2073,58.46445804862692,1754,2.0,0.6107566356658936,1312,399,87,66
2077,58.46445804862692,1754,2.0,0.4130246341228485,456,410,115,61
1982,58.46445804862692,1754,2.0,0.33917880058288574,921,251,60,31
2080,58.46445804862692,1754,7.0,0.3132525384426117,1183,321,192,167
1920,58.46445804862692,1754,2.0,0.15898749232292175,1457,141,28,21
2106,58.46445804862692,1754,2.0,0.7789772152900696,749,677,181,117
2110,58.46445804862692,1754,2.0,0.324338436126709,1336,121,43,27
2058,58.46445804862692,1754,2.0,0.15622150897979736,1431,207,46,30
2016,58.49779012277096,1755,2.0,0.5245512127876282,353,537,61,81
2040,58.49779012277096,1755,2.0,0.28027862310409546,720,323,102,55
2036,58.49779012277096,1755,2.0,0.38297468423843384,977,262,59,38
2073,58.49779012277096,1755,2.0,0.598362147808075,1315,393,86,66
2077,58.49779012277096,1755,2.0,0.10372509062290192,443,416,116,61
1982,58.49779012277096,1755,2.0,0.43809041380882263,911,253,52,28
2080,58.49779012277096,1755,7.0,0.2860923111438751,1188,316,187,162
1920,58.49779012277096,1755,2.0,0.10417037457227707,1457,140,26,21
2106,58.49779012277096,1755,2.0,0.7526927590370178,768,663,177,112
2110,58.49779012277096,1755,2.0,0.2965296804904938,1336,123,43,26
2058,58.49779012277096,1755,2.0,0.15682032704353333,1422,206,65,31
2040,58.531122196914986,1756,2.0,0.33061787486076355,709,328,102,53
2036,58.531122196914986,1756,2.0,0.28825104236602783,971,264,63,38
2073,58.531122196914986,1756,2.0,0.38420411944389343,1317,387,77,67
2077,58.531122196914986,1756,2.0,0.17842751741409302,432,421,113,60
1982,58.531122196914986,1756,2.0,0.49714547395706177,907,256,59,27
2080,58.531122196914986,1756,7.0,0.24389666318893433,1194,312,184,161
1920,58.531122196914986,1756,2.0,0.1666579246520996,1458,140,27,21
2106,58.531122196914986,1756,2.0,0.6896519064903259,786,649,170,105
2110,58.531122196914986,1756,2.0,0.4177199900150299,1337,122,48,28
2058,58.531122196914986,1756,2.0,0.10166855156421661,1416,204,80,31
2040,58.56445427105901,1757,2.0,0.4145578444004059,698,331,104,55
2036,58.56445427105901,1757,2.0,0.36247849464416504,963,265,60,38
2073,58.56445427105901,1757,2.0,0.4480767548084259,1321,384,76,65
2077,58.56445427105901,1757,2.0,0.37920886278152466,409,427,121,64
1982,58.56445427105901,1757,2.0,0.6110853552818298,903,257,59,30
2080,58.56445427105901,1757,7.0,0.15492995083332062,1199,310,182,161
1920,58.56445427105901,1757,2.0,0.16017647087574005,1459,139,30,20
2106,58.56445427105901,1757,2.0,0.7802560925483704,806,634,168,102
2110,58.56445427105901,1757,2.0,0.41350260376930237,1337,122,49,29
2058,58.56445427105901,1757,2.0,0.1703871786594391,1411,204,93,36
2129,58.56445427105901,1757,2.0,0.7776622176170349,687,953,237,208
2132,58.56445427105901,1757,2.0,0.34467563033103943,1179,163,37,25
2022,58.56445427105901,1757,2.0,0.2714877724647522,1395,242,54,36
2040,58.59778634520304,1758,2.0,0.3065783381462097,689,335,109,58
2036,58.59778634520304,1758,2.0,0.42057427763938904,957,269,60,40
2073,58.59778634520304,1758,2.0,0.4992644786834717,1328,378,80,68
2077,58.59778634520304,1758,2.0,0.48642346262931824,391,434,127,67
1982,58.59778634520304,1758,2.0,0.4700931906700134,896,258,61,31
2080,58.59778634520304,1758,7.0,0.3140004277229309,1204,307,178,157
1920,58.59778634520304,1758,2.0,0.10652332752943039,1460,139,32,20
2106,58.59778634520304,1758,2.0,0.728880763053894,826,623,174,102
2110,58.59778634520304,1758,2.0,0.3017280101776123,1334,122,50,29
2058,58.59778634520304,1758,2.0,0.16856898367404938,1410,204,97,36
2129,58.59778634520304,1758,2.0,0.7798069715499878,712,929,231,205
2132,58.59778634520304,1758,2.0,0.38994938135147095,1177,163,37,27
2022,58.59778634520304,1758,2.0,0.15215645730495453,1397,240,51,36
2040,58.63111841934707,1759,2.0,0.5074262022972107,678,339,118,59
2036,58.63111841934707,1759,2.0,0.5697796940803528,951,271,63,42
2073,58.63111841934707,1759,2.0,0.4175189435482025,1330,374,78,64
2077,58.63111841934707,1759,2.0,0.5324922800064087,377,440,123,67
1982,58.63111841934707,1759,2.0,0.48283058404922485,890,262,62,33
2080,58.63111841934707,1759,7.0,0.29156360030174255,1209,304,175,157
1920,58.63111841934707,1759,2.0,0.12610027194023132,1461,139,32,20
2106,58.63111841934707,1759,2.0,0.6293257474899292,845,612,173,104
2110,58.63111841934707,1759,2.0,0.32096824049949646,1335,124,54,31
2058,58.63111841934707,1759,2.0,0.2183343917131424,1407,203,103,40
2129,58.63111841934707,1759,2.0,0.8265121579170227,743,895,223,187
2132,58.63111841934707,1759,2.0,0.4656577408313751,1177,163,38,29
2022,58.63111841934707,1759,2.0,0.24309416115283966,1398,239,52,36
2040,58.6644504934911,1760,2.0,0.43415528535842896,662,343,114,60
2036,58.6644504934911,1760,2.0,0.30793407559394836,945,273,64,43
2073,58.6644504934911,1760,2.0,0.4715050756931305,1334,370,85,64
2077,58.6644504934911,1760,2.0,0.24803972244262695,367,446,105,67
1982,58.6644504934911,1760,2.0,0.5598501563072205,884,264,65,35
2080,58.6644504934911,1760,7.0,0.2984512448310852,1215,299,171,151
1920,58.6644504934911,1760,2.0,0.11103828251361847,1461,138,33,20
2106,58.6644504934911,1760,2.0,0.6630598902702332,859,601,166,103
2110,58.6644504934911,1760,2.0,0.17926058173179626,1334,124,51,30
2058,58.6644504934911,1760,2.0,0.2098359763622284,1411,206,98,45
2129,58.6644504934911,1760,2.0,0.8025559782981873,772,871,218,184
2132,58.6644504934911,1760,2.0,0.24278777837753296,1175,163,39,29
2022,58.6644504934911,1760,2.0,0.2003294825553894,1399,239,50,36
2138,58.6644504934911,1760,2.0,0.7659676671028137,125,614,115,103
2139,58.6644504934911,1760,2.0,0.3600228428840637,1260,146,34,25
2040,58.69778256763513,1761,2.0,0.34154000878334045,651,347,112,62
2036,58.69778256763513,1761,2.0,0.4646487236022949,939,276,64,43
2073,58.69778256763513,1761,2.0,0.38782748579978943,1341,365,78,61
2077,58.69778256763513,1761,2.0,0.3632645010948181,357,451,86,63
1982,58.69778256763513,1761,2.0,0.5354910492897034,878,267,65,33
2080,58.69778256763513,1761,7.0,0.18346872925758362,1220,297,168,147
1920,58.69778256763513,1761,2.0,0.14984600245952606,1461,138,33,21
2106,58.69778256763513,1761,2.0,0.7233899831771851,870,588,153,99
2058,58.69778256763513,1761,2.0,0.13516616821289062,1410,203,99,41
2129,58.69778256763513,1761,2.0,0.857337474822998,797,845,205,174
2132,58.69778256763513,1761,2.0,0.19031690061092377,1172,165,36,27
2022,58.69778256763513,1761,2.0,0.4307800233364105,1401,237,50,36
2138,58.69778256763513,1761,2.0,0.8140731453895569,111,622,143,115
2139,58.69778256763513,1761,2.0,0.30821993947029114,1259,147,35,25
2040,58.73111464177916,1762,2.0,0.35469889640808105,633,351,110,63
2036,58.73111464177916,1762,2.0,0.4748057723045349,933,278,64,43
1982,58.73111464177916,1762,2.0,0.5715545415878296,871,269,64,32
2080,58.73111464177916,1762,7.0,0.11753878742456436,1224,292,163,143
2106,58.73111464177916,1762,2.0,0.6669900417327881,887,577,154,94
2129,58.73111464177916,1762,2.0,0.7817190289497375,829,820,214,167
2132,58.73111464177916,1762,2.0,0.32521891593933105,1170,165,35,26
2022,58.73111464177916,1762,2.0,0.19526958465576172,1402,235,48,36
2138,58.73111464177916,1762,2.0,0.8291239142417908,95,630,171,130
2139,58.73111464177916,1762,2.0,0.17092019319534302,1256,147,32,25
2040,58.764446715923185,1763,2.0,0.39637207984924316,619,357,115,64
2036,58.764446715923185,1763,2.0,0.5111194252967834,926,280,65,43
1982,58.764446715923185,1763,2.0,0.5541592240333557,866,271,64,32
2080,58.764446715923185,1763,7.0,0.2088695913553238,1229,290,162,140
2106,58.764446715923185,1763,2.0,0.6303903460502625,903,567,150,92
2129,58.764446715923185,1763,2.0,0.8293588161468506,848,799,200,153
2132,58.764446715923185,1763,2.0,0.24840384721755981,1169,166,35,29
2022,58.764446715923185,1763,2.0,0.3601599633693695,1405,231,54,39
2138,58.764446715923185,1763,2.0,0.710211992263794,90,642,180,137
2073,58.764446715923185,1763,2.0,0.27547258138656616,1346,356,76,62
2040,58.79777879006722,1764,2.0,0.3377361595630646,607,362,119,64
2036,58.79777879006722,1764,2.0,0.49958276748657227,918,284,65,42
1982,58.79777879006722,1764,2.0,0.3232060968875885,860,273,66,34
2080,58.79777879006722,1764,7.0,0.15405718982219696,1234,285,160,136
2106,58.79777879006722,1764,2.0,0.716498076915741,914,556,145,89
2129,58.79777879006722,1764,2.0,0.8417887687683105,867,778,185,146
2132,58.79777879006722,1764,2.0,0.37641510367393494,1166,166,38,29
2022,58.79777879006722,1764,2.0,0.31698155403137207,1405,231,51,35
2138,58.79777879006722,1764,2.0,0.691332995891571,79,645,158,125
2149,58.79777879006722,1764,2.0,0.5170891284942627,421,781,118,118
2073,58.79777879006722,1764,2.0,0.4857809841632843,1353,356,76,57
2040,58.83111086421125,1765,2.0,0.3461058437824249,594,365,123,65
2036,58.83111086421125,1765,2.0,0.45320701599121094,910,287,64,42
1982,58.83111086421125,1765,2.0,0.3659694790840149,850,275,65,35
2080,58.83111086421125,1765,7.0,0.16817758977413177,1238,282,157,134
2106,58.83111086421125,1765,2.0,0.68562251329422,926,545,140,87
2129,58.83111086421125,1765,2.0,0.8177443742752075,889,757,180,141
2132,58.83111086421125,1765,2.0,0.38043567538261414,1164,168,38,27
2022,58.83111086421125,1765,2.0,0.3625045120716095,1408,229,51,37
2138,58.83111086421125,1765,2.0,0.7408131957054138,65,651,130,109
2149,58.83111086421125,1765,2.0,0.3560822904109955,434,779,145,140
2073,58.83111086421125,1765,2.0,0.5969619154930115,1355,352,76,57
2040,58.864442938355275,1766,2.0,0.3112117648124695,579,369,122,66
2036,58.864442938355275,1766,2.0,0.45439672470092773,904,290,66,43
1982,58.864442938355275,1766,2.0,0.5344730019569397,844,277,65,33
2080,58.864442938355275,1766,7.0,0.2510610520839691,1242,280,152,133
2106,58.864442938355275,1766,2.0,0.7907099723815918,938,535,132,85
2129,58.864442938355275,1766,2.0,0.8560817241668701,907,739,171,133
2132,58.864442938355275,1766,2.0,0.4365397095680237,1162,169,38,27
2022,58.864442938355275,1766,2.0,0.27054718136787415,1408,228,50,34
2138,58.864442938355275,1766,2.0,0.6065307855606079,47,661,94,96
2149,58.864442938355275,1766,2.0,0.48822978138923645,446,761,177,147
2073,58.864442938355275,1766,2.0,0.5793604254722595,1359,347,75,58
2040,58.8977750124993,1767,2.0,0.5172777771949768,565,375,124,70
2036,58.8977750124993,1767,2.0,0.4545324444770813,896,292,69,46
1982,58.8977750124993,1767,2.0,0.38201063871383667,839,279,68,34
2080,58.8977750124993,1767,7.0,0.245295912027359,1246,277,151,130
2106,58.8977750124993,1767,2.0,0.7693468928337097,954,526,133,81
2129,58.8977750124993,1767,2.0,0.8218303918838501,923,720,162,129
2132,58.8977750124993,1767,2.0,0.3240860104560852,1160,171,36,28
2022,58.8977750124993,1767,2.0,0.1261707991361618,1416,225,62,35
2149,58.8977750124993,1767,2.0,0.8187229037284851,461,741,204,144
2073,58.8977750124993,1767,2.0,0.5897518992424011,1362,343,76,59
2040,58.93110708664333,1768,2.0,0.4460262358188629,551,380,126,72
2036,58.93110708664333,1768,2.0,0.2675359845161438,887,293,69,49
1982,58.93110708664333,1768,2.0,0.45923054218292236,831,281,69,35
2080,58.93110708664333,1768,7.0,0.40855303406715393,1251,275,150,129
2106,58.93110708664333,1768,2.0,0.8049558997154236,964,518,127,80
2129,58.93110708664333,1768,2.0,0.790260910987854,946,702,165,129
2132,58.93110708664333,1768,2.0,0.2412194162607193,1159,172,32,28
2022,58.93110708664333,1768,2.0,0.1447593718767166,1415,225,55,34
2149,58.93110708664333,1768,2.0,0.8582785725593567,485,720,213,139
2073,58.93110708664333,1768,2.0,0.5670443177223206,1366,338,75,61
2040,58.964439160787364,1769,2.0,0.24162262678146362,535,385,125,72
2036,58.964439160787364,1769,2.0,0.28612014651298523,881,295,73,51
1982,58.964439160787364,1769,2.0,0.3655911386013031,824,284,67,37
2080,58.964439160787364,1769,7.0,0.35656264424324036,1255,273,147,129
2106,58.964439160787364,1769,2.0,0.6928060054779053,975,509,123,78
2129,58.964439160787364,1769,2.0,0.8196613788604736,963,686,165,124
2132,58.964439160787364,1769,2.0,0.25498679280281067,1155,173,34,27
2149,58.964439160787364,1769,2.0,0.8508017063140869,512,703,211,139
2073,58.964439160787364,1769,2.0,0.40166646242141724,1369,334,72,61
2040,58.99777123493139,1770,2.0,0.22064848244190216,518,390,127,74
2036,58.99777123493139,1770,2.0,0.17834213376045227,876,297,77,49
1982,58.99777123493139,1770,2.0,0.4405999481678009,816,287,69,37
2080,58.99777123493139,1770,7.0,0.24117964506149292,1259,270,142,128
2106,58.99777123493139,1770,2.0,0.660552442073822,986,498,121,78
2129,58.99777123493139,1770,2.0,0.7943052053451538,978,670,158,118
2149,58.99777123493139,1770,2.0,0.8351380228996277,541,683,204,129
2073,58.99777123493139,1770,2.0,0.38711658120155334,1369,329,66,59
2040,59.03110330907542,1771,2.0,0.17729322612285614,502,396,130,73
2036,59.03110330907542,1771,2.0,0.21462935209274292,866,303,72,48
1982,59.03110330907542,1771,2.0,0.4959636330604553,809,288,71,37
2080,59.03110330907542,1771,7.0,0.3675205111503601,1262,267,142,128
2106,59.03110330907542,1771,2.0,0.71268230676651,997,489,119,76
2129,59.03110330907542,1771,2.0,0.7808615565299988,999,656,165,113
2149,59.03110330907542,1771,2.0,0.8058491945266724,568,669,196,125
2073,59.03110330907542,1771,2.0,0.49360814690589905,1370,327,64,56
2040,59.06443538321945,1772,2.0,0.17991338670253754,487,403,137,75
2036,59.06443538321945,1772,2.0,0.33751824498176575,858,306,72,51
1982,59.06443538321945,1772,2.0,0.4656776785850525,801,291,71,37
2080,59.06443538321945,1772,7.0,0.298885703086853,1265,264,138,128
2106,59.06443538321945,1772,2.0,0.703651487827301,1008,480,116,75
2129,59.06443538321945,1772,2.0,0.837030291557312,1009,642,153,109
2149,59.06443538321945,1772,2.0,0.8110257387161255,595,651,189,120
2073,59.06443538321945,1772,2.0,0.32678818702697754,1373,325,74,53
2132,59.06443538321945,1772,2.0,0.34005916118621826,1144,176,35,26
2040,59.097767457363474,1773,2.0,0.21662533283233643,469,408,138,77
2036,59.097767457363474,1773,2.0,0.20838525891304016,848,309,75,50
1982,59.097767457363474,1773,2.0,0.3419090211391449,793,293,71,38
2080,59.097767457363474,1773,7.0,0.2561470568180084,1269,261,134,126
2106,59.097767457363474,1773,2.0,0.6848112344741821,1018,475,116,72
2129,59.097767457363474,1773,2.0,0.8276408314704895,1022,627,144,103
2149,59.097767457363474,1773,2.0,0.8327246308326721,620,637,183,115
2073,59.097767457363474,1773,2.0,0.46514472365379333,1377,323,74,51
2132,59.097767457363474,1773,2.0,0.3437744677066803,1141,176,36,26
2040,59.13109953150751,1774,2.0,0.23614443838596344,455,413,143,77
2036,59.13109953150751,1774,2.0,0.2062406986951828,839,313,76,48
1982,59.13109953150751,1774,2.0,0.3120642602443695,785,296,72,37
2080,59.13109953150751,1774,7.0,0.2224578708410263,1272,260,133,124
2106,59.13109953150751,1774,2.0,0.737464189529419,1030,470,116,70
2129,59.13109953150751,1774,2.0,0.8135901093482971,1036,615,141,101
2149,59.13109953150751,1774,2.0,0.830169677734375,644,621,175,108
2073,59.13109953150751,1774,2.0,0.5609452128410339,1379,319,74,53
2132,59.13109953150751,1774,2.0,0.2635975480079651,1138,177,39,26
2040,59.16443160565154,1775,2.0,0.1104595810174942,436,420,145,76
2036,59.16443160565154,1775,2.0,0.5201135873794556,830,316,78,49
1982,59.16443160565154,1775,2.0,0.24515947699546814,778,299,73,43
2080,59.16443160565154,1775,7.0,0.2924374043941498,1275,259,129,123
2106,59.16443160565154,1775,2.0,0.5279397368431091,1037,463,112,68
2129,59.16443160565154,1775,2.0,0.8235062956809998,1053,605,147,100
2149,59.16443160565154,1775,2.0,0.779981791973114,667,609,168,109
2073,59.16443160565154,1775,2.0,0.4673953652381897,1383,317,72,52
2132,59.16443160565154,1775,2.0,0.11330287903547287,1135,177,40,26
2022,59.16443160565154,1775,2.0,0.4507777690887451,1422,217,44,29
2040,59.197763679795564,1776,2.0,0.26412808895111084,416,426,145,79
2036,59.197763679795564,1776,2.0,0.7037461400032043,823,319,81,51
1982,59.197763679795564,1776,2.0,0.38193878531455994,769,304,73,37
2080,59.197763679795564,1776,7.0,0.26542800664901733,1279,256,131,120
2106,59.197763679795564,1776,2.0,0.611339807510376,1047,456,116,66
2129,59.197763679795564,1776,2.0,0.8203033208847046,1066,593,148,99
2149,59.197763679795564,1776,2.0,0.8053469061851501,689,595,159,106
2073,59.197763679795564,1776,2.0,0.5010559558868408,1386,314,71,52
2132,59.197763679795564,1776,2.0,0.10585121810436249,1131,178,43,28
2022,59.197763679795564,1776,2.0,0.2774454653263092,1422,216,43,28
2040,59.23109575393959,1777,2.0,0.31005343794822693,400,432,155,83
2036,59.23109575393959,1777,2.0,0.45011505484580994,816,323,83,54
1982,59.23109575393959,1777,2.0,0.5331023931503296,761,307,74,37
2080,59.23109575393959,1777,7.0,0.358227401971817,1282,254,128,119
2106,59.23109575393959,1777,2.0,0.693810760974884,1055,450,110,68
2129,59.23109575393959,1777,2.0,0.8286738395690918,1076,580,140,94
2149,59.23109575393959,1777,2.0,0.7722945809364319,709,583,156,105
2073,59.23109575393959,1777,2.0,0.615806519985199,1388,311,70,50
2022,59.23109575393959,1777,2.0,0.44390127062797546,1423,215,41,28
2036,59.264427828083626,1778,2.0,0.6139194369316101,806,325,84,56
1982,59.264427828083626,1778,2.0,0.3486630916595459,752,309,71,36
2080,59.264427828083626,1778,7.0,0.3127894699573517,1286,251,127,117
2106,59.264427828083626,1778,2.0,0.7146428823471069,1064,443,106,67
2129,59.264427828083626,1778,2.0,0.7688467502593994,1083,569,128,88
2149,59.264427828083626,1778,2.0,0.7407793402671814,730,571,153,98
2073,59.264427828083626,1778,2.0,0.6090526580810547,1391,308,68,49
2036,59.297759902227654,1779,2.0,0.4734513461589813,796,329,80,57
1982,59.297759902227654,1779,2.0,0.4711543321609497,744,312,73,40
2080,59.297759902227654,1779,7.0,0.4225972592830658,1289,248,126,113
2106,59.297759902227654,1779,2.0,0.5734558701515198,1071,435,97,64
2129,59.297759902227654,1779,2.0,0.8202763795852661,1098,558,135,87
2149,59.297759902227654,1779,2.0,0.7808713912963867,749,557,147,92
2073,59.297759902227654,1779,2.0,0.5654480457305908,1393,305,68,47
2040,59.297759902227654,1779,2.0,0.41870594024658203,374,445,123,81
2022,59.297759902227654,1779,2.0,0.25196951627731323,1425,211,41,26
2036,59.33109197637168,1780,2.0,0.2554691731929779,785,332,81,58
1982,59.33109197637168,1780,2.0,0.6509233713150024,735,314,75,43
2080,59.33109197637168,1780,7.0,0.34504082798957825,1293,245,125,109
2106,59.33109197637168,1780,2.0,0.5897608995437622,1077,429,95,63
2129,59.33109197637168,1780,2.0,0.7576499581336975,1108,547,129,86
2149,59.33109197637168,1780,2.0,0.744540810585022,767,544,140,86
2073,59.33109197637168,1780,2.0,0.48612162470817566,1393,303,67,45
2040,59.33109197637168,1780,2.0,0.39794689416885376,364,448,105,68
2022,59.33109197637168,1780,2.0,0.22017636895179749,1426,209,42,27
2036,59.36442405051571,1781,2.0,0.40162110328674316,777,335,88,60
1982,59.36442405051571,1781,2.0,0.5064572095870972,727,317,75,40
2080,59.36442405051571,1781,7.0,0.24839366972446442,1296,244,122,108
2106,59.36442405051571,1781,2.0,0.728255569934845,1085,423,93,60
2129,59.36442405051571,1781,2.0,0.7741609811782837,1118,536,125,85
2149,59.36442405051571,1781,2.0,0.8365090489387512,785,533,138,87
2073,59.36442405051571,1781,2.0,0.34078294038772583,1399,300,61,44
2040,59.36442405051571,1781,2.0,0.5387040376663208,353,449,83,62
2022,59.36442405051571,1781,2.0,0.11305324733257294,1429,207,44,28
2036,59.397756124659736,1782,2.0,0.47301965951919556,767,339,88,59
1982,59.397756124659736,1782,2.0,0.3320326507091522,717,321,77,39
2080,59.397756124659736,1782,7.0,0.2922237515449524,1298,242,121,107
2106,59.397756124659736,1782,2.0,0.7523302435874939,1094,417,95,60
2129,59.397756124659736,1782,2.0,0.761317789554596,1125,527,123,81
2149,59.397756124659736,1782,2.0,0.7133196592330933,804,524,139,86
2073,59.397756124659736,1782,2.0,0.24791061878204346,1402,295,54,47
2040,59.397756124659736,1782,2.0,0.202464759349823,344,452,66,55
2188,59.397756124659736,1782,2.0,0.5826612710952759,1873,606,90,96
2036,59.43108819880377,1783,2.0,0.35794419050216675,755,344,89,59
1982,59.43108819880377,1783,2.0,0.3656648099422455,708,323,80,42
2080,59.43108819880377,1783,7.0,0.25600484013557434,1301,239,120,108
2106,59.43108819880377,1783,2.0,0.540212869644165,1102,412,96,60
2129,59.43108819880377,1783,2.0,0.740831732749939,1134,518,120,77
2149,59.43108819880377,1783,2.0,0.7974491715431213,818,514,131,83
2073,59.43108819880377,1783,2.0,0.28631168603897095,1405,292,57,45
2040,59.43108819880377,1783,2.0,0.18641087412834167,338,459,44,48
2188,59.43108819880377,1783,2.0,0.6488780379295349,1869,599,99,97
2132,59.43108819880377,1783,2.0,0.34566783905029297,1112,187,43,26
2036,59.4644202729478,1784,2.0,0.5789385437965393,744,348,85,59
1982,59.4644202729478,1784,2.0,0.42948123812675476,697,326,81,41
2080,59.4644202729478,1784,7.0,0.362311452627182,1305,236,116,108
2106,59.4644202729478,1784,2.0,0.6459290981292725,1108,406,92,60
2129,59.4644202729478,1784,2.0,0.6720994710922241,1139,508,109,77
2149,59.4644202729478,1784,2.0,0.634250283241272,835,505,130,80
2073,59.4644202729478,1784,2.0,0.2492489218711853,1409,292,62,43
2188,59.4644202729478,1784,2.0,0.5880218744277954,1864,590,109,95
2132,59.4644202729478,1784,2.0,0.38124632835388184,1109,188,40,26
2036,59.497752347091826,1785,2.0,0.5397874116897583,734,351,87,63
1982,59.497752347091826,1785,2.0,0.28068798780441284,689,329,86,44
2080,59.497752347091826,1785,7.0,0.28423285484313965,1307,233,110,107
2106,59.497752347091826,1785,2.0,0.6893995404243469,1115,402,91,62
2129,59.497752347091826,1785,2.0,0.6992975473403931,1152,500,115,76
2149,59.497752347091826,1785,2.0,0.7873082756996155,848,496,126,81
2073,59.497752347091826,1785,2.0,0.3978644013404846,1409,291,62,43
2188,59.497752347091826,1785,2.0,0.7832365036010742,1857,582,123,95
2132,59.497752347091826,1785,2.0,0.3730415105819702,1105,189,39,27
2036,59.53108442123585,1786,2.0,0.5641604065895081,725,356,89,61
1982,59.53108442123585,1786,2.0,0.2143772691488266,679,332,86,44
2080,59.53108442123585,1786,7.0,0.2460806518793106,1310,230,111,102
2106,59.53108442123585,1786,2.0,0.6436389088630676,1122,396,89,59
2129,59.53108442123585,1786,2.0,0.7623112797737122,1160,493,115,74
2149,59.53108442123585,1786,2.0,0.7531566619873047,865,488,126,81
2073,59.53108442123585,1786,2.0,0.4615257978439331,1410,288,63,42
2188,59.53108442123585,1786,2.0,0.7281440496444702,1852,574,134,96
2132,59.53108442123585,1786,2.0,0.20832565426826477,1104,189,39,29
2036,59.56441649537988,1787,2.0,0.40229740738868713,713,360,94,63
1982,59.56441649537988,1787,2.0,0.3961580693721771,670,335,85,46
2080,59.56441649537988,1787,7.0,0.29230621457099915,1313,229,109,100
2106,59.56441649537988,1787,2.0,0.7769822478294373,1129,391,87,58
2129,59.56441649537988,1787,2.0,0.6804723739624023,1166,484,113,75
2149,59.56441649537988,1787,2.0,0.687720775604248,877,480,121,79
2073,59.56441649537988,1787,2.0,0.43462488055229187,1412,285,63,41
2188,59.56441649537988,1787,2.0,0.7222282886505127,1844,565,139,97
2036,59.597748569523915,1788,2.0,0.37134721875190735,702,365,94,64
1982,59.597748569523915,1788,2.0,0.3989361822605133,658,339,80,45
2080,59.597748569523915,1788,7.0,0.27915841341018677,1315,228,106,101
2106,59.597748569523915,1788,2.0,0.6380242705345154,1136,387,87,57
2129,59.597748569523915,1788,2.0,0.7117571830749512,1176,476,111,72
2149,59.597748569523915,1788,2.0,0.6131691932678223,892,470,122,78
2073,59.597748569523915,1788,2.0,0.48535168170928955,1413,282,61,41
2188,59.597748569523915,1788,2.0,0.6679369211196899,1839,554,150,91
2036,59.63108064366794,1789,2.0,0.6349163055419922,688,369,94,64
1982,59.63108064366794,1789,2.0,0.17892098426818848,650,341,86,47
2080,59.63108064366794,1789,7.0,0.3302009701728821,1318,228,106,102
2106,59.63108064366794,1789,2.0,0.5677875280380249,1139,382,85,58
2129,59.63108064366794,1789,2.0,0.7684547901153564,1185,469,110,69
2149,59.63108064366794,1789,2.0,0.7095207571983337,904,463,119,73
2073,59.63108064366794,1789,2.0,0.4569557011127472,1416,279,65,40
2188,59.63108064366794,1789,2.0,0.5852118134498596,1825,544,143,88
2204,59.63108064366794,1789,2.0,0.36269429326057434,1286,141,32,29
2036,59.66441271781197,1790,2.0,0.589590847492218,676,374,96,67
1982,59.66441271781197,1790,2.0,0.11601478606462479,641,345,88,49
2080,59.66441271781197,1790,7.0,0.42027726769447327,1321,226,106,101
2106,59.66441271781197,1790,2.0,0.7914270162582397,1147,378,86,57
2129,59.66441271781197,1790,2.0,0.6424188613891602,1190,461,104,67
2149,59.66441271781197,1790,2.0,0.7196957468986511,915,455,111,70
2073,59.66441271781197,1790,2.0,0.5831542015075684,1417,278,66,38
2188,59.66441271781197,1790,2.0,0.6953028440475464,1810,535,132,85
2204,59.66441271781197,1790,2.0,0.42214375734329224,1285,142,34,31
2207,59.66441271781197,1790,2.0,0.6038152575492859,85,539,164,105
2132,59.66441271781197,1790,2.0,0.2647927701473236,1089,194,42,29
2036,59.697744791956,1791,2.0,0.6229860782623291,661,377,100,69
1982,59.697744791956,1791,2.0,0.3638594150543213,626,350,85,46
2080,59.697744791956,1791,7.0,0.3992525041103363,1323,226,102,98
2106,59.697744791956,1791,2.0,0.814833402633667,1154,374,82,55
2129,59.697744791956,1791,2.0,0.5197186470031738,1191,453,92,68
2149,59.697744791956,1791,2.0,0.7816925048828125,927,447,107,72
2073,59.697744791956,1791,2.0,0.5485925078392029,1422,277,60,39
2188,59.697744791956,1791,2.0,0.7518923282623291,1801,527,132,82
2204,59.697744791956,1791,2.0,0.3080745339393616,1283,143,33,32
2207,59.697744791956,1791,2.0,0.4623481333255768,84,546,166,104
2132,59.697744791956,1791,2.0,0.2592431902885437,1085,196,40,28
2036,59.73107686610003,1792,2.0,0.6915561556816101,651,382,102,69
1982,59.73107686610003,1792,2.0,0.3161473572254181,617,353,89,49
2080,59.73107686610003,1792,7.0,0.5067527890205383,1326,225,102,98
2106,59.73107686610003,1792,2.0,0.7229573726654053,1160,369,83,55
2129,59.73107686610003,1792,2.0,0.6264533996582031,1203,447,95,66
2149,59.73107686610003,1792,2.0,0.7423436641693115,943,441,110,70
2073,59.73107686610003,1792,2.0,0.6163505911827087,1425,275,62,37
2188,59.73107686610003,1792,2.0,0.7762019038200378,1788,518,121,80
2204,59.73107686610003,1792,2.0,0.3581458330154419,1282,143,32,34
2132,59.73107686610003,1792,2.0,0.17840711772441864,1083,197,40,29
2036,59.76440894024406,1793,2.0,0.356599360704422,636,387,100,70
1982,59.76440894024406,1793,2.0,0.3487107455730438,605,360,89,44
2080,59.76440894024406,1793,7.0,0.6532288789749146,1328,224,101,96
2106,59.76440894024406,1793,2.0,0.6677702069282532,1163,365,81,52
2129,59.76440894024406,1793,2.0,0.7139335870742798,1209,440,96,66
2149,59.76440894024406,1793,2.0,0.6930840015411377,952,433,103,69
2073,59.76440894024406,1793,2.0,0.6391245126724243,1427,271,57,40
2188,59.76440894024406,1793,2.0,0.6809596419334412,1777,511,117,79
2204,59.76440894024406,1793,2.0,0.40778473019599915,1281,144,33,36
2132,59.76440894024406,1793,2.0,0.18221183121204376,1080,199,42,27
2036,59.79774101438809,1794,2.0,0.32772064208984375,625,390,104,73
2080,59.79774101438809,1794,7.0,0.45086702704429626,1330,222,100,92
2106,59.79774101438809,1794,2.0,0.6707906723022461,1170,361,81,50
2129,59.79774101438809,1794,2.0,0.7178980708122253,1215,433,92,64
2149,59.79774101438809,1794,2.0,0.7943757772445679,968,427,111,69
2073,59.79774101438809,1794,2.0,0.6141906380653381,1428,269,55,42
2188,59.79774101438809,1794,2.0,0.694985568523407,1768,503,116,74
2204,59.79774101438809,1794,2.0,0.40459176898002625,1280,147,34,36
2132,59.79774101438809,1794,2.0,0.31084001064300537,1077,200,44,26
2220,59.79774101438809,1794,2.0,0.5957711338996887,588,973,285,203
2207,59.79774101438809,1794,2.0,0.5297421216964722,48,557,96,73
2036,59.831073088532115,1795,2.0,0.38688379526138306,613,397,105,73
2080,59.831073088532115,1795,7.0,0.23242990672588348,1333,219,98,91
2106,59.831073088532115,1795,2.0,0.7027037739753723,1177,357,81,49
2129,59.831073088532115,1795,2.0,0.754321277141571,1222,427,93,66
2149,59.831073088532115,1795,2.0,0.660287082195282,977,421,104,67
2073,59.831073088532115,1795,2.0,0.6577943563461304,1428,267,52,43
2188,59.831073088532115,1795,2.0,0.7147349715232849,1757,495,111,73
2204,59.831073088532115,1795,2.0,0.45054560899734497,1277,146,32,35
2132,59.831073088532115,1795,2.0,0.2512834668159485,1071,201,43,26
2220,59.831073088532115,1795,2.0,0.6809269189834595,616,949,264,201
2225,59.831073088532115,1795,2.0,0.4944365322589874,1184,175,41,27
1982,59.831073088532115,1795,2.0,0.36345160007476807,585,365,99,55
2036,59.86440516267614,1796,2.0,0.4285815954208374,599,403,109,70
2080,59.86440516267614,1796,7.0,0.48858842253685,1335,218,95,92
2106,59.86440516267614,1796,2.0,0.6251834034919739,1181,353,79,48
2129,59.86440516267614,1796,2.0,0.7139721512794495,1228,422,92,65
2149,59.86440516267614,1796,2.0,0.468783974647522,986,414,105,64
2073,59.86440516267614,1796,2.0,0.5224965214729309,1429,264,51,41
2188,59.86440516267614,1796,2.0,0.5597079396247864,1751,489,114,71
2204,59.86440516267614,1796,2.0,0.45484834909439087,1276,146,33,36
2132,59.86440516267614,1796,2.0,0.17305825650691986,1067,202,42,27
2220,59.86440516267614,1796,2.0,0.7654523253440857,648,926,247,206
2225,59.86440516267614,1796,2.0,0.3234472870826721,1182,176,40,28
2230,59.86440516267614,1796,2.0,0.6201679110527039,475,745,229,179
1982,59.86440516267614,1796,2.0,0.3782334327697754,574,367,100,55
2036,59.89773723682018,1797,2.0,0.5710783004760742,584,409,113,73
2080,59.89773723682018,1797,7.0,0.19977089762687683,1338,216,95,91
2106,59.89773723682018,1797,2.0,0.5608596801757812,1186,350,77,47
2129,59.89773723682018,1797,2.0,0.7391229271888733,1234,417,92,62
2149,59.89773723682018,1797,2.0,0.7106069326400757,995,409,101,66
2073,59.89773723682018,1797,2.0,0.5504289865493774,1430,262,51,39
2188,59.89773723682018,1797,2.0,0.6990570425987244,1740,482,106,70
2204,59.89773723682018,1797,2.0,0.32575300335884094,1274,148,32,35
2132,59.89773723682018,1797,2.0,0.12743867933750153,1064,203,43,29
2220,59.89773723682018,1797,2.0,0.3771355450153351,679,891,237,181
2225,59.89773723682018,1797,2.0,0.3247714042663574,1179,177,41,28
2230,59.89773723682018,1797,2.0,0.7901156544685364,488,726,249,175
1982,59.89773723682018,1797,2.0,0.3522970974445343,562,373,102,58
2036,59.931069310964205,1798,2.0,0.5082623362541199,568,414,105,74
2080,59.931069310964205,1798,7.0,0.2444174438714981,1339,214,93,91
2106,59.931069310964205,1798,2.0,0.7289870381355286,1191,345,73,48
2129,59.931069310964205,1798,2.0,0.7117758989334106,1240,409,93,64
2149,59.931069310964205,1798,2.0,0.6659198999404907,1006,402,104,65
2073,59.931069310964205,1798,2.0,0.5153438448905945,1434,260,53,35
2188,59.931069310964205,1798,2.0,0.5970975160598755,1737,477,112,73
2204,59.931069310964205,1798,2.0,0.32656624913215637,1271,147,33,36
2132,59.931069310964205,1798,2.0,0.1476515382528305,1060,204,43,29
2220,59.931069310964205,1798,2.0,0.7336426973342896,709,872,225,189
2225,59.931069310964205,1798,2.0,0.42951348423957825,1176,177,43,29
2230,59.931069310964205,1798,2.0,0.6451751589775085,515,705,245,164
1982,59.931069310964205,1798,2.0,0.3600713908672333,554,377,113,59
2036,59.96440138510823,1799,2.0,0.19096937775611877,552,417,111,80
2080,59.96440138510823,1799,7.0,0.34546855092048645,1342,214,91,93
2106,59.96440138510823,1799,2.0,0.7110450267791748,1196,342,71,48
2129,59.96440138510823,1799,2.0,0.7055578231811523,1246,404,89,65
2149,59.96440138510823,1799,2.0,0.7130504846572876,1015,397,101,64
2073,59.96440138510823,1799,2.0,0.5697324872016907,1436,259,56,35
2188,59.96440138510823,1799,2.0,0.6515147089958191,1728,471,112,72
2204,59.96440138510823,1799,2.0,0.3293531537055969,1269,148,34,35
2220,59.96440138510823,1799,2.0,0.8181504011154175,737,847,217,181
2225,59.96440138510823,1799,2.0,0.10593310743570328,1172,178,38,31
2230,59.96440138510823,1799,2.0,0.7114839553833008,545,688,236,157
1982,59.96440138510823,1799,2.0,0.11671385914087296,540,384,110,53
2036,59.99773345925226,1800,2.0,0.38013899326324463,537,425,111,78
2080,59.99773345925226,1800,7.0,0.40769997239112854,1345,212,92,93
2106,59.99773345925226,1800,2.0,0.5675296187400818,1201,338,71,48
2129,59.99773345925226,1800,2.0,0.7452889084815979,1249,399,84,61
2149,59.99773345925226,1800,2.0,0.6538715362548828,1023,390,98,62
2073,59.99773345925226,1800,2.0,0.5195303559303284,1438,257,55,33
2188,59.99773345925226,1800,2.0,0.6611911058425903,1718,463,105,68
2204,59.99773345925226,1800,2.0,0.2256128340959549,1267,148,34,35
2220,59.99773345925226,1800,2.0,0.6127320528030396,777,827,240,178
2225,59.99773345925226,1800,2.0,0.35076987743377686,1169,178,40,32
2230,59.99773345925226,1800,2.0,0.8192542195320129,574,672,225,157
1982,59.99773345925226,1800,2.0,0.18736982345581055,529,386,118,58
