id,time,frame_num,class,conf,x,y,w,h
1,0.0,0,2.0,0.33139902353286743,1643,482,56,31
2,0.0,0,9.0,0.2806708514690399,532,158,43,76
1,0.03333371605292642,1,2.0,0.33139902353286743,1643,482,56,31
2,0.03333371605292642,1,9.0,0.2806708514690399,532,158,43,76
2,0.06666743210585284,2,9.0,0.3074522316455841,531,157,40,75
2,0.10000114815877925,3,9.0,0.2971045672893524,531,157,39,75
2,0.13333486421170568,4,9.0,0.3136841356754303,529,157,38,73
2,0.16666858026463208,5,9.0,0.28005513548851013,529,156,39,72
2,0.2000022963175585,6,9.0,0.2253447026014328,529,157,37,72
2,0.23333601237048493,7,9.0,0.17817072570323944,528,157,38,72
2,0.26666972842341136,8,9.0,0.13360793888568878,527,156,38,71
2,0.30000344447633776,9,9.0,0.12951064109802246,525,155,38,69
2,0.33333716052926415,10,9.0,0.13021627068519592,524,154,36,69
2,0.3666708765821906,11,9.0,0.15527251362800598,523,152,35,66
2,0.400004592635117,12,9.0,0.1802041381597519,522,152,34,65
2,0.4333383086880434,13,9.0,0.14643019437789917,522,152,36,67
2,0.46667202474096986,14,9.0,0.13438527286052704,519,150,41,69
2,0.5000057407938963,15,9.0,0.12731295824050903,519,150,41,68
2,0.5333394568468227,16,9.0,0.18557459115982056,517,151,42,70
2,0.5666731728997491,17,9.0,0.14910218119621277,515,149,44,69
2,0.6000068889526755,18,9.0,0.14510339498519897,513,147,46,70
2,0.633340605005602,19,9.0,0.11146995425224304,513,146,45,68
2,0.6666743210585283,20,9.0,0.10405317693948746,512,146,44,67
2,0.7000080371114548,21,9.0,0.10590051114559174,511,144,43,68
2,0.7333417531643812,22,9.0,0.11422941833734512,511,145,41,67
2,0.7666754692173076,23,9.0,0.218204528093338,512,145,38,64
2,0.800009185270234,24,9.0,0.13248933851718903,512,143,37,64
2,0.8333429013231605,25,9.0,0.11531488597393036,513,139,34,59
65,0.8666766173760868,26,2.0,0.45667240023612976,1658,589,165,88
65,0.9000103334290133,27,2.0,0.437868595123291,1641,583,166,95
65,0.9333440494819397,28,2.0,0.48768338561058044,1620,581,162,94
65,0.9666777655348661,29,2.0,0.4178360104560852,1604,575,158,99
65,1.0000114815877925,30,2.0,0.38927602767944336,1585,569,150,89
65,1.0333451976407189,31,2.0,0.36059391498565674,1569,568,154,94
65,1.0666789136936454,32,2.0,0.3277042508125305,1552,552,148,86
65,1.1000126297465718,33,2.0,0.32554125785827637,1535,545,148,81
76,1.1000126297465718,33,9.0,0.42046597599983215,686,216,41,78
65,1.1333463457994981,34,2.0,0.3730098009109497,1520,537,144,75
76,1.1333463457994981,34,9.0,0.46817296743392944,684,216,40,79
65,1.1666800618524247,35,2.0,0.2287653535604477,1506,533,141,63
76,1.1666800618524247,35,9.0,0.4937170445919037,682,214,36,75
65,1.200013777905351,36,2.0,0.413115918636322,1490,526,140,61
76,1.200013777905351,36,9.0,0.4511503279209137,680,212,35,74
65,1.2333474939582774,37,2.0,0.44986724853515625,1477,522,138,58
76,1.2333474939582774,37,9.0,0.4388084411621094,676,212,38,75
65,1.266681210011204,38,2.0,0.372955858707428,1461,516,137,58
76,1.266681210011204,38,9.0,0.3731289207935333,673,215,40,81
65,1.3000149260641303,39,2.0,0.3804725110530853,1447,510,132,57
76,1.3000149260641303,39,9.0,0.32826733589172363,671,215,40,81
65,1.3333486421170566,40,2.0,0.35174283385276794,1435,505,136,54
76,1.3333486421170566,40,9.0,0.22993046045303345,667,213,42,82
65,1.3666823581699832,41,2.0,0.2975195646286011,1420,503,133,53
76,1.3666823581699832,41,9.0,0.22166873514652252,665,212,44,81
65,1.4000160742229095,42,2.0,0.11793822050094604,1408,497,131,51
76,1.4000160742229095,42,9.0,0.24657799303531647,663,211,45,81
65,1.4333497902758359,43,2.0,0.13599124550819397,1392,491,133,48
76,1.4333497902758359,43,9.0,0.2911587655544281,661,209,44,81
65,1.4666835063287624,44,2.0,0.3065161108970642,1377,482,133,57
76,1.4666835063287624,44,9.0,0.2787799537181854,659,207,42,78
65,1.5000172223816888,45,2.0,0.4448718726634979,1364,475,131,62
76,1.5000172223816888,45,9.0,0.2627195417881012,657,206,39,76
65,1.5333509384346151,46,2.0,0.35461506247520447,1354,474,128,53
76,1.5333509384346151,46,9.0,0.1534641534090042,654,205,39,75
65,1.5666846544875417,47,2.0,0.18291176855564117,1351,472,107,43
76,1.5666846544875417,47,9.0,0.1425204575061798,651,203,38,70
65,1.600018370540468,48,2.0,0.22306567430496216,1332,467,123,51
76,1.600018370540468,48,9.0,0.14717581868171692,649,202,39,70
65,1.6333520865933944,49,2.0,0.30966493487358093,1320,460,129,58
76,1.6333520865933944,49,9.0,0.22940032184123993,646,201,41,68
65,1.666685802646321,50,2.0,0.37344124913215637,1307,455,126,59
76,1.666685802646321,50,9.0,0.25674042105674744,643,200,39,66
65,1.7000195186992473,51,2.0,0.45677652955055237,1297,455,125,59
76,1.7000195186992473,51,9.0,0.3032701313495636,641,198,39,65
65,1.7333532347521736,52,2.0,0.3625560700893402,1286,454,123,60
76,1.7333532347521736,52,9.0,0.331702321767807,639,198,40,67
65,1.7666869508051002,53,2.0,0.13299866020679474,1278,452,127,63
76,1.7666869508051002,53,9.0,0.2655252516269684,636,198,39,65
76,1.8000206668580265,54,9.0,0.2610975503921509,635,199,39,68
76,1.8333543829109529,55,9.0,0.3700791001319885,633,198,36,67
76,1.8666880989638794,56,9.0,0.28676632046699524,632,198,36,69
76,1.9000218150168058,57,9.0,0.24789194762706757,630,198,37,68
76,1.9333555310697321,58,9.0,0.2790674567222595,628,196,37,67
94,1.9333555310697321,58,2.0,0.509830892086029,1255,432,62,23
76,1.9666892471226587,59,9.0,0.2556556761264801,625,195,37,66
76,2.000022963175585,60,9.0,0.17494207620620728,624,195,37,64
76,2.0333566792285116,61,9.0,0.22818656265735626,621,193,36,65
76,2.0666903952814377,62,9.0,0.27055925130844116,619,192,35,66
76,2.1000241113343643,63,9.0,0.2176767736673355,617,191,36,64
76,2.133357827387291,64,9.0,0.24463607370853424,615,190,37,66
76,2.166691543440217,65,9.0,0.21220573782920837,613,189,37,68
76,2.2000252594931435,66,9.0,0.27298933267593384,612,189,36,69
76,2.23335897554607,67,9.0,0.269951194524765,611,189,35,70
76,2.2666926915989962,68,9.0,0.23768943548202515,609,189,35,72
76,2.300026407651923,69,9.0,0.25502681732177734,608,188,35,74
76,2.3333601237048494,70,9.0,0.23907147347927094,606,187,35,73
76,2.3666938397577755,71,9.0,0.31207019090652466,604,187,36,73
76,2.400027555810702,72,9.0,0.30039873719215393,602,187,37,73
76,2.4333612718636286,73,9.0,0.259804904460907,600,188,37,74
76,2.4666949879165547,74,9.0,0.2758273482322693,598,187,38,73
76,2.5000287039694813,75,9.0,0.3573208749294281,596,185,36,71
118,2.5000287039694813,75,2.0,0.33219993114471436,548,333,62,104
76,2.533362420022408,76,9.0,0.2481163740158081,595,185,37,71
118,2.533362420022408,76,2.0,0.13528768718242645,551,333,64,104
119,2.533362420022408,76,2.0,0.413418173789978,1062,367,95,39
76,2.566696136075334,77,9.0,0.2668241858482361,594,185,36,72
119,2.566696136075334,77,2.0,0.30196958780288696,1057,367,93,37
76,2.6000298521282605,78,9.0,0.3984588086605072,592,185,37,73
119,2.6000298521282605,78,2.0,0.41561949253082275,1054,363,83,33
76,2.633363568181187,79,9.0,0.3830290138721466,590,185,37,73
119,2.633363568181187,79,2.0,0.2862652838230133,1049,359,72,28
76,2.6666972842341132,80,9.0,0.36010175943374634,588,185,36,73
119,2.6666972842341132,80,2.0,0.3005905747413635,1048,355,58,29
76,2.70003100028704,81,9.0,0.33820945024490356,586,184,36,72
119,2.70003100028704,81,2.0,0.201241135597229,1044,352,51,27
76,2.7333647163399664,82,9.0,0.36305543780326843,585,183,35,70
119,2.7333647163399664,82,2.0,0.20089644193649292,1033,350,51,27
76,2.7666984323928925,83,9.0,0.4334898293018341,583,182,34,70
119,2.7666984323928925,83,2.0,0.3935725688934326,1024,346,57,30
76,2.800032148445819,84,9.0,0.4290560185909271,583,182,34,70
119,2.800032148445819,84,2.0,0.41941478848457336,1011,343,71,30
76,2.8333658644987456,85,9.0,0.31909942626953125,582,180,34,69
119,2.8333658644987456,85,2.0,0.4444185495376587,999,341,80,34
76,2.8666995805516717,86,9.0,0.36808642745018005,580,179,33,69
119,2.8666995805516717,86,2.0,0.5249115228652954,994,339,74,31
76,2.9000332966045983,87,9.0,0.28788629174232483,579,178,33,71
119,2.9000332966045983,87,2.0,0.4255201518535614,993,337,61,26
76,2.933367012657525,88,9.0,0.3810400664806366,578,177,31,69
119,2.933367012657525,88,2.0,0.4681798219680786,988,334,57,24
76,2.966700728710451,89,9.0,0.23151205480098724,577,177,32,69
119,2.966700728710451,89,2.0,0.3611609637737274,986,333,50,25
76,3.0000344447633776,90,9.0,0.1466226875782013,574,176,32,69
119,3.0000344447633776,90,2.0,0.21589800715446472,979,331,47,26
76,3.033368160816304,91,9.0,0.22880254685878754,573,176,32,66
119,3.033368160816304,91,2.0,0.3868788182735443,973,329,46,26
76,3.0667018768692302,92,9.0,0.2733873724937439,571,175,33,66
119,3.0667018768692302,92,2.0,0.43389853835105896,968,327,44,27
76,3.100035592922157,93,9.0,0.23817050457000732,570,174,35,65
119,3.100035592922157,93,2.0,0.11862387508153915,966,325,42,30
76,3.1333693089750834,94,9.0,0.2630985975265503,569,172,37,63
119,3.1333693089750834,94,2.0,0.17006860673427582,955,321,46,29
76,3.1667030250280095,95,9.0,0.2968702018260956,567,171,37,62
76,3.200036741080936,96,9.0,0.3020264506340027,566,171,37,63
76,3.2333704571338626,97,9.0,0.2752934992313385,564,170,36,64
119,3.2333704571338626,97,2.0,0.4255935847759247,929,313,63,25
76,3.2667041731867887,98,9.0,0.208746075630188,562,169,35,63
119,3.2667041731867887,98,2.0,0.3493064045906067,919,312,55,23
76,3.3000378892397153,99,9.0,0.2436765432357788,561,170,34,63
119,3.3000378892397153,99,2.0,0.5696941614151001,917,309,51,23
76,3.333371605292642,100,9.0,0.2234877645969391,561,170,34,63
76,3.366705321345568,101,9.0,0.14009158313274384,559,169,33,63
76,3.4000390373984946,102,9.0,0.21901775896549225,558,169,33,63
76,3.433372753451421,103,9.0,0.21379652619361877,557,168,33,62
76,3.4667064695043472,104,9.0,0.20356090366840363,555,168,33,63
76,3.500040185557274,105,9.0,0.18927380442619324,554,168,32,64
76,3.5333739016102004,106,9.0,0.22631773352622986,554,168,33,67
76,3.5667076176631265,107,9.0,0.28224295377731323,552,167,34,71
181,3.600041333716053,108,2.0,0.45897403359413147,1754,526,156,64
181,3.6333750497689796,109,2.0,0.17471562325954437,1741,524,154,63
181,3.6667087658219057,110,2.0,0.11517525464296341,1725,518,143,59
181,3.7000424818748323,111,2.0,0.15530328452587128,1723,509,108,52
181,3.733376197927759,112,2.0,0.2209472805261612,1722,508,78,48
181,3.766709913980685,113,2.0,0.1527446061372757,1701,502,79,45
181,3.8000436300336116,114,2.0,0.23435275256633759,1698,499,62,41
181,3.833377346086538,115,2.0,0.13712111115455627,1684,495,52,37
181,3.8667110621394643,116,2.0,0.23029333353042603,1670,491,48,34
181,3.900044778192391,117,2.0,0.10405224561691284,1654,487,50,37
181,3.9333784942453174,118,2.0,0.20196764171123505,1640,483,49,33
193,3.9333784942453174,118,9.0,0.3432561457157135,55,267,45,61
181,3.9667122102982435,119,2.0,0.24128174781799316,1624,478,46,34
193,3.9667122102982435,119,9.0,0.344965398311615,55,265,46,61
193,4.00004592635117,120,9.0,0.3665089011192322,55,263,47,60
193,4.033379642404096,121,9.0,0.3602384626865387,55,262,48,60
193,4.066713358457023,122,9.0,0.3543154299259186,55,261,47,59
193,4.100047074509949,123,9.0,0.39020010828971863,55,261,47,60
193,4.133380790562875,124,9.0,0.3690543472766876,56,261,47,61
193,4.1667145066158024,125,9.0,0.4052076041698456,57,260,46,62
193,4.200048222668729,126,9.0,0.4063262939453125,57,260,45,61
193,4.233381938721655,127,9.0,0.38267165422439575,57,258,45,59
193,4.266715654774582,128,9.0,0.33856773376464844,57,257,44,58
193,4.300049370827508,129,9.0,0.39560359716415405,57,257,44,59
193,4.333383086880434,130,9.0,0.32199254631996155,58,256,43,58
193,4.366716802933361,131,9.0,0.23247671127319336,58,256,42,58
193,4.400050518986287,132,9.0,0.20670805871486664,58,255,43,58
193,4.433384235039213,133,9.0,0.2877592146396637,59,255,40,59
193,4.46671795109214,134,9.0,0.2464180290699005,59,254,38,56
193,4.500051667145066,135,9.0,0.18454711139202118,59,254,38,57
193,4.5333853831979924,136,9.0,0.16457362473011017,59,253,38,58
193,4.5667190992509195,137,9.0,0.19810159504413605,60,251,38,56
193,4.600052815303846,138,9.0,0.214634969830513,60,250,38,55
193,4.633386531356772,139,9.0,0.22032524645328522,60,249,38,55
193,4.666720247409699,140,9.0,0.19212988018989563,59,248,38,54
193,4.700053963462625,141,9.0,0.19713349640369415,60,247,37,53
193,4.733387679515551,142,9.0,0.18726050853729248,60,246,36,51
193,4.766721395568478,143,9.0,0.24673780798912048,60,244,36,52
193,4.800055111621404,144,9.0,0.2640810012817383,61,243,36,53
193,4.83338882767433,145,9.0,0.24371658265590668,61,242,36,53
193,4.866722543727257,146,9.0,0.2442844808101654,61,242,36,52
193,4.900056259780183,147,9.0,0.2746531367301941,61,241,36,52
193,4.9333899758331095,148,9.0,0.23388898372650146,62,240,36,51
193,4.9667236918860365,149,9.0,0.24170903861522675,62,239,36,51
193,5.000057407938963,150,9.0,0.23158198595046997,62,240,37,51
193,5.033391123991889,151,9.0,0.18550556898117065,63,239,36,50
193,5.066724840044816,152,9.0,0.219229593873024,63,239,36,50
193,5.100058556097742,153,9.0,0.24857692420482635,63,238,35,49
193,5.133392272150668,154,9.0,0.23290033638477325,64,237,35,50
193,5.166725988203595,155,9.0,0.18889667093753815,64,237,35,51
193,5.200059704256521,156,9.0,0.1984884887933731,64,236,34,51
193,5.233393420309447,157,9.0,0.2471068650484085,64,235,34,50
193,5.266727136362374,158,9.0,0.1586878001689911,64,234,33,50
193,5.3000608524153,159,9.0,0.12407395243644714,65,233,32,49
254,5.3333945684682265,160,2.0,0.5761675238609314,1769,539,162,63
254,5.3667282845211535,161,2.0,0.558951735496521,1752,534,158,62
254,5.40006200057408,162,2.0,0.2358229160308838,1733,528,158,64
254,5.433395716627006,163,2.0,0.37016668915748596,1712,521,150,64
254,5.466729432679933,164,2.0,0.2892175614833832,1696,515,152,64
254,5.500063148732859,165,2.0,0.1469358503818512,1682,509,150,61
267,5.500063148732859,165,9.0,0.36982548236846924,781,239,43,64
254,5.533396864785785,166,2.0,0.27164098620414734,1661,504,143,61
267,5.533396864785785,166,9.0,0.27177685499191284,779,240,47,69
254,5.566730580838712,167,2.0,0.15243545174598694,1645,499,137,61
267,5.566730580838712,167,9.0,0.17587094008922577,776,239,50,69
254,5.600064296891638,168,2.0,0.2938196361064911,1630,493,135,59
267,5.600064296891638,168,9.0,0.15226562321186066,773,236,50,64
254,5.633398012944564,169,2.0,0.1168794333934784,1616,488,131,54
254,5.666731728997491,170,2.0,0.4693268835544586,1570,472,127,54
254,5.700065445050417,171,2.0,0.348501980304718,1556,469,134,57
254,5.7333991611033435,172,2.0,0.28488674759864807,1544,464,126,55
254,5.7667328771562705,173,2.0,0.2205664962530136,1531,460,120,52
254,5.800066593209197,174,2.0,0.28007784485816956,1517,455,120,53
254,5.833400309262123,175,2.0,0.303659588098526,1501,451,121,53
254,5.86673402531505,176,2.0,0.4467935562133789,1491,446,120,52
291,5.86673402531505,176,2.0,0.39967045187950134,1132,623,188,108
254,5.900067741367976,177,2.0,0.5663509368896484,1474,441,124,53
291,5.900067741367976,177,2.0,0.22234195470809937,1140,625,170,91
254,5.933401457420902,178,2.0,0.4887046813964844,1465,437,112,48
254,5.966735173473829,179,2.0,0.3742181062698364,1451,434,114,47
254,6.000068889526755,180,2.0,0.40535768866539,1441,430,103,46
254,6.033402605579681,181,2.0,0.4193655550479889,1427,427,107,46
254,6.066736321632608,182,2.0,0.3559744954109192,1417,421,98,45
254,6.100070037685534,183,2.0,0.2642591595649719,1404,417,100,45
254,6.1334037537384605,184,2.0,0.39196041226387024,1390,413,106,46
304,6.1334037537384605,184,2.0,0.45464858412742615,1304,724,226,139
254,6.1667374697913875,185,2.0,0.3151698410511017,1382,409,99,41
304,6.1667374697913875,185,2.0,0.12422587722539902,1307,720,191,107
254,6.200071185844314,186,2.0,0.21233361959457397,1371,406,97,40
311,6.23340490189724,187,2.0,0.5321881771087646,1385,770,249,147
254,6.266738617950167,188,2.0,0.35310593247413635,1323,391,98,43
343,6.300072334003093,189,9.0,0.41466596722602844,756,227,39,64
343,6.333406050056019,190,9.0,0.4159241318702698,753,225,34,57
343,6.366739766108946,191,9.0,0.31525588035583496,748,223,35,56
343,6.400073482161872,192,9.0,0.3566496968269348,744,223,38,56
343,6.433407198214798,193,9.0,0.2937850058078766,742,222,38,59
343,6.466740914267725,194,9.0,0.2635301649570465,740,222,37,58
343,6.500074630320651,195,9.0,0.33094465732574463,737,221,37,58
343,6.5334083463735775,196,9.0,0.2147272825241089,733,219,37,55
343,6.5667420624265045,197,9.0,0.2841843366622925,731,221,36,50
354,6.5667420624265045,197,9.0,0.4200221598148346,1024,318,46,80
343,6.600075778479431,198,9.0,0.2863261103630066,729,221,35,50
343,6.633409494532357,199,9.0,0.2662128806114197,725,218,38,55
343,6.666743210585284,200,9.0,0.2860400974750519,723,217,37,57
343,6.70007692663821,201,9.0,0.25537773966789246,721,218,37,60
343,6.733410642691136,202,9.0,0.2775209844112396,719,219,37,59
343,6.766744358744063,203,9.0,0.23749127984046936,717,220,38,58
343,6.800078074796989,204,9.0,0.22141480445861816,713,217,39,57
343,6.833411790849915,205,9.0,0.3028183579444885,711,216,38,57
343,6.866745506902842,206,9.0,0.334652304649353,709,213,37,57
343,6.900079222955768,207,9.0,0.26506614685058594,707,213,37,59
343,6.9334129390086945,208,9.0,0.2385055124759674,702,213,39,61
343,6.9667466550616215,209,9.0,0.2434685081243515,700,215,39,61
343,7.000080371114548,210,9.0,0.3265429735183716,697,216,38,60
343,7.033414087167474,211,9.0,0.315645307302475,695,215,37,61
343,7.066747803220401,212,9.0,0.38526734709739685,692,213,35,61
343,7.100081519273327,213,9.0,0.4391804337501526,690,212,34,61
343,7.133415235326253,214,9.0,0.39983633160591125,687,209,34,58
343,7.16674895137918,215,9.0,0.4727688431739807,685,209,33,61
343,7.200082667432106,216,9.0,0.4559546113014221,684,209,34,65
343,7.233416383485032,217,9.0,0.45944252610206604,682,208,34,65
386,7.233416383485032,217,2.0,0.47706523537635803,1854,642,128,133
343,7.266750099537959,218,9.0,0.4214904308319092,680,211,34,69
386,7.266750099537959,218,2.0,0.45152536034584045,1842,638,152,138
343,7.300083815590885,219,9.0,0.3336164057254791,676,209,32,64
386,7.300083815590885,219,2.0,0.22521944344043732,1830,625,177,137
343,7.3334175316438115,220,9.0,0.2565985321998596,673,205,31,59
391,7.3334175316438115,220,9.0,0.37647897005081177,734,288,51,65
343,7.3667512476967385,221,9.0,0.2135968804359436,671,205,32,58
391,7.3667512476967385,221,9.0,0.3260214030742645,729,287,53,66
343,7.400084963749665,222,9.0,0.225531205534935,669,204,33,56
391,7.400084963749665,222,9.0,0.30229994654655457,721,285,54,65
343,7.433418679802591,223,9.0,0.23103547096252441,667,202,33,54
391,7.433418679802591,223,9.0,0.3101009726524353,715,281,51,63
343,7.466752395855518,224,9.0,0.21400195360183716,665,201,34,53
391,7.466752395855518,224,9.0,0.26833510398864746,709,278,49,61
343,7.500086111908444,225,9.0,0.24113301932811737,662,200,34,52
391,7.500086111908444,225,9.0,0.22162169218063354,706,276,47,60
343,7.53341982796137,226,9.0,0.20134186744689941,661,198,34,51
391,7.53341982796137,226,9.0,0.22543810307979584,700,274,45,59
399,7.53341982796137,226,2.0,0.4678557217121124,1495,451,121,64
343,7.566753544014297,227,9.0,0.15671682357788086,660,198,34,50
391,7.566753544014297,227,9.0,0.26215115189552307,695,272,45,60
343,7.600087260067223,228,9.0,0.16508404910564423,657,198,32,51
391,7.600087260067223,228,9.0,0.287815123796463,688,269,43,60
343,7.633420976120149,229,9.0,0.20499049127101898,655,197,31,53
391,7.633420976120149,229,9.0,0.35314297676086426,685,268,43,60
343,7.666754692173076,230,9.0,0.23254801332950592,652,196,31,52
391,7.666754692173076,230,9.0,0.39668720960617065,682,267,43,60
343,7.700088408226002,231,9.0,0.15407757461071014,650,196,31,52
391,7.700088408226002,231,9.0,0.2109362632036209,676,266,45,60
343,7.7334221242789285,232,9.0,0.13999420404434204,649,205,32,72
391,7.7334221242789285,232,9.0,0.18747149407863617,670,264,47,61
343,7.7667558403318555,233,9.0,0.16211961209774017,649,204,36,70
391,7.7667558403318555,233,9.0,0.1867646425962448,664,253,47,71
413,7.7667558403318555,233,9.0,0.39487457275390625,658,227,47,116
413,7.800089556384782,234,9.0,0.4150505065917969,657,226,48,119
413,7.833423272437708,235,9.0,0.43800240755081177,655,226,46,120
413,7.866756988490635,236,9.0,0.3585745692253113,651,226,48,120
413,7.900090704543561,237,9.0,0.22079119086265564,650,227,54,120
413,7.933424420596487,238,9.0,0.21067795157432556,644,227,49,113
413,7.966758136649414,239,9.0,0.29029524326324463,639,227,45,107
413,8.00009185270234,240,9.0,0.29870226979255676,635,225,41,105
413,8.033425568755266,241,9.0,0.26046109199523926,631,223,39,103
413,8.066759284808192,242,9.0,0.20255237817764282,628,219,38,103
413,8.10009300086112,243,9.0,0.23248182237148285,624,220,38,107
413,8.133426716914046,244,9.0,0.18455858528614044,620,218,41,105
413,8.166760432966973,245,9.0,0.21958746016025543,616,216,43,103
424,8.166760432966973,245,2.0,0.3881092071533203,1370,456,253,134
413,8.200094149019899,246,9.0,0.3203057646751404,614,214,44,99
424,8.200094149019899,246,2.0,0.37648430466651917,1359,451,249,139
413,8.233427865072825,247,9.0,0.3780800402164459,610,214,43,96
424,8.233427865072825,247,2.0,0.5700564980506897,1341,439,243,145
413,8.26676158112575,248,9.0,0.11885490268468857,608,213,48,99
424,8.26676158112575,248,2.0,0.24725212156772614,1323,435,235,138
413,8.300095297178679,249,9.0,0.11142018437385559,605,214,49,95
424,8.300095297178679,249,2.0,0.41777104139328003,1308,429,231,139
413,8.333429013231605,250,9.0,0.13652989268302917,603,211,51,95
424,8.333429013231605,250,2.0,0.49472975730895996,1296,425,231,139
413,8.366762729284531,251,9.0,0.13222746551036835,602,208,51,95
424,8.366762729284531,251,2.0,0.3373892307281494,1280,422,226,134
413,8.400096445337457,252,9.0,0.12502071261405945,595,210,46,90
424,8.400096445337457,252,2.0,0.29494643211364746,1266,417,226,131
424,8.433430161390383,253,2.0,0.3928271234035492,1253,411,221,133
424,8.46676387744331,254,2.0,0.4211128354072571,1240,409,219,132
424,8.500097593496237,255,2.0,0.35200709104537964,1228,404,213,133
424,8.533431309549163,256,2.0,0.27155813574790955,1213,398,210,127
438,8.533431309549163,256,2.0,0.6278591752052307,1172,988,249,181
424,8.56676502560209,257,2.0,0.3729959726333618,1200,392,209,119
438,8.56676502560209,257,2.0,0.37539491057395935,1180,992,234,168
424,8.600098741655016,258,2.0,0.5272727608680725,1188,388,208,115
438,8.600098741655016,258,2.0,0.4670400023460388,1199,1002,215,149
424,8.633432457707942,259,2.0,0.4046156406402588,1175,386,204,112
438,8.633432457707942,259,2.0,0.26680535078048706,1215,1012,207,129
440,8.633432457707942,259,9.0,0.43484440445899963,736,226,36,70
424,8.666766173760868,260,2.0,0.4079897105693817,1162,396,202,134
438,8.666766173760868,260,2.0,0.23565730452537537,1228,1021,207,110
440,8.666766173760868,260,9.0,0.38709938526153564,734,229,35,75
424,8.700099889813796,261,2.0,0.3333650231361389,1148,381,189,117
440,8.700099889813796,261,9.0,0.33035221695899963,731,228,33,75
424,8.733433605866722,262,2.0,0.5398073196411133,1139,373,193,112
424,8.766767321919648,263,2.0,0.6617237329483032,1125,370,189,110
424,8.800101037972574,264,2.0,0.5951293110847473,1115,372,186,120
424,8.8334347540255,265,2.0,0.5107884407043457,1102,361,179,106
424,8.866768470078426,266,2.0,0.4236326813697815,1089,355,171,96
424,8.900102186131354,267,2.0,0.23619022965431213,1071,351,159,91
424,8.93343590218428,268,2.0,0.5157087445259094,1069,348,165,94
443,8.93343590218428,268,9.0,0.3629802167415619,710,219,37,63
424,8.966769618237207,269,2.0,0.36750277876853943,1054,342,153,91
443,8.966769618237207,269,9.0,0.2967700660228729,712,220,44,68
424,9.000103334290133,270,2.0,0.3249092102050781,1049,344,165,97
443,9.000103334290133,270,9.0,0.24911437928676605,712,226,48,65
424,9.033437050343059,271,2.0,0.4492807984352112,1041,338,166,88
443,9.033437050343059,271,9.0,0.22054436802864075,708,224,49,74
424,9.066770766395985,272,2.0,0.3758876621723175,1033,336,165,91
443,9.066770766395985,272,9.0,0.3138570487499237,704,222,49,74
424,9.100104482448913,273,2.0,0.5832383632659912,1025,333,167,93
443,9.100104482448913,273,9.0,0.21645665168762207,699,221,46,73
424,9.133438198501839,274,2.0,0.44048264622688293,1019,327,165,93
443,9.133438198501839,274,9.0,0.26390811800956726,695,223,42,78
424,9.166771914554765,275,2.0,0.5278522372245789,1012,326,171,91
443,9.166771914554765,275,9.0,0.20587562024593353,691,218,39,72
424,9.200105630607691,276,2.0,0.39720451831817627,1007,324,164,90
443,9.200105630607691,276,9.0,0.22301626205444336,687,215,38,69
424,9.233439346660617,277,2.0,0.5820801854133606,998,322,169,92
443,9.233439346660617,277,9.0,0.24454426765441895,685,212,36,64
424,9.266773062713543,278,2.0,0.6087444424629211,990,319,173,94
443,9.266773062713543,278,9.0,0.13336306810379028,683,211,36,63
424,9.300106778766471,279,2.0,0.28909507393836975,982,316,172,94
443,9.300106778766471,279,9.0,0.16861256957054138,680,209,34,63
424,9.333440494819397,280,2.0,0.18776199221611023,974,313,167,93
443,9.333440494819397,280,9.0,0.24554899334907532,676,209,33,65
424,9.366774210872324,281,2.0,0.10627461224794388,965,320,172,111
443,9.366774210872324,281,9.0,0.1970127671957016,673,212,34,73
424,9.40010792692525,282,2.0,0.17937494814395905,959,335,179,145
443,9.40010792692525,282,9.0,0.17271704971790314,670,215,35,79
424,9.433441642978176,283,2.0,0.2118500918149948,951,340,184,156
443,9.433441642978176,283,9.0,0.18244799971580505,666,212,38,73
424,9.466775359031102,284,2.0,0.3812539875507355,945,341,186,160
443,9.466775359031102,284,9.0,0.15155865252017975,664,213,37,77
424,9.50010907508403,285,2.0,0.43556928634643555,942,340,187,161
443,9.50010907508403,285,9.0,0.24083088338375092,662,214,39,80
424,9.533442791136956,286,2.0,0.386627733707428,938,339,186,160
443,9.533442791136956,286,9.0,0.20893782377243042,660,214,40,80
424,9.566776507189882,287,2.0,0.3707689642906189,932,340,186,158
424,9.600110223242808,288,2.0,0.18921615183353424,922,339,189,156
424,9.633443939295734,289,2.0,0.22339987754821777,917,337,187,158
424,9.66677765534866,290,2.0,0.21773840487003326,911,334,188,161
424,9.700111371401588,291,2.0,0.1214602142572403,907,333,186,159
473,9.733445087454514,292,2.0,0.563180148601532,1720,654,248,132
473,9.76677880350744,293,2.0,0.6997591853141785,1690,641,238,126
473,9.800112519560367,294,2.0,0.4617694914340973,1662,630,239,126
473,9.833446235613293,295,2.0,0.43683621287345886,1633,619,236,124
473,9.866779951666219,296,2.0,0.5329115986824036,1606,608,230,123
473,9.900113667719147,297,2.0,0.5462061166763306,1578,597,222,121
473,9.933447383772073,298,2.0,0.4694105088710785,1551,587,217,118
473,9.966781099824999,299,2.0,0.47291168570518494,1526,577,209,113
473,10.000114815877925,300,2.0,0.38979557156562805,1498,572,203,122
473,10.033448531930851,301,2.0,0.618008553981781,1475,559,197,113
473,10.066782247983777,302,2.0,0.696101725101471,1456,546,178,105
473,10.100115964036705,303,2.0,0.6633751392364502,1436,536,173,99
473,10.133449680089631,304,2.0,0.622337818145752,1413,528,174,100
473,10.166783396142558,305,2.0,0.700244665145874,1394,520,171,101
473,10.200117112195484,306,2.0,0.6475710272789001,1369,513,174,99
473,10.23345082824841,307,2.0,0.6763116121292114,1348,502,173,95
473,10.266784544301336,308,2.0,0.6189552545547485,1327,496,172,95
473,10.300118260354264,309,2.0,0.6206629276275635,1306,490,168,97
473,10.33345197640719,310,2.0,0.5795602798461914,1287,480,168,91
473,10.366785692460116,311,2.0,0.6789562702178955,1270,476,164,95
473,10.400119408513042,312,2.0,0.6949394941329956,1252,467,159,88
473,10.433453124565968,313,2.0,0.7629607319831848,1238,459,149,83
473,10.466786840618894,314,2.0,0.6761993169784546,1220,453,152,83
473,10.500120556671822,315,2.0,0.7280898690223694,1203,445,150,82
473,10.533454272724748,316,2.0,0.7641671299934387,1187,439,144,79
473,10.566787988777675,317,2.0,0.7672936320304871,1173,434,140,79
473,10.6001217048306,318,2.0,0.8061331510543823,1155,427,138,76
473,10.633455420883527,319,2.0,0.7815088629722595,1143,421,133,75
473,10.666789136936453,320,2.0,0.7012907266616821,1128,417,136,76
473,10.70012285298938,321,2.0,0.7120916247367859,1112,410,130,72
473,10.733456569042307,322,2.0,0.7458941340446472,1098,406,128,74
473,10.766790285095233,323,2.0,0.7315210700035095,1083,405,129,82
473,10.80012400114816,324,2.0,0.7100643515586853,1070,401,131,84
473,10.833457717201085,325,2.0,0.6953861117362976,1059,391,124,75
473,10.866791433254011,326,2.0,0.6784024834632874,1043,385,118,70
473,10.90012514930694,327,2.0,0.8224948048591614,1031,381,120,68
473,10.933458865359865,328,2.0,0.7779772877693176,1020,375,119,69
473,10.966792581412792,329,2.0,0.7197059988975525,1008,370,115,68
473,11.000126297465718,330,2.0,0.6607497930526733,999,364,112,64
473,11.033460013518644,331,2.0,0.5498927235603333,991,361,104,62
473,11.06679372957157,332,2.0,0.6556751728057861,983,356,93,60
473,11.100127445624498,333,2.0,0.6261837482452393,974,353,91,61
473,11.133461161677424,334,2.0,0.5034868121147156,959,349,95,61
473,11.16679487773035,335,2.0,0.4117129147052765,943,343,102,60
473,11.200128593783276,336,2.0,0.4496701657772064,933,339,105,61
473,11.233462309836202,337,2.0,0.5811865925788879,923,337,104,65
473,11.266796025889128,338,2.0,0.5986468195915222,912,334,103,63
481,11.266796025889128,338,2.0,0.481192409992218,914,351,107,95
473,11.300129741942056,339,2.0,0.5009593963623047,900,332,98,63
481,11.300129741942056,339,2.0,0.34295395016670227,904,349,100,93
473,11.333463457994982,340,2.0,0.6578836441040039,893,331,99,61
473,11.366797174047909,341,2.0,0.6778256893157959,884,328,96,51
473,11.400130890100835,342,2.0,0.6160740852355957,877,327,93,47
473,11.43346460615376,343,2.0,0.5442377328872681,869,324,87,41
473,11.466798322206687,344,2.0,0.5177549719810486,860,321,88,46
473,11.500132038259615,345,2.0,0.345061719417572,852,315,91,56
473,11.533465754312541,346,2.0,0.41473937034606934,845,310,85,59
473,11.566799470365467,347,2.0,0.3803803622722626,834,310,82,63
473,11.600133186418393,348,2.0,0.2847231924533844,824,306,82,61
473,11.63346690247132,349,2.0,0.3709387481212616,806,295,84,47
473,11.666800618524245,350,2.0,0.4921349883079529,801,293,78,39
473,11.700134334577173,351,2.0,0.5015170574188232,793,289,76,42
473,11.7334680506301,352,2.0,0.3702082633972168,785,289,77,55
473,11.766801766683026,353,2.0,0.37787264585494995,778,283,71,50
473,11.800135482735952,354,2.0,0.43495553731918335,775,278,62,44
473,11.833469198788878,355,2.0,0.2252909392118454,767,276,66,41
473,11.866802914841804,356,2.0,0.3206058442592621,758,273,67,40
473,11.900136630894732,357,2.0,0.1975966989994049,750,270,76,44
473,11.933470346947658,358,2.0,0.3168327212333679,742,268,75,46
473,11.966804063000584,359,2.0,0.4826124906539917,734,266,75,43
473,12.00013777905351,360,2.0,0.3964884281158447,728,265,74,44
473,12.033471495106436,361,2.0,0.3778795897960663,722,264,72,45
473,12.066805211159362,362,2.0,0.3616980314254761,718,259,71,42
473,12.10013892721229,363,2.0,0.41981378197669983,712,258,66,40
473,12.133472643265216,364,2.0,0.4885650873184204,704,258,71,43
473,12.166806359318143,365,2.0,0.31968462467193604,698,258,69,47
473,12.200140075371069,366,2.0,0.3238159716129303,695,260,65,55
473,12.233473791423995,367,2.0,0.5134149789810181,689,253,62,48
473,12.266807507476921,368,2.0,0.49238121509552,685,248,58,41
473,12.300141223529849,369,2.0,0.432561457157135,680,244,55,36
473,12.333474939582775,370,2.0,0.5899445414543152,675,243,55,36
473,12.366808655635701,371,2.0,0.4335396885871887,671,242,52,38
473,12.400142371688627,372,2.0,0.4580191671848297,666,240,52,35
473,12.433476087741553,373,2.0,0.467397004365921,662,237,52,33
473,12.46680980379448,374,2.0,0.5169307589530945,658,236,51,33
473,12.500143519847407,375,2.0,0.3275420367717743,653,234,51,35
473,12.533477235900333,376,2.0,0.3156360387802124,649,232,45,32
473,12.56681095195326,377,2.0,0.20682677626609802,645,229,46,31
473,12.600144668006186,378,2.0,0.16854192316532135,640,228,46,26
473,12.633478384059112,379,2.0,0.11421941220760345,637,227,46,26
473,12.666812100112038,380,2.0,0.11609160155057907,633,226,46,30
473,12.700145816164966,381,2.0,0.2156127244234085,627,222,49,35
473,12.733479532217892,382,2.0,0.3045690357685089,622,221,47,35
473,12.766813248270818,383,2.0,0.24603325128555298,619,221,47,34
473,12.800146964323744,384,2.0,0.2250390350818634,615,219,49,34
500,12.83348068037667,385,2.0,0.46026450395584106,726,527,101,82
500,12.866814396429596,386,2.0,0.24783113598823547,734,534,101,88
500,12.900148112482524,387,2.0,0.22033344209194183,744,539,104,90
500,12.93348182853545,388,2.0,0.10933208465576172,752,548,105,89
500,12.966815544588377,389,2.0,0.48199743032455444,764,557,105,92
500,13.000149260641303,390,2.0,0.34741926193237305,771,559,100,84
500,13.033482976694229,391,2.0,0.21658281981945038,780,561,96,78
500,13.066816692747155,392,2.0,0.42177021503448486,788,567,91,78
500,13.100150408800083,393,2.0,0.417645126581192,792,571,80,69
500,13.133484124853009,394,2.0,0.15217024087905884,797,571,76,51
500,13.166817840905935,395,2.0,0.10058753937482834,807,577,72,49
500,13.200151556958861,396,2.0,0.17962919175624847,822,588,75,54
500,13.233485273011787,397,2.0,0.10959982126951218,832,598,80,56
507,13.266818989064713,398,2.0,0.531674325466156,867,630,131,107
507,13.300152705117641,399,2.0,0.44949862360954285,877,637,132,106
507,13.333486421170567,400,2.0,0.5413105487823486,885,646,132,108
507,13.366820137223494,401,2.0,0.17214657366275787,902,655,135,106
507,13.40015385327642,402,2.0,0.33300545811653137,916,664,141,106
507,13.433487569329346,403,2.0,0.187783882021904,931,674,142,112
507,13.466821285382272,404,2.0,0.1359068900346756,948,688,140,121
507,13.5001550014352,405,2.0,0.4776657819747925,1023,746,163,139
507,13.533488717488126,406,2.0,0.17797300219535828,1039,760,165,144
507,13.566822433541052,407,2.0,0.4272914528846741,1061,773,171,149
507,13.600156149593978,408,2.0,0.5279934406280518,1082,788,178,153
507,13.633489865646904,409,2.0,0.41643571853637695,1101,800,185,152
507,13.66682358169983,410,2.0,0.3243388235569,1123,813,191,156
507,13.700157297752758,411,2.0,0.2160014510154724,1144,828,197,158
507,13.733491013805684,412,2.0,0.4815554916858673,1163,846,202,166
507,13.76682472985861,413,2.0,0.43202242255210876,1183,862,201,171
507,13.800158445911537,414,2.0,0.3302825689315796,1203,881,206,177
507,13.833492161964463,415,2.0,0.5086477994918823,1228,895,217,179
507,13.866825878017389,416,2.0,0.38153794407844543,1253,911,226,183
507,13.900159594070317,417,2.0,0.35281580686569214,1278,929,235,188
507,13.933493310123243,418,2.0,0.46119046211242676,1375,979,286,187
533,13.96682702617617,419,2.0,0.5511839985847473,1156,394,61,28
507,13.96682702617617,419,2.0,0.40926507115364075,1396,991,278,174
533,14.000160742229095,420,2.0,0.606735348701477,1144,390,59,25
533,14.033494458282021,421,2.0,0.5967428088188171,1127,383,56,27
533,14.066828174334947,422,2.0,0.3469465374946594,1115,379,57,26
533,14.100161890387875,423,2.0,0.5278078317642212,1102,374,61,30
533,14.133495606440801,424,2.0,0.3747763931751251,1089,370,60,30
533,14.166829322493728,425,2.0,0.44782835245132446,1077,366,58,28
533,14.200163038546654,426,2.0,0.5519850850105286,1065,361,56,28
533,14.23349675459958,427,2.0,0.489657461643219,1053,357,54,25
533,14.266830470652506,428,2.0,0.17356666922569275,1042,352,53,28
533,14.300164186705434,429,2.0,0.4191233515739441,1031,348,53,31
533,14.33349790275836,430,2.0,0.5203142166137695,1022,343,56,30
533,14.366831618811286,431,2.0,0.6469167470932007,1009,340,56,29
533,14.400165334864212,432,2.0,0.5658402442932129,997,337,59,27
533,14.433499050917138,433,2.0,0.36445721983909607,987,334,57,29
542,14.433499050917138,433,2.0,0.5853301286697388,914,660,97,65
533,14.466832766970064,434,2.0,0.29415199160575867,979,331,56,27
542,14.466832766970064,434,2.0,0.5650861859321594,923,669,98,67
533,14.500166483022992,435,2.0,0.16632521152496338,969,327,51,31
542,14.500166483022992,435,2.0,0.2296006679534912,940,682,96,72
533,14.533500199075919,436,2.0,0.16333697736263275,960,324,49,35
542,14.533500199075919,436,2.0,0.14059185981750488,957,694,95,60
533,14.566833915128845,437,2.0,0.16569288074970245,950,320,50,33
542,14.566833915128845,437,2.0,0.2493087202310562,971,707,104,70
533,14.60016763118177,438,2.0,0.342214435338974,940,317,52,33
542,14.60016763118177,438,2.0,0.18243521451950073,991,726,119,94
533,14.633501347234697,439,2.0,0.5050044655799866,931,313,55,28
542,14.633501347234697,439,2.0,0.5424187779426575,1015,750,131,110
533,14.666835063287623,440,2.0,0.4937244653701782,921,309,52,27
542,14.666835063287623,440,2.0,0.3431161940097809,1033,765,140,116
533,14.70016877934055,441,2.0,0.4188287854194641,915,306,48,26
542,14.70016877934055,441,2.0,0.263254851102829,1050,779,147,119
533,14.733502495393477,442,2.0,0.20843826234340668,909,304,50,27
542,14.733502495393477,442,2.0,0.5120816826820374,1069,795,152,137
542,14.766836211446403,443,2.0,0.35639435052871704,1134,844,167,137
542,14.80016992749933,444,2.0,0.32471534609794617,1159,861,183,142
542,14.833503643552255,445,2.0,0.4024301767349243,1176,878,175,143
542,14.866837359605181,446,2.0,0.4390254318714142,1202,895,186,151
542,14.90017107565811,447,2.0,0.2979393005371094,1222,908,185,162
542,14.933504791711036,448,2.0,0.5836588144302368,1247,926,190,168
542,14.966838507763962,449,2.0,0.3288402557373047,1270,946,194,172
542,15.000172223816888,450,2.0,0.14656667411327362,1299,966,204,179
542,15.033505939869814,451,2.0,0.18598568439483643,1353,986,263,175
542,15.06683965592274,452,2.0,0.5266176462173462,1384,997,270,165
542,15.100173371975668,453,2.0,0.10856147855520248,1402,1007,257,145
572,15.133507088028594,454,2.0,0.44221118092536926,1000,615,109,61
572,15.16684080408152,455,2.0,0.4010608494281769,1010,622,103,60
583,15.200174520134446,456,2.0,0.5050150156021118,1194,747,171,125
583,15.233508236187372,457,2.0,0.1832720786333084,1204,742,146,89
583,15.266841952240298,458,2.0,0.24352245032787323,1224,753,142,76
583,15.300175668293226,459,2.0,0.10352032631635666,1243,765,132,83
586,15.333509384346153,460,2.0,0.5007386207580566,1311,819,200,138
586,15.366843100399079,461,2.0,0.5307612419128418,1334,834,199,145
586,15.400176816452005,462,2.0,0.38330939412117004,1360,851,205,150
586,15.43351053250493,463,2.0,0.1493230015039444,1388,869,207,153
586,15.466844248557857,464,2.0,0.4315788149833679,1417,888,215,155
586,15.500177964610785,465,2.0,0.5781949162483215,1445,907,219,163
586,15.533511680663711,466,2.0,0.49330011010169983,1474,925,219,167
586,15.566845396716637,467,2.0,0.16315388679504395,1507,947,228,175
586,15.600179112769563,468,2.0,0.1999620646238327,1545,971,252,186
586,15.63351282882249,469,2.0,0.2399752140045166,1590,988,282,183
593,15.666846544875416,470,2.0,0.3710678517818451,634,465,93,67
593,15.700180260928343,471,2.0,0.3550499677658081,640,463,92,63
593,15.73351397698127,472,2.0,0.14682112634181976,645,468,87,64
602,15.766847693034196,473,2.0,0.5822857618331909,703,531,111,117
602,15.800181409087122,474,2.0,0.5264027118682861,712,534,112,114
602,15.833515125140048,475,2.0,0.5362242460250854,721,529,114,88
602,15.866848841192974,476,2.0,0.514905571937561,733,532,114,80
607,15.866848841192974,476,2.0,0.4436708092689514,731,550,117,118
602,15.900182557245902,477,2.0,0.42330995202064514,741,538,110,79
607,15.900182557245902,477,2.0,0.4399592876434326,740,553,115,114
602,15.933516273298828,478,2.0,0.21746878325939178,751,544,116,81
602,15.966849989351754,479,2.0,0.47314178943634033,762,557,118,93
602,16.00018370540468,480,2.0,0.5810737013816833,770,564,114,92
602,16.033517421457606,481,2.0,0.561292290687561,780,568,115,90
602,16.066851137510533,482,2.0,0.6656922698020935,792,575,121,89
602,16.10018485356346,483,2.0,0.5690529942512512,801,584,122,89
602,16.133518569616385,484,2.0,0.5611525774002075,814,592,127,94
602,16.16685228566931,485,2.0,0.6405952572822571,826,600,130,94
602,16.20018600172224,486,2.0,0.5783960819244385,839,609,134,96
602,16.233519717775167,487,2.0,0.6752710342407227,852,618,135,99
602,16.266853433828093,488,2.0,0.6866994500160217,864,629,136,100
602,16.30018714988102,489,2.0,0.7083168029785156,879,637,144,99
602,16.333520865933945,490,2.0,0.7250168919563293,891,646,147,103
602,16.36685458198687,491,2.0,0.7159345746040344,905,656,147,104
602,16.400188298039797,492,2.0,0.6240286231040955,915,666,145,106
602,16.433522014092723,493,2.0,0.5206896066665649,929,677,145,111
602,16.46685573014565,494,2.0,0.6036149263381958,949,690,159,116
602,16.500189446198576,495,2.0,0.4664323627948761,964,702,163,119
602,16.5335231622515,496,2.0,0.5011842250823975,980,711,166,121
602,16.566856878304428,497,2.0,0.5117166042327881,996,723,168,124
602,16.600190594357358,498,2.0,0.693526029586792,1013,736,174,126
602,16.633524310410284,499,2.0,0.6076722741127014,1032,747,182,130
602,16.66685802646321,500,2.0,0.5776433348655701,1051,759,185,132
602,16.700191742516136,501,2.0,0.6383772492408752,1070,773,190,136
602,16.733525458569062,502,2.0,0.7711200714111328,1086,788,189,140
602,16.766859174621988,503,2.0,0.7236765623092651,1107,801,197,142
638,16.766859174621988,503,2.0,0.3907226026058197,906,366,88,71
602,16.800192890674914,504,2.0,0.5511460304260254,1128,817,208,150
638,16.800192890674914,504,2.0,0.18693330883979797,899,360,89,66
602,16.83352660672784,505,2.0,0.5939480662345886,1150,832,214,152
638,16.83352660672784,505,2.0,0.13521914184093475,892,357,88,66
602,16.866860322780767,506,2.0,0.6019759178161621,1170,848,217,159
638,16.866860322780767,506,2.0,0.11010254174470901,880,350,77,65
602,16.900194038833693,507,2.0,0.6667649149894714,1192,866,224,163
638,16.900194038833693,507,9.0,0.14005079865455627,868,347,75,61
602,16.93352775488662,508,2.0,0.7064498066902161,1218,882,231,166
638,16.93352775488662,508,2.0,0.1402481347322464,863,343,75,62
602,16.966861470939545,509,2.0,0.6062235236167908,1241,899,239,174
638,16.966861470939545,509,2.0,0.13679048418998718,860,341,57,61
602,17.000195186992475,510,2.0,0.7288344502449036,1265,917,242,178
602,17.0335289030454,511,2.0,0.6627048254013062,1292,934,250,186
602,17.066862619098327,512,2.0,0.6186564564704895,1316,954,257,191
649,17.066862619098327,512,2.0,0.5392836332321167,1599,558,154,63
602,17.100196335151253,513,2.0,0.7320429682731628,1358,974,295,196
649,17.100196335151253,513,2.0,0.42861637473106384,1585,555,165,67
602,17.13353005120418,514,2.0,0.6813749074935913,1386,986,295,187
649,17.13353005120418,514,2.0,0.5710883736610413,1565,544,166,66
602,17.166863767257105,515,2.0,0.6199252605438232,1406,996,296,167
649,17.166863767257105,515,2.0,0.4875170886516571,1543,537,155,63
649,17.20019748331003,516,2.0,0.5145260691642761,1522,530,150,58
649,17.233531199362957,517,2.0,0.5335951447486877,1501,523,142,52
649,17.266864915415884,518,2.0,0.5952182412147522,1486,513,150,57
649,17.30019863146881,519,2.0,0.5431912541389465,1468,507,147,56
649,17.333532347521736,520,2.0,0.31203290820121765,1447,501,147,60
649,17.366866063574662,521,2.0,0.296598345041275,1426,492,149,62
649,17.40019977962759,522,2.0,0.37943923473358154,1403,483,167,62
649,17.433533495680518,523,2.0,0.4479125738143921,1393,477,166,59
649,17.466867211733444,524,2.0,0.5048106908798218,1378,474,148,55
649,17.50020092778637,525,2.0,0.5068870186805725,1364,469,136,52
649,17.533534643839296,526,2.0,0.4253956377506256,1350,462,132,52
649,17.566868359892222,527,2.0,0.41345953941345215,1335,458,131,56
649,17.60020207594515,528,2.0,0.40297746658325195,1316,453,133,53
649,17.633535791998074,529,2.0,0.4490608870983124,1301,443,126,63
649,17.666869508051,530,2.0,0.33173319697380066,1288,442,128,67
649,17.700203224103927,531,2.0,0.4324476718902588,1275,437,124,56
649,17.733536940156853,532,2.0,0.4791204631328583,1262,433,120,49
649,17.76687065620978,533,2.0,0.23645837604999542,1245,427,122,48
649,17.80020437226271,534,2.0,0.35894930362701416,1232,423,121,49
649,17.833538088315635,535,2.0,0.31626322865486145,1219,419,117,42
649,17.86687180436856,536,2.0,0.43789932131767273,1208,414,114,45
649,17.900205520421487,537,2.0,0.5665760040283203,1196,410,108,41
649,17.933539236474413,538,2.0,0.4583231508731842,1185,406,106,39
649,17.96687295252734,539,2.0,0.4304856061935425,1184,401,87,35
649,18.000206668580265,540,2.0,0.1052708849310875,1176,396,70,32
649,18.03354038463319,541,2.0,0.33244138956069946,1170,392,59,30
670,18.066874100686118,542,2.0,0.5315373539924622,1141,389,104,47
670,18.100207816739044,543,2.0,0.415109783411026,1134,387,93,35
649,18.100207816739044,543,2.0,0.48422929644584656,1146,387,62,29
649,18.13354153279197,544,2.0,0.32672837376594543,1137,381,55,30
649,18.166875248844896,545,2.0,0.31851744651794434,1130,378,53,31
679,18.166875248844896,545,9.0,0.39781618118286133,637,250,39,53
649,18.200208964897826,546,2.0,0.30151766538619995,1118,375,52,31
679,18.200208964897826,546,9.0,0.3927454650402069,632,249,37,54
649,18.23354268095075,547,2.0,0.2953392565250397,1102,371,56,32
679,18.23354268095075,547,9.0,0.19314247369766235,626,247,39,55
679,18.266876397003678,548,9.0,0.14826780557632446,622,245,39,54
679,18.300210113056604,549,2.0,0.10495857149362564,618,241,41,50
679,18.33354382910953,550,9.0,0.14548783004283905,615,239,40,47
649,18.366877545162456,551,2.0,0.35885319113731384,1048,355,86,32
649,18.400211261215382,552,2.0,0.2943534255027771,1037,351,85,30
649,18.43354497726831,553,2.0,0.16854853928089142,1025,349,89,34
649,18.466878693321235,554,2.0,0.45707541704177856,1016,347,94,38
649,18.50021240937416,555,2.0,0.4199605882167816,1006,342,92,36
649,18.533546125427087,556,2.0,0.3580702245235443,997,338,84,31
649,18.566879841480013,557,2.0,0.3773477077484131,991,335,79,29
679,18.566879841480013,557,9.0,0.323950856924057,586,225,34,48
649,18.600213557532943,558,2.0,0.1891068071126938,982,334,79,35
679,18.600213557532943,558,9.0,0.3890901207923889,582,223,32,49
649,18.63354727358587,559,2.0,0.4551345109939575,980,331,65,32
679,18.63354727358587,559,9.0,0.288503497838974,578,223,33,51
649,18.666880989638795,560,2.0,0.3617883324623108,973,328,59,34
679,18.666880989638795,560,9.0,0.20428670942783356,574,221,36,51
649,18.70021470569172,561,9.0,0.2182278037071228,969,326,49,32
679,18.70021470569172,561,9.0,0.21529176831245422,571,219,36,50
649,18.733548421744647,562,2.0,0.15428228676319122,965,324,44,32
679,18.733548421744647,562,9.0,0.24262090027332306,567,218,35,49
679,18.766882137797573,563,9.0,0.21110978722572327,565,217,34,48
679,18.8002158538505,564,9.0,0.22760677337646484,562,215,35,49
679,18.833549569903425,565,9.0,0.24620556831359863,559,214,35,46
679,18.86688328595635,566,9.0,0.2576581835746765,557,213,35,46
679,18.900217002009278,567,9.0,0.26231276988983154,552,213,36,48
679,18.933550718062204,568,9.0,0.25967562198638916,548,211,36,49
702,18.933550718062204,568,9.0,0.4335441589355469,686,246,44,56
679,18.96688443411513,569,9.0,0.24467343091964722,545,209,37,50
702,18.96688443411513,569,9.0,0.21570724248886108,682,244,49,59
679,19.00021815016806,570,9.0,0.16629387438297272,544,208,38,49
702,19.00021815016806,570,9.0,0.12373585253953934,679,243,49,59
679,19.033551866220986,571,9.0,0.26607373356819153,539,207,36,47
702,19.033551866220986,571,9.0,0.2334231436252594,674,243,48,58
679,19.066885582273912,572,9.0,0.2664521336555481,535,206,34,44
702,19.066885582273912,572,9.0,0.3079485297203064,671,243,51,60
679,19.100219298326838,573,9.0,0.20499049127101898,531,206,32,42
702,19.100219298326838,573,9.0,0.21714438498020172,669,241,54,62
679,19.133553014379764,574,9.0,0.13384892046451569,528,203,32,45
702,19.133553014379764,574,9.0,0.13960576057434082,664,235,50,56
702,19.16688673043269,575,9.0,0.16180363297462463,660,233,43,54
702,19.200220446485616,576,9.0,0.1882694661617279,654,231,40,51
702,19.233554162538542,577,2.0,0.13151879608631134,651,228,39,48
702,19.26688787859147,578,9.0,0.2582317292690277,646,226,35,45
702,19.300221594644395,579,9.0,0.40289121866226196,643,226,37,48
702,19.33355531069732,580,9.0,0.4147374927997589,640,225,36,48
702,19.366889026750247,581,9.0,0.4902667999267578,636,225,37,49
702,19.400222742803177,582,9.0,0.28952348232269287,634,224,39,49
702,19.433556458856103,583,9.0,0.37254780530929565,629,222,35,50
702,19.46689017490903,584,9.0,0.29607096314430237,626,223,37,54
702,19.500223890961955,585,9.0,0.22435815632343292,621,220,35,48
702,19.53355760701488,586,9.0,0.18268395960330963,618,220,36,48
702,19.566891323067807,587,9.0,0.21946179866790771,615,219,40,52
702,19.600225039120733,588,9.0,0.25942638516426086,613,218,42,52
702,19.63355875517366,589,9.0,0.2880403697490692,610,217,41,53
702,19.666892471226586,590,9.0,0.2585716247558594,607,216,41,53
702,19.70022618727951,591,9.0,0.263924777507782,605,214,42,49
702,19.733559903332438,592,9.0,0.282753050327301,601,211,41,47
702,19.766893619385364,593,9.0,0.28167545795440674,596,210,39,49
702,19.800227335438294,594,9.0,0.3526768982410431,594,207,37,49
702,19.83356105149122,595,9.0,0.30100417137145996,591,206,37,50
702,19.866894767544146,596,9.0,0.26251769065856934,590,205,38,50
702,19.900228483597072,597,9.0,0.2718808650970459,586,206,40,50
702,19.933562199649998,598,9.0,0.26776739954948425,583,204,37,50
711,19.933562199649998,598,2.0,0.42141950130462646,1553,510,154,56
702,19.966895915702924,599,9.0,0.14745983481407166,580,202,39,48
702,20.00022963175585,600,9.0,0.1572524607181549,576,202,39,47
702,20.033563347808776,601,9.0,0.1661509871482849,574,201,38,47
702,20.066897063861703,602,9.0,0.13933619856834412,573,201,39,49
724,20.10023077991463,603,2.0,0.6646104454994202,1802,644,205,98
724,20.133564495967555,604,2.0,0.5741429924964905,1779,636,204,96
724,20.16689821202048,605,2.0,0.5138750076293945,1754,626,193,93
724,20.20023192807341,606,2.0,0.5099326372146606,1734,615,177,93
724,20.233565644126337,607,2.0,0.6523357033729553,1708,605,168,91
724,20.266899360179263,608,2.0,0.6734098792076111,1678,596,179,86
724,20.30023307623219,609,2.0,0.6625402569770813,1653,588,183,85
724,20.333566792285115,610,2.0,0.6778373718261719,1629,579,180,91
724,20.36690050833804,611,2.0,0.6791701912879944,1611,574,169,93
724,20.400234224390967,612,2.0,0.6354570984840393,1587,569,174,94
724,20.433567940443893,613,2.0,0.6935197710990906,1566,559,169,87
724,20.46690165649682,614,2.0,0.6122207045555115,1547,549,168,85
724,20.500235372549746,615,2.0,0.5681193470954895,1529,540,164,82
724,20.533569088602672,616,2.0,0.5638138055801392,1507,534,159,78
724,20.566902804655598,617,2.0,0.6591909527778625,1487,526,159,80
724,20.600236520708528,618,2.0,0.5709631443023682,1469,518,155,81
724,20.633570236761454,619,2.0,0.6087198853492737,1453,511,151,75
724,20.66690395281438,620,2.0,0.6033127903938293,1437,506,146,71
724,20.700237668867306,621,2.0,0.46869611740112305,1419,499,145,71
724,20.733571384920232,622,2.0,0.5263190269470215,1405,491,139,73
724,20.76690510097316,623,2.0,0.515801191329956,1387,486,136,71
724,20.800238817026084,624,2.0,0.41830700635910034,1373,479,130,66
724,20.83357253307901,625,2.0,0.5086625218391418,1353,475,135,71
724,20.866906249131937,626,2.0,0.5462536215782166,1337,467,137,67
724,20.900239965184863,627,2.0,0.5772114396095276,1322,463,134,66
724,20.93357368123779,628,2.0,0.5261411070823669,1307,458,134,66
724,20.966907397290715,629,2.0,0.4982702434062958,1292,454,138,69
724,21.000241113343645,630,2.0,0.4899296164512634,1282,448,127,65
724,21.03357482939657,631,2.0,0.6239091753959656,1264,444,128,64
724,21.066908545449497,632,2.0,0.6188793778419495,1250,438,128,64
724,21.100242261502423,633,2.0,0.5113767981529236,1235,435,128,64
724,21.13357597755535,634,2.0,0.5652101039886475,1225,428,123,59
724,21.166909693608275,635,2.0,0.5540122389793396,1212,422,117,58
724,21.2002434096612,636,2.0,0.6480610370635986,1197,418,117,57
724,21.233577125714127,637,2.0,0.5581651926040649,1186,413,117,57
724,21.266910841767054,638,2.0,0.5296748876571655,1177,410,111,55
724,21.30024455781998,639,2.0,0.4743287265300751,1161,405,113,50
724,21.333578273872906,640,2.0,0.48593389987945557,1147,401,111,52
724,21.366911989925832,641,2.0,0.5361409187316895,1136,398,111,53
724,21.40024570597876,642,2.0,0.39997825026512146,1125,391,110,60
724,21.433579422031688,643,2.0,0.17469677329063416,1114,388,111,60
724,21.466913138084614,644,2.0,0.2114894837141037,1102,388,110,59
724,21.50024685413754,645,2.0,0.3143797814846039,1091,383,108,51
724,21.533580570190466,646,2.0,0.37544700503349304,1081,379,108,49
724,21.566914286243392,647,2.0,0.284128874540329,1069,376,105,47
724,21.60024800229632,648,2.0,0.48358625173568726,1060,371,103,47
724,21.633581718349244,649,2.0,0.47209829092025757,1054,366,99,43
724,21.66691543440217,650,2.0,0.49837517738342285,1043,364,102,48
724,21.700249150455097,651,2.0,0.2872561514377594,1032,362,99,52
724,21.733582866508023,652,2.0,0.34046632051467896,1022,357,96,46
724,21.76691658256095,653,2.0,0.44299110770225525,1012,352,98,44
724,21.80025029861388,654,2.0,0.11115749180316925,1002,347,97,39
724,21.833584014666805,655,2.0,0.339850515127182,995,349,92,46
767,21.833584014666805,655,2.0,0.4230198860168457,1535,536,145,75
767,21.86691773071973,656,2.0,0.4530356824398041,1517,530,150,79
767,21.900251446772657,657,2.0,0.527809739112854,1497,523,154,80
770,21.900251446772657,657,2.0,0.46635186672210693,1866,559,105,57
767,21.933585162825583,658,2.0,0.344776451587677,1480,513,154,75
770,21.933585162825583,658,2.0,0.5554601550102234,1854,554,127,61
767,21.96691887887851,659,2.0,0.3716382384300232,1458,508,140,68
770,21.96691887887851,659,2.0,0.5322316288948059,1836,546,138,62
767,22.000252594931435,660,2.0,0.35616910457611084,1441,501,136,64
770,22.000252594931435,660,2.0,0.5389341711997986,1813,536,138,58
767,22.03358631098436,661,2.0,0.2643847167491913,1425,495,131,67
770,22.03358631098436,661,2.0,0.5815293788909912,1790,529,136,58
767,22.066920027037288,662,2.0,0.21111346781253815,1412,488,139,66
770,22.066920027037288,662,2.0,0.5189720988273621,1768,520,129,57
724,22.066920027037288,662,2.0,0.37638404965400696,937,325,82,38
767,22.100253743090214,663,2.0,0.10998062044382095,1389,484,133,63
770,22.100253743090214,663,2.0,0.4749103784561157,1747,513,124,55
724,22.100253743090214,663,2.0,0.14486412703990936,931,322,76,36
767,22.13358745914314,664,2.0,0.2256145030260086,1373,477,132,63
770,22.13358745914314,664,2.0,0.5000796318054199,1724,507,123,53
767,22.166921175196066,665,2.0,0.3872532844543457,1358,470,127,64
770,22.166921175196066,665,2.0,0.5805241465568542,1701,502,123,54
767,22.200254891248996,666,2.0,0.2520662248134613,1344,465,127,66
770,22.200254891248996,666,2.0,0.4818645119667053,1679,495,120,53
770,22.23358860730192,667,2.0,0.4383423328399658,1660,487,115,50
770,22.266922323354848,668,2.0,0.5167940855026245,1641,481,112,51
770,22.300256039407774,669,2.0,0.4105653762817383,1619,476,118,52
770,22.3335897554607,670,2.0,0.5278406143188477,1601,471,112,52
767,22.3335897554607,670,2.0,0.31106171011924744,1289,444,133,73
770,22.366923471513626,671,2.0,0.490719199180603,1586,463,105,49
767,22.366923471513626,671,2.0,0.3355005085468292,1273,441,122,71
770,22.400257187566552,672,2.0,0.5161682367324829,1567,458,103,47
767,22.400257187566552,672,2.0,0.170075461268425,1261,436,115,61
770,22.43359090361948,673,2.0,0.39033421874046326,1549,453,106,49
767,22.43359090361948,673,2.0,0.2840014398097992,1247,431,121,58
770,22.466924619672405,674,2.0,0.5878548622131348,1530,449,106,49
767,22.466924619672405,674,2.0,0.22354818880558014,1235,423,126,53
770,22.50025833572533,675,2.0,0.44760388135910034,1514,440,99,43
770,22.533592051778257,676,2.0,0.5883727669715881,1500,436,95,45
767,22.533592051778257,676,2.0,0.2514740526676178,1207,413,117,56
770,22.566925767831183,677,2.0,0.47969430685043335,1485,432,97,48
770,22.600259483884113,678,2.0,0.431282639503479,1467,427,96,46
767,22.600259483884113,678,2.0,0.30237337946891785,1185,404,109,49
770,22.63359319993704,679,2.0,0.36573538184165955,1453,423,91,45
767,22.63359319993704,679,2.0,0.14825552701950073,1174,401,110,48
770,22.666926915989965,680,2.0,0.3764090836048126,1440,417,89,44
767,22.666926915989965,680,2.0,0.17219889163970947,1162,394,106,52
770,22.70026063204289,681,2.0,0.5670031309127808,1425,413,89,46
767,22.70026063204289,681,2.0,0.13152162730693817,1147,388,107,54
770,22.733594348095817,682,2.0,0.5001685619354248,1410,407,89,43
767,22.733594348095817,682,2.0,0.16047276556491852,1138,387,105,56
770,22.766928064148743,683,2.0,0.3818678855895996,1395,404,88,43
770,22.80026178020167,684,2.0,0.3199952244758606,1353,391,84,40
770,22.833595496254596,685,2.0,0.1833857297897339,1341,386,78,34
770,22.86692921230752,686,2.0,0.11233526468276978,1326,383,82,39
770,22.900262928360448,687,2.0,0.12356595695018768,1303,380,102,42
770,22.933596644413374,688,2.0,0.11861610412597656,1281,377,121,42
839,22.9669303604663,689,2.0,0.6146793365478516,1535,538,152,69
839,23.00026407651923,690,2.0,0.4720599949359894,1517,533,149,61
839,23.033597792572156,691,2.0,0.3229345381259918,1496,525,146,55
839,23.066931508625082,692,2.0,0.44859424233436584,1480,515,152,54
839,23.100265224678008,693,2.0,0.5463821887969971,1457,508,145,57
839,23.133598940730934,694,2.0,0.5372697114944458,1439,503,142,57
839,23.16693265678386,695,2.0,0.3355085551738739,1419,497,141,57
839,23.200266372836786,696,2.0,0.17250096797943115,1400,486,148,60
839,23.233600088889713,697,2.0,0.3755711317062378,1382,480,141,57
839,23.26693380494264,698,2.0,0.4836222529411316,1367,475,138,58
839,23.300267520995565,699,2.0,0.326665461063385,1352,471,136,50
839,23.33360123704849,700,2.0,0.2677096128463745,1336,462,136,54
839,23.366934953101417,701,2.0,0.18038031458854675,1318,461,131,49
848,23.366934953101417,701,2.0,0.3613968789577484,866,274,100,77
839,23.400268669154347,702,2.0,0.2830357253551483,1304,455,125,47
848,23.400268669154347,702,2.0,0.41804203391075134,864,273,105,76
839,23.433602385207273,703,2.0,0.16955433785915375,1290,453,121,51
848,23.433602385207273,703,2.0,0.23530369997024536,861,273,112,74
839,23.4669361012602,704,2.0,0.14861415326595306,1278,442,112,50
848,23.4669361012602,704,2.0,0.23032818734645844,860,273,115,75
839,23.500269817313125,705,2.0,0.243486225605011,1272,437,94,44
848,23.500269817313125,705,2.0,0.13409432768821716,858,273,119,77
839,23.53360353336605,706,2.0,0.39803460240364075,1250,431,114,46
839,23.566937249418977,707,2.0,0.3640815317630768,1231,425,121,47
839,23.600270965471903,708,2.0,0.3069872260093689,1216,420,118,40
893,23.63360468152483,709,2.0,0.3749181032180786,868,281,95,68
893,23.666938397577756,710,2.0,0.3344265818595886,868,280,96,68
893,23.70027211363068,711,2.0,0.38336825370788574,864,280,102,67
893,23.733605829683608,712,2.0,0.3377257287502289,863,279,104,67
893,23.766939545736534,713,2.0,0.13999195396900177,860,278,110,67
893,23.800273261789464,714,2.0,0.10050744563341141,859,277,113,69
932,23.83360697784239,715,2.0,0.5542002320289612,1648,635,188,115
932,23.866940693895316,716,2.0,0.5989986658096313,1626,633,186,109
932,23.900274409948242,717,2.0,0.33664700388908386,1602,623,190,97
932,23.933608126001168,718,2.0,0.329081267118454,1571,615,178,92
932,23.966941842054094,719,2.0,0.4409238398075104,1545,601,168,87
932,24.00027555810702,720,2.0,0.40491458773612976,1518,603,161,108
939,24.00027555810702,720,0.0,0.48633044958114624,743,454,72,112
932,24.033609274159947,721,2.0,0.3147723078727722,1493,590,157,100
932,24.066942990212873,722,2.0,0.3139583170413971,1472,575,157,89
932,24.1002767062658,723,2.0,0.24532592296600342,1452,560,148,73
932,24.133610422318725,724,2.0,0.180741548538208,1430,552,151,76
932,24.16694413837165,725,2.0,0.2253526896238327,1409,544,147,75
932,24.20027785442458,726,2.0,0.41086429357528687,1389,533,139,64
932,24.233611570477507,727,2.0,0.12390562146902084,1373,523,128,57
932,24.266945286530433,728,2.0,0.17756757140159607,1360,512,109,55
932,24.30027900258336,729,2.0,0.20144984126091003,1338,505,112,55
932,24.333612718636285,730,2.0,0.14765982329845428,1314,494,126,59
932,24.36694643468921,731,2.0,0.31321313977241516,1293,492,133,71
932,24.400280150742137,732,2.0,0.43770474195480347,1275,484,127,61
932,24.433613866795064,733,2.0,0.3253980576992035,1256,479,127,59
932,24.46694758284799,734,2.0,0.18550990521907806,1238,470,128,57
932,24.500281298900916,735,2.0,0.3807879686355591,1220,462,129,58
932,24.533615014953842,736,2.0,0.3699274957180023,1206,457,123,55
932,24.566948731006768,737,2.0,0.3391849994659424,1189,453,119,56
932,24.600282447059698,738,2.0,0.1680271476507187,1181,444,106,53
960,24.600282447059698,738,9.0,0.37834760546684265,691,224,38,52
932,24.633616163112624,739,2.0,0.3527938425540924,1161,439,112,54
960,24.633616163112624,739,9.0,0.3114446699619293,689,224,39,52
932,24.66694987916555,740,2.0,0.21474304795265198,1145,436,112,52
960,24.66694987916555,740,9.0,0.30585160851478577,686,223,39,54
932,24.700283595218476,741,2.0,0.16773325204849243,1131,432,112,51
960,24.700283595218476,741,9.0,0.26353350281715393,683,222,38,54
976,24.733617311271402,742,9.0,0.40731221437454224,546,175,33,47
976,24.76695102732433,743,9.0,0.34051474928855896,545,174,35,48
976,24.800284743377254,744,9.0,0.2641761004924774,544,174,36,48
976,24.83361845943018,745,9.0,0.13260184228420258,541,172,34,45
976,24.866952175483107,746,9.0,0.10463544726371765,539,171,32,45
1007,24.900285891536033,747,9.0,0.5302726030349731,976,297,52,72
1007,24.93361960758896,748,9.0,0.31148454546928406,970,296,51,75
1007,24.966953323641885,749,9.0,0.24020549654960632,962,292,46,72
1025,25.000287039694815,750,2.0,0.5714195966720581,974,622,134,121
1025,25.03362075574774,751,2.0,0.3354044258594513,989,630,143,121
1025,25.066954471800667,752,2.0,0.519890546798706,997,637,131,122
1025,25.100288187853593,753,2.0,0.40948086977005005,1015,649,138,129
1025,25.13362190390652,754,2.0,0.3414004445075989,1035,667,145,142
1025,25.166955619959445,755,2.0,0.3405618667602539,1050,677,146,143
1025,25.20028933601237,756,2.0,0.4052179455757141,1072,686,162,142
1025,25.233623052065298,757,2.0,0.43764346837997437,1085,701,155,147
1025,25.266956768118224,758,2.0,0.1458178162574768,1104,709,164,148
1030,25.266956768118224,758,9.0,0.4818597733974457,754,227,39,57
1025,25.30029048417115,759,2.0,0.24382896721363068,1114,718,157,148
1030,25.30029048417115,759,9.0,0.34311172366142273,751,227,43,57
1025,25.333624200224076,760,2.0,0.30735477805137634,1128,724,159,142
1030,25.333624200224076,760,9.0,0.30765652656555176,748,225,44,57
1025,25.366957916277002,761,2.0,0.1749340146780014,1155,736,172,142
1030,25.366957916277002,761,9.0,0.23921985924243927,742,221,48,59
1025,25.40029163232993,762,2.0,0.46301695704460144,1176,752,181,151
1030,25.40029163232993,762,9.0,0.35096341371536255,739,219,49,58
1025,25.433625348382858,763,2.0,0.2774909734725952,1198,764,184,153
1030,25.433625348382858,763,9.0,0.3381558656692505,734,218,46,58
1025,25.466959064435784,764,2.0,0.41233161091804504,1215,777,191,152
1030,25.466959064435784,764,9.0,0.32232430577278137,730,217,42,59
1025,25.50029278048871,765,2.0,0.22492560744285583,1233,793,190,155
1030,25.50029278048871,765,9.0,0.23656290769577026,725,217,42,58
1025,25.533626496541636,766,2.0,0.20905646681785583,1259,804,200,161
1030,25.533626496541636,766,9.0,0.11192578077316284,722,215,41,57
1025,25.566960212594562,767,2.0,0.3247847855091095,1303,836,211,166
1025,25.60029392864749,768,2.0,0.33408769965171814,1325,851,215,170
1025,25.633627644700415,769,2.0,0.4411194622516632,1354,867,223,176
1025,25.66696136075334,770,2.0,0.30777865648269653,1378,883,223,182
1025,25.700295076806267,771,2.0,0.502478837966919,1401,901,230,184
1025,25.733628792859193,772,2.0,0.29410943388938904,1425,916,241,189
1025,25.76696250891212,773,2.0,0.38012078404426575,1456,933,236,193
1025,25.80029622496505,774,2.0,0.135306254029274,1523,958,334,207
1030,25.80029622496505,774,9.0,0.2595607042312622,689,207,38,50
1025,25.833629941017975,775,2.0,0.19367069005966187,1556,973,355,204
1030,25.833629941017975,775,9.0,0.3244500160217285,685,206,36,54
1025,25.8669636570709,776,2.0,0.208082914352417,1580,985,347,188
1030,25.8669636570709,776,9.0,0.3492262065410614,682,205,35,57
1025,25.900297373123827,777,2.0,0.5024452209472656,1596,993,329,173
1030,25.900297373123827,777,9.0,0.23033934831619263,679,204,36,55
1030,25.933631089176753,778,9.0,0.33253681659698486,667,199,36,48
1030,25.96696480522968,779,9.0,0.19213610887527466,665,197,38,48
1030,26.000298521282605,780,9.0,0.26323357224464417,663,197,39,48
1051,26.03363223733553,781,2.0,0.570868968963623,960,702,175,151
1052,26.03363223733553,781,2.0,0.5634230375289917,1646,639,177,91
1051,26.066965953388458,782,2.0,0.6183967590332031,976,710,179,154
1052,26.066965953388458,782,2.0,0.6443540453910828,1622,627,171,88
1051,26.100299669441384,783,2.0,0.5615109205245972,995,723,181,155
1052,26.100299669441384,783,2.0,0.6227045059204102,1592,614,165,78
1051,26.13363338549431,784,2.0,0.5635377168655396,1009,736,181,157
1052,26.13363338549431,784,2.0,0.6489818096160889,1564,604,163,78
1051,26.166967101547236,785,2.0,0.50544673204422,1023,748,182,160
1052,26.166967101547236,785,2.0,0.6116651892662048,1539,593,161,74
1051,26.200300817600166,786,2.0,0.5377286672592163,1047,764,193,165
1052,26.200300817600166,786,2.0,0.5565723180770874,1514,586,157,77
1051,26.233634533653092,787,2.0,0.4672512710094452,1068,779,200,168
1052,26.233634533653092,787,2.0,0.6298641562461853,1492,573,151,72
1051,26.266968249706018,788,2.0,0.30389276146888733,1087,791,201,171
1052,26.266968249706018,788,2.0,0.22856856882572174,1469,564,150,67
1051,26.300301965758944,789,2.0,0.4562036991119385,1111,809,210,176
1052,26.300301965758944,789,2.0,0.37941184639930725,1447,559,149,74
1051,26.33363568181187,790,2.0,0.3047346770763397,1131,825,215,184
1052,26.33363568181187,790,2.0,0.3458317816257477,1428,548,137,67
1051,26.366969397864796,791,2.0,0.6109042167663574,1152,840,214,188
1052,26.366969397864796,791,2.0,0.4232335686683655,1405,542,139,68
1051,26.400303113917722,792,2.0,0.4311712682247162,1175,858,222,199
1052,26.400303113917722,792,2.0,0.3407227098941803,1386,534,137,66
1051,26.43363682997065,793,2.0,0.42370954155921936,1200,876,227,208
1052,26.43363682997065,793,2.0,0.20239070057868958,1366,527,132,67
1051,26.466970546023575,794,2.0,0.5948989987373352,1226,897,234,214
1052,26.466970546023575,794,2.0,0.22967420518398285,1345,520,133,71
1051,26.5003042620765,795,2.0,0.5335972905158997,1253,917,246,220
1052,26.5003042620765,795,2.0,0.150107279419899,1325,513,136,76
1051,26.533637978129427,796,2.0,0.5303184390068054,1282,938,258,221
1052,26.533637978129427,796,2.0,0.21459287405014038,1305,503,129,67
1051,26.566971694182353,797,2.0,0.16739146411418915,1330,956,309,226
1052,26.566971694182353,797,2.0,0.3689650595188141,1289,495,126,66
1051,26.600305410235283,798,2.0,0.39388394355773926,1363,971,323,216
1052,26.600305410235283,798,2.0,0.42210307717323303,1273,487,123,60
1052,26.63363912628821,799,2.0,0.40535035729408264,1256,479,121,57
1052,26.666972842341135,800,2.0,0.27499696612358093,1236,473,124,55
1052,26.70030655839406,801,2.0,0.30603528022766113,1222,465,119,53
1052,26.733640274446987,802,2.0,0.383354514837265,1208,457,113,52
1052,26.766973990499913,803,2.0,0.3670196533203125,1189,452,112,53
1052,26.80030770655284,804,2.0,0.23927538096904755,1176,445,108,51
1052,26.833641422605766,805,2.0,0.38499611616134644,1161,438,105,47
1052,26.86697513865869,806,2.0,0.42407795786857605,1148,434,101,50
1062,26.86697513865869,806,2.0,0.5275815725326538,1581,514,146,59
1052,26.900308854711618,807,2.0,0.3411032557487488,1135,428,99,47
1062,26.900308854711618,807,2.0,0.3605831563472748,1566,506,151,61
1052,26.933642570764544,808,2.0,0.3345763087272644,1121,422,95,50
1062,26.933642570764544,808,2.0,0.3961292803287506,1547,502,148,63
1052,26.96697628681747,809,2.0,0.1372634619474411,1102,416,108,52
1062,26.96697628681747,809,2.0,0.42319685220718384,1531,497,139,62
1052,27.0003100028704,810,2.0,0.3752569556236267,1093,410,96,46
1062,27.0003100028704,810,2.0,0.3424111008644104,1514,490,136,58
1052,27.033643718923326,811,2.0,0.4547417461872101,1081,406,93,43
1062,27.033643718923326,811,2.0,0.21399283409118652,1498,486,136,53
1052,27.066977434976252,812,2.0,0.22595007717609406,1068,402,88,42
1062,27.066977434976252,812,2.0,0.3117920160293579,1482,475,143,63
1052,27.100311151029178,813,2.0,0.34621676802635193,1057,396,85,39
1062,27.100311151029178,813,2.0,0.31785187125205994,1467,468,137,63
1052,27.133644867082104,814,2.0,0.32657569646835327,1046,391,83,41
1062,27.133644867082104,814,2.0,0.3310409486293793,1455,464,137,57
1052,27.16697858313503,815,2.0,0.3873847424983978,1036,387,76,40
1062,27.16697858313503,815,2.0,0.30794283747673035,1442,461,131,53
1052,27.200312299187956,816,2.0,0.3061387836933136,1023,383,83,39
1062,27.200312299187956,816,2.0,0.23439329862594604,1422,460,135,51
1052,27.233646015240883,817,2.0,0.43778547644615173,1010,378,85,39
1062,27.233646015240883,817,2.0,0.18653255701065063,1407,454,138,55
1052,27.26697973129381,818,2.0,0.22587370872497559,1001,374,77,36
1062,27.26697973129381,818,2.0,0.2406548410654068,1387,451,149,57
1052,27.300313447346735,819,2.0,0.27169570326805115,994,369,72,37
1062,27.300313447346735,819,2.0,0.21737580001354218,1377,451,136,57
1052,27.33364716339966,820,2.0,0.3453490734100342,981,364,69,36
1062,27.33364716339966,820,2.0,0.18369685113430023,1369,451,127,53
1052,27.366980879452587,821,2.0,0.1186070367693901,972,361,65,35
1052,27.400314595505517,822,2.0,0.15703558921813965,967,358,56,35
1070,27.433648311558443,823,2.0,0.44679194688796997,897,363,123,74
1070,27.46698202761137,824,2.0,0.41636091470718384,891,361,129,84
1070,27.500315743664295,825,2.0,0.3918539881706238,881,356,131,84
1070,27.53364945971722,826,2.0,0.3038633167743683,870,348,126,73
1073,27.53364945971722,826,2.0,0.4191591143608093,870,335,122,45
1070,27.566983175770147,827,2.0,0.4425162971019745,862,341,117,61
1070,27.600316891823073,828,2.0,0.3841763436794281,854,332,112,44
1073,27.600316891823073,828,2.0,0.4732884466648102,871,329,82,34
1125,27.633650607876,829,2.0,0.6215599775314331,1870,620,97,66
1125,27.666984323928926,830,2.0,0.5813685059547424,1860,617,117,70
1125,27.700318039981852,831,2.0,0.4569166600704193,1849,612,138,81
1125,27.733651756034778,832,2.0,0.48243746161460876,1838,608,161,87
1125,27.766985472087704,833,2.0,0.7099815011024475,1827,601,181,86
1125,27.800319188140634,834,2.0,0.6570464372634888,1813,592,196,88
1125,27.83365290419356,835,2.0,0.48129600286483765,1794,584,205,89
1125,27.866986620246486,836,2.0,0.43268412351608276,1775,578,205,84
1125,27.900320336299412,837,2.0,0.3410745859146118,1750,571,195,78
1125,27.93365405235234,838,2.0,0.48238956928253174,1727,564,200,78
1125,27.966987768405264,839,2.0,0.6113187670707703,1707,556,189,79
1125,28.00032148445819,840,2.0,0.47310662269592285,1687,550,183,80
1125,28.033655200511117,841,2.0,0.33589035272598267,1667,545,179,83
1125,28.066988916564043,842,2.0,0.4499070942401886,1647,536,177,79
1125,28.10032263261697,843,2.0,0.5162515640258789,1628,529,171,76
1125,28.133656348669895,844,2.0,0.5538884997367859,1610,523,166,72
1125,28.16699006472282,845,2.0,0.5401126742362976,1592,517,165,70
1125,28.20032378077575,846,2.0,0.5582952499389648,1574,511,158,69
1125,28.233657496828677,847,2.0,0.619257926940918,1557,505,159,67
1125,28.266991212881603,848,2.0,0.7015389800071716,1539,499,151,68
1125,28.30032492893453,849,2.0,0.5545164346694946,1523,492,151,67
1125,28.333658644987455,850,2.0,0.48045748472213745,1508,486,146,66
1125,28.36699236104038,851,2.0,0.479717880487442,1493,481,142,66
1125,28.400326077093307,852,2.0,0.4378983676433563,1477,476,141,66
1125,28.433659793146234,853,2.0,0.4830985367298126,1461,471,143,63
1125,28.46699350919916,854,2.0,0.5433564782142639,1449,466,135,61
1125,28.500327225252086,855,2.0,0.5023863315582275,1440,460,121,63
1125,28.533660941305012,856,2.0,0.5174232721328735,1420,455,128,63
1125,28.566994657357938,857,2.0,0.21877774596214294,1404,451,132,63
1125,28.600328373410868,858,2.0,0.3946410119533539,1391,444,128,63
1125,28.633662089463794,859,2.0,0.34699907898902893,1377,440,128,61
1125,28.66699580551672,860,2.0,0.5176928043365479,1363,437,127,62
1125,28.700329521569646,861,2.0,0.5026997923851013,1349,433,125,62
1125,28.733663237622572,862,2.0,0.25166457891464233,1336,429,126,61
1125,28.7669969536755,863,2.0,0.28277161717414856,1327,423,118,56
1125,28.800330669728424,864,2.0,0.3452529311180115,1321,418,111,55
1125,28.83366438578135,865,2.0,0.45975354313850403,1302,417,115,51
1125,28.866998101834277,866,2.0,0.287784218788147,1289,414,115,49
1125,28.900331817887203,867,2.0,0.1585245132446289,1276,411,116,48
1156,28.93366553394013,868,2.0,0.46200814843177795,1723,663,237,125
1156,28.966999249993055,869,2.0,0.399111807346344,1694,657,236,140
1156,29.000332966045985,870,2.0,0.4737817943096161,1666,638,232,123
1156,29.03366668209891,871,2.0,0.44435280561447144,1635,627,225,114
1156,29.067000398151837,872,2.0,0.5055828094482422,1611,618,225,115
1156,29.100334114204763,873,2.0,0.4921497702598572,1589,604,229,102
1156,29.13366783025769,874,2.0,0.38018012046813965,1558,598,219,109
1156,29.167001546310615,875,2.0,0.1871403604745865,1537,588,216,106
1156,29.20033526236354,876,2.0,0.3864167332649231,1510,587,203,117
1156,29.233668978416468,877,2.0,0.6213887929916382,1486,588,199,135
1156,29.267002694469394,878,2.0,0.3599841892719269,1466,574,195,124
1156,29.30033641052232,879,2.0,0.5935614705085754,1442,552,186,98
1156,29.333670126575246,880,2.0,0.5140494108200073,1422,541,182,90
1156,29.367003842628172,881,2.0,0.36353299021720886,1405,535,176,93
1156,29.4003375586811,882,2.0,0.3346894681453705,1383,541,177,128
1156,29.433671274734028,883,2.0,0.3628331422805786,1361,539,177,137
1156,29.467004990786954,884,2.0,0.4204108715057373,1340,526,174,127
1156,29.50033870683988,885,2.0,0.5203168988227844,1325,506,164,97
1156,29.533672422892806,886,2.0,0.4917224049568176,1306,513,166,122
1156,29.567006138945732,887,2.0,0.6159565448760986,1288,512,169,133
1156,29.60033985499866,888,2.0,0.521819531917572,1273,506,166,130
1156,29.633673571051585,889,2.0,0.4693400263786316,1254,483,157,95
1156,29.66700728710451,890,2.0,0.217866912484169,1238,484,154,109
1156,29.700341003157437,891,2.0,0.5290008187294006,1220,465,147,83
1156,29.733674719210363,892,2.0,0.43537279963493347,1204,456,146,75
1156,29.76700843526329,893,2.0,0.4104691743850708,1189,450,142,73
1156,29.80034215131622,894,2.0,0.585997462272644,1174,444,138,75
1156,29.833675867369145,895,2.0,0.6328285336494446,1159,437,139,70
1156,29.86700958342207,896,2.0,0.45053666830062866,1147,431,131,70
1156,29.900343299474997,897,2.0,0.4038138687610626,1133,423,126,66
1156,29.933677015527923,898,2.0,0.3353089690208435,1121,419,126,66
1183,29.933677015527923,898,2.0,0.39829882979393005,1123,437,131,100
1156,29.96701073158085,899,2.0,0.46642500162124634,1106,411,126,62
1183,29.96701073158085,899,2.0,0.11541279405355453,1112,435,132,106
1184,29.96701073158085,899,2.0,0.47386476397514343,1402,1001,244,150
1156,30.000344447633776,900,2.0,0.5053039193153381,1094,406,122,58
1184,30.000344447633776,900,2.0,0.20958341658115387,1422,1012,239,126
1156,30.0336781636867,901,2.0,0.4570446312427521,1079,405,124,62
1183,30.0336781636867,901,2.0,0.4335158169269562,1083,423,129,98
1156,30.067011879739628,902,2.0,0.481977641582489,1070,397,120,58
1183,30.067011879739628,902,2.0,0.41412627696990967,1072,418,125,99
1156,30.100345595792554,903,2.0,0.3901531398296356,1057,393,121,57
1183,30.100345595792554,903,2.0,0.23468077182769775,1058,407,124,86
1156,30.13367931184548,904,2.0,0.46701961755752563,1044,389,119,58
1156,30.167013027898406,905,2.0,0.426623672246933,1030,384,119,59
1156,30.200346743951336,906,2.0,0.1957486867904663,1020,379,119,58
1183,30.200346743951336,906,2.0,0.4211891293525696,1020,400,128,99
1156,30.233680460004262,907,2.0,0.26943445205688477,1007,374,112,55
1183,30.233680460004262,907,2.0,0.33111467957496643,1008,395,117,96
1156,30.267014176057188,908,2.0,0.447646826505661,1000,370,106,55
1183,30.267014176057188,908,2.0,0.3010862171649933,1000,391,110,98
1156,30.300347892110114,909,2.0,0.3259977102279663,991,365,96,56
1183,30.300347892110114,909,2.0,0.3031430244445801,992,384,99,93
1156,30.33368160816304,910,2.0,0.280728816986084,984,362,91,56
1183,30.33368160816304,910,2.0,0.22012005746364594,983,381,96,91
1156,30.367015324215966,911,2.0,0.19075582921504974,980,363,78,62
1183,30.367015324215966,911,2.0,0.14950761198997498,973,378,95,89
1156,30.400349040268893,912,2.0,0.11688955873250961,974,358,63,49
1156,30.43368275632182,913,2.0,0.14663642644882202,970,355,53,36
1156,30.467016472374745,914,2.0,0.20363731682300568,961,353,53,33
1225,30.50035018842767,915,2.0,0.6373621821403503,1866,661,105,72
1225,30.533683904480597,916,2.0,0.7087213397026062,1852,656,132,79
1225,30.567017620533523,917,2.0,0.6797405481338501,1838,646,161,90
1225,30.600351336586453,918,2.0,0.29759693145751953,1824,638,188,96
1225,30.63368505263938,919,2.0,0.4628452956676483,1805,627,205,93
1225,30.667018768692305,920,2.0,0.5072891116142273,1778,618,210,93
1225,30.70035248474523,921,2.0,0.7319259643554688,1750,606,210,90
1225,30.733686200798157,922,2.0,0.6921234130859375,1720,597,207,88
1225,30.767019916851083,923,2.0,0.5397700667381287,1692,587,198,85
1225,30.80035363290401,924,2.0,0.4678659439086914,1664,576,190,86
1225,30.833687348956936,925,2.0,0.4626937508583069,1639,566,189,82
1225,30.86702106500986,926,2.0,0.5736513137817383,1612,556,176,76
1225,30.900354781062788,927,2.0,0.395355761051178,1586,546,169,76
1225,30.933688497115714,928,2.0,0.5943657159805298,1563,537,165,73
1225,30.96702221316864,929,2.0,0.7217993140220642,1540,530,159,70
1225,31.00035592922157,930,2.0,0.7461062669754028,1519,522,157,71
1225,31.033689645274496,931,2.0,0.7450863718986511,1495,513,155,71
1225,31.067023361327422,932,2.0,0.7551846504211426,1474,506,149,66
1225,31.100357077380348,933,2.0,0.6174583435058594,1454,500,143,66
1225,31.133690793433274,934,2.0,0.36969301104545593,1434,490,139,65
1225,31.1670245094862,935,2.0,0.32364267110824585,1414,483,139,64
1225,31.200358225539127,936,2.0,0.46009719371795654,1393,476,142,62
1225,31.233691941592053,937,2.0,0.5995224714279175,1374,469,135,63
1245,31.233691941592053,937,2.0,0.3474772274494171,597,206,141,112
1225,31.26702565764498,938,2.0,0.34529733657836914,1356,461,134,60
1245,31.26702565764498,938,2.0,0.2051033228635788,595,207,140,113
1225,31.300359373697905,939,2.0,0.49198123812675476,1339,456,127,60
1245,31.300359373697905,939,2.0,0.10884995758533478,593,206,140,111
1225,31.33369308975083,940,2.0,0.2853824496269226,1322,450,124,59
1245,31.33369308975083,940,2.0,0.11271931976079941,590,204,137,110
1225,31.367026805803757,941,2.0,0.5726562738418579,1305,443,120,59
1249,31.367026805803757,941,2.0,0.3430022895336151,873,280,95,59
1225,31.400360521856687,942,2.0,0.7080057859420776,1289,436,121,56
1249,31.400360521856687,942,2.0,0.25799641013145447,872,279,100,62
1225,31.433694237909613,943,2.0,0.628271758556366,1271,431,118,54
1249,31.433694237909613,943,2.0,0.193327859044075,870,278,105,63
1225,31.46702795396254,944,2.0,0.5888524055480957,1255,425,117,53
1249,31.46702795396254,944,2.0,0.15303578972816467,866,276,118,67
1225,31.500361670015465,945,2.0,0.6205084323883057,1239,420,115,53
1249,31.500361670015465,945,2.0,0.1589181274175644,864,275,123,69
1225,31.53369538606839,946,2.0,0.5501636862754822,1225,414,116,54
1249,31.53369538606839,946,2.0,0.1190941259264946,864,275,130,71
1225,31.567029102121317,947,2.0,0.36938682198524475,1210,409,110,53
1225,31.600362818174244,948,2.0,0.4887855052947998,1195,404,106,51
1225,31.63369653422717,949,2.0,0.3987404406070709,1182,399,101,51
1225,31.667030250280096,950,2.0,0.31621065735816956,1169,393,94,50
1225,31.700363966333022,951,2.0,0.5241087675094604,1155,386,94,48
1225,31.733697682385948,952,2.0,0.38927534222602844,1143,382,94,45
1225,31.767031398438874,953,2.0,0.43573734164237976,1129,378,93,46
1225,31.800365114491804,954,2.0,0.26148247718811035,1115,374,92,45
1225,31.83369883054473,955,2.0,0.13462385535240173,1104,370,88,45
1253,31.83369883054473,955,2.0,0.48669156432151794,1052,397,201,105
1225,31.867032546597656,956,2.0,0.13313055038452148,1093,365,85,42
1253,31.867032546597656,956,2.0,0.4230717718601227,1045,393,194,106
1225,31.900366262650582,957,2.0,0.253866970539093,1079,360,83,41
1253,31.900366262650582,957,2.0,0.24747808277606964,1040,391,180,103
1261,31.93369997870351,958,2.0,0.4769776463508606,939,353,167,105
1261,31.967033694756434,959,2.0,0.5877564549446106,930,345,162,107
1261,32.00036741080936,960,2.0,0.45226991176605225,922,341,155,112
1261,32.03370112686229,961,2.0,0.3689784109592438,910,338,155,113
1261,32.06703484291521,962,2.0,0.44408392906188965,902,336,153,109
1261,32.10036855896814,963,2.0,0.39737850427627563,894,335,149,102
1261,32.133702275021065,964,2.0,0.48505133390426636,885,331,149,105
1261,32.167035991073995,965,2.0,0.6096702814102173,876,328,144,106
1261,32.20036970712692,966,2.0,0.37811279296875,872,328,142,101
1261,32.23370342317985,967,2.0,0.6087977886199951,869,325,146,104
1261,32.26703713923277,968,2.0,0.5347278118133545,864,328,156,109
1261,32.3003708552857,969,2.0,0.43882298469543457,860,326,162,110
1261,32.33370457133862,970,2.0,0.17397575080394745,855,319,165,100
1261,32.36703828739155,971,2.0,0.22980216145515442,852,317,175,98
1261,32.40037200344448,972,2.0,0.2002934366464615,845,311,174,96
1261,32.433705719497404,973,2.0,0.1118900328874588,837,309,165,93
1261,32.46703943555033,974,2.0,0.1748928725719452,821,307,143,86
1261,32.500373151603256,975,2.0,0.14355143904685974,809,306,127,83
1261,32.533706867656186,976,2.0,0.3459402918815613,727,277,107,82
1261,32.56704058370911,977,2.0,0.11811352521181107,723,274,100,82
1261,32.60037429976204,978,2.0,0.31610673666000366,716,271,100,81
1261,32.63370801581496,979,2.0,0.2500557005405426,712,269,100,83
1261,32.66704173186789,980,9.0,0.2179393172264099,704,269,82,74
1261,32.70037544792081,981,9.0,0.2317119836807251,701,267,89,72
1261,32.73370916397374,982,9.0,0.2377440333366394,698,265,89,72
1261,32.767042880026665,983,9.0,0.2780672311782837,693,264,91,73
1261,32.800376596079595,984,9.0,0.1538652628660202,690,262,88,74
1261,32.833710312132524,985,9.0,0.16762079298496246,686,260,89,72
1261,32.86704402818545,986,9.0,0.1817290186882019,680,258,86,74
1261,32.90037774423838,987,9.0,0.16541385650634766,675,257,82,74
1261,32.9337114602913,988,2.0,0.22725966572761536,672,253,82,73
1261,32.96704517634423,989,2.0,0.30336102843284607,668,249,82,74
1261,33.00037889239715,990,2.0,0.3483222723007202,663,248,79,72
1261,33.03371260845008,991,2.0,0.2942706346511841,657,246,80,74
1261,33.067046324503,992,2.0,0.14224830269813538,654,246,81,76
1261,33.10038004055593,993,2.0,0.22002215683460236,650,246,83,79
1261,33.133713756608856,994,2.0,0.17788992822170258,646,245,89,80
1261,33.167047472661785,995,2.0,0.14166539907455444,642,245,87,82
1261,33.200381188714715,996,2.0,0.12581956386566162,637,247,87,88
1281,33.23371490476764,997,2.0,0.4745660424232483,1059,344,208,114
1281,33.26704862082057,998,2.0,0.2475343644618988,1051,336,209,105
1281,33.30038233687349,999,2.0,0.3378731310367584,1045,346,199,123
1281,33.33371605292642,1000,2.0,0.5880581736564636,1043,353,193,121
1281,33.36704976897934,1001,2.0,0.5284649729728699,1041,351,201,132
1281,33.40038348503227,1002,2.0,0.4511701762676239,1020,345,197,127
1281,33.433717201085194,1003,2.0,0.3053547441959381,1008,342,198,120
1281,33.467050917138124,1004,2.0,0.31168293952941895,1000,337,205,133
1281,33.50038463319105,1005,2.0,0.2033890336751938,993,329,199,129
1281,33.533718349243976,1006,2.0,0.16471467912197113,982,327,191,132
1281,33.567052065296906,1007,2.0,0.2238147258758545,975,329,190,134
1281,33.60038578134983,1008,2.0,0.24264229834079742,962,334,210,143
1281,33.63371949740276,1009,2.0,0.3028392791748047,957,328,203,133
1281,33.66705321345568,1010,2.0,0.2238871157169342,951,325,196,131
1291,33.70038692950861,1011,2.0,0.3843803405761719,822,273,179,107
1291,33.73372064556153,1012,2.0,0.3118132948875427,819,272,185,103
1291,33.76705436161446,1013,2.0,0.3389623165130615,814,265,194,100
1291,33.800388077667385,1014,2.0,0.3552994132041931,811,264,199,96
1291,33.833721793720315,1015,2.0,0.3803868889808655,810,261,205,96
1291,33.86705550977324,1016,2.0,0.42447489500045776,810,261,211,102
1291,33.90038922582617,1017,2.0,0.32074132561683655,807,261,216,106
1291,33.93372294187909,1018,2.0,0.34690526127815247,805,261,215,108
1291,33.96705665793202,1019,2.0,0.10273031145334244,785,259,189,103
1295,34.00039037398495,1020,2.0,0.36049214005470276,573,171,51,52
1295,34.03372409003787,1021,2.0,0.340321809053421,571,166,49,46
1295,34.0670578060908,1022,2.0,0.36202529072761536,569,163,50,42
1295,34.100391522143724,1023,2.0,0.29370567202568054,567,165,50,47
1298,34.100391522143724,1023,2.0,0.47278451919555664,1433,438,124,46
1295,34.133725238196654,1024,2.0,0.36815208196640015,564,168,50,55
1298,34.133725238196654,1024,2.0,0.10570358484983444,1418,434,136,52
1295,34.167058954249576,1025,2.0,0.38599398732185364,562,168,49,59
1298,34.167058954249576,1025,2.0,0.16280138492584229,1407,429,136,54
1295,34.200392670302506,1026,2.0,0.377955824136734,560,169,46,60
1298,34.200392670302506,1026,2.0,0.30199411511421204,1396,424,126,54
1295,34.23372638635543,1027,2.0,0.44197213649749756,559,168,43,60
1298,34.23372638635543,1027,2.0,0.1841411590576172,1384,422,124,53
1295,34.26706010240836,1028,2.0,0.4296835958957672,557,168,42,60
1298,34.26706010240836,1028,2.0,0.22519075870513916,1374,416,122,46
1295,34.30039381846128,1029,2.0,0.3748096823692322,555,168,41,61
1298,34.30039381846128,1029,2.0,0.1710822880268097,1361,415,130,48
1295,34.33372753451421,1030,2.0,0.41474097967147827,554,168,40,59
1298,34.33372753451421,1030,2.0,0.17206232249736786,1351,410,127,49
1295,34.36706125056714,1031,2.0,0.3904665410518646,552,169,41,60
1298,34.36706125056714,1031,2.0,0.16756971180438995,1343,413,117,50
1295,34.40039496662006,1032,2.0,0.30308517813682556,550,168,42,62
1298,34.40039496662006,1032,2.0,0.10792121291160583,1329,404,114,41
1295,34.43372868267299,1033,2.0,0.24329690635204315,549,166,41,61
1295,34.467062398725915,1034,2.0,0.2637106776237488,546,166,38,60
1295,34.500396114778844,1035,2.0,0.23859956860542297,543,165,38,60
1295,34.53372983083177,1036,2.0,0.15969610214233398,542,166,38,65
1295,34.5670635468847,1037,2.0,0.15711702406406403,540,164,38,66
1295,34.60039726293762,1038,2.0,0.3427010774612427,533,159,34,63
1295,34.63373097899055,1039,2.0,0.2214907556772232,532,160,34,63
1295,34.66706469504347,1040,2.0,0.23906159400939941,531,159,35,62
1295,34.7003984110964,1041,2.0,0.2611468732357025,530,159,34,62
1295,34.733732127149324,1042,2.0,0.24682344496250153,529,160,35,60
1295,34.76706584320225,1043,2.0,0.1362268477678299,527,159,34,60
1295,34.80039955925518,1044,2.0,0.2105056345462799,526,158,33,58
1295,34.833733275308106,1045,2.0,0.1927710473537445,523,159,32,55
1295,34.867066991361035,1046,2.0,0.24258705973625183,522,159,33,54
1295,34.90040070741396,1047,2.0,0.18492256104946136,521,158,33,55
1295,34.93373442346689,1048,2.0,0.16907669603824615,520,157,31,56
1295,34.96706813951981,1049,2.0,0.17170774936676025,519,156,31,59
1295,35.00040185557274,1050,2.0,0.12414983659982681,517,156,31,59
1295,35.03373557162566,1051,2.0,0.12831741571426392,516,155,29,58
1295,35.06706928767859,1052,2.0,0.19305630028247833,515,154,29,57
1295,35.100403003731515,1053,2.0,0.13419391214847565,514,153,29,57
1295,35.133736719784444,1054,2.0,0.1409122794866562,512,154,29,55
1295,35.167070435837374,1055,2.0,0.12307435274124146,511,154,29,56
1295,35.2004041518903,1056,2.0,0.14360108971595764,509,151,29,57
1295,35.233737867943226,1057,9.0,0.28918230533599854,498,147,27,54
1295,35.26707158399615,1058,9.0,0.30631157755851746,497,146,27,53
1295,35.30040530004908,1059,9.0,0.2777791917324066,497,146,27,52
1295,35.333739016102,1060,9.0,0.2335832566022873,497,146,27,52
1295,35.36707273215493,1061,9.0,0.1907612532377243,496,146,27,51
1295,35.40040644820785,1062,9.0,0.14939813315868378,495,145,26,50
1295,35.43374016426078,1063,9.0,0.11114779859781265,494,144,26,49
1295,35.467073880313706,1064,9.0,0.11201224476099014,493,144,26,48
1318,35.500407596366635,1065,9.0,0.33569228649139404,49,266,47,70
1318,35.53374131241956,1066,9.0,0.3488002419471741,49,265,46,68
1318,35.56707502847249,1067,9.0,0.297976016998291,49,263,45,67
1318,35.60040874452542,1068,9.0,0.15182863175868988,50,261,45,68
1318,35.63374246057834,1069,9.0,0.182652086019516,51,261,44,69
1318,35.66707617663127,1070,9.0,0.1369887888431549,52,261,44,69
1318,35.70040989268419,1071,9.0,0.1680123507976532,52,261,45,70
1318,35.73374360873712,1072,9.0,0.16540569067001343,53,259,45,71
1318,35.767077324790044,1073,9.0,0.182308629155159,53,258,46,71
1318,35.800411040842974,1074,9.0,0.2110324651002884,53,257,46,71
1318,35.833744756895896,1075,9.0,0.23698893189430237,54,257,46,71
1318,35.867078472948826,1076,9.0,0.22440879046916962,55,257,45,70
1318,35.90041218900175,1077,9.0,0.18900702893733978,55,256,45,71
1318,35.93374590505468,1078,9.0,0.11501605063676834,56,256,44,70
1322,35.96707962110761,1079,9.0,0.4272924065589905,782,243,41,62
1322,36.00041333716053,1080,9.0,0.13268138468265533,779,239,38,55
1327,36.03374705321346,1081,9.0,0.4052361249923706,740,225,35,52
1328,36.03374705321346,1081,2.0,0.5908670425415039,1447,799,207,133
1327,36.06708076926638,1082,9.0,0.44374823570251465,737,225,36,54
1328,36.06708076926638,1082,2.0,0.3962383270263672,1477,813,215,137
1327,36.10041448531931,1083,9.0,0.41841909289360046,736,224,37,52
1328,36.10041448531931,1083,2.0,0.6599526405334473,1512,832,223,146
1327,36.133748201372235,1084,9.0,0.4774887263774872,733,223,37,54
1328,36.133748201372235,1084,2.0,0.36890313029289246,1546,853,222,150
1327,36.167081917425165,1085,9.0,0.36984145641326904,730,223,37,55
1327,36.20041563347809,1086,9.0,0.20319873094558716,726,222,37,54
1327,36.23374934953102,1087,9.0,0.2032923400402069,722,223,36,52
1327,36.26708306558394,1088,9.0,0.3016450107097626,702,215,37,51
1327,36.30041678163687,1089,9.0,0.2594333291053772,699,216,37,50
1327,36.33375049768979,1090,9.0,0.268332302570343,696,214,36,49
1327,36.36708421374272,1091,9.0,0.23280459642410278,694,211,33,47
1327,36.40041792979565,1092,9.0,0.2809351086616516,691,210,32,46
1327,36.433751645848574,1093,9.0,0.31796643137931824,688,209,33,45
1327,36.4670853619015,1094,9.0,0.24266262352466583,685,208,33,47
1327,36.500419077954426,1095,9.0,0.28879058361053467,683,206,32,46
1327,36.533752794007356,1096,9.0,0.3136615753173828,681,206,31,46
1327,36.56708651006028,1097,9.0,0.3346652388572693,678,204,30,47
1327,36.60042022611321,1098,9.0,0.2923704981803894,675,204,32,48
1327,36.63375394216613,1099,9.0,0.34619951248168945,673,203,31,49
1327,36.66708765821906,1100,9.0,0.29074835777282715,671,203,33,51
1327,36.70042137427198,1101,9.0,0.2597249448299408,669,202,34,48
1327,36.73375509032491,1102,9.0,0.23990993201732635,666,200,33,45
1327,36.76708880637784,1103,9.0,0.29699721932411194,664,200,34,44
1327,36.800422522430765,1104,9.0,0.26137804985046387,662,199,34,44
1327,36.833756238483694,1105,9.0,0.2095508724451065,661,200,34,46
1327,36.86708995453662,1106,9.0,0.18762728571891785,658,199,33,45
1327,36.90042367058955,1107,9.0,0.22887490689754486,655,198,31,44
1327,36.93375738664247,1108,9.0,0.18184009194374084,653,197,32,43
1327,36.9670911026954,1109,9.0,0.10314080864191055,650,196,32,42
1327,37.00042481874832,1110,9.0,0.147581085562706,648,196,32,44
1327,37.03375853480125,1111,9.0,0.12708458304405212,646,196,33,44
1327,37.067092250854174,1112,9.0,0.14726488292217255,644,195,33,42
1327,37.1004259669071,1113,9.0,0.10038267821073532,642,194,35,40
1354,37.1004259669071,1113,2.0,0.5152516961097717,1249,391,52,30
1354,37.133759682960026,1114,2.0,0.5312227010726929,1238,389,52,26
1364,37.167093399012956,1115,2.0,0.5210604071617126,1017,318,83,33
1364,37.200427115065885,1116,2.0,0.34711596369743347,1010,316,81,27
1364,37.23376083111881,1117,2.0,0.45550182461738586,1009,315,57,27
1394,37.26709454717174,1118,2.0,0.5204665660858154,1180,677,172,117
1394,37.30042826322466,1119,2.0,0.5263682007789612,1193,689,175,112
1394,37.33376197927759,1120,2.0,0.3766900897026062,1224,702,182,115
1394,37.36709569533051,1121,2.0,0.26429030299186707,1246,716,194,123
1394,37.40042941138344,1122,2.0,0.24985919892787933,1268,732,190,123
1394,37.433763127436364,1123,2.0,0.46632957458496094,1297,746,194,127
1394,37.467096843489294,1124,2.0,0.5145825147628784,1326,763,202,136
1394,37.50043055954222,1125,2.0,0.634357750415802,1354,778,205,138
1394,37.533764275595146,1126,2.0,0.4937244653701782,1382,795,210,142
1394,37.567097991648076,1127,2.0,0.6774771213531494,1408,811,219,147
1394,37.600431707701,1128,2.0,0.41991111636161804,1438,829,225,156
1394,37.63376542375393,1129,2.0,0.45346248149871826,1469,850,228,159
1394,37.66709913980685,1130,2.0,0.6985248923301697,1503,870,235,165
1394,37.70043285585978,1131,2.0,0.4569067060947418,1537,890,244,175
1394,37.7337665719127,1132,2.0,0.4465564787387848,1572,913,254,177
1394,37.76710028796563,1133,2.0,0.19323225319385529,1608,933,258,183
1394,37.800434004018555,1134,2.0,0.1107148602604866,1683,958,344,197
1400,37.833767720071485,1135,2.0,0.5542497038841248,1678,630,236,132
1400,37.86710143612441,1136,2.0,0.5678802132606506,1654,625,225,111
1400,37.90043515217734,1137,2.0,0.19262951612472534,1632,615,227,107
1400,37.93376886823026,1138,2.0,0.3853326141834259,1611,606,232,104
1400,37.96710258428319,1139,2.0,0.3469702899456024,1583,597,220,92
1400,38.00043630033612,1140,2.0,0.19727617502212524,1568,592,228,91
1400,38.03377001638904,1141,2.0,0.36347365379333496,1546,579,231,88
1400,38.06710373244197,1142,2.0,0.3069722056388855,1449,540,227,83
1400,38.100437448494894,1143,2.0,0.16904641687870026,1431,533,236,83
1400,38.133771164547824,1144,2.0,0.37967661023139954,1413,515,233,101
1446,38.167104880600746,1145,2.0,0.5260224938392639,1560,544,169,89
1446,38.200438596653676,1146,2.0,0.22356505692005157,1541,532,164,65
1446,38.2337723127066,1147,2.0,0.5573472380638123,1520,521,160,75
1446,38.26710602875953,1148,2.0,0.4845203757286072,1501,516,157,68
1446,38.30043974481245,1149,2.0,0.45050081610679626,1485,511,156,72
1446,38.33377346086538,1150,2.0,0.4618804454803467,1469,506,155,65
1446,38.36710717691831,1151,2.0,0.4871123135089874,1447,501,151,69
1446,38.40044089297123,1152,2.0,0.29466548562049866,1429,497,147,86
1446,38.43377460902416,1153,2.0,0.30911433696746826,1412,487,148,75
1454,38.43377460902416,1153,2.0,0.41392892599105835,1853,602,132,81
1446,38.467108325077085,1154,2.0,0.14620791375637054,1396,480,149,63
1454,38.467108325077085,1154,2.0,0.35962018370628357,1841,595,150,70
1446,38.500442041130015,1155,2.0,0.3478587567806244,1379,476,142,62
1454,38.500442041130015,1155,2.0,0.21533413231372833,1830,593,174,88
1446,38.53377575718294,1156,2.0,0.34677499532699585,1363,468,142,60
1454,38.53377575718294,1156,2.0,0.11877502501010895,1808,585,176,80
1446,38.56710947323587,1157,2.0,0.27605313062667847,1349,459,138,61
1454,38.56710947323587,1157,2.0,0.20597635209560394,1803,582,211,89
1465,38.60044318928879,1158,9.0,0.4505973756313324,788,309,66,68
1480,38.63377690534172,1159,2.0,0.35278773307800293,815,289,84,61
1480,38.66711062139464,1160,2.0,0.3876989483833313,811,288,88,63
1480,38.70044433744757,1161,2.0,0.2935080826282501,809,287,93,63
1480,38.733778053500494,1162,2.0,0.2469007819890976,806,286,96,63
1480,38.76711176955342,1163,2.0,0.11688455194234848,795,282,74,59
1489,38.80044548560635,1164,9.0,0.330766886472702,1413,109,28,41
1489,38.833779201659276,1165,9.0,0.17747914791107178,1415,107,30,36
1489,38.867112917712205,1166,9.0,0.28954586386680603,1414,107,30,39
1489,38.90044663376513,1167,9.0,0.2762323319911957,1414,108,30,40
1489,38.93378034981806,1168,9.0,0.29655078053474426,1414,108,30,40
1489,38.96711406587098,1169,9.0,0.16968584060668945,1417,108,32,39
1489,39.00044778192391,1170,9.0,0.2759517431259155,1415,106,29,36
1489,39.03378149797683,1171,9.0,0.2692328989505768,1414,106,27,36
1494,39.03378149797683,1171,2.0,0.4056788682937622,775,273,236,146
1489,39.06711521402976,1172,9.0,0.2738714814186096,1414,105,26,34
1494,39.06711521402976,1172,2.0,0.5019383430480957,767,270,221,139
1489,39.100448930082685,1173,9.0,0.26369622349739075,1413,104,25,33
1494,39.100448930082685,1173,2.0,0.5253397822380066,761,269,212,136
1489,39.133782646135614,1174,9.0,0.25580379366874695,1412,105,24,34
1494,39.133782646135614,1174,2.0,0.4633934795856476,756,268,206,135
1489,39.167116362188544,1175,9.0,0.24930138885974884,1412,104,23,33
1494,39.167116362188544,1175,2.0,0.4276938736438751,754,265,203,130
1489,39.20045007824147,1176,9.0,0.2516922354698181,1413,105,24,33
1494,39.20045007824147,1176,2.0,0.1712208241224289,753,266,207,129
1489,39.233783794294396,1177,9.0,0.22733226418495178,1412,104,24,32
1494,39.233783794294396,1177,2.0,0.17563007771968842,744,263,201,127
1489,39.26711751034732,1178,9.0,0.2147264927625656,1412,104,24,32
1494,39.26711751034732,1178,2.0,0.163362517952919,735,262,192,128
1489,39.30045122640025,1179,9.0,0.21766166388988495,1412,104,23,33
1494,39.30045122640025,1179,2.0,0.3654913902282715,733,263,189,127
1489,39.33378494245317,1180,9.0,0.20615936815738678,1411,104,22,32
1494,39.33378494245317,1180,2.0,0.18842634558677673,726,261,185,129
1489,39.3671186585061,1181,9.0,0.18155211210250854,1411,104,21,32
1489,39.40045237455902,1182,9.0,0.19855783879756927,1410,104,21,31
1489,39.43378609061195,1183,9.0,0.238469660282135,1411,104,21,32
1489,39.467119806664876,1184,9.0,0.1943594366312027,1411,104,21,32
1494,39.467119806664876,1184,2.0,0.25300589203834534,712,256,189,126
1489,39.500453522717805,1185,9.0,0.20503339171409607,1411,104,20,32
1489,39.53378723877073,1186,9.0,0.1792106330394745,1411,103,20,30
1489,39.56712095482366,1187,9.0,0.17723481357097626,1411,103,20,31
1489,39.60045467087659,1188,9.0,0.15911275148391724,1411,104,20,32
1489,39.63378838692951,1189,9.0,0.1502661257982254,1411,102,20,30
1489,39.66712210298244,1190,9.0,0.16536593437194824,1411,102,20,30
1489,39.70045581903536,1191,9.0,0.14325545728206635,1411,102,20,30
1489,39.73378953508829,1192,9.0,0.13026057183742523,1411,102,20,31
1489,39.767123251141214,1193,9.0,0.14868596196174622,1412,102,20,29
1489,39.800456967194144,1194,9.0,0.15913061797618866,1411,102,21,30
1489,39.83379068324707,1195,9.0,0.12308475375175476,1411,103,21,32
1489,39.867124399299996,1196,9.0,0.12724050879478455,1411,103,21,31
1489,39.90045811535292,1197,9.0,0.16201017796993256,1411,103,20,31
1489,39.93379183140585,1198,9.0,0.18251188099384308,1411,102,20,30
1489,39.96712554745878,1199,9.0,0.18979795277118683,1411,102,21,29
1489,40.0004592635117,1200,9.0,0.19403605163097382,1411,102,21,29
1489,40.03379297956463,1201,9.0,0.163106307387352,1411,102,21,28
1489,40.06712669561755,1202,9.0,0.20918934047222137,1411,102,21,28
1489,40.10046041167048,1203,9.0,0.20354685187339783,1413,103,25,28
1489,40.133794127723405,1204,9.0,0.19207793474197388,1413,103,25,28
1489,40.167127843776335,1205,9.0,0.20562610030174255,1413,103,25,27
1489,40.20046155982926,1206,9.0,0.2202168107032776,1413,102,25,26
1489,40.23379527588219,1207,9.0,0.23933130502700806,1413,102,24,27
1489,40.26712899193511,1208,9.0,0.23196369409561157,1413,102,25,27
1489,40.30046270798804,1209,9.0,0.21954920887947083,1413,102,24,27
1489,40.33379642404096,1210,9.0,0.16270068287849426,1413,102,23,28
1489,40.36713014009389,1211,9.0,0.180304616689682,1412,102,23,28
1489,40.40046385614682,1212,9.0,0.1461390107870102,1412,102,22,30
1489,40.433797572199744,1213,9.0,0.17313933372497559,1412,103,22,31
1489,40.46713128825267,1214,9.0,0.1684870719909668,1412,103,22,31
1489,40.500465004305596,1215,9.0,0.1488506942987442,1413,102,24,28
1489,40.533798720358526,1216,9.0,0.10011446475982666,1414,102,25,27
1489,40.56713243641145,1217,9.0,0.1141495332121849,1413,102,23,27
1489,40.60046615246438,1218,9.0,0.11761567741632462,1412,102,22,27
1489,40.6337998685173,1219,9.0,0.12612727284431458,1412,102,21,27
1489,40.66713358457023,1220,9.0,0.11795876175165176,1412,101,22,27
1489,40.70046730062315,1221,9.0,0.13112866878509521,1412,101,21,26
1489,40.73380101667608,1222,9.0,0.12687188386917114,1412,101,21,26
1489,40.76713473272901,1223,9.0,0.12373223155736923,1411,101,20,26
1489,40.800468448781935,1224,9.0,0.15511733293533325,1411,101,20,26
1489,40.833802164834864,1225,9.0,0.1552780121564865,1411,102,21,25
1489,40.86713588088779,1226,9.0,0.15436144173145294,1411,102,21,25
1489,40.90046959694072,1227,9.0,0.12207381427288055,1411,102,21,25
1489,40.93380331299364,1228,9.0,0.10952315479516983,1411,102,20,25
1489,40.96713702904657,1229,9.0,0.13651730120182037,1411,102,21,25
1489,41.00047074509949,1230,9.0,0.1367490440607071,1411,102,20,25
1489,41.03380446115242,1231,9.0,0.14179138839244843,1411,102,20,25
1489,41.067138177205344,1232,9.0,0.12285344302654266,1411,102,20,25
1489,41.10047189325827,1233,9.0,0.1460520327091217,1411,102,20,25
1489,41.133805609311196,1234,9.0,0.172012060880661,1411,102,20,26
1489,41.167139325364126,1235,9.0,0.12434607744216919,1411,102,21,27
1489,41.200473041417055,1236,9.0,0.1595572829246521,1411,102,20,27
1489,41.23380675746998,1237,9.0,0.1543549746274948,1411,102,20,27
1489,41.26714047352291,1238,9.0,0.1417599320411682,1411,102,20,27
1489,41.30047418957583,1239,9.0,0.10753592103719711,1411,102,21,27
1489,41.33380790562876,1240,9.0,0.10031329095363617,1412,102,21,27
1489,41.36714162168168,1241,9.0,0.11450101435184479,1412,102,21,27
1503,41.36714162168168,1241,2.0,0.47590672969818115,1057,787,163,118
1489,41.40047533773461,1242,9.0,0.14479680359363556,1411,102,20,29
1503,41.40047533773461,1242,2.0,0.13693808019161224,1065,791,153,105
1489,41.433809053787535,1243,9.0,0.1432906985282898,1411,102,20,30
1489,41.467142769840464,1244,9.0,0.13637234270572662,1412,102,20,29
1489,41.50047648589339,1245,9.0,0.12876608967781067,1411,101,20,28
1511,41.53381020194632,1246,2.0,0.5541043281555176,1635,561,181,70
1526,41.567143917999246,1247,7.0,0.34266647696495056,454,112,129,148
1526,41.60047763405217,1248,7.0,0.3650549352169037,454,112,128,148
1526,41.6338113501051,1249,7.0,0.28313443064689636,454,111,126,146
1526,41.66714506615802,1250,7.0,0.21522589027881622,453,112,125,147
1526,41.70047878221095,1251,7.0,0.2232591211795807,453,111,124,147
1526,41.73381249826387,1252,7.0,0.17310793697834015,452,108,125,142
1526,41.7671462143168,1253,7.0,0.3096310794353485,451,109,127,143
1526,41.800479930369725,1254,7.0,0.2503639757633209,451,109,125,141
1526,41.833813646422655,1255,7.0,0.220495343208313,451,107,124,139
1526,41.86714736247558,1256,7.0,0.16525959968566895,451,107,122,138
1526,41.90048107852851,1257,7.0,0.13359548151493073,451,108,121,139
1549,41.93381479458143,1258,2.0,0.48806411027908325,1618,623,181,96
1549,41.96714851063436,1259,2.0,0.35087108612060547,1596,616,187,92
1549,42.00048222668729,1260,2.0,0.23446358740329742,1566,616,176,98
1549,42.03381594274021,1261,2.0,0.37517157196998596,1537,602,166,89
1549,42.06714965879314,1262,2.0,0.40262970328330994,1511,604,159,108
1549,42.100483374846064,1263,2.0,0.40238937735557556,1487,584,156,89
1549,42.133817090898994,1264,2.0,0.18801890313625336,1463,574,155,83
1549,42.167150806951916,1265,2.0,0.2676004469394684,1440,563,151,78
1549,42.200484523004846,1266,2.0,0.23856611549854279,1419,554,148,79
1549,42.23381823905777,1267,2.0,0.119294174015522,1398,543,148,74
1549,42.2671519551107,1268,2.0,0.1640530824661255,1379,542,141,84
1549,42.30048567116362,1269,2.0,0.1689627766609192,1358,535,138,83
1549,42.33381938721655,1270,2.0,0.11724067479372025,1337,525,140,101
1549,42.36715310326948,1271,2.0,0.17830874025821686,1316,523,140,112
1549,42.4004868193224,1272,2.0,0.13593444228172302,1298,522,135,113
1549,42.43382053537533,1273,2.0,0.2155904769897461,1280,500,129,81
1549,42.467154251428255,1274,2.0,0.23171710968017578,1261,489,127,68
1549,42.500487967481185,1275,2.0,0.11439026892185211,1244,485,124,69
1549,42.53382168353411,1276,2.0,0.3719547688961029,1227,471,122,61
1549,42.56715539958704,1277,2.0,0.5087559819221497,1211,465,120,61
1549,42.60048911563996,1278,2.0,0.4312816858291626,1194,456,118,52
1549,42.63382283169289,1279,2.0,0.39820557832717896,1180,454,114,54
1549,42.66715654774581,1280,2.0,0.3674529194831848,1164,447,112,47
1549,42.70049026379874,1281,2.0,0.20313158631324768,1149,442,110,46
1549,42.733823979851664,1282,2.0,0.15516771376132965,1134,441,109,51
1549,42.767157695904594,1283,2.0,0.10755221545696259,1125,431,93,39
1549,42.80049141195752,1284,2.0,0.13221324980258942,1113,424,86,44
1549,42.833825128010446,1285,2.0,0.20136778056621552,1095,419,99,45
1549,42.867158844063376,1286,2.0,0.2955544590950012,1080,412,102,55
1574,42.9004925601163,1287,2.0,0.46549472212791443,1048,420,100,93
1574,42.93382627616923,1288,2.0,0.3394453823566437,1035,415,99,88
1574,42.96715999222215,1289,2.0,0.38028010725975037,1020,410,97,82
1574,43.00049370827508,1290,2.0,0.3946143686771393,1009,405,95,83
1574,43.033827424328,1291,2.0,0.27150359749794006,998,398,93,81
1574,43.06716114038093,1292,2.0,0.3327026069164276,990,392,84,76
1574,43.100494856433855,1293,9.0,0.1781613677740097,984,389,74,76
1574,43.133828572486784,1294,9.0,0.30067920684814453,975,384,69,73
1574,43.167162288539714,1295,2.0,0.3545602858066559,961,380,70,72
1574,43.20049600459264,1296,2.0,0.12407209724187851,950,376,72,72
1574,43.233829720645566,1297,2.0,0.1992550492286682,935,370,80,77
1574,43.26716343669849,1298,2.0,0.14467167854309082,925,368,77,79
1574,43.30049715275142,1299,2.0,0.16655728220939636,913,365,79,80
1574,43.33383086880434,1300,2.0,0.12787356972694397,906,362,78,77
1574,43.36716458485727,1301,2.0,0.3355492055416107,896,354,81,82
1574,43.40049830091019,1302,2.0,0.2928241491317749,885,350,77,73
1574,43.43383201696312,1303,2.0,0.30820608139038086,875,345,80,74
1574,43.467165733016046,1304,2.0,0.24196776747703552,866,340,77,78
1574,43.500499449068975,1305,2.0,0.2262406051158905,860,337,76,78
1574,43.5338331651219,1306,2.0,0.17552302777767181,856,336,70,76
1574,43.56716688117483,1307,2.0,0.1376883089542389,846,330,74,83
1574,43.60050059722776,1308,2.0,0.24119961261749268,842,329,84,82
1574,43.63383431328068,1309,2.0,0.16825738549232483,831,325,80,77
1574,43.66716802933361,1310,2.0,0.3193172216415405,821,321,76,75
1574,43.70050174538653,1311,2.0,0.18224254250526428,816,318,75,73
1574,43.73383546143946,1312,2.0,0.289811372756958,804,315,72,71
1574,43.767169177492384,1313,2.0,0.24125982820987701,797,314,77,72
1574,43.800502893545314,1314,9.0,0.11837314814329147,792,313,73,70
1574,43.83383660959824,1315,9.0,0.12657764554023743,782,310,70,71
1574,43.867170325651166,1316,2.0,0.29493454098701477,777,305,71,69
1574,43.90050404170409,1317,2.0,0.19239024817943573,768,302,66,66
1574,43.93383775775702,1318,2.0,0.12969842553138733,762,299,67,66
1574,43.96717147380995,1319,9.0,0.25084036588668823,756,297,63,63
1574,44.00050518986287,1320,9.0,0.1685260832309723,749,295,61,65
1574,44.0338389059158,1321,9.0,0.10701223462820053,743,292,61,67
1574,44.06717262196872,1322,9.0,0.11691752821207047,738,290,60,65
1574,44.10050633802165,1323,2.0,0.23725511133670807,731,288,63,65
1574,44.133840054074575,1324,9.0,0.2414741963148117,724,286,64,66
1574,44.167173770127505,1325,2.0,0.3995564877986908,717,282,63,65
1574,44.20050748618043,1326,2.0,0.30745241045951843,712,279,63,65
1574,44.23384120223336,1327,2.0,0.2538881003856659,706,276,61,62
1574,44.26717491828628,1328,2.0,0.10764708369970322,701,274,59,62
1574,44.30050863433921,1329,2.0,0.1641484498977661,696,274,60,62
1574,44.33384235039213,1330,2.0,0.35552531480789185,651,253,49,59
1574,44.36717606644506,1331,2.0,0.27649685740470886,648,252,50,58
1574,44.40050978249799,1332,2.0,0.115313820540905,642,251,50,58
1603,44.433843498550914,1333,2.0,0.5285604596138,1559,542,155,68
1603,44.46717721460384,1334,2.0,0.4427197575569153,1540,536,155,69
1603,44.500510930656766,1335,2.0,0.41550111770629883,1521,530,150,66
1604,44.500510930656766,1335,2.0,0.31625625491142273,1885,176,65,35
1603,44.533844646709696,1336,2.0,0.6680669784545898,1500,519,145,69
1604,44.533844646709696,1336,2.0,0.23940856754779816,1885,176,64,33
1603,44.56717836276262,1337,2.0,0.5396530628204346,1483,514,141,63
1604,44.56717836276262,1337,2.0,0.11563760042190552,1885,175,61,31
1603,44.60051207881555,1338,2.0,0.2665006220340729,1466,509,140,64
1604,44.60051207881555,1338,2.0,0.11539673805236816,1885,175,60,30
1603,44.63384579486847,1339,2.0,0.11602398008108139,1448,502,131,55
1604,44.63384579486847,1339,2.0,0.13773326575756073,1886,174,60,29
1603,44.6671795109214,1340,2.0,0.20105862617492676,1430,491,129,65
1604,44.6671795109214,1340,2.0,0.21883739531040192,1886,175,61,31
1603,44.70051322697432,1341,2.0,0.17556126415729523,1417,488,129,62
1604,44.70051322697432,1341,2.0,0.12810273468494415,1887,174,61,30
1604,44.73384694302725,1342,2.0,0.13138672709465027,1887,174,61,29
1604,44.76718065908018,1343,2.0,0.11979074031114578,1887,174,61,29
1603,44.800514375133105,1344,2.0,0.25072094798088074,1366,466,128,67
1603,44.833848091186034,1345,2.0,0.13190564513206482,1352,464,123,66
1609,44.86718180723896,1346,2.0,0.4259372353553772,1855,615,125,64
1619,44.90051552329189,1347,2.0,0.5526382923126221,1608,523,152,70
1619,44.93384923934481,1348,2.0,0.5625874996185303,1593,518,151,64
1619,44.96718295539774,1349,2.0,0.4692782759666443,1569,508,148,64
1619,45.00051667145066,1350,2.0,0.5836713314056396,1546,504,141,67
1619,45.03385038750359,1351,2.0,0.512880802154541,1532,495,135,64
1619,45.067184103556514,1352,2.0,0.3084143400192261,1514,490,134,61
1619,45.10051781960944,1353,2.0,0.3146898150444031,1499,484,130,65
1619,45.133851535662366,1354,2.0,0.425638347864151,1467,474,130,60
1619,45.167185251715296,1355,2.0,0.3126388192176819,1451,468,131,59
1619,45.200518967768225,1356,2.0,0.4729999005794525,1434,463,126,57
1619,45.23385268382115,1357,2.0,0.33514150977134705,1419,457,124,59
1619,45.26718639987408,1358,2.0,0.17769642174243927,1404,451,126,64
1619,45.300520115927,1359,2.0,0.31967800855636597,1387,446,124,62
1619,45.33385383197993,1360,2.0,0.37248605489730835,1374,442,127,61
1619,45.36718754803285,1361,2.0,0.32912275195121765,1360,439,123,54
1619,45.40052126408578,1362,2.0,0.18528951704502106,1345,436,127,75
1619,45.433854980138705,1363,2.0,0.17320911586284637,1336,427,118,67
1619,45.467188696191634,1364,2.0,0.22893905639648438,1320,424,124,65
1619,45.50052241224456,1365,2.0,0.31196555495262146,1284,403,116,68
1619,45.53385612829749,1366,2.0,0.2189186066389084,1270,403,111,54
1632,45.567189844350416,1367,9.0,0.3835030794143677,734,270,52,79
1632,45.60052356040334,1368,9.0,0.3780253529548645,729,268,53,81
1632,45.63385727645627,1369,9.0,0.2866417169570923,724,266,54,83
1632,45.66719099250919,1370,9.0,0.27778780460357666,719,264,52,83
1632,45.70052470856212,1371,9.0,0.34665319323539734,715,264,50,85
1632,45.73385842461504,1372,9.0,0.2972039580345154,711,263,50,85
1632,45.76719214066797,1373,9.0,0.412384569644928,707,262,49,86
1632,45.800525856720895,1374,9.0,0.27110880613327026,703,261,50,85
1632,45.833859572773825,1375,9.0,0.36484453082084656,697,260,50,84
1632,45.86719328882675,1376,9.0,0.26972365379333496,693,259,50,85
1632,45.90052700487968,1377,9.0,0.2976335883140564,689,255,49,83
1632,45.9338607209326,1378,9.0,0.31439846754074097,685,253,46,83
1632,45.96719443698553,1379,9.0,0.3575615882873535,681,252,46,83
1632,46.00052815303846,1380,9.0,0.2683083117008209,676,250,46,79
1632,46.03386186909138,1381,9.0,0.26101183891296387,672,249,44,81
1632,46.06719558514431,1382,9.0,0.23224346339702606,669,247,45,80
1632,46.100529301197234,1383,9.0,0.21803098917007446,667,244,48,80
1632,46.133863017250164,1384,9.0,0.2529217600822449,664,243,47,79
1632,46.167196733303086,1385,9.0,0.2311849296092987,661,242,47,78
1632,46.200530449356016,1386,9.0,0.3094788193702698,656,240,43,78
1632,46.23386416540894,1387,9.0,0.3716803193092346,651,239,43,77
1632,46.26719788146187,1388,9.0,0.23188912868499756,648,237,44,78
1632,46.30053159751479,1389,9.0,0.1469191163778305,645,235,42,75
1632,46.33386531356772,1390,9.0,0.20959590375423431,641,232,43,71
1632,46.36719902962065,1391,9.0,0.2633872926235199,638,231,43,70
1632,46.40053274567357,1392,9.0,0.21062643826007843,634,231,39,68
1632,46.4338664617265,1393,9.0,0.21870261430740356,630,228,37,64
1632,46.467200177779425,1394,9.0,0.13790449500083923,627,228,38,63
1632,46.500533893832355,1395,9.0,0.11230836063623428,624,227,39,64
1674,46.53386760988528,1396,2.0,0.4254896342754364,1854,668,129,83
1674,46.56720132593821,1397,2.0,0.2354985922574997,1842,661,152,83
1674,46.60053504199113,1398,2.0,0.21610520780086517,1830,655,177,76
1674,46.63386875804406,1399,2.0,0.23473094403743744,1815,646,191,89
1674,46.66720247409698,1400,2.0,0.3493846356868744,1789,635,195,87
1674,46.70053619014991,1401,2.0,0.2791363596916199,1764,627,195,85
1703,46.733869906202834,1402,9.0,0.34311750531196594,721,256,57,113
1703,46.767203622255764,1403,9.0,0.36972811818122864,717,254,58,112
1703,46.80053733830869,1404,9.0,0.3027664124965668,712,252,64,109
1703,46.833871054361616,1405,9.0,0.3937537670135498,672,232,61,90
1703,46.867204770414546,1406,9.0,0.42613106966018677,668,235,61,99
1703,46.90053848646747,1407,9.0,0.3318450450897217,664,237,62,101
1703,46.9338722025204,1408,9.0,0.2358199954032898,662,236,62,99
1703,46.96720591857332,1409,9.0,0.31050997972488403,657,234,59,99
1703,47.00053963462625,1410,9.0,0.21783952414989471,654,233,59,98
1703,47.03387335067917,1411,9.0,0.22321991622447968,650,232,61,99
1703,47.0672070667321,1412,9.0,0.1849619448184967,643,232,52,98
1711,47.0672070667321,1412,2.0,0.426509827375412,900,357,152,119
1703,47.100540782785025,1413,9.0,0.23315924406051636,638,230,48,93
1711,47.100540782785025,1413,2.0,0.12944349646568298,900,355,138,123
1703,47.133874498837955,1414,9.0,0.27178817987442017,637,229,53,89
1711,47.133874498837955,1414,2.0,0.1463354080915451,898,349,110,131
1703,47.167208214890884,1415,9.0,0.19516649842262268,634,229,53,88
1703,47.20054193094381,1416,9.0,0.12767568230628967,633,227,57,91
1703,47.23387564699674,1417,9.0,0.11505605280399323,630,214,63,74
1712,47.26720936304966,1418,9.0,0.4646536409854889,584,214,38,79
1712,47.30054307910259,1419,9.0,0.31557777523994446,582,211,42,81
1712,47.33387679515551,1420,9.0,0.31442129611968994,581,208,48,83
1712,47.36721051120844,1421,9.0,0.38740918040275574,580,207,51,85
1712,47.40054422726136,1422,9.0,0.19541484117507935,582,205,55,87
1712,47.43387794331429,1423,9.0,0.20523568987846375,584,203,59,88
1712,47.467211659367216,1424,9.0,0.13440169394016266,582,202,64,89
1715,47.500545375420145,1425,9.0,0.4003933072090149,766,285,57,86
1715,47.53387909147307,1426,9.0,0.31375744938850403,762,285,58,87
1715,47.567212807526,1427,9.0,0.23597384989261627,755,284,56,86
1715,47.60054652357893,1428,9.0,0.2064051479101181,749,277,55,74
1715,47.63388023963185,1429,9.0,0.22203423082828522,744,273,51,70
1715,47.66721395568478,1430,9.0,0.3304465115070343,739,271,50,69
1715,47.7005476717377,1431,9.0,0.33054548501968384,735,270,48,68
1715,47.73388138779063,1432,9.0,0.4373193383216858,732,269,46,67
1715,47.767215103843554,1433,9.0,0.49678951501846313,727,268,45,69
1715,47.800548819896484,1434,9.0,0.4479597508907318,722,266,48,70
1715,47.83388253594941,1435,9.0,0.4388009011745453,718,265,45,72
1715,47.867216252002336,1436,9.0,0.2603672444820404,713,263,45,75
1715,47.90054996805526,1437,9.0,0.2983520030975342,709,262,43,77
1715,47.93388368410819,1438,9.0,0.37052738666534424,705,262,44,77
1715,47.96721740016112,1439,9.0,0.33160635828971863,701,262,47,80
1715,48.00055111621404,1440,9.0,0.3999501168727875,697,261,46,81
1715,48.03388483226697,1441,9.0,0.3564337193965912,692,259,45,78
1715,48.06721854831989,1442,9.0,0.44544047117233276,688,256,43,74
1715,48.10055226437282,1443,9.0,0.4535835087299347,684,255,41,74
1715,48.133885980425745,1444,9.0,0.351238489151001,680,251,41,74
1715,48.167219696478675,1445,9.0,0.3700973093509674,676,251,41,77
1715,48.2005534125316,1446,9.0,0.49730923771858215,673,249,41,74
1715,48.23388712858453,1447,9.0,0.43339356780052185,669,247,42,73
1715,48.26722084463745,1448,9.0,0.31928449869155884,665,245,41,73
1715,48.30055456069038,1449,9.0,0.2469947636127472,661,242,42,71
1715,48.3338882767433,1450,9.0,0.2271522730588913,658,242,42,68
1724,48.36722199279623,1451,2.0,0.4405980408191681,1529,538,167,67
1724,48.40055570884916,1452,2.0,0.32085391879081726,1512,533,163,65
1724,48.433889424902084,1453,2.0,0.43243715167045593,1474,517,159,62
1724,48.467223140955014,1454,2.0,0.1572001427412033,1453,510,155,60
1724,48.500556857007936,1455,2.0,0.44862157106399536,1436,503,155,59
1724,48.533890573060866,1456,2.0,0.1819602996110916,1419,493,157,64
1724,48.56722428911379,1457,2.0,0.26444387435913086,1401,487,164,68
1724,48.60055800516672,1458,2.0,0.30688783526420593,1384,483,154,64
1724,48.63389172121964,1459,2.0,0.32429495453834534,1369,479,149,61
1724,48.66722543727257,1460,2.0,0.25088679790496826,1354,472,147,59
1724,48.70055915332549,1461,2.0,0.32992976903915405,1338,465,146,57
1724,48.73389286937842,1462,2.0,0.42884597182273865,1321,460,143,57
1724,48.76722658543135,1463,2.0,0.2748507857322693,1307,454,139,61
1724,48.800560301484275,1464,2.0,0.3332965672016144,1295,454,136,58
1724,48.833894017537204,1465,2.0,0.3126380145549774,1281,451,136,57
1724,48.86722773359013,1466,2.0,0.3084314465522766,1266,442,131,55
1724,48.90056144964306,1467,2.0,0.2649851441383362,1252,435,129,57
1724,48.93389516569598,1468,2.0,0.2248581051826477,1238,429,128,50
1724,48.96722888174891,1469,2.0,0.4021061360836029,1225,425,131,48
1724,49.00056259780183,1470,2.0,0.36732059717178345,1211,422,127,44
1724,49.03389631385476,1471,2.0,0.3101758658885956,1199,416,121,43
1724,49.067230029907684,1472,2.0,0.42679375410079956,1187,410,119,46
1724,49.10056374596061,1473,2.0,0.23914659023284912,1176,408,122,42
1724,49.133897462013536,1474,2.0,0.30655989050865173,1163,403,117,38
1724,49.167231178066466,1475,2.0,0.15023617446422577,1150,397,115,38
1787,49.200564894119395,1476,9.0,0.41797125339508057,720,255,44,49
1787,49.23389861017232,1477,9.0,0.2491784393787384,715,255,47,51
1787,49.26723232622525,1478,9.0,0.2624048888683319,710,254,47,51
1787,49.30056604227817,1479,9.0,0.1064259335398674,704,255,46,55
1835,49.3338997583311,1480,9.0,0.4339652955532074,733,227,44,63
1835,49.36723347438402,1481,9.0,0.45220211148262024,729,226,45,60
1835,49.40056719043695,1482,9.0,0.31306034326553345,724,226,48,61
1835,49.433900906489875,1483,9.0,0.2696736752986908,723,227,43,64
1835,49.467234622542804,1484,9.0,0.27046459913253784,720,227,43,66
1835,49.50056833859573,1485,9.0,0.2212228626012802,717,224,43,63
1835,49.53390205464866,1486,9.0,0.2712171971797943,713,223,42,60
1835,49.567235770701586,1487,9.0,0.22819998860359192,710,223,43,63
1835,49.60056948675451,1488,9.0,0.23792193830013275,706,223,45,65
1835,49.63390320280744,1489,9.0,0.20360499620437622,702,222,43,63
1835,49.66723691886036,1490,9.0,0.2610059380531311,700,222,40,66
1835,49.70057063491329,1491,9.0,0.23304417729377747,696,221,42,66
1835,49.73390435096621,1492,9.0,0.26471590995788574,694,220,42,67
1835,49.76723806701914,1493,9.0,0.37670910358428955,692,220,41,69
1835,49.800571783072066,1494,9.0,0.3875022232532501,688,220,42,70
1835,49.833905499124995,1495,9.0,0.4343668818473816,685,220,41,70
1835,49.86723921517792,1496,9.0,0.5268401503562927,683,219,39,71
1835,49.90057293123085,1497,9.0,0.45530903339385986,681,219,39,70
1835,49.93390664728377,1498,9.0,0.35491129755973816,678,217,39,69
1835,49.9672403633367,1499,9.0,0.28569337725639343,675,215,39,67
1835,50.00057407938963,1500,9.0,0.19681955873966217,672,213,40,66
1835,50.03390779544255,1501,9.0,0.28281959891319275,669,213,39,66
1835,50.06724151149548,1502,9.0,0.2588902413845062,666,212,42,68
1835,50.100575227548404,1503,9.0,0.29455509781837463,663,211,41,66
1835,50.133908943601334,1504,9.0,0.23249934613704681,661,210,39,65
1835,50.167242659654256,1505,9.0,0.28042352199554443,660,207,40,60
1835,50.200576375707186,1506,9.0,0.254605770111084,658,205,39,58
1835,50.23391009176011,1507,9.0,0.19870583713054657,658,203,44,58
1835,50.26724380781304,1508,9.0,0.20509073138237,655,202,43,56
1835,50.30057752386596,1509,9.0,0.2968803644180298,653,202,41,58
1835,50.33391123991889,1510,9.0,0.30066215991973877,651,202,41,59
1835,50.36724495597182,1511,9.0,0.3098639249801636,650,202,45,59
1835,50.40057867202474,1512,9.0,0.14951342344284058,650,202,48,59
1835,50.43391238807767,1513,9.0,0.1286824494600296,647,203,46,64
1835,50.467246104130595,1514,9.0,0.1648322194814682,644,202,44,57
1835,50.500579820183525,1515,9.0,0.20451173186302185,642,200,45,59
1835,50.53391353623645,1516,9.0,0.14341694116592407,640,196,43,60
1835,50.56724725228938,1517,9.0,0.14977920055389404,641,196,48,59
1835,50.6005809683423,1518,9.0,0.21933327615261078,637,195,46,58
1835,50.63391468439523,1519,9.0,0.30973830819129944,634,195,46,55
1835,50.66724840044815,1520,9.0,0.2863602042198181,631,196,45,57
1835,50.70058211650108,1521,9.0,0.3118305206298828,629,196,44,57
1835,50.733915832554004,1522,9.0,0.17900297045707703,625,195,40,56
1835,50.767249548606934,1523,9.0,0.1075703427195549,622,191,39,54
1842,50.80058326465986,1524,2.0,0.5031759142875671,1775,644,190,107
1842,50.833916980712786,1525,2.0,0.24445834755897522,1753,645,197,124
1842,50.867250696765716,1526,2.0,0.15723995864391327,1723,638,196,137
1842,50.90058441281864,1527,2.0,0.32715630531311035,1702,629,197,136
1842,50.93391812887157,1528,2.0,0.47737449407577515,1675,619,184,127
1842,50.96725184492449,1529,2.0,0.4105014503002167,1650,615,176,136
1842,51.00058556097742,1530,2.0,0.4629218578338623,1627,607,177,142
1842,51.03391927703034,1531,2.0,0.3362357020378113,1609,601,182,147
1842,51.06725299308327,1532,2.0,0.3376280665397644,1544,563,162,115
1842,51.100586709136195,1533,2.0,0.31083330512046814,1521,544,154,86
1842,51.133920425189125,1534,2.0,0.5146064162254333,1501,534,152,74
1842,51.167254141242054,1535,2.0,0.19229097664356232,1482,523,152,71
1842,51.20058785729498,1536,2.0,0.16183222830295563,1465,516,145,71
1842,51.23392157334791,1537,2.0,0.31785187125205994,1446,511,143,72
1842,51.26725528940083,1538,2.0,0.18790507316589355,1431,505,134,65
1842,51.30058900545376,1539,2.0,0.12369635701179504,1414,496,137,68
1842,51.33392272150668,1540,2.0,0.1281866878271103,1396,503,141,95
1842,51.36725643755961,1541,2.0,0.26096290349960327,1379,499,140,95
1842,51.400590153612534,1542,2.0,0.1554548442363739,1363,497,136,99
1842,51.43392386966546,1543,2.0,0.49014171957969666,1315,463,130,65
1842,51.467257585718386,1544,2.0,0.2299635410308838,1299,456,127,61
1842,51.500591301771315,1545,2.0,0.28526148200035095,1285,450,122,57
1842,51.53392501782424,1546,2.0,0.31742608547210693,1272,444,115,57
1842,51.56725873387717,1547,2.0,0.39916738867759705,1257,439,113,56
1842,51.6005924499301,1548,2.0,0.20240069925785065,1245,435,108,58
1842,51.63392616598302,1549,2.0,0.14519725739955902,1230,430,112,58
1842,51.66725988203595,1550,2.0,0.33207133412361145,1215,424,112,54
1859,51.66725988203595,1550,2.0,0.5163934826850891,1853,618,129,74
1842,51.70059359808887,1551,2.0,0.24576371908187866,1202,418,109,52
1842,51.7339273141418,1552,2.0,0.358150452375412,1188,411,114,53
1842,51.767261030194724,1553,2.0,0.21158668398857117,1176,411,113,63
1842,51.800594746247654,1554,2.0,0.13784396648406982,1162,421,111,89
1862,51.800594746247654,1554,2.0,0.662056028842926,1806,624,226,166
1842,51.83392846230058,1555,2.0,0.2106749564409256,1150,417,108,87
1862,51.83392846230058,1555,2.0,0.6630988717079163,1796,617,246,163
1842,51.867262178353506,1556,2.0,0.27322372794151306,1141,418,105,95
1862,51.867262178353506,1556,2.0,0.24247251451015472,1781,612,271,163
1862,51.90059589440643,1557,2.0,0.7049740552902222,1733,601,221,161
1862,51.93392961045936,1558,2.0,0.6448459029197693,1700,596,196,166
1862,51.96726332651229,1559,2.0,0.45730215311050415,1681,591,193,168
1862,52.00059704256521,1560,2.0,0.45454853773117065,1656,554,181,113
1862,52.03393075861814,1561,2.0,0.4552747309207916,1635,535,181,85
1862,52.06726447467106,1562,2.0,0.6608800292015076,1610,524,168,75
1862,52.10059819072399,1563,2.0,0.44398579001426697,1588,516,164,68
1862,52.133931906776915,1564,2.0,0.6265509128570557,1566,507,161,67
1862,52.167265622829845,1565,2.0,0.553469717502594,1551,502,153,67
1862,52.20059933888277,1566,2.0,0.3924805521965027,1530,500,151,75
1862,52.2339330549357,1567,2.0,0.14712971448898315,1515,491,146,70
1862,52.26726677098862,1568,2.0,0.22286047041416168,1494,483,152,71
1862,52.30060048704155,1569,2.0,0.27589496970176697,1477,476,149,67
1862,52.33393420309447,1570,2.0,0.38197842240333557,1459,470,145,62
1882,52.33393420309447,1570,2.0,0.48480141162872314,1465,505,148,129
1862,52.3672679191474,1571,2.0,0.4206070005893707,1443,464,145,64
1882,52.3672679191474,1571,2.0,0.13606016337871552,1449,501,148,133
1862,52.40060163520033,1572,2.0,0.5366389751434326,1425,458,143,64
1862,52.433935351253254,1573,2.0,0.5750791430473328,1409,454,141,66
1862,52.467269067306184,1574,2.0,0.3605732321739197,1394,449,142,65
1882,52.467269067306184,1574,2.0,0.3968154788017273,1400,482,146,128
1862,52.500602783359106,1575,2.0,0.2979506552219391,1379,441,134,61
1882,52.500602783359106,1575,2.0,0.2739253342151642,1383,475,143,131
1862,52.533936499412036,1576,2.0,0.44248852133750916,1364,435,136,61
1882,52.533936499412036,1576,2.0,0.30139657855033875,1366,465,143,121
1862,52.56727021546496,1577,2.0,0.49418905377388,1348,432,133,65
1882,52.56727021546496,1577,2.0,0.23192745447158813,1349,457,140,115
1862,52.60060393151789,1578,2.0,0.20780505239963531,1342,428,113,63
1882,52.60060393151789,1578,2.0,0.3849845826625824,1336,458,139,121
1862,52.63393764757081,1579,2.0,0.2345256209373474,1323,423,123,54
1882,52.63393764757081,1579,2.0,0.3464853763580322,1322,457,137,121
1862,52.66727136362374,1580,2.0,0.2978467643260956,1308,419,128,57
1882,52.66727136362374,1580,2.0,0.2036636769771576,1313,442,148,101
1862,52.70060507967666,1581,2.0,0.25325652956962585,1292,413,127,56
1882,52.70060507967666,1581,2.0,0.10633210837841034,1296,438,138,100
1862,52.73393879572959,1582,2.0,0.29773667454719543,1277,409,125,56
1882,52.73393879572959,1582,2.0,0.205304354429245,1280,432,131,96
1882,52.76727251178252,1583,2.0,0.41725432872772217,1271,434,141,110
1882,52.800606227835445,1584,2.0,0.3841298520565033,1260,434,138,118
1882,52.833939943888375,1585,2.0,0.19522500038146973,1250,431,137,126
1882,52.8672736599413,1586,2.0,0.4523946940898895,1232,423,128,118
1862,52.8672736599413,1586,2.0,0.4243299663066864,1226,391,121,55
1882,52.90060737599423,1587,2.0,0.3625926673412323,1221,419,134,114
1862,52.90060737599423,1587,2.0,0.16203607618808746,1214,390,120,57
1882,52.93394109204715,1588,2.0,0.19853734970092773,1204,415,125,113
1862,52.93394109204715,1588,2.0,0.22728504240512848,1202,384,118,55
1882,52.96727480810008,1589,2.0,0.25808149576187134,1190,405,116,108
1862,52.96727480810008,1589,2.0,0.30511346459388733,1189,376,112,52
1862,53.000608524153,1590,2.0,0.35484907031059265,1179,373,113,49
1862,53.03394224020593,1591,2.0,0.2879355251789093,1167,368,113,50
1882,53.03394224020593,1591,2.0,0.2836257517337799,1166,388,117,88
1862,53.067275956258854,1592,2.0,0.45926961302757263,1154,365,108,50
1882,53.067275956258854,1592,2.0,0.2638390064239502,1155,385,111,88
1862,53.10060967231178,1593,2.0,0.1559317260980606,1144,366,106,47
1882,53.10060967231178,1593,2.0,0.2947929799556732,1144,387,109,88
1862,53.133943388364706,1594,2.0,0.16223818063735962,1135,362,109,50
1882,53.133943388364706,1594,2.0,0.2277144342660904,1138,385,106,88
1862,53.167277104417636,1595,2.0,0.18562506139278412,1125,360,105,54
1882,53.167277104417636,1595,2.0,0.30282658338546753,1127,384,105,90
1862,53.200610820470565,1596,2.0,0.1614234894514084,1112,354,106,46
1882,53.200610820470565,1596,2.0,0.10682546347379684,1113,376,109,86
1862,53.23394453652349,1597,2.0,0.30322781205177307,1102,350,103,44
1882,53.23394453652349,1597,2.0,0.28439992666244507,1104,375,105,92
1862,53.26727825257642,1598,2.0,0.33896613121032715,1092,349,102,49
1882,53.26727825257642,1598,2.0,0.3476767838001251,1093,372,104,96
1882,53.30061196862934,1599,2.0,0.20325203239917755,1083,370,103,91
1882,53.33394568468227,1600,2.0,0.3148864805698395,1073,368,102,90
1882,53.36727940073519,1601,2.0,0.2862165868282318,1063,366,98,91
1882,53.40061311678812,1602,2.0,0.2542470395565033,1053,361,97,90
1882,53.433946832841045,1603,2.0,0.15728166699409485,1046,360,96,98
1882,53.467280548893974,1604,2.0,0.15510602295398712,1038,356,98,101
1882,53.5006142649469,1605,2.0,0.18453074991703033,1030,351,95,99
1893,53.53394798099983,1606,9.0,0.4111027717590332,755,273,47,58
1862,53.53394798099983,1606,2.0,0.39160698652267456,1017,319,87,41
1882,53.567281697052756,1607,2.0,0.3369910717010498,991,341,93,92
1882,53.60061541310568,1608,2.0,0.36962923407554626,985,337,88,94
1862,53.60061541310568,1608,2.0,0.3497597873210907,984,312,83,54
1882,53.63394912915861,1609,2.0,0.23222258687019348,980,339,79,99
1882,53.66728284521153,1610,9.0,0.3576034605503082,973,336,63,100
1882,53.70061656126446,1611,2.0,0.12028927356004715,969,333,55,106
1882,53.73395027731738,1612,9.0,0.18102724850177765,964,332,56,108
1882,53.76728399337031,1613,9.0,0.13219508528709412,957,331,55,100
1905,53.800617709423236,1614,9.0,0.3855445384979248,689,254,42,62
1905,53.833951425476165,1615,9.0,0.44504496455192566,685,253,39,62
1905,53.86728514152909,1616,9.0,0.3418944180011749,679,250,42,65
1905,53.90061885758202,1617,9.0,0.1685461401939392,680,246,52,76
1905,53.93395257363494,1618,2.0,0.11533181369304657,679,242,56,75
1905,53.96728628968787,1619,2.0,0.20286619663238525,678,239,63,71
1913,54.0006200057408,1620,2.0,0.5580257177352905,1872,669,93,66
1915,54.0006200057408,1620,9.0,0.39994552731513977,623,225,35,54
1913,54.03395372179372,1621,2.0,0.6005313396453857,1860,663,117,70
1915,54.03395372179372,1621,9.0,0.18081724643707275,620,224,39,55
1913,54.06728743784665,1622,2.0,0.5100718140602112,1846,658,145,78
1915,54.06728743784665,1622,9.0,0.1655239462852478,618,226,44,60
1913,54.100621153899574,1623,2.0,0.6102611422538757,1833,648,171,79
1915,54.100621153899574,1623,9.0,0.10178082436323166,616,226,45,62
1913,54.133954869952504,1624,2.0,0.5792874097824097,1816,639,189,84
1913,54.16728858600543,1625,2.0,0.5388559699058533,1791,626,193,83
1882,54.16728858600543,1625,9.0,0.3772823214530945,787,265,54,68
1913,54.200622302058356,1626,2.0,0.5524659156799316,1766,616,187,81
1882,54.200622302058356,1626,9.0,0.4360450208187103,782,265,51,69
1913,54.23395601811128,1627,2.0,0.6919406652450562,1740,607,182,78
1882,54.23395601811128,1627,9.0,0.4781516194343567,777,263,50,70
1913,54.26728973416421,1628,2.0,0.5920220613479614,1713,599,176,72
1882,54.26728973416421,1628,9.0,0.38818851113319397,773,266,52,80
1913,54.30062345021713,1629,2.0,0.6527850031852722,1686,590,175,72
1882,54.30062345021713,1629,9.0,0.41182100772857666,769,260,50,74
1913,54.33395716627006,1630,2.0,0.5682892799377441,1662,581,171,68
1882,54.33395716627006,1630,9.0,0.29367104172706604,762,257,53,70
1913,54.36729088232299,1631,2.0,0.4985217750072479,1637,571,165,69
1882,54.36729088232299,1631,9.0,0.22122201323509216,758,255,49,65
1913,54.40062459837591,1632,2.0,0.4718082845211029,1617,561,164,66
1882,54.40062459837591,1632,9.0,0.31072545051574707,754,253,46,61
1913,54.43395831442884,1633,2.0,0.5287556052207947,1593,553,158,63
1882,54.43395831442884,1633,9.0,0.20537665486335754,748,250,48,57
1913,54.467292030481765,1634,2.0,0.5452890396118164,1572,546,157,64
1882,54.467292030481765,1634,9.0,0.1671055555343628,742,249,50,59
1913,54.500625746534695,1635,2.0,0.6536508798599243,1551,538,150,61
1882,54.500625746534695,1635,9.0,0.1997394859790802,737,247,48,59
1913,54.53395946258762,1636,2.0,0.7365357279777527,1531,531,147,59
1882,54.53395946258762,1636,9.0,0.17193615436553955,733,245,48,59
1913,54.56729317864055,1637,2.0,0.5829724669456482,1511,524,146,58
1882,54.56729317864055,1637,9.0,0.3000074625015259,732,244,45,59
1913,54.60062689469347,1638,2.0,0.6198399066925049,1491,518,143,58
1882,54.60062689469347,1638,9.0,0.22307707369327545,729,243,49,63
1913,54.6339606107464,1639,2.0,0.5236820578575134,1477,511,138,56
1882,54.6339606107464,1639,9.0,0.13338179886341095,724,241,50,63
1913,54.66729432679932,1640,2.0,0.4702053368091583,1458,505,127,54
1882,54.66729432679932,1640,9.0,0.22548872232437134,719,239,48,63
1913,54.70062804285225,1641,2.0,0.5059444904327393,1440,500,121,54
1913,54.733961758905174,1642,2.0,0.2189292013645172,1422,492,120,54
1913,54.767295474958104,1643,2.0,0.3493089973926544,1404,485,122,54
1913,54.80062919101103,1644,2.0,0.24751730263233185,1388,479,118,52
1913,54.833962907063956,1645,2.0,0.12489256262779236,1361,472,134,55
1882,54.833962907063956,1645,9.0,0.27270248532295227,698,228,42,56
1913,54.867296623116886,1646,2.0,0.27680906653404236,1346,461,132,57
1882,54.867296623116886,1646,9.0,0.3028036653995514,693,227,43,55
1913,54.90063033916981,1647,2.0,0.14248305559158325,1331,457,135,53
1882,54.90063033916981,1647,9.0,0.3690210282802582,689,225,42,54
1913,54.93396405522274,1648,2.0,0.2135513871908188,1320,454,120,49
1882,54.93396405522274,1648,9.0,0.47542881965637207,686,226,40,56
1913,54.96729777127566,1649,2.0,0.25915729999542236,1305,450,111,43
1882,54.96729777127566,1649,9.0,0.3758464753627777,681,224,41,54
1882,55.00063148732859,1650,9.0,0.1833638846874237,677,223,41,52
1882,55.03396520338151,1651,9.0,0.13385598361492157,674,223,42,54
1882,55.06729891943444,1652,9.0,0.17407739162445068,670,222,44,54
1936,55.06729891943444,1652,2.0,0.4270900785923004,1263,401,114,116
1913,55.06729891943444,1652,2.0,0.28302547335624695,1260,434,109,43
1936,55.100632635487365,1653,2.0,0.23079189658164978,1251,396,108,113
1970,55.133966351540295,1654,2.0,0.5914958119392395,1554,549,156,66
1970,55.167300067593224,1655,2.0,0.496204674243927,1536,541,153,71
1970,55.20063378364615,1656,2.0,0.564799964427948,1515,532,151,68
1970,55.23396749969908,1657,2.0,0.46475425362586975,1495,527,144,63
1970,55.267301215752,1658,2.0,0.17923180758953094,1476,521,143,59
1970,55.30063493180493,1659,2.0,0.339302122592926,1458,510,135,62
1975,55.30063493180493,1659,2.0,0.45609229803085327,1063,777,138,120
1970,55.33396864785785,1660,2.0,0.5047033429145813,1368,455,139,104
1970,55.36730236391078,1661,2.0,0.17663441598415375,1352,447,135,111
1970,55.400636079963704,1662,2.0,0.45400261878967285,1339,440,133,107
1970,55.43396979601663,1663,2.0,0.3630518913269043,1322,436,130,105
1970,55.467303512069556,1664,2.0,0.36907145380973816,1307,434,126,98
1970,55.500637228122486,1665,2.0,0.223248690366745,1296,430,124,98
1970,55.53397094417541,1666,2.0,0.21699413657188416,1281,427,127,94
1982,55.53397094417541,1666,9.0,0.45700323581695557,846,251,37,48
1970,55.56730466022834,1667,2.0,0.3091328740119934,1264,426,120,87
1982,55.56730466022834,1667,9.0,0.42026427388191223,844,251,40,53
1970,55.60063837628127,1668,2.0,0.3109387159347534,1251,423,117,83
1982,55.60063837628127,1668,9.0,0.2978842556476593,838,249,40,52
1982,55.63397209233419,1669,9.0,0.3478260934352875,833,248,39,51
1982,55.66730580838712,1670,9.0,0.3892941176891327,830,247,38,54
1982,55.70063952444004,1671,9.0,0.32103970646858215,826,246,42,57
1982,55.73397324049297,1672,9.0,0.25481706857681274,822,247,44,59
1982,55.767306956545895,1673,9.0,0.2917817234992981,818,247,43,60
1982,55.800640672598824,1674,9.0,0.2114727944135666,812,245,44,59
1982,55.83397438865175,1675,9.0,0.21440985798835754,808,244,42,57
1982,55.86730810470468,1676,9.0,0.19388262927532196,804,242,41,57
1982,55.9006418207576,1677,9.0,0.2012728452682495,801,240,42,55
1982,55.93397553681053,1678,9.0,0.2704547941684723,798,239,43,53
1982,55.96730925286346,1679,9.0,0.2917427122592926,793,240,43,55
1982,56.00064296891638,1680,9.0,0.2775708734989166,790,240,46,57
1982,56.03397668496931,1681,9.0,0.21434286236763,786,239,47,62
1982,56.06731040102223,1682,9.0,0.26722848415374756,781,238,43,61
1982,56.10064411707516,1683,9.0,0.36717718839645386,776,237,40,61
1982,56.133977833128085,1684,9.0,0.5008189678192139,773,235,39,62
1982,56.167311549181015,1685,9.0,0.4379267692565918,771,232,38,57
1994,56.167311549181015,1685,2.0,0.5022907257080078,776,589,86,104
1982,56.20064526523394,1686,9.0,0.3534781038761139,767,231,39,56
1994,56.20064526523394,1686,2.0,0.30984190106391907,785,593,87,99
1982,56.23397898128687,1687,9.0,0.31568098068237305,764,229,43,57
1982,56.26731269733979,1688,9.0,0.30049192905426025,760,229,41,58
1982,56.30064641339272,1689,9.0,0.27840468287467957,756,226,38,52
1982,56.33398012944564,1690,9.0,0.16504749655723572,753,223,36,48
1982,56.36731384549857,1691,9.0,0.19220714271068573,748,220,37,43
1982,56.4006475615515,1692,9.0,0.16035884618759155,745,217,38,41
1982,56.433981277604424,1693,9.0,0.16705365478992462,741,213,39,37
1999,56.433981277604424,1693,2.0,0.47994592785835266,874,658,111,107
1982,56.467314993657354,1694,9.0,0.14286239445209503,738,213,39,39
1999,56.467314993657354,1694,2.0,0.3839692175388336,888,671,125,122
1982,56.500648709710276,1695,9.0,0.21021144092082977,735,214,37,40
1999,56.500648709710276,1695,2.0,0.4871770441532135,902,676,125,121
1982,56.533982425763206,1696,9.0,0.30939385294914246,733,215,36,45
1999,56.533982425763206,1696,2.0,0.3138042986392975,917,684,129,121
1982,56.56731614181613,1697,9.0,0.27859458327293396,730,213,36,43
1999,56.56731614181613,1697,2.0,0.4703063666820526,929,697,126,129
1982,56.60064985786906,1698,9.0,0.32321757078170776,726,214,35,44
1999,56.60064985786906,1698,2.0,0.22159256041049957,945,712,125,129
1982,56.63398357392198,1699,9.0,0.2706381380558014,723,216,37,48
1982,56.66731728997491,1700,9.0,0.3338819146156311,721,216,41,52
1982,56.70065100602783,1701,9.0,0.2884381413459778,719,218,47,58
1999,56.70065100602783,1701,2.0,0.5029072165489197,998,751,138,139
1982,56.73398472208076,1702,9.0,0.2079702466726303,718,216,51,58
1999,56.73398472208076,1702,2.0,0.12350896000862122,1019,767,142,136
1999,56.76731843813369,1703,2.0,0.5610548853874207,1037,777,144,139
1999,56.800652154186615,1704,2.0,0.3196815550327301,1056,791,147,144
1999,56.833985870239545,1705,2.0,0.5575730800628662,1075,803,146,151
1982,56.833985870239545,1705,9.0,0.29091712832450867,705,215,43,59
1999,56.86731958629247,1706,2.0,0.5597608089447021,1091,818,148,159
1982,56.86731958629247,1706,9.0,0.3893224895000458,702,216,42,61
1999,56.9006533023454,1707,2.0,0.18787583708763123,1112,835,154,159
1982,56.9006533023454,1707,9.0,0.16873158514499664,699,216,41,64
1999,56.93398701839832,1708,2.0,0.6456291079521179,1134,851,161,161
1982,56.93398701839832,1708,9.0,0.3030378520488739,697,215,41,64
1999,56.96732073445125,1709,2.0,0.11484314501285553,1145,860,148,154
1982,56.96732073445125,1709,9.0,0.2491188794374466,692,209,40,53
1999,57.00065445050417,1710,2.0,0.2459738850593567,1176,878,167,161
1982,57.00065445050417,1710,9.0,0.23839464783668518,688,204,39,49
1999,57.0339881665571,1711,2.0,0.12922148406505585,1197,889,174,155
1982,57.0339881665571,1711,9.0,0.34793445467948914,685,202,38,49
1999,57.067321882610024,1712,2.0,0.1447206437587738,1214,900,167,147
1982,57.067321882610024,1712,9.0,0.3676648736000061,683,204,39,54
1999,57.100655598662954,1713,2.0,0.16513492166996002,1236,924,168,157
1982,57.100655598662954,1713,9.0,0.3326282799243927,682,202,41,51
1999,57.133989314715876,1714,2.0,0.3621768355369568,1269,950,186,177
1982,57.133989314715876,1714,9.0,0.2590503990650177,679,201,43,49
1999,57.167323030768806,1715,2.0,0.14976851642131805,1284,956,180,166
1982,57.167323030768806,1715,9.0,0.3792863190174103,676,199,40,47
1982,57.200656746821736,1716,9.0,0.30946946144104004,674,199,39,47
1982,57.23399046287466,1717,9.0,0.2979546785354614,671,199,39,47
1982,57.26732417892759,1718,9.0,0.22974254190921783,670,201,44,53
1982,57.30065789498051,1719,9.0,0.17209097743034363,669,200,47,49
1982,57.33399161103344,1720,9.0,0.3879484534263611,665,202,45,55
1982,57.36732532708636,1721,9.0,0.3405931293964386,662,202,46,59
1982,57.40065904313929,1722,9.0,0.33199602365493774,660,201,45,60
1982,57.433992759192215,1723,9.0,0.3752042055130005,658,200,43,59
1982,57.467326475245144,1724,9.0,0.3393930196762085,655,200,39,58
1982,57.50066019129807,1725,9.0,0.23256774246692657,654,197,40,50
1982,57.533993907351,1726,9.0,0.21500703692436218,651,198,38,52
1982,57.567327623403926,1727,9.0,0.14028918743133545,649,197,40,51
1982,57.60066133945685,1728,9.0,0.14177699387073517,648,195,39,49
2068,57.63399505550978,1729,2.0,0.5602778196334839,1756,619,185,78
2068,57.6673287715627,1730,2.0,0.4644468128681183,1736,610,178,76
2068,57.70066248761563,1731,2.0,0.39068081974983215,1712,602,172,75
2068,57.73399620366855,1732,2.0,0.276033490896225,1683,595,180,81
2068,57.76732991972148,1733,2.0,0.41514334082603455,1657,585,177,77
2068,57.800663635774406,1734,2.0,0.5213421583175659,1637,575,174,81
2068,57.833997351827335,1735,2.0,0.5290652513504028,1618,569,173,82
2068,57.86733106788026,1736,2.0,0.43080273270606995,1595,568,173,88
2068,57.90066478393319,1737,2.0,0.5561622977256775,1574,559,163,82
2068,57.93399849998611,1738,2.0,0.5634511709213257,1553,548,157,75
2068,57.96733221603904,1739,2.0,0.5944135785102844,1533,538,149,67
2068,58.00066593209197,1740,2.0,0.49149808287620544,1516,531,145,63
2068,58.03399964814489,1741,2.0,0.51711106300354,1498,522,138,66
2068,58.06733336419782,1742,2.0,0.620037853717804,1480,514,141,65
2068,58.100667080250744,1743,2.0,0.5897717475891113,1463,507,136,62
2068,58.134000796303674,1744,2.0,0.6011216640472412,1447,502,127,60
2068,58.1673345123566,1745,2.0,0.5192930698394775,1431,496,122,59
2068,58.200668228409526,1746,2.0,0.569685697555542,1418,488,123,60
2068,58.23400194446245,1747,2.0,0.5387632846832275,1398,482,126,57
2068,58.26733566051538,1748,2.0,0.5716280937194824,1381,477,122,58
2068,58.3006693765683,1749,2.0,0.5579133033752441,1363,470,126,57
2068,58.33400309262123,1750,2.0,0.5642706155776978,1349,464,123,58
2068,58.36733680867416,1751,2.0,0.5162191987037659,1332,459,126,56
2068,58.40067052472708,1752,2.0,0.525741696357727,1318,455,120,55
2068,58.43400424078001,1753,2.0,0.6108053922653198,1305,450,117,55
2068,58.467337956832935,1754,2.0,0.6663604378700256,1292,444,110,55
2068,58.500671672885865,1755,2.0,0.6156498789787292,1277,439,109,52
2068,58.53400538893879,1756,2.0,0.44995880126953125,1259,433,113,56
2068,58.56733910499172,1757,2.0,0.28197523951530457,1243,429,117,56
2068,58.60067282104464,1758,2.0,0.2962518632411957,1230,424,119,52
2068,58.63400653709757,1759,2.0,0.34240981936454773,1220,419,119,49
2068,58.66734025315049,1760,2.0,0.41398885846138,1204,414,117,50
2068,58.70067396920342,1761,2.0,0.5494562387466431,1192,409,112,50
2068,58.734007685256344,1762,2.0,0.3016548752784729,1182,405,109,50
2068,58.767341401309274,1763,2.0,0.3891773819923401,1170,401,98,48
2068,58.8006751173622,1764,2.0,0.33211830258369446,1160,397,93,46
2068,58.834008833415126,1765,2.0,0.5559320449829102,1147,391,95,45
2068,58.867342549468056,1766,2.0,0.27423709630966187,1135,389,100,45
2068,58.90067626552098,1767,2.0,0.23853304982185364,1121,388,103,45
2068,58.93400998157391,1768,2.0,0.31526291370391846,1115,381,89,41
2068,58.96734369762683,1769,2.0,0.30541402101516724,1095,378,105,43
2068,59.00067741367976,1770,2.0,0.36365219950675964,1087,375,101,43
2068,59.03401112973268,1771,2.0,0.23466995358467102,1076,371,97,44
2068,59.06734484578561,1772,2.0,0.13439735770225525,1067,370,101,48
2068,59.100678561838535,1773,2.0,0.40597963333129883,1058,364,95,40
2068,59.134012277891465,1774,2.0,0.37642163038253784,1048,360,88,39
2068,59.167345993944394,1775,2.0,0.48445603251457214,1039,356,87,41
2068,59.20067970999732,1776,2.0,0.251083642244339,1027,351,93,40
2068,59.23401342605025,1777,2.0,0.3962741494178772,1018,349,95,40
2068,59.26734714210317,1778,2.0,0.4136189818382263,1009,344,93,38
2068,59.3006808581561,1779,2.0,0.5323916673660278,993,338,84,34
2068,59.33401457420902,1780,2.0,0.4917507469654083,986,336,84,35
2068,59.36734829026195,1781,2.0,0.3533959686756134,978,332,80,37
2068,59.400682006314874,1782,2.0,0.20776312053203583,970,332,81,41
2068,59.4340157223678,1783,2.0,0.11111464351415634,970,329,64,40
2068,59.467349438420726,1784,2.0,0.11701750755310059,966,324,51,38
2068,59.500683154473656,1785,2.0,0.1711917370557785,947,321,76,38
2068,59.53401687052658,1786,2.0,0.12406546622514725,937,322,81,40
2084,59.56735058657951,1787,2.0,0.4933304190635681,1863,670,112,81
2084,59.60068430263244,1788,2.0,0.5561420321464539,1852,667,132,82
2084,59.63401801868536,1789,2.0,0.5005695819854736,1840,661,156,87
2084,59.66735173473829,1790,2.0,0.5698629021644592,1828,651,180,86
2084,59.70068545079121,1791,2.0,0.6649950742721558,1809,641,196,89
2084,59.73401916684414,1792,2.0,0.7440536618232727,1788,631,194,82
2084,59.767352882897065,1793,2.0,0.7267531752586365,1762,623,197,82
2084,59.800686598949994,1794,2.0,0.6716062426567078,1738,614,196,80
2084,59.83402031500292,1795,2.0,0.7567945122718811,1713,605,191,77
2084,59.86735403105585,1796,2.0,0.581932008266449,1689,597,186,78
2084,59.90068774710877,1797,2.0,0.5048185586929321,1667,590,185,79
2084,59.9340214631617,1798,2.0,0.6185826659202576,1645,581,181,81
2084,59.96735517921463,1799,2.0,0.6405552625656128,1623,571,173,77
