id,time,frame_num,class,conf,x,y,w,h
1,0.0,0,2.0,0.7322520613670349,676,630,95,59
2,0.0,0,2.0,0.7228872776031494,237,875,208,133
3,0.0,0,2.0,0.5821930170059204,911,456,61,44
4,0.0,0,2.0,0.38079944252967834,1231,290,36,36
1,0.03337053207267334,1,2.0,0.7322520613670349,676,630,95,59
2,0.03337053207267334,1,2.0,0.7228872776031494,237,875,208,133
3,0.03337053207267334,1,2.0,0.5821930170059204,911,456,61,44
4,0.03337053207267334,1,2.0,0.38079944252967834,1231,290,36,36
1,0.06674106414534668,2,2.0,0.688317060470581,665,637,98,63
2,0.06674106414534668,2,2.0,0.5202100276947021,214,885,212,132
3,0.06674106414534668,2,2.0,0.6949597001075745,907,456,64,48
4,0.06674106414534668,2,2.0,0.4372430741786957,1228,292,38,34
1,0.10011159621802002,3,2.0,0.7760743498802185,652,646,100,64
2,0.10011159621802002,3,2.0,0.538157045841217,184,901,219,137
3,0.10011159621802002,3,2.0,0.7780637741088867,900,458,67,51
4,0.10011159621802002,3,2.0,0.3889581859111786,1225,295,42,32
1,0.13348212829069336,4,2.0,0.8244372010231018,638,654,101,64
2,0.13348212829069336,4,2.0,0.39301779866218567,152,920,229,144
3,0.13348212829069336,4,2.0,0.6754140853881836,894,461,69,54
4,0.13348212829069336,4,2.0,0.3725450932979584,1222,296,43,32
1,0.1668526603633667,5,2.0,0.8115700483322144,621,664,105,68
2,0.1668526603633667,5,2.0,0.6317786574363708,122,939,235,153
3,0.1668526603633667,5,2.0,0.6516792178153992,888,464,70,56
4,0.1668526603633667,5,2.0,0.4189555048942566,1218,298,43,32
1,0.20022319243604003,6,2.0,0.6975767016410828,604,672,106,68
2,0.20022319243604003,6,2.0,0.5045703649520874,104,959,208,160
3,0.20022319243604003,6,2.0,0.6814486384391785,880,468,72,57
4,0.20022319243604003,6,2.0,0.48434698581695557,1215,298,43,31
1,0.23359372450871338,7,2.0,0.7187474370002747,589,680,109,70
3,0.23359372450871338,7,2.0,0.7266069054603577,873,472,72,58
4,0.23359372450871338,7,2.0,0.45123255252838135,1214,300,41,29
1,0.2669642565813867,8,2.0,0.7483037710189819,571,691,111,73
3,0.2669642565813867,8,2.0,0.6252598166465759,863,477,70,55
4,0.2669642565813867,8,2.0,0.40777045488357544,1212,301,37,28
1,0.30033478865406005,9,2.0,0.86128830909729,555,700,114,74
3,0.30033478865406005,9,2.0,0.7811487317085266,855,482,71,54
4,0.30033478865406005,9,2.0,0.3968047499656677,1210,303,35,29
1,0.3337053207267334,10,2.0,0.8541977405548096,537,709,116,75
3,0.3337053207267334,10,2.0,0.740668535232544,848,486,72,54
4,0.3337053207267334,10,2.0,0.3857440650463104,1208,304,34,31
1,0.36707585279940674,11,2.0,0.8086323142051697,520,720,118,74
3,0.36707585279940674,11,2.0,0.6626824140548706,841,489,72,56
4,0.36707585279940674,11,2.0,0.41750550270080566,1204,305,37,31
1,0.40044638487208006,12,2.0,0.6863327026367188,501,731,121,77
3,0.40044638487208006,12,2.0,0.6423656344413757,831,497,71,53
4,0.40044638487208006,12,2.0,0.5442978143692017,1199,307,42,32
1,0.43381691694475344,13,2.0,0.7296198606491089,483,741,125,77
3,0.43381691694475344,13,2.0,0.5186628699302673,824,500,75,55
4,0.43381691694475344,13,2.0,0.5577573180198669,1197,308,43,34
1,0.46718744901742676,14,2.0,0.772226870059967,461,753,128,83
3,0.46718744901742676,14,2.0,0.6387701630592346,815,504,75,55
4,0.46718744901742676,14,2.0,0.5930337309837341,1194,310,42,34
1,0.5005579810901001,15,2.0,0.7926449775695801,441,764,130,84
3,0.5005579810901001,15,2.0,0.7652008533477783,806,509,79,56
4,0.5005579810901001,15,2.0,0.6799939274787903,1191,312,41,34
1,0.5339285131627735,16,2.0,0.815767228603363,419,776,134,88
3,0.5339285131627735,16,2.0,0.821192741394043,798,513,79,55
4,0.5339285131627735,16,2.0,0.5984130501747131,1189,313,40,34
1,0.5672990452354468,17,2.0,0.7852093577384949,398,789,138,87
3,0.5672990452354468,17,2.0,0.7442488074302673,789,517,80,59
4,0.5672990452354468,17,2.0,0.5518619418144226,1186,314,38,35
1,0.6006695773081201,18,2.0,0.7951221466064453,375,801,142,89
3,0.6006695773081201,18,2.0,0.7433943748474121,779,522,84,59
4,0.6006695773081201,18,2.0,0.5488898158073425,1183,315,38,35
1,0.6340401093807935,19,2.0,0.7972444891929626,353,813,147,93
3,0.6340401093807935,19,2.0,0.6801084876060486,771,526,83,61
4,0.6340401093807935,19,2.0,0.5322012305259705,1179,317,41,36
1,0.6674106414534668,20,2.0,0.7995883226394653,328,826,152,96
3,0.6674106414534668,20,2.0,0.6844770312309265,761,531,85,61
4,0.6674106414534668,20,2.0,0.5344787240028381,1175,319,45,36
1,0.7007811735261401,21,2.0,0.7127065658569336,304,841,157,99
3,0.7007811735261401,21,2.0,0.6351245641708374,751,535,85,60
4,0.7007811735261401,21,2.0,0.5131229162216187,1172,320,47,37
1,0.7341517055988135,22,2.0,0.7455610632896423,277,855,162,102
3,0.7341517055988135,22,2.0,0.6355346441268921,742,541,86,63
4,0.7341517055988135,22,2.0,0.5553763508796692,1169,322,46,35
1,0.7675222376714869,23,2.0,0.7908123731613159,249,871,169,105
3,0.7675222376714869,23,2.0,0.6960329413414001,731,547,88,63
4,0.7675222376714869,23,2.0,0.5382857322692871,1166,323,44,32
1,0.8008927697441601,24,2.0,0.8247226476669312,221,887,175,109
3,0.8008927697441601,24,2.0,0.6627758145332336,721,552,89,64
4,0.8008927697441601,24,2.0,0.32618024945259094,1164,326,40,32
1,0.8342633018168335,25,2.0,0.8050321936607361,192,903,179,110
3,0.8342633018168335,25,2.0,0.6077007055282593,712,557,90,64
4,0.8342633018168335,25,2.0,0.35286444425582886,1161,327,38,33
1,0.8676338338895069,26,2.0,0.5689607858657837,160,921,185,115
3,0.8676338338895069,26,2.0,0.7435206174850464,701,562,89,67
4,0.8676338338895069,26,2.0,0.5252159237861633,1156,329,42,34
1,0.9010043659621803,27,2.0,0.6931042671203613,128,938,193,122
3,0.9010043659621803,27,2.0,0.7418269515037537,689,567,95,69
4,0.9010043659621803,27,2.0,0.48542314767837524,1152,331,45,36
1,0.9343748980348535,28,2.0,0.6843119859695435,98,957,194,124
3,0.9343748980348535,28,2.0,0.6645919680595398,678,573,95,69
4,0.9343748980348535,28,2.0,0.6511130928993225,1148,333,46,35
1,0.9677454301075269,29,2.0,0.4756435751914978,82,977,165,127
3,0.9677454301075269,29,2.0,0.5500551462173462,666,579,96,69
4,0.9677454301075269,29,2.0,0.5918294191360474,1145,335,47,36
1,1.0011159621802002,30,7.0,0.1309671700000763,65,994,131,122
3,1.0011159621802002,30,2.0,0.5444262623786926,655,585,95,70
4,1.0011159621802002,30,2.0,0.5008585453033447,1142,337,46,38
3,1.0344864942528735,31,2.0,0.7698472142219543,642,592,98,71
4,1.0344864942528735,31,2.0,0.5452814698219299,1140,338,46,39
3,1.067857026325547,32,2.0,0.8149487376213074,631,598,102,72
4,1.067857026325547,32,2.0,0.5087087750434875,1135,339,49,41
3,1.1012275583982203,33,2.0,0.7531974911689758,618,605,102,74
4,1.1012275583982203,33,2.0,0.5698558688163757,1131,341,51,41
3,1.1345980904708937,34,2.0,0.7967075109481812,605,611,103,74
4,1.1345980904708937,34,2.0,0.6543735861778259,1127,343,51,40
3,1.1679686225435668,35,2.0,0.8019041419029236,591,618,106,76
4,1.1679686225435668,35,2.0,0.6418394446372986,1123,345,50,36
3,1.2013391546162402,36,2.0,0.6870877146720886,578,624,108,76
4,1.2013391546162402,36,2.0,0.5843978524208069,1119,348,47,33
3,1.2347096866889136,37,2.0,0.6104376316070557,564,632,110,79
4,1.2347096866889136,37,2.0,0.5312058329582214,1117,351,44,33
3,1.268080218761587,38,2.0,0.7260919213294983,550,640,113,80
4,1.268080218761587,38,2.0,0.585212230682373,1113,353,46,34
3,1.3014507508342603,39,2.0,0.7487590312957764,536,646,115,81
4,1.3014507508342603,39,2.0,0.4802685081958771,1108,355,48,36
3,1.3348212829069337,40,2.0,0.7288025617599487,521,653,117,85
4,1.3348212829069337,40,2.0,0.5548350811004639,1103,357,50,37
3,1.368191814979607,41,2.0,0.7588127255439758,506,662,120,86
4,1.368191814979607,41,2.0,0.7309553027153015,1099,359,51,37
3,1.4015623470522802,42,2.0,0.7045542001724243,490,669,123,87
4,1.4015623470522802,42,2.0,0.5970472693443298,1096,361,51,37
3,1.4349328791249536,43,2.0,0.6347991824150085,473,678,125,88
4,1.4349328791249536,43,2.0,0.5403963923454285,1092,362,50,38
3,1.468303411197627,44,2.0,0.8186656832695007,456,687,126,88
4,1.468303411197627,44,2.0,0.6159359812736511,1088,363,52,41
3,1.5016739432703003,45,2.0,0.6912493109703064,440,695,128,91
4,1.5016739432703003,45,2.0,0.5782902836799622,1083,365,54,42
3,1.5350444753429737,46,2.0,0.8392869830131531,423,704,133,93
4,1.5350444753429737,46,2.0,0.6010375618934631,1079,367,54,42
3,1.568415007415647,47,2.0,0.7724952697753906,404,712,135,94
4,1.568415007415647,47,2.0,0.6413451433181763,1075,369,54,42
3,1.6017855394883203,48,2.0,0.7749801278114319,386,722,139,96
4,1.6017855394883203,48,2.0,0.5961229801177979,1072,372,51,41
3,1.6351560715609936,49,2.0,0.7606051564216614,367,732,143,98
4,1.6351560715609936,49,2.0,0.5956200361251831,1066,374,52,40
3,1.668526603633667,50,2.0,0.6848968267440796,348,743,146,100
4,1.668526603633667,50,2.0,0.3901960253715515,1060,376,55,44
3,1.7018971357063404,51,2.0,0.7904316186904907,327,753,150,102
4,1.7018971357063404,51,2.0,0.597213625907898,1055,380,55,43
3,1.7352676677790138,52,2.0,0.6273521184921265,305,763,151,105
4,1.7352676677790138,52,2.0,0.690089762210846,1051,383,56,41
3,1.7686381998516871,53,2.0,0.8218569159507751,284,774,157,109
4,1.7686381998516871,53,2.0,0.7055174112319946,1047,386,56,41
3,1.8020087319243605,54,2.0,0.8230689764022827,262,786,159,111
4,1.8020087319243605,54,2.0,0.6906142830848694,1042,387,58,43
3,1.8353792639970337,55,2.0,0.7860421538352966,238,797,165,114
4,1.8353792639970337,55,2.0,0.6368880867958069,1037,389,59,45
3,1.868749796069707,56,2.0,0.7104145288467407,215,810,171,118
4,1.868749796069707,56,2.0,0.7374581098556519,1033,391,59,46
3,1.9021203281423804,57,2.0,0.8221743702888489,190,821,175,121
4,1.9021203281423804,57,2.0,0.6067849397659302,1028,393,60,47
3,1.9354908602150538,58,2.0,0.7898648381233215,165,834,181,124
4,1.9354908602150538,58,2.0,0.5252335071563721,1023,395,61,46
3,1.9688613922877272,59,2.0,0.6260411143302917,138,847,186,126
4,1.9688613922877272,59,2.0,0.6842252612113953,1017,399,60,44
3,2.0022319243604003,60,2.0,0.7571247220039368,109,861,198,131
4,2.0022319243604003,60,2.0,0.5552762746810913,1011,403,59,45
3,2.035602456433074,61,2.0,0.7921236753463745,91,875,182,137
4,2.035602456433074,61,2.0,0.6847113966941833,1005,407,59,45
3,2.068972988505747,62,2.0,0.5239325165748596,77,890,155,138
4,2.068972988505747,62,2.0,0.7059062123298645,1000,409,59,46
3,2.1023435205784207,63,2.0,0.38990217447280884,63,899,126,133
4,2.1023435205784207,63,2.0,0.7409012913703918,996,410,61,48
3,2.135714052651094,64,7.0,0.14068949222564697,47,905,95,117
4,2.135714052651094,64,2.0,0.6117403507232666,991,413,65,50
3,2.169084584723767,65,2.0,0.7106888890266418,32,915,65,98
4,2.169084584723767,65,2.0,0.6274317502975464,985,417,63,49
4,2.2024551167964406,66,2.0,0.642979085445404,979,419,62,47
4,2.2358256488691137,67,2.0,0.7297506332397461,973,421,63,50
4,2.2691961809417873,68,2.0,0.6408266425132751,967,425,66,51
4,2.3025667130144605,69,2.0,0.49555838108062744,960,427,66,53
4,2.3359372450871336,70,2.0,0.6151828765869141,953,431,67,52
4,2.3693077771598072,71,2.0,0.6733366250991821,947,433,68,53
4,2.4026783092324804,72,2.0,0.6720852255821228,942,437,70,55
4,2.436048841305154,73,2.0,0.6052604913711548,935,439,68,55
4,2.469419373377827,74,2.0,0.6277667284011841,929,443,69,54
4,2.5027899054505007,75,2.0,0.5505165457725525,920,448,69,54
4,2.536160437523174,76,2.0,0.5869885683059692,912,452,67,52
4,2.569530969595847,77,2.0,0.6127100586891174,905,457,69,51
4,2.6029015016685206,78,2.0,0.7554304003715515,898,460,73,54
4,2.636272033741194,79,2.0,0.7602561116218567,893,463,76,55
4,2.6696425658138674,80,2.0,0.6675806045532227,886,466,75,55
4,2.7030130978865405,81,2.0,0.7995479702949524,878,470,77,58
4,2.736383629959214,82,2.0,0.6867386698722839,871,474,78,57
4,2.7697541620318873,83,2.0,0.5450920462608337,863,477,78,58
4,2.8031246941045604,84,2.0,0.6367934942245483,854,482,80,57
4,2.836495226177234,85,2.0,0.7360279560089111,846,486,80,57
4,2.869865758249907,86,2.0,0.6396171450614929,838,489,83,60
4,2.903236290322581,87,2.0,0.6108686327934265,830,494,83,62
4,2.936606822395254,88,2.0,0.7582005262374878,822,500,83,60
4,2.969977354467927,89,2.0,0.7365061044692993,813,505,86,60
4,3.0033478865406007,90,2.0,0.7893429398536682,805,510,85,60
4,3.036718418613274,91,2.0,0.8186072111129761,795,513,88,58
4,3.0700889506859474,92,2.0,0.7859154343605042,786,519,91,61
25,3.0700889506859474,92,2.0,0.44874969124794006,806,258,49,24
4,3.1034594827586206,93,2.0,0.8290198445320129,777,524,91,61
25,3.1034594827586206,93,2.0,0.3322858512401581,803,258,45,24
4,3.136830014831294,94,2.0,0.7100557088851929,767,528,91,62
25,3.136830014831294,94,2.0,0.28091371059417725,797,259,47,24
4,3.1702005469039674,95,2.0,0.5765997171401978,756,533,90,62
25,3.1702005469039674,95,2.0,0.26534655690193176,793,260,48,25
4,3.2035710789766405,96,2.0,0.6347463130950928,747,539,92,63
25,3.2035710789766405,96,2.0,0.3119831681251526,788,260,49,24
4,3.236941611049314,97,2.0,0.7267781496047974,737,543,96,66
25,3.236941611049314,97,2.0,0.34290194511413574,784,260,49,23
4,3.2703121431219873,98,2.0,0.645969033241272,726,549,96,64
25,3.2703121431219873,98,2.0,0.3454560339450836,780,260,46,23
4,3.303682675194661,99,2.0,0.69004225730896,715,555,97,63
25,3.303682675194661,99,2.0,0.21564948558807373,776,261,45,22
4,3.337053207267334,100,2.0,0.6323830485343933,704,561,97,65
4,3.3704237393400076,101,2.0,0.697139322757721,693,566,102,66
25,3.3704237393400076,101,2.0,0.2855709493160248,767,261,48,22
4,3.4037942714126808,102,2.0,0.6106317043304443,683,573,106,68
25,3.4037942714126808,102,2.0,0.4272083640098572,761,260,49,22
4,3.437164803485354,103,2.0,0.6793947815895081,671,577,108,68
25,3.437164803485354,103,2.0,0.508770763874054,757,261,48,22
29,3.437164803485354,103,2.0,0.5400745272636414,1194,308,42,32
4,3.4705353355580275,104,2.0,0.5456334948539734,659,583,108,70
25,3.4705353355580275,104,2.0,0.43045052886009216,753,261,47,22
29,3.4705353355580275,104,2.0,0.6118520498275757,1192,310,41,31
4,3.5039058676307007,105,2.0,0.7777259349822998,647,589,110,72
25,3.5039058676307007,105,2.0,0.28672730922698975,748,263,48,23
29,3.5039058676307007,105,2.0,0.5656195282936096,1189,311,36,31
4,3.5372763997033743,106,2.0,0.8232703804969788,634,596,114,73
25,3.5372763997033743,106,2.0,0.36121490597724915,744,264,51,25
29,3.5372763997033743,106,2.0,0.5233375430107117,1186,313,33,31
4,3.5706469317760474,107,2.0,0.7640809416770935,621,603,113,73
25,3.5706469317760474,107,2.0,0.27777230739593506,740,263,52,25
29,3.5706469317760474,107,2.0,0.4109995663166046,1184,314,32,31
4,3.604017463848721,108,2.0,0.7947189211845398,609,610,117,75
25,3.604017463848721,108,2.0,0.44448164105415344,736,263,51,25
29,3.604017463848721,108,2.0,0.4129113256931305,1182,315,32,33
4,3.637387995921394,109,2.0,0.8363022208213806,596,617,121,77
25,3.637387995921394,109,2.0,0.2757187783718109,731,263,48,25
29,3.637387995921394,109,2.0,0.3440309464931488,1179,316,33,33
4,3.6707585279940673,110,2.0,0.6706615686416626,582,623,122,78
25,3.6707585279940673,110,2.0,0.26931002736091614,725,265,48,25
29,3.6707585279940673,110,2.0,0.2095712274312973,1174,318,36,34
4,3.704129060066741,111,2.0,0.7008256316184998,568,630,125,80
25,3.704129060066741,111,2.0,0.3882691562175751,721,266,50,26
29,3.704129060066741,111,2.0,0.2989434599876404,1170,321,38,33
4,3.737499592139414,112,2.0,0.7637953162193298,553,638,127,84
25,3.737499592139414,112,2.0,0.4637835919857025,717,266,49,24
29,3.737499592139414,112,2.0,0.291336327791214,1167,324,37,29
4,3.7708701242120877,113,2.0,0.7202324271202087,540,644,130,84
25,3.7708701242120877,113,2.0,0.44864538311958313,712,267,50,26
29,3.7708701242120877,113,2.0,0.3090011179447174,1165,325,37,28
4,3.804240656284761,114,2.0,0.7736685276031494,524,651,132,86
25,3.804240656284761,114,2.0,0.24211497604846954,708,267,48,26
29,3.804240656284761,114,2.0,0.1475689709186554,1162,326,33,27
4,3.837611188357434,115,2.0,0.6873204112052917,508,660,134,87
25,3.837611188357434,115,2.0,0.2961280047893524,701,268,53,26
29,3.837611188357434,115,2.0,0.27383050322532654,1161,327,32,28
4,3.8709817204301076,116,2.0,0.7659394145011902,492,668,137,89
25,3.8709817204301076,116,2.0,0.2732934057712555,695,269,52,24
29,3.8709817204301076,116,2.0,0.30721184611320496,1156,329,35,30
4,3.9043522525027807,117,2.0,0.7973296046257019,476,676,140,92
25,3.9043522525027807,117,2.0,0.31964898109436035,691,270,53,25
29,3.9043522525027807,117,2.0,0.32926470041275024,1150,332,44,31
4,3.9377227845754543,118,2.0,0.7747625112533569,458,686,142,92
25,3.9377227845754543,118,2.0,0.23505660891532898,687,271,54,24
29,3.9377227845754543,118,2.0,0.45212647318840027,1147,334,46,33
4,3.9710933166481275,119,2.0,0.7880443334579468,440,695,146,94
25,3.9710933166481275,119,2.0,0.22155161201953888,683,271,53,24
29,3.9710933166481275,119,2.0,0.382520467042923,1143,335,44,33
4,4.004463848720801,120,2.0,0.8613452911376953,423,705,152,96
25,4.004463848720801,120,2.0,0.19218523800373077,676,271,51,23
29,4.004463848720801,120,2.0,0.28832951188087463,1140,337,40,34
4,4.037834380793474,121,2.0,0.6698180437088013,405,714,154,98
25,4.037834380793474,121,2.0,0.1266481876373291,672,272,52,24
29,4.037834380793474,121,2.0,0.3850516676902771,1137,338,38,35
4,4.071204912866148,122,2.0,0.7951064705848694,387,723,157,101
25,4.071204912866148,122,2.0,0.1888485997915268,667,273,54,24
29,4.071204912866148,122,2.0,0.3413841128349304,1134,339,36,36
4,4.1045754449388205,123,2.0,0.8303261995315552,368,731,162,105
25,4.1045754449388205,123,2.0,0.183478444814682,663,273,52,25
29,4.1045754449388205,123,2.0,0.3019189238548279,1131,341,39,35
4,4.137945977011494,124,2.0,0.8169179558753967,347,743,165,105
25,4.137945977011494,124,2.0,0.2382321059703827,658,274,53,25
29,4.137945977011494,124,2.0,0.3255653381347656,1125,344,44,36
4,4.171316509084168,125,2.0,0.8094663023948669,326,754,169,105
25,4.171316509084168,125,2.0,0.1444360613822937,652,273,55,24
29,4.171316509084168,125,2.0,0.27093398571014404,1120,345,44,34
4,4.204687041156841,126,2.0,0.7867794632911682,305,765,175,108
25,4.204687041156841,126,2.0,0.1898234784603119,647,273,54,25
29,4.204687041156841,126,2.0,0.26845961809158325,1117,348,41,32
4,4.238057573229514,127,2.0,0.8323109149932861,283,775,179,114
25,4.238057573229514,127,2.0,0.21721376478672028,643,274,56,26
29,4.238057573229514,127,2.0,0.40420517325401306,1114,351,40,30
4,4.271428105302188,128,2.0,0.7511571645736694,259,788,183,116
25,4.271428105302188,128,2.0,0.23127563297748566,638,274,54,27
29,4.271428105302188,128,2.0,0.4777889847755432,1110,353,39,30
4,4.304798637374861,129,2.0,0.6366308927536011,235,800,186,117
25,4.304798637374861,129,2.0,0.2547909915447235,633,274,55,27
29,4.304798637374861,129,2.0,0.33928120136260986,1106,355,42,31
4,4.338169169447534,130,2.0,0.7759586572647095,211,813,192,120
25,4.338169169447534,130,2.0,0.21088357269763947,628,274,56,27
29,4.338169169447534,130,2.0,0.5927115082740784,1100,358,46,32
4,4.3715397015202075,131,2.0,0.7531982064247131,185,826,201,124
25,4.3715397015202075,131,2.0,0.13758960366249084,622,275,54,27
29,4.3715397015202075,131,2.0,0.6062304973602295,1097,360,48,33
4,4.404910233592881,132,2.0,0.6342533230781555,159,838,206,126
25,4.404910233592881,132,2.0,0.2060883790254593,618,276,58,28
29,4.404910233592881,132,2.0,0.5551641583442688,1093,361,46,33
4,4.438280765665555,133,2.0,0.7061859369277954,130,852,216,129
25,4.438280765665555,133,2.0,0.2827491760253906,614,277,56,29
29,4.438280765665555,133,2.0,0.5914234519004822,1090,362,41,35
4,4.4716512977382274,134,2.0,0.8531119227409363,107,866,214,132
25,4.4716512977382274,134,2.0,0.1304788738489151,608,278,58,30
29,4.4716512977382274,134,2.0,0.6500495076179504,1085,364,41,38
4,4.505021829810901,135,2.0,0.7312252521514893,93,878,187,139
25,4.505021829810901,135,2.0,0.22498831152915955,602,278,59,31
29,4.505021829810901,135,2.0,0.4621693789958954,1080,365,44,40
4,4.538392361883575,136,5.0,0.3806746006011963,81,889,163,132
25,4.538392361883575,136,2.0,0.269418329000473,596,279,58,31
29,4.538392361883575,136,2.0,0.5234191417694092,1076,368,46,39
4,4.571762893956247,137,5.0,0.3151879608631134,66,900,132,123
25,4.571762893956247,137,2.0,0.4180907607078552,592,280,56,30
29,4.571762893956247,137,2.0,0.4899289309978485,1072,372,43,34
4,4.605133426028921,138,5.0,0.39268654584884644,51,906,103,110
25,4.605133426028921,138,2.0,0.18715400993824005,588,280,55,31
29,4.605133426028921,138,2.0,0.48220694065093994,1068,375,40,33
25,4.6385039581015945,139,2.0,0.3289355933666229,582,280,56,30
29,4.6385039581015945,139,2.0,0.43821296095848083,1065,376,38,34
25,4.671874490174267,140,2.0,0.2887774705886841,577,280,55,31
29,4.671874490174267,140,2.0,0.435081422328949,1058,378,43,35
25,4.705245022246941,141,2.0,0.27423253655433655,571,281,57,32
29,4.705245022246941,141,2.0,0.5483236908912659,1053,382,47,36
25,4.7386155543196145,142,2.0,0.1580265909433365,566,282,55,31
29,4.7386155543196145,142,2.0,0.564031183719635,1049,384,48,37
25,4.771986086392288,143,2.0,0.168975830078125,561,283,58,30
29,4.771986086392288,143,2.0,0.5655860304832458,1044,385,46,38
25,4.805356618464961,144,2.0,0.1370311975479126,556,284,57,29
29,4.805356618464961,144,2.0,0.5947191119194031,1040,386,46,40
25,4.838727150537634,145,2.0,0.11145881563425064,550,285,61,29
29,4.838727150537634,145,2.0,0.4796576499938965,1034,388,48,43
25,4.872097682610308,146,2.0,0.12455254793167114,546,285,62,29
29,4.872097682610308,146,2.0,0.5397897362709045,1029,391,50,42
25,4.905468214682981,147,8.0,0.1194869875907898,538,285,62,30
29,4.905468214682981,147,2.0,0.45282110571861267,1024,393,49,42
29,4.938838746755654,148,2.0,0.3847552239894867,1019,398,46,39
29,4.972209278828328,149,2.0,0.6081825494766235,1012,402,49,36
29,5.0055798109010015,150,2.0,0.41274669766426086,1007,404,49,39
29,5.038950342973674,151,2.0,0.5176618695259094,1002,407,51,40
29,5.072320875046348,152,2.0,0.6335694789886475,998,409,51,41
29,5.105691407119021,153,2.0,0.5128993988037109,991,411,54,43
29,5.139061939191694,154,2.0,0.45191866159439087,985,413,54,44
29,5.172432471264368,155,2.0,0.47821563482284546,980,416,54,43
29,5.205803003337041,156,2.0,0.47317174077033997,975,419,52,44
29,5.239173535409715,157,2.0,0.475617915391922,966,423,55,45
29,5.272544067482388,158,2.0,0.35525766015052795,960,428,53,43
29,5.305914599555061,159,2.0,0.6416405439376831,955,431,54,43
29,5.339285131627735,160,2.0,0.6732149720191956,949,433,54,44
29,5.3726556637004075,161,2.0,0.5140763521194458,942,435,56,47
29,5.406026195773081,162,2.0,0.5785123109817505,935,438,58,47
29,5.439396727845755,163,2.0,0.4500095248222351,930,441,58,47
29,5.472767259918428,164,2.0,0.31212055683135986,922,447,61,45
29,5.506137791991101,165,2.0,0.16715334355831146,915,450,58,43
29,5.539508324063775,166,2.0,0.5499059557914734,908,456,58,43
29,5.572878856136448,167,2.0,0.61876380443573,901,459,60,45
29,5.606249388209121,168,2.0,0.45355093479156494,894,463,63,45
29,5.6396199202817945,169,2.0,0.40568992495536804,887,466,63,46
29,5.672990452354468,170,2.0,0.7362387776374817,880,468,63,48
29,5.706360984427142,171,2.0,0.5760291814804077,871,472,66,50
29,5.739731516499814,172,2.0,0.448391854763031,863,477,64,50
29,5.773102048572488,173,2.0,0.4967811703681946,856,480,64,50
29,5.806472580645162,174,2.0,0.4105663597583771,848,484,68,51
29,5.839843112717834,175,2.0,0.5176037549972534,840,488,67,51
29,5.873213644790508,176,2.0,0.298454612493515,831,493,70,51
29,5.9065841768631815,177,2.0,0.254945307970047,823,498,71,53
29,5.939954708935854,178,2.0,0.28609153628349304,815,503,68,50
29,5.973325241008528,179,2.0,0.2981386184692383,806,508,68,51
29,6.006695773081201,180,2.0,0.4868302047252655,797,513,72,51
35,6.006695773081201,180,2.0,0.45506855845451355,345,305,68,32
29,6.040066305153875,181,2.0,0.6670697331428528,786,516,74,53
35,6.040066305153875,181,19.0,0.1023467555642128,340,306,71,30
29,6.073436837226548,182,2.0,0.6437692642211914,779,521,76,55
35,6.073436837226548,182,2.0,0.3911762833595276,336,308,70,33
29,6.106807369299221,183,2.0,0.4485510587692261,768,525,75,55
35,6.106807369299221,183,2.0,0.2899686396121979,328,309,72,32
29,6.140177901371895,184,2.0,0.5501700639724731,758,531,76,56
35,6.140177901371895,184,2.0,0.25487083196640015,320,308,72,30
29,6.173548433444568,185,2.0,0.5018012523651123,749,535,76,55
35,6.173548433444568,185,2.0,0.20819905400276184,313,310,76,33
29,6.206918965517241,186,2.0,0.5375857353210449,738,541,79,58
35,6.206918965517241,186,2.0,0.24048776924610138,307,311,75,34
29,6.240289497589915,187,2.0,0.535639762878418,727,546,81,58
35,6.240289497589915,187,2.0,0.4047541618347168,300,311,74,34
29,6.273660029662588,188,2.0,0.6608943343162537,715,552,80,57
35,6.273660029662588,188,2.0,0.3972243666648865,292,311,75,33
29,6.307030561735261,189,2.0,0.6767561435699463,705,557,81,58
35,6.307030561735261,189,2.0,0.2993123531341553,287,312,74,33
29,6.340401093807935,190,2.0,0.7371236085891724,693,562,85,60
35,6.340401093807935,190,2.0,0.25247296690940857,281,313,75,34
29,6.373771625880608,191,2.0,0.8013313412666321,682,568,87,62
35,6.373771625880608,191,2.0,0.3054789900779724,275,314,76,33
29,6.407142157953281,192,2.0,0.7021580338478088,671,574,88,64
35,6.407142157953281,192,2.0,0.30640706419944763,267,316,77,34
29,6.440512690025955,193,2.0,0.6041325926780701,659,580,88,63
35,6.440512690025955,193,2.0,0.26309579610824585,261,317,77,35
29,6.473883222098628,194,2.0,0.7393487691879272,647,586,89,66
35,6.473883222098628,194,2.0,0.2760266363620758,254,317,77,35
29,6.507253754171302,195,2.0,0.7661796808242798,635,593,93,68
35,6.507253754171302,195,2.0,0.22586621344089508,245,317,77,34
29,6.5406242862439745,196,2.0,0.7829445004463196,622,599,96,69
35,6.5406242862439745,196,2.0,0.1768096685409546,240,318,76,33
29,6.573994818316648,197,2.0,0.7518335580825806,609,607,95,68
35,6.573994818316648,197,19.0,0.1685979962348938,233,319,77,34
29,6.607365350389322,198,2.0,0.804155707359314,595,613,98,72
29,6.640735882461994,199,2.0,0.8257482647895813,581,620,100,72
29,6.674106414534668,200,2.0,0.6194576025009155,567,628,98,73
29,6.707476946607342,201,2.0,0.5041338801383972,552,635,101,73
29,6.740847478680015,202,2.0,0.7305527925491333,537,642,105,74
29,6.774218010752688,203,2.0,0.5826749205589294,522,650,106,78
29,6.8075885428253615,204,2.0,0.7155088186264038,506,658,110,78
29,6.840959074898035,205,2.0,0.7813758850097656,490,665,113,82
29,6.874329606970708,206,2.0,0.4172652065753937,474,674,113,83
29,6.907700139043381,207,2.0,0.6754580140113831,457,684,116,86
29,6.941070671116055,208,2.0,0.8094019889831543,439,692,119,87
29,6.974441203188729,209,2.0,0.8218099474906921,421,701,121,87
29,7.007811735261401,210,2.0,0.8404719829559326,402,709,124,89
29,7.041182267334075,211,2.0,0.7623917460441589,383,720,129,90
29,7.0745527994067485,212,2.0,0.7643232941627502,362,730,132,93
29,7.107923331479421,213,2.0,0.741595447063446,343,740,133,95
29,7.141293863552095,214,2.0,0.717330276966095,322,751,136,97
29,7.174664395624768,215,2.0,0.7821687459945679,301,761,139,99
29,7.208034927697442,216,2.0,0.8723675012588501,278,774,144,102
29,7.241405459770115,217,2.0,0.8807686567306519,255,786,150,106
29,7.274775991842788,218,2.0,0.8895793557167053,230,798,154,107
29,7.308146523915462,219,2.0,0.795818030834198,205,809,158,109
29,7.341517055988135,220,2.0,0.846669614315033,180,822,162,111
29,7.374887588060808,221,2.0,0.8183203339576721,152,836,168,114
29,7.408258120133482,222,2.0,0.8335337042808533,126,851,172,117
29,7.4416286522061545,223,2.0,0.8613640069961548,96,865,180,120
29,7.474999184278828,224,2.0,0.8579655289649963,79,880,159,126
29,7.508369716351502,225,2.0,0.4133499264717102,65,894,130,124
29,7.541740248424175,226,2.0,0.7988160848617554,35,911,70,93
63,7.575110780496848,227,2.0,0.40982845425605774,1093,398,46,34
81,7.608481312569522,228,2.0,0.4470962584018707,971,450,58,73
81,7.641851844642195,229,2.0,0.3441603183746338,965,453,58,74
81,7.675222376714868,230,2.0,0.41964399814605713,953,467,61,68
81,7.7085929087875416,231,2.0,0.45964714884757996,946,465,62,76
81,7.741963440860215,232,2.0,0.22966864705085754,938,466,61,75
81,7.775333972932889,233,2.0,0.286560595035553,933,469,60,78
81,7.8087045050055615,234,2.0,0.12566685676574707,926,473,63,78
81,7.842075037078235,235,2.0,0.1489669680595398,921,472,64,68
81,7.875445569150909,236,2.0,0.1649969220161438,911,480,65,80
94,7.908816101223581,237,2.0,0.5123683214187622,877,521,65,44
94,7.942186633296255,238,2.0,0.49849557876586914,870,525,69,45
94,7.975557165368929,239,2.0,0.3705233931541443,862,529,69,47
94,8.008927697441601,240,2.0,0.547387957572937,852,535,70,44
94,8.042298229514275,241,2.0,0.46580439805984497,843,540,72,47
81,8.042298229514275,241,2.0,0.48950231075286865,864,487,58,44
94,8.075668761586948,242,2.0,0.4264284372329712,835,547,74,50
81,8.075668761586948,242,2.0,0.3595927357673645,858,489,59,43
94,8.109039293659622,243,2.0,0.47111913561820984,826,552,75,51
81,8.109039293659622,243,2.0,0.35280364751815796,850,493,64,42
94,8.142409825732296,244,2.0,0.5817333459854126,816,556,76,52
81,8.142409825732296,244,2.0,0.4638649523258209,842,498,61,39
94,8.17578035780497,245,2.0,0.6847144365310669,806,562,75,47
81,8.17578035780497,245,2.0,0.3223053514957428,838,502,58,38
94,8.209150889877641,246,2.0,0.7014966607093811,797,568,77,50
81,8.209150889877641,246,2.0,0.3709443509578705,831,505,63,41
94,8.242521421950315,247,2.0,0.6178445816040039,786,574,78,52
81,8.242521421950315,247,2.0,0.43485310673713684,822,509,65,42
94,8.275891954022988,248,2.0,0.586621105670929,775,578,80,54
81,8.275891954022988,248,2.0,0.37160059809684753,814,513,66,44
94,8.309262486095662,249,2.0,0.5930507779121399,765,584,81,52
81,8.309262486095662,249,2.0,0.31361639499664307,804,518,70,44
94,8.342633018168335,250,2.0,0.6513808965682983,754,592,82,53
81,8.342633018168335,250,2.0,0.4532651901245117,797,523,71,46
94,8.376003550241009,251,2.0,0.6340470910072327,744,597,83,55
81,8.376003550241009,251,2.0,0.3808344900608063,789,527,71,47
94,8.409374082313683,252,2.0,0.6598812937736511,732,603,85,58
81,8.409374082313683,252,2.0,0.6093209981918335,782,530,75,48
94,8.442744614386354,253,2.0,0.7903994917869568,721,609,86,59
81,8.442744614386354,253,2.0,0.5961601734161377,774,534,74,47
94,8.476115146459028,254,2.0,0.7148553729057312,709,617,89,60
81,8.476115146459028,254,2.0,0.530089259147644,764,539,72,47
94,8.509485678531702,255,2.0,0.7086652517318726,697,622,90,60
81,8.509485678531702,255,2.0,0.6423520445823669,754,543,76,49
94,8.542856210604375,256,2.0,0.7037423253059387,684,628,91,60
81,8.542856210604375,256,2.0,0.6804319024085999,746,547,75,51
94,8.576226742677049,257,2.0,0.7409303784370422,672,634,93,62
81,8.576226742677049,257,2.0,0.6589899659156799,737,551,77,50
94,8.609597274749722,258,2.0,0.6530778408050537,660,642,94,62
81,8.609597274749722,258,2.0,0.6217514872550964,728,556,78,51
94,8.642967806822396,259,2.0,0.8246415853500366,647,650,96,62
81,8.642967806822396,259,2.0,0.7390801310539246,718,562,79,52
94,8.676338338895068,260,2.0,0.7810378074645996,633,658,99,67
81,8.676338338895068,260,2.0,0.7092807292938232,708,568,79,54
94,8.709708870967741,261,2.0,0.7558169364929199,618,668,102,69
81,8.709708870967741,261,2.0,0.7538836598396301,699,572,78,54
94,8.743079403040415,262,2.0,0.7131535410881042,604,673,101,68
81,8.743079403040415,262,2.0,0.7000231742858887,689,577,81,54
94,8.776449935113089,263,2.0,0.6755175590515137,591,682,104,70
81,8.776449935113089,263,2.0,0.651615560054779,679,582,82,55
94,8.809820467185762,264,2.0,0.7119928598403931,574,693,105,69
81,8.809820467185762,264,2.0,0.453253835439682,667,591,86,55
94,8.843190999258436,265,2.0,0.8189604878425598,560,702,107,73
81,8.843190999258436,265,2.0,0.5898683667182922,657,596,84,55
94,8.87656153133111,266,2.0,0.8381098508834839,544,710,109,75
81,8.87656153133111,266,2.0,0.5920459628105164,645,603,87,57
94,8.909932063403781,267,2.0,0.8198974132537842,528,719,112,76
81,8.909932063403781,267,2.0,0.7820290327072144,634,608,88,57
94,8.943302595476455,268,2.0,0.7929012179374695,510,729,117,79
81,8.943302595476455,268,2.0,0.7495649456977844,622,615,91,58
94,8.976673127549128,269,2.0,0.8397001028060913,493,739,116,79
81,8.976673127549128,269,2.0,0.7460311055183411,612,621,91,58
94,9.010043659621802,270,2.0,0.7721409201622009,474,750,119,80
81,9.010043659621802,270,2.0,0.7190084457397461,600,626,92,60
94,9.043414191694476,271,2.0,0.8027620315551758,456,760,122,83
81,9.043414191694476,271,2.0,0.7747916579246521,588,632,95,61
94,9.07678472376715,272,2.0,0.7594500184059143,437,771,127,85
81,9.07678472376715,272,2.0,0.6598466634750366,575,640,97,62
94,9.110155255839823,273,2.0,0.7811089754104614,417,782,129,87
81,9.110155255839823,273,2.0,0.6759284138679504,562,646,97,64
94,9.143525787912495,274,2.0,0.8698137402534485,396,792,133,87
81,9.143525787912495,274,2.0,0.7190396785736084,550,652,97,64
94,9.176896319985168,275,2.0,0.8063074946403503,375,804,134,90
81,9.176896319985168,275,2.0,0.7963733077049255,535,659,100,65
94,9.210266852057842,276,2.0,0.8569856286048889,355,815,142,93
81,9.210266852057842,276,2.0,0.7725592851638794,521,666,103,67
94,9.243637384130515,277,2.0,0.8187718987464905,334,828,143,96
81,9.243637384130515,277,2.0,0.7706964015960693,507,672,105,67
94,9.277007916203189,278,2.0,0.7754638195037842,309,840,149,99
81,9.277007916203189,278,2.0,0.6840218901634216,493,680,109,70
94,9.310378448275863,279,2.0,0.7833054661750793,284,854,151,100
81,9.310378448275863,279,2.0,0.5940093398094177,479,688,108,67
94,9.343748980348535,280,2.0,0.7335612773895264,259,868,158,104
81,9.343748980348535,280,2.0,0.7909117937088013,464,696,112,70
94,9.377119512421208,281,2.0,0.7925668358802795,234,883,161,107
81,9.377119512421208,281,2.0,0.7589545845985413,449,705,113,71
94,9.410490044493882,282,2.0,0.7976516485214233,207,896,166,107
81,9.410490044493882,282,2.0,0.8008700013160706,433,712,115,74
94,9.443860576566555,283,2.0,0.831722617149353,178,912,174,112
81,9.443860576566555,283,2.0,0.815933883190155,417,720,116,73
94,9.477231108639229,284,2.0,0.6657096743583679,150,929,182,115
81,9.477231108639229,284,2.0,0.7300307154655457,399,730,119,76
94,9.510601640711903,285,2.0,0.7903437614440918,121,947,190,120
81,9.510601640711903,285,2.0,0.6657839417457581,382,740,123,74
94,9.543972172784576,286,2.0,0.7637690305709839,93,965,186,124
81,9.543972172784576,286,2.0,0.7454854249954224,365,749,125,78
94,9.577342704857248,287,2.0,0.565199613571167,78,983,157,126
81,9.577342704857248,287,2.0,0.7773720026016235,347,758,126,82
94,9.610713236929922,288,2.0,0.5890052318572998,63,997,127,120
81,9.610713236929922,288,2.0,0.7514567375183105,328,769,131,85
81,9.644083769002595,289,2.0,0.7482386231422424,309,779,134,85
81,9.677454301075269,290,2.0,0.6734058856964111,289,790,138,87
100,9.677454301075269,290,2.0,0.7402085065841675,28,1017,56,82
81,9.710824833147942,291,2.0,0.7581126093864441,268,800,142,91
81,9.744195365220616,292,2.0,0.6836115121841431,246,812,145,93
81,9.77756589729329,293,2.0,0.5848010778427124,225,822,148,95
81,9.810936429365961,294,2.0,0.6742055416107178,202,834,152,96
81,9.844306961438635,295,2.0,0.6771495342254639,179,847,160,97
81,9.877677493511309,296,2.0,0.4973302185535431,155,860,163,97
81,9.911048025583982,297,2.0,0.45711496472358704,130,873,169,103
81,9.944418557656656,298,2.0,0.739065408706665,103,888,176,107
81,9.97778908972933,299,2.0,0.6447209119796753,84,900,168,110
81,10.011159621802003,300,2.0,0.2704322338104248,72,913,144,112
81,10.044530153874675,301,2.0,0.16051390767097473,58,926,116,111
108,10.077900685947348,302,2.0,0.40835022926330566,1075,370,46,38
118,10.111271218020022,303,2.0,0.37664660811424255,980,421,57,42
118,10.144641750092696,304,2.0,0.18497057259082794,975,423,55,41
118,10.17801228216537,305,2.0,0.16643604636192322,967,425,55,41
118,10.211382814238043,306,2.0,0.13225801289081573,963,428,49,41
118,10.244753346310716,307,2.0,0.21058394014835358,956,433,53,42
118,10.278123878383388,308,2.0,0.2697875201702118,950,436,56,44
118,10.311494410456062,309,2.0,0.29045265913009644,941,440,55,39
118,10.344864942528735,310,2.0,0.3172578811645508,936,444,57,41
118,10.378235474601409,311,2.0,0.2722729742527008,931,445,57,42
118,10.411606006674083,312,2.0,0.18016991019248962,924,450,60,43
118,10.444976538746756,313,2.0,0.19583216309547424,917,454,60,42
118,10.47834707081943,314,2.0,0.3046989142894745,911,458,59,43
118,10.511717602892102,315,2.0,0.32432734966278076,906,461,60,44
118,10.545088134964775,316,2.0,0.118716761469841,898,464,66,45
118,10.578458667037449,317,2.0,0.3561706244945526,892,467,65,45
118,10.611829199110122,318,2.0,0.11877832561731339,885,472,65,45
118,10.645199731182796,319,2.0,0.29644593596458435,878,477,68,44
118,10.67857026325547,320,2.0,0.3746047914028168,870,480,67,45
118,10.711940795328143,321,2.0,0.2949938476085663,862,484,65,44
118,10.745311327400815,322,2.0,0.2057533711194992,856,487,66,45
118,10.778681859473489,323,2.0,0.38282057642936707,846,491,66,44
118,10.812052391546162,324,2.0,0.295834481716156,842,494,66,46
118,10.845422923618836,325,2.0,0.3345711827278137,833,499,72,47
118,10.87879345569151,326,2.0,0.46411213278770447,825,502,72,49
118,10.912163987764183,327,2.0,0.5544443130493164,817,506,74,51
118,10.945534519836857,328,2.0,0.6082675457000732,808,510,76,53
118,10.978905051909528,329,2.0,0.5173237323760986,800,514,78,52
118,11.012275583982202,330,2.0,0.5248113870620728,792,518,79,54
118,11.045646116054876,331,2.0,0.6204131841659546,784,522,80,57
118,11.07901664812755,332,2.0,0.48041489720344543,776,527,81,56
118,11.112387180200223,333,2.0,0.4015326499938965,764,532,79,55
118,11.145757712272896,334,2.0,0.3949456512928009,756,535,81,55
118,11.17912824434557,335,2.0,0.6215407252311707,747,541,81,56
118,11.212498776418242,336,2.0,0.6915888786315918,737,547,82,56
118,11.245869308490915,337,2.0,0.6183977127075195,727,552,83,57
118,11.279239840563589,338,2.0,0.6825344562530518,717,556,86,57
118,11.312610372636263,339,2.0,0.6357523798942566,706,561,87,60
118,11.345980904708936,340,2.0,0.7644346356391907,696,567,87,62
118,11.37935143678161,341,2.0,0.6544333696365356,686,573,91,62
118,11.412721968854283,342,2.0,0.3454264998435974,675,578,92,62
118,11.446092500926955,343,2.0,0.4743173122406006,664,583,93,64
118,11.479463032999629,344,2.0,0.4962247610092163,651,590,91,64
118,11.512833565072302,345,2.0,0.6351519227027893,640,597,94,65
118,11.546204097144976,346,2.0,0.7415755391120911,628,602,97,65
118,11.57957462921765,347,2.0,0.6933253407478333,617,608,99,67
118,11.612945161290323,348,2.0,0.7285650372505188,605,614,100,68
118,11.646315693362997,349,2.0,0.791933000087738,591,621,101,70
118,11.679686225435669,350,2.0,0.7119513750076294,579,626,103,70
118,11.713056757508342,351,2.0,0.5669621229171753,566,633,105,75
118,11.746427289581016,352,2.0,0.6963613629341125,552,640,107,76
118,11.77979782165369,353,2.0,0.631345272064209,538,646,110,73
118,11.813168353726363,354,2.0,0.5874689221382141,525,653,111,77
118,11.846538885799037,355,2.0,0.6688027381896973,510,661,114,78
118,11.879909417871708,356,2.0,0.6651656627655029,494,667,117,79
118,11.913279949944382,357,2.0,0.49720457196235657,480,677,119,81
118,11.946650482017056,358,2.0,0.696894645690918,463,685,119,83
118,11.98002101408973,359,2.0,0.7487870454788208,447,694,122,83
118,12.013391546162403,360,2.0,0.7709494829177856,430,702,124,85
118,12.046762078235076,361,2.0,0.7791485786437988,413,710,128,87
118,12.08013261030775,362,2.0,0.7941970825195312,395,720,132,89
118,12.113503142380422,363,2.0,0.7130752801895142,378,730,134,91
118,12.146873674453095,364,2.0,0.6852968335151672,359,739,137,91
118,12.180244206525769,365,2.0,0.6838722229003906,340,749,141,93
118,12.213614738598443,366,2.0,0.6370898485183716,320,758,143,96
118,12.246985270671116,367,2.0,0.710601270198822,299,769,147,99
118,12.28035580274379,368,2.0,0.8119810819625854,279,779,151,101
118,12.313726334816463,369,2.0,0.8639103770256042,257,790,154,107
118,12.347096866889135,370,2.0,0.7949445843696594,235,802,158,109
118,12.380467398961809,371,2.0,0.8266494274139404,212,813,164,114
118,12.413837931034482,372,2.0,0.7560878396034241,188,823,168,113
118,12.447208463107156,373,2.0,0.8054723739624023,163,836,174,116
118,12.48057899517983,374,2.0,0.5111122727394104,137,849,180,118
118,12.513949527252503,375,2.0,0.7697334885597229,109,862,190,122
118,12.547320059325177,376,2.0,0.8184588551521301,89,875,179,127
118,12.580690591397849,377,2.0,0.6437690258026123,77,888,154,130
118,12.614061123470522,378,2.0,0.5117873549461365,63,899,127,127
118,12.647431655543196,379,2.0,0.5415568351745605,49,906,99,117
118,12.68080218761587,380,2.0,0.5896998047828674,34,914,69,98
118,12.714172719688543,381,2.0,0.5944763422012329,18,926,36,81
128,12.747543251761217,382,2.0,0.5103184580802917,798,552,80,62
128,12.78091378383389,383,2.0,0.7142909169197083,788,556,81,59
128,12.814284315906562,384,2.0,0.6601591110229492,778,563,84,60
128,12.847654847979236,385,2.0,0.579177737236023,768,569,85,60
128,12.88102538005191,386,2.0,0.5468837022781372,757,575,86,63
128,12.914395912124583,387,2.0,0.6033356189727783,746,580,86,61
128,12.947766444197256,388,2.0,0.5204108953475952,737,585,89,66
128,12.98113697626993,389,2.0,0.5765196084976196,726,592,90,66
128,13.014507508342604,390,2.0,0.5344426035881042,715,599,91,67
128,13.047878040415275,391,2.0,0.6442830562591553,703,605,91,67
128,13.081248572487949,392,2.0,0.6943696737289429,691,611,94,71
128,13.114619104560623,393,2.0,0.7300384640693665,679,618,97,71
128,13.147989636633296,394,2.0,0.6697787642478943,667,624,100,72
128,13.18136016870597,395,2.0,0.6203267574310303,654,632,102,73
128,13.214730700778643,396,2.0,0.6935830116271973,641,638,102,77
128,13.248101232851317,397,2.0,0.7240509390830994,629,645,104,76
128,13.281471764923989,398,2.0,0.6474708914756775,616,653,105,76
128,13.314842296996662,399,2.0,0.7305328845977783,601,661,106,77
128,13.348212829069336,400,2.0,0.7877718210220337,588,668,110,78
128,13.38158336114201,401,2.0,0.7314146757125854,574,676,113,81
128,13.414953893214683,402,2.0,0.6914592981338501,559,685,116,85
128,13.448324425287357,403,2.0,0.7696112990379333,543,693,118,85
128,13.48169495736003,404,2.0,0.8063200116157532,528,702,119,87
128,13.515065489432702,405,2.0,0.693150520324707,512,710,121,87
128,13.548436021505376,406,2.0,0.7875187993049622,496,718,123,89
128,13.58180655357805,407,2.0,0.7369557619094849,480,729,127,92
128,13.615177085650723,408,2.0,0.7527225613594055,463,738,129,93
128,13.648547617723397,409,2.0,0.7921762466430664,444,748,133,97
128,13.68191814979607,410,2.0,0.6879592537879944,426,758,136,96
128,13.715288681868744,411,2.0,0.7187992930412292,408,769,137,100
128,13.748659213941416,412,2.0,0.6761138439178467,388,780,141,103
128,13.78202974601409,413,2.0,0.7852024435997009,367,792,147,106
128,13.815400278086763,414,2.0,0.6255555748939514,346,804,151,107
128,13.848770810159436,415,2.0,0.6663814187049866,325,816,156,112
128,13.88214134223211,416,2.0,0.6826367974281311,303,827,161,112
128,13.915511874304784,417,2.0,0.8210234642028809,279,840,165,115
128,13.948882406377457,418,2.0,0.6620325446128845,256,853,169,117
128,13.982252938450129,419,2.0,0.6485766172409058,231,866,175,119
128,14.015623470522803,420,2.0,0.6204864382743835,206,881,182,124
128,14.048994002595476,421,2.0,0.6927197575569153,180,895,185,125
128,14.08236453466815,422,2.0,0.5553902983665466,152,911,191,129
128,14.115735066740823,423,2.0,0.6680431365966797,122,927,198,133
128,14.149105598813497,424,2.0,0.6873830556869507,98,943,196,138
128,14.18247613088617,425,2.0,0.45296788215637207,84,958,169,138
128,14.215846662958842,426,7.0,0.18850378692150116,70,971,140,134
136,14.249217195031516,427,2.0,0.6121158599853516,1017,1021,152,116
136,14.28258772710419,428,2.0,0.7329081892967224,1021,1014,164,129
136,14.315958259176863,429,2.0,0.7156530618667603,1033,1005,166,146
136,14.349328791249537,430,2.0,0.5294931530952454,1046,991,162,152
136,14.38269932332221,431,2.0,0.7388564348220825,1060,974,159,153
136,14.416069855394884,432,2.0,0.6731581091880798,1073,956,154,151
136,14.449440387467556,433,2.0,0.7640426754951477,1085,938,150,147
136,14.48281091954023,434,2.0,0.7270888090133667,1097,922,148,142
136,14.516181451612903,435,2.0,0.724565863609314,1108,906,143,138
136,14.549551983685577,436,2.0,0.45652666687965393,1119,891,138,132
136,14.58292251575825,437,2.0,0.5318496227264404,1129,875,135,130
136,14.616293047830924,438,2.0,0.554067075252533,1140,861,130,126
136,14.649663579903596,439,2.0,0.5932535529136658,1150,846,129,122
136,14.68303411197627,440,2.0,0.6886719465255737,1159,834,126,117
136,14.716404644048943,441,2.0,0.6220809817314148,1167,821,123,113
136,14.749775176121616,442,2.0,0.5812211632728577,1177,809,120,110
136,14.78314570819429,443,2.0,0.5016558170318604,1185,797,116,108
136,14.816516240266964,444,2.0,0.5788788199424744,1193,785,114,107
136,14.849886772339637,445,2.0,0.6387626528739929,1202,774,112,105
136,14.883257304412309,446,2.0,0.5445495247840881,1210,763,111,101
136,14.916627836484983,447,2.0,0.6272268295288086,1217,752,108,101
136,14.949998368557656,448,2.0,0.5399506092071533,1225,741,103,97
136,14.98336890063033,449,2.0,0.5178804397583008,1231,731,101,96
136,15.016739432703003,450,2.0,0.572540283203125,1238,722,101,94
136,15.050109964775677,451,2.0,0.5086532831192017,1244,712,99,90
140,15.050109964775677,451,7.0,0.4597707688808441,1243,716,98,91
136,15.08348049684835,452,2.0,0.46837857365608215,1251,704,97,90
140,15.08348049684835,452,7.0,0.4475482404232025,1249,708,96,92
136,15.116851028921023,453,2.0,0.5022847652435303,1259,695,95,88
136,15.150221560993696,454,2.0,0.6135513782501221,1264,687,95,86
136,15.18359209306637,455,2.0,0.546226441860199,1270,678,94,86
136,15.216962625139043,456,2.0,0.5144372582435608,1276,670,90,83
136,15.250333157211717,457,2.0,0.2984819710254669,1282,663,88,81
136,15.28370368928439,458,2.0,0.41229739785194397,1288,653,88,79
136,15.317074221357064,459,2.0,0.6527501940727234,1294,644,87,78
136,15.350444753429736,460,2.0,0.5650704503059387,1299,639,85,79
136,15.38381528550241,461,2.0,0.32156339287757874,1304,631,84,78
136,15.417185817575083,462,2.0,0.41329723596572876,1309,624,83,76
136,15.450556349647757,463,2.0,0.445866197347641,1314,617,80,76
136,15.48392688172043,464,2.0,0.4528818428516388,1319,611,78,74
136,15.517297413793104,465,2.0,0.39772456884384155,1324,603,77,71
136,15.550667945865777,466,2.0,0.4994332790374756,1328,597,76,71
136,15.58403847793845,467,2.0,0.5645473003387451,1332,590,75,71
136,15.617409010011123,468,2.0,0.5960251688957214,1337,585,74,70
136,15.650779542083797,469,2.0,0.6430581212043762,1341,578,73,68
136,15.68415007415647,470,2.0,0.5317285060882568,1345,573,73,68
136,15.717520606229144,471,2.0,0.3174256682395935,1349,568,73,69
136,15.750891138301817,472,2.0,0.31185176968574524,1354,562,72,67
136,15.784261670374491,473,2.0,0.4084223508834839,1358,556,69,63
136,15.817632202447163,474,2.0,0.4436948299407959,1362,551,67,64
136,15.851002734519836,475,2.0,0.653947651386261,1366,545,66,65
136,15.88437326659251,476,2.0,0.4821566641330719,1369,540,68,65
136,15.917743798665184,477,2.0,0.49553975462913513,1373,534,67,62
136,15.951114330737857,478,2.0,0.47203123569488525,1376,530,66,61
141,15.951114330737857,478,2.0,0.48389893770217896,1012,1045,133,69
136,15.98448486281053,479,2.0,0.646489679813385,1379,526,65,60
141,15.98448486281053,479,2.0,0.582861602306366,1021,1036,143,87
136,16.017855394883203,480,2.0,0.6890917420387268,1383,521,65,60
141,16.017855394883203,480,2.0,0.659369170665741,1033,1025,141,106
136,16.051225926955876,481,2.0,0.7153804898262024,1386,515,63,59
141,16.051225926955876,481,2.0,0.7851179838180542,1048,1015,139,121
136,16.08459645902855,482,2.0,0.5746169686317444,1388,511,61,60
141,16.08459645902855,482,2.0,0.724394679069519,1061,999,136,122
136,16.117966991101223,483,2.0,0.5700022578239441,1391,508,61,59
141,16.117966991101223,483,2.0,0.7170871496200562,1075,982,131,123
136,16.151337523173897,484,2.0,0.5100113153457642,1394,503,59,59
141,16.151337523173897,484,2.0,0.7590636014938354,1087,964,128,122
142,16.151337523173897,484,18.0,0.3425264358520508,495,437,25,30
136,16.18470805524657,485,2.0,0.4232461452484131,1398,499,59,57
141,16.18470805524657,485,2.0,0.7349561452865601,1098,947,125,116
142,16.18470805524657,485,18.0,0.3355436623096466,495,438,25,30
136,16.218078587319244,486,2.0,0.4944564998149872,1402,495,60,57
141,16.218078587319244,486,2.0,0.6745907664299011,1111,928,122,111
142,16.218078587319244,486,18.0,0.2737140953540802,495,438,25,30
136,16.251449119391918,487,2.0,0.6689231395721436,1405,490,59,56
141,16.251449119391918,487,2.0,0.7294264435768127,1121,913,118,108
142,16.251449119391918,487,18.0,0.30294057726860046,495,438,26,30
136,16.28481965146459,488,2.0,0.6680885553359985,1408,486,58,55
141,16.28481965146459,488,2.0,0.7342838644981384,1133,897,116,103
142,16.28481965146459,488,18.0,0.3098849356174469,495,438,25,30
136,16.318190183537265,489,2.0,0.3616678714752197,1410,482,56,55
141,16.318190183537265,489,2.0,0.7122282385826111,1143,880,114,101
142,16.318190183537265,489,18.0,0.34017473459243774,495,438,25,31
136,16.35156071560994,490,2.0,0.44078707695007324,1413,478,56,54
141,16.35156071560994,490,2.0,0.6246781945228577,1153,865,109,97
142,16.35156071560994,490,18.0,0.2567686438560486,495,437,25,30
136,16.38493124768261,491,2.0,0.4219076633453369,1415,474,57,53
141,16.38493124768261,491,2.0,0.6295909285545349,1162,852,108,94
142,16.38493124768261,491,18.0,0.29398053884506226,495,437,25,30
136,16.418301779755282,492,2.0,0.44979995489120483,1418,469,56,51
141,16.418301779755282,492,2.0,0.6872271299362183,1171,838,105,90
142,16.418301779755282,492,18.0,0.27482038736343384,495,437,25,30
136,16.451672311827956,493,2.0,0.39673924446105957,1421,465,54,49
141,16.451672311827956,493,2.0,0.5611217617988586,1180,826,100,88
142,16.451672311827956,493,18.0,0.2187591791152954,495,437,25,29
136,16.48504284390063,494,2.0,0.3855859041213989,1423,462,54,51
141,16.48504284390063,494,2.0,0.5695298314094543,1190,814,100,85
142,16.48504284390063,494,18.0,0.22086027264595032,495,437,25,29
136,16.518413375973303,495,2.0,0.40379825234413147,1425,459,54,52
141,16.518413375973303,495,2.0,0.5707225203514099,1199,802,96,85
142,16.518413375973303,495,18.0,0.14735424518585205,495,437,25,29
136,16.551783908045977,496,2.0,0.3807942569255829,1428,455,54,51
141,16.551783908045977,496,2.0,0.7079492211341858,1206,790,96,81
142,16.551783908045977,496,18.0,0.19407200813293457,495,437,25,29
136,16.58515444011865,497,2.0,0.5461930632591248,1431,452,54,51
141,16.58515444011865,497,2.0,0.7093527317047119,1214,779,96,81
142,16.58515444011865,497,18.0,0.17975598573684692,495,437,25,29
136,16.618524972191324,498,2.0,0.49041056632995605,1432,449,54,52
141,16.618524972191324,498,2.0,0.6827055811882019,1222,767,94,75
142,16.618524972191324,498,18.0,0.1915917843580246,495,437,25,29
136,16.651895504263997,499,2.0,0.5879567265510559,1435,446,54,50
141,16.651895504263997,499,2.0,0.6535184979438782,1230,757,90,75
142,16.651895504263997,499,18.0,0.21811412274837494,495,437,25,29
136,16.68526603633667,500,2.0,0.6837940812110901,1437,442,50,49
141,16.68526603633667,500,2.0,0.6372395753860474,1237,747,89,74
142,16.68526603633667,500,18.0,0.2250831127166748,495,437,25,29
136,16.718636568409345,501,2.0,0.6219708323478699,1439,439,49,50
141,16.718636568409345,501,2.0,0.6008051633834839,1244,737,89,74
142,16.718636568409345,501,18.0,0.24555377662181854,495,437,25,30
136,16.752007100482018,502,2.0,0.5168250203132629,1442,436,49,48
141,16.752007100482018,502,2.0,0.5848272442817688,1252,727,86,71
142,16.752007100482018,502,18.0,0.23489545285701752,495,436,24,29
136,16.78537763255469,503,2.0,0.39819982647895813,1444,432,50,48
141,16.78537763255469,503,2.0,0.5966371893882751,1257,718,84,70
142,16.78537763255469,503,18.0,0.25382235646247864,494,436,24,29
136,16.818748164627365,504,2.0,0.37242385745048523,1445,430,49,49
141,16.818748164627365,504,2.0,0.5951761603355408,1265,709,81,69
142,16.818748164627365,504,18.0,0.18843784928321838,495,436,24,30
136,16.852118696700035,505,2.0,0.2901577353477478,1448,427,49,50
141,16.852118696700035,505,2.0,0.591851532459259,1271,700,80,67
142,16.852118696700035,505,18.0,0.23222510516643524,495,437,24,30
136,16.88548922877271,506,2.0,0.25935399532318115,1451,424,47,48
141,16.88548922877271,506,2.0,0.4959832429885864,1277,692,80,67
142,16.88548922877271,506,18.0,0.15067072212696075,495,436,23,30
136,16.918859760845383,507,2.0,0.3035123944282532,1453,420,47,45
141,16.918859760845383,507,2.0,0.659594714641571,1282,683,78,64
142,16.918859760845383,507,18.0,0.12852171063423157,495,436,23,29
136,16.952230292918056,508,2.0,0.36674410104751587,1456,418,48,46
141,16.952230292918056,508,2.0,0.5042166113853455,1287,674,75,62
136,16.98560082499073,509,2.0,0.24745851755142212,1458,416,47,46
141,16.98560082499073,509,2.0,0.45168787240982056,1294,667,73,61
136,17.018971357063403,510,2.0,0.238124281167984,1460,413,45,45
141,17.018971357063403,510,2.0,0.5559805631637573,1301,658,74,59
136,17.052341889136077,511,2.0,0.2989518642425537,1461,409,46,45
141,17.052341889136077,511,2.0,0.3507201373577118,1306,651,72,60
136,17.08571242120875,512,2.0,0.3261582553386688,1463,407,46,47
141,17.08571242120875,512,2.0,0.5034846663475037,1311,643,72,60
136,17.119082953281424,513,2.0,0.32527604699134827,1465,404,44,45
141,17.119082953281424,513,2.0,0.5172424912452698,1315,635,68,59
136,17.152453485354098,514,2.0,0.3234698474407196,1466,400,45,44
141,17.152453485354098,514,2.0,0.5372571349143982,1321,627,68,59
136,17.18582401742677,515,2.0,0.36043015122413635,1467,397,45,42
141,17.18582401742677,515,2.0,0.43254998326301575,1326,619,70,60
136,17.219194549499445,516,2.0,0.36893001198768616,1469,395,43,42
141,17.219194549499445,516,2.0,0.6207098364830017,1331,613,68,56
136,17.25256508157212,517,2.0,0.27569228410720825,1472,393,43,40
141,17.25256508157212,517,2.0,0.6467084288597107,1335,606,66,54
136,17.285935613644792,518,2.0,0.3668976128101349,1473,391,43,39
141,17.285935613644792,518,2.0,0.4526028037071228,1339,601,63,56
136,17.319306145717462,519,2.0,0.28797447681427,1476,388,45,39
141,17.319306145717462,519,2.0,0.38510724902153015,1343,595,62,53
136,17.352676677790136,520,2.0,0.38421717286109924,1477,386,45,39
141,17.352676677790136,520,2.0,0.4279889464378357,1348,589,62,51
136,17.38604720986281,521,2.0,0.41040340065956116,1478,383,44,40
141,17.38604720986281,521,2.0,0.5303758978843689,1352,582,62,52
136,17.419417741935483,522,2.0,0.5125579833984375,1480,381,43,41
141,17.419417741935483,522,2.0,0.47198233008384705,1356,576,61,52
136,17.452788274008157,523,2.0,0.5882903337478638,1482,379,43,40
141,17.452788274008157,523,2.0,0.41264891624450684,1361,570,59,49
136,17.48615880608083,524,2.0,0.6343033313751221,1483,377,44,37
141,17.48615880608083,524,2.0,0.30192455649375916,1365,564,58,48
136,17.519529338153504,525,2.0,0.5712437033653259,1486,374,44,38
141,17.519529338153504,525,2.0,0.48943057656288147,1368,558,57,50
136,17.552899870226177,526,2.0,0.6036457419395447,1487,372,43,40
141,17.552899870226177,526,2.0,0.3346554636955261,1372,553,57,50
136,17.58627040229885,527,2.0,0.5830568671226501,1489,369,43,39
141,17.58627040229885,527,2.0,0.4316803812980652,1376,548,57,49
136,17.619640934371525,528,2.0,0.5991033315658569,1489,367,43,39
141,17.619640934371525,528,2.0,0.5382814407348633,1380,544,58,48
136,17.653011466444198,529,2.0,0.4282481074333191,1491,365,41,38
141,17.653011466444198,529,2.0,0.6178483963012695,1384,539,57,46
136,17.68638199851687,530,2.0,0.5623858571052551,1493,363,39,38
141,17.68638199851687,530,2.0,0.6104483008384705,1386,534,55,46
136,17.719752530589545,531,2.0,0.5661534667015076,1494,362,37,37
141,17.719752530589545,531,2.0,0.39592310786247253,1390,528,54,47
136,17.75312306266222,532,2.0,0.4930216670036316,1496,359,36,34
141,17.75312306266222,532,2.0,0.39968714118003845,1392,524,50,44
136,17.78649359473489,533,2.0,0.5004446506500244,1498,356,37,33
141,17.78649359473489,533,2.0,0.42665910720825195,1395,519,48,42
136,17.819864126807563,534,2.0,0.4700015187263489,1499,353,38,34
141,17.819864126807563,534,2.0,0.3363981246948242,1399,515,50,42
136,17.853234658880236,535,2.0,0.501685619354248,1501,352,40,34
141,17.853234658880236,535,2.0,0.5364371538162231,1401,509,49,44
136,17.88660519095291,536,2.0,0.36011427640914917,1502,351,39,34
141,17.88660519095291,536,2.0,0.5268905162811279,1406,504,49,42
136,17.919975723025583,537,2.0,0.34949803352355957,1503,349,39,33
141,17.919975723025583,537,2.0,0.6687774062156677,1408,500,48,42
136,17.953346255098257,538,2.0,0.2606571316719055,1504,348,39,33
141,17.953346255098257,538,2.0,0.37279948592185974,1411,496,50,41
136,17.98671678717093,539,2.0,0.31365007162094116,1505,346,39,34
141,17.98671678717093,539,2.0,0.4313719868659973,1414,491,50,38
136,18.020087319243604,540,2.0,0.3770734965801239,1506,343,39,37
141,18.020087319243604,540,2.0,0.5380764007568359,1416,487,49,39
136,18.053457851316278,541,2.0,0.3015903830528259,1508,342,39,37
141,18.053457851316278,541,2.0,0.49790334701538086,1419,483,47,40
146,18.053457851316278,541,2.0,0.5076042413711548,864,1006,164,133
136,18.08682838338895,542,2.0,0.29475152492523193,1510,340,38,37
141,18.08682838338895,542,2.0,0.4302102327346802,1424,480,49,39
146,18.08682838338895,542,2.0,0.5205822587013245,879,990,164,133
136,18.120198915461625,543,2.0,0.24040363729000092,1511,339,38,36
141,18.120198915461625,543,2.0,0.5872941613197327,1427,475,47,37
146,18.120198915461625,543,2.0,0.7797034382820129,895,971,161,132
136,18.1535694475343,544,2.0,0.23267994821071625,1512,337,38,34
141,18.1535694475343,544,2.0,0.5148505568504333,1428,472,45,37
146,18.1535694475343,544,2.0,0.41517385840415955,913,952,154,130
136,18.186939979606972,545,2.0,0.17630484700202942,1513,335,37,33
141,18.186939979606972,545,2.0,0.3283773362636566,1431,469,47,39
146,18.186939979606972,545,2.0,0.6545292735099792,930,934,148,126
136,18.220310511679646,546,2.0,0.25696617364883423,1515,333,35,31
141,18.220310511679646,546,2.0,0.441400945186615,1434,465,49,39
146,18.220310511679646,546,2.0,0.5253793001174927,946,916,145,120
136,18.253681043752316,547,2.0,0.2999742031097412,1516,331,35,30
141,18.253681043752316,547,2.0,0.36806023120880127,1436,462,46,38
146,18.253681043752316,547,2.0,0.5762007832527161,959,899,141,117
136,18.28705157582499,548,2.0,0.27355581521987915,1518,329,34,31
141,18.28705157582499,548,2.0,0.3844600021839142,1438,458,47,39
146,18.28705157582499,548,2.0,0.6680011749267578,973,884,137,115
136,18.320422107897663,549,2.0,0.3137015998363495,1519,328,34,30
141,18.320422107897663,549,2.0,0.43834608793258667,1439,454,46,38
146,18.320422107897663,549,2.0,0.6970977187156677,986,870,134,109
136,18.353792639970337,550,2.0,0.20032855868339539,1520,327,35,30
141,18.353792639970337,550,2.0,0.5238190293312073,1441,450,44,37
146,18.353792639970337,550,2.0,0.7939982414245605,1000,855,131,105
136,18.38716317204301,551,2.0,0.13955961167812347,1521,325,35,31
141,18.38716317204301,551,2.0,0.3461386561393738,1444,447,41,37
146,18.38716317204301,551,2.0,0.6919931173324585,1012,843,126,103
136,18.420533704115684,552,2.0,0.11222215741872787,1523,323,36,31
141,18.420533704115684,552,2.0,0.41589030623435974,1447,443,40,36
146,18.420533704115684,552,2.0,0.7381892204284668,1024,828,124,100
141,18.453904236188357,553,2.0,0.4759991765022278,1450,440,40,35
146,18.453904236188357,553,2.0,0.5709902048110962,1036,816,121,98
141,18.48727476826103,554,2.0,0.5418131947517395,1452,437,40,35
146,18.48727476826103,554,2.0,0.7171316742897034,1047,802,117,97
141,18.520645300333705,555,2.0,0.5640949606895447,1454,435,40,36
146,18.520645300333705,555,2.0,0.5814335346221924,1058,791,116,95
141,18.554015832406378,556,2.0,0.5198667049407959,1456,431,38,35
146,18.554015832406378,556,2.0,0.7292055487632751,1068,779,114,93
136,18.554015832406378,556,2.0,0.3183290958404541,1527,316,36,33
141,18.587386364479052,557,2.0,0.6082496047019958,1458,428,37,32
146,18.587386364479052,557,2.0,0.718178391456604,1078,769,112,90
136,18.587386364479052,557,2.0,0.1970715969800949,1527,316,36,33
141,18.620756896551725,558,2.0,0.44334879517555237,1460,425,38,33
146,18.620756896551725,558,2.0,0.6155438423156738,1089,758,109,88
136,18.620756896551725,558,2.0,0.2826940715312958,1529,314,36,32
141,18.6541274286244,559,2.0,0.2454589307308197,1462,422,38,33
146,18.6541274286244,559,2.0,0.6584600210189819,1098,748,105,84
136,18.6541274286244,559,2.0,0.24240434169769287,1530,312,34,29
141,18.68749796069707,560,2.0,0.22986899316310883,1464,419,40,32
146,18.68749796069707,560,2.0,0.49048659205436707,1108,736,102,83
136,18.68749796069707,560,2.0,0.3147774338722229,1531,311,35,28
141,18.720868492769743,561,2.0,0.219633549451828,1466,417,41,32
146,18.720868492769743,561,2.0,0.6370956301689148,1117,727,103,83
136,18.720868492769743,561,2.0,0.21770599484443665,1532,309,34,28
141,18.754239024842416,562,2.0,0.39938655495643616,1468,414,40,32
146,18.754239024842416,562,2.0,0.6705141067504883,1124,717,101,80
136,18.754239024842416,562,2.0,0.31696295738220215,1533,308,34,27
141,18.78760955691509,563,2.0,0.36126089096069336,1470,410,38,31
146,18.78760955691509,563,2.0,0.6426171064376831,1132,708,99,82
136,18.78760955691509,563,2.0,0.23148712515830994,1534,307,35,27
141,18.820980088987763,564,2.0,0.4421732723712921,1472,406,37,29
146,18.820980088987763,564,2.0,0.7058746814727783,1142,698,98,78
136,18.820980088987763,564,2.0,0.1969408094882965,1536,305,35,29
141,18.854350621060437,565,2.0,0.4885035753250122,1475,404,38,29
146,18.854350621060437,565,2.0,0.5151020884513855,1150,691,94,76
136,18.854350621060437,565,2.0,0.14511512219905853,1536,303,36,30
141,18.88772115313311,566,2.0,0.5125167965888977,1477,401,40,31
146,18.88772115313311,566,7.0,0.32410314679145813,1158,682,94,74
136,18.88772115313311,566,2.0,0.1050277054309845,1538,302,34,29
141,18.921091685205784,567,2.0,0.4132007658481598,1478,399,38,32
146,18.921091685205784,567,2.0,0.6158286333084106,1166,673,93,75
141,18.954462217278458,568,2.0,0.25479117035865784,1480,396,38,32
146,18.954462217278458,568,2.0,0.5757764577865601,1173,666,91,73
141,18.98783274935113,569,2.0,0.1649925708770752,1481,394,39,32
146,18.98783274935113,569,2.0,0.45294564962387085,1180,656,89,71
141,19.021203281423805,570,2.0,0.1673319786787033,1483,392,40,33
146,19.021203281423805,570,2.0,0.44427138566970825,1186,648,88,71
141,19.05457381349648,571,2.0,0.28884172439575195,1485,390,41,34
146,19.05457381349648,571,2.0,0.5843585133552551,1194,641,87,72
141,19.087944345569152,572,2.0,0.2977179288864136,1487,387,41,33
146,19.087944345569152,572,2.0,0.3787018358707428,1199,633,84,70
141,19.121314877641826,573,2.0,0.3240931034088135,1489,384,40,32
146,19.121314877641826,573,2.0,0.4189341366291046,1206,626,82,69
141,19.154685409714496,574,2.0,0.4017510712146759,1491,380,38,30
146,19.154685409714496,574,2.0,0.5825369358062744,1213,619,81,67
141,19.18805594178717,575,2.0,0.3385215699672699,1492,378,36,30
146,19.18805594178717,575,2.0,0.30552589893341064,1220,612,80,65
141,19.221426473859843,576,2.0,0.38938871026039124,1494,376,35,30
146,19.221426473859843,576,2.0,0.5169903039932251,1226,606,79,66
141,19.254797005932517,577,2.0,0.2443658411502838,1495,374,35,29
146,19.254797005932517,577,2.0,0.4531387686729431,1231,600,77,65
141,19.28816753800519,578,2.0,0.21190471947193146,1496,372,34,28
146,19.28816753800519,578,2.0,0.4910907447338104,1238,593,76,64
146,19.321538070077864,579,2.0,0.40777987241744995,1243,586,75,63
146,19.354908602150537,580,2.0,0.23100529611110687,1249,580,73,62
146,19.38827913422321,581,2.0,0.42918500304222107,1255,575,72,62
146,19.421649666295885,582,2.0,0.5654478073120117,1259,568,72,60
141,19.421649666295885,582,2.0,0.3679617941379547,1502,364,34,27
146,19.45502019836856,583,2.0,0.30968305468559265,1265,563,70,59
141,19.45502019836856,583,2.0,0.512094259262085,1504,363,34,26
146,19.488390730441232,584,2.0,0.3423832058906555,1269,557,68,58
141,19.488390730441232,584,2.0,0.2507113814353943,1505,360,33,24
146,19.521761262513905,585,2.0,0.2973479628562927,1274,551,68,59
141,19.521761262513905,585,2.0,0.23783516883850098,1507,357,33,25
146,19.55513179458658,586,2.0,0.4865368604660034,1278,545,69,56
141,19.55513179458658,586,2.0,0.34551316499710083,1508,355,32,26
146,19.588502326659253,587,2.0,0.4637942612171173,1284,540,68,56
141,19.588502326659253,587,2.0,0.3459949195384979,1509,352,33,26
146,19.621872858731923,588,2.0,0.4432598352432251,1286,535,67,54
141,19.621872858731923,588,2.0,0.17310397326946259,1510,350,32,27
146,19.655243390804596,589,2.0,0.3491661548614502,1291,530,64,55
141,19.655243390804596,589,2.0,0.16088497638702393,1511,349,34,27
146,19.68861392287727,590,2.0,0.32858750224113464,1296,526,63,54
146,19.721984454949943,591,2.0,0.3995704650878906,1301,520,66,53
146,19.755354987022617,592,2.0,0.40252718329429626,1306,516,64,54
146,19.78872551909529,593,2.0,0.4254898130893707,1309,511,61,52
146,19.822096051167964,594,2.0,0.5119227170944214,1314,507,58,52
146,19.855466583240638,595,2.0,0.3071509599685669,1318,502,59,53
141,19.855466583240638,595,2.0,0.3709694743156433,1520,337,29,23
146,19.88883711531331,596,2.0,0.37344929575920105,1320,497,60,52
141,19.88883711531331,596,2.0,0.1261889934539795,1521,335,29,23
146,19.922207647385985,597,2.0,0.2640148401260376,1325,493,60,53
141,19.922207647385985,597,2.0,0.11783904582262039,1522,334,29,22
146,19.95557817945866,598,2.0,0.4572746753692627,1329,488,61,51
141,19.95557817945866,598,2.0,0.1270648092031479,1523,333,29,24
146,19.988948711531332,599,2.0,0.4833828806877136,1331,485,62,50
141,19.988948711531332,599,2.0,0.10974807292222977,1525,331,30,24
146,20.022319243604006,600,2.0,0.516957700252533,1335,481,58,48
146,20.05568977567668,601,2.0,0.3946180045604706,1339,478,57,47
146,20.08906030774935,602,2.0,0.32068291306495667,1342,473,58,49
146,20.122430839822023,603,2.0,0.3943467140197754,1346,470,56,49
146,20.155801371894697,604,2.0,0.35983920097351074,1349,465,56,48
146,20.18917190396737,605,2.0,0.465072363615036,1351,462,56,46
146,20.222542436040044,606,2.0,0.5082942843437195,1355,459,56,43
146,20.255912968112717,607,2.0,0.4028896391391754,1358,455,54,43
146,20.28928350018539,608,2.0,0.49070867896080017,1361,453,52,43
146,20.322654032258065,609,2.0,0.15163224935531616,1363,449,51,44
146,20.35602456433074,610,2.0,0.29556339979171753,1367,443,51,43
146,20.389395096403412,611,2.0,0.26980143785476685,1370,440,51,43
146,20.422765628476085,612,2.0,0.35107311606407166,1373,438,52,42
146,20.45613616054876,613,2.0,0.31382232904434204,1375,435,53,41
146,20.489506692621433,614,2.0,0.43429842591285706,1379,431,50,41
146,20.522877224694106,615,2.0,0.5173725485801697,1382,429,48,40
146,20.556247756766776,616,2.0,0.3407002389431,1384,427,47,41
157,20.556247756766776,616,2.0,0.5738909244537354,1043,1027,133,103
146,20.58961828883945,617,2.0,0.30987656116485596,1387,423,48,41
157,20.58961828883945,617,2.0,0.6956648230552673,1055,1018,132,116
146,20.622988820912123,618,2.0,0.38016730546951294,1390,419,48,44
157,20.622988820912123,618,2.0,0.7407122850418091,1069,1002,126,120
146,20.656359352984797,619,2.0,0.4204038977622986,1392,415,48,41
157,20.656359352984797,619,2.0,0.7243798971176147,1083,983,124,121
146,20.68972988505747,620,2.0,0.5541413426399231,1394,413,47,40
157,20.68972988505747,620,2.0,0.8053911328315735,1094,965,120,117
146,20.723100417130144,621,2.0,0.6302998661994934,1396,411,46,38
157,20.723100417130144,621,2.0,0.7801787257194519,1108,946,119,112
146,20.756470949202818,622,2.0,0.5292519927024841,1399,408,46,37
157,20.756470949202818,622,2.0,0.7013604044914246,1118,929,118,108
146,20.78984148127549,623,2.0,0.6088041663169861,1402,405,44,36
157,20.78984148127549,623,2.0,0.6436017155647278,1129,913,114,105
146,20.823212013348165,624,2.0,0.3830218017101288,1405,402,42,34
157,20.823212013348165,624,2.0,0.7492139339447021,1140,897,109,101
146,20.85658254542084,625,2.0,0.23998679220676422,1406,400,41,34
157,20.85658254542084,625,2.0,0.6294258832931519,1150,881,107,97
146,20.889953077493512,626,2.0,0.12028402835130692,1408,398,42,36
157,20.889953077493512,626,2.0,0.6377940773963928,1161,866,105,97
146,20.923323609566186,627,2.0,0.29084059596061707,1410,393,45,38
157,20.923323609566186,627,2.0,0.6128069162368774,1171,852,101,94
146,20.95669414163886,628,2.0,0.3117905855178833,1412,391,43,38
157,20.95669414163886,628,2.0,0.6058764457702637,1181,837,97,91
146,20.990064673711533,629,2.0,0.4314938485622406,1415,388,43,38
157,20.990064673711533,629,2.0,0.6309734582901001,1190,825,96,89
146,21.023435205784203,630,2.0,0.5679677128791809,1416,387,44,37
157,21.023435205784203,630,2.0,0.5550692081451416,1199,812,93,86
146,21.056805737856877,631,2.0,0.474800705909729,1419,384,43,35
157,21.056805737856877,631,2.0,0.6865354776382446,1206,800,94,84
146,21.09017626992955,632,2.0,0.4805169999599457,1421,382,43,34
157,21.09017626992955,632,2.0,0.7481126189231873,1215,788,95,81
146,21.123546802002224,633,2.0,0.37013134360313416,1424,380,40,33
157,21.123546802002224,633,2.0,0.5234531760215759,1222,777,91,79
146,21.156917334074897,634,2.0,0.36743515729904175,1426,377,38,33
157,21.156917334074897,634,2.0,0.6182201504707336,1229,765,89,77
146,21.19028786614757,635,2.0,0.4496791362762451,1428,375,40,33
157,21.19028786614757,635,2.0,0.6285309791564941,1236,755,87,75
146,21.223658398220245,636,2.0,0.3997505307197571,1429,373,40,32
157,21.223658398220245,636,2.0,0.6644169688224792,1245,744,84,73
157,21.25702893029292,637,2.0,0.5991031527519226,1253,733,83,74
157,21.290399462365592,638,2.0,0.48805204033851624,1259,723,82,71
146,21.290399462365592,638,2.0,0.31277576088905334,1432,367,43,36
157,21.323769994438265,639,2.0,0.5643721222877502,1266,714,80,72
146,21.323769994438265,639,2.0,0.5576246380805969,1435,366,45,36
157,21.35714052651094,640,2.0,0.4959357976913452,1272,705,81,71
146,21.35714052651094,640,2.0,0.5203830003738403,1437,364,43,36
157,21.390511058583613,641,2.0,0.5039753317832947,1278,696,78,68
146,21.390511058583613,641,2.0,0.5055465698242188,1439,361,43,36
157,21.423881590656286,642,2.0,0.6533515453338623,1283,687,75,66
146,21.423881590656286,642,2.0,0.5347332954406738,1440,359,43,35
157,21.457252122728956,643,2.0,0.38817083835601807,1288,678,74,64
146,21.457252122728956,643,2.0,0.5007767677307129,1443,356,38,33
157,21.49062265480163,644,2.0,0.45106348395347595,1295,671,75,64
146,21.49062265480163,644,2.0,0.27101045846939087,1444,354,35,31
157,21.523993186874304,645,2.0,0.4348437786102295,1302,662,74,62
146,21.523993186874304,645,2.0,0.29575204849243164,1446,352,34,31
157,21.557363718946977,646,2.0,0.48304539918899536,1308,653,69,60
146,21.557363718946977,646,2.0,0.3483404815196991,1448,351,34,29
157,21.59073425101965,647,2.0,0.49218809604644775,1312,647,68,61
146,21.59073425101965,647,2.0,0.29311037063598633,1450,349,36,28
157,21.624104783092324,648,2.0,0.4362451136112213,1316,640,68,59
157,21.657475315164998,649,2.0,0.4165303111076355,1322,630,70,61
146,21.657475315164998,649,2.0,0.37472298741340637,1452,342,41,37
157,21.69084584723767,650,2.0,0.5272632837295532,1328,624,71,60
146,21.69084584723767,650,2.0,0.43859800696372986,1454,340,41,37
157,21.724216379310345,651,2.0,0.48147931694984436,1331,616,68,58
146,21.724216379310345,651,2.0,0.5151182413101196,1455,339,40,36
157,21.75758691138302,652,2.0,0.47007063031196594,1336,610,66,55
146,21.75758691138302,652,2.0,0.44147688150405884,1456,338,40,37
157,21.790957443455692,653,2.0,0.40963149070739746,1340,603,64,58
146,21.790957443455692,653,2.0,0.46761733293533325,1457,337,39,35
157,21.824327975528366,654,2.0,0.47342777252197266,1344,598,63,58
146,21.824327975528366,654,2.0,0.473858118057251,1459,335,40,36
157,21.85769850760104,655,2.0,0.4283207058906555,1349,591,62,56
146,21.85769850760104,655,2.0,0.31486570835113525,1462,334,37,33
157,21.891069039673713,656,2.0,0.45493844151496887,1354,584,63,53
146,21.891069039673713,656,2.0,0.4194689095020294,1463,332,35,32
157,21.924439571746383,657,2.0,0.442270427942276,1357,578,62,53
146,21.924439571746383,657,2.0,0.31302958726882935,1465,330,33,30
157,21.957810103819057,658,2.0,0.30115869641304016,1362,572,59,51
146,21.957810103819057,658,2.0,0.2797965705394745,1468,329,31,29
157,21.99118063589173,659,2.0,0.4120030701160431,1365,566,57,50
146,21.99118063589173,659,2.0,0.300189346075058,1469,327,32,28
157,22.024551167964404,660,2.0,0.36377444863319397,1369,561,55,49
146,22.024551167964404,660,2.0,0.2285231649875641,1471,326,32,28
157,22.057921700037078,661,2.0,0.4350832998752594,1371,554,55,50
146,22.057921700037078,661,2.0,0.2468768209218979,1472,325,33,27
157,22.09129223210975,662,2.0,0.3429330885410309,1375,549,56,48
146,22.09129223210975,662,2.0,0.35355329513549805,1473,319,36,35
157,22.124662764182425,663,2.0,0.45322689414024353,1378,545,58,49
146,22.124662764182425,663,2.0,0.4527199864387512,1474,316,38,38
157,22.1580332962551,664,2.0,0.47291597723960876,1382,539,54,48
146,22.1580332962551,664,2.0,0.4953238070011139,1475,315,39,37
157,22.191403828327772,665,2.0,0.4757942259311676,1386,535,54,47
146,22.191403828327772,665,2.0,0.56236332654953,1476,314,38,37
157,22.224774360400446,666,2.0,0.5242600440979004,1389,530,53,46
146,22.224774360400446,666,2.0,0.4728277921676636,1477,313,38,35
157,22.25814489247312,667,2.0,0.43218716979026794,1391,525,52,46
146,22.25814489247312,667,2.0,0.5300424098968506,1478,312,38,34
157,22.291515424545793,668,2.0,0.43717455863952637,1395,520,50,44
146,22.291515424545793,668,2.0,0.602669894695282,1480,311,38,32
157,22.324885956618466,669,2.0,0.4679034650325775,1397,515,50,42
146,22.324885956618466,669,2.0,0.5215489268302917,1481,311,37,31
157,22.35825648869114,670,2.0,0.37749990820884705,1400,510,50,44
146,22.35825648869114,670,2.0,0.4433956742286682,1482,309,37,30
157,22.39162702076381,671,2.0,0.47619616985321045,1403,505,48,42
146,22.39162702076381,671,2.0,0.37708917260169983,1483,308,36,28
157,22.424997552836484,672,2.0,0.4592572748661041,1407,501,47,43
146,22.424997552836484,672,2.0,0.4183722138404846,1485,306,37,30
157,22.458368084909157,673,2.0,0.6420544981956482,1408,497,47,41
146,22.458368084909157,673,2.0,0.2905511260032654,1486,305,37,29
157,22.49173861698183,674,2.0,0.5931983590126038,1412,492,47,40
146,22.49173861698183,674,2.0,0.35215237736701965,1487,303,39,30
157,22.525109149054504,675,2.0,0.42700913548469543,1414,488,45,39
146,22.525109149054504,675,2.0,0.10757216066122055,1488,303,38,29
157,22.558479681127178,676,2.0,0.43269118666648865,1416,484,46,40
157,22.59185021319985,677,2.0,0.3681250214576721,1419,479,46,39
157,22.625220745272525,678,2.0,0.38316309452056885,1421,475,47,37
157,22.6585912773452,679,2.0,0.3836119771003723,1423,471,45,38
157,22.691961809417872,680,2.0,0.48833245038986206,1426,468,46,39
157,22.725332341490546,681,2.0,0.4656909704208374,1428,465,46,37
157,22.75870287356322,682,2.0,0.6411805748939514,1431,461,46,37
146,22.75870287356322,682,2.0,0.3638699948787689,1499,291,33,31
157,22.792073405635893,683,2.0,0.575427234172821,1432,457,46,39
146,22.792073405635893,683,2.0,0.4660573899745941,1500,290,33,31
157,22.825443937708567,684,2.0,0.40348997712135315,1435,452,45,39
146,22.825443937708567,684,2.0,0.4634084105491638,1501,289,32,31
157,22.858814469781237,685,2.0,0.5724331140518188,1437,449,46,38
146,22.858814469781237,685,2.0,0.4743289351463318,1502,289,32,30
157,22.89218500185391,686,2.0,0.47489845752716064,1439,446,46,38
146,22.89218500185391,686,2.0,0.3982997238636017,1504,288,32,29
157,22.925555533926584,687,2.0,0.40855279564857483,1441,443,45,37
146,22.925555533926584,687,2.0,0.4015929400920868,1504,287,31,29
157,22.958926065999258,688,2.0,0.5129310488700867,1442,440,45,36
146,22.958926065999258,688,2.0,0.42534109950065613,1505,285,32,28
157,22.99229659807193,689,2.0,0.60848069190979,1444,436,41,36
146,22.99229659807193,689,2.0,0.31663066148757935,1505,284,32,27
157,23.025667130144605,690,2.0,0.6011525988578796,1446,433,38,36
146,23.025667130144605,690,2.0,0.23679427802562714,1505,283,31,27
157,23.05903766221728,691,2.0,0.43392640352249146,1448,430,36,35
157,23.092408194289952,692,2.0,0.37153512239456177,1451,427,37,34
157,23.125778726362626,693,2.0,0.5220425128936768,1453,424,39,32
157,23.1591492584353,694,2.0,0.5240573883056641,1455,421,37,32
157,23.192519790507973,695,2.0,0.3801949620246887,1456,418,38,32
157,23.225890322580646,696,2.0,0.4028887152671814,1457,415,39,34
157,23.25926085465332,697,2.0,0.5684086084365845,1458,411,39,36
157,23.292631386725994,698,2.0,0.43808311223983765,1460,408,36,33
157,23.326001918798664,699,2.0,0.49859070777893066,1461,404,37,33
157,23.359372450871337,700,2.0,0.46980175375938416,1462,401,36,34
157,23.39274298294401,701,2.0,0.47133514285087585,1463,399,39,32
157,23.426113515016684,702,2.0,0.3359752297401428,1465,397,38,32
157,23.459484047089358,703,2.0,0.22442622482776642,1467,395,38,31
146,23.459484047089358,703,2.0,0.34998515248298645,1520,265,31,33
157,23.49285457916203,704,2.0,0.32984185218811035,1468,392,37,30
146,23.49285457916203,704,2.0,0.34946921467781067,1520,264,31,33
157,23.526225111234705,705,2.0,0.36222466826438904,1470,389,34,30
146,23.526225111234705,705,2.0,0.2592625916004181,1521,263,31,33
157,23.55959564330738,706,2.0,0.466918021440506,1471,387,33,30
146,23.55959564330738,706,2.0,0.35980162024497986,1522,263,31,32
157,23.592966175380052,707,2.0,0.3448932468891144,1472,384,32,29
146,23.592966175380052,707,2.0,0.31957370042800903,1522,263,32,31
157,23.626336707452726,708,2.0,0.3514828085899353,1474,382,36,30
146,23.626336707452726,708,2.0,0.18869949877262115,1524,262,32,30
157,23.6597072395254,709,2.0,0.38563740253448486,1475,380,36,30
146,23.6597072395254,709,2.0,0.2027110904455185,1524,261,32,29
157,23.693077771598073,710,2.0,0.26305699348449707,1477,378,36,29
146,23.693077771598073,710,2.0,0.23407788574695587,1525,260,32,28
157,23.726448303670747,711,2.0,0.3402183949947357,1479,376,36,30
146,23.726448303670747,711,2.0,0.16412489116191864,1526,260,31,27
157,23.759818835743417,712,2.0,0.23434863984584808,1480,375,36,29
157,23.79318936781609,713,2.0,0.19624927639961243,1480,373,38,29
157,23.826559899888764,714,2.0,0.15125134587287903,1481,371,37,29
157,23.859930431961438,715,2.0,0.21057459712028503,1483,368,34,29
157,23.89330096403411,716,2.0,0.31541794538497925,1484,366,35,30
157,23.926671496106785,717,2.0,0.2561783194541931,1484,363,35,28
157,23.96004202817946,718,2.0,0.3336452543735504,1485,360,34,27
157,23.993412560252132,719,2.0,0.22628217935562134,1488,358,35,28
157,24.026783092324806,720,2.0,0.27740854024887085,1488,356,34,27
157,24.06015362439748,721,2.0,0.10965177416801453,1490,354,34,28
157,24.093524156470153,722,2.0,0.11499537527561188,1491,351,33,27
157,24.126894688542826,723,2.0,0.14156651496887207,1491,350,32,26
157,24.1602652206155,724,2.0,0.1765722930431366,1493,349,32,25
157,24.193635752688174,725,2.0,0.28492113947868347,1496,342,32,27
157,24.227006284760844,726,2.0,0.19236460328102112,1496,340,31,28
165,24.260376816833517,727,18.0,0.35679370164871216,497,437,26,30
165,24.29374734890619,728,18.0,0.3711394965648651,497,437,26,31
165,24.327117880978864,729,18.0,0.25330087542533875,497,437,25,31
165,24.360488413051538,730,18.0,0.2273438274860382,498,437,25,30
165,24.39385894512421,731,18.0,0.16501756012439728,498,437,24,30
165,24.427229477196885,732,18.0,0.18888702988624573,498,438,23,30
165,24.46060000926956,733,18.0,0.18708930909633636,498,438,23,30
165,24.493970541342232,734,18.0,0.12569452822208405,498,438,23,31
165,24.527341073414906,735,18.0,0.12375352531671524,498,438,23,31
165,24.56071160548758,736,18.0,0.1272473931312561,498,438,23,31
165,24.594082137560253,737,18.0,0.11988548189401627,498,439,23,31
189,24.627452669632927,738,2.0,0.5823231339454651,902,501,67,46
189,24.6608232017056,739,2.0,0.38121798634529114,894,506,68,44
189,24.69419373377827,740,2.0,0.6472751498222351,884,513,68,45
189,24.727564265850944,741,2.0,0.4300980269908905,875,519,71,44
189,24.760934797923618,742,2.0,0.5393038392066956,865,524,71,48
189,24.79430532999629,743,2.0,0.5587389469146729,855,529,73,49
189,24.827675862068965,744,2.0,0.30253615975379944,845,534,74,49
189,24.86104639414164,745,2.0,0.533748984336853,834,540,74,46
189,24.894416926214312,746,2.0,0.5421550869941711,823,546,76,49
189,24.927787458286986,747,2.0,0.42242157459259033,813,551,75,51
189,24.96115799035966,748,2.0,0.6450729370117188,802,557,77,51
189,24.994528522432333,749,2.0,0.8035328388214111,792,564,79,51
189,25.027899054505006,750,2.0,0.7545140385627747,779,571,81,53
189,25.06126958657768,751,2.0,0.6809540390968323,769,577,82,56
189,25.094640118650354,752,2.0,0.6186485886573792,756,582,84,56
189,25.128010650723027,753,2.0,0.6767953634262085,744,590,84,54
189,25.161381182795697,754,2.0,0.5414872169494629,731,596,87,56
189,25.19475171486837,755,2.0,0.6272997260093689,719,603,88,58
189,25.228122246941044,756,2.0,0.7871275544166565,706,610,88,58
189,25.261492779013718,757,2.0,0.7642567753791809,692,618,91,59
189,25.29486331108639,758,2.0,0.7706128358840942,679,626,94,60
189,25.328233843159065,759,2.0,0.7639619708061218,665,634,97,62
189,25.36160437523174,760,2.0,0.7070727348327637,651,643,97,62
189,25.394974907304412,761,2.0,0.7744734883308411,635,650,99,63
189,25.428345439377086,762,2.0,0.6997569799423218,619,659,102,66
189,25.46171597144976,763,2.0,0.750665009021759,603,669,103,68
189,25.495086503522433,764,2.0,0.7332600951194763,588,677,108,70
189,25.528457035595107,765,2.0,0.6714015603065491,571,687,109,72
189,25.56182756766778,766,2.0,0.7954569458961487,553,697,111,73
189,25.595198099740454,767,2.0,0.8385112881660461,535,707,115,75
189,25.628568631813124,768,2.0,0.7833777070045471,516,717,117,76
189,25.661939163885798,769,2.0,0.7379572987556458,497,728,120,78
189,25.69530969595847,770,2.0,0.6890862584114075,477,739,122,79
189,25.728680228031145,771,2.0,0.7903729677200317,458,751,126,82
189,25.76205076010382,772,2.0,0.776063084602356,437,762,129,85
189,25.795421292176492,773,2.0,0.7175650000572205,415,775,133,88
189,25.828791824249166,774,2.0,0.7397255301475525,392,787,137,89
189,25.86216235632184,775,2.0,0.785675585269928,368,801,140,92
189,25.895532888394513,776,2.0,0.7687554955482483,345,813,146,95
189,25.928903420467186,777,2.0,0.7694727778434753,319,827,149,98
189,25.96227395253986,778,2.0,0.6704249978065491,292,843,155,103
189,25.995644484612534,779,2.0,0.7367103695869446,264,857,161,104
189,26.029015016685207,780,2.0,0.7290096879005432,237,873,167,110
189,26.06238554875788,781,2.0,0.7176656723022461,208,890,174,111
189,26.09575608083055,782,2.0,0.7142659425735474,177,907,183,117
189,26.129126612903224,783,2.0,0.6106777191162109,144,925,191,122
189,26.162497144975898,784,2.0,0.7252295613288879,110,947,198,125
189,26.19586767704857,785,2.0,0.4736417829990387,89,964,178,127
189,26.229238209121245,786,5.0,0.10379137098789215,72,982,144,126
189,26.26260874119392,787,5.0,0.15783697366714478,54,997,108,117
214,26.295979273266592,788,2.0,0.5730476379394531,1097,356,45,30
214,26.329349805339266,789,2.0,0.30273640155792236,1093,357,38,31
214,26.36272033741194,790,2.0,0.3495999574661255,1089,359,34,33
214,26.396090869484613,791,2.0,0.34173649549484253,1085,361,38,37
214,26.429461401557287,792,2.0,0.4116484820842743,1081,363,44,39
214,26.46283193362996,793,2.0,0.42440032958984375,1078,364,45,40
214,26.496202465702634,794,2.0,0.3843543827533722,1073,367,46,38
214,26.529572997775304,795,2.0,0.3206207752227783,1066,373,37,36
214,26.562943529847978,796,2.0,0.3431667387485504,1060,375,39,35
214,26.59631406192065,797,2.0,0.3985326290130615,1053,377,48,36
214,26.629684593993325,798,2.0,0.5301554799079895,1049,381,49,36
214,26.663055126066,799,2.0,0.4404483437538147,1045,384,46,36
214,26.696425658138672,800,2.0,0.48801982402801514,1041,385,44,37
214,26.729796190211346,801,2.0,0.5161870121955872,1035,387,47,39
214,26.76316672228402,802,2.0,0.4871899485588074,1031,388,48,39
214,26.796537254356693,803,2.0,0.3797040283679962,1027,391,51,39
214,26.829907786429366,804,2.0,0.43985405564308167,1022,395,47,36
214,26.86327831850204,805,2.0,0.5762923359870911,1014,399,47,35
214,26.896648850574714,806,2.0,0.4569457471370697,1008,401,51,36
214,26.930019382647387,807,2.0,0.4965851902961731,1005,402,51,36
214,26.96338991472006,808,2.0,0.4884225130081177,1001,406,52,38
214,26.99676044679273,809,2.0,0.513556718826294,995,409,50,42
214,27.030130978865405,810,2.0,0.576168417930603,988,410,51,44
214,27.063501510938078,811,2.0,0.38227543234825134,982,412,53,44
214,27.09687204301075,812,2.0,0.42872148752212524,978,416,54,42
214,27.130242575083425,813,2.0,0.5188035368919373,972,420,50,42
214,27.1636131071561,814,2.0,0.38536879420280457,964,422,54,43
214,27.196983639228772,815,2.0,0.4568210244178772,959,424,56,44
214,27.230354171301446,816,2.0,0.5130894780158997,954,428,56,42
214,27.26372470337412,817,2.0,0.597047746181488,949,433,55,42
214,27.297095235446793,818,2.0,0.31603503227233887,941,435,55,45
214,27.330465767519467,819,2.0,0.37496212124824524,935,436,56,47
214,27.36383629959214,820,2.0,0.47562527656555176,930,438,56,45
222,27.36383629959214,820,2.0,0.5349653363227844,1007,1033,162,92
222,27.397206831664814,821,2.0,0.6069929003715515,1011,1024,174,111
222,27.430577363737488,822,2.0,0.5165888071060181,1020,1014,186,130
214,27.430577363737488,822,2.0,0.41239655017852783,914,449,56,41
222,27.463947895810158,823,2.0,0.6154767870903015,1034,1004,184,149
214,27.463947895810158,823,2.0,0.48209455609321594,908,454,56,40
222,27.49731842788283,824,2.0,0.5027809143066406,1049,994,179,166
214,27.49731842788283,824,2.0,0.34114617109298706,900,458,59,42
222,27.530688959955505,825,2.0,0.5986704230308533,1063,982,173,180
214,27.530688959955505,825,2.0,0.3484123647212982,893,460,61,45
222,27.56405949202818,826,2.0,0.4344151020050049,1077,966,170,183
214,27.56405949202818,826,2.0,0.48679491877555847,887,462,61,47
233,27.56405949202818,826,2.0,0.4378068149089813,1170,325,39,29
222,27.597430024100852,827,7.0,0.6487191319465637,1092,948,163,178
214,27.597430024100852,827,2.0,0.371712863445282,881,464,62,47
233,27.597430024100852,827,2.0,0.3241089880466461,1168,326,39,29
222,27.630800556173526,828,2.0,0.5459127426147461,1103,929,162,173
214,27.630800556173526,828,2.0,0.513869047164917,871,469,60,42
233,27.630800556173526,828,2.0,0.4621897339820862,1166,327,38,30
222,27.6641710882462,829,2.0,0.5330549478530884,1116,912,155,169
214,27.6641710882462,829,2.0,0.16217714548110962,863,475,57,43
233,27.6641710882462,829,2.0,0.3757060468196869,1163,329,36,31
222,27.697541620318873,830,7.0,0.5375677347183228,1128,894,149,163
214,27.697541620318873,830,2.0,0.3213649392127991,857,482,60,41
233,27.697541620318873,830,2.0,0.352658212184906,1161,331,34,32
222,27.730912152391546,831,7.0,0.5079896450042725,1139,878,147,158
214,27.730912152391546,831,2.0,0.3624403476715088,847,487,62,38
233,27.730912152391546,831,2.0,0.41805896162986755,1157,332,37,32
222,27.76428268446422,832,7.0,0.5508456826210022,1149,861,140,154
214,27.76428268446422,832,2.0,0.44909530878067017,841,489,63,42
233,27.76428268446422,832,2.0,0.4749962091445923,1153,333,42,36
239,27.76428268446422,832,2.0,0.4529520273208618,1291,259,39,29
222,27.797653216536894,833,7.0,0.49892354011535645,1161,845,137,148
214,27.797653216536894,833,2.0,0.4288382828235626,834,490,65,48
233,27.797653216536894,833,2.0,0.2465769201517105,1150,336,45,37
239,27.797653216536894,833,2.0,0.3922697603702545,1290,261,39,28
222,27.831023748609567,834,7.0,0.4372555613517761,1171,832,135,142
233,27.831023748609567,834,2.0,0.26612961292266846,1147,339,45,38
239,27.831023748609567,834,2.0,0.4008331894874573,1288,261,41,30
222,27.86439428068224,835,7.0,0.5380778312683105,1180,817,130,136
233,27.86439428068224,835,2.0,0.5132625102996826,1143,340,42,37
239,27.86439428068224,835,2.0,0.40433400869369507,1286,262,39,30
222,27.897764812754914,836,7.0,0.515382707118988,1189,801,129,130
233,27.897764812754914,836,2.0,0.35228729248046875,1139,340,41,38
239,27.897764812754914,836,2.0,0.4443433880805969,1284,263,36,29
214,27.897764812754914,836,2.0,0.32120251655578613,808,502,67,49
222,27.931135344827585,837,7.0,0.5986188054084778,1199,789,126,131
233,27.931135344827585,837,2.0,0.2568396329879761,1136,341,41,37
239,27.931135344827585,837,2.0,0.4097069203853607,1282,264,34,30
222,27.964505876900258,838,7.0,0.45755234360694885,1207,778,123,125
233,27.964505876900258,838,2.0,0.2593745291233063,1132,344,42,36
239,27.964505876900258,838,2.0,0.28668713569641113,1281,265,33,33
214,27.964505876900258,838,2.0,0.513486921787262,791,513,68,50
222,27.99787640897293,839,2.0,0.4653826951980591,1215,767,119,121
233,27.99787640897293,839,2.0,0.21292787790298462,1127,345,45,38
239,27.99787640897293,839,2.0,0.2839100956916809,1280,265,31,34
247,27.99787640897293,839,7.0,0.4501660168170929,1213,769,119,121
214,27.99787640897293,839,2.0,0.5845470428466797,782,514,73,51
222,28.031246941045605,840,2.0,0.5978878736495972,1224,753,119,119
233,28.031246941045605,840,2.0,0.27535441517829895,1123,348,45,34
239,28.031246941045605,840,2.0,0.34054237604141235,1279,265,31,33
214,28.031246941045605,840,2.0,0.4486895203590393,771,519,71,55
222,28.06461747311828,841,2.0,0.5091387629508972,1232,742,115,116
233,28.06461747311828,841,2.0,0.42311719059944153,1120,350,44,33
239,28.06461747311828,841,2.0,0.24657320976257324,1278,266,30,35
214,28.06461747311828,841,2.0,0.28002533316612244,765,524,73,57
222,28.097988005190953,842,7.0,0.4131980538368225,1239,731,111,114
233,28.097988005190953,842,2.0,0.4954756498336792,1118,353,42,33
239,28.097988005190953,842,2.0,0.28143414855003357,1276,267,32,37
222,28.131358537263626,843,2.0,0.39868855476379395,1247,722,109,109
233,28.131358537263626,843,2.0,0.4682254493236542,1115,355,42,33
239,28.131358537263626,843,2.0,0.31512126326560974,1273,269,36,35
214,28.131358537263626,843,2.0,0.3350745737552643,748,535,74,55
222,28.1647290693363,844,7.0,0.4673992097377777,1254,711,109,107
233,28.1647290693363,844,2.0,0.4506698548793793,1113,356,38,32
239,28.1647290693363,844,2.0,0.1997555047273636,1271,270,36,35
214,28.1647290693363,844,2.0,0.45641472935676575,736,540,77,55
222,28.198099601408973,845,2.0,0.5345470309257507,1261,700,106,105
233,28.198099601408973,845,2.0,0.47922492027282715,1105,359,45,33
239,28.198099601408973,845,2.0,0.35343366861343384,1268,271,41,35
214,28.198099601408973,845,2.0,0.35338178277015686,726,544,75,58
255,28.198099601408973,845,2.0,0.4915121793746948,739,587,88,70
222,28.231470133481647,846,2.0,0.43381959199905396,1267,691,103,102
233,28.231470133481647,846,2.0,0.5218623876571655,1102,360,46,35
239,28.231470133481647,846,2.0,0.31620529294013977,1265,272,41,34
214,28.231470133481647,846,2.0,0.31688472628593445,716,550,80,56
222,28.26484066555432,847,2.0,0.6320534944534302,1274,682,101,100
233,28.26484066555432,847,2.0,0.5496160984039307,1100,362,47,38
239,28.26484066555432,847,2.0,0.49321287870407104,1263,274,41,33
214,28.26484066555432,847,2.0,0.3300573527812958,707,554,82,59
222,28.298211197626994,848,2.0,0.39750438928604126,1282,673,101,99
233,28.298211197626994,848,2.0,0.6436449885368347,1096,363,48,38
239,28.298211197626994,848,2.0,0.4608757495880127,1262,274,41,33
214,28.298211197626994,848,2.0,0.40862974524497986,695,560,85,59
222,28.331581729699668,849,2.0,0.59281325340271,1288,663,100,98
233,28.331581729699668,849,2.0,0.7191396355628967,1092,364,46,38
239,28.331581729699668,849,2.0,0.37843555212020874,1260,274,39,34
214,28.331581729699668,849,2.0,0.4363614022731781,684,566,87,63
222,28.36495226177234,850,2.0,0.39807525277137756,1294,655,97,96
233,28.36495226177234,850,2.0,0.6684609055519104,1089,365,44,39
239,28.36495226177234,850,2.0,0.3843511939048767,1259,276,35,31
214,28.36495226177234,850,2.0,0.3346690833568573,673,571,87,63
222,28.39832279384501,851,2.0,0.40622302889823914,1300,645,95,92
233,28.39832279384501,851,2.0,0.6442441344261169,1084,367,48,40
239,28.39832279384501,851,2.0,0.27247992157936096,1257,277,32,30
214,28.39832279384501,851,2.0,0.49926188588142395,662,577,87,64
267,28.39832279384501,851,2.0,0.5064479112625122,659,636,96,73
222,28.431693325917685,852,2.0,0.4151190519332886,1306,637,94,91
233,28.431693325917685,852,2.0,0.5526144504547119,1080,369,48,41
239,28.431693325917685,852,2.0,0.27657946944236755,1254,278,34,31
214,28.431693325917685,852,2.0,0.4850581884384155,651,581,88,61
267,28.431693325917685,852,2.0,0.6490791440010071,644,643,101,78
222,28.46506385799036,853,2.0,0.4049350321292877,1312,629,94,91
233,28.46506385799036,853,2.0,0.5245659351348877,1076,373,47,40
239,28.46506385799036,853,2.0,0.23392023146152496,1252,279,34,32
214,28.46506385799036,853,2.0,0.605370819568634,639,588,92,65
267,28.46506385799036,853,2.0,0.7487974166870117,627,652,103,79
222,28.498434390063032,854,2.0,0.40078943967819214,1317,621,90,90
233,28.498434390063032,854,2.0,0.5901440978050232,1072,374,47,40
239,28.498434390063032,854,2.0,0.33728665113449097,1247,280,40,32
214,28.498434390063032,854,2.0,0.47225919365882874,626,594,91,62
267,28.498434390063032,854,2.0,0.5268951058387756,610,661,104,82
222,28.531804922135706,855,2.0,0.38723763823509216,1322,615,90,86
233,28.531804922135706,855,2.0,0.5082537531852722,1068,378,47,39
239,28.531804922135706,855,2.0,0.310940146446228,1243,282,42,33
214,28.531804922135706,855,2.0,0.5496460795402527,614,602,94,61
267,28.531804922135706,855,2.0,0.5437859296798706,594,673,105,78
222,28.56517545420838,856,7.0,0.30082881450653076,1327,608,89,85
233,28.56517545420838,856,2.0,0.41340360045433044,1063,381,46,38
239,28.56517545420838,856,2.0,0.2946581542491913,1242,283,43,34
214,28.56517545420838,856,2.0,0.647927463054657,600,609,95,67
267,28.56517545420838,856,2.0,0.6944597363471985,575,683,109,81
222,28.598545986281053,857,2.0,0.4040423631668091,1333,601,89,81
233,28.598545986281053,857,2.0,0.47514963150024414,1057,384,50,40
239,28.598545986281053,857,2.0,0.27306240797042847,1240,285,43,35
214,28.598545986281053,857,2.0,0.6585105657577515,589,615,96,67
267,28.598545986281053,857,2.0,0.7325609922409058,559,692,111,83
222,28.631916518353727,858,2.0,0.5584010481834412,1337,593,87,83
233,28.631916518353727,858,2.0,0.5328856706619263,1054,386,51,42
239,28.631916518353727,858,2.0,0.4121694266796112,1238,286,43,35
214,28.631916518353727,858,2.0,0.6086999177932739,574,623,100,70
267,28.631916518353727,858,2.0,0.6972821354866028,541,703,114,88
222,28.6652870504264,859,2.0,0.4876248240470886,1342,587,82,80
233,28.6652870504264,859,2.0,0.4661575257778168,1050,388,52,42
239,28.6652870504264,859,2.0,0.3340440094470978,1236,287,39,35
214,28.6652870504264,859,2.0,0.6008411049842834,560,629,100,68
267,28.6652870504264,859,2.0,0.8191967010498047,522,712,118,90
222,28.698657582499074,860,2.0,0.43217596411705017,1346,580,82,78
233,28.698657582499074,860,2.0,0.5898176431655884,1046,389,50,42
239,28.698657582499074,860,2.0,0.2408757209777832,1234,288,38,37
214,28.698657582499074,860,2.0,0.5226666331291199,545,635,103,67
267,28.698657582499074,860,2.0,0.6396850943565369,503,724,119,92
222,28.732028114571747,861,2.0,0.40692687034606934,1350,574,81,76
233,28.732028114571747,861,2.0,0.6469578146934509,1042,389,50,42
239,28.732028114571747,861,2.0,0.21196062862873077,1233,288,36,37
214,28.732028114571747,861,2.0,0.579974353313446,531,643,105,71
267,28.732028114571747,861,2.0,0.6528496146202087,483,735,123,92
222,28.76539864664442,862,2.0,0.5201923847198486,1356,568,80,77
233,28.76539864664442,862,2.0,0.5218774080276489,1038,392,52,42
239,28.76539864664442,862,2.0,0.11273147910833359,1232,289,35,38
214,28.76539864664442,862,2.0,0.6627009510993958,518,651,109,71
267,28.76539864664442,862,2.0,0.7935409545898438,462,747,125,95
222,28.798769178717095,863,2.0,0.26477548480033875,1360,562,80,74
233,28.798769178717095,863,2.0,0.5284483432769775,1033,397,50,38
239,28.798769178717095,863,2.0,0.21673287451267242,1230,290,34,39
214,28.798769178717095,863,2.0,0.6029002666473389,502,659,107,72
267,28.798769178717095,863,2.0,0.6800759434700012,441,760,130,98
222,28.832139710789768,864,7.0,0.27175173163414,1365,556,78,73
233,28.832139710789768,864,2.0,0.5108944773674011,1028,400,51,39
239,28.832139710789768,864,2.0,0.26258841156959534,1227,291,37,38
214,28.832139710789768,864,2.0,0.7538257241249084,486,667,111,74
267,28.832139710789768,864,2.0,0.6825748085975647,419,771,132,102
222,28.865510242862438,865,2.0,0.33006200194358826,1369,550,75,72
233,28.865510242862438,865,2.0,0.5083329081535339,1024,402,50,40
239,28.865510242862438,865,2.0,0.22640427947044373,1223,293,43,39
214,28.865510242862438,865,2.0,0.6368657946586609,468,674,113,76
267,28.865510242862438,865,2.0,0.4668152332305908,396,782,136,103
222,28.89888077493511,866,2.0,0.4813166558742523,1373,543,73,72
233,28.89888077493511,866,2.0,0.32999956607818604,1018,405,54,42
239,28.89888077493511,866,2.0,0.27885571122169495,1220,294,44,39
214,28.89888077493511,866,2.0,0.6502703428268433,452,683,115,78
267,28.89888077493511,866,2.0,0.6253312826156616,371,796,138,105
222,28.932251307007785,867,2.0,0.49779558181762695,1378,538,73,72
233,28.932251307007785,867,2.0,0.33945202827453613,1011,409,52,42
239,28.932251307007785,867,2.0,0.3705182671546936,1217,296,44,38
214,28.932251307007785,867,2.0,0.6873064041137695,436,692,118,79
267,28.932251307007785,867,2.0,0.6568012833595276,348,810,144,109
222,28.96562183908046,868,2.0,0.5389391183853149,1380,533,71,71
233,28.96562183908046,868,2.0,0.46685487031936646,1007,411,53,42
239,28.96562183908046,868,2.0,0.3947314918041229,1215,298,42,35
214,28.96562183908046,868,2.0,0.8131301999092102,417,702,122,81
267,28.96562183908046,868,2.0,0.8572720289230347,323,824,149,111
222,28.998992371153133,869,2.0,0.6339070796966553,1384,528,70,68
233,28.998992371153133,869,2.0,0.5979390144348145,1002,412,54,44
239,28.998992371153133,869,2.0,0.3687608242034912,1213,299,39,33
214,28.998992371153133,869,2.0,0.6908274292945862,400,711,124,83
267,28.998992371153133,869,2.0,0.8059116005897522,297,839,153,112
222,29.032362903225806,870,2.0,0.6747517585754395,1387,521,68,67
233,29.032362903225806,870,2.0,0.6612818837165833,999,413,54,44
239,29.032362903225806,870,2.0,0.37140464782714844,1211,300,37,32
214,29.032362903225806,870,2.0,0.7261139154434204,381,719,129,86
267,29.032362903225806,870,2.0,0.6397907733917236,269,853,158,116
222,29.06573343529848,871,2.0,0.4872537851333618,1391,516,70,67
233,29.06573343529848,871,2.0,0.725109875202179,993,415,57,45
239,29.06573343529848,871,2.0,0.3928505778312683,1210,301,35,33
214,29.06573343529848,871,2.0,0.7699646949768066,362,730,131,90
267,29.06573343529848,871,2.0,0.7419722676277161,239,869,163,119
222,29.099103967371153,872,2.0,0.3261550962924957,1395,512,69,66
233,29.099103967371153,872,2.0,0.34610992670059204,987,420,56,44
239,29.099103967371153,872,2.0,0.2543378174304962,1207,302,35,35
214,29.099103967371153,872,2.0,0.7493131756782532,343,740,133,90
267,29.099103967371153,872,2.0,0.8058084845542908,211,886,170,122
222,29.132474499443827,873,2.0,0.27855184674263,1398,507,70,64
233,29.132474499443827,873,2.0,0.5802359580993652,982,423,57,46
239,29.132474499443827,873,2.0,0.36655211448669434,1204,304,37,36
214,29.132474499443827,873,2.0,0.7489581108093262,322,751,134,91
267,29.132474499443827,873,2.0,0.6367235779762268,179,903,178,128
222,29.1658450315165,874,2.0,0.43301936984062195,1401,503,68,64
233,29.1658450315165,874,2.0,0.4310976266860962,977,425,56,47
239,29.1658450315165,874,2.0,0.4940975308418274,1200,305,43,37
214,29.1658450315165,874,2.0,0.630664050579071,301,761,137,95
267,29.1658450315165,874,2.0,0.5961654782295227,146,920,184,128
222,29.199215563589174,875,2.0,0.5670017004013062,1405,497,64,63
233,29.199215563589174,875,2.0,0.5367205142974854,970,428,61,49
239,29.199215563589174,875,2.0,0.5674383044242859,1196,307,44,36
214,29.199215563589174,875,2.0,0.8299562931060791,280,772,143,99
267,29.199215563589174,875,2.0,0.7460511922836304,112,939,192,134
222,29.232586095661848,876,2.0,0.37664705514907837,1409,492,63,64
233,29.232586095661848,876,2.0,0.40997079014778137,964,432,60,48
239,29.232586095661848,876,2.0,0.6508810520172119,1193,309,44,37
214,29.232586095661848,876,2.0,0.793644368648529,258,783,147,100
267,29.232586095661848,876,2.0,0.5718014240264893,88,957,176,135
222,29.26595662773452,877,2.0,0.43224242329597473,1412,487,62,63
233,29.26595662773452,877,2.0,0.42460352182388306,959,435,58,46
239,29.26595662773452,877,2.0,0.6409719586372375,1191,311,42,36
214,29.26595662773452,877,2.0,0.8516867756843567,235,795,153,105
267,29.26595662773452,877,2.0,0.3662131130695343,70,978,141,139
222,29.29932715980719,878,2.0,0.2994343638420105,1415,483,60,60
233,29.29932715980719,878,2.0,0.5486834049224854,953,437,58,47
239,29.29932715980719,878,2.0,0.43394166231155396,1188,312,39,37
214,29.29932715980719,878,2.0,0.5731094479560852,210,807,157,107
267,29.29932715980719,878,2.0,0.38711094856262207,52,990,104,125
275,29.29932715980719,878,2.0,0.5462082028388977,835,1018,152,117
222,29.332697691879865,879,2.0,0.5746068954467773,1418,479,62,61
233,29.332697691879865,879,2.0,0.5972055196762085,947,439,60,50
239,29.332697691879865,879,2.0,0.444139301776886,1187,312,38,39
214,29.332697691879865,879,2.0,0.708489179611206,185,819,162,107
267,29.332697691879865,879,2.0,0.4756028950214386,32,1004,64,109
275,29.332697691879865,879,2.0,0.5441007614135742,857,999,144,116
222,29.36606822395254,880,2.0,0.6173465847969055,1422,475,65,58
233,29.36606822395254,880,2.0,0.5201259255409241,942,443,61,50
239,29.36606822395254,880,2.0,0.4105519950389862,1184,313,40,41
214,29.36606822395254,880,2.0,0.7845525741577148,159,832,166,109
275,29.36606822395254,880,2.0,0.6634615659713745,877,976,143,111
222,29.399438756025212,881,2.0,0.38645339012145996,1425,471,63,59
233,29.399438756025212,881,2.0,0.49851301312446594,936,447,62,49
239,29.399438756025212,881,2.0,0.2369820475578308,1180,315,41,42
214,29.399438756025212,881,2.0,0.731756865978241,133,846,172,113
275,29.399438756025212,881,2.0,0.6873730421066284,896,954,139,110
222,29.432809288097886,882,2.0,0.6457499861717224,1428,466,63,57
233,29.432809288097886,882,2.0,0.30166009068489075,930,450,61,49
239,29.432809288097886,882,2.0,0.4003340005874634,1177,316,44,41
214,29.432809288097886,882,2.0,0.773858904838562,103,859,180,119
275,29.432809288097886,882,2.0,0.7487159967422485,915,934,133,110
222,29.46617982017056,883,2.0,0.7203422784805298,1430,462,61,58
233,29.46617982017056,883,2.0,0.3391413986682892,923,454,63,49
239,29.46617982017056,883,2.0,0.5247450470924377,1174,318,47,41
214,29.46617982017056,883,2.0,0.8038749694824219,83,871,166,123
275,29.46617982017056,883,2.0,0.7903968095779419,933,914,129,106
222,29.499550352243233,884,2.0,0.5254194736480713,1432,459,57,58
233,29.499550352243233,884,2.0,0.32373639941215515,917,457,64,49
239,29.499550352243233,884,2.0,0.506365180015564,1171,319,47,41
214,29.499550352243233,884,2.0,0.3742867112159729,69,887,139,124
275,29.499550352243233,884,2.0,0.5428012609481812,950,896,124,101
222,29.532920884315907,885,2.0,0.6370848417282104,1435,455,56,57
233,29.532920884315907,885,2.0,0.43119141459465027,910,462,64,48
239,29.532920884315907,885,2.0,0.45384472608566284,1168,322,45,37
214,29.532920884315907,885,5.0,0.31030502915382385,56,897,112,119
275,29.532920884315907,885,2.0,0.7115775346755981,966,877,122,98
222,29.56629141638858,886,2.0,0.49580007791519165,1436,450,55,55
233,29.56629141638858,886,2.0,0.5500718355178833,904,464,64,49
239,29.56629141638858,886,2.0,0.4021713137626648,1165,323,42,37
275,29.56629141638858,886,2.0,0.662765383720398,980,861,120,98
222,29.599661948461254,887,2.0,0.45079994201660156,1439,446,54,56
233,29.599661948461254,887,2.0,0.5795618891716003,897,467,66,51
239,29.599661948461254,887,2.0,0.45730283856391907,1162,324,43,40
275,29.599661948461254,887,2.0,0.5746113657951355,996,846,114,93
222,29.633032480533927,888,2.0,0.5089688301086426,1442,443,55,55
233,29.633032480533927,888,2.0,0.5104795694351196,891,470,66,52
239,29.633032480533927,888,2.0,0.46805474162101746,1157,326,47,39
275,29.633032480533927,888,2.0,0.6819884777069092,1011,830,112,89
222,29.6664030126066,889,2.0,0.4974501430988312,1445,439,57,53
233,29.6664030126066,889,2.0,0.3789033591747284,885,475,70,52
239,29.6664030126066,889,2.0,0.5008695125579834,1154,328,47,39
275,29.6664030126066,889,2.0,0.46406227350234985,1024,815,109,88
222,29.699773544679275,890,2.0,0.5931118130683899,1448,436,57,53
233,29.699773544679275,890,2.0,0.6314502954483032,878,479,71,52
239,29.699773544679275,890,2.0,0.44011837244033813,1151,331,48,40
275,29.699773544679275,890,2.0,0.4677571952342987,1036,800,106,89
222,29.733144076751948,891,2.0,0.5124264359474182,1450,432,53,51
233,29.733144076751948,891,2.0,0.6058222651481628,869,483,70,51
239,29.733144076751948,891,2.0,0.33829548954963684,1147,333,49,41
275,29.733144076751948,891,2.0,0.5950525403022766,1049,786,102,86
222,29.766514608824618,892,2.0,0.2681368589401245,1453,430,51,51
233,29.766514608824618,892,2.0,0.538729190826416,862,486,69,52
239,29.766514608824618,892,2.0,0.6016801595687866,1144,335,48,40
275,29.766514608824618,892,7.0,0.45111986994743347,1062,773,101,83
222,29.799885140897292,893,2.0,0.17181804776191711,1457,427,52,52
233,29.799885140897292,893,2.0,0.5796802043914795,855,490,72,53
239,29.799885140897292,893,2.0,0.5222131013870239,1142,336,48,43
275,29.799885140897292,893,2.0,0.5367691516876221,1074,761,100,81
233,29.833255672969965,894,2.0,0.5323510766029358,847,494,72,55
239,29.833255672969965,894,2.0,0.22527644038200378,1139,336,48,46
275,29.833255672969965,894,2.0,0.38732296228408813,1086,747,97,77
233,29.86662620504264,895,2.0,0.3184646666049957,839,498,72,56
239,29.86662620504264,895,2.0,0.29885414242744446,1133,337,52,48
275,29.86662620504264,895,2.0,0.4509545564651489,1095,736,93,77
233,29.899996737115313,896,2.0,0.6255828142166138,832,503,74,54
239,29.899996737115313,896,2.0,0.551531970500946,1129,339,55,48
275,29.899996737115313,896,2.0,0.45466867089271545,1105,723,91,77
233,29.933367269187986,897,2.0,0.5870912075042725,824,507,76,56
239,29.933367269187986,897,2.0,0.5639362335205078,1126,341,53,45
275,29.933367269187986,897,2.0,0.4985029399394989,1115,714,91,75
233,29.96673780126066,898,2.0,0.6301069855690002,815,511,76,54
239,29.96673780126066,898,2.0,0.6560506224632263,1123,342,53,46
275,29.96673780126066,898,2.0,0.5403192043304443,1125,703,89,73
222,29.96673780126066,898,2.0,0.3423492908477783,1467,410,49,51
233,30.000108333333333,899,2.0,0.7399650812149048,806,515,79,56
239,30.000108333333333,899,2.0,0.5985409021377563,1120,344,51,46
275,30.000108333333333,899,2.0,0.5536150932312012,1134,693,85,70
222,30.000108333333333,899,2.0,0.3158183693885803,1469,406,51,50
233,30.033478865406007,900,2.0,0.7021005749702454,798,520,79,58
239,30.033478865406007,900,2.0,0.4947008788585663,1116,345,48,46
275,30.033478865406007,900,2.0,0.4721241891384125,1142,681,81,67
222,30.033478865406007,900,2.0,0.24640369415283203,1470,403,50,50
233,30.06684939747868,901,2.0,0.6359397172927856,790,524,78,58
239,30.06684939747868,901,2.0,0.5509825348854065,1112,346,52,47
275,30.06684939747868,901,2.0,0.7242499589920044,1153,672,82,69
222,30.06684939747868,901,2.0,0.48708346486091614,1472,399,51,48
233,30.100219929551354,902,2.0,0.7574763298034668,782,528,81,57
239,30.100219929551354,902,2.0,0.4140538275241852,1107,350,54,46
275,30.100219929551354,902,2.0,0.6047497987747192,1161,661,81,66
222,30.100219929551354,902,2.0,0.5953712463378906,1475,397,50,46
233,30.133590461624028,903,2.0,0.6626561880111694,773,532,82,58
239,30.133590461624028,903,2.0,0.4628846049308777,1102,354,54,44
275,30.133590461624028,903,2.0,0.6300262808799744,1169,653,78,64
222,30.133590461624028,903,2.0,0.45258623361587524,1478,395,50,46
233,30.1669609936967,904,2.0,0.6405394673347473,763,537,81,59
239,30.1669609936967,904,2.0,0.5663167238235474,1099,357,53,41
275,30.1669609936967,904,2.0,0.6471229195594788,1178,643,79,63
222,30.1669609936967,904,2.0,0.5291571617126465,1480,393,51,48
233,30.200331525769375,905,2.0,0.6580815315246582,754,543,85,62
239,30.200331525769375,905,2.0,0.6045582890510559,1095,359,52,43
275,30.200331525769375,905,2.0,0.5684270262718201,1186,633,76,63
222,30.200331525769375,905,2.0,0.5832995176315308,1481,390,49,47
233,30.233702057842045,906,2.0,0.6306556463241577,745,547,85,62
239,30.233702057842045,906,2.0,0.6108239889144897,1092,360,52,45
275,30.233702057842045,906,2.0,0.545637309551239,1193,626,76,60
222,30.233702057842045,906,2.0,0.6471240520477295,1482,387,46,44
233,30.26707258991472,907,2.0,0.6686221361160278,735,553,85,61
239,30.26707258991472,907,2.0,0.5845882892608643,1087,361,55,47
275,30.26707258991472,907,2.0,0.4883274435997009,1203,619,74,59
222,30.26707258991472,907,2.0,0.6220742464065552,1484,384,47,43
233,30.300443121987392,908,2.0,0.6820838451385498,725,557,87,62
239,30.300443121987392,908,2.0,0.36277031898498535,1083,362,56,49
275,30.300443121987392,908,2.0,0.5072176456451416,1209,610,72,58
222,30.300443121987392,908,2.0,0.3915102481842041,1486,382,47,44
233,30.333813654060066,909,2.0,0.6482826471328735,715,562,88,65
239,30.333813654060066,909,2.0,0.6076936721801758,1079,364,56,49
275,30.333813654060066,909,2.0,0.6779745221138,1215,603,72,56
222,30.333813654060066,909,2.0,0.2984887659549713,1487,380,46,43
233,30.36718418613274,910,2.0,0.7027840614318848,705,567,90,66
239,30.36718418613274,910,2.0,0.673822283744812,1075,366,55,48
275,30.36718418613274,910,2.0,0.5552027821540833,1222,595,69,57
222,30.36718418613274,910,2.0,0.40735018253326416,1488,377,46,42
233,30.400554718205413,911,2.0,0.6447277069091797,695,572,91,67
239,30.400554718205413,911,2.0,0.5182387828826904,1071,368,54,50
275,30.400554718205413,911,2.0,0.4688241183757782,1229,588,69,56
222,30.400554718205413,911,2.0,0.30400556325912476,1490,373,45,41
233,30.433925250278087,912,2.0,0.5585291981697083,685,578,94,68
239,30.433925250278087,912,2.0,0.5654578804969788,1066,369,59,51
275,30.433925250278087,912,2.0,0.5984329581260681,1236,581,67,56
222,30.433925250278087,912,2.0,0.3246459364891052,1491,371,46,41
233,30.46729578235076,913,2.0,0.4960611164569855,674,584,95,69
239,30.46729578235076,913,2.0,0.4304066300392151,1061,370,62,54
275,30.46729578235076,913,2.0,0.47431039810180664,1242,573,65,54
222,30.46729578235076,913,2.0,0.38551315665245056,1492,369,46,41
233,30.500666314423434,914,2.0,0.6217949986457825,664,589,97,70
239,30.500666314423434,914,2.0,0.4002167880535126,1057,373,60,53
275,30.500666314423434,914,2.0,0.5272656679153442,1247,567,64,53
222,30.500666314423434,914,2.0,0.3195836544036865,1495,367,43,39
233,30.534036846496107,915,2.0,0.5034491419792175,651,597,99,70
239,30.534036846496107,915,2.0,0.3913309574127197,1050,380,53,46
275,30.534036846496107,915,2.0,0.702904224395752,1254,561,65,52
222,30.534036846496107,915,2.0,0.3653680086135864,1497,365,44,39
233,30.56740737856878,916,2.0,0.7822633385658264,639,603,100,72
239,30.56740737856878,916,2.0,0.6213033199310303,1047,382,56,49
275,30.56740737856878,916,2.0,0.7928161025047302,1261,555,62,51
222,30.56740737856878,916,2.0,0.46573343873023987,1499,362,42,38
233,30.600777910641455,917,2.0,0.7178271412849426,628,609,103,73
239,30.600777910641455,917,2.0,0.5284103155136108,1042,382,60,52
275,30.600777910641455,917,2.0,0.6194076538085938,1267,548,61,52
222,30.600777910641455,917,2.0,0.44389960169792175,1500,360,43,39
233,30.634148442714128,918,2.0,0.7008398771286011,616,614,104,75
239,30.634148442714128,918,2.0,0.4737297296524048,1037,384,62,54
275,30.634148442714128,918,2.0,0.632163941860199,1272,541,62,51
222,30.634148442714128,918,2.0,0.276719331741333,1501,358,43,40
233,30.667518974786802,919,2.0,0.880547046661377,604,621,105,75
239,30.667518974786802,919,2.0,0.5917909741401672,1034,386,62,55
275,30.667518974786802,919,2.0,0.5158019065856934,1278,534,62,53
222,30.667518974786802,919,2.0,0.30327075719833374,1502,356,43,39
233,30.700889506859472,920,2.0,0.7618107795715332,591,627,105,78
239,30.700889506859472,920,2.0,0.5646438598632812,1030,388,61,55
275,30.700889506859472,920,2.0,0.5496344566345215,1283,529,63,50
222,30.700889506859472,920,2.0,0.28708338737487793,1503,353,40,36
233,30.734260038932145,921,2.0,0.7040446996688843,577,634,109,79
239,30.734260038932145,921,2.0,0.673705518245697,1025,390,62,55
275,30.734260038932145,921,2.0,0.3756937086582184,1289,524,60,50
222,30.734260038932145,921,2.0,0.3774888813495636,1504,352,39,35
233,30.76763057100482,922,2.0,0.7428869009017944,564,641,111,79
239,30.76763057100482,922,2.0,0.6906163692474365,1019,392,64,55
275,30.76763057100482,922,2.0,0.5248292088508606,1294,519,60,51
222,30.76763057100482,922,2.0,0.27431851625442505,1505,349,39,37
233,30.801001103077493,923,2.0,0.7729859948158264,551,649,111,79
239,30.801001103077493,923,2.0,0.5778287649154663,1015,394,65,56
275,30.801001103077493,923,2.0,0.6358228325843811,1298,513,60,49
222,30.801001103077493,923,2.0,0.32976511120796204,1508,347,41,38
233,30.834371635150166,924,2.0,0.746314525604248,536,656,116,81
239,30.834371635150166,924,2.0,0.37002307176589966,1009,400,65,54
275,30.834371635150166,924,2.0,0.7113465070724487,1303,507,59,46
222,30.834371635150166,924,2.0,0.40267741680145264,1510,343,42,38
233,30.86774216722284,925,2.0,0.7080158591270447,522,663,116,83
239,30.86774216722284,925,2.0,0.33257028460502625,1003,403,63,54
275,30.86774216722284,925,2.0,0.5606294870376587,1308,503,57,47
222,30.86774216722284,925,2.0,0.40106797218322754,1511,342,42,38
233,30.901112699295513,926,2.0,0.7540039420127869,508,670,119,84
239,30.901112699295513,926,2.0,0.6357651948928833,997,406,65,53
275,30.901112699295513,926,2.0,0.4841555058956146,1313,498,55,47
222,30.901112699295513,926,2.0,0.2908555567264557,1512,340,41,37
233,30.934483231368187,927,2.0,0.6962675452232361,492,677,121,85
239,30.934483231368187,927,2.0,0.6879953145980835,992,408,67,54
275,30.934483231368187,927,2.0,0.4922007620334625,1317,492,56,47
222,30.934483231368187,927,2.0,0.2959306538105011,1514,339,40,38
286,30.934483231368187,927,2.0,0.4897749125957489,837,1014,146,116
233,30.96785376344086,928,2.0,0.7189972400665283,477,686,124,86
239,30.96785376344086,928,2.0,0.6655789017677307,987,411,66,54
275,30.96785376344086,928,2.0,0.4778842031955719,1322,487,55,46
222,30.96785376344086,928,2.0,0.12828680872917175,1515,338,40,37
286,30.96785376344086,928,2.0,0.5757564306259155,859,997,140,114
233,31.001224295513534,929,2.0,0.8616332411766052,461,695,126,87
239,31.001224295513534,929,2.0,0.4880787134170532,982,412,66,57
275,31.001224295513534,929,2.0,0.49216097593307495,1326,482,56,46
222,31.001224295513534,929,2.0,0.163336843252182,1517,335,38,35
286,31.001224295513534,929,2.0,0.8227452635765076,877,975,140,110
233,31.034594827586208,930,2.0,0.8303568959236145,444,704,128,90
239,31.034594827586208,930,2.0,0.577204704284668,976,414,68,57
275,31.034594827586208,930,2.0,0.456510066986084,1330,477,55,45
222,31.034594827586208,930,2.0,0.161422461271286,1519,332,39,34
286,31.034594827586208,930,2.0,0.7711553573608398,899,953,135,107
233,31.06796535965888,931,2.0,0.8306271433830261,428,712,131,91
239,31.06796535965888,931,2.0,0.7836054563522339,971,416,70,58
275,31.06796535965888,931,2.0,0.39140796661376953,1335,474,55,45
222,31.06796535965888,931,2.0,0.18951302766799927,1520,330,40,34
286,31.06796535965888,931,2.0,0.7262453436851501,917,932,128,107
233,31.101335891731555,932,2.0,0.768777072429657,411,720,135,96
239,31.101335891731555,932,2.0,0.6691910624504089,965,420,71,62
275,31.101335891731555,932,2.0,0.4965057671070099,1339,468,55,46
222,31.101335891731555,932,2.0,0.12094465643167496,1521,328,40,34
286,31.101335891731555,932,2.0,0.6289383769035339,934,914,123,105
233,31.13470642380423,933,2.0,0.7507284283638,392,730,138,98
239,31.13470642380423,933,2.0,0.4880024492740631,959,423,70,63
275,31.13470642380423,933,2.0,0.5783430337905884,1344,463,55,44
222,31.13470642380423,933,2.0,0.15070173144340515,1523,327,40,34
286,31.13470642380423,933,2.0,0.5920038223266602,950,896,118,102
233,31.1680769558769,934,2.0,0.7776188254356384,376,739,140,97
239,31.1680769558769,934,2.0,0.38487014174461365,952,426,72,62
275,31.1680769558769,934,2.0,0.5597269535064697,1347,460,54,42
286,31.1680769558769,934,2.0,0.7265358567237854,966,878,115,100
233,31.201447487949572,935,2.0,0.7765728235244751,356,750,143,99
239,31.201447487949572,935,2.0,0.6413179636001587,947,430,72,59
275,31.201447487949572,935,2.0,0.48298537731170654,1349,456,52,42
286,31.201447487949572,935,2.0,0.7136824727058411,981,861,115,96
233,31.234818020022246,936,2.0,0.7549877166748047,336,758,147,101
239,31.234818020022246,936,2.0,0.3622341454029083,941,434,72,62
275,31.234818020022246,936,2.0,0.6529032588005066,1354,452,49,39
286,31.234818020022246,936,2.0,0.7656031250953674,995,849,113,97
233,31.26818855209492,937,2.0,0.7846367955207825,316,769,152,103
239,31.26818855209492,937,2.0,0.4914166033267975,935,436,70,60
275,31.26818855209492,937,2.0,0.4865456819534302,1358,449,48,37
286,31.26818855209492,937,2.0,0.7153469324111938,1011,832,111,91
233,31.301559084167593,938,2.0,0.6748238205909729,296,779,154,107
239,31.301559084167593,938,2.0,0.6147933602333069,928,440,71,58
275,31.301559084167593,938,2.0,0.4861695170402527,1361,444,49,40
286,31.301559084167593,938,2.0,0.7436804175376892,1023,816,108,87
222,31.301559084167593,938,2.0,0.28319889307022095,1528,317,40,34
233,31.334929616240267,939,2.0,0.8423498868942261,276,791,160,111
239,31.334929616240267,939,2.0,0.6584704518318176,921,443,76,63
275,31.334929616240267,939,2.0,0.5376521348953247,1366,439,49,39
286,31.334929616240267,939,2.0,0.6795766949653625,1036,802,105,90
222,31.334929616240267,939,2.0,0.38599199056625366,1529,316,40,34
233,31.36830014831294,940,2.0,0.7256497740745544,253,803,163,111
239,31.36830014831294,940,2.0,0.6390572786331177,914,445,76,67
275,31.36830014831294,940,2.0,0.3155021667480469,1370,436,50,39
286,31.36830014831294,940,2.0,0.6921900510787964,1048,788,99,86
222,31.36830014831294,940,2.0,0.2728807032108307,1530,315,39,34
233,31.401670680385614,941,2.0,0.6527400612831116,231,814,167,117
239,31.401670680385614,941,2.0,0.5065487027168274,907,450,74,62
275,31.401670680385614,941,2.0,0.3724287748336792,1372,432,49,39
286,31.401670680385614,941,2.0,0.6456725597381592,1060,774,99,83
222,31.401670680385614,941,2.0,0.28032153844833374,1531,314,37,32
233,31.435041212458287,942,2.0,0.7190529108047485,207,824,173,117
239,31.435041212458287,942,2.0,0.6619606614112854,900,455,76,61
275,31.435041212458287,942,2.0,0.5273302793502808,1377,429,46,37
286,31.435041212458287,942,2.0,0.5157975554466248,1072,762,97,81
222,31.435041212458287,942,2.0,0.15643268823623657,1532,312,38,31
233,31.46841174453096,943,2.0,0.8544710278511047,183,838,176,122
239,31.46841174453096,943,2.0,0.7619118094444275,894,459,78,61
275,31.46841174453096,943,2.0,0.45540887117385864,1380,425,44,35
286,31.46841174453096,943,2.0,0.6299934387207031,1082,749,95,78
222,31.46841174453096,943,2.0,0.19998061656951904,1534,310,38,30
233,31.501782276603635,944,2.0,0.5753265619277954,157,850,182,122
239,31.501782276603635,944,2.0,0.7214391231536865,888,461,79,63
275,31.501782276603635,944,2.0,0.44584548473358154,1383,422,45,36
286,31.501782276603635,944,2.0,0.6199969053268433,1093,739,92,76
222,31.501782276603635,944,2.0,0.30501481890678406,1535,308,39,30
233,31.535152808676308,945,2.0,0.5376559495925903,131,862,187,125
239,31.535152808676308,945,2.0,0.6724222302436829,881,465,80,63
275,31.535152808676308,945,2.0,0.4886927902698517,1387,418,47,38
286,31.535152808676308,945,2.0,0.33824723958969116,1103,728,88,75
222,31.535152808676308,945,2.0,0.3238946795463562,1536,306,38,31
233,31.568523340748982,946,2.0,0.8200859427452087,104,878,196,132
239,31.568523340748982,946,2.0,0.7452669739723206,874,467,83,69
275,31.568523340748982,946,2.0,0.5982558131217957,1390,414,46,37
286,31.568523340748982,946,2.0,0.5880658030509949,1114,718,89,74
222,31.568523340748982,946,2.0,0.18190720677375793,1537,304,37,32
233,31.601893872821652,947,2.0,0.7731897830963135,88,889,177,135
239,31.601893872821652,947,2.0,0.5595775246620178,867,470,83,70
275,31.601893872821652,947,2.0,0.6745573282241821,1392,412,47,37
286,31.601893872821652,947,2.0,0.6565685868263245,1123,706,87,72
222,31.601893872821652,947,2.0,0.12924574315547943,1538,303,36,32
233,31.635264404894325,948,2.0,0.45175305008888245,76,904,152,134
239,31.635264404894325,948,2.0,0.543430745601654,859,473,82,71
275,31.635264404894325,948,2.0,0.5372955799102783,1394,410,46,38
286,31.635264404894325,948,2.0,0.6892721056938171,1132,696,85,71
233,31.668634936967,949,2.0,0.3410760462284088,62,913,124,129
239,31.668634936967,949,2.0,0.317205011844635,851,476,82,74
275,31.668634936967,949,2.0,0.5076624155044556,1399,406,43,36
286,31.668634936967,949,2.0,0.5368154048919678,1140,685,84,69
233,31.702005469039673,950,2.0,0.5318398475646973,47,921,94,114
239,31.702005469039673,950,2.0,0.4989716708660126,843,481,84,72
275,31.702005469039673,950,2.0,0.5982021689414978,1402,402,42,33
286,31.702005469039673,950,2.0,0.33384373784065247,1150,676,80,67
233,31.735376001112346,951,2.0,0.5017080307006836,32,928,65,100
239,31.735376001112346,951,2.0,0.47563859820365906,835,483,83,74
275,31.735376001112346,951,2.0,0.5833888053894043,1405,399,42,31
286,31.735376001112346,951,2.0,0.561877429485321,1158,666,79,65
239,31.76874653318502,952,2.0,0.4379333555698395,827,487,87,79
275,31.76874653318502,952,2.0,0.4279704988002777,1407,397,41,30
286,31.76874653318502,952,2.0,0.7191394567489624,1167,657,77,65
239,31.802117065257693,953,2.0,0.5841560363769531,820,492,89,78
275,31.802117065257693,953,2.0,0.5429527759552002,1410,392,44,33
286,31.802117065257693,953,2.0,0.5034770369529724,1175,648,78,65
239,31.835487597330367,954,2.0,0.5512552857398987,812,496,89,78
275,31.835487597330367,954,2.0,0.5757985711097717,1413,389,47,35
286,31.835487597330367,954,2.0,0.5711199045181274,1182,639,75,62
239,31.86885812940304,955,2.0,0.43562719225883484,804,502,89,74
275,31.86885812940304,955,2.0,0.5509867668151855,1416,386,42,33
286,31.86885812940304,955,2.0,0.6431031823158264,1189,629,74,62
239,31.902228661475714,956,2.0,0.5205541849136353,795,507,90,72
275,31.902228661475714,956,2.0,0.6147493124008179,1419,382,39,33
286,31.902228661475714,956,2.0,0.5559518337249756,1198,622,73,61
239,31.935599193548388,957,2.0,0.61525559425354,788,513,93,74
275,31.935599193548388,957,2.0,0.5749688744544983,1421,380,37,31
286,31.935599193548388,957,2.0,0.5346758961677551,1205,615,73,60
239,31.96896972562106,958,2.0,0.6248845458030701,778,515,95,79
275,31.96896972562106,958,2.0,0.6343000531196594,1422,377,36,31
286,31.96896972562106,958,2.0,0.6800757646560669,1212,607,71,59
239,32.00234025769373,959,2.0,0.5835033059120178,769,518,96,82
275,32.00234025769373,959,2.0,0.4468145966529846,1426,375,37,29
286,32.00234025769373,959,2.0,0.47837772965431213,1219,598,72,58
239,32.035710789766405,960,2.0,0.4729447662830353,760,523,95,81
275,32.035710789766405,960,2.0,0.4098515212535858,1428,373,38,28
286,32.035710789766405,960,2.0,0.5321701169013977,1226,592,70,58
239,32.06908132183908,961,7.0,0.46413105726242065,750,526,96,83
275,32.06908132183908,961,2.0,0.2990698218345642,1430,371,39,30
286,32.06908132183908,961,2.0,0.4795331656932831,1231,583,68,58
239,32.10245185391175,962,2.0,0.43631383776664734,741,532,98,85
275,32.10245185391175,962,2.0,0.3271285891532898,1433,367,39,32
286,32.10245185391175,962,2.0,0.4667183458805084,1237,577,68,56
239,32.135822385984426,963,2.0,0.38526442646980286,732,535,100,86
275,32.135822385984426,963,2.0,0.4599607586860657,1435,365,41,34
286,32.135822385984426,963,2.0,0.541812002658844,1243,570,66,55
239,32.1691929180571,964,2.0,0.4165516197681427,721,539,101,90
275,32.1691929180571,964,2.0,0.30595728754997253,1437,362,43,34
286,32.1691929180571,964,2.0,0.628011167049408,1249,565,64,54
239,32.20256345012977,965,2.0,0.42652174830436707,712,546,102,88
275,32.20256345012977,965,2.0,0.39343416690826416,1439,359,42,34
286,32.20256345012977,965,2.0,0.7129881978034973,1255,558,64,52
239,32.23593398220245,966,7.0,0.3945079743862152,702,555,105,85
275,32.23593398220245,966,2.0,0.4876956045627594,1442,356,38,30
286,32.23593398220245,966,2.0,0.614537239074707,1261,552,60,50
239,32.26930451427512,967,2.0,0.3831658363342285,691,562,105,82
275,32.26930451427512,967,2.0,0.5443728566169739,1445,353,35,30
286,32.26930451427512,967,2.0,0.46826913952827454,1267,546,59,51
239,32.302675046347794,968,2.0,0.4233737587928772,681,567,109,84
275,32.302675046347794,968,2.0,0.5321986079216003,1446,351,34,29
286,32.302675046347794,968,2.0,0.5505828261375427,1273,540,62,50
239,32.33604557842047,969,2.0,0.3710647225379944,669,571,110,87
275,32.33604557842047,969,2.0,0.3752017617225647,1448,350,34,27
286,32.33604557842047,969,2.0,0.5402355790138245,1279,533,62,51
239,32.36941611049314,970,7.0,0.4687269926071167,658,576,112,91
275,32.36941611049314,970,2.0,0.23534360527992249,1450,348,35,26
286,32.36941611049314,970,2.0,0.5572456121444702,1283,527,62,50
301,32.36941611049314,970,2.0,0.4223661720752716,659,575,112,91
239,32.402786642565815,971,2.0,0.3507775068283081,647,583,114,91
275,32.402786642565815,971,2.0,0.1328832358121872,1452,344,39,31
286,32.402786642565815,971,2.0,0.4890018701553345,1289,523,58,51
301,32.402786642565815,971,5.0,0.19144205749034882,649,582,113,93
239,32.43615717463849,972,7.0,0.3753030300140381,636,588,116,96
275,32.43615717463849,972,2.0,0.32316020131111145,1453,342,40,33
286,32.43615717463849,972,2.0,0.6315974593162537,1293,517,58,50
301,32.43615717463849,972,2.0,0.30105289816856384,636,588,117,96
239,32.46952770671116,973,2.0,0.6196394562721252,624,594,119,99
275,32.46952770671116,973,2.0,0.317470908164978,1455,340,40,33
286,32.46952770671116,973,2.0,0.5390289425849915,1298,512,58,48
239,32.502898238783835,974,2.0,0.632307231426239,612,601,122,98
275,32.502898238783835,974,2.0,0.2543414533138275,1456,339,40,32
286,32.502898238783835,974,2.0,0.6478064656257629,1303,507,58,45
239,32.53626877085651,975,2.0,0.6812345385551453,599,608,123,99
275,32.53626877085651,975,2.0,0.24564282596111298,1458,336,41,35
286,32.53626877085651,975,2.0,0.5816235542297363,1307,502,55,45
239,32.56963930292918,976,2.0,0.7353614568710327,587,613,125,99
275,32.56963930292918,976,2.0,0.36880457401275635,1459,334,42,33
286,32.56963930292918,976,2.0,0.4336957037448883,1312,498,52,45
239,32.603009835001856,977,7.0,0.4650284945964813,573,617,126,103
275,32.603009835001856,977,2.0,0.33600735664367676,1464,331,34,30
286,32.603009835001856,977,2.0,0.6018403768539429,1316,490,54,44
239,32.63638036707453,978,2.0,0.694702684879303,559,625,129,105
275,32.63638036707453,978,2.0,0.2385985255241394,1466,328,30,27
286,32.63638036707453,978,2.0,0.5357465147972107,1320,483,55,43
239,32.6697508991472,979,7.0,0.470464825630188,545,628,130,114
275,32.6697508991472,979,2.0,0.18306376039981842,1468,327,28,25
286,32.6697508991472,979,2.0,0.4945213496685028,1324,478,54,46
239,32.70312143121988,980,2.0,0.4025462567806244,532,639,134,110
275,32.70312143121988,980,2.0,0.26210302114486694,1470,327,29,25
286,32.70312143121988,980,2.0,0.5296320915222168,1329,476,54,43
239,32.73649196329255,981,2.0,0.49273398518562317,516,648,135,110
275,32.73649196329255,981,2.0,0.3011201322078705,1471,326,29,24
286,32.73649196329255,981,2.0,0.6052744388580322,1333,474,52,41
239,32.76986249536522,982,2.0,0.5327399373054504,501,657,137,108
275,32.76986249536522,982,2.0,0.21426419913768768,1473,324,32,24
286,32.76986249536522,982,2.0,0.4715856611728668,1337,467,53,44
239,32.80323302743789,983,2.0,0.41996923089027405,487,664,143,108
275,32.80323302743789,983,2.0,0.10442616045475006,1473,317,33,36
286,32.80323302743789,983,2.0,0.6706855893135071,1341,462,52,41
239,32.836603559510564,984,2.0,0.5108510851860046,472,673,147,114
286,32.836603559510564,984,2.0,0.6850254535675049,1345,459,51,39
239,32.86997409158324,985,2.0,0.6659097671508789,455,682,148,114
286,32.86997409158324,985,2.0,0.7375574111938477,1347,457,51,40
239,32.90334462365591,986,2.0,0.5638559460639954,439,690,152,118
286,32.90334462365591,986,2.0,0.5349071621894836,1352,452,49,39
239,32.936715155728585,987,2.0,0.6453678607940674,422,698,156,118
286,32.936715155728585,987,2.0,0.6247848272323608,1356,449,46,35
275,32.936715155728585,987,2.0,0.43455806374549866,1478,313,36,31
239,32.97008568780126,988,2.0,0.6249082088470459,405,708,159,119
286,32.97008568780126,988,2.0,0.47995877265930176,1359,445,47,37
275,32.97008568780126,988,2.0,0.46517887711524963,1479,311,40,31
239,33.00345621987393,989,2.0,0.6621556878089905,386,717,163,126
286,33.00345621987393,989,2.0,0.5321868062019348,1363,440,49,39
275,33.00345621987393,989,2.0,0.306383341550827,1481,310,39,29
239,33.036826751946606,990,2.0,0.4813295900821686,368,726,166,130
286,33.036826751946606,990,2.0,0.46246641874313354,1367,437,48,37
275,33.036826751946606,990,2.0,0.302102655172348,1482,308,41,29
239,33.07019728401928,991,2.0,0.6235949397087097,348,737,169,132
286,33.07019728401928,991,2.0,0.5067611336708069,1370,433,47,39
275,33.07019728401928,991,2.0,0.2577125132083893,1483,306,41,29
239,33.10356781609195,992,7.0,0.3552493751049042,329,746,173,135
286,33.10356781609195,992,2.0,0.5226333141326904,1373,429,44,38
275,33.10356781609195,992,2.0,0.14269278943538666,1485,304,43,30
239,33.13693834816463,993,7.0,0.41496458649635315,309,755,179,140
286,33.13693834816463,993,2.0,0.46050354838371277,1377,426,43,34
275,33.13693834816463,993,2.0,0.1321362406015396,1486,303,42,29
239,33.1703088802373,994,2.0,0.6565933227539062,287,766,184,142
286,33.1703088802373,994,2.0,0.5647306442260742,1380,424,43,32
239,33.203679412309974,995,2.0,0.5816484093666077,265,776,187,145
286,33.203679412309974,995,2.0,0.4222252070903778,1383,421,44,33
239,33.23704994438265,996,2.0,0.5527431964874268,243,788,193,145
286,33.23704994438265,996,2.0,0.3004133701324463,1386,416,45,37
239,33.27042047645532,997,2.0,0.565586268901825,219,801,200,145
286,33.27042047645532,997,2.0,0.4478701651096344,1389,413,45,37
239,33.303791008527995,998,2.0,0.6708875298500061,195,815,204,147
286,33.303791008527995,998,2.0,0.3963693082332611,1391,410,46,36
239,33.33716154060067,999,7.0,0.3850232660770416,169,825,210,153
286,33.33716154060067,999,2.0,0.436338871717453,1394,406,45,35
239,33.37053207267334,1000,2.0,0.4799130856990814,145,833,219,159
286,33.37053207267334,1000,2.0,0.40211325883865356,1397,402,40,33
239,33.403902604746015,1001,7.0,0.2824377417564392,117,845,225,166
286,33.403902604746015,1001,2.0,0.19619224965572357,1401,400,38,30
275,33.403902604746015,1001,2.0,0.3361763060092926,1500,289,31,33
239,33.43727313681869,1002,5.0,0.40859177708625793,103,859,206,174
286,33.43727313681869,1002,2.0,0.17930547893047333,1404,397,39,28
275,33.43727313681869,1002,2.0,0.40198028087615967,1501,289,32,31
239,33.47064366889136,1003,5.0,0.5668624043464661,90,871,180,175
286,33.47064366889136,1003,2.0,0.42577823996543884,1406,392,42,34
275,33.47064366889136,1003,2.0,0.3090202808380127,1502,287,32,30
239,33.504014200964036,1004,5.0,0.3192604184150696,77,882,155,161
286,33.504014200964036,1004,2.0,0.43496468663215637,1408,389,42,34
275,33.504014200964036,1004,2.0,0.3558964133262634,1503,285,33,28
286,33.53738473303671,1005,2.0,0.22439153492450714,1410,387,42,33
286,33.57075526510938,1006,2.0,0.23540127277374268,1413,383,40,33
286,33.60412579718206,1007,2.0,0.2940634787082672,1417,381,37,31
286,33.63749632925473,1008,2.0,0.26670870184898376,1419,378,34,30
286,33.670866861327404,1009,2.0,0.17600202560424805,1421,377,33,30
286,33.70423739340007,1010,2.0,0.10442116856575012,1423,375,34,28
286,33.737607925472744,1011,2.0,0.4101918041706085,1431,363,41,32
286,33.77097845754542,1012,2.0,0.3576238453388214,1433,362,42,33
286,33.80434898961809,1013,2.0,0.5175387263298035,1434,359,42,32
286,33.837719521690765,1014,2.0,0.4618777930736542,1437,357,44,30
286,33.87109005376344,1015,2.0,0.2693363130092621,1439,354,42,31
286,33.90446058583611,1016,2.0,0.2169165313243866,1442,352,35,27
286,33.937831117908786,1017,2.0,0.2299930900335312,1446,349,33,26
286,33.97120164998146,1018,2.0,0.10755825787782669,1448,348,34,25
286,34.00457218205413,1019,2.0,0.20785418152809143,1450,344,38,29
286,34.03794271412681,1020,2.0,0.28815969824790955,1451,341,40,32
286,34.07131324619948,1021,2.0,0.3115043640136719,1453,338,39,34
286,34.104683778272154,1022,2.0,0.4629638195037842,1454,337,39,33
286,34.13805431034483,1023,2.0,0.3813208043575287,1455,335,39,32
286,34.1714248424175,1024,2.0,0.4727550446987152,1457,334,38,31
286,34.204795374490175,1025,2.0,0.42933568358421326,1459,332,38,30
286,34.23816590656285,1026,2.0,0.3042249381542206,1462,331,34,28
286,34.27153643863552,1027,2.0,0.33400091528892517,1465,329,31,26
286,34.304906970708196,1028,2.0,0.17243650555610657,1467,327,28,25
286,34.33827750278087,1029,2.0,0.22788839042186737,1468,326,29,24
286,34.37164803485354,1030,2.0,0.157487690448761,1470,325,29,24
286,34.405018566926216,1031,2.0,0.1059034913778305,1471,325,32,24
286,34.43838909899889,1032,2.0,0.49372780323028564,1476,313,37,31
286,34.47175963107156,1033,2.0,0.4233080744743347,1478,311,37,30
286,34.50513016314424,1034,2.0,0.4956637918949127,1480,309,38,28
286,34.53850069521691,1035,2.0,0.38914406299591064,1481,307,38,28
286,34.571871227289584,1036,2.0,0.2549971044063568,1481,306,42,27
286,34.60524175936225,1037,2.0,0.28004205226898193,1483,304,42,29
286,34.638612291434924,1038,2.0,0.1227509006857872,1484,302,43,29
286,34.6719828235076,1039,2.0,0.11222926527261734,1484,301,42,29
286,34.70535335558027,1040,2.0,0.3333900272846222,1497,288,34,31
286,34.738723887652945,1041,2.0,0.28760677576065063,1499,287,32,32
286,34.77209441972562,1042,2.0,0.3729484975337982,1500,287,35,31
286,34.80546495179829,1043,2.0,0.4455036222934723,1501,286,33,30
286,34.838835483870966,1044,2.0,0.32685908675193787,1502,285,33,28
286,34.87220601594364,1045,2.0,0.2919658124446869,1503,285,34,27
286,34.90557654801631,1046,2.0,0.1532721072435379,1503,284,34,27
286,34.93894708008899,1047,2.0,0.14401888847351074,1503,282,36,27
337,34.97231761216166,1048,2.0,0.46683159470558167,1337,235,39,28
337,35.005688144234334,1049,2.0,0.43647873401641846,1336,236,38,27
337,35.03905867630701,1050,2.0,0.3307398855686188,1335,236,36,27
337,35.07242920837968,1051,2.0,0.45321008563041687,1333,236,34,28
337,35.105799740452355,1052,2.0,0.4814419448375702,1332,238,32,28
337,35.13917027252503,1053,2.0,0.459258496761322,1331,238,32,28
337,35.1725408045977,1054,2.0,0.44390764832496643,1330,238,33,29
337,35.205911336670376,1055,2.0,0.328647255897522,1329,238,32,30
337,35.23928186874305,1056,2.0,0.2414485067129135,1328,239,31,31
337,35.27265240081572,1057,2.0,0.34051066637039185,1326,239,32,31
337,35.306022932888396,1058,2.0,0.36816760897636414,1327,239,33,30
337,35.33939346496107,1059,2.0,0.43962469696998596,1324,241,35,32
337,35.37276399703374,1060,2.0,0.5032181143760681,1322,242,38,33
337,35.40613452910642,1061,2.0,0.3838993012905121,1320,242,37,34
337,35.43950506117909,1062,2.0,0.3958186209201813,1319,242,39,35
337,35.472875593251764,1063,2.0,0.39212289452552795,1317,243,39,37
337,35.50624612532444,1064,2.0,0.47475695610046387,1315,244,41,36
337,35.539616657397104,1065,2.0,0.5088760852813721,1313,244,41,38
337,35.57298718946978,1066,2.0,0.46223029494285583,1313,245,42,38
337,35.60635772154245,1067,2.0,0.35923194885253906,1312,246,41,38
337,35.639728253615125,1068,2.0,0.3921695053577423,1311,246,41,38
337,35.6730987856878,1069,2.0,0.3524622917175293,1309,248,40,37
337,35.70646931776047,1070,2.0,0.41236308217048645,1308,249,40,36
337,35.739839849833146,1071,2.0,0.39179402589797974,1306,248,38,37
337,35.77321038190582,1072,2.0,0.3350660502910614,1303,249,39,38
337,35.80658091397849,1073,2.0,0.2539235055446625,1302,251,37,35
337,35.83995144605117,1074,2.0,0.44681692123413086,1300,254,40,33
337,35.87332197812384,1075,2.0,0.5235623717308044,1298,256,41,33
337,35.906692510196514,1076,2.0,0.47534462809562683,1297,257,42,34
337,35.94006304226919,1077,2.0,0.5398799777030945,1294,257,42,34
337,35.97343357434186,1078,2.0,0.626878023147583,1292,257,43,34
337,36.006804106414535,1079,2.0,0.46414604783058167,1291,257,43,35
337,36.04017463848721,1080,2.0,0.6720319986343384,1289,258,43,34
337,36.07354517055988,1081,2.0,0.5818224549293518,1288,258,43,35
337,36.106915702632556,1082,2.0,0.6684752106666565,1287,259,43,35
337,36.14028623470523,1083,2.0,0.7004107236862183,1286,260,42,36
337,36.1736567667779,1084,2.0,0.6234308481216431,1284,260,40,38
337,36.207027298850576,1085,2.0,0.6140590906143188,1283,261,39,37
337,36.24039783092325,1086,2.0,0.48245033621788025,1281,262,37,37
337,36.273768362995924,1087,2.0,0.6022934317588806,1278,263,39,37
337,36.3071388950686,1088,2.0,0.5655897855758667,1275,264,42,38
337,36.34050942714127,1089,2.0,0.5675712823867798,1273,264,45,38
337,36.373879959213944,1090,2.0,0.5190425515174866,1272,266,47,40
337,36.40725049128662,1091,2.0,0.5425781011581421,1269,267,49,41
337,36.44062102335929,1092,2.0,0.46931689977645874,1267,267,48,41
337,36.47399155543196,1093,2.0,0.3639914393424988,1266,268,47,43
337,36.50736208750463,1094,2.0,0.45370975136756897,1265,268,46,43
337,36.540732619577305,1095,2.0,0.4528272747993469,1264,268,47,42
337,36.57410315164998,1096,2.0,0.3392540514469147,1262,269,47,42
337,36.60747368372265,1097,2.0,0.5388716459274292,1260,270,47,42
337,36.640844215795326,1098,2.0,0.23332944512367249,1258,271,46,42
337,36.674214747868,1099,2.0,0.4178852140903473,1254,272,49,45
337,36.70758527994067,1100,2.0,0.510148286819458,1251,274,50,44
337,36.74095581201335,1101,2.0,0.4620266854763031,1250,276,49,43
337,36.77432634408602,1102,2.0,0.428713321685791,1248,277,50,42
337,36.807696876158694,1103,2.0,0.43966442346572876,1246,278,49,41
337,36.84106740823137,1104,2.0,0.452960342168808,1244,279,49,39
337,36.87443794030404,1105,2.0,0.5402853488922119,1242,281,49,39
337,36.907808472376715,1106,2.0,0.5492210984230042,1240,283,48,40
337,36.94117900444939,1107,2.0,0.3483606278896332,1238,284,47,40
337,36.97454953652206,1108,2.0,0.672000527381897,1237,284,48,40
337,37.007920068594736,1109,2.0,0.5676433444023132,1235,285,49,41
337,37.04129060066741,1110,2.0,0.4810267388820648,1232,285,48,43
337,37.07466113274008,1111,2.0,0.466825395822525,1228,286,48,44
337,37.108031664812756,1112,2.0,0.3549745976924896,1225,288,50,45
337,37.14140219688543,1113,2.0,0.4945780634880066,1223,289,51,45
337,37.174772728958104,1114,2.0,0.4830204248428345,1221,290,51,45
337,37.20814326103078,1115,2.0,0.4632158875465393,1219,291,51,46
337,37.24151379310345,1116,2.0,0.6729131937026978,1217,292,50,45
337,37.274884325176124,1117,2.0,0.6323555707931519,1215,292,50,45
337,37.3082548572488,1118,2.0,0.5362858772277832,1213,292,52,45
337,37.34162538932147,1119,2.0,0.4767671227455139,1211,293,56,47
337,37.37499592139414,1120,2.0,0.5170751214027405,1208,294,57,50
337,37.40836645346681,1121,2.0,0.46381181478500366,1205,296,56,50
337,37.441736985539485,1122,2.0,0.3777948319911957,1203,297,54,48
337,37.47510751761216,1123,2.0,0.3789289593696594,1200,298,55,49
337,37.50847804968483,1124,2.0,0.2942008972167969,1197,301,56,48
337,37.541848581757506,1125,2.0,0.30891153216362,1195,303,55,48
337,37.57521911383018,1126,2.0,0.5387275218963623,1193,305,54,47
337,37.60858964590285,1127,2.0,0.5202214121818542,1191,306,54,47
337,37.64196017797553,1128,2.0,0.5882230997085571,1188,308,55,47
337,37.6753307100482,1129,2.0,0.6373096704483032,1184,310,55,47
337,37.708701242120874,1130,2.0,0.5233984589576721,1180,310,55,47
337,37.74207177419355,1131,2.0,0.3264009952545166,1178,311,55,48
337,37.77544230626622,1132,2.0,0.4654586911201477,1175,313,55,48
337,37.808812838338895,1133,2.0,0.3353351354598999,1173,314,56,48
337,37.84218337041157,1134,2.0,0.43430426716804504,1171,315,57,48
337,37.87555390248424,1135,2.0,0.586216151714325,1168,315,57,48
351,37.87555390248424,1135,2.0,0.6143566966056824,1003,1039,144,80
337,37.908924434556916,1136,2.0,0.5212276577949524,1165,315,57,50
351,37.908924434556916,1136,2.0,0.6084449887275696,1014,1029,147,100
337,37.94229496662959,1137,2.0,0.5721656084060669,1163,316,60,53
351,37.94229496662959,1137,2.0,0.41601958870887756,1031,1018,141,119
337,37.97566549870226,1138,2.0,0.5256128311157227,1159,318,60,54
351,37.97566549870226,1138,2.0,0.74957674741745,1048,1000,135,124
337,38.009036030774936,1139,2.0,0.42857250571250916,1155,319,60,54
351,38.009036030774936,1139,2.0,0.779965877532959,1065,979,133,128
337,38.04240656284761,1140,2.0,0.3363253176212311,1152,320,62,54
351,38.04240656284761,1140,2.0,0.8014339804649353,1079,961,130,126
337,38.075777094920284,1141,2.0,0.34965980052948,1150,321,62,54
351,38.075777094920284,1141,2.0,0.7359647750854492,1094,939,126,124
337,38.10914762699296,1142,2.0,0.5563567280769348,1147,323,62,54
351,38.10914762699296,1142,2.0,0.5049303770065308,1106,923,121,119
337,38.14251815906563,1143,2.0,0.6430765390396118,1145,324,61,55
351,38.14251815906563,1143,2.0,0.7111786603927612,1118,904,119,113
337,38.175888691138304,1144,2.0,0.7014257311820984,1142,326,61,55
351,38.175888691138304,1144,2.0,0.6322903633117676,1129,888,115,111
337,38.20925922321098,1145,2.0,0.6508132815361023,1139,328,64,56
351,38.20925922321098,1145,2.0,0.6091436743736267,1141,871,110,106
337,38.24262975528365,1146,2.0,0.488853394985199,1135,329,65,56
351,38.24262975528365,1146,2.0,0.6456418037414551,1153,855,108,103
337,38.276000287356325,1147,2.0,0.452883243560791,1131,332,63,56
351,38.276000287356325,1147,2.0,0.6595126390457153,1163,839,104,96
354,38.276000287356325,1147,2.0,0.4870319962501526,1363,243,36,29
337,38.30937081942899,1148,2.0,0.4165474772453308,1128,334,63,57
351,38.30937081942899,1148,2.0,0.6638534665107727,1173,825,103,95
354,38.30937081942899,1148,2.0,0.25325217843055725,1361,244,33,29
337,38.342741351501665,1149,2.0,0.5015807151794434,1125,336,62,55
351,38.342741351501665,1149,2.0,0.507899820804596,1183,811,98,91
354,38.342741351501665,1149,2.0,0.19175225496292114,1361,245,33,28
337,38.37611188357434,1150,2.0,0.5823599696159363,1122,338,61,54
351,38.37611188357434,1150,2.0,0.4302936792373657,1193,797,96,85
354,38.37611188357434,1150,2.0,0.14495842158794403,1358,245,30,28
337,38.40948241564701,1151,2.0,0.6040554642677307,1119,339,63,55
351,38.40948241564701,1151,2.0,0.5501360893249512,1202,784,96,86
354,38.40948241564701,1151,2.0,0.23347434401512146,1357,246,29,29
337,38.442852947719686,1152,2.0,0.549717366695404,1114,341,63,57
351,38.442852947719686,1152,2.0,0.6037086844444275,1210,772,94,84
354,38.442852947719686,1152,2.0,0.16188901662826538,1355,246,30,29
337,38.47622347979236,1153,2.0,0.47093644738197327,1111,342,66,58
351,38.47622347979236,1153,2.0,0.5740854144096375,1219,759,92,83
354,38.47622347979236,1153,2.0,0.1808038353919983,1354,248,29,29
337,38.50959401186503,1154,2.0,0.4468478262424469,1108,342,68,59
351,38.50959401186503,1154,2.0,0.5839570164680481,1228,747,89,81
354,38.50959401186503,1154,2.0,0.20278215408325195,1352,248,31,30
337,38.54296454393771,1155,7.0,0.2799092233181,1105,345,68,59
351,38.54296454393771,1155,2.0,0.6866859197616577,1235,734,86,80
354,38.54296454393771,1155,2.0,0.17906758189201355,1350,249,31,30
337,38.57633507601038,1156,2.0,0.31623438000679016,1101,348,67,57
351,38.57633507601038,1156,2.0,0.6170223951339722,1242,723,84,75
354,38.57633507601038,1156,2.0,0.1917877197265625,1349,251,31,30
337,38.609705608083054,1157,2.0,0.48825716972351074,1098,348,69,57
351,38.609705608083054,1157,2.0,0.41730839014053345,1250,713,81,78
354,38.609705608083054,1157,2.0,0.11851465702056885,1346,252,31,29
337,38.64307614015573,1158,2.0,0.6565312147140503,1094,349,68,58
351,38.64307614015573,1158,2.0,0.38356372714042664,1257,703,81,77
354,38.64307614015573,1158,2.0,0.12110079079866409,1345,253,32,28
337,38.6764466722284,1159,2.0,0.645405650138855,1092,350,67,60
351,38.6764466722284,1159,2.0,0.3671032190322876,1265,693,80,75
354,38.6764466722284,1159,2.0,0.15628236532211304,1342,255,31,26
337,38.709817204301075,1160,2.0,0.5376765727996826,1087,351,68,60
351,38.709817204301075,1160,2.0,0.37634730339050293,1271,683,78,72
354,38.709817204301075,1160,2.0,0.3275437355041504,1341,256,32,25
337,38.74318773637375,1161,2.0,0.3616383671760559,1084,354,67,62
351,38.74318773637375,1161,2.0,0.5263796448707581,1277,674,76,70
354,38.74318773637375,1161,2.0,0.2777591049671173,1339,258,32,23
337,38.77655826844642,1162,7.0,0.26665443181991577,1080,355,66,63
351,38.77655826844642,1162,2.0,0.41389602422714233,1284,663,77,68
354,38.77655826844642,1162,2.0,0.3501177430152893,1337,259,32,22
337,38.809928800519096,1163,2.0,0.4267246723175049,1077,357,67,63
351,38.809928800519096,1163,2.0,0.4453427493572235,1291,654,74,65
354,38.809928800519096,1163,2.0,0.25314000248908997,1336,259,30,21
337,38.84329933259177,1164,2.0,0.49937891960144043,1072,360,73,65
351,38.84329933259177,1164,2.0,0.5390869975090027,1297,646,73,66
354,38.84329933259177,1164,2.0,0.1981268972158432,1334,260,29,21
337,38.87666986466444,1165,2.0,0.5303937792778015,1069,363,73,63
351,38.87666986466444,1165,2.0,0.5819254517555237,1303,637,74,65
354,38.87666986466444,1165,2.0,0.3256147801876068,1332,260,32,23
337,38.91004039673712,1166,2.0,0.46745067834854126,1064,365,72,62
351,38.91004039673712,1166,2.0,0.46708035469055176,1309,629,72,63
354,38.91004039673712,1166,2.0,0.2251548022031784,1330,261,31,25
337,38.94341092880979,1167,2.0,0.48307254910469055,1060,367,73,64
351,38.94341092880979,1167,2.0,0.44614356756210327,1314,621,69,64
354,38.94341092880979,1167,2.0,0.2774733603000641,1328,261,31,25
337,38.976781460882464,1168,2.0,0.41319504380226135,1056,368,74,65
351,38.976781460882464,1168,2.0,0.3685266375541687,1320,614,69,63
354,38.976781460882464,1168,2.0,0.39654502272605896,1327,262,32,27
337,39.01015199295514,1169,2.0,0.4083491265773773,1052,369,75,65
351,39.01015199295514,1169,2.0,0.4264554977416992,1325,606,70,63
354,39.01015199295514,1169,2.0,0.37884098291397095,1325,263,30,29
337,39.04352252502781,1170,2.0,0.524766206741333,1049,372,77,68
351,39.04352252502781,1170,2.0,0.5119291543960571,1330,599,67,59
354,39.04352252502781,1170,2.0,0.37993812561035156,1324,265,32,30
337,39.076893057100484,1171,2.0,0.5644724369049072,1045,374,77,68
351,39.076893057100484,1171,2.0,0.7360836863517761,1335,593,66,60
354,39.076893057100484,1171,2.0,0.2520192861557007,1322,267,33,32
337,39.11026358917316,1172,2.0,0.42667827010154724,1040,377,78,69
351,39.11026358917316,1172,2.0,0.6554553508758545,1340,586,64,59
354,39.11026358917316,1172,2.0,0.2880920171737671,1320,269,35,31
337,39.14363412124583,1173,2.0,0.5521251559257507,1037,379,78,68
351,39.14363412124583,1173,2.0,0.6118678450584412,1344,580,63,58
354,39.14363412124583,1173,2.0,0.32349029183387756,1317,270,37,30
337,39.177004653318505,1174,2.0,0.4962221086025238,1033,381,79,71
351,39.177004653318505,1174,2.0,0.5806354284286499,1350,573,64,56
354,39.177004653318505,1174,2.0,0.36645224690437317,1314,270,38,29
337,39.21037518539118,1175,2.0,0.6043936610221863,1027,383,79,71
351,39.21037518539118,1175,2.0,0.6055257320404053,1355,567,62,54
354,39.21037518539118,1175,2.0,0.31881770491600037,1312,271,37,29
337,39.243745717463845,1176,2.0,0.4518240988254547,1023,385,78,70
351,39.243745717463845,1176,2.0,0.5909103751182556,1360,560,62,55
337,39.27711624953652,1177,2.0,0.3733571469783783,1018,388,81,70
351,39.27711624953652,1177,2.0,0.5107731819152832,1364,554,59,54
337,39.31048678160919,1178,2.0,0.5030741095542908,1013,390,80,71
351,39.31048678160919,1178,2.0,0.5260924100875854,1367,547,58,53
337,39.343857313681866,1179,2.0,0.40668728947639465,1010,393,81,73
351,39.343857313681866,1179,2.0,0.5693563222885132,1372,540,61,55
337,39.37722784575454,1180,7.0,0.2792567014694214,1006,394,84,71
351,39.37722784575454,1180,2.0,0.7075302600860596,1377,534,60,54
337,39.41059837782721,1181,7.0,0.34886434674263,1001,395,84,72
351,39.41059837782721,1181,2.0,0.6533368825912476,1380,529,60,52
337,39.44396890989989,1182,2.0,0.32269251346588135,996,398,84,73
351,39.44396890989989,1182,2.0,0.6085236668586731,1384,524,57,51
337,39.47733944197256,1183,2.0,0.45737671852111816,992,400,84,73
351,39.47733944197256,1183,2.0,0.7350343465805054,1387,519,57,50
337,39.510709974045234,1184,7.0,0.46024128794670105,986,404,83,74
351,39.510709974045234,1184,2.0,0.7530609369277954,1391,514,56,49
337,39.54408050611791,1185,2.0,0.5101118683815002,980,406,84,75
351,39.54408050611791,1185,2.0,0.7897768020629883,1394,508,54,48
367,39.54408050611791,1185,7.0,0.38295039534568787,981,406,86,73
354,39.54408050611791,1185,2.0,0.3747938275337219,1290,283,35,25
337,39.57745103819058,1186,7.0,0.41544973850250244,975,408,86,75
351,39.57745103819058,1186,2.0,0.6750443577766418,1398,503,55,47
367,39.57745103819058,1186,2.0,0.2791154682636261,976,407,86,74
354,39.57745103819058,1186,2.0,0.38925719261169434,1288,284,37,25
337,39.610821570263255,1187,2.0,0.3716633915901184,970,411,88,75
351,39.610821570263255,1187,2.0,0.5568531155586243,1402,499,53,47
354,39.610821570263255,1187,2.0,0.36988523602485657,1286,285,38,26
337,39.64419210233593,1188,2.0,0.4399320185184479,966,413,90,77
351,39.64419210233593,1188,2.0,0.5512861609458923,1406,494,52,46
354,39.64419210233593,1188,2.0,0.3636784255504608,1284,285,38,27
337,39.6775626344086,1189,7.0,0.4334467351436615,960,417,89,77
351,39.6775626344086,1189,2.0,0.6725075244903564,1409,490,52,44
354,39.6775626344086,1189,2.0,0.37359678745269775,1283,286,38,29
337,39.710933166481276,1190,7.0,0.36734119057655334,956,420,92,80
351,39.710933166481276,1190,2.0,0.6722356677055359,1411,485,51,44
354,39.710933166481276,1190,2.0,0.3634794056415558,1280,287,37,32
337,39.74430369855395,1191,7.0,0.3364666700363159,951,422,93,81
351,39.74430369855395,1191,2.0,0.5772668719291687,1415,480,51,46
354,39.74430369855395,1191,2.0,0.29341474175453186,1278,289,36,33
373,39.74430369855395,1191,2.0,0.3492452800273895,951,420,92,78
337,39.77767423062662,1192,2.0,0.455647736787796,947,425,95,81
351,39.77767423062662,1192,2.0,0.6269067525863647,1419,476,50,44
354,39.77767423062662,1192,2.0,0.2976323962211609,1276,292,37,33
373,39.77767423062662,1192,7.0,0.11836718022823334,965,427,128,81
337,39.8110447626993,1193,2.0,0.4182206988334656,939,427,95,81
351,39.8110447626993,1193,2.0,0.6392694711685181,1422,472,50,42
354,39.8110447626993,1193,2.0,0.40233317017555237,1274,294,37,32
373,39.8110447626993,1193,7.0,0.3876282870769501,950,428,113,80
337,39.84441529477197,1194,2.0,0.4318450689315796,932,429,93,79
351,39.84441529477197,1194,2.0,0.7549726963043213,1426,468,52,42
354,39.84441529477197,1194,2.0,0.40633872151374817,1271,295,40,32
373,39.84441529477197,1194,7.0,0.41976940631866455,937,429,100,78
337,39.877785826844644,1195,7.0,0.40449318289756775,927,431,96,80
351,39.877785826844644,1195,2.0,0.789598286151886,1429,465,51,42
354,39.877785826844644,1195,2.0,0.2519098222255707,1268,297,39,32
373,39.877785826844644,1195,2.0,0.3582383394241333,929,432,99,80
337,39.91115635891732,1196,2.0,0.6647037863731384,922,435,97,83
351,39.91115635891732,1196,2.0,0.6982599496841431,1432,461,50,41
354,39.91115635891732,1196,2.0,0.21289032697677612,1265,298,38,32
337,39.94452689098999,1197,2.0,0.40174487233161926,917,438,99,83
351,39.94452689098999,1197,2.0,0.6443623304367065,1433,456,48,43
354,39.94452689098999,1197,2.0,0.21951095759868622,1261,301,35,29
337,39.977897423062664,1198,2.0,0.3964478373527527,911,440,99,83
351,39.977897423062664,1198,2.0,0.7602950930595398,1436,452,47,42
354,39.977897423062664,1198,2.0,0.18379369378089905,1258,302,34,28
337,40.01126795513534,1199,2.0,0.4078248143196106,905,444,100,84
351,40.01126795513534,1199,2.0,0.723692774772644,1439,448,46,41
354,40.01126795513534,1199,2.0,0.25542691349983215,1256,303,33,28
337,40.04463848720801,1200,2.0,0.3874852657318115,900,447,100,85
351,40.04463848720801,1200,2.0,0.7246630787849426,1441,445,45,41
354,40.04463848720801,1200,2.0,0.2527030408382416,1253,304,34,28
337,40.078009019280685,1201,7.0,0.5357286930084229,893,451,101,86
351,40.078009019280685,1201,2.0,0.671852707862854,1443,441,45,39
354,40.078009019280685,1201,2.0,0.19323953986167908,1249,307,37,27
382,40.078009019280685,1201,2.0,0.39660346508026123,894,450,102,86
337,40.11137955135336,1202,7.0,0.4760337173938751,885,451,101,87
351,40.11137955135336,1202,2.0,0.5495129227638245,1446,436,44,39
354,40.11137955135336,1202,2.0,0.31740042567253113,1247,308,38,26
382,40.11137955135336,1202,2.0,0.12981919944286346,888,452,97,89
337,40.144750083426025,1203,2.0,0.3595850169658661,878,452,102,90
351,40.144750083426025,1203,2.0,0.6696020364761353,1449,431,44,39
354,40.144750083426025,1203,2.0,0.4658689498901367,1244,306,37,26
382,40.144750083426025,1203,7.0,0.5613951683044434,881,453,103,91
337,40.1781206154987,1204,7.0,0.6111526489257812,873,455,105,91
351,40.1781206154987,1204,2.0,0.6628261208534241,1452,426,43,38
354,40.1781206154987,1204,2.0,0.5463114976882935,1241,307,39,27
337,40.21149114757137,1205,7.0,0.45376792550086975,872,459,117,93
351,40.21149114757137,1205,2.0,0.5710089802742004,1454,422,44,38
354,40.21149114757137,1205,2.0,0.48733532428741455,1239,309,40,27
337,40.244861679644046,1206,7.0,0.3496108055114746,862,462,112,93
351,40.244861679644046,1206,2.0,0.5548706650733948,1456,420,44,39
354,40.244861679644046,1206,2.0,0.5589895844459534,1237,309,41,27
337,40.27823221171672,1207,2.0,0.5302671790122986,853,464,109,94
351,40.27823221171672,1207,2.0,0.608109176158905,1459,416,44,39
354,40.27823221171672,1207,2.0,0.5378289818763733,1235,310,41,28
388,40.27823221171672,1207,7.0,0.45202112197875977,853,464,109,96
337,40.31160274378939,1208,2.0,0.45365017652511597,846,467,111,94
351,40.31160274378939,1208,2.0,0.5355757474899292,1461,413,44,38
354,40.31160274378939,1208,2.0,0.26220908761024475,1231,312,39,30
388,40.31160274378939,1208,7.0,0.4367351233959198,848,468,112,94
337,40.34497327586207,1209,7.0,0.5166788101196289,839,473,111,97
351,40.34497327586207,1209,2.0,0.5949459075927734,1464,412,42,37
388,40.34497327586207,1209,2.0,0.13451367616653442,840,476,108,99
390,40.34497327586207,1209,2.0,0.5330725312232971,894,510,70,53
337,40.37834380793474,1210,2.0,0.5718473792076111,832,477,110,96
351,40.37834380793474,1210,2.0,0.6170223951339722,1466,409,42,39
388,40.37834380793474,1210,7.0,0.34107133746147156,832,479,108,96
390,40.37834380793474,1210,2.0,0.7476620078086853,888,515,69,52
337,40.411714340007414,1211,7.0,0.44281578063964844,825,481,116,99
351,40.411714340007414,1211,2.0,0.5674181580543518,1468,404,41,36
388,40.411714340007414,1211,2.0,0.47671857476234436,826,481,115,97
390,40.411714340007414,1211,2.0,0.5363828539848328,880,519,68,55
337,40.44508487208009,1212,7.0,0.5243551731109619,826,486,133,107
351,40.44508487208009,1212,2.0,0.504970371723175,1470,400,40,34
390,40.44508487208009,1212,2.0,0.20081453025341034,870,523,73,55
337,40.47845540415276,1213,2.0,0.16770236194133759,813,488,122,102
351,40.47845540415276,1213,2.0,0.6418436169624329,1474,399,42,33
390,40.47845540415276,1213,2.0,0.47755178809165955,861,528,73,56
388,40.47845540415276,1213,7.0,0.5002191066741943,812,489,119,101
337,40.511825936225435,1214,7.0,0.49261483550071716,805,495,126,104
351,40.511825936225435,1214,2.0,0.6342658996582031,1477,398,43,35
390,40.511825936225435,1214,2.0,0.48287418484687805,853,532,75,59
388,40.511825936225435,1214,2.0,0.2977067530155182,801,494,116,102
351,40.54519646829811,1215,2.0,0.6184470057487488,1479,395,44,35
390,40.54519646829811,1215,2.0,0.5665858387947083,845,538,78,58
351,40.57856700037078,1216,2.0,0.3415411114692688,1480,391,44,35
390,40.57856700037078,1216,2.0,0.32932138442993164,836,543,77,58
337,40.57856700037078,1216,7.0,0.5389758944511414,789,501,124,101
351,40.611937532443456,1217,2.0,0.40897664427757263,1481,389,41,35
390,40.611937532443456,1217,2.0,0.588598906993866,826,548,80,60
394,40.611937532443456,1217,2.0,0.3855269253253937,779,505,124,101
337,40.611937532443456,1217,7.0,0.6582375168800354,779,504,122,101
351,40.64530806451613,1218,2.0,0.5545757412910461,1483,388,41,34
390,40.64530806451613,1218,2.0,0.6260784268379211,818,554,82,60
337,40.64530806451613,1218,7.0,0.7172453999519348,770,510,123,104
351,40.6786785965888,1219,2.0,0.6269489526748657,1485,384,41,33
390,40.6786785965888,1219,2.0,0.7423487901687622,807,558,84,64
337,40.6786785965888,1219,2.0,0.5885376930236816,764,513,127,102
395,40.6786785965888,1219,2.0,0.34023746848106384,746,210,42,24
354,40.6786785965888,1219,2.0,0.47480452060699463,1195,335,44,30
394,40.6786785965888,1219,7.0,0.3303773105144501,766,513,130,106
351,40.71204912866148,1220,2.0,0.6092504262924194,1487,381,43,32
390,40.71204912866148,1220,2.0,0.7198036909103394,798,564,84,64
337,40.71204912866148,1220,2.0,0.4694281220436096,755,516,128,104
395,40.71204912866148,1220,2.0,0.25089362263679504,744,209,42,25
354,40.71204912866148,1220,2.0,0.5196596384048462,1192,335,44,29
394,40.71204912866148,1220,7.0,0.39541593194007874,756,517,130,108
351,40.74541966073415,1221,2.0,0.5840874314308167,1488,377,42,32
390,40.74541966073415,1221,2.0,0.5628634095191956,789,569,85,64
337,40.74541966073415,1221,7.0,0.446033239364624,745,520,129,105
395,40.74541966073415,1221,2.0,0.2966751456260681,741,209,44,26
354,40.74541966073415,1221,2.0,0.6487756371498108,1188,336,46,32
394,40.74541966073415,1221,2.0,0.36162737011909485,746,519,129,108
351,40.778790192806824,1222,2.0,0.48165568709373474,1491,376,39,31
390,40.778790192806824,1222,2.0,0.6904072165489197,779,574,86,65
337,40.778790192806824,1222,2.0,0.3263573944568634,739,526,135,106
395,40.778790192806824,1222,2.0,0.3026579022407532,738,210,44,27
354,40.778790192806824,1222,2.0,0.5560580492019653,1185,339,44,34
394,40.778790192806824,1222,7.0,0.5469421148300171,738,524,132,108
351,40.8121607248795,1223,2.0,0.44257888197898865,1493,374,38,30
390,40.8121607248795,1223,2.0,0.6816942691802979,769,579,87,65
395,40.8121607248795,1223,2.0,0.2702452540397644,735,210,43,25
354,40.8121607248795,1223,2.0,0.355464369058609,1182,341,42,36
351,40.84553125695217,1224,2.0,0.4176815152168274,1494,370,37,29
390,40.84553125695217,1224,2.0,0.5139995813369751,758,584,87,69
395,40.84553125695217,1224,2.0,0.18239979445934296,731,210,42,24
354,40.84553125695217,1224,2.0,0.30294883251190186,1177,341,44,37
337,40.84553125695217,1224,7.0,0.5432052612304688,722,533,138,108
351,40.878901789024845,1225,2.0,0.5814374685287476,1495,367,34,28
390,40.878901789024845,1225,2.0,0.43914851546287537,749,590,86,69
395,40.878901789024845,1225,2.0,0.2689712345600128,728,210,42,24
354,40.878901789024845,1225,2.0,0.3141181170940399,1175,343,45,37
337,40.878901789024845,1225,7.0,0.5696308016777039,714,538,142,110
351,40.91227232109752,1226,2.0,0.641990065574646,1497,365,35,30
390,40.91227232109752,1226,2.0,0.6999420523643494,740,597,88,72
395,40.91227232109752,1226,2.0,0.24049420654773712,725,210,39,23
354,40.91227232109752,1226,2.0,0.3592028021812439,1172,346,46,37
337,40.91227232109752,1226,7.0,0.6385284662246704,703,542,140,113
351,40.94564285317019,1227,2.0,0.6513919234275818,1499,363,35,29
390,40.94564285317019,1227,2.0,0.787053108215332,729,604,89,70
395,40.94564285317019,1227,2.0,0.3929549753665924,723,210,41,23
354,40.94564285317019,1227,2.0,0.45433947443962097,1168,348,45,34
337,40.94564285317019,1227,7.0,0.5774173736572266,692,546,144,117
351,40.979013385242865,1228,2.0,0.5582590103149414,1500,360,35,28
390,40.979013385242865,1228,2.0,0.7509728074073792,717,610,93,71
395,40.979013385242865,1228,2.0,0.2244025021791458,720,210,40,25
354,40.979013385242865,1228,2.0,0.5132896304130554,1163,350,45,33
337,40.979013385242865,1228,7.0,0.4694739878177643,683,550,148,117
351,41.01238391731554,1229,2.0,0.5732430815696716,1502,356,36,29
390,41.01238391731554,1229,2.0,0.5408828854560852,705,615,93,72
395,41.01238391731554,1229,2.0,0.2102549821138382,717,209,42,26
354,41.01238391731554,1229,2.0,0.3666701316833496,1158,351,46,33
337,41.01238391731554,1229,7.0,0.49838730692863464,673,555,150,118
351,41.04575444938821,1230,2.0,0.6218708753585815,1504,354,37,30
390,41.04575444938821,1230,2.0,0.7376530170440674,694,621,95,73
395,41.04575444938821,1230,2.0,0.1666669249534607,715,209,44,25
354,41.04575444938821,1230,2.0,0.33175981044769287,1154,353,48,34
337,41.04575444938821,1230,7.0,0.60568767786026,662,559,153,120
351,41.07912498146088,1231,2.0,0.5114699602127075,1505,353,37,32
390,41.07912498146088,1231,2.0,0.40570876002311707,683,630,95,74
395,41.07912498146088,1231,2.0,0.2762870490550995,712,210,46,24
354,41.07912498146088,1231,2.0,0.42720910906791687,1150,357,48,32
337,41.07912498146088,1231,7.0,0.6530443429946899,653,566,153,125
351,41.11249551353355,1232,2.0,0.5813980102539062,1506,351,36,31
390,41.11249551353355,1232,2.0,0.6509312987327576,669,638,100,76
395,41.11249551353355,1232,2.0,0.24441038072109222,709,211,44,23
354,41.11249551353355,1232,2.0,0.551281213760376,1147,360,49,34
337,41.11249551353355,1232,7.0,0.5824536681175232,642,570,154,125
351,41.145866045606226,1233,2.0,0.3933641016483307,1507,349,35,28
390,41.145866045606226,1233,2.0,0.8058621883392334,658,644,100,75
395,41.145866045606226,1233,2.0,0.22340072691440582,705,211,45,22
354,41.145866045606226,1233,2.0,0.5457578897476196,1143,362,49,36
337,41.145866045606226,1233,7.0,0.6400021314620972,630,574,158,126
351,41.1792365776789,1234,2.0,0.15203703939914703,1509,347,37,30
390,41.1792365776789,1234,2.0,0.8598639965057373,645,650,102,79
354,41.1792365776789,1234,2.0,0.3391633927822113,1139,363,50,36
337,41.1792365776789,1234,7.0,0.6270853877067566,618,581,160,126
351,41.21260710975157,1235,2.0,0.22060681879520416,1510,345,36,30
390,41.21260710975157,1235,2.0,0.721745491027832,633,659,103,79
354,41.21260710975157,1235,2.0,0.20897409319877625,1134,366,50,38
337,41.21260710975157,1235,7.0,0.6703699827194214,608,589,162,128
351,41.24597764182425,1236,2.0,0.24711647629737854,1513,345,36,30
390,41.24597764182425,1236,2.0,0.5956259965896606,619,668,104,77
354,41.24597764182425,1236,2.0,0.14360332489013672,1130,369,50,39
337,41.24597764182425,1236,7.0,0.6279302835464478,598,594,161,127
351,41.27934817389692,1237,2.0,0.28096938133239746,1514,342,33,30
390,41.27934817389692,1237,2.0,0.8243524432182312,606,676,105,80
354,41.27934817389692,1237,2.0,0.1707542985677719,1126,372,51,40
337,41.27934817389692,1237,7.0,0.5230271220207214,585,600,167,128
351,41.312718705969594,1238,2.0,0.3232617974281311,1515,338,32,29
390,41.312718705969594,1238,2.0,0.6916033029556274,591,684,109,81
354,41.312718705969594,1238,2.0,0.3757055699825287,1121,373,49,39
337,41.312718705969594,1238,7.0,0.6117035150527954,572,603,170,134
351,41.34608923804227,1239,2.0,0.3806723952293396,1517,336,31,26
390,41.34608923804227,1239,2.0,0.7269773483276367,576,691,111,82
354,41.34608923804227,1239,2.0,0.4484538733959198,1117,376,47,37
337,41.34608923804227,1239,7.0,0.6220957636833191,560,610,175,134
351,41.37945977011494,1240,2.0,0.3116021454334259,1519,335,30,25
390,41.37945977011494,1240,2.0,0.7724621295928955,562,699,113,84
354,41.37945977011494,1240,2.0,0.4775967001914978,1114,378,48,37
337,41.37945977011494,1240,7.0,0.48833319544792175,547,617,176,135
351,41.412830302187615,1241,2.0,0.32469549775123596,1520,333,30,25
390,41.412830302187615,1241,2.0,0.8574849367141724,547,709,116,84
354,41.412830302187615,1241,2.0,0.4373447299003601,1108,381,48,36
337,41.412830302187615,1241,7.0,0.4127328097820282,535,624,182,143
351,41.44620083426029,1242,2.0,0.40394267439842224,1521,331,31,26
390,41.44620083426029,1242,2.0,0.7928959727287292,531,716,119,88
354,41.44620083426029,1242,2.0,0.4542575180530548,1103,384,52,37
337,41.44620083426029,1242,7.0,0.621064305305481,521,628,183,148
351,41.47957136633296,1243,2.0,0.16670216619968414,1524,330,34,26
390,41.47957136633296,1243,2.0,0.7705003619194031,514,726,122,90
354,41.47957136633296,1243,2.0,0.4276518225669861,1099,386,54,38
337,41.47957136633296,1243,7.0,0.6837414503097534,508,632,187,152
351,41.512941898405636,1244,2.0,0.256843626499176,1525,328,36,27
390,41.512941898405636,1244,2.0,0.8304369449615479,498,736,123,90
354,41.512941898405636,1244,2.0,0.3954428434371948,1095,389,56,39
337,41.512941898405636,1244,7.0,0.6786876320838928,494,640,190,153
351,41.54631243047831,1245,2.0,0.1195514127612114,1526,327,36,27
390,41.54631243047831,1245,2.0,0.7613027095794678,481,745,127,94
354,41.54631243047831,1245,2.0,0.32740700244903564,1090,391,58,42
337,41.54631243047831,1245,7.0,0.620678186416626,481,648,193,156
390,41.57968296255098,1246,2.0,0.8404121398925781,462,753,129,97
354,41.57968296255098,1246,2.0,0.25626155734062195,1085,393,57,41
337,41.57968296255098,1246,7.0,0.6340822577476501,466,655,198,157
390,41.61305349462366,1247,2.0,0.6822866797447205,444,765,132,96
354,41.61305349462366,1247,2.0,0.17232999205589294,1079,395,55,41
337,41.61305349462366,1247,7.0,0.6648255586624146,452,662,203,161
390,41.64642402669633,1248,2.0,0.7984909415245056,426,777,134,97
354,41.64642402669633,1248,2.0,0.31133177876472473,1075,399,56,40
337,41.64642402669633,1248,7.0,0.5734255313873291,438,672,207,158
390,41.679794558769004,1249,2.0,0.7999880909919739,409,789,138,99
354,41.679794558769004,1249,2.0,0.44362327456474304,1069,401,54,38
337,41.679794558769004,1249,7.0,0.4570162296295166,424,680,208,157
390,41.71316509084168,1250,2.0,0.8358225226402283,387,799,139,100
354,41.71316509084168,1250,2.0,0.42604076862335205,1063,405,55,39
337,41.71316509084168,1250,7.0,0.41767433285713196,408,685,214,164
390,41.74653562291435,1251,2.0,0.8314794301986694,367,811,142,104
354,41.74653562291435,1251,2.0,0.3186079263687134,1057,408,57,40
337,41.74653562291435,1251,7.0,0.541965901851654,391,695,220,165
390,41.779906154987025,1252,2.0,0.8309869766235352,345,822,148,104
354,41.779906154987025,1252,2.0,0.1820158064365387,1052,411,59,41
337,41.779906154987025,1252,7.0,0.6742578744888306,374,701,223,166
390,41.8132766870597,1253,2.0,0.8480777740478516,324,834,154,107
354,41.8132766870597,1253,2.0,0.37046778202056885,1048,413,60,41
337,41.8132766870597,1253,7.0,0.6884641647338867,358,709,228,175
390,41.84664721913237,1254,2.0,0.8045479655265808,301,847,157,108
354,41.84664721913237,1254,2.0,0.4311577081680298,1043,416,61,44
337,41.84664721913237,1254,7.0,0.7225197553634644,339,717,233,182
390,41.880017751205045,1255,2.0,0.6655608415603638,279,860,164,115
354,41.880017751205045,1255,2.0,0.24986602365970612,1038,418,61,45
337,41.880017751205045,1255,7.0,0.21269096434116364,321,728,239,176
390,41.91338828327772,1256,2.0,0.7529564499855042,254,874,167,115
354,41.91338828327772,1256,2.0,0.5376746654510498,1031,422,62,46
337,41.91338828327772,1256,7.0,0.6539567708969116,303,736,246,179
390,41.94675881535039,1257,2.0,0.6749008297920227,229,888,173,118
354,41.94675881535039,1257,2.0,0.40250036120414734,1026,425,60,46
337,41.94675881535039,1257,7.0,0.7757274508476257,284,747,252,182
390,41.980129347423066,1258,2.0,0.6858803629875183,202,903,177,123
354,41.980129347423066,1258,2.0,0.5174420475959778,1020,429,64,48
337,41.980129347423066,1258,7.0,0.6861263513565063,263,755,256,185
390,42.01349987949573,1259,2.0,0.6421555280685425,176,915,183,122
354,42.01349987949573,1259,2.0,0.3210097849369049,1014,432,66,47
337,42.01349987949573,1259,7.0,0.6161444187164307,244,764,263,189
390,42.046870411568406,1260,2.0,0.5750861763954163,148,933,192,130
354,42.046870411568406,1260,2.0,0.43535661697387695,1007,435,66,46
337,42.046870411568406,1260,7.0,0.6417719125747681,222,773,270,192
390,42.08024094364108,1261,2.0,0.8124971389770508,118,953,200,132
354,42.08024094364108,1261,2.0,0.4243060052394867,1001,439,65,45
337,42.08024094364108,1261,7.0,0.6289404034614563,201,785,278,195
390,42.11361147571375,1262,2.0,0.4778551757335663,94,969,189,136
354,42.11361147571375,1262,2.0,0.37086400389671326,996,443,67,45
337,42.11361147571375,1262,7.0,0.693144679069519,179,797,286,203
390,42.14698200778643,1263,2.0,0.20199179649353027,80,986,160,137
354,42.14698200778643,1263,2.0,0.40465012192726135,990,447,69,47
337,42.14698200778643,1263,7.0,0.5669904351234436,156,808,297,208
354,42.1803525398591,1264,2.0,0.24762319028377533,983,449,68,49
337,42.1803525398591,1264,7.0,0.6377295255661011,142,818,284,215
354,42.213723071931774,1265,2.0,0.38802656531333923,977,454,70,50
337,42.213723071931774,1265,7.0,0.6518443822860718,132,831,264,219
390,42.213723071931774,1265,2.0,0.4977133572101593,49,1007,99,116
354,42.24709360400445,1266,2.0,0.38959845900535583,969,459,71,50
337,42.24709360400445,1266,7.0,0.7094268202781677,121,845,242,222
390,42.24709360400445,1266,2.0,0.6595776081085205,30,1018,61,95
354,42.28046413607712,1267,2.0,0.33318236470222473,962,462,72,51
337,42.28046413607712,1267,7.0,0.6145546436309814,110,854,220,223
354,42.313834668149795,1268,2.0,0.6256684064865112,954,465,72,51
337,42.313834668149795,1268,7.0,0.5074455142021179,100,857,200,208
354,42.34720520022247,1269,2.0,0.6341966986656189,948,469,72,51
337,42.34720520022247,1269,7.0,0.44996899366378784,88,862,177,198
354,42.38057573229514,1270,2.0,0.6123671531677246,941,473,75,54
337,42.38057573229514,1270,7.0,0.389227032661438,78,866,157,188
354,42.413946264367816,1271,2.0,0.46928179264068604,934,477,77,56
337,42.413946264367816,1271,7.0,0.4300321042537689,64,867,129,164
354,42.44731679644049,1272,2.0,0.6368314027786255,927,481,79,56
337,42.44731679644049,1272,2.0,0.5735904574394226,51,877,103,164
416,42.44731679644049,1272,7.0,0.48372700810432434,53,874,106,161
354,42.48068732851316,1273,2.0,0.5803703665733337,919,486,82,56
337,42.48068732851316,1273,2.0,0.7724142074584961,38,890,77,155
416,42.48068732851316,1273,7.0,0.35405346751213074,40,888,80,156
354,42.51405786058584,1274,2.0,0.4005354642868042,911,490,79,56
337,42.51405786058584,1274,2.0,0.5052877068519592,23,902,46,134
416,42.51405786058584,1274,7.0,0.3930896520614624,23,902,46,130
354,42.54742839265851,1275,2.0,0.2911998927593231,902,494,78,54
354,42.580798924731184,1276,2.0,0.27947863936424255,894,498,80,55
354,42.61416945680386,1277,2.0,0.4284383952617645,887,502,83,58
354,42.64753998887653,1278,2.0,0.23529313504695892,878,507,83,59
354,42.680910520949205,1279,2.0,0.5458921790122986,871,513,85,60
354,42.71428105302188,1280,2.0,0.47148630023002625,861,517,85,61
354,42.74765158509455,1281,2.0,0.5985638499259949,852,522,85,61
354,42.781022117167225,1282,2.0,0.5163772702217102,842,526,88,63
354,42.8143926492399,1283,2.0,0.6923273801803589,834,531,92,62
354,42.84776318131257,1284,2.0,0.4940943717956543,824,537,92,64
354,42.881133713385246,1285,2.0,0.28798580169677734,815,545,92,65
354,42.91450424545791,1286,2.0,0.35759487748146057,805,551,94,64
354,42.947874777530586,1287,2.0,0.4229067862033844,794,555,94,65
354,42.98124530960326,1288,2.0,0.5864531993865967,784,560,97,67
354,43.01461584167593,1289,2.0,0.7096448540687561,773,567,99,67
354,43.04798637374861,1290,2.0,0.6566877365112305,762,573,101,68
354,43.08135690582128,1291,2.0,0.741476833820343,751,578,103,68
354,43.114727437893954,1292,2.0,0.6068350076675415,739,584,105,70
354,43.14809796996663,1293,2.0,0.4894234240055084,728,591,108,71
354,43.1814685020393,1294,2.0,0.46172964572906494,717,598,110,72
354,43.214839034111975,1295,2.0,0.532826840877533,705,604,112,75
354,43.24820956618465,1296,2.0,0.6959303021430969,692,612,112,77
354,43.28158009825732,1297,2.0,0.6568465828895569,679,619,116,77
354,43.314950630329996,1298,2.0,0.7550352811813354,666,625,118,77
354,43.34832116240267,1299,2.0,0.7527962327003479,652,634,121,80
354,43.38169169447534,1300,2.0,0.5240559577941895,638,641,120,80
354,43.41506222654802,1301,2.0,0.5268551111221313,625,649,124,81
354,43.44843275862069,1302,2.0,0.5842917561531067,608,657,127,83
354,43.481803290693364,1303,2.0,0.6820197105407715,594,665,129,85
354,43.51517382276604,1304,2.0,0.6990290880203247,578,672,133,88
354,43.54854435483871,1305,2.0,0.7915123105049133,562,682,136,92
421,43.54854435483871,1305,2.0,0.5436877012252808,1024,1010,169,139
354,43.581914886911385,1306,2.0,0.7044129967689514,546,690,140,91
421,43.581914886911385,1306,7.0,0.5275856256484985,1039,1000,166,153
354,43.61528541898406,1307,2.0,0.6295355558395386,530,701,142,94
421,43.61528541898406,1307,2.0,0.5766981840133667,1054,983,159,161
354,43.64865595105673,1308,2.0,0.7023974657058716,511,710,145,95
421,43.64865595105673,1308,2.0,0.6851102113723755,1068,966,157,163
354,43.682026483129405,1309,2.0,0.6946422457695007,495,719,148,98
421,43.682026483129405,1309,7.0,0.487298846244812,1082,947,151,158
354,43.71539701520208,1310,2.0,0.7408725619316101,476,729,152,101
421,43.71539701520208,1310,7.0,0.49347126483917236,1094,928,149,153
354,43.74876754727475,1311,2.0,0.7826034426689148,457,740,156,102
421,43.74876754727475,1311,2.0,0.6599127650260925,1107,911,143,149
354,43.782138079347426,1312,2.0,0.5956290364265442,438,751,159,101
421,43.782138079347426,1312,2.0,0.5784163475036621,1119,895,141,144
354,43.8155086114201,1313,2.0,0.6909518241882324,418,761,165,106
421,43.8155086114201,1313,2.0,0.5979570746421814,1130,878,138,140
425,43.8155086114201,1313,7.0,0.46465346217155457,1127,881,138,138
354,43.848879143492766,1314,2.0,0.6970424652099609,396,773,169,109
421,43.848879143492766,1314,7.0,0.6200555562973022,1139,863,134,139
425,43.848879143492766,1314,2.0,0.2260393351316452,1136,866,135,136
354,43.88224967556544,1315,2.0,0.7079998850822449,374,786,173,114
421,43.88224967556544,1315,2.0,0.5698030591011047,1150,847,131,135
354,43.91562020763811,1316,2.0,0.6232870817184448,353,796,178,114
421,43.91562020763811,1316,7.0,0.5224641561508179,1160,832,128,132
425,43.91562020763811,1316,2.0,0.46273428201675415,1158,833,130,132
354,43.94899073971079,1317,2.0,0.5057957172393799,329,810,184,118
421,43.94899073971079,1317,7.0,0.5091995000839233,1171,818,125,126
425,43.94899073971079,1317,2.0,0.6007340550422668,1169,820,125,126
354,43.98236127178346,1318,2.0,0.6071810126304626,305,823,190,122
354,44.015731803856134,1319,2.0,0.7045114636421204,281,836,196,127
421,44.015731803856134,1319,2.0,0.6282049417495728,1189,792,120,121
354,44.04910233592881,1320,2.0,0.5356264710426331,255,849,201,129
421,44.04910233592881,1320,2.0,0.61225825548172,1197,781,118,119
354,44.08247286800148,1321,7.0,0.4362120032310486,227,863,207,132
421,44.08247286800148,1321,7.0,0.5344461798667908,1206,768,115,115
426,44.08247286800148,1321,2.0,0.44897544384002686,1203,772,115,114
354,44.115843400074155,1322,2.0,0.6787673234939575,200,878,216,136
421,44.115843400074155,1322,2.0,0.6271383166313171,1213,756,114,114
427,44.115843400074155,1322,2.0,0.44749191403388977,1192,309,39,29
354,44.14921393214683,1323,2.0,0.5075191259384155,170,893,224,139
421,44.14921393214683,1323,2.0,0.6313601732254028,1221,745,111,112
427,44.14921393214683,1323,2.0,0.47953131794929504,1190,310,37,30
354,44.1825844642195,1324,2.0,0.4225479066371918,140,909,235,141
421,44.1825844642195,1324,2.0,0.5060266852378845,1229,735,107,108
427,44.1825844642195,1324,2.0,0.31482332944869995,1187,312,34,32
354,44.215954996292176,1325,2.0,0.6141420602798462,114,927,228,148
421,44.215954996292176,1325,2.0,0.641711413860321,1236,725,104,106
427,44.215954996292176,1325,2.0,0.23280715942382812,1184,313,31,33
354,44.24932552836485,1326,2.0,0.2600940465927124,100,944,201,152
421,44.24932552836485,1326,2.0,0.6530830264091492,1242,714,103,103
427,44.24932552836485,1326,2.0,0.25154730677604675,1182,314,31,32
354,44.28269606043752,1327,5.0,0.2051285207271576,86,957,172,145
421,44.28269606043752,1327,7.0,0.5070488452911377,1250,705,100,99
427,44.28269606043752,1327,2.0,0.22944147884845734,1179,316,33,32
354,44.3160665925102,1328,5.0,0.17214928567409515,69,969,139,129
421,44.3160665925102,1328,2.0,0.5206048488616943,1258,695,99,100
427,44.3160665925102,1328,2.0,0.23442426323890686,1175,319,37,31
430,44.3160665925102,1328,7.0,0.43631449341773987,1256,698,101,101
354,44.34943712458287,1329,2.0,0.442678838968277,51,979,103,113
421,44.34943712458287,1329,2.0,0.6507085561752319,1264,686,98,100
427,44.34943712458287,1329,2.0,0.20307199656963348,1171,321,38,30
354,44.382807656655544,1330,2.0,0.40244898200035095,34,991,69,102
421,44.382807656655544,1330,2.0,0.49008429050445557,1270,678,96,100
427,44.382807656655544,1330,2.0,0.19995255768299103,1168,322,38,30
421,44.41617818872822,1331,2.0,0.32235783338546753,1276,669,96,96
427,44.41617818872822,1331,2.0,0.24851782619953156,1166,324,37,28
421,44.44954872080089,1332,2.0,0.4092572331428528,1282,661,93,94
427,44.44954872080089,1332,2.0,0.16085292398929596,1163,326,35,28
421,44.482919252873565,1333,7.0,0.412905752658844,1288,654,93,91
427,44.482919252873565,1333,2.0,0.2747837007045746,1161,327,34,27
421,44.51628978494624,1334,7.0,0.39247602224349976,1295,644,91,91
427,44.51628978494624,1334,2.0,0.3908899128437042,1157,329,35,29
421,44.54966031701891,1335,2.0,0.45095980167388916,1299,635,90,91
427,44.54966031701891,1335,2.0,0.31480273604393005,1152,331,41,31
421,44.583030849091585,1336,2.0,0.3154228925704956,1304,629,87,89
427,44.583030849091585,1336,2.0,0.4822700321674347,1148,332,45,32
421,44.61640138116426,1337,2.0,0.3125552237033844,1310,621,87,88
427,44.61640138116426,1337,2.0,0.4399665296077728,1146,334,45,34
421,44.64977191323693,1338,2.0,0.3045710623264313,1315,613,85,87
427,44.64977191323693,1338,2.0,0.498363733291626,1142,335,42,35
421,44.683142445309606,1339,2.0,0.4927835464477539,1320,606,85,85
427,44.683142445309606,1339,2.0,0.40435513854026794,1139,337,40,36
421,44.71651297738228,1340,2.0,0.4586295187473297,1324,599,83,83
427,44.71651297738228,1340,2.0,0.3520277142524719,1136,338,40,38
421,44.749883509454946,1341,2.0,0.31153178215026855,1329,591,81,84
427,44.749883509454946,1341,2.0,0.48757120966911316,1132,340,39,38
421,44.78325404152762,1342,2.0,0.4398399293422699,1334,585,80,81
427,44.78325404152762,1342,2.0,0.4025152623653412,1128,341,43,38
421,44.81662457360029,1343,2.0,0.3082864284515381,1339,578,79,78
427,44.81662457360029,1343,2.0,0.5133463144302368,1123,343,45,37
421,44.84999510567297,1344,2.0,0.3654409646987915,1343,572,77,78
427,44.84999510567297,1344,2.0,0.5822122097015381,1120,344,45,36
421,44.88336563774564,1345,2.0,0.47187963128089905,1347,566,76,80
427,44.88336563774564,1345,2.0,0.44571805000305176,1117,346,42,34
421,44.916736169818314,1346,7.0,0.2005465179681778,1352,561,75,76
427,44.916736169818314,1346,2.0,0.31712961196899414,1114,349,38,31
421,44.95010670189099,1347,2.0,0.3106633424758911,1356,555,73,71
427,44.95010670189099,1347,2.0,0.3530469238758087,1110,351,38,32
421,44.98347723396366,1348,2.0,0.37889328598976135,1360,550,71,69
427,44.98347723396366,1348,2.0,0.35114026069641113,1104,353,43,33
421,45.016847766036335,1349,2.0,0.2839335799217224,1364,545,73,68
427,45.016847766036335,1349,2.0,0.39887258410453796,1100,356,46,33
421,45.05021829810901,1350,2.0,0.3939388394355774,1368,536,71,73
427,45.05021829810901,1350,2.0,0.49433615803718567,1096,357,45,33
421,45.08358883018168,1351,2.0,0.3812834620475769,1371,532,71,71
427,45.08358883018168,1351,2.0,0.48675107955932617,1093,359,44,35
421,45.116959362254356,1352,2.0,0.4111124873161316,1375,526,70,69
427,45.116959362254356,1352,2.0,0.5754053592681885,1090,361,42,36
421,45.15032989432703,1353,2.0,0.3523038327693939,1380,523,69,67
427,45.15032989432703,1353,2.0,0.5362740159034729,1086,363,43,38
421,45.1837004263997,1354,2.0,0.4905961751937866,1382,519,68,65
427,45.1837004263997,1354,2.0,0.47674259543418884,1081,364,45,40
421,45.21707095847238,1355,2.0,0.3774707615375519,1385,513,66,68
427,45.21707095847238,1355,2.0,0.35893481969833374,1078,366,47,39
421,45.25044149054505,1356,2.0,0.3450709879398346,1388,509,65,66
427,45.25044149054505,1356,2.0,0.42713654041290283,1073,369,44,37
421,45.283812022617724,1357,2.0,0.3959447741508484,1391,504,65,66
427,45.283812022617724,1357,2.0,0.4296036660671234,1070,372,43,35
421,45.3171825546904,1358,2.0,0.20913776755332947,1395,499,63,66
427,45.3171825546904,1358,2.0,0.4208529591560364,1067,374,40,36
421,45.35055308676307,1359,2.0,0.33252477645874023,1398,495,63,62
427,45.35055308676307,1359,2.0,0.35000601410865784,1061,375,43,37
421,45.383923618835745,1360,2.0,0.3196311295032501,1402,490,63,60
427,45.383923618835745,1360,2.0,0.46880608797073364,1055,378,48,39
421,45.41729415090842,1361,2.0,0.3538094758987427,1405,485,63,62
427,45.41729415090842,1361,2.0,0.592752993106842,1050,381,49,39
421,45.45066468298109,1362,2.0,0.34958934783935547,1408,481,63,61
427,45.45066468298109,1362,2.0,0.6063479781150818,1046,383,48,40
421,45.484035215053765,1363,2.0,0.4689222276210785,1411,476,60,59
427,45.484035215053765,1363,2.0,0.710814356803894,1043,385,48,41
421,45.51740574712644,1364,2.0,0.41868412494659424,1413,472,59,58
427,45.51740574712644,1364,2.0,0.6150038242340088,1038,386,51,43
421,45.55077627919911,1365,2.0,0.3777838945388794,1416,469,58,57
427,45.55077627919911,1365,2.0,0.7060691118240356,1032,388,52,44
421,45.584146811271786,1366,2.0,0.31302958726882935,1420,464,58,57
427,45.584146811271786,1366,2.0,0.7592231631278992,1029,390,53,45
421,45.61751734334446,1367,2.0,0.4701867699623108,1422,461,55,56
427,45.61751734334446,1367,2.0,0.7377137541770935,1024,393,50,43
421,45.65088787541713,1368,2.0,0.4553467035293579,1424,457,56,53
427,45.65088787541713,1368,2.0,0.6360037326812744,1019,397,48,40
421,45.6842584074898,1369,2.0,0.45802125334739685,1426,454,57,54
427,45.6842584074898,1369,2.0,0.5627709627151489,1013,400,52,38
421,45.71762893956247,1370,2.0,0.5753685235977173,1429,451,57,54
427,45.71762893956247,1370,2.0,0.5299431085586548,1007,403,50,40
421,45.75099947163515,1371,2.0,0.5481958985328674,1432,448,55,52
427,45.75099947163515,1371,2.0,0.6546144485473633,1003,405,53,42
421,45.78437000370782,1372,2.0,0.4690440595149994,1435,446,55,50
427,45.78437000370782,1372,2.0,0.6995635628700256,998,407,51,43
421,45.817740535780494,1373,2.0,0.4855501353740692,1438,442,52,49
427,45.817740535780494,1373,2.0,0.6612539291381836,993,409,53,44
421,45.85111106785317,1374,2.0,0.6000739932060242,1440,437,51,51
427,45.85111106785317,1374,2.0,0.6002718806266785,987,412,56,46
421,45.88448159992584,1375,2.0,0.5720094442367554,1441,434,51,50
427,45.88448159992584,1375,2.0,0.6428413391113281,982,414,55,47
421,45.917852131998515,1376,2.0,0.46849116683006287,1443,431,50,50
427,45.917852131998515,1376,2.0,0.5241344571113586,977,417,55,47
421,45.95122266407119,1377,2.0,0.5703729391098022,1445,428,49,51
427,45.95122266407119,1377,2.0,0.6132972240447998,972,420,53,46
421,45.98459319614386,1378,2.0,0.5250228047370911,1448,426,50,51
427,45.98459319614386,1378,2.0,0.5502312183380127,965,424,56,46
421,46.017963728216536,1379,2.0,0.45921796560287476,1452,424,49,48
427,46.017963728216536,1379,2.0,0.5751947164535522,959,430,56,45
421,46.05133426028921,1380,2.0,0.38044485449790955,1454,420,47,46
427,46.05133426028921,1380,2.0,0.654914140701294,954,432,56,46
421,46.08470479236188,1381,2.0,0.569091796875,1456,416,48,48
427,46.08470479236188,1381,2.0,0.6817348003387451,948,434,57,46
421,46.11807532443456,1382,2.0,0.5919490456581116,1458,413,46,46
427,46.11807532443456,1382,2.0,0.6773003935813904,941,436,58,48
421,46.15144585650723,1383,2.0,0.42138999700546265,1461,410,46,47
427,46.15144585650723,1383,2.0,0.6755595207214355,935,440,59,50
421,46.184816388579904,1384,2.0,0.41123807430267334,1462,407,46,46
427,46.184816388579904,1384,2.0,0.6633076071739197,930,441,58,50
421,46.21818692065258,1385,2.0,0.4628502428531647,1464,404,46,46
427,46.21818692065258,1385,2.0,0.5404056906700134,923,445,62,51
421,46.25155745272525,1386,2.0,0.5524562001228333,1466,401,45,45
427,46.25155745272525,1386,2.0,0.3654361069202423,914,452,57,46
421,46.284927984797925,1387,2.0,0.5792911648750305,1468,398,46,42
427,46.284927984797925,1387,2.0,0.6676648259162903,908,456,58,45
421,46.3182985168706,1388,2.0,0.5144305229187012,1469,396,44,39
427,46.3182985168706,1388,2.0,0.6672175526618958,902,457,60,47
421,46.35166904894327,1389,2.0,0.4373353123664856,1471,393,43,39
427,46.35166904894327,1389,2.0,0.6468585729598999,895,460,64,48
421,46.385039581015945,1390,2.0,0.5548283457756042,1473,390,43,40
427,46.385039581015945,1390,2.0,0.6886491775512695,888,463,63,50
421,46.41841011308862,1391,2.0,0.6060540676116943,1476,387,46,41
427,46.41841011308862,1391,2.0,0.6838086843490601,882,466,61,50
445,46.41841011308862,1391,2.0,0.3696785867214203,1268,285,40,27
421,46.45178064516129,1392,2.0,0.5730809569358826,1478,385,46,42
427,46.45178064516129,1392,2.0,0.7403327822685242,876,469,65,53
445,46.45178064516129,1392,2.0,0.475369393825531,1265,286,38,27
421,46.485151177233966,1393,2.0,0.6202351450920105,1479,382,44,43
427,46.485151177233966,1393,2.0,0.5418760180473328,868,473,65,54
445,46.485151177233966,1393,2.0,0.20979928970336914,1263,287,33,26
421,46.51852170930664,1394,2.0,0.6386592388153076,1481,380,44,40
427,46.51852170930664,1394,2.0,0.4980967044830322,860,477,63,52
445,46.51852170930664,1394,2.0,0.38522085547447205,1259,288,33,28
421,46.55189224137931,1395,2.0,0.6991521716117859,1483,377,42,38
427,46.55189224137931,1395,2.0,0.6036475896835327,852,482,66,50
445,46.55189224137931,1395,2.0,0.17841662466526031,1256,290,32,30
421,46.58526277345199,1396,2.0,0.7043041586875916,1485,375,44,37
427,46.58526277345199,1396,2.0,0.6296507716178894,845,486,68,52
445,46.58526277345199,1396,2.0,0.37873372435569763,1255,291,32,30
421,46.618633305524654,1397,2.0,0.7055820226669312,1486,373,43,38
427,46.618633305524654,1397,2.0,0.6758676171302795,838,488,68,53
445,46.618633305524654,1397,2.0,0.35715773701667786,1253,291,33,32
421,46.65200383759733,1398,2.0,0.6607403755187988,1488,371,43,38
427,46.65200383759733,1398,2.0,0.5863521099090576,829,493,70,54
445,46.65200383759733,1398,2.0,0.20079080760478973,1251,293,34,31
421,46.68537436967,1399,2.0,0.6835929751396179,1489,369,44,38
427,46.68537436967,1399,2.0,0.4176179766654968,822,498,72,55
445,46.68537436967,1399,2.0,0.12713505327701569,1247,294,35,33
421,46.718744901742674,1400,2.0,0.6696889400482178,1491,366,43,37
427,46.718744901742674,1400,2.0,0.5195972919464111,813,503,70,54
421,46.75211543381535,1401,2.0,0.5106873512268066,1493,364,40,38
427,46.75211543381535,1401,2.0,0.6217591762542725,805,508,74,55
421,46.78548596588802,1402,2.0,0.5525281429290771,1494,361,38,38
427,46.78548596588802,1402,2.0,0.7791361212730408,797,512,75,53
421,46.818856497960695,1403,2.0,0.46698591113090515,1496,358,38,38
427,46.818856497960695,1403,2.0,0.795564591884613,788,516,74,55
421,46.85222703003337,1404,2.0,0.482667475938797,1498,357,38,37
427,46.85222703003337,1404,2.0,0.7645658254623413,779,521,76,57
421,46.88559756210604,1405,2.0,0.565173327922821,1500,355,39,36
427,46.88559756210604,1405,2.0,0.6142308712005615,771,526,76,57
421,46.918968094178716,1406,2.0,0.5598230957984924,1502,353,41,34
427,46.918968094178716,1406,2.0,0.6269012093544006,761,531,78,58
421,46.95233862625139,1407,2.0,0.6830851435661316,1503,352,41,35
427,46.95233862625139,1407,2.0,0.6100925803184509,752,535,78,58
421,46.98570915832406,1408,2.0,0.5670419931411743,1504,350,39,36
427,46.98570915832406,1408,2.0,0.6029012203216553,743,540,78,57
446,46.98570915832406,1408,2.0,0.47298678755760193,732,542,59,55
445,46.98570915832406,1408,2.0,0.3695232570171356,1222,309,41,28
421,47.01907969039674,1409,2.0,0.5873660445213318,1505,348,39,35
427,47.01907969039674,1409,2.0,0.6059803366661072,732,546,83,58
445,47.01907969039674,1409,2.0,0.2137681543827057,1219,311,38,26
421,47.05245022246941,1410,2.0,0.43955397605895996,1506,345,40,35
427,47.05245022246941,1410,2.0,0.5929755568504333,722,550,83,59
445,47.05245022246941,1410,2.0,0.27684876322746277,1216,312,36,26
421,47.085820754542084,1411,2.0,0.44252026081085205,1508,343,41,36
427,47.085820754542084,1411,2.0,0.7450429201126099,711,556,84,60
445,47.085820754542084,1411,2.0,0.16981300711631775,1212,312,36,29
421,47.11919128661476,1412,2.0,0.3259076178073883,1510,342,41,36
427,47.11919128661476,1412,2.0,0.7821595072746277,701,561,85,61
445,47.11919128661476,1412,2.0,0.14676199853420258,1208,314,33,29
421,47.15256181868743,1413,2.0,0.4125865697860718,1511,340,41,38
427,47.15256181868743,1413,2.0,0.7787238955497742,691,567,86,63
421,47.185932350760105,1414,2.0,0.31502124667167664,1512,337,39,38
427,47.185932350760105,1414,2.0,0.7344051599502563,680,573,89,64
421,47.21930288283278,1415,2.0,0.2685210704803467,1513,335,38,37
427,47.21930288283278,1415,2.0,0.489208459854126,669,576,89,65
445,47.21930288283278,1415,2.0,0.3444199860095978,1199,318,40,32
421,47.25267341490545,1416,2.0,0.25738465785980225,1515,331,38,34
427,47.25267341490545,1416,2.0,0.7210900187492371,657,582,89,65
445,47.25267341490545,1416,2.0,0.21584877371788025,1195,319,43,34
421,47.286043946978126,1417,2.0,0.36118829250335693,1517,330,37,32
427,47.286043946978126,1417,2.0,0.7466810941696167,646,588,90,67
445,47.286043946978126,1417,2.0,0.1506243497133255,1192,321,41,32
421,47.3194144790508,1418,2.0,0.34849071502685547,1518,329,37,31
427,47.3194144790508,1418,2.0,0.7545884251594543,635,595,92,69
445,47.3194144790508,1418,2.0,0.1478680521249771,1189,324,39,28
421,47.35278501112347,1419,2.0,0.5223777890205383,1518,328,36,32
427,47.35278501112347,1419,2.0,0.8125282526016235,622,600,95,68
421,47.386155543196146,1420,2.0,0.4285358488559723,1519,326,36,31
427,47.386155543196146,1420,2.0,0.6450452208518982,610,607,95,70
421,47.41952607526882,1421,2.0,0.3482974171638489,1521,324,37,32
427,47.41952607526882,1421,2.0,0.7516878843307495,596,614,98,72
421,47.45289660734149,1422,2.0,0.37617048621177673,1522,322,38,33
427,47.45289660734149,1422,2.0,0.8705679178237915,583,620,100,73
445,47.45289660734149,1422,2.0,0.383893221616745,1175,331,39,30
421,47.48626713941417,1423,2.0,0.40006548166275024,1524,320,38,33
427,47.48626713941417,1423,2.0,0.6975837349891663,571,626,100,73
449,47.48626713941417,1423,18.0,0.34694892168045044,494,438,25,31
445,47.48626713941417,1423,2.0,0.41025686264038086,1171,332,40,29
421,47.519637671486834,1424,2.0,0.3699001669883728,1525,318,38,33
427,47.519637671486834,1424,2.0,0.6534332036972046,555,633,104,75
449,47.519637671486834,1424,18.0,0.41805827617645264,494,437,25,32
445,47.519637671486834,1424,2.0,0.3987720012664795,1168,332,41,29
421,47.55300820355951,1425,2.0,0.437704473733902,1526,317,37,34
427,47.55300820355951,1425,2.0,0.6840425133705139,542,641,105,77
449,47.55300820355951,1425,18.0,0.4036747217178345,494,437,25,31
445,47.55300820355951,1425,2.0,0.5229492783546448,1165,334,41,31
421,47.58637873563218,1426,2.0,0.4081786274909973,1528,316,37,34
427,47.58637873563218,1426,2.0,0.7464311122894287,527,647,107,77
449,47.58637873563218,1426,18.0,0.3100016117095947,494,436,24,30
445,47.58637873563218,1426,2.0,0.3606071174144745,1162,335,38,32
421,47.619749267704854,1427,2.0,0.5097684860229492,1529,314,37,32
427,47.619749267704854,1427,2.0,0.708975613117218,512,655,110,78
449,47.619749267704854,1427,18.0,0.36324113607406616,494,436,24,30
445,47.619749267704854,1427,2.0,0.2360665500164032,1158,337,36,33
421,47.65311979977753,1428,2.0,0.44406160712242126,1530,314,37,32
427,47.65311979977753,1428,2.0,0.6790705919265747,497,664,111,80
449,47.65311979977753,1428,18.0,0.3898078203201294,494,437,24,32
445,47.65311979977753,1428,2.0,0.2655051648616791,1153,339,39,36
450,47.65311979977753,1428,2.0,0.4498606026172638,808,258,51,27
421,47.6864903318502,1429,2.0,0.43724873661994934,1531,313,36,32
427,47.6864903318502,1429,2.0,0.6934360265731812,483,671,115,82
449,47.6864903318502,1429,18.0,0.18642374873161316,495,439,25,32
445,47.6864903318502,1429,2.0,0.18561670184135437,1149,343,41,37
450,47.6864903318502,1429,2.0,0.35553669929504395,803,260,46,24
421,47.719860863922875,1430,2.0,0.3271997570991516,1532,311,34,31
427,47.719860863922875,1430,2.0,0.6101089119911194,467,680,116,82
445,47.719860863922875,1430,2.0,0.16303731501102448,1145,345,41,35
450,47.719860863922875,1430,2.0,0.30237478017807007,798,261,45,23
421,47.75323139599555,1431,2.0,0.2375885397195816,1532,308,33,31
427,47.75323139599555,1431,2.0,0.589963972568512,449,688,118,85
445,47.75323139599555,1431,2.0,0.17709662020206451,1141,347,40,31
450,47.75323139599555,1431,2.0,0.3415752053260803,791,261,49,25
421,47.78660192806822,1432,2.0,0.28911131620407104,1534,305,36,31
427,47.78660192806822,1432,2.0,0.700793981552124,434,696,122,86
445,47.78660192806822,1432,2.0,0.271894633769989,1138,348,38,29
450,47.78660192806822,1432,2.0,0.319711834192276,787,260,48,25
421,47.819972460140896,1433,2.0,0.2481888085603714,1536,304,35,31
427,47.819972460140896,1433,2.0,0.7211436629295349,416,705,125,89
445,47.819972460140896,1433,2.0,0.2517026662826538,1135,350,36,29
450,47.819972460140896,1433,2.0,0.45921751856803894,783,261,48,24
421,47.85334299221357,1434,2.0,0.2682695686817169,1537,304,33,31
427,47.85334299221357,1434,2.0,0.7826561331748962,398,713,128,90
450,47.85334299221357,1434,2.0,0.3407597839832306,778,261,47,24
421,47.88671352428624,1435,2.0,0.30587366223335266,1537,302,32,29
427,47.88671352428624,1435,2.0,0.7659159302711487,380,722,132,91
450,47.88671352428624,1435,2.0,0.2822732925415039,772,262,45,23
445,47.88671352428624,1435,2.0,0.3926069736480713,1125,354,44,31
421,47.92008405635892,1436,2.0,0.13646435737609863,1539,300,34,31
427,47.92008405635892,1436,2.0,0.7823958396911621,360,731,133,94
450,47.92008405635892,1436,2.0,0.36672812700271606,767,261,47,22
445,47.92008405635892,1436,2.0,0.41045624017715454,1120,355,43,31
421,47.95345458843159,1437,2.0,0.2852490544319153,1539,298,33,31
427,47.95345458843159,1437,2.0,0.8022295832633972,342,740,136,95
450,47.95345458843159,1437,2.0,0.30147430300712585,762,261,47,23
445,47.95345458843159,1437,2.0,0.5312516689300537,1118,356,43,31
421,47.986825120504264,1438,2.0,0.2455613613128662,1540,297,34,31
427,47.986825120504264,1438,2.0,0.8135920166969299,322,751,139,99
450,47.986825120504264,1438,2.0,0.3985200524330139,758,262,47,22
445,47.986825120504264,1438,2.0,0.6219031810760498,1114,359,40,32
421,48.02019565257694,1439,2.0,0.2530500590801239,1541,296,35,30
427,48.02019565257694,1439,2.0,0.7748687863349915,302,762,141,99
450,48.02019565257694,1439,2.0,0.3676320016384125,753,262,46,21
445,48.02019565257694,1439,2.0,0.51457679271698,1110,361,41,34
421,48.05356618464961,1440,2.0,0.2907499372959137,1542,295,35,30
427,48.05356618464961,1440,2.0,0.8702857494354248,280,773,146,100
450,48.05356618464961,1440,2.0,0.4629972279071808,746,263,49,21
445,48.05356618464961,1440,2.0,0.5465285181999207,1104,364,46,37
421,48.086936716722285,1441,2.0,0.35417214035987854,1542,294,35,31
427,48.086936716722285,1441,2.0,0.811330258846283,258,783,149,104
450,48.086936716722285,1441,2.0,0.42784184217453003,741,263,51,22
445,48.086936716722285,1441,2.0,0.6432748436927795,1100,365,49,38
421,48.12030724879496,1442,2.0,0.3254445493221283,1543,292,32,29
427,48.12030724879496,1442,2.0,0.7638649940490723,236,795,153,108
450,48.12030724879496,1442,2.0,0.37291768193244934,737,263,52,23
445,48.12030724879496,1442,2.0,0.524800181388855,1096,366,49,38
421,48.15367778086763,1443,2.0,0.29770198464393616,1544,291,32,28
427,48.15367778086763,1443,2.0,0.5989629626274109,213,807,157,109
450,48.15367778086763,1443,2.0,0.36633357405662537,733,264,52,26
445,48.15367778086763,1443,2.0,0.5290024876594543,1092,368,47,38
421,48.187048312940306,1444,2.0,0.31045955419540405,1545,290,30,28
427,48.187048312940306,1444,2.0,0.7570907473564148,188,819,163,110
450,48.187048312940306,1444,2.0,0.31681889295578003,728,264,49,26
445,48.187048312940306,1444,2.0,0.6425542831420898,1088,370,46,38
421,48.22041884501298,1445,2.0,0.2911796271800995,1546,288,29,27
427,48.22041884501298,1445,2.0,0.6955929398536682,163,831,170,114
450,48.22041884501298,1445,2.0,0.38363251090049744,722,264,52,27
445,48.22041884501298,1445,2.0,0.4740659296512604,1082,373,47,38
421,48.25378937708565,1446,2.0,0.17566150426864624,1547,287,30,26
427,48.25378937708565,1446,2.0,0.6654120087623596,136,843,175,116
450,48.25378937708565,1446,2.0,0.3906862735748291,717,264,53,28
445,48.25378937708565,1446,2.0,0.467062771320343,1078,376,47,37
421,48.287159909158326,1447,2.0,0.2718445956707001,1547,286,29,25
427,48.287159909158326,1447,2.0,0.7822496891021729,108,858,185,121
450,48.287159909158326,1447,2.0,0.47989901900291443,712,265,52,30
445,48.287159909158326,1447,2.0,0.4643891155719757,1073,378,47,37
421,48.320530441231,1448,2.0,0.22198747098445892,1549,284,27,26
427,48.320530441231,1448,2.0,0.8510031700134277,88,871,176,126
450,48.320530441231,1448,2.0,0.3712750971317291,709,266,53,31
445,48.320530441231,1448,2.0,0.591911256313324,1069,380,47,38
421,48.35390097330367,1449,2.0,0.2915692925453186,1550,283,30,26
427,48.35390097330367,1449,2.0,0.8095788955688477,74,885,149,129
450,48.35390097330367,1449,2.0,0.3235764801502228,703,267,55,30
445,48.35390097330367,1449,2.0,0.6485335230827332,1063,383,48,38
421,48.38727150537635,1450,2.0,0.33268609642982483,1551,282,32,27
427,48.38727150537635,1450,7.0,0.34092819690704346,60,897,121,126
450,48.38727150537635,1450,2.0,0.3974979817867279,698,268,57,32
445,48.38727150537635,1450,2.0,0.3968954086303711,1057,386,52,41
449,48.38727150537635,1450,18.0,0.27303817868232727,495,438,24,33
421,48.42064203744902,1451,2.0,0.2375277578830719,1552,282,31,27
427,48.42064203744902,1451,5.0,0.10871362686157227,45,904,91,111
450,48.42064203744902,1451,2.0,0.36589357256889343,692,270,54,31
445,48.42064203744902,1451,2.0,0.41586947441101074,1052,388,52,41
449,48.42064203744902,1451,18.0,0.2875233292579651,495,438,25,34
421,48.45401256952169,1452,2.0,0.28783056139945984,1552,281,32,26
427,48.45401256952169,1452,2.0,0.7384641170501709,31,913,62,93
450,48.45401256952169,1452,2.0,0.412773996591568,687,271,55,30
445,48.45401256952169,1452,2.0,0.4811764657497406,1048,390,53,41
449,48.45401256952169,1452,18.0,0.28947171568870544,495,438,24,33
421,48.48738310159436,1453,2.0,0.18103983998298645,1553,280,32,25
427,48.48738310159436,1453,2.0,0.5571308135986328,14,925,29,75
450,48.48738310159436,1453,2.0,0.3107364773750305,684,271,54,28
445,48.48738310159436,1453,2.0,0.5470028519630432,1044,391,51,42
449,48.48738310159436,1453,18.0,0.21675164997577667,495,438,25,33
421,48.520753633667034,1454,2.0,0.1018306240439415,1554,279,32,26
450,48.520753633667034,1454,2.0,0.40338531136512756,678,271,55,27
445,48.520753633667034,1454,2.0,0.5181609392166138,1038,393,53,44
449,48.520753633667034,1454,18.0,0.21476571261882782,495,438,25,32
421,48.55412416573971,1455,2.0,0.10417037457227707,1555,279,31,25
450,48.55412416573971,1455,2.0,0.3410554826259613,672,272,55,26
445,48.55412416573971,1455,2.0,0.4180956184864044,1033,399,51,38
449,48.55412416573971,1455,18.0,0.23556829988956451,495,438,25,32
421,48.58749469781238,1456,2.0,0.14652928709983826,1556,278,31,26
450,48.58749469781238,1456,2.0,0.39651763439178467,666,273,55,25
445,48.58749469781238,1456,2.0,0.4881042242050171,1028,403,52,37
449,48.58749469781238,1456,18.0,0.193775475025177,495,438,24,33
450,48.620865229885055,1457,2.0,0.2869126498699188,662,274,54,24
445,48.620865229885055,1457,2.0,0.6711115837097168,1022,405,51,39
449,48.620865229885055,1457,18.0,0.10445671528577805,495,438,24,33
450,48.65423576195773,1458,2.0,0.34919261932373047,654,274,54,24
445,48.65423576195773,1458,2.0,0.5449749827384949,1016,408,50,39
449,48.65423576195773,1458,18.0,0.1395166665315628,495,438,24,33
450,48.6876062940304,1459,2.0,0.43011903762817383,649,273,54,24
445,48.6876062940304,1459,2.0,0.4589569568634033,1009,410,52,41
449,48.6876062940304,1459,18.0,0.11004529148340225,495,438,24,33
450,48.720976826103076,1460,2.0,0.4276399314403534,644,273,54,24
445,48.720976826103076,1460,2.0,0.4813166558742523,1004,412,53,43
449,48.720976826103076,1460,18.0,0.19567406177520752,495,438,24,33
450,48.75434735817575,1461,2.0,0.33052945137023926,639,274,53,25
445,48.75434735817575,1461,2.0,0.5677112340927124,1000,413,55,45
449,48.75434735817575,1461,18.0,0.13869072496891022,495,438,24,33
450,48.78771789024842,1462,2.0,0.31853795051574707,635,275,54,26
445,48.78771789024842,1462,2.0,0.7640566229820251,994,416,56,47
449,48.78771789024842,1462,18.0,0.10994268953800201,495,438,24,32
450,48.8210884223211,1463,2.0,0.36856791377067566,628,275,57,29
445,48.8210884223211,1463,2.0,0.6417056918144226,987,421,55,43
449,48.8210884223211,1463,18.0,0.1653265804052353,495,438,24,33
450,48.85445895439377,1464,2.0,0.4290740191936493,622,275,55,27
445,48.85445895439377,1464,2.0,0.570966899394989,981,424,55,42
449,48.85445895439377,1464,18.0,0.17459188401699066,495,438,24,33
450,48.887829486466444,1465,2.0,0.45063257217407227,617,275,55,27
445,48.887829486466444,1465,2.0,0.543513298034668,976,426,56,43
449,48.887829486466444,1465,18.0,0.14882737398147583,495,438,25,32
450,48.92120001853912,1466,2.0,0.29704004526138306,613,277,57,28
445,48.92120001853912,1466,2.0,0.5995821952819824,968,430,56,46
449,48.92120001853912,1466,18.0,0.22180800139904022,495,438,25,32
450,48.95457055061179,1467,2.0,0.3642151355743408,607,278,58,30
445,48.95457055061179,1467,2.0,0.5830410718917847,961,434,56,45
449,48.95457055061179,1467,18.0,0.23599089682102203,495,438,25,32
450,48.987941082684465,1468,2.0,0.49555572867393494,602,280,58,32
445,48.987941082684465,1468,2.0,0.5973314642906189,955,436,57,46
449,48.987941082684465,1468,18.0,0.15528415143489838,495,437,24,32
450,49.02131161475714,1469,2.0,0.5435426831245422,595,280,56,32
445,49.02131161475714,1469,2.0,0.6218342781066895,949,438,58,48
449,49.02131161475714,1469,18.0,0.17761534452438354,495,437,24,31
450,49.05468214682981,1470,2.0,0.5807129144668579,590,280,55,33
445,49.05468214682981,1470,2.0,0.639701783657074,943,440,61,50
449,49.05468214682981,1470,18.0,0.19447851181030273,495,437,24,31
450,49.088052678902486,1471,2.0,0.505577802658081,586,281,56,32
445,49.088052678902486,1471,2.0,0.45602503418922424,937,445,61,45
449,49.088052678902486,1471,18.0,0.2017582207918167,495,438,23,32
450,49.12142321097516,1472,2.0,0.3291943669319153,580,282,55,31
445,49.12142321097516,1472,2.0,0.6866745948791504,931,449,60,45
449,49.12142321097516,1472,18.0,0.15024371445178986,495,438,23,31
450,49.15479374304783,1473,2.0,0.4897897243499756,573,282,56,30
445,49.15479374304783,1473,2.0,0.5334681868553162,923,454,61,45
449,49.15479374304783,1473,18.0,0.13444195687770844,495,438,23,31
450,49.188164275120506,1474,2.0,0.3673839867115021,567,283,56,31
445,49.188164275120506,1474,2.0,0.5031206607818604,914,458,60,45
450,49.22153480719318,1475,2.0,0.174724280834198,562,283,57,32
445,49.22153480719318,1475,2.0,0.558154821395874,908,461,61,45
450,49.254905339265854,1476,2.0,0.11427844315767288,555,285,59,31
445,49.254905339265854,1476,2.0,0.6166833639144897,901,464,65,48
450,49.28827587133853,1477,2.0,0.19497273862361908,549,285,59,29
445,49.28827587133853,1477,2.0,0.729218065738678,893,467,66,49
450,49.3216464034112,1478,2.0,0.11268532276153564,544,286,61,28
445,49.3216464034112,1478,2.0,0.5913552045822144,887,471,66,50
450,49.355016935483874,1479,8.0,0.17972645163536072,536,286,64,28
445,49.355016935483874,1479,2.0,0.6029655933380127,881,476,69,50
450,49.38838746755654,1480,8.0,0.14211279153823853,529,287,63,28
445,49.38838746755654,1480,2.0,0.644517719745636,872,478,69,52
450,49.421757999629214,1481,8.0,0.13992324471473694,523,287,62,28
445,49.421757999629214,1481,2.0,0.6129037737846375,863,482,67,52
450,49.45512853170189,1482,2.0,0.15098892152309418,519,288,61,29
445,49.45512853170189,1482,2.0,0.6481593251228333,855,487,68,51
450,49.48849906377456,1483,2.0,0.1900278627872467,514,288,61,28
445,49.48849906377456,1483,2.0,0.6223136186599731,847,491,69,52
450,49.521869595847235,1484,2.0,0.11819054186344147,507,289,61,29
445,49.521869595847235,1484,2.0,0.5169062614440918,840,495,69,52
450,49.55524012791991,1485,2.0,0.25007787346839905,500,289,61,29
445,49.55524012791991,1485,2.0,0.6437445282936096,831,500,71,51
450,49.58861065999258,1486,2.0,0.25919172167778015,493,289,59,30
445,49.58861065999258,1486,2.0,0.5559139251708984,823,504,72,53
450,49.621981192065256,1487,2.0,0.25825127959251404,488,291,63,31
445,49.621981192065256,1487,2.0,0.5923078656196594,813,509,71,53
450,49.65535172413793,1488,2.0,0.1781023144721985,482,290,60,29
445,49.65535172413793,1488,2.0,0.672264039516449,804,513,75,54
450,49.6887222562106,1489,2.0,0.25515440106391907,476,291,62,30
445,49.6887222562106,1489,2.0,0.7781449556350708,796,516,76,55
450,49.72209278828328,1490,2.0,0.2292405366897583,470,292,60,30
445,49.72209278828328,1490,2.0,0.7545360922813416,787,522,79,57
450,49.75546332035595,1491,2.0,0.14548949897289276,465,293,64,32
445,49.75546332035595,1491,2.0,0.7360488772392273,778,527,79,57
450,49.788833852428624,1492,2.0,0.12600077688694,458,293,63,31
445,49.788833852428624,1492,2.0,0.6223977208137512,767,531,80,58
450,49.8222043845013,1493,2.0,0.2075192779302597,452,294,65,31
445,49.8222043845013,1493,2.0,0.5616984963417053,756,535,81,59
450,49.85557491657397,1494,2.0,0.21323361992835999,446,294,62,29
445,49.85557491657397,1494,2.0,0.6983909010887146,747,541,80,59
450,49.888945448646645,1495,2.0,0.13762162625789642,439,295,63,30
445,49.888945448646645,1495,2.0,0.6433927416801453,736,547,82,59
450,49.92231598071932,1496,7.0,0.11271879076957703,432,296,63,30
445,49.92231598071932,1496,2.0,0.695855975151062,726,552,82,60
450,49.95568651279199,1497,2.0,0.23624062538146973,427,296,63,30
445,49.95568651279199,1497,2.0,0.7016947269439697,715,556,84,60
450,49.989057044864666,1498,2.0,0.14414919912815094,421,297,60,30
445,49.989057044864666,1498,2.0,0.7569882869720459,704,562,86,63
450,50.02242757693734,1499,2.0,0.11890385299921036,414,298,63,27
445,50.02242757693734,1499,2.0,0.7808334231376648,694,568,88,65
450,50.05579810901001,1500,2.0,0.1398041546344757,408,298,63,26
445,50.05579810901001,1500,2.0,0.6755806803703308,682,574,89,65
450,50.089168641082686,1501,2.0,0.23794478178024292,400,299,62,27
445,50.089168641082686,1501,2.0,0.7148605585098267,670,578,91,65
445,50.12253917315536,1502,2.0,0.6151122450828552,659,585,90,67
445,50.155909705228034,1503,2.0,0.5804041028022766,647,593,92,69
445,50.18928023730071,1504,2.0,0.7588690519332886,634,599,93,67
450,50.18928023730071,1504,2.0,0.26755988597869873,381,304,65,31
445,50.22265076937338,1505,2.0,0.7768161296844482,621,604,96,70
450,50.22265076937338,1505,2.0,0.29622402787208557,373,304,64,32
445,50.256021301446054,1506,2.0,0.792553186416626,608,611,97,71
450,50.256021301446054,1506,2.0,0.25238028168678284,365,304,69,32
445,50.28939183351872,1507,2.0,0.8218812346458435,596,618,98,72
450,50.28939183351872,1507,2.0,0.15619511902332306,363,304,63,30
445,50.322762365591394,1508,2.0,0.7410261034965515,582,624,100,73
450,50.322762365591394,1508,2.0,0.28202489018440247,357,305,60,29
445,50.35613289766407,1509,2.0,0.6167070269584656,568,633,101,73
450,50.35613289766407,1509,2.0,0.17492927610874176,349,305,61,30
445,50.38950342973674,1510,2.0,0.6237677335739136,553,639,102,74
450,50.38950342973674,1510,2.0,0.26940086483955383,341,305,66,29
445,50.422873961809415,1511,2.0,0.8235937356948853,539,646,106,75
450,50.422873961809415,1511,2.0,0.3275243937969208,335,306,66,30
445,50.45624449388209,1512,2.0,0.7423230409622192,524,655,107,78
450,50.45624449388209,1512,2.0,0.3507426977157593,330,307,61,29
445,50.48961502595476,1513,2.0,0.7144371867179871,508,662,110,79
450,50.48961502595476,1513,2.0,0.3576067388057709,322,308,64,29
445,50.522985558027436,1514,2.0,0.7614936828613281,493,668,112,80
450,50.522985558027436,1514,2.0,0.24261736869812012,313,308,68,29
445,50.55635609010011,1515,2.0,0.5859044790267944,477,677,115,83
450,50.55635609010011,1515,2.0,0.4788075089454651,305,310,66,31
445,50.58972662217278,1516,2.0,0.6741936206817627,460,686,116,83
450,50.58972662217278,1516,2.0,0.27580657601356506,298,310,69,31
445,50.62309715424546,1517,2.0,0.843157947063446,442,695,121,85
450,50.62309715424546,1517,2.0,0.23630760610103607,290,312,69,31
445,50.65646768631813,1518,2.0,0.8071942329406738,425,704,121,88
450,50.65646768631813,1518,2.0,0.38475319743156433,284,312,66,31
445,50.689838218390804,1519,2.0,0.7978661060333252,407,712,124,88
450,50.689838218390804,1519,2.0,0.47223544120788574,278,313,66,32
445,50.72320875046348,1520,2.0,0.7461227178573608,388,722,128,93
450,50.72320875046348,1520,2.0,0.3938944637775421,272,314,68,33
468,50.72320875046348,1520,18.0,0.36213675141334534,495,438,24,31
445,50.75657928253615,1521,2.0,0.7971062064170837,369,732,130,93
450,50.75657928253615,1521,2.0,0.23332010209560394,265,314,66,33
468,50.75657928253615,1521,18.0,0.3536454737186432,495,438,25,31
445,50.789949814608825,1522,2.0,0.826494038105011,349,740,135,95
450,50.789949814608825,1522,2.0,0.38245174288749695,258,314,63,32
468,50.789949814608825,1522,18.0,0.415109783411026,495,438,25,32
445,50.8233203466815,1523,2.0,0.7992914915084839,328,751,136,97
450,50.8233203466815,1523,2.0,0.25462839007377625,250,313,63,32
468,50.8233203466815,1523,18.0,0.44246941804885864,494,437,26,32
445,50.85669087875417,1524,2.0,0.7068313360214233,307,761,141,97
450,50.85669087875417,1524,2.0,0.24772094190120697,242,315,70,33
468,50.85669087875417,1524,18.0,0.4516439139842987,495,437,26,33
445,50.890061410826846,1525,2.0,0.7957078814506531,286,773,145,102
450,50.890061410826846,1525,2.0,0.29442811012268066,235,317,69,33
468,50.890061410826846,1525,18.0,0.3286013603210449,495,437,26,32
445,50.92343194289952,1526,2.0,0.8579310774803162,262,786,147,106
450,50.92343194289952,1526,2.0,0.35271045565605164,227,318,71,31
468,50.92343194289952,1526,18.0,0.33669835329055786,495,437,25,33
445,50.95680247497219,1527,2.0,0.806304931640625,239,796,151,108
450,50.95680247497219,1527,2.0,0.19513578712940216,219,320,73,30
468,50.95680247497219,1527,18.0,0.354861319065094,495,437,25,33
445,50.990173007044866,1528,2.0,0.7181000709533691,215,808,156,109
450,50.990173007044866,1528,2.0,0.28456902503967285,211,319,75,31
468,50.990173007044866,1528,18.0,0.3363399803638458,495,438,26,35
445,51.02354353911754,1529,2.0,0.7784947752952576,190,821,162,112
450,51.02354353911754,1529,2.0,0.29138320684432983,202,321,77,32
468,51.02354353911754,1529,18.0,0.3038155138492584,495,439,26,35
445,51.056914071190214,1530,2.0,0.8254005908966064,165,835,169,116
450,51.056914071190214,1530,2.0,0.20077550411224365,195,322,77,30
468,51.056914071190214,1530,18.0,0.439586877822876,495,439,25,37
445,51.09028460326289,1531,2.0,0.6479561924934387,138,847,175,118
450,51.09028460326289,1531,2.0,0.391139954328537,187,323,79,34
468,51.09028460326289,1531,18.0,0.5346858501434326,495,439,26,38
445,51.12365513533556,1532,2.0,0.7282887697219849,110,862,182,122
450,51.12365513533556,1532,2.0,0.3488294780254364,181,324,77,33
468,51.12365513533556,1532,18.0,0.4816780984401703,495,439,26,38
445,51.157025667408234,1533,2.0,0.8585647940635681,87,876,174,127
450,51.157025667408234,1533,2.0,0.2748120129108429,173,326,73,34
468,51.157025667408234,1533,18.0,0.44697999954223633,496,439,26,38
445,51.19039619948091,1534,2.0,0.6802226305007935,74,891,148,130
450,51.19039619948091,1534,2.0,0.2780574560165405,168,327,73,33
445,51.223766731553575,1535,5.0,0.2019330859184265,59,902,118,126
450,51.223766731553575,1535,2.0,0.2889139950275421,158,327,78,34
445,51.25713726362625,1536,5.0,0.15275831520557404,43,910,87,110
450,51.25713726362625,1536,2.0,0.21841756999492645,149,326,76,40
445,51.29050779569892,1537,2.0,0.6582776308059692,28,919,57,94
450,51.29050779569892,1537,2.0,0.31126123666763306,145,326,75,40
450,51.323878327771595,1538,2.0,0.20826242864131927,136,327,79,42
474,51.35724885984427,1539,2.0,0.40124139189720154,1841,161,56,30
450,51.35724885984427,1539,2.0,0.37791186571121216,72,336,80,37
474,51.39061939191694,1540,2.0,0.44505321979522705,1842,161,59,30
450,51.39061939191694,1540,2.0,0.3746916949748993,61,338,84,36
474,51.423989923989616,1541,2.0,0.33649393916130066,1843,160,59,31
450,51.423989923989616,1541,2.0,0.38111361861228943,51,338,87,35
474,51.45736045606229,1542,2.0,0.2519065737724304,1844,160,58,31
450,51.45736045606229,1542,2.0,0.3943968415260315,44,338,86,36
474,51.49073098813496,1543,2.0,0.2952759563922882,1845,160,59,31
450,51.49073098813496,1543,2.0,0.4845972955226898,39,339,78,37
474,51.52410152020764,1544,2.0,0.2004416435956955,1847,161,55,31
450,51.52410152020764,1544,2.0,0.6051629781723022,35,341,70,38
450,51.55747205228031,1545,2.0,0.39146795868873596,31,342,62,36
450,51.590842584352984,1546,2.0,0.3431888520717621,26,343,53,35
450,51.62421311642566,1547,2.0,0.24208714067935944,22,344,45,37
474,51.65758364849833,1548,2.0,0.25725051760673523,1859,163,61,30
483,51.690954180571005,1549,2.0,0.38235488533973694,1004,234,49,26
474,51.690954180571005,1549,2.0,0.23456430435180664,1860,164,60,30
483,51.72432471264368,1550,2.0,0.30601948499679565,999,233,47,27
474,51.72432471264368,1550,2.0,0.32326680421829224,1861,163,58,31
483,51.75769524471635,1551,2.0,0.23351718485355377,996,233,47,29
474,51.75769524471635,1551,2.0,0.38088780641555786,1862,163,61,31
483,51.791065776789026,1552,2.0,0.3113405704498291,993,234,48,30
474,51.791065776789026,1552,2.0,0.518983781337738,1864,163,62,30
483,51.8244363088617,1553,2.0,0.24479064345359802,988,234,46,30
474,51.8244363088617,1553,2.0,0.43151047825813293,1865,163,64,31
483,51.85780684093437,1554,2.0,0.3381740152835846,984,234,45,29
474,51.85780684093437,1554,2.0,0.5067160725593567,1866,163,65,31
483,51.89117737300705,1555,2.0,0.30262652039527893,980,235,46,29
474,51.89117737300705,1555,2.0,0.5734080672264099,1866,163,65,30
483,51.92454790507972,1556,2.0,0.3877781629562378,975,235,47,29
474,51.92454790507972,1556,2.0,0.49825096130371094,1867,163,66,30
483,51.957918437152394,1557,2.0,0.4444369077682495,972,236,47,28
474,51.957918437152394,1557,2.0,0.5163877606391907,1868,163,66,30
483,51.99128896922507,1558,2.0,0.374083012342453,968,236,49,27
474,51.99128896922507,1558,2.0,0.4626162648200989,1869,163,66,30
483,52.02465950129774,1559,2.0,0.2986345589160919,964,237,51,29
474,52.02465950129774,1559,2.0,0.4671003222465515,1870,163,66,30
483,52.058030033370414,1560,2.0,0.3886595368385315,961,237,49,29
474,52.058030033370414,1560,2.0,0.4975292682647705,1872,163,67,30
483,52.09140056544309,1561,2.0,0.41898012161254883,957,237,49,29
474,52.09140056544309,1561,2.0,0.4978161156177521,1873,163,68,31
483,52.12477109751576,1562,2.0,0.4553455114364624,953,237,51,27
474,52.12477109751576,1562,2.0,0.5189904570579529,1876,162,66,32
483,52.15814162958843,1563,2.0,0.44994890689849854,950,238,51,27
474,52.15814162958843,1563,2.0,0.5373512506484985,1878,163,63,31
483,52.1915121616611,1564,2.0,0.18000176548957825,948,240,51,30
474,52.1915121616611,1564,2.0,0.35950401425361633,1880,165,61,30
483,52.224882693733775,1565,2.0,0.21071824431419373,943,241,50,32
474,52.224882693733775,1565,2.0,0.39479872584342957,1881,165,62,30
483,52.25825322580645,1566,2.0,0.28109195828437805,937,240,49,32
474,52.25825322580645,1566,2.0,0.41542866826057434,1881,164,61,30
483,52.29162375787912,1567,7.0,0.21610569953918457,935,240,49,31
474,52.29162375787912,1567,2.0,0.38612014055252075,1883,163,61,30
483,52.324994289951796,1568,2.0,0.2436251938343048,931,241,51,32
474,52.324994289951796,1568,2.0,0.2804569900035858,1884,164,62,30
483,52.35836482202447,1569,2.0,0.19901716709136963,927,242,52,32
474,52.35836482202447,1569,2.0,0.16114173829555511,1885,165,64,30
483,52.39173535409714,1570,7.0,0.21400709450244904,922,242,52,33
474,52.39173535409714,1570,2.0,0.17149776220321655,1885,165,64,29
483,52.42510588616982,1571,2.0,0.23979446291923523,917,241,53,32
474,52.42510588616982,1571,2.0,0.12430080771446228,1886,164,64,30
483,52.45847641824249,1572,7.0,0.2310144603252411,913,240,52,33
474,52.45847641824249,1572,2.0,0.3059297502040863,1888,163,62,31
483,52.491846950315164,1573,7.0,0.2126907855272293,909,240,51,33
474,52.491846950315164,1573,2.0,0.3859524130821228,1888,163,61,32
483,52.52521748238784,1574,7.0,0.20248553156852722,907,241,53,34
474,52.52521748238784,1574,2.0,0.4243910312652588,1889,163,60,32
483,52.55858801446051,1575,7.0,0.11050920933485031,902,241,53,34
474,52.55858801446051,1575,2.0,0.42671093344688416,1889,163,59,32
483,52.591958546533185,1576,2.0,0.14139056205749512,898,240,55,36
474,52.591958546533185,1576,2.0,0.35227513313293457,1889,162,58,31
483,52.62532907860586,1577,2.0,0.2831220328807831,893,239,56,36
474,52.62532907860586,1577,2.0,0.28606170415878296,1888,160,55,31
483,52.65869961067853,1578,2.0,0.32961633801460266,889,240,55,36
474,52.65869961067853,1578,2.0,0.3854334056377411,1889,159,56,30
483,52.692070142751206,1579,2.0,0.1386004090309143,885,240,53,38
474,52.692070142751206,1579,2.0,0.1480705291032791,1890,159,54,30
483,52.72544067482388,1580,8.0,0.12609542906284332,881,240,55,40
474,52.72544067482388,1580,2.0,0.10018657147884369,1891,159,53,30
483,52.75881120689655,1581,2.0,0.4207508862018585,830,252,59,33
483,52.79218173896923,1582,2.0,0.45875075459480286,825,253,61,33
483,52.8255522710419,1583,2.0,0.3090243339538574,822,254,61,33
483,52.858922803114574,1584,2.0,0.2492806762456894,819,255,60,32
483,52.89229333518725,1585,2.0,0.29914218187332153,812,254,61,31
483,52.92566386725992,1586,2.0,0.26312151551246643,808,252,60,30
483,52.959034399332594,1587,2.0,0.4037433862686157,802,253,62,31
483,52.99240493140527,1588,2.0,0.3339710235595703,798,254,61,31
483,53.02577546347794,1589,2.0,0.34056785702705383,795,254,62,31
483,53.05914599555061,1590,2.0,0.3634473979473114,788,253,60,31
483,53.09251652762328,1591,2.0,0.3951699733734131,785,253,62,30
483,53.125887059695955,1592,2.0,0.4289473593235016,779,253,61,31
483,53.15925759176863,1593,2.0,0.33681339025497437,775,254,64,31
483,53.1926281238413,1594,2.0,0.2389184981584549,772,254,65,32
483,53.225998655913976,1595,2.0,0.25271421670913696,765,254,63,32
483,53.25936918798665,1596,7.0,0.30888262391090393,761,255,64,33
483,53.29273972005932,1597,2.0,0.2913810610771179,757,256,65,34
483,53.326110252132,1598,2.0,0.41604483127593994,752,257,65,36
483,53.35948078420467,1599,2.0,0.4108409881591797,747,257,66,36
483,53.392851316277344,1600,2.0,0.5105806589126587,742,257,65,37
483,53.42622184835002,1601,2.0,0.42743802070617676,737,258,64,36
483,53.45959238042269,1602,2.0,0.5278109312057495,732,261,66,36
483,53.492962912495365,1603,2.0,0.47228536009788513,727,263,67,36
483,53.52633344456804,1604,2.0,0.36837902665138245,723,264,69,36
483,53.55970397664071,1605,2.0,0.48580074310302734,717,264,66,36
483,53.593074508713386,1606,2.0,0.4477234184741974,712,264,64,36
483,53.62644504078606,1607,2.0,0.43068575859069824,706,264,66,36
483,53.65981557285873,1608,2.0,0.4524558186531067,702,264,65,36
483,53.69318610493141,1609,2.0,0.4698452651500702,697,265,67,36
483,53.72655663700408,1610,2.0,0.5734322667121887,693,266,66,36
483,53.759927169076754,1611,2.0,0.5577526092529297,687,265,66,36
483,53.79329770114943,1612,2.0,0.4741092324256897,681,264,65,34
483,53.8266682332221,1613,2.0,0.4173876643180847,675,264,66,36
483,53.860038765294775,1614,2.0,0.4453220069408417,670,263,66,36
483,53.89340929736745,1615,2.0,0.3379403352737427,663,264,66,36
483,53.92677982944012,1616,2.0,0.4223359525203705,658,265,69,36
483,53.960150361512795,1617,2.0,0.3819446563720703,653,265,68,35
483,53.99352089358546,1618,2.0,0.5024828910827637,649,265,69,35
483,54.026891425658135,1619,2.0,0.5809031128883362,644,266,68,34
483,54.06026195773081,1620,2.0,0.5172587037086487,639,266,70,35
483,54.09363248980348,1621,2.0,0.6523744463920593,634,267,72,37
483,54.127003021876156,1622,2.0,0.4484243392944336,629,269,69,37
483,54.16037355394883,1623,2.0,0.598040759563446,625,271,72,37
483,54.1937440860215,1624,2.0,0.5953807234764099,620,272,72,37
483,54.22711461809418,1625,2.0,0.6450604796409607,614,273,74,40
493,54.22711461809418,1625,2.0,0.31954798102378845,1499,116,30,27
483,54.26048515016685,1626,2.0,0.6029233336448669,610,272,73,40
493,54.26048515016685,1626,2.0,0.30674421787261963,1499,116,31,27
483,54.293855682239524,1627,2.0,0.5132762789726257,603,274,74,41
493,54.293855682239524,1627,2.0,0.3053939938545227,1499,116,29,26
483,54.3272262143122,1628,2.0,0.49895474314689636,598,274,73,39
493,54.3272262143122,1628,2.0,0.1820337027311325,1497,116,25,27
483,54.36059674638487,1629,2.0,0.6045193076133728,592,274,72,39
493,54.36059674638487,1629,2.0,0.14940431714057922,1496,116,22,27
483,54.393967278457545,1630,2.0,0.4939039647579193,587,276,74,38
493,54.393967278457545,1630,2.0,0.18823011219501495,1497,117,25,27
497,54.393967278457545,1630,5.0,0.5138171315193176,937,972,376,205
483,54.42733781053022,1631,2.0,0.5281344056129456,582,277,73,38
493,54.42733781053022,1631,2.0,0.17905594408512115,1497,117,27,25
497,54.42733781053022,1631,5.0,0.4728945791721344,944,966,385,218
483,54.46070834260289,1632,2.0,0.46436023712158203,576,277,76,38
493,54.46070834260289,1632,2.0,0.17539016902446747,1496,116,24,26
497,54.46070834260289,1632,5.0,0.505418598651886,949,957,397,234
498,54.46070834260289,1632,6.0,0.44377952814102173,950,957,396,236
483,54.494078874675566,1633,2.0,0.43967801332473755,569,277,74,38
493,54.494078874675566,1633,2.0,0.1969052106142044,1495,116,21,26
497,54.494078874675566,1633,6.0,0.44373247027397156,953,949,409,248
483,54.52744940674824,1634,2.0,0.3348549008369446,563,276,73,39
493,54.52744940674824,1634,2.0,0.1711742877960205,1495,116,20,25
497,54.52744940674824,1634,5.0,0.5962958931922913,955,941,424,263
483,54.56081993882091,1635,7.0,0.1546684205532074,558,275,73,43
493,54.56081993882091,1635,2.0,0.18227465450763702,1495,116,20,26
497,54.56081993882091,1635,5.0,0.6220623850822449,959,934,435,279
483,54.59419047089359,1636,2.0,0.44218432903289795,553,276,75,42
493,54.59419047089359,1636,2.0,0.16302314400672913,1496,117,20,26
497,54.59419047089359,1636,5.0,0.43012934923171997,981,928,410,291
483,54.62756100296626,1637,2.0,0.4346403479576111,547,276,78,42
493,54.62756100296626,1637,2.0,0.20401540398597717,1495,116,20,26
497,54.62756100296626,1637,5.0,0.6125774383544922,1011,921,366,304
483,54.660931535038934,1638,2.0,0.5227829813957214,541,275,76,43
493,54.660931535038934,1638,2.0,0.16968584060668945,1495,115,20,26
497,54.660931535038934,1638,5.0,0.3339839577674866,992,915,424,317
483,54.69430206711161,1639,8.0,0.32097530364990234,535,275,78,47
493,54.69430206711161,1639,2.0,0.11443876475095749,1495,115,20,25
497,54.69430206711161,1639,5.0,0.28649917244911194,985,909,456,335
483,54.72767259918428,1640,2.0,0.4538508653640747,528,276,78,44
497,54.72767259918428,1640,5.0,0.3272390067577362,1037,901,366,342
483,54.761043131256955,1641,2.0,0.5189996957778931,524,277,80,43
497,54.761043131256955,1641,5.0,0.4589780569076538,1066,895,322,351
499,54.761043131256955,1641,6.0,0.3794387876987457,1071,897,307,347
483,54.79441366332963,1642,2.0,0.4005817472934723,518,278,82,43
497,54.79441366332963,1642,5.0,0.7879970073699951,1084,888,304,357
483,54.8277841954023,1643,2.0,0.2574540972709656,513,278,83,43
497,54.8277841954023,1643,5.0,0.7537543773651123,1097,879,290,361
483,54.861154727474975,1644,2.0,0.23942479491233826,507,280,83,44
497,54.861154727474975,1644,5.0,0.7572527527809143,1109,869,281,359
500,54.861154727474975,1644,7.0,0.5216636657714844,1107,868,282,348
483,54.89452525954765,1645,2.0,0.43426263332366943,501,281,83,41
497,54.89452525954765,1645,5.0,0.8421036005020142,1120,854,272,348
500,54.89452525954765,1645,7.0,0.4680248200893402,1116,854,274,340
483,54.927895791620315,1646,2.0,0.565223753452301,495,282,83,40
497,54.927895791620315,1646,5.0,0.7951666116714478,1130,841,263,339
500,54.927895791620315,1646,7.0,0.6383781433105469,1126,839,264,332
483,54.96126632369299,1647,2.0,0.393154501914978,489,282,82,41
497,54.96126632369299,1647,7.0,0.6165039539337158,1140,826,257,331
500,54.96126632369299,1647,5.0,0.5998328924179077,1138,826,259,322
483,54.99463685576566,1648,2.0,0.5139457583427429,482,285,81,41
497,54.99463685576566,1648,7.0,0.44804084300994873,1148,816,254,322
500,54.99463685576566,1648,6.0,0.6365124583244324,1146,816,257,314
483,55.028007387838336,1649,2.0,0.3335532546043396,478,287,80,40
497,55.028007387838336,1649,6.0,0.5011415481567383,1158,802,246,313
500,55.028007387838336,1649,7.0,0.4838379919528961,1156,802,248,307
483,55.06137791991101,1650,2.0,0.5076154470443726,472,287,82,43
497,55.06137791991101,1650,5.0,0.38005924224853516,1166,789,241,303
500,55.06137791991101,1650,7.0,0.4559980630874634,1165,789,241,299
501,55.06137791991101,1650,6.0,0.3643817901611328,1163,790,242,299
483,55.09474845198368,1651,2.0,0.49282193183898926,468,287,83,42
497,55.09474845198368,1651,7.0,0.5986903309822083,1176,778,235,294
500,55.09474845198368,1651,5.0,0.6121352910995483,1174,777,237,291
483,55.12811898405636,1652,2.0,0.37486737966537476,462,288,84,42
497,55.12811898405636,1652,6.0,0.40189847350120544,1184,767,232,288
500,55.12811898405636,1652,7.0,0.4391361176967621,1184,766,232,284
501,55.12811898405636,1652,5.0,0.375423789024353,1182,770,235,284
483,55.16148951612903,1653,2.0,0.3313071131706238,454,289,83,41
497,55.16148951612903,1653,6.0,0.20109914243221283,1193,757,227,281
500,55.16148951612903,1653,7.0,0.6340898275375366,1192,755,228,277
483,55.194860048201704,1654,2.0,0.506508469581604,447,288,82,42
483,55.22823058027438,1655,2.0,0.34201374650001526,440,288,80,43
497,55.22823058027438,1655,7.0,0.6402359008789062,1208,732,216,266
483,55.26160111234705,1656,2.0,0.5382477641105652,436,290,83,42
497,55.26160111234705,1656,7.0,0.741549015045166,1216,722,212,259
483,55.294971644419725,1657,2.0,0.3980455696582794,431,292,84,43
497,55.294971644419725,1657,7.0,0.6834461092948914,1222,713,207,254
483,55.3283421764924,1658,2.0,0.436031699180603,424,291,86,45
497,55.3283421764924,1658,7.0,0.7329315543174744,1228,704,204,248
483,55.36171270856507,1659,7.0,0.3785928189754486,417,290,85,45
497,55.36171270856507,1659,7.0,0.6244704723358154,1236,693,202,244
483,55.395083240637746,1660,2.0,0.36537596583366394,412,291,89,45
497,55.395083240637746,1660,7.0,0.6759541034698486,1243,684,197,240
483,55.42845377271042,1661,2.0,0.3680879771709442,406,291,91,45
497,55.42845377271042,1661,7.0,0.5760424733161926,1249,676,193,234
483,55.46182430478309,1662,2.0,0.490267813205719,399,291,90,44
497,55.46182430478309,1662,7.0,0.571103572845459,1255,666,189,230
483,55.49519483685577,1663,2.0,0.3697276711463928,392,290,88,44
497,55.49519483685577,1663,7.0,0.5818405151367188,1259,657,187,226
483,55.52856536892844,1664,2.0,0.486785888671875,386,290,89,44
497,55.52856536892844,1664,7.0,0.7380972504615784,1265,650,183,221
483,55.561935901001114,1665,2.0,0.34473636746406555,380,292,92,45
497,55.561935901001114,1665,7.0,0.651521623134613,1271,642,180,216
483,55.59530643307379,1666,2.0,0.2661677896976471,374,292,91,44
497,55.59530643307379,1666,7.0,0.4053485095500946,1277,635,176,214
483,55.62867696514646,1667,7.0,0.20943179726600647,366,293,84,43
497,55.62867696514646,1667,7.0,0.5858253836631775,1284,627,171,209
483,55.662047497219135,1668,2.0,0.43197330832481384,359,294,86,45
497,55.662047497219135,1668,7.0,0.5826411247253418,1288,620,166,206
483,55.69541802929181,1669,2.0,0.43701499700546265,353,296,88,45
497,55.69541802929181,1669,7.0,0.5424497723579407,1292,614,164,199
483,55.72878856136448,1670,2.0,0.4666115343570709,348,297,89,43
497,55.72878856136448,1670,7.0,0.5771711468696594,1299,609,164,197
483,55.762159093437155,1671,2.0,0.46083009243011475,341,298,84,43
497,55.762159093437155,1671,7.0,0.5417805314064026,1303,603,159,195
483,55.79552962550983,1672,2.0,0.5325896739959717,334,302,86,46
497,55.79552962550983,1672,7.0,0.5545161366462708,1308,598,155,192
483,55.828900157582495,1673,2.0,0.49138152599334717,330,304,92,46
497,55.828900157582495,1673,7.0,0.6516612768173218,1315,591,153,187
483,55.86227068965517,1674,2.0,0.5299084186553955,325,306,94,45
497,55.86227068965517,1674,7.0,0.6891513466835022,1319,585,151,185
483,55.89564122172784,1675,2.0,0.45246291160583496,318,306,94,46
497,55.89564122172784,1675,7.0,0.5648831725120544,1323,579,149,182
483,55.929011753800516,1676,2.0,0.560431182384491,309,307,95,47
497,55.929011753800516,1676,7.0,0.7039362192153931,1327,572,147,178
483,55.96238228587319,1677,2.0,0.48899686336517334,303,307,96,47
497,55.96238228587319,1677,7.0,0.6612808108329773,1332,568,145,178
483,55.99575281794586,1678,2.0,0.565872073173523,298,308,97,46
497,55.99575281794586,1678,7.0,0.6290937066078186,1336,563,142,177
483,56.02912335001854,1679,2.0,0.43323853611946106,291,308,97,47
497,56.02912335001854,1679,7.0,0.45459723472595215,1339,555,139,174
483,56.06249388209121,1680,2.0,0.5511125326156616,283,308,97,47
497,56.06249388209121,1680,6.0,0.38886550068855286,1342,549,139,172
483,56.095864414163884,1681,2.0,0.45193442702293396,276,308,98,48
497,56.095864414163884,1681,6.0,0.514227569103241,1347,543,135,168
483,56.12923494623656,1682,2.0,0.5122391581535339,271,309,100,48
497,56.12923494623656,1682,6.0,0.4162999391555786,1351,539,132,164
483,56.16260547830923,1683,2.0,0.48715394735336304,264,310,103,48
497,56.16260547830923,1683,7.0,0.4258696436882019,1353,535,130,162
483,56.195976010381905,1684,2.0,0.5131005048751831,258,309,103,45
497,56.195976010381905,1684,7.0,0.4983832836151123,1357,529,126,159
483,56.22934654245458,1685,2.0,0.5192856788635254,251,309,101,46
497,56.22934654245458,1685,7.0,0.46570849418640137,1362,523,125,159
483,56.26271707452725,1686,2.0,0.502098560333252,243,309,98,47
497,56.26271707452725,1686,6.0,0.37354880571365356,1364,517,123,155
483,56.296087606599926,1687,2.0,0.5086477994918823,234,309,99,47
497,56.296087606599926,1687,7.0,0.35486239194869995,1367,512,122,152
483,56.3294581386726,1688,7.0,0.3690299093723297,228,309,98,47
497,56.3294581386726,1688,6.0,0.43450817465782166,1372,506,123,151
483,56.36282867074527,1689,2.0,0.41265127062797546,222,310,101,49
497,56.36282867074527,1689,7.0,0.4232480227947235,1375,502,121,149
483,56.39619920281795,1690,7.0,0.32835420966148376,216,310,106,49
497,56.39619920281795,1690,7.0,0.41690048575401306,1378,498,118,146
483,56.42956973489062,1691,2.0,0.2517103850841522,207,312,107,50
497,56.42956973489062,1691,6.0,0.4882628619670868,1383,493,116,144
483,56.462940266963294,1692,2.0,0.2793402075767517,198,313,110,53
497,56.462940266963294,1692,7.0,0.4150708317756653,1386,489,113,142
483,56.49631079903597,1693,2.0,0.3809606432914734,192,312,111,52
497,56.49631079903597,1693,6.0,0.5152233242988586,1389,486,113,140
483,56.52968133110864,1694,2.0,0.3392068147659302,188,313,110,51
497,56.52968133110864,1694,7.0,0.36068496108055115,1394,483,112,141
483,56.563051863181315,1695,7.0,0.36644867062568665,183,315,109,49
497,56.563051863181315,1695,6.0,0.4576415419578552,1396,482,111,138
520,56.563051863181315,1695,7.0,0.3446243703365326,1395,483,111,139
483,56.59642239525399,1696,7.0,0.3438917398452759,175,318,106,51
497,56.59642239525399,1696,6.0,0.5047332048416138,1399,479,109,137
520,56.59642239525399,1696,7.0,0.28110119700431824,1396,480,109,134
483,56.62979292732666,1697,2.0,0.3439534902572632,168,319,104,52
497,56.62979292732666,1697,6.0,0.5019533634185791,1402,475,108,136
520,56.62979292732666,1697,7.0,0.16479730606079102,1400,475,108,135
483,56.663163459399335,1698,2.0,0.3740881383419037,161,320,104,53
497,56.663163459399335,1698,6.0,0.3601795434951782,1404,471,108,134
520,56.663163459399335,1698,7.0,0.5455340147018433,1403,471,110,134
483,56.69653399147201,1699,2.0,0.3815305233001709,152,322,105,51
497,56.69653399147201,1699,6.0,0.4738757312297821,1408,468,106,135
520,56.69653399147201,1699,7.0,0.3165836036205292,1407,468,108,136
483,56.72990452354468,1700,2.0,0.32604002952575684,147,323,108,53
497,56.72990452354468,1700,6.0,0.35962894558906555,1411,463,104,131
520,56.72990452354468,1700,7.0,0.26116177439689636,1410,464,105,133
483,56.76327505561735,1701,2.0,0.3199557960033417,139,323,105,53
497,56.76327505561735,1701,6.0,0.3834031820297241,1412,459,103,129
520,56.76327505561735,1701,7.0,0.3663804829120636,1412,461,103,130
483,56.79664558769002,1702,2.0,0.4144537150859833,130,324,107,52
497,56.79664558769002,1702,7.0,0.37113240361213684,1416,456,100,124
483,56.830016119762696,1703,2.0,0.4905948042869568,126,325,112,52
497,56.830016119762696,1703,7.0,0.4072217345237732,1419,453,99,122
483,56.86338665183537,1704,2.0,0.370154470205307,116,327,107,54
497,56.86338665183537,1704,7.0,0.39488348364830017,1420,450,97,121
483,56.89675718390804,1705,2.0,0.3472408950328827,108,326,110,57
497,56.89675718390804,1705,7.0,0.3439442217350006,1423,446,97,121
483,56.93012771598072,1706,7.0,0.41849616169929504,102,325,113,58
497,56.93012771598072,1706,6.0,0.3533737063407898,1425,442,95,121
483,56.96349824805339,1707,2.0,0.35945194959640503,97,325,118,58
497,56.96349824805339,1707,6.0,0.4460238516330719,1429,438,94,120
483,56.996868780126064,1708,2.0,0.42212745547294617,89,327,116,54
497,56.996868780126064,1708,6.0,0.5103949904441833,1432,434,94,119
483,57.03023931219874,1709,2.0,0.41340452432632446,82,328,114,53
497,57.03023931219874,1709,6.0,0.5338730812072754,1433,431,92,120
483,57.06360984427141,1710,2.0,0.3386377990245819,74,330,118,53
497,57.06360984427141,1710,6.0,0.3945915997028351,1436,428,91,119
483,57.096980376344085,1711,2.0,0.2913113236427307,64,332,114,51
497,57.096980376344085,1711,6.0,0.39983588457107544,1437,426,93,115
483,57.13035090841676,1712,2.0,0.38164079189300537,55,333,108,52
497,57.13035090841676,1712,6.0,0.32160520553588867,1439,422,91,113
483,57.16372144048943,1713,7.0,0.2192467302083969,50,332,100,51
497,57.16372144048943,1713,6.0,0.3288936913013458,1440,420,89,111
483,57.197091972562106,1714,7.0,0.16230495274066925,46,331,93,49
497,57.197091972562106,1714,6.0,0.38752686977386475,1444,416,87,111
497,57.23046250463478,1715,6.0,0.5325481295585632,1447,413,86,111
497,57.26383303670745,1716,6.0,0.5109564661979675,1449,410,86,109
497,57.29720356878013,1717,6.0,0.3726741671562195,1451,408,86,110
497,57.3305741008528,1718,6.0,0.36101841926574707,1453,405,86,112
497,57.363944632925474,1719,6.0,0.32245346903800964,1455,402,85,110
497,57.39731516499815,1720,6.0,0.4268530309200287,1457,399,82,108
497,57.43068569707082,1721,6.0,0.32823413610458374,1459,397,82,106
497,57.464056229143495,1722,6.0,0.3408347964286804,1462,395,80,103
497,57.49742676121617,1723,6.0,0.386766642332077,1465,393,81,102
497,57.53079729328884,1724,6.0,0.38747209310531616,1467,390,81,103
542,57.53079729328884,1724,2.0,0.6905691027641296,870,1013,154,121
497,57.564167825361515,1725,6.0,0.3188953399658203,1469,389,79,102
542,57.564167825361515,1725,2.0,0.23934294283390045,872,999,120,110
497,57.59753835743419,1726,6.0,0.28578290343284607,1470,386,78,102
497,57.63090888950686,1727,6.0,0.3058208227157593,1471,385,77,101
497,57.664279421579536,1728,6.0,0.3290012776851654,1472,383,75,99
497,57.6976499536522,1729,6.0,0.30289748311042786,1475,381,76,95
546,57.6976499536522,1729,2.0,0.5440844297409058,956,918,129,105
497,57.731020485724876,1730,6.0,0.3025009334087372,1476,376,74,93
546,57.731020485724876,1730,2.0,0.4873640835285187,970,902,127,99
497,57.76439101779755,1731,6.0,0.24432232975959778,1478,373,74,91
546,57.76439101779755,1731,2.0,0.6610199809074402,985,882,125,96
497,57.79776154987022,1732,6.0,0.39127007126808167,1478,371,72,91
546,57.79776154987022,1732,2.0,0.36229825019836426,1001,864,119,92
497,57.8311320819429,1733,6.0,0.5261756777763367,1480,370,71,91
546,57.8311320819429,1733,2.0,0.6604123711585999,1014,850,113,90
497,57.86450261401557,1734,6.0,0.42733415961265564,1481,369,71,92
546,57.86450261401557,1734,2.0,0.5435306429862976,1028,835,112,85
497,57.897873146088244,1735,6.0,0.45112767815589905,1482,366,68,91
546,57.897873146088244,1735,2.0,0.4926412105560303,1040,819,111,81
497,57.93124367816092,1736,6.0,0.44519859552383423,1484,364,68,91
546,57.93124367816092,1736,2.0,0.6498985290527344,1052,807,106,80
497,57.96461421023359,1737,6.0,0.29164496064186096,1485,362,64,89
546,57.96461421023359,1737,2.0,0.5827175974845886,1065,793,102,74
497,57.997984742306265,1738,6.0,0.38063839077949524,1487,360,64,89
546,57.997984742306265,1738,2.0,0.603029727935791,1075,781,101,74
497,58.03135527437894,1739,6.0,0.6312021017074585,1489,356,67,90
546,58.03135527437894,1739,2.0,0.5354582667350769,1086,768,96,72
497,58.06472580645161,1740,6.0,0.5629349946975708,1491,353,69,89
546,58.06472580645161,1740,2.0,0.503706157207489,1096,754,96,71
497,58.098096338524286,1741,6.0,0.29606062173843384,1493,352,68,87
546,58.098096338524286,1741,2.0,0.5812239050865173,1107,744,92,70
497,58.13146687059696,1742,6.0,0.17975682020187378,1495,351,70,85
546,58.13146687059696,1742,2.0,0.5779553651809692,1116,733,90,68
497,58.16483740266963,1743,6.0,0.19694186747074127,1497,347,70,90
546,58.16483740266963,1743,2.0,0.5336025357246399,1125,721,89,66
497,58.19820793474231,1744,6.0,0.1743086725473404,1500,346,70,89
546,58.19820793474231,1744,2.0,0.5285828113555908,1135,711,86,65
497,58.23157846681498,1745,6.0,0.1995960921049118,1501,345,69,88
546,58.23157846681498,1745,2.0,0.5249664783477783,1144,701,85,63
548,58.23157846681498,1745,2.0,0.5266706347465515,1021,1044,142,71
497,58.264948998887654,1746,6.0,0.19838927686214447,1503,343,68,89
546,58.264948998887654,1746,2.0,0.5350813269615173,1153,691,84,61
548,58.264948998887654,1746,2.0,0.5174984931945801,1029,1034,151,88
497,58.29831953096033,1747,6.0,0.1555793434381485,1504,342,67,87
546,58.29831953096033,1747,2.0,0.6491762399673462,1161,682,84,60
548,58.29831953096033,1747,2.0,0.48805680871009827,1039,1023,158,109
497,58.331690063033,1748,6.0,0.17301158607006073,1506,341,67,85
546,58.331690063033,1748,2.0,0.6455337405204773,1170,673,82,59
548,58.331690063033,1748,2.0,0.4999682903289795,1052,1014,158,128
497,58.365060595105675,1749,6.0,0.17433613538742065,1508,339,65,82
546,58.365060595105675,1749,2.0,0.6634948253631592,1178,664,80,57
548,58.365060595105675,1749,2.0,0.6229932904243469,1066,1000,157,140
497,58.39843112717835,1750,6.0,0.18790610134601593,1508,337,62,80
546,58.39843112717835,1750,2.0,0.687412440776825,1185,655,80,56
548,58.39843112717835,1750,7.0,0.4642295241355896,1080,981,152,143
497,58.43180165925102,1751,7.0,0.11158553510904312,1508,335,62,78
546,58.43180165925102,1751,2.0,0.6071828603744507,1192,647,77,56
548,58.43180165925102,1751,2.0,0.57301265001297,1093,961,148,142
497,58.465172191323695,1752,6.0,0.15027427673339844,1509,333,60,74
546,58.465172191323695,1752,2.0,0.42628616094589233,1200,638,75,54
548,58.465172191323695,1752,2.0,0.5054340362548828,1105,942,143,137
497,58.49854272339637,1753,7.0,0.1200382187962532,1510,332,60,74
546,58.49854272339637,1753,2.0,0.5303358435630798,1206,629,73,55
548,58.49854272339637,1753,2.0,0.4531847834587097,1117,924,137,130
497,58.53191325546904,1754,6.0,0.1324344426393509,1511,331,62,75
546,58.53191325546904,1754,2.0,0.5918872952461243,1214,622,76,53
548,58.53191325546904,1754,2.0,0.5455992221832275,1129,907,133,128
497,58.565283787541716,1755,7.0,0.12643642723560333,1513,329,63,78
546,58.565283787541716,1755,2.0,0.5889071822166443,1220,614,73,52
548,58.565283787541716,1755,2.0,0.5819359421730042,1140,889,131,124
553,58.565283787541716,1755,7.0,0.51603102684021,1139,890,132,119
497,58.59865431961438,1756,6.0,0.14694468677043915,1514,327,63,80
546,58.59865431961438,1756,2.0,0.4640786647796631,1227,607,72,53
548,58.59865431961438,1756,2.0,0.5344437956809998,1151,872,128,119
497,58.632024851687056,1757,2.0,0.1345040202140808,1515,325,62,78
546,58.632024851687056,1757,2.0,0.45834749937057495,1232,599,69,51
548,58.632024851687056,1757,7.0,0.4133864939212799,1161,857,124,115
546,58.66539538375973,1758,2.0,0.3482036590576172,1238,592,70,49
548,58.66539538375973,1758,7.0,0.5121721625328064,1171,842,119,110
546,58.6987659158324,1759,2.0,0.432380735874176,1244,585,64,48
548,58.6987659158324,1759,2.0,0.5223203897476196,1179,826,118,105
546,58.73213644790508,1760,2.0,0.558698296546936,1251,578,63,49
548,58.73213644790508,1760,2.0,0.6010242700576782,1189,812,115,102
546,58.76550697997775,1761,2.0,0.6500777006149292,1256,572,64,48
548,58.76550697997775,1761,2.0,0.6309776306152344,1199,800,113,101
546,58.798877512050424,1762,2.0,0.6180429458618164,1261,566,65,47
548,58.798877512050424,1762,7.0,0.4109070301055908,1207,785,109,99
546,58.8322480441231,1763,2.0,0.6433398127555847,1268,559,62,48
548,58.8322480441231,1763,2.0,0.6282554864883423,1216,775,108,97
546,58.86561857619577,1764,2.0,0.4313441216945648,1273,553,61,47
548,58.86561857619577,1764,2.0,0.5086036920547485,1223,762,104,94
546,58.898989108268445,1765,2.0,0.5970959067344666,1278,547,59,44
548,58.898989108268445,1765,2.0,0.385763943195343,1231,749,103,95
546,58.93235964034112,1766,2.0,0.5769237875938416,1283,542,61,43
548,58.93235964034112,1766,2.0,0.5225096344947815,1238,738,101,91
546,58.96573017241379,1767,2.0,0.6355651021003723,1288,537,59,43
548,58.96573017241379,1767,2.0,0.642604649066925,1245,728,100,92
546,58.999100704486466,1768,2.0,0.5617076754570007,1293,531,58,43
548,58.999100704486466,1768,7.0,0.41259023547172546,1253,718,96,87
546,59.03247123655914,1769,2.0,0.4958987832069397,1296,527,55,42
548,59.03247123655914,1769,2.0,0.4524504244327545,1260,710,94,86
497,59.03247123655914,1769,2.0,0.26023152470588684,1528,309,57,70
546,59.06584176863181,1770,2.0,0.5173782110214233,1301,522,56,40
548,59.06584176863181,1770,2.0,0.33949393033981323,1265,699,91,83
497,59.06584176863181,1770,2.0,0.20610958337783813,1528,307,57,70
546,59.09921230070449,1771,2.0,0.6228203177452087,1308,516,55,43
548,59.09921230070449,1771,2.0,0.6630875468254089,1272,689,89,84
497,59.09921230070449,1771,2.0,0.23671142756938934,1529,305,56,71
546,59.13258283277716,1772,2.0,0.6349992156028748,1313,510,53,41
548,59.13258283277716,1772,2.0,0.38120630383491516,1279,680,89,84
497,59.13258283277716,1772,2.0,0.19849151372909546,1531,305,55,68
546,59.165953364849834,1773,2.0,0.6160429120063782,1317,505,54,41
548,59.165953364849834,1773,2.0,0.4261716306209564,1283,671,86,78
497,59.165953364849834,1773,2.0,0.15230761468410492,1532,303,54,67
546,59.19932389692251,1774,2.0,0.4280998408794403,1320,500,55,41
548,59.19932389692251,1774,2.0,0.3730289936065674,1290,662,88,79
497,59.19932389692251,1774,2.0,0.13541989028453827,1532,300,53,67
546,59.23269442899518,1775,2.0,0.500619649887085,1324,495,55,39
548,59.23269442899518,1775,2.0,0.48739007115364075,1296,653,87,76
497,59.23269442899518,1775,2.0,0.16851912438869476,1533,299,53,65
546,59.266064961067855,1776,2.0,0.5333098769187927,1327,491,55,41
548,59.266064961067855,1776,2.0,0.35044199228286743,1301,646,85,73
497,59.266064961067855,1776,2.0,0.19812417030334473,1534,299,52,63
546,59.29943549314053,1777,2.0,0.5254489779472351,1333,486,52,40
548,59.29943549314053,1777,2.0,0.4690333902835846,1307,637,84,74
497,59.29943549314053,1777,2.0,0.1804129034280777,1534,297,49,63
546,59.3328060252132,1778,2.0,0.6825714707374573,1336,481,52,40
548,59.3328060252132,1778,2.0,0.38016098737716675,1312,629,79,72
497,59.3328060252132,1778,2.0,0.15948989987373352,1535,297,46,57
546,59.366176557285876,1779,2.0,0.5237177610397339,1340,477,52,41
548,59.366176557285876,1779,2.0,0.48570358753204346,1318,622,78,72
497,59.366176557285876,1779,2.0,0.2304479032754898,1536,297,46,57
546,59.39954708935855,1780,2.0,0.3708435297012329,1343,473,53,39
548,59.39954708935855,1780,2.0,0.3778851628303528,1323,614,77,72
497,59.39954708935855,1780,2.0,0.24811549484729767,1537,296,45,55
546,59.43291762143122,1781,2.0,0.32648172974586487,1346,468,53,39
548,59.43291762143122,1781,2.0,0.4248688817024231,1327,608,77,68
497,59.43291762143122,1781,2.0,0.2606288492679596,1537,296,43,51
546,59.466288153503896,1782,2.0,0.4411693215370178,1350,463,51,38
548,59.466288153503896,1782,2.0,0.44234007596969604,1330,600,75,67
497,59.466288153503896,1782,2.0,0.23951467871665955,1537,293,44,54
546,59.49965868557657,1783,2.0,0.5940837860107422,1355,458,49,38
548,59.49965868557657,1783,2.0,0.6402052044868469,1335,593,73,68
497,59.49965868557657,1783,2.0,0.2361057549715042,1538,289,45,61
564,59.49965868557657,1783,2.0,0.7464012503623962,1036,1026,152,103
546,59.533029217649236,1784,2.0,0.7430753707885742,1358,455,48,36
548,59.533029217649236,1784,2.0,0.5193799138069153,1339,585,73,66
497,59.533029217649236,1784,2.0,0.20923258364200592,1538,289,44,58
564,59.533029217649236,1784,2.0,0.7383509874343872,1050,1017,146,118
546,59.56639974972191,1785,2.0,0.6789500713348389,1361,451,47,34
548,59.56639974972191,1785,2.0,0.5394085645675659,1342,580,71,65
497,59.56639974972191,1785,2.0,0.11504876613616943,1540,289,43,55
564,59.56639974972191,1785,2.0,0.8028936386108398,1065,1004,142,128
546,59.599770281794584,1786,2.0,0.3785986006259918,1363,448,47,34
548,59.599770281794584,1786,2.0,0.5543152093887329,1344,575,65,65
497,59.599770281794584,1786,2.0,0.12023729830980301,1541,286,44,60
564,59.599770281794584,1786,2.0,0.8023408651351929,1079,987,139,130
546,59.63314081386726,1787,2.0,0.44053104519844055,1367,444,47,34
548,59.63314081386726,1787,2.0,0.4952782392501831,1351,568,68,64
497,59.63314081386726,1787,2.0,0.11381898820400238,1544,283,48,65
564,59.63314081386726,1787,2.0,0.7830618023872375,1093,966,137,127
546,59.66651134593993,1788,2.0,0.4663977324962616,1372,440,47,34
548,59.66651134593993,1788,2.0,0.5849921107292175,1357,561,68,62
564,59.66651134593993,1788,2.0,0.8025540709495544,1107,947,132,122
546,59.699881878012604,1789,2.0,0.5480808615684509,1376,436,44,35
548,59.699881878012604,1789,2.0,0.4264480173587799,1361,555,68,61
564,59.699881878012604,1789,2.0,0.6577866077423096,1118,930,127,119
546,59.73325241008528,1790,2.0,0.6621565222740173,1379,433,43,35
548,59.73325241008528,1790,2.0,0.5675839185714722,1365,550,66,61
564,59.73325241008528,1790,2.0,0.7033314108848572,1130,912,123,116
546,59.76662294215795,1791,2.0,0.7008374333381653,1382,430,44,33
548,59.76662294215795,1791,2.0,0.5176301598548889,1369,544,67,60
564,59.76662294215795,1791,2.0,0.7202698588371277,1142,895,119,111
546,59.799993474230625,1792,2.0,0.6145216226577759,1384,427,43,30
548,59.799993474230625,1792,2.0,0.48284393548965454,1373,538,67,61
564,59.799993474230625,1792,2.0,0.5679981708526611,1153,880,117,107
546,59.8333640063033,1793,2.0,0.5100611448287964,1387,424,45,30
548,59.8333640063033,1793,2.0,0.5753194093704224,1378,533,66,60
564,59.8333640063033,1793,2.0,0.6424940824508667,1163,865,114,103
546,59.86673453837597,1794,2.0,0.32961463928222656,1389,421,46,30
548,59.86673453837597,1794,2.0,0.6112458109855652,1380,530,64,59
564,59.86673453837597,1794,2.0,0.6574626564979553,1173,851,109,102
546,59.900105070448646,1795,2.0,0.3271287977695465,1392,417,45,31
548,59.900105070448646,1795,2.0,0.5916174650192261,1383,524,64,58
564,59.900105070448646,1795,2.0,0.6693198680877686,1182,835,113,99
546,59.93347560252132,1796,2.0,0.46597740054130554,1395,413,43,33
548,59.93347560252132,1796,2.0,0.6187376976013184,1386,519,62,56
564,59.93347560252132,1796,2.0,0.5624576807022095,1192,822,108,97
546,59.96684613459399,1797,2.0,0.6242756843566895,1398,411,40,34
548,59.96684613459399,1797,2.0,0.5794382691383362,1389,514,62,56
564,59.96684613459399,1797,2.0,0.6504191756248474,1199,809,106,93
