id,time,frame_num,class,conf,x,y,w,h
1,0.0,0,13.0,0.5187366604804993,1409,645,1018,587
2,0.0,0,2.0,0.5117640495300293,510,625,100,114
3,0.0,0,2.0,0.382989764213562,592,509,90,66
4,0.0,0,2.0,0.36618348956108093,297,253,55,42
1,0.033369604108154205,1,13.0,0.5187366604804993,1409,645,1018,587
2,0.033369604108154205,1,2.0,0.5117640495300293,510,625,100,114
3,0.033369604108154205,1,2.0,0.382989764213562,592,509,90,66
4,0.033369604108154205,1,2.0,0.36618348956108093,297,253,55,42
1,0.06673920821630841,2,13.0,0.4957595765590668,1409,645,1017,586
2,0.06673920821630841,2,2.0,0.5369906425476074,514,632,104,117
3,0.06673920821630841,2,2.0,0.4389575719833374,597,514,89,66
4,0.06673920821630841,2,2.0,0.36425772309303284,294,254,48,41
1,0.10010881232446261,3,13.0,0.46407845616340637,1410,645,1016,586
2,0.10010881232446261,3,2.0,0.5584850311279297,521,646,107,120
3,0.10010881232446261,3,2.0,0.5721006989479065,605,522,88,67
4,0.10010881232446261,3,2.0,0.4254324734210968,293,255,44,39
1,0.13347841643261682,4,13.0,0.478881299495697,1408,644,1019,586
2,0.13347841643261682,4,2.0,0.6235136389732361,529,657,106,123
3,0.13347841643261682,4,2.0,0.3890071511268616,614,531,95,69
4,0.13347841643261682,4,2.0,0.46035096049308777,295,256,42,37
1,0.16684802054077102,5,13.0,0.5047276616096497,1408,644,1019,587
2,0.16684802054077102,5,2.0,0.6852160096168518,537,669,110,124
3,0.16684802054077102,5,2.0,0.6105806827545166,624,540,97,70
4,0.16684802054077102,5,2.0,0.45122143626213074,296,257,43,35
1,0.20021762464892523,6,13.0,0.4688853919506073,1409,645,1017,586
2,0.20021762464892523,6,2.0,0.7461971640586853,544,683,114,127
3,0.20021762464892523,6,2.0,0.6019728779792786,631,549,96,71
4,0.20021762464892523,6,2.0,0.5198079347610474,298,260,44,36
1,0.23358722875707943,7,13.0,0.437824010848999,1408,645,1018,589
2,0.23358722875707943,7,2.0,0.6717446446418762,552,696,117,129
3,0.23358722875707943,7,2.0,0.48515182733535767,637,558,96,73
4,0.23358722875707943,7,2.0,0.5618187785148621,298,263,43,36
1,0.26695683286523364,8,13.0,0.4218090772628784,1408,644,1019,588
2,0.26695683286523364,8,2.0,0.7514740228652954,561,710,120,134
3,0.26695683286523364,8,2.0,0.5434163212776184,645,567,100,75
4,0.26695683286523364,8,2.0,0.538529634475708,299,265,43,35
1,0.30032643697338784,9,13.0,0.3645051419734955,1408,644,1020,590
2,0.30032643697338784,9,2.0,0.7236483097076416,569,726,122,140
3,0.30032643697338784,9,2.0,0.6738629341125488,655,577,107,79
4,0.30032643697338784,9,2.0,0.5524128675460815,299,267,42,35
1,0.33369604108154205,10,13.0,0.30779173970222473,1408,645,1018,589
2,0.33369604108154205,10,2.0,0.6179295182228088,578,741,126,144
3,0.33369604108154205,10,2.0,0.5459443926811218,665,587,109,80
4,0.33369604108154205,10,2.0,0.6271818280220032,301,268,44,36
1,0.36706564518969625,11,13.0,0.3146836459636688,1408,645,1019,588
2,0.36706564518969625,11,2.0,0.7522146701812744,587,757,127,148
3,0.36706564518969625,11,2.0,0.6120085120201111,671,598,108,82
4,0.36706564518969625,11,2.0,0.5742812156677246,303,271,44,36
1,0.40043524929785046,12,13.0,0.3443123400211334,1408,644,1019,588
2,0.40043524929785046,12,2.0,0.7243937849998474,597,774,130,154
3,0.40043524929785046,12,2.0,0.5632930397987366,679,609,108,84
4,0.40043524929785046,12,2.0,0.3912948668003082,303,272,42,36
1,0.43380485340600466,13,13.0,0.3715142011642456,1407,645,1021,591
2,0.43380485340600466,13,2.0,0.5433443784713745,607,792,136,160
3,0.43380485340600466,13,2.0,0.6447145342826843,690,621,112,85
4,0.43380485340600466,13,2.0,0.38828182220458984,304,274,42,36
1,0.46717445751415887,14,13.0,0.3760218918323517,1406,644,1022,594
2,0.46717445751415887,14,2.0,0.43418341875076294,618,810,142,166
3,0.46717445751415887,14,2.0,0.5683664679527283,699,632,114,89
4,0.46717445751415887,14,2.0,0.2809603214263916,304,276,39,36
1,0.500544061622313,15,13.0,0.36475545167922974,1407,643,1022,592
2,0.500544061622313,15,2.0,0.37112146615982056,630,830,145,171
3,0.500544061622313,15,2.0,0.595082700252533,711,645,119,90
1,0.5339136657304673,16,13.0,0.3297439515590668,1408,643,1020,590
2,0.5339136657304673,16,2.0,0.4867963492870331,641,850,150,176
3,0.5339136657304673,16,2.0,0.5297250151634216,719,658,121,93
1,0.5672832698386214,17,13.0,0.40600255131721497,1407,643,1022,590
2,0.5672832698386214,17,2.0,0.6213676929473877,654,869,155,181
3,0.5672832698386214,17,2.0,0.6291651725769043,731,670,122,98
4,0.5672832698386214,17,2.0,0.3914354741573334,311,281,47,38
1,0.6006528739467757,18,13.0,0.3397882580757141,1407,642,1021,589
2,0.6006528739467757,18,2.0,0.38650810718536377,666,898,160,201
3,0.6006528739467757,18,2.0,0.6599656939506531,743,685,125,102
4,0.6006528739467757,18,2.0,0.41500166058540344,314,285,51,43
1,0.6340224780549298,19,13.0,0.3211882710456848,1408,643,1020,590
2,0.6340224780549298,19,2.0,0.28191423416137695,678,919,163,203
3,0.6340224780549298,19,2.0,0.5646832585334778,754,699,126,106
4,0.6340224780549298,19,2.0,0.3273099958896637,318,288,56,44
1,0.6673920821630841,20,13.0,0.3764679431915283,1408,643,1019,591
2,0.6673920821630841,20,2.0,0.46914568543434143,692,941,173,206
3,0.6673920821630841,20,2.0,0.5960783958435059,768,714,135,110
4,0.6673920821630841,20,2.0,0.31155550479888916,320,291,61,44
1,0.7007616862712382,21,13.0,0.4164987802505493,1408,644,1019,592
2,0.7007616862712382,21,2.0,0.22519172728061676,703,965,172,210
3,0.7007616862712382,21,2.0,0.5567514300346375,781,729,135,115
4,0.7007616862712382,21,2.0,0.3647395372390747,322,293,63,44
1,0.7341312903793925,22,13.0,0.4255021810531616,1406,643,1022,593
2,0.7341312903793925,22,2.0,0.24208076298236847,727,981,193,196
3,0.7341312903793925,22,2.0,0.7165602445602417,795,746,137,121
4,0.7341312903793925,22,2.0,0.4064953923225403,322,295,60,46
1,0.7675008944875467,23,13.0,0.5209523439407349,1406,643,1023,591
3,0.7675008944875467,23,2.0,0.36289268732070923,809,763,143,124
4,0.7675008944875467,23,2.0,0.2966984212398529,323,296,57,47
1,0.8008704985957009,24,13.0,0.517470121383667,1406,643,1023,591
3,0.8008704985957009,24,2.0,0.523910403251648,827,782,149,129
4,0.8008704985957009,24,2.0,0.2739666998386383,325,298,57,46
1,0.8342401027038551,25,13.0,0.4819474220275879,1406,645,1022,593
3,0.8342401027038551,25,2.0,0.5537916421890259,844,801,155,135
4,0.8342401027038551,25,2.0,0.1956373006105423,324,301,54,45
1,0.8676097068120093,26,13.0,0.5098502039909363,1407,645,1020,593
3,0.8676097068120093,26,2.0,0.7445732355117798,861,821,159,139
4,0.8676097068120093,26,2.0,0.2945386469364166,325,304,51,42
1,0.9009793109201635,27,13.0,0.49339261651039124,1407,645,1020,593
3,0.9009793109201635,27,2.0,0.7987555861473083,879,842,164,143
4,0.9009793109201635,27,2.0,0.35282301902770996,327,306,54,45
1,0.9343489150283177,28,13.0,0.45720174908638,1406,645,1021,595
3,0.9343489150283177,28,2.0,0.6713874936103821,900,866,170,151
4,0.9343489150283177,28,2.0,0.5002322196960449,328,309,53,45
1,0.9677185191364719,29,13.0,0.47694891691207886,1404,647,1026,602
3,0.9677185191364719,29,2.0,0.6330820322036743,919,889,176,157
4,0.9677185191364719,29,2.0,0.4435999393463135,331,311,58,46
1,1.001088123244626,30,13.0,0.4856818616390228,1404,647,1026,601
3,1.001088123244626,30,2.0,0.7181410193443298,942,914,185,166
4,1.001088123244626,30,2.0,0.5244272947311401,333,314,57,46
1,1.0344577273527804,31,13.0,0.520477294921875,1405,646,1025,600
3,1.0344577273527804,31,2.0,0.7828992605209351,965,940,192,175
4,1.0344577273527804,31,2.0,0.5158161520957947,333,317,54,48
1,1.0678273314609346,32,13.0,0.5213555097579956,1405,645,1024,596
3,1.0678273314609346,32,2.0,0.7778229117393494,994,968,206,183
4,1.0678273314609346,32,2.0,0.6589515805244446,336,321,58,48
1,1.1011969355690887,33,13.0,0.5753331184387207,1405,645,1024,596
3,1.1011969355690887,33,2.0,0.7893074750900269,1019,989,211,177
4,1.1011969355690887,33,2.0,0.4844694137573242,336,323,54,48
1,1.1345665396772429,34,13.0,0.58259516954422,1406,646,1023,595
3,1.1345665396772429,34,2.0,0.7003229260444641,1046,1003,220,152
4,1.1345665396772429,34,2.0,0.4947492480278015,344,326,69,49
1,1.1679361437853972,35,13.0,0.5501219034194946,1406,646,1023,596
3,1.1679361437853972,35,2.0,0.11529882997274399,1066,1017,210,124
4,1.1679361437853972,35,2.0,0.6633532047271729,343,329,66,51
1,1.2013057478935514,36,13.0,0.5547734498977661,1407,652,1023,615
4,1.2013057478935514,36,2.0,0.50144362449646,348,332,74,54
1,1.2346753520017055,37,13.0,0.5640513896942139,1407,653,1023,618
4,1.2346753520017055,37,2.0,0.41889283061027527,349,335,73,55
1,1.2680449561098597,38,13.0,0.5474463701248169,1406,653,1024,616
4,1.2680449561098597,38,2.0,0.4816383123397827,349,337,70,56
1,1.301414560218014,39,13.0,0.5760007500648499,1406,652,1023,610
4,1.301414560218014,39,2.0,0.5096642374992371,349,340,64,54
1,1.3347841643261682,40,13.0,0.5753238201141357,1407,655,1023,621
4,1.3347841643261682,40,2.0,0.439455509185791,353,343,65,55
1,1.3681537684343223,41,13.0,0.6035065054893494,1407,656,1024,625
4,1.3681537684343223,41,2.0,0.3131423592567444,354,347,64,53
1,1.4015233725424765,42,13.0,0.5938515067100525,1406,654,1024,616
4,1.4015233725424765,42,2.0,0.43843695521354675,355,351,64,54
1,1.4348929766506309,43,13.0,0.593113124370575,1404,653,1027,611
4,1.4348929766506309,43,2.0,0.4976096451282501,358,354,65,55
1,1.468262580758785,44,13.0,0.5750856995582581,1404,653,1028,609
4,1.468262580758785,44,2.0,0.25002530217170715,361,358,69,56
1,1.5016321848669392,45,13.0,0.5840228199958801,1404,651,1027,605
4,1.5016321848669392,45,2.0,0.30312812328338623,361,362,66,57
1,1.5350017889750933,46,13.0,0.5921300649642944,1405,651,1025,601
4,1.5350017889750933,46,2.0,0.330013245344162,364,364,68,59
1,1.5683713930832477,47,13.0,0.6014838814735413,1405,652,1024,602
4,1.5683713930832477,47,2.0,0.2104427069425583,366,367,69,60
1,1.6017409971914018,48,13.0,0.5827227234840393,1405,651,1025,602
4,1.6017409971914018,48,2.0,0.33203092217445374,368,372,69,59
1,1.635110601299556,49,13.0,0.5862725973129272,1405,651,1025,601
4,1.635110601299556,49,2.0,0.59783536195755,371,377,70,60
1,1.6684802054077101,50,13.0,0.5957948565483093,1404,652,1027,604
4,1.6684802054077101,50,2.0,0.19091735780239105,375,381,74,62
1,1.7018498095158645,51,13.0,0.55218106508255,1403,652,1029,604
4,1.7018498095158645,51,2.0,0.4324829876422882,378,385,73,65
1,1.7352194136240187,52,13.0,0.5454406142234802,1403,652,1030,606
4,1.7352194136240187,52,2.0,0.4066568911075592,388,390,86,64
1,1.7685890177321728,53,13.0,0.5230216383934021,1402,652,1031,609
4,1.7685890177321728,53,2.0,0.22487325966358185,386,395,78,63
1,1.801958621840327,54,13.0,0.5113069415092468,1402,652,1032,610
4,1.801958621840327,54,2.0,0.4178573787212372,388,400,77,63
1,1.8353282259484813,55,13.0,0.5027625560760498,1402,653,1032,615
4,1.8353282259484813,55,2.0,0.5812527537345886,391,405,76,64
1,1.8686978300566355,56,13.0,0.4839365780353546,1401,654,1033,615
4,1.8686978300566355,56,2.0,0.5564287900924683,392,409,75,65
1,1.9020674341647896,57,13.0,0.4965265691280365,1403,652,1030,610
4,1.9020674341647896,57,2.0,0.5426599383354187,395,413,74,68
1,1.9354370382729438,58,13.0,0.49569565057754517,1404,652,1027,607
4,1.9354370382729438,58,2.0,0.5259342789649963,399,418,79,68
1,1.9688066423810981,59,13.0,0.44979146122932434,1403,651,1030,609
4,1.9688066423810981,59,2.0,0.3120470643043518,402,424,80,72
1,2.002176246489252,60,13.0,0.4968205392360687,1402,652,1032,607
4,2.002176246489252,60,2.0,0.44919678568840027,405,429,82,73
1,2.0355458505974067,61,13.0,0.46446552872657776,1402,653,1032,609
4,2.0355458505974067,61,2.0,0.4704923629760742,409,435,82,73
1,2.068915454705561,62,13.0,0.47231218218803406,1402,652,1031,605
4,2.068915454705561,62,2.0,0.40212133526802063,412,441,84,74
1,2.102285058813715,63,13.0,0.5005433559417725,1402,653,1031,608
4,2.102285058813715,63,2.0,0.3401392102241516,415,446,83,75
1,2.135654662921869,64,13.0,0.4640029966831207,1404,652,1027,607
4,2.135654662921869,64,2.0,0.4426400661468506,418,453,84,75
1,2.1690242670300233,65,13.0,0.4607180058956146,1404,650,1027,607
4,2.1690242670300233,65,2.0,0.23254121840000153,421,459,85,77
1,2.2023938711381774,66,13.0,0.4358028173446655,1405,649,1025,607
4,2.2023938711381774,66,2.0,0.6203911900520325,427,466,88,81
1,2.2357634752463316,67,13.0,0.38766247034072876,1406,649,1024,607
4,2.2357634752463316,67,2.0,0.37893614172935486,431,472,87,82
1,2.2691330793544857,68,13.0,0.3844779133796692,1407,649,1022,606
4,2.2691330793544857,68,2.0,0.5292579531669617,434,478,87,83
1,2.3025026834626403,69,13.0,0.38414880633354187,1407,650,1021,605
4,2.3025026834626403,69,2.0,0.46153342723846436,438,485,90,84
1,2.3358722875707945,70,13.0,0.41483819484710693,1408,649,1019,600
4,2.3358722875707945,70,2.0,0.5306740403175354,443,492,93,86
1,2.3692418916789486,71,13.0,0.4236244857311249,1410,648,1016,596
4,2.3692418916789486,71,2.0,0.5587417483329773,449,500,95,90
9,2.3692418916789486,71,2.0,0.5146199464797974,1879,556,78,33
1,2.4026114957871028,72,13.0,0.3426714241504669,1409,647,1017,597
4,2.4026114957871028,72,2.0,0.561345100402832,452,508,96,92
9,2.4026114957871028,72,2.0,0.41258886456489563,1875,556,81,33
1,2.435981099895257,73,13.0,0.4089747965335846,1408,646,1019,598
4,2.435981099895257,73,2.0,0.6116489171981812,457,515,99,98
9,2.435981099895257,73,2.0,0.22837892174720764,1868,557,76,30
1,2.469350704003411,74,13.0,0.37954726815223694,1407,646,1021,599
4,2.469350704003411,74,2.0,0.49148091673851013,462,521,102,100
9,2.469350704003411,74,2.0,0.1282806098461151,1862,557,69,24
1,2.502720308111565,75,13.0,0.37689343094825745,1407,646,1022,598
4,2.502720308111565,75,2.0,0.6118481755256653,467,532,102,99
1,2.5360899122197194,76,13.0,0.33897873759269714,1407,645,1022,597
4,2.5360899122197194,76,2.0,0.5153998136520386,471,540,106,103
1,2.569459516327874,77,13.0,0.34421467781066895,1407,646,1022,597
4,2.569459516327874,77,2.0,0.5598728656768799,477,550,108,105
1,2.602829120436028,78,13.0,0.37834087014198303,1407,646,1022,597
4,2.602829120436028,78,2.0,0.4818635880947113,483,560,109,106
1,2.6361987245441822,79,13.0,0.3329801559448242,1405,646,1025,599
4,2.6361987245441822,79,2.0,0.6896253228187561,488,570,109,108
1,2.6695683286523364,80,13.0,0.3843245804309845,1406,647,1023,598
4,2.6695683286523364,80,2.0,0.6667240262031555,494,580,109,112
1,2.7029379327604905,81,13.0,0.3690586984157562,1406,646,1023,596
4,2.7029379327604905,81,2.0,0.45960643887519836,500,592,113,115
1,2.7363075368686447,82,13.0,0.33451321721076965,1408,647,1020,593
4,2.7363075368686447,82,2.0,0.4142526090145111,508,604,119,117
1,2.769677140976799,83,13.0,0.35792797803878784,1408,648,1019,591
4,2.769677140976799,83,2.0,0.7528743147850037,516,616,120,121
1,2.803046745084953,84,13.0,0.36653679609298706,1409,648,1018,593
4,2.803046745084953,84,2.0,0.721510648727417,523,627,125,126
15,2.803046745084953,84,2.0,0.37886297702789307,1894,523,49,31
1,2.8364163491931076,85,13.0,0.3315759003162384,1410,648,1016,601
4,2.8364163491931076,85,2.0,0.5087793469429016,531,639,129,132
15,2.8364163491931076,85,2.0,0.6567855477333069,1892,521,54,33
1,2.8697859533012617,86,13.0,0.32582539319992065,1411,650,1015,606
4,2.8697859533012617,86,2.0,0.5882002115249634,538,648,132,140
15,2.8697859533012617,86,2.0,0.7084728479385376,1889,522,58,37
1,2.903155557409416,87,13.0,0.32685720920562744,1410,649,1016,609
4,2.903155557409416,87,2.0,0.7318262457847595,547,661,136,148
15,2.903155557409416,87,2.0,0.657682478427887,1887,524,62,35
1,2.93652516151757,88,13.0,0.2955092787742615,1408,645,1020,599
4,2.93652516151757,88,2.0,0.6386792659759521,554,679,139,147
15,2.93652516151757,88,2.0,0.5586569309234619,1884,525,69,37
1,2.969894765625724,89,13.0,0.29171302914619446,1407,643,1022,595
4,2.969894765625724,89,2.0,0.5166431069374084,563,696,143,151
15,2.969894765625724,89,2.0,0.4395448565483093,1881,525,75,39
1,3.0032643697338783,90,13.0,0.29475370049476624,1407,644,1020,594
4,3.0032643697338783,90,2.0,0.4313032329082489,572,713,145,153
15,3.0032643697338783,90,2.0,0.5837160348892212,1878,525,80,41
1,3.0366339738420325,91,13.0,0.3420991599559784,1407,645,1021,592
4,3.0366339738420325,91,2.0,0.4780072271823883,582,728,151,158
15,3.0366339738420325,91,2.0,0.58304363489151,1876,525,85,42
1,3.0700035779501866,92,13.0,0.3257922828197479,1407,645,1021,591
4,3.0700035779501866,92,2.0,0.6689894795417786,591,747,154,164
15,3.0700035779501866,92,2.0,0.47636011242866516,1873,525,90,45
1,3.1033731820583412,93,13.0,0.36745381355285645,1407,645,1021,592
4,3.1033731820583412,93,2.0,0.48548275232315063,604,765,161,172
15,3.1033731820583412,93,2.0,0.49248042702674866,1871,525,95,46
1,3.1367427861664954,94,13.0,0.4370651841163635,1407,646,1021,593
4,3.1367427861664954,94,2.0,0.5244529247283936,615,785,164,181
15,3.1367427861664954,94,2.0,0.47130951285362244,1868,528,102,43
22,3.1367427861664954,94,7.0,0.4565216898918152,615,785,165,179
1,3.1701123902746495,95,13.0,0.45488592982292175,1406,645,1022,593
4,3.1701123902746495,95,7.0,0.5761081576347351,626,805,171,186
15,3.1701123902746495,95,2.0,0.5111835598945618,1865,527,107,45
1,3.2034819943828037,96,13.0,0.45990610122680664,1406,644,1023,596
4,3.2034819943828037,96,7.0,0.3876403272151947,638,824,175,196
15,3.2034819943828037,96,2.0,0.546723484992981,1862,529,108,48
1,3.236851598490958,97,13.0,0.45384329557418823,1405,644,1024,597
4,3.236851598490958,97,2.0,0.4793998599052429,652,848,184,204
15,3.236851598490958,97,2.0,0.5114797353744507,1858,530,108,48
1,3.270221202599112,98,13.0,0.473877876996994,1405,646,1025,602
4,3.270221202599112,98,2.0,0.523221492767334,666,872,190,214
15,3.270221202599112,98,2.0,0.4379368722438812,1854,531,108,49
1,3.303590806707266,99,13.0,0.49674180150032043,1404,646,1027,607
4,3.303590806707266,99,2.0,0.36152172088623047,681,900,198,232
15,3.303590806707266,99,2.0,0.24768893420696259,1851,532,109,47
1,3.3369604108154203,100,13.0,0.4973878860473633,1404,649,1027,621
4,3.3369604108154203,100,2.0,0.5241094827651978,694,926,199,235
15,3.3369604108154203,100,2.0,0.36931708455085754,1847,532,110,46
1,3.3703300149235744,101,13.0,0.4505312442779541,1404,650,1027,625
4,3.3703300149235744,101,7.0,0.4097786247730255,738,949,264,245
15,3.3703300149235744,101,2.0,0.286421000957489,1842,532,112,45
1,3.403699619031729,102,13.0,0.4266369938850403,1405,650,1027,627
4,3.403699619031729,102,7.0,0.2362523376941681,744,966,253,227
15,3.403699619031729,102,2.0,0.12598742544651031,1839,532,111,43
1,3.437069223139883,103,13.0,0.5018115043640137,1403,651,1029,638
15,3.437069223139883,103,2.0,0.11320529133081436,1839,533,99,40
1,3.4704388272480373,104,13.0,0.48513612151145935,1403,649,1031,646
1,3.5038084313561915,105,13.0,0.499099463224411,1399,648,1038,653
1,3.5371780354643456,106,13.0,0.5383490324020386,1399,653,1038,655
1,3.5705476395724998,107,13.0,0.520888090133667,1399,654,1038,658
1,3.603917243680654,108,13.0,0.5270310044288635,1400,661,1036,667
1,3.637286847788808,109,13.0,0.5795416831970215,1400,665,1037,671
1,3.6706564518969627,110,13.0,0.5921839475631714,1401,668,1035,665
1,3.704026056005117,111,13.0,0.5961020588874817,1400,671,1037,668
28,3.704026056005117,111,2.0,0.35410624742507935,302,212,32,28
1,3.737395660113271,112,13.0,0.59373539686203,1402,673,1034,665
28,3.737395660113271,112,2.0,0.3096669614315033,302,213,32,27
1,3.770765264221425,113,13.0,0.5742038488388062,1403,671,1032,655
28,3.770765264221425,113,2.0,0.31331777572631836,303,212,33,28
1,3.8041348683295793,114,13.0,0.6026267409324646,1404,673,1031,650
28,3.8041348683295793,114,2.0,0.33647966384887695,304,212,33,28
1,3.8375044724377334,115,13.0,0.5915951132774353,1403,673,1031,653
28,3.8375044724377334,115,2.0,0.40965017676353455,304,212,33,29
1,3.8708740765458876,116,13.0,0.569726824760437,1404,671,1030,649
28,3.8708740765458876,116,2.0,0.2573208510875702,306,213,31,27
1,3.9042436806540417,117,13.0,0.5834930539131165,1404,669,1029,644
28,3.9042436806540417,117,2.0,0.31619518995285034,307,214,34,27
1,3.9376132847621963,118,13.0,0.5641514658927917,1404,667,1031,640
28,3.9376132847621963,118,2.0,0.31945425271987915,308,216,36,26
1,3.9709828888703504,119,13.0,0.5746269822120667,1404,667,1031,640
28,3.9709828888703504,119,2.0,0.3436393737792969,311,217,36,27
1,4.004352492978504,120,13.0,0.5720344185829163,1404,669,1031,642
28,4.004352492978504,120,2.0,0.404349148273468,314,219,37,27
1,4.037722097086658,121,13.0,0.5505459904670715,1402,669,1034,650
28,4.037722097086658,121,2.0,0.44448378682136536,315,220,37,27
1,4.071091701194813,122,13.0,0.5247057676315308,1403,670,1033,649
28,4.071091701194813,122,2.0,0.4265914559364319,316,220,37,28
1,4.1044613053029675,123,13.0,0.6173968315124512,1403,668,1032,641
28,4.1044613053029675,123,2.0,0.39641106128692627,318,221,40,30
1,4.137830909411122,124,13.0,0.6104438900947571,1404,666,1031,637
28,4.137830909411122,124,2.0,0.45385444164276123,319,222,39,30
1,4.171200513519276,125,13.0,0.582410991191864,1404,665,1030,632
28,4.171200513519276,125,2.0,0.34794509410858154,320,223,39,31
1,4.20457011762743,126,13.0,0.4734465777873993,1403,665,1030,629
28,4.20457011762743,126,2.0,0.3137543797492981,321,224,39,33
1,4.237939721735584,127,13.0,0.4486694633960724,1404,664,1028,622
28,4.237939721735584,127,2.0,0.20098815858364105,322,225,37,33
38,4.237939721735584,127,2.0,0.5698461532592773,1884,522,68,32
1,4.271309325843738,128,13.0,0.44855931401252747,1405,662,1028,622
28,4.271309325843738,128,2.0,0.21190233528614044,323,226,39,35
38,4.271309325843738,128,2.0,0.4936150014400482,1881,522,74,36
1,4.304678929951892,129,13.0,0.45118576288223267,1404,659,1029,621
28,4.304678929951892,129,2.0,0.13439680635929108,324,229,37,34
38,4.304678929951892,129,2.0,0.34662118554115295,1878,522,81,40
1,4.3380485340600465,130,13.0,0.3963112533092499,1405,662,1026,631
28,4.3380485340600465,130,2.0,0.1606612205505371,325,231,37,33
38,4.3380485340600465,130,2.0,0.40678325295448303,1875,523,84,37
1,4.371418138168201,131,13.0,0.3078662157058716,1405,660,1025,631
28,4.371418138168201,131,2.0,0.2322801947593689,326,232,37,32
38,4.371418138168201,131,2.0,0.4290286600589752,1870,524,86,36
1,4.404787742276355,132,13.0,0.3458403944969177,1407,661,1022,632
28,4.404787742276355,132,2.0,0.193696528673172,327,232,35,32
38,4.404787742276355,132,2.0,0.502149760723114,1868,524,96,42
39,4.404787742276355,132,2.0,0.3795515298843384,1263,699,139,73
1,4.438157346384509,133,13.0,0.24583800137043,1406,655,1023,617
28,4.438157346384509,133,2.0,0.3197363018989563,328,234,35,32
38,4.438157346384509,133,2.0,0.42992132902145386,1865,524,104,44
39,4.438157346384509,133,2.0,0.6811972260475159,1257,700,149,78
1,4.471526950492663,134,13.0,0.13683182001113892,1411,658,1012,623
28,4.471526950492663,134,2.0,0.3365614414215088,330,235,34,30
38,4.471526950492663,134,2.0,0.6049856543540955,1862,526,109,44
39,4.471526950492663,134,2.0,0.7582147121429443,1251,702,163,81
1,4.504896554600817,135,13.0,0.17691045999526978,1408,654,1018,616
28,4.504896554600817,135,2.0,0.33310964703559875,332,236,35,29
38,4.504896554600817,135,2.0,0.6149900555610657,1858,527,111,45
39,4.504896554600817,135,2.0,0.7801375389099121,1242,706,171,81
1,4.538266158708971,136,13.0,0.16832558810710907,1411,662,1013,632
28,4.538266158708971,136,2.0,0.38488122820854187,332,236,36,30
38,4.538266158708971,136,2.0,0.6386951208114624,1853,528,116,44
39,4.538266158708971,136,2.0,0.795455813407898,1232,708,181,80
1,4.571635762817126,137,13.0,0.1273241937160492,1412,663,1011,639
28,4.571635762817126,137,2.0,0.3223951458930969,333,237,35,30
38,4.571635762817126,137,2.0,0.5386654138565063,1847,529,117,44
39,4.571635762817126,137,2.0,0.8516530394554138,1221,710,184,82
1,4.605005366925281,138,13.0,0.23155245184898376,1412,663,1010,641
28,4.605005366925281,138,2.0,0.3058667778968811,335,238,37,30
38,4.605005366925281,138,2.0,0.5618666410446167,1842,529,115,42
39,4.605005366925281,138,2.0,0.8274052739143372,1205,713,184,80
1,4.638374971033435,139,13.0,0.30320990085601807,1409,657,1016,626
28,4.638374971033435,139,2.0,0.31972551345825195,338,239,37,30
38,4.638374971033435,139,2.0,0.2895948886871338,1837,530,116,41
39,4.638374971033435,139,2.0,0.8499158024787903,1188,716,178,77
1,4.671744575141589,140,13.0,0.3698021471500397,1408,657,1017,625
28,4.671744575141589,140,2.0,0.24499043822288513,340,240,39,32
38,4.671744575141589,140,2.0,0.21933767199516296,1834,529,108,41
39,4.671744575141589,140,2.0,0.7569228410720825,1170,720,174,77
1,4.705114179249743,141,13.0,0.4395748972892761,1409,662,1017,635
28,4.705114179249743,141,2.0,0.25898247957229614,342,241,38,31
38,4.705114179249743,141,2.0,0.2661951780319214,1832,530,101,40
39,4.705114179249743,141,2.0,0.7461410164833069,1151,723,164,78
1,4.738483783357897,142,13.0,0.5493747591972351,1410,664,1016,644
28,4.738483783357897,142,2.0,0.33445507287979126,343,243,39,31
38,4.738483783357897,142,2.0,0.1327509880065918,1828,530,94,38
39,4.738483783357897,142,2.0,0.8213832378387451,1137,726,160,80
1,4.771853387466051,143,13.0,0.567021369934082,1410,662,1016,645
28,4.771853387466051,143,2.0,0.3966817259788513,346,246,40,30
38,4.771853387466051,143,2.0,0.1413687914609909,1822,531,95,37
39,4.771853387466051,143,2.0,0.7908709049224854,1121,729,158,81
41,4.771853387466051,143,2.0,0.6076261401176453,1905,556,26,36
1,4.8052229915742055,144,13.0,0.592757523059845,1410,664,1016,658
28,4.8052229915742055,144,2.0,0.3547172248363495,347,247,40,29
39,4.8052229915742055,144,2.0,0.8056249618530273,1110,733,164,82
41,4.8052229915742055,144,2.0,0.6511662006378174,1903,557,30,37
1,4.83859259568236,145,13.0,0.5499624013900757,1409,666,1018,666
28,4.83859259568236,145,2.0,0.24320298433303833,349,249,40,27
39,4.83859259568236,145,2.0,0.48588672280311584,1093,736,161,82
41,4.83859259568236,145,2.0,0.5515176057815552,1901,557,35,38
1,4.871962199790514,146,13.0,0.5338234901428223,1409,666,1018,671
28,4.871962199790514,146,2.0,0.15464335680007935,349,250,40,28
39,4.871962199790514,146,2.0,0.36955592036247253,1084,737,157,81
41,4.871962199790514,146,2.0,0.41689446568489075,1898,557,41,41
1,4.905331803898668,147,13.0,0.5721383094787598,1407,665,1022,675
39,4.905331803898668,147,2.0,0.3785257041454315,1074,739,139,76
41,4.905331803898668,147,2.0,0.5192844271659851,1895,558,47,45
1,4.938701408006822,148,13.0,0.595662534236908,1404,664,1028,678
1,4.972071012114976,149,13.0,0.5643993020057678,1402,664,1032,679
1,5.00544061622313,150,13.0,0.5371137261390686,1403,666,1031,677
28,5.00544061622313,150,2.0,0.2918546199798584,354,256,37,30
1,5.038810220331285,151,13.0,0.5467485785484314,1403,667,1031,674
28,5.038810220331285,151,2.0,0.19124874472618103,357,257,38,30
1,5.072179824439439,152,13.0,0.5389931201934814,1401,666,1034,675
28,5.072179824439439,152,2.0,0.351410835981369,358,258,39,29
1,5.105549428547593,153,13.0,0.5432835817337036,1401,664,1036,672
28,5.105549428547593,153,2.0,0.22587020695209503,361,259,38,30
1,5.138919032655748,154,13.0,0.5268990993499756,1399,658,1039,678
28,5.138919032655748,154,2.0,0.21796920895576477,362,260,38,31
1,5.172288636763902,155,13.0,0.5066924691200256,1399,656,1039,687
28,5.172288636763902,155,2.0,0.29706689715385437,363,261,37,32
1,5.205658240872056,156,13.0,0.484394371509552,1398,650,1041,697
28,5.205658240872056,156,2.0,0.2246823012828827,364,263,39,34
1,5.23902784498021,157,13.0,0.5185518860816956,1398,656,1041,691
28,5.23902784498021,157,2.0,0.18611890077590942,367,265,40,37
1,5.2723974490883645,158,13.0,0.4669056534767151,1399,655,1039,698
28,5.2723974490883645,158,2.0,0.1788078248500824,369,267,42,36
1,5.305767053196519,159,13.0,0.4579961597919464,1399,652,1038,700
28,5.305767053196519,159,2.0,0.19554503262043,371,269,43,36
1,5.339136657304673,160,13.0,0.5200487971305847,1400,658,1036,688
28,5.339136657304673,160,2.0,0.12037013471126556,372,271,43,36
1,5.372506261412827,161,13.0,0.48378485441207886,1400,655,1036,689
1,5.405875865520981,162,13.0,0.4688533544540405,1400,655,1036,694
1,5.439245469629135,163,13.0,0.49873778223991394,1401,658,1035,690
1,5.472615073737289,164,13.0,0.4949113726615906,1400,657,1037,695
1,5.5059846778454435,165,13.0,0.47501811385154724,1399,656,1038,696
1,5.539354281953598,166,13.0,0.4744378626346588,1399,657,1039,689
1,5.572723886061752,167,13.0,0.47714728116989136,1398,652,1041,699
1,5.606093490169906,168,13.0,0.529746413230896,1397,651,1042,703
28,5.606093490169906,168,2.0,0.3305695354938507,388,288,43,39
1,5.63946309427806,169,13.0,0.46693533658981323,1398,649,1039,705
28,5.63946309427806,169,2.0,0.34977954626083374,391,290,45,38
1,5.672832698386215,170,13.0,0.5047367811203003,1401,656,1034,691
28,5.672832698386215,170,2.0,0.2893020808696747,394,292,46,39
1,5.706202302494369,171,13.0,0.5165271162986755,1402,658,1032,688
28,5.706202302494369,171,2.0,0.2221650630235672,395,294,46,39
1,5.7395719066025235,172,13.0,0.5086232423782349,1403,661,1030,688
28,5.7395719066025235,172,2.0,0.19822843372821808,396,295,46,39
1,5.772941510710678,173,13.0,0.5084006190299988,1402,661,1031,686
28,5.772941510710678,173,2.0,0.11899831146001816,397,298,46,39
1,5.806311114818832,174,13.0,0.4744585156440735,1403,659,1030,685
28,5.806311114818832,174,2.0,0.16895708441734314,400,300,45,41
1,5.839680718926986,175,13.0,0.4921211302280426,1404,662,1029,679
28,5.839680718926986,175,2.0,0.14638657867908478,404,304,46,39
1,5.87305032303514,176,13.0,0.4939497411251068,1403,660,1031,683
28,5.87305032303514,176,2.0,0.10980790853500366,407,306,45,37
1,5.906419927143294,177,13.0,0.5434536933898926,1406,665,1023,668
28,5.906419927143294,177,2.0,0.17661680281162262,409,309,46,38
1,5.939789531251448,178,13.0,0.54952472448349,1408,670,1021,666
28,5.939789531251448,178,2.0,0.15972335636615753,411,313,48,39
1,5.9731591353596025,179,13.0,0.5819141268730164,1407,670,1023,663
28,5.9731591353596025,179,2.0,0.24575453996658325,414,315,48,41
1,6.006528739467757,180,13.0,0.5734272003173828,1405,670,1026,663
28,6.006528739467757,180,2.0,0.19540704786777496,417,318,50,42
55,6.006528739467757,180,2.0,0.3695010542869568,351,245,43,31
1,6.039898343575911,181,13.0,0.43515899777412415,1401,664,1035,655
55,6.039898343575911,181,2.0,0.19767214357852936,352,247,40,29
1,6.073267947684065,182,13.0,0.39416930079460144,1398,660,1040,641
55,6.073267947684065,182,2.0,0.14526306092739105,354,248,39,28
1,6.106637551792219,183,13.0,0.40403956174850464,1397,657,1041,633
1,6.140007155900373,184,13.0,0.4002964198589325,1399,658,1038,638
1,6.173376760008527,185,13.0,0.40065374970436096,1401,654,1034,633
1,6.2067463641166825,186,13.0,0.2937818765640259,1403,652,1029,625
57,6.2067463641166825,186,2.0,0.6862353086471558,1195,662,155,71
1,6.240115968224837,187,13.0,0.3741261065006256,1401,647,1034,612
57,6.240115968224837,187,2.0,0.48523759841918945,1184,661,158,75
55,6.240115968224837,187,2.0,0.48226267099380493,361,257,38,28
1,6.273485572332991,188,13.0,0.40226563811302185,1400,646,1034,604
57,6.273485572332991,188,2.0,0.33626678586006165,1173,662,162,75
55,6.273485572332991,188,2.0,0.47321194410324097,362,259,41,28
28,6.273485572332991,188,2.0,0.37910449504852295,438,340,55,45
1,6.306855176441145,189,13.0,0.39462873339653015,1401,643,1033,599
57,6.306855176441145,189,2.0,0.2939029633998871,1163,668,165,68
55,6.306855176441145,189,2.0,0.45588740706443787,363,259,37,29
59,6.306855176441145,189,2.0,0.5893362760543823,259,910,135,103
28,6.306855176441145,189,2.0,0.5973576307296753,442,344,55,46
1,6.340224780549299,190,13.0,0.45672446489334106,1402,642,1032,600
55,6.340224780549299,190,2.0,0.5108768343925476,364,260,38,30
59,6.340224780549299,190,2.0,0.5626428723335266,249,914,156,111
28,6.340224780549299,190,2.0,0.3820860683917999,444,346,55,46
1,6.373594384657453,191,13.0,0.4193529784679413,1402,642,1031,603
55,6.373594384657453,191,2.0,0.435601145029068,365,261,37,31
59,6.373594384657453,191,2.0,0.791226863861084,238,916,176,115
28,6.373594384657453,191,2.0,0.5418940186500549,448,348,57,47
57,6.373594384657453,191,2.0,0.26226314902305603,1138,675,161,62
1,6.406963988765607,192,13.0,0.3928981125354767,1404,642,1028,603
55,6.406963988765607,192,2.0,0.6156566739082336,367,262,37,31
59,6.406963988765607,192,2.0,0.7575684785842896,225,921,204,113
28,6.406963988765607,192,2.0,0.5397765040397644,451,350,59,50
61,6.406963988765607,192,2.0,0.3500578701496124,299,209,33,22
57,6.406963988765607,192,2.0,0.35907983779907227,1125,677,155,63
1,6.4403335928737615,193,13.0,0.31911370158195496,1404,642,1026,603
55,6.4403335928737615,193,2.0,0.45694711804389954,369,265,40,33
59,6.4403335928737615,193,2.0,0.5668705701828003,210,942,229,146
28,6.4403335928737615,193,2.0,0.4531857669353485,455,355,59,51
61,6.4403335928737615,193,2.0,0.27389273047447205,300,209,35,21
57,6.4403335928737615,193,2.0,0.3650732636451721,1113,679,157,66
1,6.473703196981916,194,13.0,0.4688282012939453,1406,646,1024,597
55,6.473703196981916,194,2.0,0.36955657601356506,371,267,41,35
59,6.473703196981916,194,2.0,0.40339699387550354,186,948,234,149
28,6.473703196981916,194,2.0,0.3515971302986145,458,360,59,51
61,6.473703196981916,194,2.0,0.24350377917289734,301,210,32,22
57,6.473703196981916,194,2.0,0.4318754971027374,1103,683,159,70
1,6.50707280109007,195,13.0,0.5404404997825623,1406,650,1024,602
55,6.50707280109007,195,2.0,0.4159577488899231,372,269,44,35
28,6.50707280109007,195,2.0,0.43709173798561096,461,364,57,48
61,6.50707280109007,195,2.0,0.28032538294792175,301,211,32,21
1,6.540442405198224,196,13.0,0.5508603453636169,1405,649,1025,604
55,6.540442405198224,196,2.0,0.10063569247722626,374,270,43,35
28,6.540442405198224,196,2.0,0.3946770429611206,464,368,60,49
61,6.540442405198224,196,2.0,0.16218192875385284,303,211,30,20
1,6.573812009306378,197,13.0,0.5878784656524658,1404,651,1027,609
55,6.573812009306378,197,2.0,0.1880296766757965,378,273,44,37
28,6.573812009306378,197,2.0,0.34421542286872864,468,371,62,50
61,6.573812009306378,197,2.0,0.11550746858119965,305,212,29,19
65,6.573812009306378,197,2.0,0.40002837777137756,112,946,218,112
1,6.607181613414532,198,13.0,0.5543985962867737,1404,653,1029,615
55,6.607181613414532,198,2.0,0.17717112600803375,379,275,44,37
28,6.607181613414532,198,2.0,0.1914050132036209,471,375,63,53
61,6.607181613414532,198,2.0,0.11002585291862488,306,213,30,20
1,6.640551217522686,199,13.0,0.575108528137207,1403,655,1029,619
55,6.640551217522686,199,2.0,0.3011400103569031,383,277,42,35
28,6.640551217522686,199,2.0,0.32353368401527405,476,379,63,56
61,6.640551217522686,199,2.0,0.16071665287017822,308,213,30,21
1,6.6739208216308405,200,13.0,0.5632367134094238,1403,656,1030,621
55,6.6739208216308405,200,2.0,0.4804939329624176,385,280,43,33
28,6.6739208216308405,200,2.0,0.3346700966358185,479,383,64,59
61,6.6739208216308405,200,2.0,0.1365072876214981,309,214,29,21
1,6.707290425738995,201,13.0,0.540576159954071,1402,658,1032,625
55,6.707290425738995,201,2.0,0.5315993428230286,386,282,42,31
28,6.707290425738995,201,2.0,0.6531534790992737,483,388,65,58
61,6.707290425738995,201,2.0,0.11851096153259277,311,215,30,21
1,6.740660029847149,202,13.0,0.5505545139312744,1402,660,1032,630
55,6.740660029847149,202,2.0,0.42758649587631226,387,283,39,31
28,6.740660029847149,202,2.0,0.7135384678840637,488,392,66,56
61,6.740660029847149,202,2.0,0.18566296994686127,313,217,32,20
67,6.740660029847149,202,2.0,0.5470494031906128,1897,547,43,56
1,6.774029633955304,203,13.0,0.5416020750999451,1401,657,1033,624
55,6.774029633955304,203,2.0,0.5531875491142273,389,284,39,33
28,6.774029633955304,203,2.0,0.7738365530967712,491,397,69,59
61,6.774029633955304,203,2.0,0.2725973427295685,315,217,32,20
67,6.774029633955304,203,2.0,0.496343195438385,1895,549,46,52
1,6.807399238063458,204,13.0,0.5539469718933105,1401,659,1033,626
55,6.807399238063458,204,2.0,0.5008654594421387,391,287,40,34
28,6.807399238063458,204,2.0,0.8103802800178528,495,401,71,60
61,6.807399238063458,204,2.0,0.35008910298347473,316,218,33,23
1,6.840768842171612,205,13.0,0.5349057912826538,1401,659,1034,628
55,6.840768842171612,205,2.0,0.5671595335006714,394,289,43,36
28,6.840768842171612,205,2.0,0.8124794363975525,500,404,70,62
61,6.840768842171612,205,2.0,0.30053725838661194,316,220,34,22
1,6.874138446279766,206,13.0,0.5305709838867188,1401,657,1035,652
55,6.874138446279766,206,2.0,0.5837213397026062,397,291,44,37
28,6.874138446279766,206,2.0,0.6802794933319092,504,408,72,65
61,6.874138446279766,206,2.0,0.29466667771339417,317,221,34,24
1,6.9075080503879205,207,13.0,0.5341927409172058,1400,659,1038,673
55,6.9075080503879205,207,2.0,0.6035138368606567,399,293,45,38
28,6.9075080503879205,207,2.0,0.6127569079399109,508,413,74,63
61,6.9075080503879205,207,2.0,0.302420437335968,318,222,35,24
1,6.940877654496075,208,13.0,0.5235264301300049,1400,657,1038,670
55,6.940877654496075,208,2.0,0.4197331964969635,400,295,46,37
28,6.940877654496075,208,2.0,0.6981218457221985,514,420,73,63
61,6.940877654496075,208,2.0,0.12009403854608536,319,223,36,24
1,6.974247258604229,209,13.0,0.5023798942565918,1401,658,1035,670
55,6.974247258604229,209,2.0,0.3710057735443115,404,299,46,39
28,6.974247258604229,209,2.0,0.7125614285469055,520,425,75,63
72,6.974247258604229,209,2.0,0.47420763969421387,1881,537,74,67
1,7.007616862712383,210,13.0,0.5847288370132446,1401,653,1035,665
55,7.007616862712383,210,2.0,0.38227230310440063,408,302,46,38
28,7.007616862712383,210,2.0,0.5268301367759705,524,430,76,67
1,7.040986466820537,211,13.0,0.5861138701438904,1403,658,1032,658
55,7.040986466820537,211,2.0,0.2563006579875946,410,304,45,35
28,7.040986466820537,211,2.0,0.34874412417411804,530,433,80,70
72,7.040986466820537,211,2.0,0.44279909133911133,1878,536,81,72
1,7.074356070928691,212,13.0,0.567755937576294,1404,655,1029,636
55,7.074356070928691,212,2.0,0.2533297538757324,412,307,42,33
28,7.074356070928691,212,2.0,0.555495023727417,534,441,81,70
72,7.074356070928691,212,2.0,0.23574267327785492,1877,538,84,69
1,7.107725675036845,213,13.0,0.5706743597984314,1405,653,1026,623
55,7.107725675036845,213,2.0,0.34641021490097046,414,309,43,35
28,7.107725675036845,213,2.0,0.7051350474357605,539,447,83,68
72,7.107725675036845,213,2.0,0.5396258234977722,1875,536,87,74
1,7.1410952791449995,214,13.0,0.5145568251609802,1407,651,1023,613
55,7.1410952791449995,214,2.0,0.4959042966365814,417,312,45,36
28,7.1410952791449995,214,2.0,0.7706212997436523,544,453,82,69
72,7.1410952791449995,214,2.0,0.6748273372650146,1873,534,91,78
1,7.174464883253154,215,13.0,0.4745900630950928,1407,653,1022,615
55,7.174464883253154,215,2.0,0.37541258335113525,419,313,46,38
28,7.174464883253154,215,2.0,0.6575502753257751,550,458,83,72
72,7.174464883253154,215,2.0,0.5801455974578857,1870,531,96,84
1,7.207834487361308,216,13.0,0.4755016565322876,1407,654,1022,618
55,7.207834487361308,216,2.0,0.38625937700271606,422,317,46,40
28,7.207834487361308,216,2.0,0.6865826845169067,556,464,85,76
72,7.207834487361308,216,2.0,0.6676658987998962,1868,530,101,85
1,7.241204091469462,217,13.0,0.5282068848609924,1406,653,1024,621
55,7.241204091469462,217,2.0,0.305687814950943,424,319,46,42
28,7.241204091469462,217,2.0,0.6745855808258057,561,471,85,74
72,7.241204091469462,217,2.0,0.6383076906204224,1865,530,106,84
1,7.274573695577616,218,13.0,0.4887642562389374,1405,659,1025,629
55,7.274573695577616,218,2.0,0.3906249701976776,429,322,48,44
28,7.274573695577616,218,2.0,0.6084370613098145,567,477,90,76
72,7.274573695577616,218,2.0,0.6014959216117859,1864,530,109,85
1,7.307943299685771,219,13.0,0.41947653889656067,1405,659,1026,626
55,7.307943299685771,219,2.0,0.4358060657978058,432,324,49,45
28,7.307943299685771,219,2.0,0.6155576109886169,574,485,91,80
72,7.307943299685771,219,2.0,0.5479497909545898,1861,529,111,82
76,7.307943299685771,219,2.0,0.5872715711593628,1225,647,160,66
1,7.341312903793925,220,13.0,0.26274555921554565,1407,658,1022,622
55,7.341312903793925,220,2.0,0.4409417510032654,434,328,50,45
28,7.341312903793925,220,2.0,0.6929563283920288,578,490,87,83
72,7.341312903793925,220,2.0,0.6586900949478149,1855,527,112,78
76,7.341312903793925,220,2.0,0.661363959312439,1216,650,167,65
1,7.3746825079020795,221,13.0,0.39364415407180786,1407,657,1022,621
55,7.3746825079020795,221,2.0,0.6054154634475708,437,332,50,44
28,7.3746825079020795,221,2.0,0.6620094776153564,587,499,93,81
72,7.3746825079020795,221,2.0,0.5962278842926025,1850,527,113,74
76,7.3746825079020795,221,2.0,0.6106729507446289,1193,650,144,66
1,7.408052112010234,222,13.0,0.27403518557548523,1406,656,1023,615
55,7.408052112010234,222,2.0,0.5171772837638855,440,335,52,44
28,7.408052112010234,222,2.0,0.6089977025985718,593,507,95,85
72,7.408052112010234,222,2.0,0.6773579120635986,1844,527,110,71
76,7.408052112010234,222,2.0,0.7420703172683716,1184,651,147,70
1,7.441421716118388,223,13.0,0.2415427565574646,1404,651,1026,604
55,7.441421716118388,223,2.0,0.6094036102294922,444,339,54,44
28,7.441421716118388,223,2.0,0.5206345915794373,599,513,93,89
72,7.441421716118388,223,2.0,0.5350087285041809,1840,526,109,67
76,7.441421716118388,223,2.0,0.6419085264205933,1177,653,153,71
61,7.441421716118388,223,2.0,0.30262893438339233,338,239,34,21
1,7.474791320226542,224,13.0,0.18387867510318756,1404,649,1026,597
55,7.474791320226542,224,2.0,0.5141294598579407,446,342,53,45
28,7.474791320226542,224,2.0,0.42793405055999756,607,521,95,87
72,7.474791320226542,224,2.0,0.3225409984588623,1837,526,109,63
76,7.474791320226542,224,2.0,0.6311302185058594,1168,655,156,74
61,7.474791320226542,224,2.0,0.30987638235092163,339,240,33,21
1,7.508160924334696,225,13.0,0.3652794361114502,1407,648,1020,595
55,7.508160924334696,225,2.0,0.44877752661705017,449,344,54,46
28,7.508160924334696,225,2.0,0.3696136772632599,613,530,100,90
72,7.508160924334696,225,2.0,0.10965632647275925,1829,526,108,59
76,7.508160924334696,225,2.0,0.2822319269180298,1157,657,162,75
61,7.508160924334696,225,2.0,0.306509405374527,341,241,33,21
1,7.54153052844285,226,13.0,0.21951523423194885,1409,647,1016,597
55,7.54153052844285,226,2.0,0.46973854303359985,453,347,53,46
28,7.54153052844285,226,2.0,0.5299245715141296,621,538,99,94
72,7.54153052844285,226,2.0,0.39959219098091125,1822,526,108,56
76,7.54153052844285,226,2.0,0.4890880882740021,1147,662,161,69
61,7.54153052844285,226,2.0,0.36481136083602905,342,243,34,21
1,7.574900132551004,227,13.0,0.15479926764965057,1411,649,1012,598
55,7.574900132551004,227,2.0,0.44284260272979736,456,348,54,49
28,7.574900132551004,227,2.0,0.5266342163085938,630,548,100,97
72,7.574900132551004,227,2.0,0.47452154755592346,1819,525,104,53
76,7.574900132551004,227,2.0,0.6492915749549866,1135,665,161,66
61,7.574900132551004,227,2.0,0.3275737762451172,343,244,33,22
1,7.6082697366591585,228,13.0,0.1805475950241089,1410,648,1013,592
55,7.6082697366591585,228,2.0,0.6097960472106934,460,353,55,50
28,7.6082697366591585,228,2.0,0.6356892585754395,638,557,104,98
72,7.6082697366591585,228,2.0,0.3911285698413849,1816,525,101,50
76,7.6082697366591585,228,2.0,0.6158769130706787,1123,667,156,67
61,7.6082697366591585,228,2.0,0.4263654351234436,345,245,35,23
1,7.641639340767313,229,13.0,0.14578603208065033,1412,649,1011,593
55,7.641639340767313,229,2.0,0.5409934520721436,464,357,58,52
28,7.641639340767313,229,2.0,0.5379437208175659,646,567,107,103
72,7.641639340767313,229,2.0,0.23069152235984802,1809,525,105,47
76,7.641639340767313,229,2.0,0.6335273385047913,1112,670,153,64
61,7.641639340767313,229,2.0,0.43491899967193604,346,247,36,24
55,7.675008944875467,230,2.0,0.48444366455078125,468,363,57,45
28,7.675008944875467,230,2.0,0.590839147567749,656,578,109,104
72,7.675008944875467,230,2.0,0.15629984438419342,1812,526,86,43
76,7.675008944875467,230,2.0,0.7332640290260315,1098,672,146,65
61,7.675008944875467,230,2.0,0.20089244842529297,349,249,41,24
55,7.708378548983621,231,2.0,0.7158348560333252,472,367,58,48
28,7.708378548983621,231,2.0,0.5465306639671326,666,589,114,106
76,7.708378548983621,231,2.0,0.6021506786346436,1086,674,149,64
82,7.708378548983621,231,2.0,0.5149941444396973,1293,695,89,52
55,7.741748153091775,232,2.0,0.715215802192688,474,370,58,50
28,7.741748153091775,232,2.0,0.5567533373832703,675,599,116,111
76,7.741748153091775,232,2.0,0.606205940246582,1074,675,155,66
82,7.741748153091775,232,2.0,0.6026851534843445,1289,694,100,60
55,7.775117757199929,233,2.0,0.5600167512893677,479,378,59,44
28,7.775117757199929,233,2.0,0.4772477149963379,686,611,120,112
76,7.775117757199929,233,2.0,0.45919734239578247,1068,676,143,65
82,7.775117757199929,233,2.0,0.6623431444168091,1283,693,107,67
55,7.808487361308083,234,2.0,0.6751181483268738,483,378,63,54
28,7.808487361308083,234,2.0,0.6095960736274719,697,623,123,115
76,7.808487361308083,234,2.0,0.5049660801887512,1051,678,159,66
82,7.808487361308083,234,2.0,0.7788612842559814,1276,693,119,71
61,7.808487361308083,234,2.0,0.26192986965179443,354,254,38,25
55,7.8418569654162384,235,2.0,0.7155364155769348,486,380,67,60
28,7.8418569654162384,235,2.0,0.46340298652648926,709,636,126,119
76,7.8418569654162384,235,2.0,0.5051417946815491,1034,681,169,68
82,7.8418569654162384,235,2.0,0.7373718619346619,1272,694,132,73
61,7.8418569654162384,235,2.0,0.35047218203544617,354,255,36,25
72,7.8418569654162384,235,2.0,0.30985110998153687,1783,526,83,40
55,7.875226569524393,236,2.0,0.7406678199768066,489,383,67,63
28,7.875226569524393,236,2.0,0.46661871671676636,720,648,128,121
76,7.875226569524393,236,2.0,0.4987328052520752,1022,683,161,69
82,7.875226569524393,236,2.0,0.629379153251648,1263,694,136,75
61,7.875226569524393,236,2.0,0.4427805244922638,356,257,36,24
55,7.908596173632547,237,2.0,0.616728663444519,495,390,66,59
28,7.908596173632547,237,2.0,0.41168519854545593,729,662,129,126
76,7.908596173632547,237,2.0,0.4729539752006531,1016,683,154,72
82,7.908596173632547,237,2.0,0.735476553440094,1256,697,142,78
61,7.908596173632547,237,2.0,0.24857087433338165,357,258,34,24
55,7.941965777740701,238,2.0,0.7486806511878967,498,394,67,59
28,7.941965777740701,238,7.0,0.5468073487281799,743,676,132,131
76,7.941965777740701,238,2.0,0.5776386857032776,1009,684,137,67
82,7.941965777740701,238,2.0,0.7203795909881592,1250,699,149,78
61,7.941965777740701,238,2.0,0.38840165734291077,359,260,34,24
90,7.941965777740701,238,2.0,0.4946390986442566,743,676,134,131
55,7.975335381848855,239,2.0,0.7301196455955505,503,398,70,62
28,7.975335381848855,239,7.0,0.5025246143341064,754,690,134,134
76,7.975335381848855,239,2.0,0.5421664714813232,999,684,130,65
82,7.975335381848855,239,2.0,0.7070697546005249,1247,702,168,77
61,7.975335381848855,239,2.0,0.414957195520401,361,261,35,24
90,7.975335381848855,239,2.0,0.3544442057609558,753,689,136,134
55,8.008704985957008,240,2.0,0.7496410608291626,508,402,70,63
28,8.008704985957008,240,2.0,0.5851203799247742,769,705,140,141
76,8.008704985957008,240,2.0,0.39662832021713257,996,686,119,59
82,8.008704985957008,240,2.0,0.730869472026825,1241,703,175,80
61,8.008704985957008,240,2.0,0.36241549253463745,362,262,34,24
90,8.008704985957008,240,7.0,0.33029502630233765,767,705,138,140
55,8.042074590065162,241,2.0,0.6901327967643738,513,407,71,66
28,8.042074590065162,241,2.0,0.4578302204608917,784,722,144,145
76,8.042074590065162,241,2.0,0.15839937329292297,987,686,112,63
82,8.042074590065162,241,2.0,0.780900776386261,1231,707,181,79
61,8.042074590065162,241,2.0,0.36478307843208313,363,263,33,23
90,8.042074590065162,241,7.0,0.3718580901622772,783,722,142,146
55,8.075444194173317,242,2.0,0.7121784090995789,517,413,71,65
28,8.075444194173317,242,2.0,0.5350483655929565,799,738,147,149
76,8.075444194173317,242,2.0,0.3690272569656372,978,689,100,61
82,8.075444194173317,242,2.0,0.7735960483551025,1223,709,188,82
61,8.075444194173317,242,2.0,0.3552587628364563,365,264,34,25
55,8.108813798281473,243,2.0,0.698177695274353,523,419,75,66
28,8.108813798281473,243,7.0,0.4015193581581116,815,757,153,155
76,8.108813798281473,243,2.0,0.17305320501327515,971,692,85,56
82,8.108813798281473,243,2.0,0.8028149008750916,1211,711,188,83
61,8.108813798281473,243,2.0,0.34343937039375305,366,266,35,26
55,8.142183402389627,244,2.0,0.7127629518508911,527,423,77,67
28,8.142183402389627,244,2.0,0.6303412318229675,830,775,157,160
82,8.142183402389627,244,2.0,0.8250572681427002,1196,712,173,82
61,8.142183402389627,244,2.0,0.31529149413108826,368,269,37,27
55,8.17555300649778,245,2.0,0.8217005133628845,532,430,80,69
28,8.17555300649778,245,2.0,0.7309263944625854,848,794,166,165
82,8.17555300649778,245,2.0,0.7295583486557007,1178,715,164,82
61,8.17555300649778,245,2.0,0.2044549584388733,371,272,39,28
55,8.208922610605935,246,2.0,0.6958200931549072,536,434,79,74
28,8.208922610605935,246,2.0,0.620542585849762,867,814,173,169
82,8.208922610605935,246,2.0,0.6839674711227417,1164,717,159,81
92,8.208922610605935,246,2.0,0.7156080603599548,268,846,94,75
55,8.24229221471409,247,2.0,0.64143967628479,542,441,79,70
28,8.24229221471409,247,7.0,0.4328004717826843,888,836,179,177
82,8.24229221471409,247,2.0,0.6740502715110779,1152,720,160,82
92,8.24229221471409,247,2.0,0.7250140309333801,260,847,111,79
55,8.275661818822243,248,2.0,0.7235103845596313,548,448,80,68
28,8.275661818822243,248,2.0,0.7394927740097046,910,859,186,187
82,8.275661818822243,248,2.0,0.7555035352706909,1141,722,160,82
92,8.275661818822243,248,2.0,0.7745321393013,250,848,131,84
55,8.309031422930397,249,2.0,0.698360800743103,553,454,82,70
28,8.309031422930397,249,2.0,0.5860833525657654,930,883,190,195
82,8.309031422930397,249,2.0,0.8037925362586975,1128,724,153,81
92,8.309031422930397,249,2.0,0.7655630111694336,240,852,152,89
55,8.342401027038552,250,2.0,0.6766080260276794,559,459,83,74
82,8.342401027038552,250,2.0,0.7551626563072205,1123,727,165,83
92,8.342401027038552,250,2.0,0.715924859046936,231,857,172,91
55,8.375770631146706,251,2.0,0.6366190314292908,565,465,86,77
82,8.375770631146706,251,2.0,0.7537996768951416,1117,730,181,84
92,8.375770631146706,251,2.0,0.6437016725540161,219,860,196,93
61,8.375770631146706,251,2.0,0.3056448996067047,383,284,39,27
55,8.40914023525486,252,2.0,0.6296934485435486,572,471,86,79
82,8.40914023525486,252,2.0,0.6900642514228821,1095,733,160,82
92,8.40914023525486,252,2.0,0.6323273777961731,207,864,217,94
61,8.40914023525486,252,2.0,0.331571489572525,386,285,39,28
1,8.40914023525486,252,13.0,0.42456552386283875,1409,648,1016,603
28,8.40914023525486,252,2.0,0.4946095645427704,1006,961,217,213
55,8.442509839363014,253,2.0,0.6577982306480408,579,479,89,81
82,8.442509839363014,253,2.0,0.6400983929634094,1081,735,154,81
92,8.442509839363014,253,2.0,0.5225754976272583,184,870,215,94
61,8.442509839363014,253,2.0,0.3350088894367218,387,286,37,28
1,8.442509839363014,253,13.0,0.4913589060306549,1407,643,1021,605
28,8.442509839363014,253,2.0,0.292633980512619,1046,980,251,198
55,8.475879443471168,254,2.0,0.7003937363624573,584,486,89,84
82,8.475879443471168,254,2.0,0.5575023293495178,1070,735,143,78
92,8.475879443471168,254,2.0,0.5893791913986206,164,873,220,99
61,8.475879443471168,254,2.0,0.27816715836524963,388,288,36,30
1,8.475879443471168,254,13.0,0.5068328976631165,1407,643,1020,603
28,8.475879443471168,254,2.0,0.49021705985069275,1069,994,247,170
55,8.509249047579322,255,2.0,0.6525722742080688,592,493,95,84
82,8.509249047579322,255,2.0,0.35380879044532776,1065,736,133,75
92,8.509249047579322,255,2.0,0.41073086857795715,143,878,225,100
61,8.509249047579322,255,2.0,0.39288878440856934,391,290,41,32
1,8.509249047579322,255,13.0,0.5048576593399048,1407,643,1021,603
28,8.509249047579322,255,2.0,0.46693578362464905,1088,1009,235,140
55,8.542618651687476,256,2.0,0.7000091671943665,599,501,94,83
82,8.542618651687476,256,2.0,0.273543119430542,1056,735,123,72
92,8.542618651687476,256,2.0,0.49249348044395447,120,882,229,100
61,8.542618651687476,256,2.0,0.29542481899261475,393,292,42,33
1,8.542618651687476,256,13.0,0.5717551708221436,1405,649,1026,617
28,8.542618651687476,256,2.0,0.1562482863664627,1104,1025,209,109
55,8.57598825579563,257,2.0,0.6568992733955383,604,509,93,87
82,8.57598825579563,257,2.0,0.40558943152427673,1050,737,109,68
92,8.57598825579563,257,2.0,0.5825605988502502,105,888,210,99
61,8.57598825579563,257,2.0,0.30490848422050476,395,294,44,33
1,8.57598825579563,257,13.0,0.5592352151870728,1405,644,1026,609
55,8.609357859903785,258,2.0,0.5347434878349304,613,517,96,89
82,8.609357859903785,258,2.0,0.3262921869754791,1039,738,102,67
92,8.609357859903785,258,2.0,0.5480700135231018,93,892,187,96
61,8.609357859903785,258,2.0,0.25109872221946716,397,297,44,32
1,8.609357859903785,258,13.0,0.5655138492584229,1405,644,1026,608
55,8.642727464011939,259,2.0,0.5178144574165344,622,527,98,93
82,8.642727464011939,259,2.0,0.21830834448337555,1032,741,92,69
92,8.642727464011939,259,2.0,0.4497895836830139,83,893,166,90
61,8.642727464011939,259,2.0,0.22437246143817902,401,299,45,32
1,8.642727464011939,259,13.0,0.49171021580696106,1404,642,1027,609
55,8.676097068120093,260,2.0,0.7525752186775208,628,534,97,94
82,8.676097068120093,260,2.0,0.19798238575458527,1024,739,84,65
92,8.676097068120093,260,2.0,0.14019720256328583,73,894,147,87
61,8.676097068120093,260,2.0,0.1951882243156433,403,302,44,31
1,8.676097068120093,260,13.0,0.47146305441856384,1403,643,1029,613
55,8.709466672228247,261,2.0,0.7913374304771423,636,542,100,98
61,8.709466672228247,261,2.0,0.2565945088863373,406,304,43,31
1,8.709466672228247,261,13.0,0.439424067735672,1402,644,1031,616
55,8.742836276336401,262,2.0,0.7685951590538025,644,552,104,98
61,8.742836276336401,262,2.0,0.3088013827800751,408,308,40,29
1,8.742836276336401,262,13.0,0.4692138433456421,1402,645,1030,613
55,8.776205880444556,263,2.0,0.729899525642395,656,563,109,98
61,8.776205880444556,263,2.0,0.23491652309894562,410,309,37,28
1,8.776205880444556,263,13.0,0.4534468948841095,1403,646,1029,616
55,8.80957548455271,264,2.0,0.6891103386878967,664,572,109,101
61,8.80957548455271,264,2.0,0.1725945770740509,412,311,36,31
1,8.80957548455271,264,13.0,0.44037407636642456,1403,646,1030,623
55,8.842945088660864,265,2.0,0.557322084903717,675,584,113,105
61,8.842945088660864,265,2.0,0.23596885800361633,415,314,41,32
1,8.842945088660864,265,13.0,0.4723830223083496,1403,645,1029,615
55,8.876314692769018,266,2.0,0.7397488355636597,684,594,115,108
61,8.876314692769018,266,2.0,0.22213175892829895,417,317,43,33
1,8.876314692769018,266,13.0,0.48994436860084534,1402,645,1031,612
55,8.909684296877172,267,2.0,0.679630696773529,694,605,118,113
61,8.909684296877172,267,2.0,0.11496733129024506,420,320,45,35
1,8.909684296877172,267,13.0,0.4857228100299835,1402,644,1031,606
55,8.943053900985326,268,2.0,0.6548919081687927,706,619,119,115
1,8.943053900985326,268,13.0,0.48526740074157715,1402,645,1030,606
55,8.97642350509348,269,2.0,0.5411166548728943,716,632,123,120
1,8.97642350509348,269,13.0,0.47818639874458313,1403,644,1029,602
55,9.009793109201635,270,2.0,0.6555072069168091,728,645,124,121
1,9.009793109201635,270,13.0,0.4577743709087372,1404,644,1027,602
55,9.043162713309789,271,2.0,0.593807578086853,741,658,130,130
1,9.043162713309789,271,13.0,0.471444696187973,1404,644,1027,604
61,9.043162713309789,271,2.0,0.33377397060394287,432,333,46,33
55,9.076532317417943,272,2.0,0.48303544521331787,754,673,134,130
1,9.076532317417943,272,13.0,0.43869736790657043,1404,643,1027,607
61,9.076532317417943,272,2.0,0.3593882918357849,435,336,48,36
55,9.109901921526097,273,2.0,0.640943169593811,768,687,140,134
1,9.109901921526097,273,13.0,0.4797059893608093,1403,643,1028,609
61,9.109901921526097,273,2.0,0.32339492440223694,439,338,50,38
55,9.143271525634251,274,2.0,0.7330177426338196,783,703,148,140
1,9.143271525634251,274,13.0,0.49971720576286316,1403,643,1028,612
61,9.143271525634251,274,2.0,0.3300476372241974,441,341,52,38
55,9.176641129742407,275,2.0,0.528132975101471,798,720,150,144
1,9.176641129742407,275,13.0,0.501462459564209,1403,644,1029,612
61,9.176641129742407,275,2.0,0.3767872750759125,444,344,54,40
55,9.210010733850561,276,2.0,0.611149251461029,813,737,152,151
1,9.210010733850561,276,13.0,0.47550585865974426,1403,644,1029,609
61,9.210010733850561,276,2.0,0.407551646232605,447,347,56,39
55,9.243380337958715,277,2.0,0.609491229057312,830,754,159,156
1,9.243380337958715,277,13.0,0.4858528971672058,1401,649,1033,624
61,9.243380337958715,277,2.0,0.3138014078140259,449,349,55,39
55,9.27674994206687,278,2.0,0.6694408059120178,849,773,165,164
1,9.27674994206687,278,13.0,0.501511812210083,1401,651,1034,629
61,9.27674994206687,278,2.0,0.46122032403945923,452,352,56,37
55,9.310119546175024,279,2.0,0.8083885908126831,867,793,172,170
1,9.310119546175024,279,13.0,0.48295730352401733,1401,653,1035,628
61,9.310119546175024,279,2.0,0.47751036286354065,456,358,55,37
55,9.343489150283178,280,2.0,0.685479998588562,886,815,176,177
1,9.343489150283178,280,13.0,0.513120710849762,1403,652,1032,627
61,9.343489150283178,280,2.0,0.3128577470779419,460,363,54,38
55,9.376858754391332,281,2.0,0.7658990621566772,907,837,184,183
1,9.376858754391332,281,13.0,0.5046020746231079,1403,652,1031,626
61,9.376858754391332,281,2.0,0.2930992841720581,463,366,56,39
55,9.410228358499486,282,2.0,0.8118528723716736,929,859,192,194
1,9.410228358499486,282,13.0,0.5170074701309204,1403,652,1032,626
61,9.410228358499486,282,2.0,0.22748258709907532,466,369,56,39
55,9.44359796260764,283,2.0,0.8149157762527466,953,884,200,203
1,9.44359796260764,283,13.0,0.5156201124191284,1401,648,1033,611
61,9.44359796260764,283,2.0,0.2056385576725006,471,373,57,40
55,9.476967566715794,284,2.0,0.8448396325111389,976,911,209,212
1,9.476967566715794,284,13.0,0.43967995047569275,1400,645,1034,601
61,9.476967566715794,284,2.0,0.20519648492336273,474,377,57,40
55,9.510337170823949,285,2.0,0.7544172406196594,1004,939,218,221
1,9.510337170823949,285,13.0,0.4455049932003021,1399,644,1035,597
61,9.510337170823949,285,2.0,0.2588902413845062,477,381,60,43
107,9.510337170823949,285,2.0,0.5974321961402893,269,837,90,72
55,9.543706774932103,286,2.0,0.7880492806434631,1032,965,228,221
1,9.543706774932103,286,13.0,0.4662685692310333,1400,642,1034,593
61,9.543706774932103,286,2.0,0.47492676973342896,482,387,61,44
107,9.543706774932103,286,2.0,0.7847020626068115,260,836,108,78
55,9.577076379040257,287,2.0,0.8413079977035522,1063,980,241,198
1,9.577076379040257,287,13.0,0.3864244222640991,1400,642,1033,593
61,9.577076379040257,287,2.0,0.5960949659347534,486,390,59,43
107,9.577076379040257,287,2.0,0.7445629239082336,250,836,127,86
55,9.610445983148411,288,2.0,0.7896271347999573,1085,995,234,168
1,9.610445983148411,288,13.0,0.40362414717674255,1402,643,1031,593
61,9.610445983148411,288,2.0,0.6782850623130798,490,394,61,45
107,9.610445983148411,288,2.0,0.7598435878753662,240,840,147,89
55,9.643815587256565,289,2.0,0.42036136984825134,1111,1010,227,138
1,9.643815587256565,289,13.0,0.4845922589302063,1402,648,1031,608
61,9.643815587256565,289,2.0,0.6199873089790344,494,398,63,46
107,9.643815587256565,289,2.0,0.19399669766426086,231,843,164,92
1,9.67718519136472,290,13.0,0.5773892402648926,1402,650,1033,616
61,9.67718519136472,290,2.0,0.6613152623176575,500,402,63,48
107,9.67718519136472,290,2.0,0.47024646401405334,220,848,183,91
1,9.710554795472873,291,13.0,0.5582298636436462,1403,650,1032,614
61,9.710554795472873,291,2.0,0.6235306859016418,503,407,64,49
107,9.710554795472873,291,2.0,0.5893150568008423,210,851,205,90
1,9.743924399581028,292,13.0,0.5806571841239929,1404,651,1029,619
61,9.743924399581028,292,2.0,0.6681522130966187,508,413,63,48
107,9.743924399581028,292,2.0,0.252963662147522,196,855,218,91
1,9.777294003689182,293,13.0,0.5009036064147949,1404,651,1028,616
61,9.777294003689182,293,2.0,0.596153736114502,512,417,63,50
107,9.777294003689182,293,2.0,0.6458422541618347,174,860,220,93
1,9.810663607797336,294,13.0,0.5196163058280945,1405,651,1027,615
61,9.810663607797336,294,2.0,0.5042225122451782,516,423,65,51
107,9.810663607797336,294,2.0,0.6320814490318298,153,866,221,93
1,9.84403321190549,295,13.0,0.506712019443512,1404,652,1028,614
61,9.84403321190549,295,2.0,0.21717746555805206,523,429,70,54
107,9.84403321190549,295,2.0,0.48840251564979553,132,871,221,95
1,9.877402816013644,296,13.0,0.45533815026283264,1405,652,1026,614
61,9.877402816013644,296,2.0,0.27367714047431946,527,435,72,55
107,9.877402816013644,296,2.0,0.6602821350097656,113,875,223,97
108,9.877402816013644,296,2.0,0.40102076530456543,1261,696,143,77
1,9.910772420121798,297,13.0,0.38623517751693726,1407,651,1022,614
61,9.910772420121798,297,2.0,0.6616605520248413,533,440,73,54
107,9.910772420121798,297,2.0,0.6425350308418274,101,878,202,96
108,9.910772420121798,297,2.0,0.4759195148944855,1257,697,151,82
1,9.944142024229953,298,13.0,0.25402379035949707,1409,650,1018,613
61,9.944142024229953,298,2.0,0.6471521854400635,538,446,75,55
107,9.944142024229953,298,2.0,0.6419711709022522,91,881,182,92
108,9.944142024229953,298,2.0,0.6263087391853333,1252,699,163,88
1,9.977511628338107,299,13.0,0.16482684016227722,1411,650,1015,615
61,9.977511628338107,299,2.0,0.758941113948822,544,452,77,56
107,9.977511628338107,299,2.0,0.4180555045604706,79,885,158,88
108,9.977511628338107,299,2.0,0.7074064612388611,1245,698,172,94
109,9.977511628338107,299,2.0,0.5439602732658386,295,911,76,80
1,10.01088123244626,300,13.0,0.23128794133663177,1406,648,1023,602
61,10.01088123244626,300,2.0,0.6750341057777405,549,457,78,60
107,10.01088123244626,300,2.0,0.3927946090698242,72,886,144,81
108,10.01088123244626,300,2.0,0.4973237216472626,1238,699,179,97
109,10.01088123244626,300,2.0,0.6133955717086792,286,909,92,88
1,10.044250836554415,301,13.0,0.2325398176908493,1406,648,1021,596
61,10.044250836554415,301,2.0,0.7489267587661743,554,463,77,59
107,10.044250836554415,301,2.0,0.44297346472740173,65,887,130,74
108,10.044250836554415,301,2.0,0.5046957731246948,1227,701,179,95
109,10.044250836554415,301,2.0,0.6488484144210815,274,907,113,96
1,10.07762044066257,302,13.0,0.3109113276004791,1408,646,1017,593
61,10.07762044066257,302,2.0,0.6980510950088501,560,470,81,60
107,10.07762044066257,302,2.0,0.5383696556091309,49,888,99,72
108,10.07762044066257,302,2.0,0.43548136949539185,1218,703,177,95
109,10.07762044066257,302,2.0,0.6380905508995056,263,908,135,102
1,10.110990044770723,303,13.0,0.18030080199241638,1413,647,1007,594
61,10.110990044770723,303,2.0,0.73959881067276,567,477,83,61
107,10.110990044770723,303,2.0,0.47303053736686707,36,891,72,67
108,10.110990044770723,303,2.0,0.5598233342170715,1209,706,182,91
109,10.110990044770723,303,2.0,0.7320118546485901,252,911,154,110
1,10.144359648878877,304,13.0,0.4273638129234314,1410,649,1013,600
61,10.144359648878877,304,2.0,0.5930904150009155,573,484,84,63
107,10.144359648878877,304,2.0,0.33208781480789185,25,893,50,62
108,10.144359648878877,304,2.0,0.5603224039077759,1207,690,200,126
109,10.144359648878877,304,2.0,0.6689300537109375,241,915,180,115
1,10.177729252987032,305,13.0,0.38096368312835693,1410,649,1013,600
61,10.177729252987032,305,2.0,0.7847786545753479,580,492,87,64
107,10.177729252987032,305,2.0,0.2480776309967041,14,895,28,59
108,10.177729252987032,305,2.0,0.5220275521278381,1189,701,188,108
109,10.177729252987032,305,2.0,0.7498153448104858,228,919,202,116
1,10.211098857095186,306,13.0,0.39864861965179443,1409,649,1013,596
61,10.211098857095186,306,2.0,0.768664538860321,586,498,88,66
108,10.211098857095186,306,2.0,0.40041616559028625,1175,708,185,101
109,10.211098857095186,306,2.0,0.6660029292106628,214,922,220,117
1,10.24446846120334,307,13.0,0.3846142590045929,1414,651,1007,603
61,10.24446846120334,307,2.0,0.6762243509292603,592,505,90,70
108,10.24446846120334,307,2.0,0.5442665815353394,1160,712,178,100
109,10.24446846120334,307,2.0,0.4864875376224518,191,927,219,116
1,10.277838065311496,308,13.0,0.23828527331352234,1411,649,1010,592
61,10.277838065311496,308,2.0,0.5980639457702637,599,513,92,69
108,10.277838065311496,308,2.0,0.6342468857765198,1150,717,178,96
109,10.277838065311496,308,2.0,0.5154560208320618,168,932,223,122
1,10.31120766941965,309,13.0,0.2941053807735443,1414,651,1006,599
61,10.31120766941965,309,2.0,0.7090592980384827,607,523,91,71
108,10.31120766941965,309,2.0,0.6688912510871887,1139,721,178,94
109,10.31120766941965,309,2.0,0.6828866600990295,144,937,226,119
119,10.31120766941965,309,2.0,0.4636053144931793,1188,646,154,68
1,10.344577273527804,310,13.0,0.39107269048690796,1412,650,1009,594
61,10.344577273527804,310,2.0,0.6058213710784912,614,530,95,75
108,10.344577273527804,310,2.0,0.7006672024726868,1126,723,170,93
109,10.344577273527804,310,2.0,0.7315959334373474,120,943,230,121
119,10.344577273527804,310,2.0,0.5063749551773071,1175,649,144,69
1,10.377946877635958,311,13.0,0.44359689950942993,1414,653,1006,600
61,10.377946877635958,311,2.0,0.6771453022956848,621,540,95,75
108,10.377946877635958,311,2.0,0.6240304708480835,1112,727,168,93
109,10.377946877635958,311,2.0,0.45289885997772217,111,943,203,109
119,10.377946877635958,311,2.0,0.5475897789001465,1165,651,144,70
1,10.411316481744112,312,13.0,0.46396172046661377,1412,651,1008,593
61,10.411316481744112,312,2.0,0.6412205100059509,630,548,95,76
108,10.411316481744112,312,2.0,0.6098564267158508,1102,729,167,93
109,10.411316481744112,312,2.0,0.514393150806427,95,950,190,124
119,10.411316481744112,312,2.0,0.29776039719581604,1150,656,136,71
1,10.444686085852267,313,13.0,0.425851434469223,1412,650,1009,589
61,10.444686085852267,313,2.0,0.537632942199707,638,557,100,79
108,10.444686085852267,313,2.0,0.2656586468219757,1100,732,174,93
109,10.444686085852267,313,2.0,0.29302817583084106,83,948,167,123
119,10.444686085852267,313,2.0,0.6260120868682861,1138,659,134,72
1,10.47805568996042,314,13.0,0.44124409556388855,1412,650,1010,588
61,10.47805568996042,314,2.0,0.6588212847709656,647,568,102,80
108,10.47805568996042,314,2.0,0.1446370929479599,1094,732,169,91
109,10.47805568996042,314,13.0,0.1951638013124466,78,940,156,147
119,10.47805568996042,314,2.0,0.48377108573913574,1122,660,135,73
1,10.511425294068575,315,13.0,0.49676522612571716,1412,650,1009,587
61,10.511425294068575,315,2.0,0.7154717445373535,656,578,106,81
108,10.511425294068575,315,2.0,0.2915511727333069,1083,732,153,88
119,10.511425294068575,315,2.0,0.48056554794311523,1110,662,141,73
1,10.544794898176729,316,13.0,0.5603522658348083,1411,650,1011,587
61,10.544794898176729,316,2.0,0.6212813258171082,666,589,111,86
108,10.544794898176729,316,2.0,0.14684060215950012,1077,732,140,88
119,10.544794898176729,316,2.0,0.38981893658638,1101,664,142,72
1,10.578164502284883,317,13.0,0.4892292320728302,1411,648,1011,584
61,10.578164502284883,317,2.0,0.7145963311195374,676,600,111,87
108,10.578164502284883,317,2.0,0.20519369840621948,1066,732,136,82
119,10.578164502284883,317,2.0,0.559950053691864,1090,666,140,70
122,10.578164502284883,317,2.0,0.6486117839813232,36,961,72,96
1,10.611534106393037,318,13.0,0.5462859869003296,1411,648,1013,585
61,10.611534106393037,318,2.0,0.7111098766326904,685,611,111,90
108,10.611534106393037,318,2.0,0.18830657005310059,1059,734,123,82
119,10.611534106393037,318,2.0,0.5890346169471741,1078,668,141,70
122,10.611534106393037,318,2.0,0.5723052024841309,24,965,49,93
1,10.644903710501191,319,13.0,0.5869432091712952,1410,649,1014,587
61,10.644903710501191,319,2.0,0.6435586214065552,696,624,116,92
119,10.644903710501191,319,2.0,0.2541492283344269,1067,669,146,67
1,10.678273314609346,320,13.0,0.5484097003936768,1411,649,1013,589
61,10.678273314609346,320,2.0,0.7193375825881958,706,635,118,96
119,10.678273314609346,320,2.0,0.2963317930698395,1058,671,143,65
1,10.7116429187175,321,13.0,0.5362768769264221,1410,649,1015,591
61,10.7116429187175,321,2.0,0.7547239065170288,717,649,122,98
119,10.7116429187175,321,2.0,0.4066113531589508,1047,674,143,65
1,10.745012522825654,322,13.0,0.5040010809898376,1409,649,1017,588
61,10.745012522825654,322,2.0,0.6926757097244263,730,662,123,102
119,10.745012522825654,322,2.0,0.48136836290359497,1033,681,147,78
124,10.745012522825654,322,2.0,0.4442313015460968,1033,704,149,124
1,10.778382126933808,323,13.0,0.4677348732948303,1408,649,1019,588
61,10.778382126933808,323,2.0,0.8034400343894958,743,677,127,107
119,10.778382126933808,323,2.0,0.5584107637405396,1022,680,144,73
124,10.778382126933808,323,2.0,0.37779444456100464,1018,693,154,104
1,10.811751731041962,324,13.0,0.376750648021698,1407,648,1021,586
61,10.811751731041962,324,2.0,0.7484278678894043,756,691,130,111
119,10.811751731041962,324,2.0,0.659916877746582,1014,681,141,71
1,10.845121335150116,325,13.0,0.43966275453567505,1407,646,1022,587
61,10.845121335150116,325,2.0,0.7125574946403503,768,706,134,111
119,10.845121335150116,325,2.0,0.6951923370361328,1006,681,129,69
1,10.87849093925827,326,13.0,0.466478168964386,1406,647,1022,590
61,10.87849093925827,326,2.0,0.8146993517875671,785,723,139,117
119,10.87849093925827,326,2.0,0.6795075535774231,998,682,125,69
1,10.911860543366425,327,13.0,0.45069414377212524,1406,647,1024,591
61,10.911860543366425,327,2.0,0.8559655547142029,799,740,140,122
119,10.911860543366425,327,2.0,0.6551802158355713,990,684,116,65
1,10.945230147474579,328,13.0,0.43778058886528015,1404,647,1027,591
61,10.945230147474579,328,2.0,0.5159509778022766,814,759,143,127
119,10.945230147474579,328,2.0,0.4445704221725464,984,685,107,63
1,10.978599751582733,329,13.0,0.4561452567577362,1404,646,1028,594
61,10.978599751582733,329,2.0,0.6645774841308594,831,777,152,133
119,10.978599751582733,329,2.0,0.29909178614616394,974,687,100,61
1,11.011969355690887,330,13.0,0.4636662006378174,1403,647,1029,596
61,11.011969355690887,330,2.0,0.29361844062805176,849,797,159,139
119,11.011969355690887,330,2.0,0.2573148310184479,967,688,88,62
1,11.045338959799041,331,13.0,0.3987680971622467,1403,647,1028,596
61,11.045338959799041,331,2.0,0.8052017688751221,867,818,163,144
119,11.045338959799041,331,2.0,0.1799163520336151,961,688,79,61
1,11.078708563907195,332,13.0,0.40443506836891174,1403,647,1028,596
61,11.078708563907195,332,2.0,0.7298195958137512,887,840,171,150
1,11.11207816801535,333,13.0,0.45632126927375793,1402,647,1031,595
61,11.11207816801535,333,2.0,0.7480910420417786,908,863,180,158
125,11.11207816801535,333,2.0,0.3786136507987976,294,263,42,34
1,11.145447772123504,334,13.0,0.47877559065818787,1401,647,1033,595
61,11.145447772123504,334,2.0,0.5345798134803772,930,887,186,167
125,11.145447772123504,334,2.0,0.32063910365104675,295,264,43,35
1,11.178817376231658,335,13.0,0.42988601326942444,1401,647,1033,595
61,11.178817376231658,335,2.0,0.7240689992904663,952,913,191,174
125,11.178817376231658,335,2.0,0.28683850169181824,296,266,44,36
1,11.212186980339812,336,13.0,0.458842396736145,1401,647,1033,597
61,11.212186980339812,336,2.0,0.7633844017982483,977,940,199,185
125,11.212186980339812,336,2.0,0.4346265196800232,297,269,44,38
1,11.245556584447966,337,13.0,0.5031422972679138,1400,648,1035,601
125,11.245556584447966,337,2.0,0.25376924872398376,298,272,44,37
1,11.27892618855612,338,13.0,0.5049541592597961,1398,650,1036,605
125,11.27892618855612,338,2.0,0.22149965167045593,298,274,45,38
61,11.27892618855612,338,2.0,0.43513813614845276,1050,987,256,178
1,11.312295792664274,339,13.0,0.5212607979774475,1400,656,1035,623
125,11.312295792664274,339,2.0,0.22653037309646606,302,276,49,39
61,11.312295792664274,339,2.0,0.2743240296840668,1072,1004,247,151
1,11.34566539677243,340,13.0,0.5397862195968628,1402,657,1033,625
1,11.379035000880585,341,13.0,0.5070271492004395,1402,661,1032,636
1,11.412404604988739,342,13.0,0.5056982040405273,1403,662,1030,637
1,11.445774209096893,343,13.0,0.5079293847084045,1403,656,1030,621
1,11.479143813205047,344,13.0,0.48595795035362244,1404,655,1028,626
1,11.512513417313201,345,13.0,0.5207167267799377,1403,656,1031,630
1,11.545883021421355,346,13.0,0.47816047072410583,1404,657,1029,632
1,11.57925262552951,347,13.0,0.49692732095718384,1404,659,1029,632
1,11.612622229637664,348,13.0,0.49560627341270447,1402,658,1033,623
1,11.645991833745818,349,13.0,0.5080463886260986,1402,658,1033,626
1,11.679361437853972,350,13.0,0.4947769045829773,1401,654,1033,616
1,11.712731041962126,351,13.0,0.459579199552536,1400,656,1036,630
1,11.74610064607028,352,13.0,0.4292527437210083,1399,657,1039,648
1,11.779470250178434,353,13.0,0.4407912790775299,1398,658,1041,661
1,11.812839854286588,354,13.0,0.4306476414203644,1399,660,1038,663
1,11.846209458394743,355,13.0,0.43762820959091187,1400,658,1037,662
1,11.879579062502897,356,13.0,0.4569374620914459,1400,657,1036,666
1,11.912948666611051,357,13.0,0.48115524649620056,1401,656,1034,664
1,11.946318270719205,358,13.0,0.4869547486305237,1400,653,1036,662
1,11.97968787482736,359,13.0,0.46497559547424316,1402,651,1034,655
1,12.013057478935513,360,13.0,0.5050447583198547,1403,650,1030,645
1,12.046427083043667,361,13.0,0.5131869912147522,1398,658,1040,668
1,12.079796687151822,362,13.0,0.5031699538230896,1396,658,1043,672
1,12.113166291259976,363,13.0,0.4941093921661377,1398,653,1040,659
1,12.14653589536813,364,13.0,0.528878927230835,1397,654,1042,657
1,12.179905499476284,365,13.0,0.5267533659934998,1398,651,1040,654
1,12.213275103584438,366,13.0,0.526016116142273,1397,654,1043,659
1,12.246644707692592,367,13.0,0.5332099199295044,1398,650,1041,643
128,12.246644707692592,367,2.0,0.5649148225784302,270,903,114,106
1,12.280014311800747,368,13.0,0.5186159014701843,1398,645,1039,618
128,12.280014311800747,368,2.0,0.7232674956321716,262,891,130,135
1,12.3133839159089,369,13.0,0.5308597683906555,1399,644,1036,611
128,12.3133839159089,369,2.0,0.5952924489974976,253,888,148,153
1,12.346753520017055,370,13.0,0.5025594234466553,1399,643,1036,608
128,12.346753520017055,370,2.0,0.3917483389377594,244,889,171,167
1,12.380123124125209,371,13.0,0.5220316052436829,1399,647,1037,611
128,12.380123124125209,371,2.0,0.4841344952583313,234,891,189,174
1,12.413492728233365,372,13.0,0.4562143087387085,1398,645,1038,603
128,12.413492728233365,372,2.0,0.4989340305328369,224,889,211,192
1,12.446862332341519,373,13.0,0.4902656376361847,1399,646,1038,604
128,12.446862332341519,373,2.0,0.5296913385391235,215,894,234,218
1,12.480231936449673,374,13.0,0.46488261222839355,1398,646,1039,613
128,12.480231936449673,374,2.0,0.5398454070091248,205,903,254,236
1,12.513601540557827,375,13.0,0.4897150993347168,1397,648,1040,613
128,12.513601540557827,375,2.0,0.4540683627128601,193,900,271,229
1,12.546971144665982,376,13.0,0.5017216205596924,1398,649,1038,608
128,12.546971144665982,376,2.0,0.4562457799911499,181,899,293,216
1,12.580340748774136,377,13.0,0.5532177090644836,1400,650,1035,604
128,12.580340748774136,377,2.0,0.49102428555488586,166,899,304,209
1,12.61371035288229,378,13.0,0.5759472250938416,1401,649,1032,599
128,12.61371035288229,378,2.0,0.20298990607261658,150,902,300,208
132,12.61371035288229,378,2.0,0.5875239372253418,181,849,208,93
1,12.647079956990444,379,13.0,0.5865471363067627,1402,649,1031,601
128,12.647079956990444,379,2.0,0.1866796910762787,137,904,274,209
132,12.647079956990444,379,2.0,0.4559105932712555,161,854,208,92
1,12.680449561098598,380,13.0,0.5805510878562927,1403,649,1029,601
128,12.680449561098598,380,7.0,0.204875186085701,125,908,251,204
132,12.680449561098598,380,2.0,0.4201355576515198,149,855,187,85
1,12.713819165206752,381,13.0,0.591769278049469,1401,651,1032,605
128,12.713819165206752,381,7.0,0.12649837136268616,114,914,229,203
132,12.713819165206752,381,2.0,0.378817617893219,118,865,205,86
1,12.747188769314906,382,13.0,0.5579991340637207,1400,657,1036,624
128,12.747188769314906,382,2.0,0.33246910572052,103,916,206,194
132,12.747188769314906,382,2.0,0.35836291313171387,108,865,180,80
1,12.78055837342306,383,13.0,0.5701392292976379,1399,659,1037,634
128,12.78055837342306,383,2.0,0.2502608001232147,92,920,184,196
1,12.813927977531215,384,13.0,0.5578939914703369,1400,658,1035,636
128,12.813927977531215,384,2.0,0.46256524324417114,81,922,162,192
1,12.847297581639369,385,13.0,0.569180965423584,1400,652,1035,616
128,12.847297581639369,385,2.0,0.22478389739990234,74,924,149,184
1,12.880667185747523,386,13.0,0.5504429340362549,1401,649,1034,610
128,12.880667185747523,386,13.0,0.11404441297054291,75,929,150,186
1,12.914036789855677,387,13.0,0.5703532695770264,1401,648,1033,609
1,12.947406393963831,388,13.0,0.5103177428245544,1401,645,1033,603
1,12.980775998071985,389,13.0,0.48795557022094727,1401,647,1034,627
1,13.01414560218014,390,13.0,0.4691706597805023,1401,648,1034,641
1,13.047515206288294,391,13.0,0.4717308282852173,1403,650,1030,640
1,13.080884810396448,392,13.0,0.48151856660842896,1403,649,1029,644
1,13.114254414504602,393,13.0,0.45019128918647766,1404,647,1028,634
1,13.147624018612756,394,13.0,0.46665120124816895,1405,647,1027,625
1,13.18099362272091,395,13.0,0.4855656027793884,1406,647,1026,622
141,13.18099362272091,395,2.0,0.4635668694972992,429,493,79,84
1,13.214363226829065,396,13.0,0.49193260073661804,1406,648,1026,619
141,13.214363226829065,396,2.0,0.24460363388061523,433,501,81,90
1,13.247732830937219,397,13.0,0.5011796951293945,1405,646,1025,608
141,13.247732830937219,397,2.0,0.4865383505821228,438,510,87,95
1,13.281102435045373,398,13.0,0.4567092955112457,1407,647,1023,613
141,13.281102435045373,398,2.0,0.27834588289260864,443,516,90,96
1,13.314472039153527,399,13.0,0.45583394169807434,1408,646,1021,613
141,13.314472039153527,399,2.0,0.30357128381729126,448,524,89,102
1,13.347841643261681,400,13.0,0.4625043570995331,1408,646,1022,612
141,13.347841643261681,400,2.0,0.44821590185165405,453,534,91,103
1,13.381211247369835,401,13.0,0.48558393120765686,1406,645,1023,602
141,13.381211247369835,401,2.0,0.5717009902000427,459,545,96,104
1,13.41458085147799,402,13.0,0.4684743285179138,1406,644,1023,599
141,13.41458085147799,402,2.0,0.5509979128837585,464,554,96,106
1,13.447950455586144,403,13.0,0.4554046392440796,1408,647,1021,608
141,13.447950455586144,403,2.0,0.47860831022262573,470,564,97,104
1,13.481320059694298,404,13.0,0.4613286256790161,1409,648,1019,611
141,13.481320059694298,404,2.0,0.4852268695831299,476,575,99,108
1,13.514689663802454,405,13.0,0.47180643677711487,1409,648,1020,612
141,13.514689663802454,405,2.0,0.6308395266532898,482,586,99,112
1,13.548059267910608,406,13.0,0.4726140797138214,1407,645,1021,605
141,13.548059267910608,406,2.0,0.5796450972557068,489,597,102,116
1,13.581428872018762,407,13.0,0.4497235119342804,1406,644,1023,601
141,13.581428872018762,407,2.0,0.4939422905445099,496,609,103,120
1,13.614798476126916,408,13.0,0.519737958908081,1406,646,1023,601
141,13.614798476126916,408,2.0,0.41769105195999146,501,621,110,122
1,13.64816808023507,409,13.0,0.5099011659622192,1406,646,1024,599
141,13.64816808023507,409,2.0,0.32994958758354187,509,634,111,127
1,13.681537684343224,410,13.0,0.4825369715690613,1406,645,1024,598
141,13.681537684343224,410,2.0,0.5465493202209473,516,648,115,130
1,13.714907288451379,411,13.0,0.46612927317619324,1405,644,1024,597
141,13.714907288451379,411,2.0,0.56130450963974,524,661,118,134
1,13.748276892559533,412,13.0,0.4594361186027527,1404,645,1026,598
141,13.748276892559533,412,2.0,0.5095491409301758,532,676,119,136
1,13.781646496667687,413,13.0,0.47674572467803955,1404,644,1026,598
141,13.781646496667687,413,2.0,0.6262243986129761,542,690,121,142
1,13.815016100775841,414,13.0,0.5044630765914917,1405,644,1026,598
141,13.815016100775841,414,2.0,0.5872054696083069,551,706,127,146
1,13.848385704883995,415,13.0,0.5393955111503601,1403,644,1028,599
141,13.848385704883995,415,2.0,0.45830321311950684,559,724,134,152
1,13.88175530899215,416,13.0,0.47021961212158203,1403,643,1029,598
141,13.88175530899215,416,2.0,0.531459629535675,569,741,137,159
1,13.915124913100303,417,13.0,0.4548443555831909,1403,642,1029,595
141,13.915124913100303,417,2.0,0.6814711689949036,579,759,142,168
1,13.948494517208458,418,13.0,0.46703457832336426,1401,643,1032,595
141,13.948494517208458,418,2.0,0.5039941668510437,591,779,145,174
1,13.981864121316612,419,13.0,0.45821258425712585,1402,644,1032,593
141,13.981864121316612,419,2.0,0.6099839210510254,603,800,148,181
1,14.015233725424766,420,13.0,0.4790705144405365,1403,648,1030,603
141,14.015233725424766,420,2.0,0.5522046089172363,615,820,154,190
1,14.04860332953292,421,13.0,0.4552938938140869,1403,646,1029,597
141,14.04860332953292,421,2.0,0.5883217453956604,625,844,161,197
1,14.081972933641074,422,13.0,0.46022966504096985,1403,647,1030,606
141,14.081972933641074,422,2.0,0.4531361162662506,638,869,165,210
1,14.115342537749228,423,13.0,0.4696813225746155,1402,649,1033,610
141,14.115342537749228,423,2.0,0.316140353679657,653,897,171,224
1,14.148712141857382,424,13.0,0.46913570165634155,1402,652,1034,618
141,14.148712141857382,424,7.0,0.1495727300643921,670,923,183,227
1,14.182081745965537,425,13.0,0.4733215570449829,1401,655,1036,626
1,14.21545135007369,426,13.0,0.43807750940322876,1400,653,1037,627
1,14.248820954181845,427,13.0,0.435287207365036,1399,653,1039,628
1,14.282190558289999,428,13.0,0.4358808994293213,1399,650,1039,626
1,14.315560162398153,429,13.0,0.47497981786727905,1400,652,1038,624
1,14.348929766506307,430,13.0,0.49244409799575806,1398,653,1040,621
1,14.382299370614462,431,13.0,0.5127831101417542,1398,653,1042,621
1,14.415668974722616,432,13.0,0.5038294196128845,1397,655,1043,625
1,14.44903857883077,433,13.0,0.46858638525009155,1396,655,1046,629
1,14.482408182938924,434,13.0,0.4524770975112915,1397,655,1043,632
1,14.515777787047078,435,13.0,0.48294132947921753,1398,656,1041,632
1,14.549147391155232,436,13.0,0.49112409353256226,1399,656,1039,632
1,14.582516995263388,437,13.0,0.4994395077228546,1398,656,1040,630
1,14.615886599371542,438,13.0,0.48696550726890564,1399,655,1039,624
1,14.649256203479696,439,13.0,0.49771571159362793,1401,657,1036,624
1,14.68262580758785,440,13.0,0.4927258789539337,1401,657,1036,625
1,14.715995411696005,441,13.0,0.502253532409668,1403,657,1032,624
1,14.749365015804159,442,13.0,0.4991188049316406,1402,657,1033,624
1,14.782734619912313,443,13.0,0.5064784288406372,1401,654,1034,614
1,14.816104224020467,444,13.0,0.5210556387901306,1400,654,1034,611
148,14.816104224020467,444,2.0,0.6071423888206482,480,393,52,46
1,14.849473828128621,445,13.0,0.5011696815490723,1401,655,1034,615
148,14.849473828128621,445,2.0,0.4961298406124115,484,397,60,48
1,14.882843432236776,446,13.0,0.4885764718055725,1402,657,1033,625
148,14.882843432236776,446,2.0,0.7080119252204895,487,402,61,51
1,14.91621303634493,447,13.0,0.48207908868789673,1402,657,1033,629
148,14.91621303634493,447,2.0,0.4557811915874481,493,407,63,56
1,14.949582640453084,448,13.0,0.45879456400871277,1403,655,1032,627
148,14.949582640453084,448,2.0,0.48613616824150085,496,412,62,53
1,14.982952244561238,449,13.0,0.4580721855163574,1403,655,1032,627
148,14.982952244561238,449,2.0,0.43534350395202637,500,417,61,51
1,15.016321848669392,450,13.0,0.43718627095222473,1402,655,1033,628
148,15.016321848669392,450,2.0,0.5703247785568237,506,424,60,52
1,15.049691452777546,451,13.0,0.5398710370063782,1402,653,1031,613
148,15.049691452777546,451,2.0,0.628616988658905,510,429,64,55
1,15.0830610568857,452,13.0,0.541151225566864,1403,652,1029,604
148,15.0830610568857,452,2.0,0.5781104564666748,515,436,66,55
1,15.116430660993855,453,13.0,0.5504483580589294,1403,652,1029,604
148,15.116430660993855,453,2.0,0.5306970477104187,521,442,67,58
1,15.149800265102009,454,13.0,0.5313228964805603,1404,651,1028,601
148,15.149800265102009,454,2.0,0.6653424501419067,526,447,68,60
1,15.183169869210163,455,13.0,0.5323759913444519,1404,650,1027,600
148,15.183169869210163,455,2.0,0.6600399613380432,532,453,72,60
1,15.216539473318317,456,13.0,0.5247738361358643,1404,652,1027,603
148,15.216539473318317,456,2.0,0.5876075625419617,537,457,72,62
1,15.249909077426471,457,13.0,0.5274843573570251,1404,651,1027,600
148,15.249909077426471,457,2.0,0.6471503973007202,543,466,73,64
1,15.283278681534625,458,13.0,0.5010647773742676,1403,651,1028,601
148,15.283278681534625,458,2.0,0.7275511026382446,548,472,75,65
1,15.31664828564278,459,13.0,0.49144354462623596,1403,650,1029,600
148,15.31664828564278,459,2.0,0.7645012140274048,554,479,76,68
1,15.350017889750934,460,13.0,0.4845706522464752,1402,649,1030,600
148,15.350017889750934,460,2.0,0.7054541707038879,560,487,78,69
151,15.350017889750934,460,2.0,0.3460730314254761,254,212,38,27
1,15.383387493859088,461,13.0,0.4769003093242645,1402,650,1030,601
148,15.383387493859088,461,2.0,0.72523432970047,566,495,80,69
151,15.383387493859088,461,2.0,0.457826167345047,254,215,38,29
1,15.416757097967242,462,13.0,0.46919700503349304,1402,649,1031,603
148,15.416757097967242,462,2.0,0.7340593934059143,574,502,82,71
151,15.416757097967242,462,2.0,0.43386760354042053,256,216,39,30
1,15.450126702075396,463,13.0,0.49540817737579346,1404,649,1027,600
148,15.450126702075396,463,2.0,0.6393858194351196,580,509,83,76
151,15.450126702075396,463,2.0,0.38166260719299316,257,218,41,31
1,15.48349630618355,464,13.0,0.4965663254261017,1404,649,1027,599
148,15.48349630618355,464,2.0,0.6513431668281555,586,517,85,77
151,15.48349630618355,464,2.0,0.3193122446537018,256,220,41,32
1,15.516865910291704,465,13.0,0.524969756603241,1404,650,1027,599
148,15.516865910291704,465,2.0,0.6479028463363647,594,526,85,78
151,15.516865910291704,465,2.0,0.32677748799324036,257,222,39,32
1,15.550235514399859,466,13.0,0.5294634103775024,1402,649,1031,600
148,15.550235514399859,466,2.0,0.7377433180809021,604,536,88,81
151,15.550235514399859,466,2.0,0.25849393010139465,258,223,38,32
1,15.583605118508013,467,13.0,0.5361255407333374,1403,645,1030,590
148,15.583605118508013,467,2.0,0.5999228358268738,610,545,89,80
151,15.583605118508013,467,2.0,0.32646265625953674,258,224,39,32
1,15.616974722616167,468,13.0,0.32822614908218384,1404,647,1027,589
148,15.616974722616167,468,2.0,0.6255728006362915,620,556,94,83
151,15.616974722616167,468,2.0,0.22016525268554688,259,225,38,32
1,15.650344326724323,469,13.0,0.23323094844818115,1406,647,1026,588
148,15.650344326724323,469,2.0,0.7176623940467834,627,565,91,87
151,15.650344326724323,469,2.0,0.11637137085199356,260,226,39,33
152,15.650344326724323,469,2.0,0.7679394483566284,1847,730,143,115
1,15.683713930832477,470,13.0,0.11537093669176102,1407,656,1024,610
148,15.683713930832477,470,2.0,0.754288375377655,636,577,97,89
151,15.683713930832477,470,2.0,0.1391606479883194,260,226,38,34
152,15.683713930832477,470,2.0,0.7971047759056091,1826,714,185,121
148,15.717083534940631,471,2.0,0.7540693283081055,645,590,96,94
151,15.717083534940631,471,2.0,0.13101200759410858,261,226,39,35
152,15.717083534940631,471,2.0,0.8477636575698853,1796,693,222,114
148,15.750453139048785,472,2.0,0.8151211142539978,655,601,100,94
151,15.750453139048785,472,2.0,0.16266196966171265,267,228,41,32
152,15.750453139048785,472,2.0,0.8081986904144287,1751,671,226,109
148,15.78382274315694,473,2.0,0.7756438255310059,665,612,103,97
151,15.78382274315694,473,2.0,0.3027617931365967,271,229,43,30
152,15.78382274315694,473,2.0,0.8348757028579712,1703,651,222,104
148,15.817192347265093,474,2.0,0.738793134689331,676,625,104,99
151,15.817192347265093,474,2.0,0.3896401822566986,272,229,41,29
152,15.817192347265093,474,2.0,0.8432473540306091,1654,633,212,99
148,15.850561951373248,475,2.0,0.7744011878967285,687,638,106,103
151,15.850561951373248,475,2.0,0.4758533835411072,273,230,41,29
152,15.850561951373248,475,2.0,0.7681702971458435,1608,616,202,94
148,15.883931555481402,476,2.0,0.7641356587409973,699,653,111,104
151,15.883931555481402,476,2.0,0.4725019037723541,272,231,40,28
152,15.883931555481402,476,2.0,0.8088794946670532,1566,600,191,89
148,15.917301159589556,477,2.0,0.583325982093811,711,666,115,110
151,15.917301159589556,477,2.0,0.47521859407424927,272,231,39,29
152,15.917301159589556,477,2.0,0.767909824848175,1527,585,182,88
148,15.95067076369771,478,2.0,0.7833331227302551,724,683,120,113
151,15.95067076369771,478,2.0,0.42783647775650024,273,232,39,30
152,15.95067076369771,478,2.0,0.7411033511161804,1491,569,178,85
148,15.984040367805864,479,2.0,0.653990626335144,736,699,122,119
151,15.984040367805864,479,2.0,0.49965524673461914,274,233,38,31
152,15.984040367805864,479,2.0,0.8457612991333008,1456,557,167,79
148,16.017409971914017,480,2.0,0.6914395093917847,751,716,126,121
151,16.017409971914017,480,2.0,0.5301058292388916,274,234,38,32
152,16.017409971914017,480,2.0,0.7097555994987488,1421,544,158,78
148,16.050779576022173,481,2.0,0.6547315716743469,765,732,131,125
151,16.050779576022173,481,2.0,0.5576079487800598,274,234,38,32
152,16.050779576022173,481,2.0,0.7832998037338257,1402,533,174,77
148,16.084149180130325,482,2.0,0.6311100125312805,781,750,136,131
151,16.084149180130325,482,2.0,0.4353286921977997,275,235,40,34
152,16.084149180130325,482,2.0,0.6760376691818237,1365,520,158,77
148,16.11751878423848,483,2.0,0.6965258717536926,797,771,140,136
151,16.11751878423848,483,2.0,0.43516650795936584,276,237,41,35
152,16.11751878423848,483,2.0,0.5607589483261108,1336,510,149,72
148,16.150888388346633,484,2.0,0.782372772693634,816,793,144,140
151,16.150888388346633,484,2.0,0.3092811703681946,276,239,42,36
152,16.150888388346633,484,2.0,0.656571626663208,1308,500,137,69
148,16.18425799245479,485,2.0,0.7074190974235535,833,814,150,148
151,16.18425799245479,485,2.0,0.2868591845035553,278,240,45,37
152,16.18425799245479,485,2.0,0.5218231081962585,1281,487,134,71
148,16.217627596562945,486,2.0,0.6997244954109192,852,835,157,157
151,16.217627596562945,486,2.0,0.4278142750263214,278,241,45,37
152,16.217627596562945,486,2.0,0.6923142075538635,1257,478,130,66
148,16.250997200671097,487,2.0,0.7821750640869141,872,858,163,165
151,16.250997200671097,487,2.0,0.45417094230651855,278,244,45,35
152,16.250997200671097,487,2.0,0.7349072694778442,1233,469,122,66
148,16.284366804779253,488,2.0,0.7178134918212891,895,882,169,175
151,16.284366804779253,488,2.0,0.41989997029304504,279,245,44,34
152,16.284366804779253,488,2.0,0.6663382053375244,1212,460,121,63
148,16.317736408887406,489,2.0,0.7520865797996521,918,911,179,183
151,16.317736408887406,489,2.0,0.32118692994117737,279,247,43,35
152,16.317736408887406,489,2.0,0.5693265795707703,1189,452,116,60
148,16.35110601299556,490,2.0,0.7334911823272705,944,936,187,200
151,16.35110601299556,490,2.0,0.2901275157928467,281,248,43,35
152,16.35110601299556,490,2.0,0.7132728695869446,1170,443,113,63
148,16.384475617103714,491,2.0,0.8643540740013123,971,970,198,198
151,16.384475617103714,491,2.0,0.3052833378314972,281,250,42,33
152,16.384475617103714,491,2.0,0.6724299788475037,1149,434,110,63
148,16.41784522121187,492,2.0,0.7687236666679382,998,986,205,187
151,16.41784522121187,492,2.0,0.3679903745651245,281,251,41,32
152,16.41784522121187,492,2.0,0.7232404351234436,1130,427,105,60
148,16.451214825320022,493,2.0,0.5003311634063721,1027,1003,215,153
151,16.451214825320022,493,2.0,0.31181636452674866,284,252,44,33
152,16.451214825320022,493,2.0,0.7711623311042786,1111,421,103,60
148,16.48458442942818,494,2.0,0.24774359166622162,1050,1011,205,137
151,16.48458442942818,494,2.0,0.3872743248939514,286,253,46,34
152,16.48458442942818,494,2.0,0.8121553659439087,1092,414,99,58
1,16.48458442942818,494,13.0,0.27863627672195435,1406,663,1022,571
151,16.51795403353633,495,2.0,0.42565464973449707,289,255,45,34
152,16.51795403353633,495,2.0,0.6721780896186829,1077,409,95,53
1,16.51795403353633,495,13.0,0.2005465179681778,1409,668,1015,554
151,16.551323637644487,496,2.0,0.4168873131275177,289,255,43,35
152,16.551323637644487,496,2.0,0.6290618777275085,1059,402,92,51
1,16.551323637644487,496,13.0,0.2899778485298157,1411,666,1013,559
151,16.58469324175264,497,2.0,0.6115709543228149,291,257,44,34
152,16.58469324175264,497,2.0,0.7488575577735901,1044,395,91,50
1,16.58469324175264,497,13.0,0.34011220932006836,1409,661,1015,571
151,16.618062845860795,498,2.0,0.5735464096069336,292,257,44,35
152,16.618062845860795,498,2.0,0.7707325220108032,1029,389,89,52
1,16.618062845860795,498,13.0,0.4370325803756714,1412,656,1010,580
151,16.651432449968947,499,2.0,0.7575068473815918,292,259,42,35
152,16.651432449968947,499,2.0,0.802934467792511,1015,382,88,52
1,16.651432449968947,499,13.0,0.4604955017566681,1412,654,1010,591
151,16.684802054077103,500,2.0,0.7028990387916565,291,261,42,34
152,16.684802054077103,500,2.0,0.6876277327537537,1001,378,85,51
1,16.684802054077103,500,13.0,0.444997638463974,1412,652,1009,592
151,16.718171658185256,501,2.0,0.7287260890007019,293,263,40,36
152,16.718171658185256,501,2.0,0.6770039200782776,989,373,86,50
1,16.718171658185256,501,13.0,0.5136980414390564,1408,649,1019,601
151,16.75154126229341,502,2.0,0.6415664553642273,293,264,40,37
152,16.75154126229341,502,2.0,0.48328089714050293,976,367,81,50
1,16.75154126229341,502,13.0,0.5291398763656616,1404,647,1025,608
151,16.784910866401564,503,2.0,0.7166134715080261,296,265,43,37
152,16.784910866401564,503,2.0,0.6194688081741333,962,362,78,49
1,16.784910866401564,503,13.0,0.5179837942123413,1406,648,1022,609
151,16.81828047050972,504,2.0,0.5931817889213562,297,267,45,41
152,16.81828047050972,504,2.0,0.7335987687110901,951,357,77,46
1,16.81828047050972,504,13.0,0.5180333256721497,1406,646,1023,613
151,16.851650074617872,505,2.0,0.5816760659217834,298,270,46,40
152,16.851650074617872,505,2.0,0.6855087876319885,938,352,75,44
1,16.851650074617872,505,13.0,0.4770347774028778,1404,648,1025,614
151,16.885019678726028,506,2.0,0.556675910949707,298,272,45,39
152,16.885019678726028,506,2.0,0.7851860523223877,926,348,73,42
1,16.885019678726028,506,13.0,0.5301521420478821,1405,648,1025,616
151,16.91838928283418,507,2.0,0.6306272149085999,301,273,49,40
152,16.91838928283418,507,2.0,0.7006946206092834,915,343,73,48
1,16.91838928283418,507,13.0,0.49434468150138855,1406,651,1022,617
151,16.951758886942336,508,2.0,0.7069748044013977,302,275,49,38
152,16.951758886942336,508,2.0,0.7973289489746094,904,339,76,47
1,16.951758886942336,508,13.0,0.4519471824169159,1404,650,1027,613
151,16.98512849105049,509,2.0,0.610761821269989,303,277,49,36
152,16.98512849105049,509,2.0,0.6733408570289612,893,335,71,45
1,16.98512849105049,509,13.0,0.4312276542186737,1401,651,1033,614
151,17.018498095158645,510,2.0,0.5350146889686584,303,279,48,38
152,17.018498095158645,510,2.0,0.6355456709861755,883,331,66,43
1,17.018498095158645,510,13.0,0.49864813685417175,1387,641,1058,645
151,17.051867699266797,511,2.0,0.6427142024040222,304,280,46,37
152,17.051867699266797,511,2.0,0.5444369316101074,872,327,66,42
1,17.051867699266797,511,13.0,0.48903927206993103,1382,638,1067,652
151,17.085237303374953,512,2.0,0.6104804277420044,304,283,44,37
152,17.085237303374953,512,2.0,0.7741396427154541,863,323,66,41
1,17.085237303374953,512,13.0,0.43499496579170227,1389,642,1056,635
151,17.118606907483105,513,2.0,0.3730994760990143,306,285,45,38
152,17.118606907483105,513,2.0,0.5312623381614685,854,318,65,43
1,17.118606907483105,513,13.0,0.6352306604385376,1380,628,1073,637
151,17.15197651159126,514,2.0,0.5016565322875977,309,287,46,40
152,17.15197651159126,514,2.0,0.5607553720474243,843,315,66,42
1,17.15197651159126,514,13.0,0.5709332227706909,1374,625,1083,633
151,17.185346115699414,515,2.0,0.4380875825881958,311,290,47,39
152,17.185346115699414,515,2.0,0.7235561609268188,834,311,63,39
1,17.185346115699414,515,13.0,0.5113846659660339,1374,629,1083,644
151,17.21871571980757,516,2.0,0.4547412395477295,315,292,51,41
152,17.21871571980757,516,2.0,0.6895512938499451,825,308,64,39
1,17.21871571980757,516,13.0,0.487983375787735,1374,633,1083,642
151,17.252085323915722,517,2.0,0.4935513436794281,315,292,52,43
152,17.252085323915722,517,2.0,0.6003270149230957,815,304,63,37
1,17.252085323915722,517,13.0,0.46297046542167664,1376,634,1079,642
151,17.285454928023878,518,2.0,0.5694683194160461,315,294,53,45
152,17.285454928023878,518,2.0,0.5460087060928345,808,300,62,36
1,17.285454928023878,518,13.0,0.4335174560546875,1386,640,1062,627
151,17.318824532132034,519,2.0,0.4335242807865143,314,296,54,46
152,17.318824532132034,519,2.0,0.6003064513206482,801,298,61,37
1,17.318824532132034,519,13.0,0.4626731276512146,1388,645,1058,624
151,17.352194136240186,520,2.0,0.49286386370658875,317,298,59,46
152,17.352194136240186,520,2.0,0.6738147139549255,794,294,59,38
1,17.352194136240186,520,13.0,0.4341157078742981,1389,644,1056,620
151,17.385563740348342,521,2.0,0.3879343867301941,321,300,60,44
152,17.385563740348342,521,2.0,0.6153813600540161,785,292,57,37
1,17.385563740348342,521,13.0,0.458735853433609,1393,646,1050,626
151,17.418933344456494,522,2.0,0.39725935459136963,320,303,56,44
152,17.418933344456494,522,2.0,0.6673251390457153,776,290,56,38
1,17.418933344456494,522,13.0,0.42718151211738586,1392,646,1051,614
151,17.45230294856465,523,2.0,0.40229281783103943,323,306,57,47
152,17.45230294856465,523,2.0,0.7139602899551392,768,288,55,36
1,17.45230294856465,523,13.0,0.41320937871932983,1394,641,1048,600
151,17.485672552672803,524,2.0,0.4703626334667206,324,308,57,47
152,17.485672552672803,524,2.0,0.69155353307724,761,285,54,33
1,17.485672552672803,524,13.0,0.4351351261138916,1396,640,1043,590
151,17.51904215678096,525,2.0,0.40323564410209656,325,310,56,48
152,17.51904215678096,525,2.0,0.7831293344497681,754,281,54,33
1,17.51904215678096,525,13.0,0.4312973618507385,1399,639,1038,577
151,17.55241176088911,526,2.0,0.4817676544189453,326,313,54,47
152,17.55241176088911,526,2.0,0.6740221977233887,747,279,53,33
1,17.55241176088911,526,13.0,0.45157095789909363,1399,637,1036,574
151,17.585781364997267,527,2.0,0.45128706097602844,328,315,56,51
152,17.585781364997267,527,2.0,0.3800947070121765,740,276,54,34
1,17.585781364997267,527,13.0,0.463920921087265,1400,638,1035,574
155,17.585781364997267,527,2.0,0.6846413612365723,1852,659,133,97
151,17.61915096910542,528,2.0,0.5270535945892334,328,319,55,45
152,17.61915096910542,528,2.0,0.595005214214325,733,273,53,34
1,17.61915096910542,528,13.0,0.3105316460132599,1399,638,1038,567
155,17.61915096910542,528,2.0,0.8508284687995911,1839,649,158,96
151,17.652520573213575,529,2.0,0.4613651633262634,329,320,56,45
152,17.652520573213575,529,2.0,0.6872249245643616,726,270,51,34
1,17.652520573213575,529,13.0,0.3331948518753052,1398,636,1040,561
155,17.652520573213575,529,2.0,0.8952283263206482,1824,638,188,96
151,17.685890177321728,530,2.0,0.5370892286300659,333,323,63,47
152,17.685890177321728,530,2.0,0.6724413633346558,720,267,50,34
1,17.685890177321728,530,13.0,0.40381550788879395,1399,634,1035,560
155,17.685890177321728,530,2.0,0.8705376386642456,1803,627,202,96
151,17.719259781429884,531,2.0,0.614144504070282,334,325,62,48
152,17.719259781429884,531,2.0,0.5930489301681519,713,265,49,32
1,17.719259781429884,531,13.0,0.3713468909263611,1401,633,1031,558
155,17.719259781429884,531,2.0,0.9075167179107666,1773,616,201,96
151,17.752629385538036,532,2.0,0.5999411940574646,335,329,60,52
152,17.752629385538036,532,2.0,0.5880168080329895,706,263,49,32
1,17.752629385538036,532,13.0,0.2723725736141205,1404,634,1027,559
155,17.752629385538036,532,2.0,0.861440896987915,1743,605,199,93
151,17.785998989646192,533,2.0,0.6014084219932556,336,332,57,52
152,17.785998989646192,533,2.0,0.6462592482566833,700,261,45,29
1,17.785998989646192,533,13.0,0.4046434462070465,1402,634,1031,558
155,17.785998989646192,533,2.0,0.8639375567436218,1713,594,189,90
151,17.819368593754344,534,2.0,0.5079036355018616,338,336,55,51
152,17.819368593754344,534,2.0,0.596611738204956,694,259,47,29
1,17.819368593754344,534,13.0,0.2845454216003418,1401,636,1032,565
155,17.819368593754344,534,2.0,0.8837198615074158,1684,585,183,89
151,17.8527381978625,535,2.0,0.4522438943386078,342,339,62,53
152,17.8527381978625,535,2.0,0.55641770362854,688,257,46,28
1,17.8527381978625,535,13.0,0.38044193387031555,1398,636,1038,566
155,17.8527381978625,535,2.0,0.8168933391571045,1657,576,176,86
151,17.886107801970653,536,2.0,0.4775886535644531,342,340,62,53
152,17.886107801970653,536,2.0,0.5569794774055481,684,254,46,29
1,17.886107801970653,536,13.0,0.22737057507038116,1402,643,1030,572
155,17.886107801970653,536,2.0,0.8545283079147339,1630,567,170,84
156,17.886107801970653,536,2.0,0.3838905096054077,353,337,87,58
151,17.91947740607881,537,2.0,0.3512408435344696,342,342,63,52
152,17.91947740607881,537,2.0,0.31573987007141113,679,253,44,28
1,17.91947740607881,537,13.0,0.3200298845767975,1404,650,1027,588
155,17.91947740607881,537,2.0,0.8565855026245117,1605,558,167,82
156,17.91947740607881,537,2.0,0.232014000415802,352,338,86,58
151,17.95284701018696,538,2.0,0.42462095618247986,343,346,62,49
152,17.95284701018696,538,2.0,0.45278140902519226,673,250,46,31
1,17.95284701018696,538,13.0,0.13006992638111115,1405,658,1025,598
155,17.95284701018696,538,2.0,0.8545982837677002,1579,550,161,77
156,17.95284701018696,538,2.0,0.2080216109752655,352,347,82,49
152,17.986216614295117,539,2.0,0.32160332798957825,668,248,48,32
1,17.986216614295117,539,13.0,0.1682112067937851,1407,660,1022,597
155,17.986216614295117,539,2.0,0.791295051574707,1556,542,155,77
156,17.986216614295117,539,2.0,0.3230137825012207,350,352,71,53
152,18.01958621840327,540,2.0,0.22950705885887146,662,247,45,29
155,18.01958621840327,540,2.0,0.8429852724075317,1536,533,151,75
156,18.01958621840327,540,2.0,0.3699159324169159,348,355,66,52
152,18.052955822511425,541,2.0,0.40272194147109985,656,244,43,29
155,18.052955822511425,541,2.0,0.8175504207611084,1514,526,146,75
156,18.052955822511425,541,2.0,0.3927002251148224,350,357,59,51
152,18.086325426619577,542,2.0,0.35097190737724304,651,241,42,29
155,18.086325426619577,542,2.0,0.8180544972419739,1494,519,142,75
156,18.086325426619577,542,2.0,0.40303531289100647,356,361,62,55
152,18.119695030727733,543,2.0,0.3568311035633087,647,239,39,28
155,18.119695030727733,543,2.0,0.8486776351928711,1473,511,141,74
156,18.119695030727733,543,2.0,0.4174672067165375,355,365,64,57
152,18.153064634835886,544,2.0,0.4411921203136444,643,237,39,28
155,18.153064634835886,544,2.0,0.8905878067016602,1454,504,137,70
156,18.153064634835886,544,2.0,0.49431729316711426,357,367,59,58
1,18.153064634835886,544,13.0,0.2962200343608856,1407,650,1020,582
152,18.18643423894404,545,2.0,0.48488739132881165,637,236,43,27
155,18.18643423894404,545,2.0,0.7650390267372131,1435,497,133,68
156,18.18643423894404,545,2.0,0.44563767313957214,356,371,62,59
1,18.18643423894404,545,13.0,0.20769593119621277,1409,653,1016,599
152,18.219803843052194,546,2.0,0.5353416204452515,632,234,43,27
155,18.219803843052194,546,2.0,0.7597686052322388,1416,489,131,67
156,18.219803843052194,546,2.0,0.4759911298751831,360,376,59,58
1,18.219803843052194,546,13.0,0.1279154270887375,1411,650,1014,597
152,18.25317344716035,547,2.0,0.38193610310554504,627,234,41,26
155,18.25317344716035,547,2.0,0.7647847533226013,1397,483,129,65
156,18.25317344716035,547,2.0,0.5233439803123474,364,379,62,59
1,18.25317344716035,547,13.0,0.16414780914783478,1411,652,1015,605
152,18.286543051268502,548,2.0,0.31144076585769653,622,232,43,27
155,18.286543051268502,548,2.0,0.8376867771148682,1380,477,126,64
156,18.286543051268502,548,2.0,0.5022835731506348,366,388,62,51
1,18.286543051268502,548,13.0,0.13864687085151672,1410,651,1015,603
151,18.286543051268502,548,2.0,0.38092559576034546,364,382,70,64
152,18.31991265537666,549,2.0,0.36262837052345276,619,231,42,26
155,18.31991265537666,549,2.0,0.8026895523071289,1364,472,122,63
156,18.31991265537666,549,2.0,0.4005391299724579,368,396,61,43
1,18.31991265537666,549,13.0,0.24835807085037231,1408,647,1019,608
151,18.31991265537666,549,2.0,0.3310498297214508,369,386,73,64
152,18.353282259484814,550,2.0,0.17439928650856018,614,228,43,29
155,18.353282259484814,550,2.0,0.8376479148864746,1346,465,122,62
1,18.353282259484814,550,13.0,0.3050704300403595,1407,645,1023,608
151,18.353282259484814,550,2.0,0.4740050733089447,370,389,67,60
152,18.386651863592967,551,2.0,0.11393599957227707,611,227,42,28
155,18.386651863592967,551,2.0,0.5373192429542542,1331,459,117,62
1,18.386651863592967,551,13.0,0.20794038474559784,1409,645,1019,602
151,18.386651863592967,551,2.0,0.28493398427963257,373,395,70,64
155,18.420021467701122,552,2.0,0.7920432686805725,1316,455,113,64
1,18.420021467701122,552,13.0,0.2027650624513626,1407,644,1021,586
151,18.420021467701122,552,2.0,0.46570923924446106,374,399,67,65
155,18.453391071809275,553,2.0,0.8206593990325928,1301,449,112,61
1,18.453391071809275,553,13.0,0.21295921504497528,1407,642,1021,583
151,18.453391071809275,553,2.0,0.5548250079154968,378,405,66,64
152,18.453391071809275,553,2.0,0.3619552254676819,602,224,39,29
155,18.48676067591743,554,2.0,0.8140633702278137,1287,443,109,60
1,18.48676067591743,554,13.0,0.21925391256809235,1409,639,1017,582
151,18.48676067591743,554,2.0,0.3782848119735718,380,408,69,66
152,18.48676067591743,554,2.0,0.22861799597740173,598,223,40,28
155,18.520130280025583,555,2.0,0.7151697874069214,1272,437,108,59
151,18.520130280025583,555,2.0,0.3443015217781067,385,412,68,63
152,18.520130280025583,555,2.0,0.30081117153167725,594,220,36,26
155,18.55349988413374,556,2.0,0.8353015184402466,1258,432,106,58
151,18.55349988413374,556,2.0,0.3381616473197937,387,416,69,69
152,18.55349988413374,556,2.0,0.32226765155792236,588,220,38,25
155,18.58686948824189,557,2.0,0.8016712069511414,1245,429,107,58
151,18.58686948824189,557,2.0,0.3561813533306122,390,423,71,68
152,18.58686948824189,557,2.0,0.15580035746097565,585,219,37,24
155,18.620239092350047,558,2.0,0.7062581181526184,1232,424,103,57
151,18.620239092350047,558,2.0,0.5348865985870361,392,428,72,70
152,18.620239092350047,558,2.0,0.47392991185188293,581,218,34,24
155,18.6536086964582,559,2.0,0.5786939263343811,1217,419,100,55
151,18.6536086964582,559,2.0,0.2005266547203064,394,433,76,68
152,18.6536086964582,559,2.0,0.29949140548706055,577,214,32,26
155,18.686978300566356,560,2.0,0.5036152601242065,1205,414,101,54
151,18.686978300566356,560,2.0,0.2223498821258545,396,436,76,73
152,18.686978300566356,560,2.0,0.3090163767337799,573,213,34,25
155,18.720347904674508,561,2.0,0.6399727463722229,1192,410,99,54
151,18.720347904674508,561,2.0,0.2947610318660736,399,442,77,74
152,18.720347904674508,561,2.0,0.3610360026359558,569,212,36,25
155,18.753717508782664,562,2.0,0.7231239676475525,1181,407,96,53
151,18.753717508782664,562,2.0,0.3356117010116577,402,449,79,74
152,18.753717508782664,562,2.0,0.3074081540107727,565,211,36,25
155,18.787087112890816,563,2.0,0.6793615221977234,1170,402,93,52
151,18.787087112890816,563,2.0,0.40643373131752014,406,455,79,72
152,18.787087112890816,563,2.0,0.3062402904033661,561,210,35,25
155,18.820456716998972,564,2.0,0.6925808787345886,1158,396,91,55
151,18.820456716998972,564,2.0,0.25824469327926636,407,459,83,77
152,18.820456716998972,564,2.0,0.20325247943401337,557,209,34,23
155,18.853826321107125,565,2.0,0.7303041815757751,1147,391,90,54
151,18.853826321107125,565,2.0,0.27809077501296997,412,465,86,81
152,18.853826321107125,565,2.0,0.30524834990501404,554,209,34,23
1,18.853826321107125,565,13.0,0.28434938192367554,1405,645,1026,575
155,18.88719592521528,566,2.0,0.7724636197090149,1138,388,91,51
151,18.88719592521528,566,2.0,0.3437654376029968,416,473,83,78
152,18.88719592521528,566,2.0,0.29686442017555237,552,208,34,23
1,18.88719592521528,566,13.0,0.19642548263072968,1405,645,1025,568
155,18.920565529323433,567,2.0,0.6305813789367676,1126,385,89,51
151,18.920565529323433,567,2.0,0.2351212501525879,419,477,81,79
152,18.920565529323433,567,2.0,0.2741319537162781,549,208,34,22
1,18.920565529323433,567,13.0,0.4226265549659729,1405,645,1025,569
155,18.95393513343159,568,2.0,0.7404438853263855,1115,382,89,50
151,18.95393513343159,568,2.0,0.44741761684417725,424,484,79,83
152,18.95393513343159,568,2.0,0.2915986478328705,546,208,32,23
1,18.95393513343159,568,13.0,0.32558244466781616,1405,646,1025,568
155,18.98730473753974,569,2.0,0.6346028447151184,1104,379,87,50
151,18.98730473753974,569,2.0,0.24721619486808777,427,492,82,82
152,18.98730473753974,569,2.0,0.1618160605430603,542,206,35,26
1,18.98730473753974,569,13.0,0.3440372049808502,1404,644,1027,571
155,19.020674341647897,570,2.0,0.5391808748245239,1095,375,86,48
151,19.020674341647897,570,2.0,0.39330238103866577,430,498,89,85
152,19.020674341647897,570,2.0,0.15527226030826569,537,204,35,28
1,19.020674341647897,570,13.0,0.23483219742774963,1405,642,1023,572
155,19.05404394575605,571,2.0,0.4345034956932068,1084,372,83,45
151,19.05404394575605,571,2.0,0.32721737027168274,438,503,96,94
152,19.05404394575605,571,2.0,0.2849569022655487,534,202,35,28
1,19.05404394575605,571,13.0,0.2778797447681427,1406,641,1022,575
155,19.087413549864205,572,2.0,0.46880650520324707,1074,369,83,45
151,19.087413549864205,572,2.0,0.3693664073944092,452,509,117,99
152,19.087413549864205,572,2.0,0.2035544216632843,531,202,33,28
1,19.087413549864205,572,13.0,0.33395224809646606,1405,640,1024,579
155,19.120783153972358,573,2.0,0.648364782333374,1065,366,82,47
151,19.120783153972358,573,2.0,0.47333651781082153,449,515,110,101
152,19.120783153972358,573,2.0,0.20910607278347015,529,201,36,28
1,19.120783153972358,573,13.0,0.34089359641075134,1405,641,1023,582
155,19.154152758080514,574,2.0,0.6262538433074951,1056,362,82,48
151,19.154152758080514,574,2.0,0.512873649597168,449,522,107,106
152,19.154152758080514,574,2.0,0.1952134072780609,525,199,36,26
1,19.154152758080514,574,13.0,0.3973267078399658,1406,639,1022,587
155,19.187522362188666,575,2.0,0.5553447604179382,1046,359,83,50
151,19.187522362188666,575,2.0,0.45758503675460815,452,532,104,102
152,19.187522362188666,575,2.0,0.24628187716007233,523,198,35,24
1,19.187522362188666,575,13.0,0.3525037467479706,1405,639,1023,589
155,19.220891966296822,576,2.0,0.5328878164291382,1036,356,81,50
151,19.220891966296822,576,2.0,0.5763694047927856,455,542,103,102
152,19.220891966296822,576,2.0,0.2466607391834259,520,198,31,23
1,19.220891966296822,576,13.0,0.3749065697193146,1408,638,1019,589
155,19.254261570404974,577,2.0,0.5875433683395386,1027,352,78,46
151,19.254261570404974,577,2.0,0.4886642098426819,461,552,104,105
152,19.254261570404974,577,2.0,0.15874332189559937,517,197,30,22
1,19.254261570404974,577,13.0,0.2731494903564453,1409,637,1017,590
155,19.28763117451313,578,2.0,0.6705359816551208,1019,349,76,45
151,19.28763117451313,578,2.0,0.49104073643684387,466,559,105,106
1,19.28763117451313,578,13.0,0.22117969393730164,1408,636,1018,592
155,19.321000778621283,579,2.0,0.5130123496055603,1010,346,78,45
151,19.321000778621283,579,2.0,0.5508400201797485,471,570,107,108
1,19.321000778621283,579,13.0,0.17315728962421417,1408,634,1019,592
155,19.35437038272944,580,2.0,0.6042666435241699,1003,344,76,45
151,19.35437038272944,580,2.0,0.4985537827014923,476,579,107,111
1,19.35437038272944,580,13.0,0.20098763704299927,1404,632,1027,596
155,19.38773998683759,581,2.0,0.7387279868125916,995,342,73,45
151,19.38773998683759,581,2.0,0.4375324249267578,482,591,110,115
1,19.38773998683759,581,13.0,0.22174832224845886,1405,634,1025,595
155,19.421109590945747,582,2.0,0.5271455645561218,988,338,74,44
151,19.421109590945747,582,2.0,0.5333720445632935,490,600,112,117
1,19.421109590945747,582,13.0,0.22742526233196259,1403,632,1029,600
155,19.454479195053903,583,2.0,0.421923965215683,979,334,73,42
151,19.454479195053903,583,2.0,0.5205165147781372,492,610,116,118
1,19.454479195053903,583,13.0,0.2750035524368286,1403,631,1028,599
155,19.487848799162055,584,2.0,0.3771754503250122,971,331,74,43
151,19.487848799162055,584,2.0,0.46053194999694824,498,620,121,119
1,19.487848799162055,584,13.0,0.3204553723335266,1401,633,1033,603
155,19.52121840327021,585,2.0,0.2630650997161865,963,328,74,44
151,19.52121840327021,585,2.0,0.43590667843818665,505,634,126,127
1,19.52121840327021,585,13.0,0.3008063733577728,1401,633,1032,600
155,19.554588007378364,586,2.0,0.19573275744915009,956,325,72,43
151,19.554588007378364,586,2.0,0.36158841848373413,511,645,128,132
1,19.554588007378364,586,13.0,0.3155311942100525,1398,630,1038,602
155,19.58795761148652,587,2.0,0.4925416111946106,948,323,68,41
151,19.58795761148652,587,2.0,0.394676148891449,519,658,130,136
1,19.58795761148652,587,13.0,0.3519568145275116,1397,629,1042,603
155,19.621327215594672,588,13.0,0.1976296454668045,941,321,70,41
151,19.621327215594672,588,2.0,0.4229887127876282,526,672,135,140
1,19.621327215594672,588,13.0,0.45221081376075745,1396,625,1042,616
155,19.654696819702828,589,2.0,0.49947497248649597,934,319,68,39
151,19.654696819702828,589,2.0,0.5735461711883545,535,684,135,142
1,19.654696819702828,589,13.0,0.4592590034008026,1395,619,1042,619
155,19.68806642381098,590,2.0,0.5176106691360474,927,317,66,37
151,19.68806642381098,590,2.0,0.5095665454864502,543,698,140,145
1,19.68806642381098,590,13.0,0.5267271995544434,1394,616,1044,625
155,19.721436027919136,591,2.0,0.4630536735057831,920,314,66,40
151,19.721436027919136,591,2.0,0.5919176340103149,551,713,142,153
1,19.721436027919136,591,13.0,0.5814103484153748,1390,613,1050,629
155,19.75480563202729,592,2.0,0.3332887291908264,912,311,67,39
151,19.75480563202729,592,2.0,0.39761605858802795,560,730,148,159
1,19.75480563202729,592,13.0,0.5512439608573914,1390,614,1050,627
155,19.788175236135444,593,2.0,0.6376881003379822,906,309,68,39
151,19.788175236135444,593,2.0,0.6087471842765808,568,745,154,165
1,19.788175236135444,593,13.0,0.47344183921813965,1394,618,1044,626
155,19.821544840243597,594,2.0,0.40774762630462646,898,306,64,40
151,19.821544840243597,594,2.0,0.5419268608093262,577,762,159,174
1,19.821544840243597,594,13.0,0.4608781933784485,1394,616,1045,632
155,19.854914444351753,595,2.0,0.11720328032970428,892,304,64,40
151,19.854914444351753,595,2.0,0.5141494274139404,587,779,163,177
1,19.854914444351753,595,13.0,0.5069255828857422,1392,613,1050,644
155,19.888284048459905,596,2.0,0.3606570363044739,887,301,64,38
151,19.888284048459905,596,2.0,0.6839983463287354,599,800,168,187
1,19.888284048459905,596,13.0,0.5231500864028931,1394,611,1047,648
155,19.92165365256806,597,2.0,0.5859344005584717,882,300,64,37
151,19.92165365256806,597,2.0,0.44339868426322937,610,816,169,186
1,19.92165365256806,597,13.0,0.47775474190711975,1395,614,1044,645
155,19.955023256676213,598,2.0,0.45835110545158386,876,298,65,37
151,19.955023256676213,598,2.0,0.5592032670974731,622,838,178,199
1,19.955023256676213,598,13.0,0.47176244854927063,1394,611,1046,651
155,19.98839286078437,599,2.0,0.20727159082889557,868,297,63,40
151,19.98839286078437,599,7.0,0.34020233154296875,632,860,186,207
1,19.98839286078437,599,13.0,0.48968198895454407,1396,617,1042,634
155,20.02176246489252,600,2.0,0.3849911689758301,862,294,61,39
151,20.02176246489252,600,2.0,0.6835878491401672,644,880,193,213
1,20.02176246489252,600,13.0,0.4633147418498993,1395,614,1044,637
155,20.055132069000678,601,2.0,0.5163320899009705,857,293,60,37
151,20.055132069000678,601,7.0,0.39933687448501587,658,909,200,229
1,20.055132069000678,601,13.0,0.49299025535583496,1399,622,1036,621
155,20.08850167310883,602,2.0,0.43028175830841064,852,289,60,37
151,20.08850167310883,602,2.0,0.7329486608505249,674,935,206,240
1,20.08850167310883,602,13.0,0.48223578929901123,1401,627,1033,617
155,20.121871277216986,603,2.0,0.3443073630332947,845,288,59,37
151,20.121871277216986,603,7.0,0.11268923431634903,687,954,210,233
1,20.121871277216986,603,13.0,0.6423084735870361,1384,614,1064,656
155,20.15524088132514,604,2.0,0.2878898084163666,839,286,58,35
1,20.15524088132514,604,13.0,0.7211387157440186,1379,609,1075,669
155,20.188610485433294,605,2.0,0.3834475874900818,835,284,58,34
1,20.188610485433294,605,13.0,0.6935919523239136,1378,609,1077,674
155,20.221980089541447,606,2.0,0.31465548276901245,829,282,58,33
1,20.221980089541447,606,13.0,0.6447792649269104,1375,607,1082,678
155,20.255349693649602,607,2.0,0.25343799591064453,824,279,55,33
1,20.255349693649602,607,13.0,0.6444584727287292,1373,606,1086,682
155,20.288719297757755,608,2.0,0.37222057580947876,818,276,58,36
1,20.288719297757755,608,13.0,0.612801730632782,1372,607,1088,685
155,20.32208890186591,609,2.0,0.40522876381874084,814,275,57,36
1,20.32208890186591,609,13.0,0.6434065103530884,1374,608,1084,683
155,20.355458505974063,610,2.0,0.38974592089653015,808,274,59,35
1,20.355458505974063,610,13.0,0.654155969619751,1370,606,1092,691
155,20.38882811008222,611,2.0,0.31371042132377625,804,273,57,35
1,20.38882811008222,611,13.0,0.6364440321922302,1372,606,1088,693
155,20.42219771419037,612,2.0,0.316592276096344,799,272,53,34
1,20.42219771419037,612,13.0,0.6659250259399414,1369,607,1094,702
155,20.455567318298527,613,2.0,0.46692773699760437,794,270,54,33
1,20.455567318298527,613,13.0,0.6658119559288025,1366,608,1100,710
155,20.48893692240668,614,2.0,0.44654515385627747,789,269,52,34
1,20.48893692240668,614,13.0,0.6262603402137756,1363,609,1107,717
155,20.522306526514836,615,2.0,0.5540487170219421,785,267,54,33
1,20.522306526514836,615,13.0,0.6213757991790771,1362,610,1107,721
155,20.55567613062299,616,2.0,0.5583091378211975,780,265,54,34
1,20.55567613062299,616,13.0,0.5700845122337341,1360,611,1111,721
155,20.589045734731144,617,2.0,0.537247896194458,774,263,50,33
1,20.589045734731144,617,13.0,0.575461745262146,1363,611,1106,718
155,20.6224153388393,618,2.0,0.46527764201164246,769,263,51,33
1,20.6224153388393,618,13.0,0.5867513418197632,1366,613,1100,718
155,20.655784942947452,619,2.0,0.5268484354019165,765,261,51,31
1,20.655784942947452,619,13.0,0.6019614934921265,1368,615,1096,715
155,20.689154547055608,620,2.0,0.4134255647659302,761,259,50,29
1,20.689154547055608,620,13.0,0.5864742994308472,1369,617,1093,715
155,20.72252415116376,621,2.0,0.3324390649795532,757,258,48,28
1,20.72252415116376,621,13.0,0.5934473276138306,1371,617,1089,714
155,20.755893755271916,622,2.0,0.24963223934173584,753,255,46,27
1,20.755893755271916,622,13.0,0.5520792007446289,1374,625,1088,734
155,20.78926335938007,623,2.0,0.22569863498210907,749,253,48,32
1,20.78926335938007,623,13.0,0.5628737807273865,1367,625,1102,742
155,20.822632963488225,624,2.0,0.30332839488983154,744,252,50,33
1,20.822632963488225,624,13.0,0.6066846251487732,1365,618,1104,728
155,20.856002567596377,625,2.0,0.15756183862686157,741,251,50,32
1,20.856002567596377,625,13.0,0.5556676387786865,1366,613,1101,718
155,20.889372171704533,626,2.0,0.24230508506298065,736,249,54,31
1,20.889372171704533,626,13.0,0.5022084712982178,1369,613,1094,713
155,20.922741775812685,627,2.0,0.22407452762126923,731,249,54,31
1,20.922741775812685,627,13.0,0.5050404667854309,1370,612,1092,710
155,20.95611137992084,628,2.0,0.41594842076301575,727,248,49,30
1,20.95611137992084,628,13.0,0.5305944681167603,1372,615,1087,705
155,20.989480984028994,629,2.0,0.31094691157341003,724,247,47,28
1,20.989480984028994,629,13.0,0.5234203934669495,1375,615,1081,700
155,21.02285058813715,630,2.0,0.2670774459838867,718,246,46,30
1,21.02285058813715,630,13.0,0.4575689136981964,1376,615,1079,706
155,21.056220192245302,631,2.0,0.26978227496147156,715,245,45,30
1,21.056220192245302,631,13.0,0.5540298223495483,1386,639,1062,677
155,21.089589796353458,632,2.0,0.2907886505126953,711,243,44,30
1,21.089589796353458,632,13.0,0.5180961489677429,1391,649,1054,663
155,21.12295940046161,633,2.0,0.3614110052585602,708,242,44,30
1,21.12295940046161,633,13.0,0.5509141087532043,1392,653,1053,651
155,21.156329004569766,634,2.0,0.3943433165550232,704,241,43,32
1,21.156329004569766,634,13.0,0.5585978627204895,1392,654,1053,656
155,21.18969860867792,635,2.0,0.23654034733772278,701,239,42,31
1,21.18969860867792,635,13.0,0.49861836433410645,1392,646,1053,662
155,21.223068212786075,636,2.0,0.33001071214675903,697,239,45,29
1,21.223068212786075,636,13.0,0.5119513273239136,1392,645,1052,665
155,21.256437816894227,637,2.0,0.19607363641262054,694,238,46,29
1,21.256437816894227,637,13.0,0.41817036271095276,1392,627,1054,690
155,21.289807421002383,638,2.0,0.179029181599617,690,236,44,28
1,21.289807421002383,638,13.0,0.4284641444683075,1386,612,1061,708
1,21.323177025110535,639,13.0,0.3887198865413666,1384,607,1062,722
1,21.35654662921869,640,13.0,0.45480623841285706,1388,624,1059,709
1,21.389916233326844,641,13.0,0.43537676334381104,1390,627,1056,703
1,21.423285837435,642,13.0,0.4573885202407837,1392,637,1052,689
1,21.456655441543152,643,13.0,0.49990013241767883,1394,645,1048,676
1,21.490025045651308,644,13.0,0.512094259262085,1396,651,1046,666
1,21.52339464975946,645,13.0,0.4919998347759247,1395,643,1048,684
1,21.556764253867616,646,13.0,0.46776074171066284,1394,636,1050,702
1,21.590133857975772,647,13.0,0.5005037784576416,1393,637,1051,705
1,21.623503462083924,648,13.0,0.5649190545082092,1393,645,1051,693
1,21.65687306619208,649,13.0,0.564012885093689,1394,649,1048,693
1,21.690242670300233,650,13.0,0.546265184879303,1396,648,1046,693
1,21.72361227440839,651,13.0,0.49527037143707275,1394,650,1048,700
1,21.75698187851654,652,13.0,0.4733676612377167,1394,640,1049,706
1,21.790351482624697,653,13.0,0.4551496207714081,1394,637,1047,716
1,21.82372108673285,654,13.0,0.4917190372943878,1394,640,1048,713
1,21.857090690841005,655,13.0,0.5429345369338989,1393,640,1051,710
1,21.890460294949158,656,13.0,0.6197185516357422,1393,651,1051,690
1,21.923829899057313,657,13.0,0.6183841824531555,1392,649,1053,696
1,21.957199503165466,658,13.0,0.637759268283844,1390,652,1056,702
1,21.990569107273622,659,13.0,0.6012147665023804,1392,652,1054,697
1,22.023938711381774,660,13.0,0.6098389625549316,1391,648,1056,700
1,22.05730831548993,661,13.0,0.569892406463623,1390,639,1057,705
1,22.090677919598082,662,13.0,0.5431728363037109,1391,635,1055,702
1,22.12404752370624,663,13.0,0.5604547262191772,1390,636,1057,708
1,22.15741712781439,664,13.0,0.5897117853164673,1395,649,1046,691
1,22.190786731922547,665,13.0,0.5981388688087463,1398,655,1041,677
1,22.2241563360307,666,13.0,0.5819305777549744,1397,652,1044,682
1,22.257525940138855,667,13.0,0.5941228866577148,1398,657,1041,688
1,22.290895544247007,668,13.0,0.5998038053512573,1399,659,1039,683
1,22.324265148355163,669,13.0,0.6566044688224792,1398,661,1041,668
1,22.357634752463316,670,13.0,0.6742243766784668,1399,665,1040,670
1,22.39100435657147,671,13.0,0.6728370189666748,1399,668,1040,670
1,22.424373960679624,672,13.0,0.6318079829216003,1398,665,1041,655
1,22.45774356478778,673,13.0,0.618177592754364,1399,661,1039,644
162,22.45774356478778,673,2.0,0.5176252126693726,1899,552,39,45
1,22.491113168895932,674,13.0,0.6388055682182312,1400,659,1037,639
162,22.491113168895932,674,2.0,0.31778568029403687,1896,551,44,47
1,22.524482773004088,675,13.0,0.6477435827255249,1399,654,1038,627
162,22.524482773004088,675,2.0,0.3680975139141083,1894,551,49,47
1,22.55785237711224,676,13.0,0.6314791440963745,1397,653,1041,625
162,22.55785237711224,676,2.0,0.22384363412857056,1891,552,55,49
1,22.591221981220396,677,13.0,0.6225166916847229,1398,652,1041,622
162,22.591221981220396,677,2.0,0.4747786223888397,1889,552,58,53
1,22.62459158532855,678,13.0,0.5953413844108582,1398,654,1041,639
1,22.657961189436705,679,13.0,0.6044312715530396,1398,659,1041,653
1,22.69133079354486,680,13.0,0.6042472720146179,1399,658,1039,663
1,22.724700397653013,681,13.0,0.6061851978302002,1398,657,1041,674
1,22.75807000176117,682,13.0,0.6196915507316589,1397,661,1044,688
1,22.79143960586932,683,13.0,0.6087117791175842,1396,662,1047,700
162,22.79143960586932,683,2.0,0.3457808792591095,1885,551,65,47
1,22.824809209977477,684,13.0,0.5651829242706299,1396,662,1046,697
162,22.824809209977477,684,2.0,0.29731351137161255,1882,551,71,46
1,22.85817881408563,685,13.0,0.5717759132385254,1397,663,1043,687
162,22.85817881408563,685,2.0,0.29623356461524963,1880,548,76,45
1,22.891548418193786,686,13.0,0.540067195892334,1399,662,1040,687
162,22.891548418193786,686,2.0,0.29703307151794434,1878,548,81,43
1,22.924918022301938,687,13.0,0.5804467797279358,1399,665,1040,689
162,22.924918022301938,687,2.0,0.4276990294456482,1875,548,85,40
1,22.958287626410094,688,13.0,0.6079457402229309,1398,665,1041,696
162,22.958287626410094,688,2.0,0.3966561555862427,1873,549,89,39
1,22.991657230518246,689,13.0,0.6319537162780762,1398,666,1042,693
162,22.991657230518246,689,2.0,0.39495524764060974,1869,551,97,42
1,23.025026834626402,690,13.0,0.6384069919586182,1398,665,1042,691
162,23.025026834626402,690,2.0,0.46653515100479126,1867,551,99,39
1,23.058396438734555,691,13.0,0.650903582572937,1397,666,1043,690
162,23.058396438734555,691,2.0,0.41232213377952576,1866,550,104,46
1,23.09176604284271,692,13.0,0.6398037672042847,1396,668,1045,686
1,23.125135646950863,693,13.0,0.632421612739563,1395,670,1047,688
1,23.15850525105902,694,13.0,0.6689573526382446,1394,672,1049,689
1,23.19187485516717,695,13.0,0.6704572439193726,1393,672,1051,689
1,23.225244459275327,696,13.0,0.6374970078468323,1391,667,1055,702
1,23.25861406338348,697,13.0,0.6488836407661438,1390,670,1057,700
1,23.291983667491635,698,13.0,0.6270559430122375,1390,669,1057,698
1,23.325353271599788,699,13.0,0.6036984324455261,1391,669,1056,693
1,23.358722875707944,700,13.0,0.6017544865608215,1391,670,1055,689
1,23.392092479816096,701,13.0,0.574759840965271,1394,672,1051,686
1,23.425462083924252,702,13.0,0.5727351903915405,1393,671,1051,679
1,23.458831688032404,703,13.0,0.5581430792808533,1394,671,1049,679
1,23.49220129214056,704,13.0,0.5334401726722717,1393,669,1052,680
1,23.525570896248713,705,13.0,0.5185190439224243,1392,666,1053,684
1,23.55894050035687,706,13.0,0.5549392104148865,1394,669,1049,683
1,23.59231010446502,707,13.0,0.5480806827545166,1396,670,1045,678
1,23.625679708573177,708,13.0,0.5544435977935791,1397,672,1043,680
1,23.65904931268133,709,13.0,0.561188280582428,1397,673,1043,684
1,23.692418916789485,710,13.0,0.5189152359962463,1397,672,1043,687
1,23.725788520897638,711,13.0,0.521263599395752,1395,672,1047,689
1,23.759158125005793,712,13.0,0.5736760497093201,1391,669,1054,689
1,23.79252772911395,713,13.0,0.5298599600791931,1389,662,1058,680
1,23.825897333222102,714,13.0,0.49475905299186707,1390,664,1056,670
1,23.859266937330258,715,13.0,0.5124621987342834,1391,664,1055,662
1,23.89263654143841,716,13.0,0.5327085852622986,1391,665,1054,660
1,23.926006145546566,717,13.0,0.5045861005783081,1391,664,1055,656
1,23.95937574965472,718,13.0,0.48079097270965576,1392,661,1054,652
1,23.992745353762874,719,13.0,0.49786376953125,1392,664,1052,658
1,24.026114957871027,720,13.0,0.523598313331604,1392,665,1053,660
1,24.059484561979183,721,13.0,0.5832173228263855,1393,661,1050,689
1,24.092854166087335,722,13.0,0.5823237895965576,1394,661,1048,698
1,24.12622377019549,723,13.0,0.5826867818832397,1394,658,1049,703
1,24.159593374303643,724,13.0,0.5881944298744202,1394,657,1049,706
1,24.1929629784118,725,13.0,0.5844268202781677,1394,655,1050,710
1,24.22633258251995,726,13.0,0.5869293808937073,1394,654,1049,716
1,24.259702186628108,727,13.0,0.5963167548179626,1394,652,1048,711
1,24.29307179073626,728,13.0,0.5761093497276306,1395,651,1047,707
1,24.326441394844416,729,13.0,0.6143932938575745,1395,655,1046,708
1,24.359810998952568,730,13.0,0.5915559530258179,1395,653,1046,698
1,24.393180603060724,731,13.0,0.6070482134819031,1394,653,1050,702
1,24.426550207168876,732,13.0,0.5675125122070312,1394,650,1049,697
1,24.459919811277032,733,13.0,0.5501348972320557,1395,651,1047,696
1,24.493289415385185,734,13.0,0.5667235255241394,1396,652,1045,688
1,24.52665901949334,735,13.0,0.5734930038452148,1397,655,1044,685
1,24.560028623601493,736,13.0,0.5835635662078857,1397,657,1043,688
1,24.59339822770965,737,13.0,0.5932657718658447,1396,658,1045,687
1,24.6267678318178,738,13.0,0.5750020146369934,1398,661,1042,683
1,24.660137435925957,739,13.0,0.5780002474784851,1399,662,1039,686
1,24.69350704003411,740,13.0,0.5559108257293701,1400,664,1036,692
1,24.726876644142266,741,13.0,0.5531314611434937,1400,663,1036,701
1,24.760246248250418,742,13.0,0.5537588596343994,1401,669,1036,693
1,24.793615852358574,743,13.0,0.5169462561607361,1401,668,1036,679
1,24.82698545646673,744,13.0,0.5302526354789734,1401,669,1035,687
1,24.860355060574882,745,13.0,0.5425797700881958,1401,668,1035,690
1,24.893724664683038,746,13.0,0.5400145649909973,1400,665,1037,690
1,24.92709426879119,747,13.0,0.5200193524360657,1400,661,1037,693
1,24.960463872899346,748,13.0,0.5298778414726257,1400,662,1037,688
1,24.9938334770075,749,13.0,0.5135155320167542,1400,664,1037,690
1,25.027203081115655,750,13.0,0.5181161761283875,1400,664,1038,691
1,25.060572685223807,751,13.0,0.586457371711731,1399,669,1039,693
1,25.093942289331963,752,13.0,0.5691041946411133,1399,672,1039,688
1,25.127311893440115,753,13.0,0.5541775822639465,1400,671,1038,680
1,25.16068149754827,754,13.0,0.5050700306892395,1400,666,1037,676
1,25.194051101656424,755,13.0,0.4938429594039917,1401,665,1035,668
1,25.22742070576458,756,13.0,0.5537428259849548,1402,667,1034,664
1,25.260790309872732,757,13.0,0.5810343027114868,1402,666,1033,662
1,25.294159913980888,758,13.0,0.6175984144210815,1402,668,1033,667
1,25.32752951808904,759,13.0,0.557099461555481,1403,667,1030,659
1,25.360899122197196,760,13.0,0.5721976161003113,1404,664,1029,653
1,25.39426872630535,761,13.0,0.5227803587913513,1403,665,1030,658
1,25.427638330413505,762,13.0,0.5416280627250671,1401,664,1034,661
1,25.461007934521657,763,13.0,0.6017916798591614,1400,662,1037,672
1,25.494377538629813,764,13.0,0.4381939470767975,1399,661,1038,669
1,25.527747142737965,765,13.0,0.3311288058757782,1400,661,1037,665
1,25.56111674684612,766,13.0,0.38211894035339355,1401,661,1034,655
164,25.56111674684612,766,2.0,0.38879361748695374,301,267,40,32
1,25.594486350954273,767,13.0,0.40508511662483215,1402,660,1031,653
164,25.594486350954273,767,2.0,0.17264115810394287,302,269,40,31
1,25.62785595506243,768,13.0,0.2721825838088989,1404,654,1028,641
165,25.62785595506243,768,2.0,0.5087793469429016,1260,690,150,86
1,25.661225559170582,769,13.0,0.15372973680496216,1403,648,1029,623
165,25.661225559170582,769,2.0,0.8160508871078491,1253,694,152,87
1,25.694595163278738,770,13.0,0.26031526923179626,1405,654,1026,636
165,25.694595163278738,770,2.0,0.681566596031189,1246,696,165,90
1,25.72796476738689,771,13.0,0.2805784344673157,1405,658,1026,645
165,25.72796476738689,771,2.0,0.6765199303627014,1241,699,174,89
1,25.761334371495046,772,13.0,0.1218971535563469,1403,655,1029,633
165,25.761334371495046,772,2.0,0.6949326395988464,1235,702,187,90
165,25.7947039756032,773,2.0,0.7499319314956665,1229,705,199,88
165,25.828073579711354,774,2.0,0.770392894744873,1219,707,203,89
165,25.861443183819507,775,2.0,0.8387411832809448,1209,709,203,90
165,25.894812787927663,776,2.0,0.6891279220581055,1200,711,207,89
165,25.92818239203582,777,2.0,0.7145233750343323,1193,713,218,91
165,25.96155199614397,778,2.0,0.5810829997062683,1178,716,212,95
1,25.96155199614397,778,13.0,0.258476585149765,1399,652,1036,613
165,25.994921600252127,779,2.0,0.5793562531471252,1163,717,203,95
1,25.994921600252127,779,13.0,0.25665146112442017,1399,650,1036,611
165,26.02829120436028,780,2.0,0.6095091700553894,1149,719,203,94
1,26.02829120436028,780,13.0,0.32376083731651306,1401,649,1033,612
165,26.061660808468435,781,2.0,0.5255159735679626,1137,722,203,95
1,26.061660808468435,781,13.0,0.3779297173023224,1402,652,1031,614
165,26.095030412576588,782,2.0,0.6435003876686096,1122,724,197,93
1,26.095030412576588,782,13.0,0.4377521574497223,1404,651,1027,613
165,26.128400016684743,783,2.0,0.7139421701431274,1108,726,192,92
1,26.128400016684743,783,13.0,0.4962187707424164,1404,650,1026,611
165,26.161769620792896,784,2.0,0.47948724031448364,1095,728,190,91
1,26.161769620792896,784,13.0,0.5318161249160767,1405,650,1025,613
165,26.19513922490105,785,2.0,0.5196505784988403,1083,729,187,88
1,26.19513922490105,785,13.0,0.45875075459480286,1406,647,1024,607
165,26.228508829009204,786,2.0,0.41962099075317383,1077,730,180,86
1,26.228508829009204,786,13.0,0.4740457236766815,1406,646,1024,607
168,26.228508829009204,786,2.0,0.4885562062263489,331,304,49,34
165,26.26187843311736,787,2.0,0.3446224331855774,1073,731,159,82
1,26.26187843311736,787,13.0,0.5122846364974976,1405,647,1026,625
168,26.26187843311736,787,2.0,0.4151776134967804,332,306,52,34
165,26.295248037225512,788,2.0,0.2247796654701233,1063,730,157,79
1,26.295248037225512,788,13.0,0.5341619253158569,1405,646,1027,615
168,26.295248037225512,788,2.0,0.49909302592277527,335,308,53,34
165,26.32861764133367,789,13.0,0.13155660033226013,1052,730,156,80
1,26.32861764133367,789,13.0,0.5138964653015137,1405,649,1026,616
168,26.32861764133367,789,2.0,0.5123656988143921,337,311,51,36
1,26.36198724544182,790,13.0,0.49399837851524353,1403,649,1029,616
168,26.36198724544182,790,2.0,0.48996084928512573,338,313,51,39
1,26.395356849549977,791,13.0,0.5090565085411072,1402,649,1031,619
168,26.395356849549977,791,2.0,0.4516845643520355,339,315,49,39
1,26.42872645365813,792,13.0,0.5087485909461975,1403,650,1030,632
168,26.42872645365813,792,2.0,0.48540768027305603,340,317,46,35
1,26.462096057766285,793,13.0,0.4366363286972046,1400,644,1036,654
168,26.462096057766285,793,2.0,0.48998013138771057,341,319,48,37
1,26.495465661874437,794,13.0,0.45678460597991943,1401,645,1036,664
168,26.495465661874437,794,2.0,0.3966970443725586,344,322,51,38
1,26.528835265982593,795,13.0,0.4248008728027344,1400,646,1038,677
168,26.528835265982593,795,2.0,0.3409125506877899,345,324,52,39
1,26.562204870090746,796,13.0,0.44145920872688293,1398,640,1041,688
168,26.562204870090746,796,2.0,0.15744858980178833,346,326,49,36
1,26.5955744741989,797,13.0,0.44814157485961914,1397,633,1044,693
168,26.5955744741989,797,2.0,0.26580509543418884,346,328,45,35
1,26.628944078307054,798,13.0,0.46425825357437134,1396,631,1046,701
168,26.628944078307054,798,2.0,0.3791179656982422,351,332,52,39
1,26.66231368241521,799,13.0,0.4356442987918854,1396,634,1045,694
168,26.66231368241521,799,2.0,0.27488425374031067,354,335,58,42
1,26.695683286523362,800,13.0,0.4497961401939392,1396,639,1045,688
168,26.695683286523362,800,2.0,0.2616375684738159,358,338,65,44
1,26.729052890631518,801,13.0,0.4899877607822418,1398,642,1042,673
168,26.729052890631518,801,2.0,0.18704885244369507,357,341,60,43
1,26.76242249473967,802,13.0,0.5338438749313354,1398,645,1041,668
168,26.76242249473967,802,2.0,0.28207486867904663,358,345,57,38
1,26.795792098847826,803,13.0,0.5223206877708435,1398,645,1041,665
168,26.795792098847826,803,2.0,0.40363338589668274,360,347,54,37
1,26.82916170295598,804,13.0,0.511169970035553,1398,647,1041,664
168,26.82916170295598,804,2.0,0.3887603282928467,363,349,59,39
1,26.862531307064135,805,13.0,0.46582528948783875,1398,646,1041,665
168,26.862531307064135,805,2.0,0.39511799812316895,365,351,59,38
1,26.895900911172287,806,13.0,0.4246440529823303,1399,648,1039,663
168,26.895900911172287,806,2.0,0.46391522884368896,367,355,58,41
1,26.929270515280443,807,13.0,0.4395594000816345,1400,649,1037,652
168,26.929270515280443,807,2.0,0.6067842841148376,368,358,56,43
1,26.962640119388595,808,13.0,0.4364648461341858,1400,645,1038,654
168,26.962640119388595,808,2.0,0.3579270839691162,370,360,56,46
1,26.99600972349675,809,13.0,0.39175933599472046,1400,645,1037,650
168,26.99600972349675,809,2.0,0.33257728815078735,371,363,56,48
1,27.029379327604907,810,13.0,0.43112918734550476,1401,646,1036,648
168,27.029379327604907,810,2.0,0.324690043926239,373,368,56,47
1,27.06274893171306,811,13.0,0.5418075323104858,1401,658,1035,657
168,27.06274893171306,811,2.0,0.4491066634654999,374,372,54,46
1,27.096118535821216,812,13.0,0.5272090435028076,1400,663,1037,665
168,27.096118535821216,812,2.0,0.35626861453056335,375,374,54,44
1,27.129488139929368,813,13.0,0.4969654679298401,1400,666,1038,672
168,27.129488139929368,813,2.0,0.35998770594596863,377,380,54,43
1,27.162857744037524,814,13.0,0.5366878509521484,1399,667,1040,675
168,27.162857744037524,814,2.0,0.3617495894432068,380,384,57,42
1,27.196227348145676,815,13.0,0.4778301417827606,1399,666,1039,675
168,27.196227348145676,815,2.0,0.3123640716075897,381,388,58,42
1,27.229596952253832,816,13.0,0.4994659125804901,1400,664,1038,669
168,27.229596952253832,816,2.0,0.401128888130188,385,391,60,43
1,27.262966556361985,817,13.0,0.5275499820709229,1400,665,1037,664
168,27.262966556361985,817,2.0,0.6041261553764343,389,394,61,44
1,27.29633616047014,818,13.0,0.5026235580444336,1401,664,1036,656
168,27.29633616047014,818,2.0,0.6857180595397949,392,397,66,48
1,27.329705764578293,819,13.0,0.5052209496498108,1402,662,1034,646
168,27.329705764578293,819,2.0,0.5232592821121216,394,400,64,50
1,27.36307536868645,820,13.0,0.44915810227394104,1400,662,1036,649
168,27.36307536868645,820,2.0,0.44554296135902405,398,404,68,53
1,27.3964449727946,821,13.0,0.4941025376319885,1400,660,1037,650
168,27.3964449727946,821,2.0,0.19807462394237518,399,408,67,55
1,27.429814576902757,822,13.0,0.4873088002204895,1400,660,1037,650
168,27.429814576902757,822,2.0,0.3697965741157532,399,412,61,54
1,27.46318418101091,823,13.0,0.4924517273902893,1400,657,1037,644
168,27.46318418101091,823,2.0,0.3192826211452484,401,416,60,53
1,27.496553785119065,824,13.0,0.5436385273933411,1401,655,1036,637
168,27.496553785119065,824,2.0,0.2802236080169678,404,420,62,54
1,27.529923389227218,825,13.0,0.5696702599525452,1400,656,1036,639
168,27.529923389227218,825,2.0,0.38047680258750916,406,426,63,54
1,27.563292993335374,826,13.0,0.5433223843574524,1399,652,1038,634
168,27.563292993335374,826,2.0,0.3426400423049927,409,430,61,54
1,27.596662597443526,827,13.0,0.4557265639305115,1400,652,1037,630
168,27.596662597443526,827,2.0,0.49180102348327637,411,435,58,54
1,27.630032201551682,828,13.0,0.4609886109828949,1401,651,1034,625
168,27.630032201551682,828,2.0,0.5451939702033997,414,439,59,55
1,27.663401805659834,829,13.0,0.4380742311477661,1401,648,1034,623
168,27.663401805659834,829,2.0,0.6231833696365356,416,444,60,58
1,27.69677140976799,830,13.0,0.4493482708930969,1402,647,1033,620
168,27.69677140976799,830,2.0,0.4488074481487274,419,451,63,58
1,27.730141013876143,831,13.0,0.3786606788635254,1401,650,1034,627
168,27.730141013876143,831,2.0,0.5117849707603455,424,455,63,59
169,27.730141013876143,831,2.0,0.4677462577819824,1303,938,234,127
1,27.7635106179843,832,13.0,0.37074509263038635,1402,652,1031,621
168,27.7635106179843,832,2.0,0.44591784477233887,425,460,61,60
169,27.7635106179843,832,2.0,0.6111941337585449,1312,936,249,124
1,27.79688022209245,833,13.0,0.3352658450603485,1403,651,1029,615
168,27.79688022209245,833,2.0,0.5421605110168457,428,465,62,61
169,27.79688022209245,833,2.0,0.6062831282615662,1335,944,240,101
170,27.79688022209245,833,2.0,0.7473846673965454,265,903,130,106
1,27.830249826200607,834,13.0,0.32267332077026367,1405,657,1026,627
168,27.830249826200607,834,2.0,0.3683735430240631,435,471,71,61
169,27.830249826200607,834,2.0,0.531879723072052,1357,949,220,99
170,27.830249826200607,834,2.0,0.6656676530838013,257,905,149,112
1,27.86361943030876,835,13.0,0.4159899055957794,1405,656,1026,631
168,27.86361943030876,835,2.0,0.48083239793777466,436,476,69,61
169,27.86361943030876,835,2.0,0.5752622485160828,1374,951,220,103
170,27.86361943030876,835,2.0,0.47507208585739136,245,909,173,119
1,27.896989034416915,836,13.0,0.3898376524448395,1404,656,1028,637
168,27.896989034416915,836,2.0,0.5045679807662964,439,482,66,62
169,27.896989034416915,836,2.0,0.5954923629760742,1385,947,227,103
170,27.896989034416915,836,2.0,0.3530024588108063,233,911,197,125
1,27.930358638525068,837,13.0,0.21722610294818878,1406,658,1024,639
168,27.930358638525068,837,2.0,0.48701006174087524,443,488,70,64
169,27.930358638525068,837,2.0,0.7868562936782837,1401,942,219,103
170,27.930358638525068,837,2.0,0.21554775536060333,223,915,215,125
1,27.963728242633223,838,13.0,0.21164587140083313,1408,656,1019,628
168,27.963728242633223,838,2.0,0.480101615190506,451,494,80,68
169,27.963728242633223,838,2.0,0.7489201426506042,1413,938,210,102
170,27.963728242633223,838,13.0,0.48236793279647827,209,933,240,158
1,27.997097846741376,839,13.0,0.2305615097284317,1408,659,1018,630
168,27.997097846741376,839,2.0,0.559690535068512,452,501,75,68
169,27.997097846741376,839,2.0,0.8406663537025452,1424,933,197,102
170,27.997097846741376,839,2.0,0.3817533254623413,197,926,265,141
1,28.03046745084953,840,13.0,0.1860204041004181,1409,658,1017,625
168,28.03046745084953,840,2.0,0.4728030562400818,461,506,87,73
169,28.03046745084953,840,2.0,0.8132795095443726,1442,928,206,103
170,28.03046745084953,840,7.0,0.4463570713996887,183,930,285,142
178,28.03046745084953,840,2.0,0.39724332094192505,181,927,279,133
1,28.063837054957688,841,13.0,0.15579546988010406,1410,660,1014,628
168,28.063837054957688,841,2.0,0.525382399559021,460,512,78,75
169,28.063837054957688,841,2.0,0.8732675313949585,1462,922,211,102
170,28.063837054957688,841,2.0,0.38337141275405884,162,931,291,137
178,28.063837054957688,841,7.0,0.22303296625614166,161,930,279,131
1,28.09720665906584,842,13.0,0.10132132470607758,1411,658,1013,626
168,28.09720665906584,842,2.0,0.48658955097198486,462,520,76,73
169,28.09720665906584,842,2.0,0.8666691184043884,1480,917,209,103
178,28.09720665906584,842,7.0,0.2732837498188019,140,931,269,128
1,28.130576263173996,843,13.0,0.17878073453903198,1410,656,1015,624
168,28.130576263173996,843,2.0,0.5024070143699646,465,527,76,71
169,28.130576263173996,843,2.0,0.806572437286377,1497,913,214,103
1,28.16394586728215,844,13.0,0.15637558698654175,1409,657,1017,625
168,28.16394586728215,844,2.0,0.5969901084899902,470,535,78,73
169,28.16394586728215,844,2.0,0.8046311736106873,1509,908,207,102
170,28.16394586728215,844,2.0,0.2834330201148987,117,942,234,141
178,28.16394586728215,844,7.0,0.34989407658576965,114,941,229,136
1,28.197315471390304,845,13.0,0.1819952130317688,1408,657,1019,626
168,28.197315471390304,845,2.0,0.5511679649353027,474,542,79,76
169,28.197315471390304,845,2.0,0.764208197593689,1524,904,209,100
168,28.230685075498457,846,2.0,0.6902372241020203,479,551,79,77
169,28.230685075498457,846,2.0,0.8187423348426819,1538,899,203,97
168,28.264054679606613,847,2.0,0.7085740566253662,484,560,81,80
169,28.264054679606613,847,2.0,0.7675222754478455,1552,894,201,97
168,28.297424283714765,848,2.0,0.6405712962150574,489,567,84,80
169,28.297424283714765,848,2.0,0.7979587316513062,1560,890,191,98
168,28.33079388782292,849,2.0,0.5453341603279114,494,576,86,84
169,28.33079388782292,849,2.0,0.7967013716697693,1573,886,181,99
168,28.364163491931073,850,2.0,0.5884868502616882,499,584,87,86
169,28.364163491931073,850,2.0,0.6353470683097839,1586,882,178,98
168,28.39753309603923,851,2.0,0.6844978332519531,505,594,88,89
169,28.39753309603923,851,2.0,0.7487509846687317,1600,877,179,98
168,28.43090270014738,852,2.0,0.6196160316467285,510,602,90,91
169,28.43090270014738,852,2.0,0.6757800579071045,1615,874,179,97
168,28.464272304255537,853,2.0,0.39567631483078003,516,611,93,92
169,28.464272304255537,853,2.0,0.6306052207946777,1629,869,178,97
168,28.49764190836369,854,2.0,0.36973682045936584,522,622,95,96
169,28.49764190836369,854,2.0,0.6247777342796326,1648,863,183,102
168,28.531011512471846,855,2.0,0.41260826587677,529,631,96,100
169,28.531011512471846,855,2.0,0.29918918013572693,1661,858,184,106
1,28.531011512471846,855,13.0,0.2955649793148041,1403,678,1028,676
168,28.564381116579998,856,2.0,0.4814269244670868,536,642,99,103
169,28.564381116579998,856,2.0,0.29432567954063416,1669,854,171,99
1,28.564381116579998,856,13.0,0.32361990213394165,1401,678,1032,679
168,28.597750720688154,857,2.0,0.5554566979408264,542,654,101,104
169,28.597750720688154,857,2.0,0.48361390829086304,1677,852,159,95
1,28.597750720688154,857,13.0,0.3032147288322449,1400,678,1033,682
168,28.631120324796306,858,2.0,0.5713135600090027,549,667,105,105
169,28.631120324796306,858,2.0,0.4553428888320923,1690,849,156,90
1,28.631120324796306,858,13.0,0.217525452375412,1400,676,1033,674
168,28.664489928904462,859,2.0,0.614406168460846,557,679,106,109
169,28.664489928904462,859,2.0,0.26258930563926697,1697,848,141,84
1,28.664489928904462,859,13.0,0.24949206411838531,1398,669,1039,674
168,28.697859533012615,860,2.0,0.6262978315353394,565,692,108,112
1,28.697859533012615,860,13.0,0.2691923677921295,1396,662,1042,668
168,28.73122913712077,861,2.0,0.6001409888267517,571,705,114,115
1,28.73122913712077,861,13.0,0.32239410281181335,1396,650,1042,639
168,28.764598741228923,862,2.0,0.6842615604400635,579,718,115,117
1,28.764598741228923,862,13.0,0.33476293087005615,1396,647,1042,631
168,28.79796834533708,863,2.0,0.6913015842437744,588,732,118,123
1,28.79796834533708,863,13.0,0.2600551247596741,1396,646,1043,634
168,28.83133794944523,864,2.0,0.6855575442314148,597,747,121,125
1,28.83133794944523,864,13.0,0.3148728907108307,1397,644,1040,627
168,28.864707553553387,865,2.0,0.7350689172744751,606,762,125,130
1,28.864707553553387,865,13.0,0.30898767709732056,1398,643,1039,619
168,28.89807715766154,866,2.0,0.6241555213928223,616,779,126,136
1,28.89807715766154,866,13.0,0.3111550509929657,1399,643,1037,613
168,28.931446761769696,867,2.0,0.6195461750030518,626,796,130,142
1,28.931446761769696,867,13.0,0.3011530637741089,1399,645,1036,613
168,28.964816365877848,868,2.0,0.7260162234306335,637,813,133,145
1,28.964816365877848,868,13.0,0.2679985761642456,1399,645,1037,620
168,28.998185969986004,869,2.0,0.719328761100769,647,831,137,149
1,28.998185969986004,869,13.0,0.22790107131004333,1398,642,1039,620
168,29.031555574094156,870,2.0,0.740344762802124,658,849,140,156
1,29.031555574094156,870,13.0,0.2311183214187622,1397,640,1040,621
168,29.064925178202312,871,2.0,0.7392213940620422,672,870,145,160
1,29.064925178202312,871,13.0,0.21757772564888,1397,640,1040,622
168,29.098294782310465,872,2.0,0.7168179750442505,684,889,150,165
1,29.098294782310465,872,13.0,0.25495636463165283,1398,640,1038,622
168,29.13166438641862,873,2.0,0.2755127251148224,697,916,154,182
1,29.13166438641862,873,13.0,0.2228170484304428,1399,641,1035,619
168,29.165033990526776,874,2.0,0.5761754512786865,710,938,157,186
1,29.165033990526776,874,13.0,0.24460944533348083,1404,649,1028,628
1,29.19840359463493,875,13.0,0.30020275712013245,1403,651,1030,635
1,29.231773198743085,876,13.0,0.32384538650512695,1403,648,1031,637
1,29.265142802851237,877,13.0,0.28273412585258484,1401,643,1034,643
1,29.298512406959393,878,13.0,0.2808212637901306,1399,635,1039,653
1,29.331882011067545,879,13.0,0.30658087134361267,1399,636,1038,645
1,29.3652516151757,880,13.0,0.35864242911338806,1401,638,1035,630
1,29.398621219283854,881,13.0,0.3238186538219452,1403,640,1031,619
185,29.398621219283854,881,2.0,0.5520604848861694,1523,1014,229,123
1,29.43199082339201,882,13.0,0.31393611431121826,1401,637,1035,622
185,29.43199082339201,882,2.0,0.5626460909843445,1541,1010,233,126
1,29.465360427500162,883,13.0,0.3472694456577301,1401,638,1036,617
185,29.465360427500162,883,2.0,0.42381012439727783,1560,1004,233,125
1,29.498730031608318,884,13.0,0.35639962553977966,1402,639,1033,613
1,29.53209963571647,885,13.0,0.3739542067050934,1404,642,1029,610
1,29.565469239824626,886,13.0,0.36512646079063416,1402,644,1034,622
1,29.59883884393278,887,13.0,0.3214249312877655,1400,647,1036,638
1,29.632208448040934,888,13.0,0.3698163628578186,1399,650,1040,656
1,29.665578052149087,889,13.0,0.3675382733345032,1401,656,1035,648
1,29.698947656257243,890,13.0,0.32978999614715576,1401,650,1036,635
1,29.732317260365395,891,13.0,0.3808903992176056,1400,648,1039,639
1,29.76568686447355,892,13.0,0.3937646746635437,1399,645,1040,640
1,29.799056468581703,893,13.0,0.31711721420288086,1399,646,1039,641
1,29.83242607268986,894,13.0,0.3320436179637909,1402,649,1033,642
1,29.86579567679801,895,13.0,0.358108788728714,1401,650,1034,645
1,29.899165280906168,896,13.0,0.4555758833885193,1401,665,1034,669
1,29.93253488501432,897,13.0,0.43521666526794434,1400,673,1037,692
1,29.965904489122476,898,13.0,0.3974655866622925,1402,667,1035,671
1,29.99927409323063,899,13.0,0.3860224783420563,1404,657,1031,642
1,30.032643697338784,900,13.0,0.44298428297042847,1405,650,1027,625
1,30.066013301446937,901,13.0,0.40948355197906494,1405,646,1026,611
1,30.099382905555093,902,13.0,0.41365528106689453,1407,644,1022,602
1,30.132752509663245,903,13.0,0.41361871361732483,1408,643,1020,599
1,30.1661221137714,904,13.0,0.40785935521125793,1408,642,1020,597
1,30.199491717879553,905,13.0,0.4494374394416809,1405,640,1027,601
1,30.23286132198771,906,13.0,0.3799987733364105,1404,640,1029,607
1,30.266230926095865,907,13.0,0.39071622490882874,1406,641,1025,603
1,30.299600530204017,908,13.0,0.3856658935546875,1403,642,1030,613
1,30.332970134312173,909,13.0,0.39315131306648254,1402,650,1032,625
187,30.332970134312173,909,2.0,0.5351002812385559,1290,882,186,95
1,30.366339738420326,910,13.0,0.3275027573108673,1401,658,1032,635
187,30.366339738420326,910,2.0,0.4810605049133301,1301,877,183,90
1,30.39970934252848,911,13.0,0.42399993538856506,1402,662,1031,645
187,30.39970934252848,911,2.0,0.5326005816459656,1315,873,175,90
1,30.433078946636634,912,13.0,0.44129320979118347,1403,665,1030,652
187,30.433078946636634,912,28.0,0.21031786501407623,1328,870,173,90
1,30.46644855074479,913,13.0,0.31143781542778015,1402,672,1030,659
187,30.46644855074479,913,2.0,0.5920699238777161,1348,865,193,96
1,30.499818154852942,914,13.0,0.2657940983772278,1401,675,1031,662
187,30.499818154852942,914,2.0,0.5204553604125977,1362,861,195,95
1,30.5331877589611,915,13.0,0.3032223880290985,1401,675,1032,667
187,30.5331877589611,915,2.0,0.4835343360900879,1370,858,187,92
1,30.56655736306925,916,13.0,0.4344884753227234,1401,666,1034,665
187,30.56655736306925,916,24.0,0.2870519757270813,1381,857,185,89
1,30.599926967177407,917,13.0,0.4542570114135742,1401,654,1035,644
187,30.599926967177407,917,2.0,0.3349587619304657,1394,854,188,89
1,30.63329657128556,918,13.0,0.4916570782661438,1400,644,1037,634
187,30.63329657128556,918,24.0,0.14803887903690338,1406,851,186,88
1,30.666666175393715,919,13.0,0.4778927266597748,1400,642,1036,632
187,30.666666175393715,919,2.0,0.2948397696018219,1414,848,186,89
1,30.700035779501867,920,13.0,0.43686649203300476,1400,640,1037,640
187,30.700035779501867,920,24.0,0.12132670730352402,1427,847,188,86
1,30.733405383610023,921,13.0,0.37094229459762573,1400,638,1037,639
1,30.766774987718176,922,13.0,0.3397018313407898,1401,640,1035,635
187,30.766774987718176,922,2.0,0.36158353090286255,1446,838,184,87
1,30.80014459182633,923,13.0,0.37575745582580566,1403,642,1030,631
187,30.80014459182633,923,28.0,0.13208122551441193,1455,837,178,87
1,30.833514195934484,924,13.0,0.39999496936798096,1404,644,1027,632
187,30.833514195934484,924,28.0,0.140695258975029,1464,832,180,89
1,30.86688380004264,925,13.0,0.35843685269355774,1403,646,1031,636
187,30.86688380004264,925,2.0,0.2874680757522583,1469,830,168,85
1,30.900253404150792,926,13.0,0.31087782979011536,1406,647,1025,634
187,30.900253404150792,926,2.0,0.46728047728538513,1480,827,167,87
1,30.933623008258948,927,13.0,0.32398489117622375,1402,646,1033,658
187,30.933623008258948,927,2.0,0.21111233532428741,1491,823,168,90
1,30.9669926123671,928,13.0,0.3721824586391449,1401,651,1036,665
187,30.9669926123671,928,2.0,0.5211598873138428,1500,821,168,87
1,31.000362216475256,929,13.0,0.30988800525665283,1401,655,1035,662
187,31.000362216475256,929,2.0,0.6212436556816101,1510,818,165,84
1,31.03373182058341,930,13.0,0.3486698269844055,1400,658,1037,673
187,31.03373182058341,930,2.0,0.5936301946640015,1519,816,163,85
1,31.067101424691565,931,13.0,0.3769792318344116,1399,656,1038,682
187,31.067101424691565,931,2.0,0.2239859700202942,1531,808,165,97
1,31.100471028799717,932,13.0,0.3934319019317627,1398,652,1040,687
187,31.100471028799717,932,2.0,0.18368811905384064,1540,805,163,99
1,31.133840632907873,933,13.0,0.412138432264328,1398,651,1041,692
187,31.133840632907873,933,2.0,0.22045330703258514,1549,805,163,100
1,31.167210237016025,934,13.0,0.4642791152000427,1398,650,1040,687
187,31.167210237016025,934,2.0,0.1689128428697586,1559,803,163,98
1,31.20057984112418,935,13.0,0.4584459960460663,1398,647,1040,695
187,31.20057984112418,935,2.0,0.10107696801424026,1568,803,159,91
1,31.233949445232334,936,13.0,0.4617803692817688,1399,647,1039,694
1,31.26731904934049,937,13.0,0.47694891691207886,1400,652,1037,685
1,31.300688653448645,938,13.0,0.47716253995895386,1399,648,1039,681
1,31.334058257556798,939,13.0,0.46136704087257385,1400,646,1038,665
1,31.367427861664954,940,13.0,0.4773816764354706,1400,645,1036,653
1,31.400797465773106,941,13.0,0.5103325247764587,1402,646,1034,635
1,31.434167069881262,942,13.0,0.510205090045929,1403,646,1032,630
1,31.467536673989414,943,13.0,0.5413506031036377,1403,645,1032,630
1,31.50090627809757,944,13.0,0.5640173554420471,1403,647,1032,624
1,31.534275882205723,945,13.0,0.5317925810813904,1401,645,1035,632
1,31.56764548631388,946,13.0,0.5463067889213562,1402,645,1035,636
1,31.60101509042203,947,13.0,0.5171512961387634,1401,644,1034,643
1,31.634384694530187,948,13.0,0.4983319938182831,1401,642,1036,645
1,31.66775429863834,949,13.0,0.446828693151474,1401,641,1035,643
1,31.701123902746495,950,13.0,0.4260902404785156,1401,641,1035,641
1,31.734493506854648,951,13.0,0.3900034725666046,1401,642,1035,641
1,31.767863110962804,952,13.0,0.39846813678741455,1402,642,1033,637
1,31.801232715070956,953,13.0,0.4286346435546875,1403,645,1030,630
1,31.834602319179112,954,13.0,0.4710378646850586,1405,647,1027,625
1,31.867971923287264,955,13.0,0.4344162940979004,1406,647,1026,623
1,31.90134152739542,956,13.0,0.4363400638103485,1403,645,1030,633
1,31.934711131503573,957,13.0,0.36893078684806824,1402,643,1033,637
192,31.934711131503573,957,28.0,0.4146069586277008,1365,945,199,111
193,31.934711131503573,957,2.0,0.4462738633155823,297,255,42,29
1,31.96808073561173,958,13.0,0.3636188209056854,1400,642,1036,638
192,31.96808073561173,958,28.0,0.479907363653183,1381,941,199,111
193,31.96808073561173,958,2.0,0.5097569823265076,297,257,40,29
1,32.00145033971988,959,13.0,0.38423317670822144,1400,644,1037,638
192,32.00145033971988,959,28.0,0.5431219339370728,1398,936,195,108
193,32.00145033971988,959,2.0,0.5510714650154114,299,258,42,28
1,32.03481994382803,960,13.0,0.42760026454925537,1400,646,1038,640
192,32.03481994382803,960,28.0,0.5422857403755188,1415,932,195,109
193,32.03481994382803,960,2.0,0.40438202023506165,299,260,40,27
1,32.06818954793619,961,13.0,0.40119031071662903,1401,645,1036,634
192,32.06818954793619,961,2.0,0.5261342525482178,1430,926,196,108
193,32.06818954793619,961,2.0,0.31387656927108765,299,261,38,28
1,32.101559152044345,962,13.0,0.34881287813186646,1401,641,1035,628
192,32.101559152044345,962,2.0,0.341626912355423,1445,922,194,108
193,32.101559152044345,962,2.0,0.4020387530326843,300,264,38,28
1,32.1349287561525,963,13.0,0.2672464847564697,1401,642,1034,615
192,32.1349287561525,963,2.0,0.7829999923706055,1460,917,193,106
193,32.1349287561525,963,2.0,0.5565725564956665,302,266,38,28
1,32.16829836026065,964,13.0,0.33035600185394287,1402,645,1032,625
192,32.16829836026065,964,2.0,0.622151792049408,1476,913,193,105
193,32.16829836026065,964,2.0,0.5064688920974731,303,269,39,28
1,32.20166796436881,965,13.0,0.3042435050010681,1403,646,1031,629
192,32.20166796436881,965,28.0,0.3227235674858093,1491,909,192,106
193,32.20166796436881,965,2.0,0.48412615060806274,305,271,40,29
1,32.23503756847696,966,13.0,0.3288514018058777,1401,644,1034,631
192,32.23503756847696,966,28.0,0.23111221194267273,1506,904,192,105
193,32.23503756847696,966,2.0,0.30864039063453674,307,272,37,28
1,32.268407172585114,967,13.0,0.3153364956378937,1402,645,1033,633
192,32.268407172585114,967,2.0,0.4120672941207886,1519,900,190,104
193,32.268407172585114,967,2.0,0.32863378524780273,307,273,38,30
1,32.301776776693266,968,13.0,0.3495095372200012,1401,647,1035,640
192,32.301776776693266,968,28.0,0.24395152926445007,1534,895,191,103
193,32.301776776693266,968,2.0,0.24058480560779572,310,273,40,31
1,32.335146380801426,969,13.0,0.4197689890861511,1402,643,1033,627
192,32.335146380801426,969,28.0,0.31527605652809143,1547,891,189,103
1,32.36851598490958,970,13.0,0.40918806195259094,1401,640,1035,629
192,32.36851598490958,970,28.0,0.25187334418296814,1560,887,187,104
1,32.40188558901773,971,13.0,0.36361613869667053,1403,645,1030,639
192,32.40188558901773,971,28.0,0.195473775267601,1575,883,185,102
193,32.40188558901773,971,2.0,0.42754608392715454,314,279,44,33
1,32.43525519312589,972,13.0,0.3004646599292755,1404,662,1027,665
192,32.43525519312589,972,2.0,0.48390302062034607,1588,878,183,102
193,32.43525519312589,972,2.0,0.4184047281742096,316,280,44,32
1,32.46862479723404,973,13.0,0.2667042315006256,1404,667,1028,676
192,32.46862479723404,973,2.0,0.5549163818359375,1601,873,183,102
193,32.46862479723404,973,2.0,0.39958280324935913,317,283,43,32
1,32.501994401342195,974,13.0,0.21760448813438416,1402,669,1030,676
192,32.501994401342195,974,2.0,0.5602070689201355,1614,870,185,103
193,32.501994401342195,974,2.0,0.2788994312286377,320,285,46,32
1,32.53536400545035,975,13.0,0.297970712184906,1401,666,1034,691
192,32.53536400545035,975,28.0,0.49561557173728943,1629,866,184,105
193,32.53536400545035,975,2.0,0.23652881383895874,321,286,45,32
1,32.56873360955851,976,13.0,0.3286534547805786,1401,665,1033,681
192,32.56873360955851,976,28.0,0.3720434606075287,1644,860,185,106
193,32.56873360955851,976,2.0,0.32517433166503906,324,289,49,35
1,32.60210321366666,977,13.0,0.3251069188117981,1402,670,1032,680
192,32.60210321366666,977,2.0,0.5125879645347595,1658,858,186,107
193,32.60210321366666,977,2.0,0.33752715587615967,325,292,52,36
1,32.63547281777481,978,13.0,0.32553017139434814,1401,669,1034,696
192,32.63547281777481,978,28.0,0.39359530806541443,1670,854,180,104
193,32.63547281777481,978,2.0,0.3105824887752533,327,294,54,35
1,32.668842421882964,979,13.0,0.32812562584877014,1400,673,1036,704
192,32.668842421882964,979,28.0,0.15957403182983398,1679,852,174,102
193,32.668842421882964,979,2.0,0.35614874958992004,327,296,53,35
199,32.668842421882964,979,2.0,0.33810657262802124,209,166,49,29
200,32.668842421882964,979,2.0,0.33308637142181396,218,167,40,31
1,32.70221202599112,980,13.0,0.34086647629737854,1400,676,1035,701
192,32.70221202599112,980,28.0,0.22624677419662476,1690,848,169,98
193,32.70221202599112,980,2.0,0.29450714588165283,329,298,55,34
199,32.70221202599112,980,2.0,0.3083083927631378,210,166,51,30
200,32.70221202599112,980,2.0,0.3101864457130432,220,168,39,32
1,32.735581630099276,981,13.0,0.3475795090198517,1399,670,1038,690
192,32.735581630099276,981,28.0,0.19080188870429993,1693,846,151,92
193,32.735581630099276,981,2.0,0.38066157698631287,331,300,55,32
199,32.735581630099276,981,2.0,0.3324670195579529,210,166,51,29
200,32.735581630099276,981,2.0,0.30627453327178955,219,168,41,31
1,32.76895123420743,982,13.0,0.37736812233924866,1398,655,1041,666
193,32.76895123420743,982,2.0,0.44959840178489685,332,302,54,32
199,32.76895123420743,982,2.0,0.34872376918792725,211,167,51,31
200,32.76895123420743,982,2.0,0.3165270686149597,220,168,38,33
1,32.80232083831558,983,13.0,0.3156433701515198,1398,645,1040,651
193,32.80232083831558,983,2.0,0.6128639578819275,333,304,53,34
199,32.80232083831558,983,2.0,0.38191044330596924,211,166,51,30
200,32.80232083831558,983,2.0,0.36888736486434937,220,168,38,32
1,32.83569044242374,984,13.0,0.28884875774383545,1398,641,1040,645
193,32.83569044242374,984,2.0,0.6086276769638062,334,306,53,34
199,32.83569044242374,984,2.0,0.3513582646846771,211,165,50,29
200,32.83569044242374,984,2.0,0.342741459608078,219,167,39,31
1,32.86906004653189,985,13.0,0.24798832833766937,1397,638,1039,636
193,32.86906004653189,985,2.0,0.6237245202064514,336,309,53,35
199,32.86906004653189,985,2.0,0.3207165598869324,211,165,49,28
200,32.86906004653189,985,2.0,0.30928075313568115,219,167,41,32
204,32.86906004653189,985,2.0,0.5894230604171753,1344,865,177,96
1,32.902429650640045,986,13.0,0.24516388773918152,1398,639,1038,621
193,32.902429650640045,986,2.0,0.7098308801651001,338,312,54,35
199,32.902429650640045,986,2.0,0.2718055546283722,211,166,51,29
200,32.902429650640045,986,2.0,0.30283546447753906,219,168,42,33
204,32.902429650640045,986,2.0,0.6533483266830444,1358,862,179,95
1,32.9357992547482,987,13.0,0.29255741834640503,1398,637,1039,630
193,32.9357992547482,987,2.0,0.6184380054473877,340,315,53,36
199,32.9357992547482,987,2.0,0.22632141411304474,210,166,50,29
200,32.9357992547482,987,2.0,0.2545374035835266,222,169,40,33
204,32.9357992547482,987,2.0,0.13902074098587036,1371,860,177,92
1,32.96916885885636,988,13.0,0.3201449513435364,1399,639,1038,636
193,32.96916885885636,988,2.0,0.623449444770813,343,316,56,37
199,32.96916885885636,988,2.0,0.23078107833862305,208,166,46,30
200,32.96916885885636,988,2.0,0.23619231581687927,223,169,37,35
204,32.96916885885636,988,24.0,0.4292784333229065,1387,857,181,92
1,33.00253846296451,989,13.0,0.3302484154701233,1400,639,1037,629
193,33.00253846296451,989,2.0,0.6133484840393066,344,319,57,36
199,33.00253846296451,989,2.0,0.28386181592941284,206,165,40,28
200,33.00253846296451,989,2.0,0.26784688234329224,223,168,35,34
204,33.00253846296451,989,24.0,0.13281972706317902,1401,853,181,90
1,33.03590806707266,990,13.0,0.32665330171585083,1401,639,1036,628
193,33.03590806707266,990,2.0,0.5326300263404846,345,322,57,35
199,33.03590806707266,990,2.0,0.2760550379753113,205,165,39,29
200,33.03590806707266,990,2.0,0.269575834274292,223,169,35,35
204,33.03590806707266,990,2.0,0.15324392914772034,1410,849,175,91
1,33.069277671180814,991,13.0,0.4557790458202362,1406,647,1025,620
193,33.069277671180814,991,2.0,0.6328139305114746,346,324,57,36
199,33.069277671180814,991,2.0,0.28876394033432007,204,167,36,30
200,33.069277671180814,991,2.0,0.3617423176765442,224,171,36,37
204,33.069277671180814,991,24.0,0.15838348865509033,1425,845,179,90
1,33.10264727528897,992,13.0,0.4581846594810486,1408,651,1021,617
193,33.10264727528897,992,2.0,0.5435736775398254,348,326,58,39
199,33.10264727528897,992,2.0,0.29020270705223083,206,168,37,32
200,33.10264727528897,992,2.0,0.3390509784221649,223,172,39,39
1,33.136016879397125,993,13.0,0.4553731381893158,1410,652,1019,616
193,33.136016879397125,993,2.0,0.5050399899482727,349,329,60,39
199,33.136016879397125,993,2.0,0.3106316924095154,210,169,45,32
200,33.136016879397125,993,2.0,0.33763614296913147,222,173,42,40
1,33.16938648350528,994,13.0,0.4852893054485321,1408,652,1021,619
193,33.16938648350528,994,2.0,0.3873082399368286,351,332,58,41
199,33.16938648350528,994,2.0,0.30178728699684143,212,169,49,33
200,33.16938648350528,994,2.0,0.3136235773563385,222,173,44,40
1,33.20275608761343,995,13.0,0.5092905759811401,1407,652,1023,622
193,33.20275608761343,995,2.0,0.3468184173107147,355,335,63,43
199,33.20275608761343,995,2.0,0.2893466055393219,212,170,48,33
200,33.20275608761343,995,2.0,0.27744507789611816,223,174,42,41
1,33.23612569172159,996,13.0,0.4797869324684143,1406,652,1025,623
193,33.23612569172159,996,2.0,0.4598774015903473,357,338,65,45
199,33.23612569172159,996,2.0,0.25780630111694336,212,171,51,36
200,33.23612569172159,996,2.0,0.269342303276062,226,175,38,42
1,33.26949529582974,997,13.0,0.4789181649684906,1405,653,1028,624
193,33.26949529582974,997,2.0,0.43483972549438477,360,340,66,43
199,33.26949529582974,997,2.0,0.24190188944339752,215,173,54,39
200,33.26949529582974,997,2.0,0.28993523120880127,227,175,37,42
1,33.302864899937894,998,13.0,0.4763738512992859,1403,656,1030,632
193,33.302864899937894,998,2.0,0.49802395701408386,360,344,61,39
199,33.302864899937894,998,2.0,0.259042352437973,216,174,56,41
200,33.302864899937894,998,2.0,0.2963654100894928,228,176,34,41
1,33.33623450404605,999,13.0,0.4371391236782074,1403,660,1030,642
193,33.33623450404605,999,2.0,0.5574924349784851,364,347,66,38
199,33.33623450404605,999,2.0,0.24012352526187897,215,174,55,41
200,33.33623450404605,999,2.0,0.28663215041160583,229,177,33,41
204,33.33623450404605,999,2.0,0.567894458770752,1517,818,160,87
1,33.369604108154206,1000,13.0,0.46303683519363403,1405,661,1026,640
193,33.369604108154206,1000,2.0,0.42864981293678284,367,350,68,39
199,33.369604108154206,1000,2.0,0.24736280739307404,214,173,51,39
200,33.369604108154206,1000,2.0,0.2848469316959381,228,176,37,42
204,33.369604108154206,1000,2.0,0.18590518832206726,1528,813,159,90
1,33.40297371226236,1001,13.0,0.44714459776878357,1406,661,1024,639
193,33.40297371226236,1001,2.0,0.6152321100234985,368,353,64,40
199,33.40297371226236,1001,2.0,0.24393552541732788,214,173,52,39
200,33.40297371226236,1001,2.0,0.3107192814350128,227,176,39,43
204,33.40297371226236,1001,2.0,0.1698678582906723,1540,809,160,95
1,33.43634331637051,1002,13.0,0.4973950982093811,1405,661,1027,641
193,33.43634331637051,1002,2.0,0.6253018379211426,370,356,65,44
199,33.43634331637051,1002,2.0,0.2021380215883255,211,174,46,41
200,33.43634331637051,1002,2.0,0.3228383958339691,228,177,35,43
1,33.46971292047867,1003,13.0,0.5386760830879211,1403,656,1031,633
193,33.46971292047867,1003,2.0,0.6523495316505432,371,359,63,45
199,33.46971292047867,1003,2.0,0.23476794362068176,210,174,43,41
200,33.46971292047867,1003,2.0,0.36734139919281006,229,178,34,43
1,33.50308252458682,1004,13.0,0.50966876745224,1402,656,1032,632
193,33.50308252458682,1004,2.0,0.6073834300041199,372,362,63,47
199,33.50308252458682,1004,2.0,0.25821709632873535,208,173,38,39
200,33.50308252458682,1004,2.0,0.3340291380882263,229,178,33,43
1,33.536452128694975,1005,13.0,0.5069308280944824,1402,657,1032,633
193,33.536452128694975,1005,2.0,0.5049248337745667,374,364,64,49
199,33.536452128694975,1005,2.0,0.2929365038871765,212,174,47,41
200,33.536452128694975,1005,2.0,0.3258405923843384,229,177,35,43
1,33.56982173280313,1006,13.0,0.5312545299530029,1403,658,1031,631
193,33.56982173280313,1006,2.0,0.42783859372138977,375,369,62,47
199,33.56982173280313,1006,2.0,0.2627115845680237,215,174,51,41
200,33.56982173280313,1006,2.0,0.26919838786125183,228,176,39,44
1,33.60319133691129,1007,13.0,0.5138147473335266,1403,653,1031,622
193,33.60319133691129,1007,2.0,0.4297619163990021,376,374,59,44
199,33.60319133691129,1007,2.0,0.23985148966312408,211,171,42,36
200,33.60319133691129,1007,2.0,0.22340932488441467,228,176,41,44
1,33.63656094101944,1008,13.0,0.5121490955352783,1403,647,1031,609
193,33.63656094101944,1008,2.0,0.5423546433448792,378,378,59,43
199,33.63656094101944,1008,2.0,0.23687858879566193,208,169,34,31
200,33.63656094101944,1008,2.0,0.22884394228458405,228,175,41,43
205,33.63656094101944,1008,2.0,0.7620058059692383,1464,1024,197,107
1,33.66993054512759,1009,13.0,0.5021960735321045,1403,644,1030,607
193,33.66993054512759,1009,2.0,0.2626524865627289,382,382,63,44
199,33.66993054512759,1009,2.0,0.2464265525341034,207,166,30,24
200,33.66993054512759,1009,2.0,0.18071556091308594,227,171,45,36
205,33.66993054512759,1009,2.0,0.7901676893234253,1482,1020,196,112
206,33.66993054512759,1009,2.0,0.553345263004303,1307,957,159,91
1,33.703300149235744,1010,13.0,0.44149965047836304,1404,641,1030,604
193,33.703300149235744,1010,2.0,0.3230740427970886,385,387,66,44
199,33.703300149235744,1010,2.0,0.18554390966892242,207,165,28,22
200,33.703300149235744,1010,2.0,0.15444236993789673,229,171,44,34
205,33.703300149235744,1010,2.0,0.7424565553665161,1501,1016,195,115
206,33.703300149235744,1010,2.0,0.2199857383966446,1316,956,175,97
1,33.736669753343904,1011,13.0,0.3401945233345032,1404,640,1029,596
193,33.736669753343904,1011,2.0,0.38835927844047546,389,390,70,45
199,33.736669753343904,1011,2.0,0.1996704638004303,207,165,28,22
200,33.736669753343904,1011,2.0,0.19086316227912903,227,173,48,39
205,33.736669753343904,1011,2.0,0.7582531571388245,1519,1012,192,114
206,33.736669753343904,1011,2.0,0.27402302622795105,1324,955,191,103
1,33.770039357452056,1012,13.0,0.32220757007598877,1404,641,1027,593
193,33.770039357452056,1012,2.0,0.6303300857543945,391,392,70,47
199,33.770039357452056,1012,2.0,0.2280871719121933,207,166,28,23
200,33.770039357452056,1012,2.0,0.23669366538524628,226,175,50,42
205,33.770039357452056,1012,2.0,0.6794489622116089,1538,1005,194,118
206,33.770039357452056,1012,2.0,0.13618387281894684,1335,952,204,105
1,33.80340896156021,1013,13.0,0.2630752623081207,1405,641,1025,590
193,33.80340896156021,1013,2.0,0.6793290972709656,395,397,72,49
199,33.80340896156021,1013,2.0,0.253743976354599,207,166,28,23
200,33.80340896156021,1013,2.0,0.21829061210155487,226,177,53,46
205,33.80340896156021,1013,2.0,0.5924354195594788,1556,1000,194,117
1,33.83677856566836,1014,13.0,0.18846279382705688,1406,640,1023,587
193,33.83677856566836,1014,2.0,0.7731135487556458,397,402,70,52
199,33.83677856566836,1014,2.0,0.2684081196784973,207,165,28,22
200,33.83677856566836,1014,2.0,0.20185916125774384,227,176,54,44
205,33.83677856566836,1014,2.0,0.6479317545890808,1573,994,196,116
209,33.83677856566836,1014,2.0,0.6680963635444641,1841,730,154,150
1,33.87014816977652,1015,13.0,0.30800166726112366,1407,641,1021,585
193,33.87014816977652,1015,2.0,0.530620813369751,402,407,78,53
199,33.87014816977652,1015,2.0,0.18195348978042603,207,165,27,21
200,33.87014816977652,1015,2.0,0.13672687113285065,227,175,53,42
205,33.87014816977652,1015,2.0,0.5466549396514893,1592,988,193,112
209,33.87014816977652,1015,2.0,0.654561460018158,1825,717,188,158
1,33.90351777388467,1016,13.0,0.21936827898025513,1409,649,1019,600
193,33.90351777388467,1016,2.0,0.6060203909873962,405,409,79,54
199,33.90351777388467,1016,2.0,0.2151992917060852,207,165,26,21
200,33.90351777388467,1016,2.0,0.16390378773212433,227,172,53,36
205,33.90351777388467,1016,2.0,0.69216388463974,1608,982,193,112
209,33.90351777388467,1016,2.0,0.8002381324768066,1807,699,222,151
206,33.90351777388467,1016,2.0,0.46740061044692993,1394,937,204,110
1,33.936887377992825,1017,13.0,0.2058251053094864,1412,648,1012,596
193,33.936887377992825,1017,2.0,0.6127390265464783,408,413,78,56
199,33.936887377992825,1017,2.0,0.16482605040073395,207,165,26,20
205,33.936887377992825,1017,2.0,0.32380759716033936,1623,977,192,113
209,33.936887377992825,1017,2.0,0.6437329053878784,1785,689,241,138
206,33.936887377992825,1017,2.0,0.40669718384742737,1410,932,203,109
1,33.97025698210098,1018,13.0,0.113705575466156,1414,660,1009,616
193,33.97025698210098,1018,2.0,0.6594887375831604,409,419,76,55
199,33.97025698210098,1018,2.0,0.20410507917404175,208,165,26,20
205,33.97025698210098,1018,2.0,0.6473232507705688,1643,970,196,112
209,33.97025698210098,1018,2.0,0.7780993580818176,1752,679,243,124
206,33.97025698210098,1018,2.0,0.5369557738304138,1425,928,201,109
193,34.00362658620914,1019,2.0,0.7059653401374817,414,424,82,56
199,34.00362658620914,1019,2.0,0.19893644750118256,208,166,26,19
205,34.00362658620914,1019,2.0,0.7025282382965088,1659,965,193,111
209,34.00362658620914,1019,2.0,0.8704196810722351,1717,667,237,114
206,34.00362658620914,1019,2.0,0.7430998682975769,1441,923,202,110
211,34.00362658620914,1019,2.0,0.5829520225524902,1825,638,186,98
212,34.00362658620914,1019,2.0,0.3794899880886078,238,193,43,29
193,34.03699619031729,1020,2.0,0.6657187938690186,417,429,83,57
199,34.03699619031729,1020,2.0,0.20438425242900848,208,166,27,19
205,34.03699619031729,1020,2.0,0.7258502244949341,1671,960,186,110
209,34.03699619031729,1020,2.0,0.8473924398422241,1683,653,229,114
206,34.03699619031729,1020,2.0,0.7874596118927002,1459,919,209,108
211,34.03699619031729,1020,2.0,0.7723640203475952,1807,627,197,96
212,34.03699619031729,1020,2.0,0.31553593277931213,237,193,46,30
193,34.07036579442544,1021,2.0,0.6793696284294128,416,433,78,58
199,34.07036579442544,1021,2.0,0.2257688045501709,207,166,28,20
205,34.07036579442544,1021,2.0,0.6439570784568787,1680,956,171,108
209,34.07036579442544,1021,2.0,0.8651658892631531,1651,642,218,105
206,34.07036579442544,1021,2.0,0.8048213720321655,1474,916,206,106
211,34.07036579442544,1021,2.0,0.7933560609817505,1781,615,193,97
212,34.07036579442544,1021,2.0,0.3989855945110321,236,191,50,42
193,34.103735398533594,1022,2.0,0.7534666657447815,422,438,81,58
199,34.103735398533594,1022,2.0,0.21133367717266083,207,166,28,20
205,34.103735398533594,1022,2.0,0.36461135745048523,1685,951,148,105
209,34.103735398533594,1022,2.0,0.8918417096138,1619,630,208,102
206,34.103735398533594,1022,2.0,0.6098865866661072,1489,912,205,106
211,34.103735398533594,1022,2.0,0.7107749581336975,1744,605,198,97
212,34.103735398533594,1022,2.0,0.32167160511016846,236,192,50,43
193,34.13710500264175,1023,2.0,0.7593414783477783,423,443,79,61
199,34.13710500264175,1023,2.0,0.2793329060077667,207,166,29,20
205,34.13710500264175,1023,2.0,0.19345960021018982,1693,946,130,101
209,34.13710500264175,1023,2.0,0.8138842582702637,1590,618,200,102
206,34.13710500264175,1023,2.0,0.5139026641845703,1503,907,205,105
211,34.13710500264175,1023,2.0,0.8368880152702332,1717,594,189,91
212,34.13710500264175,1023,2.0,0.44281578063964844,236,193,51,43
193,34.170474606749906,1024,2.0,0.700476348400116,426,449,80,61
199,34.170474606749906,1024,2.0,0.3213194012641907,207,166,29,21
205,34.170474606749906,1024,2.0,0.1387651413679123,1698,939,108,101
209,34.170474606749906,1024,2.0,0.83194500207901,1561,607,195,99
211,34.170474606749906,1024,2.0,0.7925255298614502,1692,584,175,92
212,34.170474606749906,1024,2.0,0.35787931084632874,235,190,54,51
193,34.20384421085806,1025,2.0,0.7298025488853455,431,456,81,61
199,34.20384421085806,1025,2.0,0.2793689966201782,208,166,31,20
209,34.20384421085806,1025,2.0,0.7872613072395325,1535,596,188,97
211,34.20384421085806,1025,2.0,0.7107908725738525,1664,576,172,87
212,34.20384421085806,1025,2.0,0.1604568362236023,235,191,54,47
193,34.23721381496621,1026,2.0,0.5872380137443542,438,462,87,62
199,34.23721381496621,1026,2.0,0.3163589537143707,209,166,31,20
209,34.23721381496621,1026,2.0,0.8288519978523254,1509,587,185,94
211,34.23721381496621,1026,2.0,0.7901316285133362,1640,569,165,85
212,34.23721381496621,1026,2.0,0.2454451471567154,235,193,53,43
193,34.27058341907437,1027,2.0,0.6393788456916809,443,467,92,63
199,34.27058341907437,1027,2.0,0.25281596183776855,210,166,32,19
209,34.27058341907437,1027,2.0,0.7633355855941772,1486,575,185,92
211,34.27058341907437,1027,2.0,0.8061498403549194,1616,560,160,84
212,34.27058341907437,1027,2.0,0.16043385863304138,236,194,52,42
193,34.30395302318252,1028,2.0,0.6246343851089478,446,472,94,65
199,34.30395302318252,1028,2.0,0.26914212107658386,211,166,34,19
209,34.30395302318252,1028,2.0,0.7101495862007141,1458,566,172,90
211,34.30395302318252,1028,2.0,0.6800869107246399,1595,551,153,81
212,34.30395302318252,1028,2.0,0.1715434193611145,236,194,51,40
193,34.337322627290675,1029,2.0,0.6009728312492371,447,477,91,66
199,34.337322627290675,1029,2.0,0.2729923725128174,210,166,32,19
209,34.337322627290675,1029,2.0,0.8311321139335632,1435,557,167,85
211,34.337322627290675,1029,2.0,0.6850982904434204,1570,543,153,79
212,34.337322627290675,1029,2.0,0.3470262885093689,237,193,52,41
193,34.37069223139883,1030,2.0,0.6118685603141785,449,483,88,68
199,34.37069223139883,1030,2.0,0.29953500628471375,209,167,31,20
209,34.37069223139883,1030,2.0,0.7305054664611816,1412,548,162,83
211,34.37069223139883,1030,2.0,0.5448408722877502,1546,534,152,76
212,34.37069223139883,1030,2.0,0.4892568290233612,239,193,50,44
193,34.40406183550699,1031,2.0,0.5906809568405151,454,490,90,70
199,34.40406183550699,1031,2.0,0.25051257014274597,211,168,34,20
209,34.40406183550699,1031,2.0,0.7984901666641235,1393,539,161,81
211,34.40406183550699,1031,2.0,0.6894428133964539,1524,526,151,74
212,34.40406183550699,1031,2.0,0.4024602174758911,240,192,51,48
193,34.43743143961514,1032,2.0,0.5598379373550415,457,495,92,73
199,34.43743143961514,1032,2.0,0.30800318717956543,212,168,37,20
209,34.43743143961514,1032,2.0,0.7706005573272705,1372,531,154,80
211,34.43743143961514,1032,2.0,0.6513321399688721,1504,520,147,75
212,34.43743143961514,1032,2.0,0.2649868130683899,238,192,55,52
200,34.43743143961514,1032,2.0,0.3593873977661133,230,175,61,34
193,34.47080104372329,1033,2.0,0.46959081292152405,459,503,91,76
199,34.47080104372329,1033,2.0,0.15148396790027618,213,168,39,19
209,34.47080104372329,1033,2.0,0.4661862850189209,1352,523,152,80
211,34.47080104372329,1033,2.0,0.44507160782814026,1483,513,142,74
212,34.47080104372329,1033,2.0,0.10539127141237259,240,195,53,49
200,34.47080104372329,1033,2.0,0.20609024167060852,228,171,56,25
193,34.504170647831444,1034,2.0,0.43707603216171265,465,508,91,79
199,34.504170647831444,1034,2.0,0.13826793432235718,213,167,39,19
209,34.504170647831444,1034,2.0,0.41719406843185425,1333,515,147,81
211,34.504170647831444,1034,2.0,0.7441778779029846,1463,506,139,71
212,34.504170647831444,1034,2.0,0.18268568813800812,242,196,51,47
200,34.504170647831444,1034,2.0,0.2139304280281067,230,172,59,26
193,34.5375402519396,1035,2.0,0.498687744140625,469,518,93,74
209,34.5375402519396,1035,2.0,0.5485343933105469,1314,508,145,76
211,34.5375402519396,1035,2.0,0.5378801822662354,1444,500,134,71
193,34.570909856047756,1036,2.0,0.42156994342803955,471,526,92,76
209,34.570909856047756,1036,2.0,0.43540021777153015,1295,502,141,75
211,34.570909856047756,1036,2.0,0.3256531059741974,1424,492,137,72
193,34.60427946015591,1037,2.0,0.317999929189682,475,534,89,78
209,34.60427946015591,1037,2.0,0.6349856853485107,1278,493,138,75
211,34.60427946015591,1037,2.0,0.4383920729160309,1405,485,136,68
193,34.63764906426407,1038,2.0,0.5914515852928162,481,543,91,80
209,34.63764906426407,1038,2.0,0.8031811714172363,1261,486,135,73
211,34.63764906426407,1038,2.0,0.8214960694313049,1389,479,136,68
193,34.67101866837222,1039,2.0,0.7069858908653259,486,552,92,82
209,34.67101866837222,1039,2.0,0.773247480392456,1245,479,133,72
211,34.67101866837222,1039,2.0,0.7124539613723755,1372,475,131,68
193,34.70438827248037,1040,2.0,0.7107671499252319,490,560,92,84
209,34.70438827248037,1040,2.0,0.6505769491195679,1230,472,131,72
211,34.70438827248037,1040,2.0,0.7050212621688843,1357,468,127,68
193,34.737757876588525,1041,2.0,0.6133715510368347,496,569,98,86
209,34.737757876588525,1041,2.0,0.5271173119544983,1216,466,126,70
211,34.737757876588525,1041,2.0,0.6565008759498596,1341,462,126,65
193,34.771127480696684,1042,2.0,0.5539834499359131,501,577,100,92
209,34.771127480696684,1042,2.0,0.6866382956504822,1201,460,124,68
211,34.771127480696684,1042,2.0,0.6328437924385071,1324,457,127,64
193,34.80449708480484,1043,2.0,0.6904259920120239,507,587,104,96
209,34.80449708480484,1043,2.0,0.7038282752037048,1188,454,126,66
211,34.80449708480484,1043,2.0,0.7665539979934692,1308,451,125,63
193,34.83786668891299,1044,2.0,0.4758022725582123,513,597,104,98
209,34.83786668891299,1044,2.0,0.774793803691864,1172,448,123,64
211,34.83786668891299,1044,2.0,0.7613876461982727,1294,447,122,62
193,34.87123629302114,1045,2.0,0.4906231462955475,520,609,107,97
209,34.87123629302114,1045,2.0,0.7193152904510498,1159,440,120,68
211,34.87123629302114,1045,2.0,0.7327657341957092,1278,441,121,62
193,34.9046058971293,1046,2.0,0.5382727384567261,524,619,107,99
209,34.9046058971293,1046,2.0,0.8069841265678406,1145,434,116,69
211,34.9046058971293,1046,2.0,0.7242581844329834,1265,436,118,61
193,34.93797550123745,1047,2.0,0.6407998204231262,534,629,115,107
209,34.93797550123745,1047,2.0,0.7708436846733093,1132,430,116,66
211,34.93797550123745,1047,2.0,0.8424569368362427,1253,432,114,62
193,34.971345105345605,1048,2.0,0.6944825649261475,541,639,118,111
209,34.971345105345605,1048,2.0,0.7689846754074097,1118,425,112,63
211,34.971345105345605,1048,2.0,0.7451934218406677,1239,427,112,59
193,35.00471470945376,1049,2.0,0.688761830329895,547,652,117,112
209,35.00471470945376,1049,2.0,0.8053981065750122,1104,422,107,61
211,35.00471470945376,1049,2.0,0.743802011013031,1227,423,110,57
193,35.03808431356192,1050,2.0,0.6885339021682739,553,666,122,113
209,35.03808431356192,1050,2.0,0.731546938419342,1093,417,105,62
211,35.03808431356192,1050,2.0,0.6243206262588501,1214,417,107,57
193,35.07145391767007,1051,2.0,0.5498721599578857,559,679,124,114
209,35.07145391767007,1051,2.0,0.7145095467567444,1082,413,103,60
211,35.07145391767007,1051,2.0,0.7044304609298706,1201,412,107,56
193,35.10482352177822,1052,2.0,0.6628116369247437,567,693,125,119
209,35.10482352177822,1052,2.0,0.5756869912147522,1069,409,101,56
211,35.10482352177822,1052,2.0,0.6290011405944824,1190,408,104,54
193,35.138193125886374,1053,2.0,0.7859296798706055,575,708,128,124
209,35.138193125886374,1053,2.0,0.7461259961128235,1058,404,99,55
211,35.138193125886374,1053,2.0,0.629164457321167,1180,406,100,51
193,35.171562729994534,1054,2.0,0.7515683770179749,584,722,133,126
209,35.171562729994534,1054,2.0,0.7268677353858948,1046,399,96,56
211,35.171562729994534,1054,2.0,0.6695138216018677,1167,402,98,51
193,35.204932334102686,1055,2.0,0.8554911017417908,594,737,136,131
209,35.204932334102686,1055,2.0,0.7321245074272156,1036,394,96,54
211,35.204932334102686,1055,2.0,0.6944273710250854,1155,397,98,52
193,35.23830193821084,1056,2.0,0.776335597038269,603,755,138,137
209,35.23830193821084,1056,2.0,0.8001450896263123,1025,389,94,55
211,35.23830193821084,1056,2.0,0.7507143020629883,1144,391,98,53
193,35.27167154231899,1057,2.0,0.4462408721446991,613,771,143,142
209,35.27167154231899,1057,2.0,0.7983601689338684,1016,385,88,54
211,35.27167154231899,1057,2.0,0.7555380463600159,1134,388,98,53
193,35.30504114642715,1058,2.0,0.673351526260376,624,789,147,148
209,35.30504114642715,1058,2.0,0.7739214897155762,1006,382,89,53
211,35.30504114642715,1058,2.0,0.7805184721946716,1124,384,95,53
193,35.3384107505353,1059,2.0,0.7237558364868164,636,807,150,151
209,35.3384107505353,1059,2.0,0.6589721441268921,995,378,89,52
211,35.3384107505353,1059,2.0,0.658225953578949,1113,381,93,52
220,35.3384107505353,1059,13.0,0.3291073739528656,1415,657,1006,580
193,35.371780354643455,1060,2.0,0.6670511364936829,646,825,152,159
209,35.371780354643455,1060,2.0,0.6121821999549866,988,374,88,52
211,35.371780354643455,1060,2.0,0.5044718980789185,1104,378,92,50
220,35.371780354643455,1060,13.0,0.35578954219818115,1415,652,1007,586
193,35.40514995875161,1061,2.0,0.7418265342712402,659,846,160,164
209,35.40514995875161,1061,2.0,0.5315717458724976,977,371,86,52
211,35.40514995875161,1061,2.0,0.488736629486084,1093,375,92,51
220,35.40514995875161,1061,13.0,0.48157981038093567,1414,649,1006,595
193,35.43851956285977,1062,2.0,0.6081164479255676,670,868,167,168
209,35.43851956285977,1062,2.0,0.6376135945320129,968,367,85,52
211,35.43851956285977,1062,2.0,0.5553303956985474,1082,372,91,50
220,35.43851956285977,1062,13.0,0.4644010365009308,1415,650,1004,595
193,35.47188916696792,1063,2.0,0.16390351951122284,683,889,168,171
209,35.47188916696792,1063,2.0,0.48508915305137634,960,363,85,50
211,35.47188916696792,1063,2.0,0.4383711814880371,1073,368,90,50
220,35.47188916696792,1063,13.0,0.5082237720489502,1413,651,1008,595
193,35.50525877107607,1064,2.0,0.1210581585764885,688,889,159,132
209,35.50525877107607,1064,2.0,0.5531283617019653,951,360,81,46
211,35.50525877107607,1064,2.0,0.6038748025894165,1064,365,88,52
220,35.50525877107607,1064,13.0,0.5756739377975464,1410,650,1014,600
193,35.538628375184224,1065,2.0,0.2321259081363678,705,935,169,177
209,35.538628375184224,1065,2.0,0.6286944150924683,943,357,82,46
211,35.538628375184224,1065,2.0,0.7149055004119873,1055,361,87,51
220,35.538628375184224,1065,13.0,0.5962618589401245,1408,650,1019,601
193,35.571997979292384,1066,2.0,0.2360897809267044,725,964,184,194
209,35.571997979292384,1066,2.0,0.6143964529037476,933,353,78,44
211,35.571997979292384,1066,2.0,0.6624032855033875,1047,359,86,50
220,35.571997979292384,1066,13.0,0.5532829761505127,1408,649,1018,603
209,35.605367583400536,1067,2.0,0.641211748123169,925,349,78,44
211,35.605367583400536,1067,2.0,0.5307592749595642,1037,358,83,51
220,35.605367583400536,1067,13.0,0.6520242094993591,1408,647,1018,604
209,35.63873718750869,1068,2.0,0.6627508401870728,917,346,79,46
211,35.63873718750869,1068,2.0,0.6009387373924255,1028,353,82,47
220,35.63873718750869,1068,13.0,0.6579310894012451,1411,647,1012,603
209,35.67210679161685,1069,2.0,0.7165110111236572,909,343,78,48
211,35.67210679161685,1069,2.0,0.6675488948822021,1019,349,81,45
220,35.67210679161685,1069,13.0,0.6930393576622009,1414,648,1006,602
209,35.705476395725,1070,2.0,0.7338465452194214,902,339,75,48
211,35.705476395725,1070,2.0,0.7239322066307068,1011,346,80,46
220,35.705476395725,1070,13.0,0.6708336472511292,1415,648,1004,603
209,35.73884599983315,1071,2.0,0.5934880375862122,895,337,70,44
211,35.73884599983315,1071,2.0,0.6556681394577026,1002,343,82,44
220,35.73884599983315,1071,13.0,0.66362464427948,1414,646,1005,605
209,35.772215603941305,1072,2.0,0.643743634223938,887,334,71,43
211,35.772215603941305,1072,2.0,0.6610875129699707,994,340,80,43
220,35.772215603941305,1072,13.0,0.6523949503898621,1413,646,1008,607
209,35.805585208049465,1073,2.0,0.596206784248352,879,331,68,41
211,35.805585208049465,1073,2.0,0.774322509765625,987,337,79,44
220,35.805585208049465,1073,13.0,0.6630390286445618,1410,645,1013,610
209,35.83895481215762,1074,2.0,0.5440891981124878,871,327,69,44
211,35.83895481215762,1074,2.0,0.4297280013561249,979,334,76,46
220,35.83895481215762,1074,13.0,0.6142224669456482,1404,641,1027,619
209,35.87232441626577,1075,2.0,0.5635825395584106,864,324,69,45
211,35.87232441626577,1075,2.0,0.702920138835907,972,331,77,44
220,35.87232441626577,1075,13.0,0.5980088710784912,1403,641,1031,619
209,35.90569402037392,1076,2.0,0.5420071482658386,858,322,67,44
211,35.90569402037392,1076,2.0,0.6862797141075134,963,328,76,44
220,35.90569402037392,1076,13.0,0.6397532224655151,1394,640,1048,627
209,35.93906362448208,1077,2.0,0.6221542954444885,851,319,68,45
211,35.93906362448208,1077,2.0,0.5910807251930237,957,325,74,43
220,35.93906362448208,1077,13.0,0.6449511051177979,1392,640,1053,633
209,35.97243322859023,1078,2.0,0.40305688977241516,844,316,69,44
211,35.97243322859023,1078,2.0,0.6717414855957031,950,324,71,39
220,35.97243322859023,1078,13.0,0.6778623461723328,1393,641,1051,634
209,36.005802832698386,1079,2.0,0.396356999874115,838,314,68,41
211,36.005802832698386,1079,2.0,0.3464365601539612,942,321,71,41
220,36.005802832698386,1079,13.0,0.6742189526557922,1389,636,1058,642
209,36.03917243680654,1080,2.0,0.6131824851036072,832,311,65,39
211,36.03917243680654,1080,2.0,0.5664615035057068,935,319,72,42
220,36.03917243680654,1080,13.0,0.6412490606307983,1391,636,1055,639
209,36.0725420409147,1081,2.0,0.5766698122024536,825,309,66,39
211,36.0725420409147,1081,2.0,0.6148715019226074,929,317,72,41
220,36.0725420409147,1081,13.0,0.6507582068443298,1398,638,1042,636
209,36.10591164502285,1082,2.0,0.2799105644226074,817,306,64,38
211,36.10591164502285,1082,2.0,0.6438949704170227,923,314,71,41
220,36.10591164502285,1082,13.0,0.6972736716270447,1393,634,1048,653
209,36.139281249131,1083,2.0,0.29208213090896606,811,304,62,38
211,36.139281249131,1083,2.0,0.6839346885681152,916,313,68,40
220,36.139281249131,1083,13.0,0.7379676103591919,1392,632,1049,660
209,36.172650853239155,1084,2.0,0.35202643275260925,807,300,62,38
211,36.172650853239155,1084,2.0,0.6840904951095581,908,311,67,40
220,36.172650853239155,1084,13.0,0.7329376935958862,1390,631,1051,663
209,36.206020457347314,1085,2.0,0.5757144689559937,801,299,62,40
211,36.206020457347314,1085,2.0,0.7263867855072021,902,308,67,38
220,36.206020457347314,1085,13.0,0.7424213886260986,1390,630,1051,666
209,36.23939006145547,1086,2.0,0.346041738986969,795,297,61,38
211,36.23939006145547,1086,2.0,0.6424885392189026,896,307,66,38
220,36.23939006145547,1086,13.0,0.7327407002449036,1391,629,1050,668
209,36.27275966556362,1087,2.0,0.5279024243354797,791,295,60,38
211,36.27275966556362,1087,2.0,0.6171212792396545,889,303,66,37
220,36.27275966556362,1087,13.0,0.7206716537475586,1394,625,1047,664
209,36.30612926967177,1088,2.0,0.5816444754600525,786,291,59,37
211,36.30612926967177,1088,2.0,0.6729098558425903,884,301,65,36
220,36.30612926967177,1088,13.0,0.7163424491882324,1393,623,1049,666
209,36.33949887377993,1089,2.0,0.42761939764022827,778,290,60,39
211,36.33949887377993,1089,2.0,0.62692791223526,879,299,65,37
220,36.33949887377993,1089,13.0,0.6367325782775879,1397,620,1043,668
209,36.37286847788808,1090,2.0,0.416120320558548,772,289,60,38
211,36.37286847788808,1090,2.0,0.5484222173690796,873,297,64,37
220,36.37286847788808,1090,13.0,0.6049389839172363,1397,616,1044,676
209,36.406238081996236,1091,2.0,0.4137665033340454,767,287,56,34
211,36.406238081996236,1091,2.0,0.5623931884765625,866,295,65,38
220,36.406238081996236,1091,13.0,0.572346568107605,1398,618,1040,675
209,36.43960768610439,1092,2.0,0.33709952235221863,763,284,56,33
211,36.43960768610439,1092,2.0,0.5380702614784241,861,293,65,39
220,36.43960768610439,1092,13.0,0.5482450723648071,1398,619,1040,663
225,36.43960768610439,1092,2.0,0.6888123750686646,1858,658,121,90
209,36.47297729021255,1093,2.0,0.2948526442050934,758,282,55,33
211,36.47297729021255,1093,2.0,0.6560121178627014,857,292,63,38
220,36.47297729021255,1093,13.0,0.5371310114860535,1402,631,1032,636
225,36.47297729021255,1093,2.0,0.8354402780532837,1843,646,152,92
209,36.5063468943207,1094,2.0,0.11950433999300003,750,280,48,32
211,36.5063468943207,1094,2.0,0.6633815169334412,850,289,62,37
220,36.5063468943207,1094,13.0,0.6545851230621338,1404,635,1027,627
225,36.5063468943207,1094,2.0,0.8795037269592285,1821,634,181,94
209,36.53971649842885,1095,2.0,0.3633490204811096,748,278,51,34
211,36.53971649842885,1095,2.0,0.5098060369491577,844,287,60,37
220,36.53971649842885,1095,13.0,0.6275986433029175,1403,629,1030,628
225,36.53971649842885,1095,2.0,0.8487544059753418,1790,618,188,94
209,36.573086102537005,1096,2.0,0.15285609662532806,745,276,52,34
211,36.573086102537005,1096,2.0,0.48710179328918457,838,285,60,35
220,36.573086102537005,1096,13.0,0.6643510460853577,1404,632,1028,617
225,36.573086102537005,1096,2.0,0.810282826423645,1754,606,184,93
209,36.606455706645164,1097,2.0,0.32685554027557373,739,274,54,35
211,36.606455706645164,1097,2.0,0.7374195456504822,833,283,60,33
220,36.606455706645164,1097,13.0,0.6617653965950012,1406,637,1025,609
225,36.606455706645164,1097,2.0,0.8404266834259033,1718,593,178,88
209,36.63982531075332,1098,2.0,0.37154582142829895,735,272,51,34
211,36.63982531075332,1098,2.0,0.6986461877822876,827,281,58,33
220,36.63982531075332,1098,13.0,0.5975276231765747,1407,639,1022,611
225,36.63982531075332,1098,2.0,0.8370687961578369,1683,582,173,87
229,36.63982531075332,1098,2.0,0.47970670461654663,1779,382,80,28
209,36.67319491486147,1099,2.0,0.29511287808418274,729,269,51,34
211,36.67319491486147,1099,2.0,0.46191075444221497,821,278,58,34
220,36.67319491486147,1099,13.0,0.5674970746040344,1408,638,1019,625
225,36.67319491486147,1099,2.0,0.7839548587799072,1651,572,167,82
229,36.67319491486147,1099,2.0,0.5216670036315918,1774,381,76,29
209,36.70656451896963,1100,2.0,0.33120253682136536,724,268,52,35
211,36.70656451896963,1100,2.0,0.5878204703330994,817,277,57,35
220,36.70656451896963,1100,13.0,0.5680428743362427,1409,640,1017,630
225,36.70656451896963,1100,2.0,0.7970574498176575,1621,561,161,80
229,36.70656451896963,1100,2.0,0.38238850235939026,1767,381,79,29
209,36.73993412307778,1101,2.0,0.34446173906326294,721,266,49,32
211,36.73993412307778,1101,2.0,0.4667772650718689,812,275,60,36
220,36.73993412307778,1101,13.0,0.4308941662311554,1410,645,1015,629
225,36.73993412307778,1101,2.0,0.7158651351928711,1591,551,155,76
229,36.73993412307778,1101,2.0,0.34662747383117676,1761,381,87,29
209,36.77330372718593,1102,2.0,0.30869758129119873,717,264,49,30
211,36.77330372718593,1102,2.0,0.5674324631690979,808,273,59,34
220,36.77330372718593,1102,13.0,0.43496468663215637,1411,643,1013,641
225,36.77330372718593,1102,2.0,0.6673767566680908,1563,541,148,75
229,36.77330372718593,1102,2.0,0.36791256070137024,1752,380,85,29
209,36.806673331294085,1103,2.0,0.23414643108844757,711,262,51,30
211,36.806673331294085,1103,2.0,0.564357578754425,803,272,56,34
220,36.806673331294085,1103,13.0,0.4256480932235718,1411,644,1014,633
225,36.806673331294085,1103,2.0,0.5630126595497131,1537,532,143,72
229,36.806673331294085,1103,2.0,0.3920481204986572,1741,379,91,28
209,36.840042935402245,1104,2.0,0.32642030715942383,705,260,49,29
211,36.840042935402245,1104,2.0,0.6232247948646545,797,271,56,34
220,36.840042935402245,1104,13.0,0.4190548360347748,1410,645,1016,626
225,36.840042935402245,1104,2.0,0.6519536375999451,1511,523,140,72
229,36.840042935402245,1104,2.0,0.39791005849838257,1732,377,98,28
209,36.8734125395104,1105,2.0,0.307292640209198,700,260,49,28
211,36.8734125395104,1105,2.0,0.640282928943634,793,269,57,35
220,36.8734125395104,1105,13.0,0.29021498560905457,1411,648,1013,620
225,36.8734125395104,1105,2.0,0.7190219163894653,1487,514,135,71
229,36.8734125395104,1105,2.0,0.3683273494243622,1727,377,99,28
230,36.8734125395104,1105,2.0,0.42724573612213135,323,298,44,39
209,36.90678214361855,1106,2.0,0.22962291538715363,696,259,49,29
211,36.90678214361855,1106,2.0,0.6161011457443237,788,269,56,33
220,36.90678214361855,1106,13.0,0.4152774214744568,1411,653,1013,612
225,36.90678214361855,1106,2.0,0.816089928150177,1463,505,131,67
229,36.90678214361855,1106,2.0,0.44508057832717896,1721,377,94,30
230,36.90678214361855,1106,2.0,0.3109407424926758,322,300,43,39
209,36.9401517477267,1107,2.0,0.2775100767612457,694,256,49,31
211,36.9401517477267,1107,2.0,0.6902241706848145,783,267,56,33
220,36.9401517477267,1107,13.0,0.40448468923568726,1411,650,1013,615
225,36.9401517477267,1107,2.0,0.8135810494422913,1440,497,127,66
229,36.9401517477267,1107,2.0,0.20088447630405426,1715,376,90,30
230,36.9401517477267,1107,2.0,0.34858664870262146,323,303,42,38
231,36.9401517477267,1107,2.0,0.4254024028778076,300,253,40,28
209,36.97352135183486,1108,2.0,0.2105056345462799,690,254,48,32
211,36.97352135183486,1108,2.0,0.6164121627807617,779,265,52,32
220,36.97352135183486,1108,13.0,0.22334712743759155,1411,650,1014,616
225,36.97352135183486,1108,2.0,0.7439915537834167,1418,489,124,65
229,36.97352135183486,1108,2.0,0.23771347105503082,1713,375,86,30
230,36.97352135183486,1108,2.0,0.47960028052330017,326,305,47,40
231,36.97352135183486,1108,2.0,0.5011968612670898,300,253,38,27
209,37.006890955943014,1109,2.0,0.1790674477815628,688,253,49,31
211,37.006890955943014,1109,2.0,0.6557936668395996,773,263,52,30
220,37.006890955943014,1109,13.0,0.33561980724334717,1410,649,1015,619
225,37.006890955943014,1109,2.0,0.7389618754386902,1395,481,122,64
229,37.006890955943014,1109,2.0,0.1799888163805008,1709,374,77,30
230,37.006890955943014,1109,2.0,0.49244409799575806,329,308,49,44
231,37.006890955943014,1109,2.0,0.4787658751010895,301,255,38,27
209,37.040260560051166,1110,2.0,0.10047060251235962,683,251,49,33
211,37.040260560051166,1110,2.0,0.6611509323120117,769,262,51,29
220,37.040260560051166,1110,13.0,0.33371609449386597,1410,647,1016,620
225,37.040260560051166,1110,2.0,0.7002760171890259,1375,474,117,63
230,37.040260560051166,1110,2.0,0.34958261251449585,329,310,43,43
231,37.040260560051166,1110,2.0,0.42894667387008667,301,255,36,27
209,37.07363016415932,1111,2.0,0.10559117048978806,679,250,48,33
211,37.07363016415932,1111,2.0,0.7025994062423706,765,260,50,28
220,37.07363016415932,1111,13.0,0.4493376314640045,1411,648,1014,611
225,37.07363016415932,1111,2.0,0.8844313025474548,1355,469,112,62
230,37.07363016415932,1111,2.0,0.2445387989282608,330,314,43,46
231,37.07363016415932,1111,2.0,0.3134382367134094,301,257,34,28
209,37.10699976826748,1112,2.0,0.14562945067882538,674,248,47,33
211,37.10699976826748,1112,2.0,0.6578555107116699,761,258,51,29
220,37.10699976826748,1112,13.0,0.4055345952510834,1411,644,1015,616
225,37.10699976826748,1112,2.0,0.550804615020752,1337,461,109,62
230,37.10699976826748,1112,2.0,0.26630955934524536,333,316,45,46
231,37.10699976826748,1112,2.0,0.23451586067676544,302,259,33,29
209,37.14036937237563,1113,2.0,0.3057149350643158,670,246,47,34
211,37.14036937237563,1113,2.0,0.5612014532089233,757,256,50,29
220,37.14036937237563,1113,13.0,0.36038342118263245,1409,648,1017,610
225,37.14036937237563,1113,2.0,0.8237674236297607,1320,455,108,60
230,37.14036937237563,1113,2.0,0.6070322394371033,341,319,59,44
231,37.14036937237563,1113,2.0,0.34660500288009644,303,263,31,27
209,37.17373897648378,1114,2.0,0.4065370261669159,667,244,49,34
211,37.17373897648378,1114,2.0,0.527077853679657,752,255,50,28
220,37.17373897648378,1114,13.0,0.39782992005348206,1409,647,1017,608
225,37.17373897648378,1114,2.0,0.7666828036308289,1301,448,105,59
230,37.17373897648378,1114,2.0,0.6064083576202393,342,321,58,45
209,37.207108580591935,1115,2.0,0.24999955296516418,663,244,47,30
211,37.207108580591935,1115,2.0,0.5528874397277832,748,253,51,31
220,37.207108580591935,1115,13.0,0.352621853351593,1410,647,1016,605
225,37.207108580591935,1115,2.0,0.7919847965240479,1284,441,103,58
230,37.207108580591935,1115,2.0,0.46997392177581787,344,323,60,48
209,37.240478184700095,1116,2.0,0.1576332449913025,660,243,40,29
211,37.240478184700095,1116,2.0,0.5283558964729309,744,252,51,31
220,37.240478184700095,1116,13.0,0.41371724009513855,1411,649,1014,600
225,37.240478184700095,1116,2.0,0.6062904000282288,1265,436,101,58
230,37.240478184700095,1116,2.0,0.3075616955757141,346,325,63,50
231,37.240478184700095,1116,2.0,0.2575584053993225,306,269,32,29
209,37.27384778880825,1117,2.0,0.12876127660274506,657,240,41,29
211,37.27384778880825,1117,2.0,0.41322413086891174,742,250,52,30
220,37.27384778880825,1117,13.0,0.37815895676612854,1409,650,1019,598
225,37.27384778880825,1117,2.0,0.7938509583473206,1250,430,99,57
230,37.27384778880825,1117,2.0,0.36147546768188477,346,328,56,50
231,37.27384778880825,1117,2.0,0.39642977714538574,308,271,34,29
209,37.3072173929164,1118,2.0,0.15163040161132812,653,238,41,27
211,37.3072173929164,1118,2.0,0.45570307970046997,737,250,52,30
220,37.3072173929164,1118,13.0,0.36051610112190247,1407,648,1022,600
225,37.3072173929164,1118,2.0,0.7427540421485901,1234,425,97,55
230,37.3072173929164,1118,2.0,0.31945300102233887,347,331,52,52
231,37.3072173929164,1118,2.0,0.2520347535610199,309,272,34,29
209,37.34058699702455,1119,2.0,0.2077813446521759,648,237,44,27
211,37.34058699702455,1119,2.0,0.5809109807014465,734,249,54,30
220,37.34058699702455,1119,13.0,0.3905641436576843,1408,649,1021,596
225,37.34058699702455,1119,2.0,0.6445035338401794,1219,419,92,54
230,37.34058699702455,1119,2.0,0.34261640906333923,353,333,60,56
231,37.34058699702455,1119,2.0,0.13725148141384125,312,274,39,30
209,37.37395660113271,1120,2.0,0.2560780346393585,645,237,42,28
211,37.37395660113271,1120,2.0,0.6921941637992859,729,248,51,30
220,37.37395660113271,1120,13.0,0.3658527433872223,1407,653,1023,587
225,37.37395660113271,1120,2.0,0.46184012293815613,1205,415,92,49
230,37.37395660113271,1120,2.0,0.34576335549354553,356,335,63,56
231,37.37395660113271,1120,2.0,0.29006582498550415,314,276,41,30
209,37.407326205240864,1121,2.0,0.304121196269989,640,236,44,27
211,37.407326205240864,1121,2.0,0.6844762563705444,725,247,49,30
220,37.407326205240864,1121,13.0,0.2790168225765228,1406,656,1023,579
225,37.407326205240864,1121,2.0,0.6144816279411316,1189,410,92,52
230,37.407326205240864,1121,2.0,0.44684919714927673,359,337,67,57
231,37.407326205240864,1121,2.0,0.2595553696155548,315,277,40,31
235,37.407326205240864,1121,2.0,0.3489026725292206,265,220,30,35
209,37.440695809349016,1122,2.0,0.17918355762958527,638,235,42,27
211,37.440695809349016,1122,2.0,0.6166818141937256,720,246,49,31
220,37.440695809349016,1122,13.0,0.3851546347141266,1404,655,1029,583
225,37.440695809349016,1122,2.0,0.5681126117706299,1175,405,87,48
230,37.440695809349016,1122,2.0,0.32259100675582886,360,342,66,53
231,37.440695809349016,1122,2.0,0.3111559748649597,317,278,41,29
235,37.440695809349016,1122,2.0,0.3390964865684509,266,220,31,35
209,37.47406541345717,1123,2.0,0.2586820721626282,634,234,43,26
211,37.47406541345717,1123,2.0,0.5233777761459351,716,244,48,31
220,37.47406541345717,1123,13.0,0.3855282664299011,1405,655,1027,584
225,37.47406541345717,1123,2.0,0.6937534809112549,1161,400,86,49
230,37.47406541345717,1123,2.0,0.5036947131156921,361,345,61,51
231,37.47406541345717,1123,2.0,0.2853824496269226,318,279,42,28
235,37.47406541345717,1123,2.0,0.29981884360313416,267,221,33,34
209,37.50743501756533,1124,2.0,0.27518466114997864,631,233,43,26
211,37.50743501756533,1124,2.0,0.6721324920654297,713,243,48,30
220,37.50743501756533,1124,13.0,0.3692449927330017,1406,654,1025,585
225,37.50743501756533,1124,2.0,0.6558334231376648,1148,393,85,50
230,37.50743501756533,1124,2.0,0.49496233463287354,361,349,59,50
231,37.50743501756533,1124,2.0,0.38012439012527466,320,280,42,29
235,37.50743501756533,1124,2.0,0.24857906997203827,267,223,33,32
209,37.54080462167348,1125,2.0,0.1047758087515831,628,232,40,26
211,37.54080462167348,1125,2.0,0.6340205669403076,710,242,48,29
220,37.54080462167348,1125,13.0,0.42352649569511414,1405,655,1025,583
225,37.54080462167348,1125,2.0,0.7840981483459473,1137,389,87,50
230,37.54080462167348,1125,2.0,0.4024593234062195,362,353,58,50
231,37.54080462167348,1125,2.0,0.3216361999511719,321,282,42,30
235,37.54080462167348,1125,2.0,0.15688678622245789,269,224,35,31
209,37.57417422578163,1126,2.0,0.12894681096076965,625,231,38,27
211,37.57417422578163,1126,2.0,0.5131922364234924,705,240,47,30
220,37.57417422578163,1126,13.0,0.4156755208969116,1405,657,1024,578
225,37.57417422578163,1126,2.0,0.8021547794342041,1124,385,84,50
230,37.57417422578163,1126,2.0,0.5249379277229309,364,355,57,53
231,37.57417422578163,1126,2.0,0.5376136898994446,322,284,41,33
235,37.57417422578163,1126,2.0,0.185829296708107,269,225,36,31
211,37.607543829889785,1127,2.0,0.4656108021736145,702,238,46,29
220,37.607543829889785,1127,13.0,0.4121095538139343,1407,654,1022,583
225,37.607543829889785,1127,2.0,0.818108081817627,1111,381,83,49
230,37.607543829889785,1127,2.0,0.5645634531974792,366,358,59,54
231,37.607543829889785,1127,2.0,0.5280324220657349,324,286,43,36
235,37.607543829889785,1127,2.0,0.1262603998184204,271,225,37,32
211,37.640913433997945,1128,2.0,0.6060866713523865,697,237,47,27
220,37.640913433997945,1128,13.0,0.3839552402496338,1406,655,1022,582
225,37.640913433997945,1128,2.0,0.7611477375030518,1100,378,80,47
230,37.640913433997945,1128,2.0,0.5851754546165466,368,362,62,56
231,37.640913433997945,1128,2.0,0.6032835841178894,325,289,45,40
235,37.640913433997945,1128,2.0,0.13374213874340057,271,227,38,33
211,37.6742830381061,1129,2.0,0.5035757422447205,695,237,48,26
220,37.6742830381061,1129,13.0,0.4801325500011444,1408,655,1018,583
225,37.6742830381061,1129,2.0,0.7370777130126953,1088,373,80,48
230,37.6742830381061,1129,2.0,0.4399122893810272,370,366,58,56
231,37.6742830381061,1129,2.0,0.5581418871879578,326,292,46,38
235,37.6742830381061,1129,2.0,0.15768885612487793,272,228,38,31
211,37.70765264221425,1130,2.0,0.4433937966823578,691,236,46,27
220,37.70765264221425,1130,13.0,0.5022764205932617,1409,654,1016,585
225,37.70765264221425,1130,2.0,0.7569147944450378,1077,370,79,46
230,37.70765264221425,1130,2.0,0.20121429860591888,371,369,58,59
231,37.70765264221425,1130,2.0,0.25430890917778015,325,295,43,39
235,37.70765264221425,1130,2.0,0.20162571966648102,273,229,39,29
211,37.7410222463224,1131,2.0,0.4880884885787964,688,235,45,27
220,37.7410222463224,1131,13.0,0.5155417919158936,1408,653,1017,589
225,37.7410222463224,1131,2.0,0.653860330581665,1065,366,78,45
230,37.7410222463224,1131,2.0,0.26478254795074463,374,373,58,59
231,37.7410222463224,1131,2.0,0.19338929653167725,325,297,40,36
235,37.7410222463224,1131,2.0,0.174794003367424,274,230,39,28
211,37.77439185043056,1132,2.0,0.3033279776573181,684,234,43,28
220,37.77439185043056,1132,13.0,0.6303685307502747,1407,651,1020,593
225,37.77439185043056,1132,2.0,0.6847412586212158,1055,362,75,45
230,37.77439185043056,1132,2.0,0.29131782054901123,378,378,60,59
235,37.77439185043056,1132,2.0,0.24914777278900146,275,231,38,28
211,37.80776145453871,1133,2.0,0.3278340697288513,681,233,43,28
220,37.80776145453871,1133,13.0,0.6024382710456848,1407,651,1020,594
225,37.80776145453871,1133,2.0,0.55877286195755,1044,359,75,43
230,37.80776145453871,1133,2.0,0.2432819902896881,382,380,64,61
235,37.80776145453871,1133,2.0,0.3004169762134552,275,231,37,28
231,37.80776145453871,1133,2.0,0.38589951395988464,331,301,46,34
211,37.841131058646866,1134,2.0,0.4250536859035492,677,232,43,27
220,37.841131058646866,1134,13.0,0.6669909954071045,1405,647,1024,601
225,37.841131058646866,1134,2.0,0.5770599246025085,1034,354,74,43
230,37.841131058646866,1134,2.0,0.2296573519706726,385,384,66,62
235,37.841131058646866,1134,2.0,0.3272688090801239,276,231,37,29
231,37.841131058646866,1134,2.0,0.40295982360839844,333,303,48,34
211,37.874500662755025,1135,2.0,0.35100969672203064,673,231,44,27
220,37.874500662755025,1135,13.0,0.5903608798980713,1406,646,1023,603
225,37.874500662755025,1135,2.0,0.7060683369636536,1024,351,72,40
230,37.874500662755025,1135,2.0,0.3735365867614746,386,389,62,59
235,37.874500662755025,1135,2.0,0.33270347118377686,276,232,38,29
231,37.874500662755025,1135,2.0,0.4925752580165863,336,305,48,35
211,37.90787026686318,1136,2.0,0.24989263713359833,669,230,46,28
220,37.90787026686318,1136,13.0,0.5456569194793701,1406,646,1023,602
225,37.90787026686318,1136,2.0,0.6930409669876099,1014,347,71,41
230,37.90787026686318,1136,2.0,0.4663822650909424,388,394,63,58
235,37.90787026686318,1136,2.0,0.2539985179901123,276,233,38,29
231,37.90787026686318,1136,2.0,0.48055198788642883,338,307,49,36
211,37.94123987097133,1137,2.0,0.20974284410476685,667,229,46,28
220,37.94123987097133,1137,13.0,0.5626012682914734,1403,645,1028,603
225,37.94123987097133,1137,2.0,0.8117520809173584,1005,344,70,41
230,37.94123987097133,1137,2.0,0.44553402066230774,395,398,72,63
235,37.94123987097133,1137,2.0,0.2949753999710083,277,234,37,29
231,37.94123987097133,1137,2.0,0.532078206539154,339,309,48,37
211,37.97460947507948,1138,2.0,0.19194461405277252,663,227,46,28
220,37.97460947507948,1138,13.0,0.5049894452095032,1402,643,1030,607
225,37.97460947507948,1138,2.0,0.6456242799758911,995,342,67,41
230,37.97460947507948,1138,2.0,0.5439188480377197,395,402,70,66
235,37.97460947507948,1138,2.0,0.3111788332462311,278,234,35,30
231,37.97460947507948,1138,2.0,0.48240700364112854,342,312,49,40
209,37.97460947507948,1138,2.0,0.33067062497138977,587,215,35,24
211,38.00797907918764,1139,2.0,0.2750456631183624,660,227,47,28
220,38.00797907918764,1139,13.0,0.4954627752304077,1402,642,1030,609
225,38.00797907918764,1139,2.0,0.6812589168548584,986,338,68,42
230,38.00797907918764,1139,2.0,0.46705710887908936,396,406,66,64
235,38.00797907918764,1139,2.0,0.2791163921356201,279,235,35,31
231,38.00797907918764,1139,2.0,0.40825924277305603,343,314,49,40
209,38.00797907918764,1139,2.0,0.4087797999382019,583,214,38,24
211,38.041348683295794,1140,2.0,0.34809720516204834,658,226,47,28
220,38.041348683295794,1140,13.0,0.5385236740112305,1403,642,1029,610
225,38.041348683295794,1140,2.0,0.5149744153022766,976,334,71,39
230,38.041348683295794,1140,2.0,0.2568405568599701,401,410,65,66
235,38.041348683295794,1140,2.0,0.2865750193595886,280,237,37,33
231,38.041348683295794,1140,2.0,0.18282969295978546,345,317,48,38
209,38.041348683295794,1140,2.0,0.33632850646972656,581,213,35,24
211,38.07471828740395,1141,2.0,0.44824841618537903,655,226,46,28
220,38.07471828740395,1141,13.0,0.5296716094017029,1402,641,1032,610
225,38.07471828740395,1141,2.0,0.6804101467132568,967,330,68,41
230,38.07471828740395,1141,2.0,0.30881646275520325,400,414,62,68
235,38.07471828740395,1141,2.0,0.3848850429058075,281,237,38,34
231,38.07471828740395,1141,2.0,0.32761117815971375,346,319,46,40
209,38.07471828740395,1141,2.0,0.2424040138721466,578,212,34,26
211,38.1080878915121,1142,2.0,0.45378583669662476,653,225,44,28
220,38.1080878915121,1142,13.0,0.5519393086433411,1402,641,1031,609
225,38.1080878915121,1142,2.0,0.713284969329834,958,326,66,40
230,38.1080878915121,1142,2.0,0.3412289023399353,405,417,68,73
235,38.1080878915121,1142,2.0,0.33096450567245483,282,239,37,35
231,38.1080878915121,1142,2.0,0.5298343300819397,348,322,49,38
209,38.1080878915121,1142,2.0,0.3460715413093567,575,212,34,26
211,38.14145749562026,1143,2.0,0.3614017069339752,650,224,44,29
220,38.14145749562026,1143,13.0,0.6159738898277283,1402,642,1031,608
225,38.14145749562026,1143,2.0,0.6805790662765503,950,324,61,39
230,38.14145749562026,1143,2.0,0.2597394585609436,408,422,69,75
235,38.14145749562026,1143,2.0,0.3105459213256836,283,243,39,34
231,38.14145749562026,1143,2.0,0.3804599344730377,350,324,49,38
209,38.14145749562026,1143,2.0,0.29049453139305115,572,211,38,27
211,38.17482709972841,1144,2.0,0.3346221446990967,646,222,41,28
220,38.17482709972841,1144,13.0,0.6472854018211365,1404,643,1027,606
225,38.17482709972841,1144,2.0,0.6624011397361755,942,321,63,39
230,38.17482709972841,1144,2.0,0.2135760635137558,411,426,69,77
235,38.17482709972841,1144,2.0,0.13976436853408813,287,244,43,36
231,38.17482709972841,1144,2.0,0.47415557503700256,350,327,48,36
209,38.17482709972841,1144,2.0,0.26910892128944397,569,211,39,27
239,38.17482709972841,1144,2.0,0.36054733395576477,362,260,32,23
211,38.20819670383656,1145,2.0,0.3057720363140106,643,222,39,27
220,38.20819670383656,1145,13.0,0.6151648163795471,1403,643,1029,606
225,38.20819670383656,1145,2.0,0.7310284376144409,935,318,63,39
230,38.20819670383656,1145,2.0,0.39904069900512695,413,433,69,78
235,38.20819670383656,1145,2.0,0.16866135597229004,290,245,47,37
231,38.20819670383656,1145,2.0,0.6584668159484863,351,329,47,37
209,38.20819670383656,1145,2.0,0.24909549951553345,566,209,39,26
239,38.20819670383656,1145,2.0,0.35019150376319885,363,260,30,24
211,38.241566307944716,1146,2.0,0.3477601110935211,640,221,38,27
220,38.241566307944716,1146,13.0,0.6284597516059875,1400,637,1034,618
225,38.241566307944716,1146,2.0,0.650825560092926,927,316,60,36
230,38.241566307944716,1146,2.0,0.4875785708427429,416,439,70,76
235,38.241566307944716,1146,2.0,0.10830273479223251,293,247,51,37
231,38.241566307944716,1146,2.0,0.5626740455627441,354,332,49,41
209,38.241566307944716,1146,2.0,0.1786910593509674,565,209,36,25
239,38.241566307944716,1146,2.0,0.35752198100090027,364,260,31,24
211,38.274935912052875,1147,2.0,0.304402232170105,637,219,38,25
220,38.274935912052875,1147,13.0,0.6562324166297913,1396,632,1043,630
225,38.274935912052875,1147,2.0,0.6450604796409607,918,314,62,38
230,38.274935912052875,1147,2.0,0.5330914855003357,420,445,73,77
235,38.274935912052875,1147,2.0,0.1285948008298874,291,248,46,37
231,38.274935912052875,1147,2.0,0.46580439805984497,358,334,54,45
209,38.274935912052875,1147,2.0,0.10097524523735046,563,208,36,25
239,38.274935912052875,1147,2.0,0.28938502073287964,366,262,33,25
211,38.30830551616103,1148,2.0,0.4571901857852936,633,218,39,24
220,38.30830551616103,1148,13.0,0.711094856262207,1394,629,1048,637
225,38.30830551616103,1148,2.0,0.5773171186447144,910,311,61,38
230,38.30830551616103,1148,2.0,0.5624586343765259,423,450,73,78
235,38.30830551616103,1148,2.0,0.343455046415329,295,250,46,35
231,38.30830551616103,1148,2.0,0.41511255502700806,363,336,59,48
209,38.30830551616103,1148,2.0,0.2491811364889145,560,207,35,26
239,38.30830551616103,1148,2.0,0.4362209439277649,368,263,33,26
211,38.34167512026918,1149,2.0,0.42355069518089294,630,217,38,25
220,38.34167512026918,1149,13.0,0.6863404512405396,1394,627,1049,643
225,38.34167512026918,1149,2.0,0.6520858407020569,903,308,60,36
230,38.34167512026918,1149,2.0,0.49457597732543945,427,457,70,78
235,38.34167512026918,1149,2.0,0.2689085900783539,295,250,43,35
231,38.34167512026918,1149,2.0,0.39117103815078735,365,339,58,46
209,38.34167512026918,1149,2.0,0.1892806738615036,557,207,34,25
239,38.34167512026918,1149,2.0,0.5618217587471008,369,266,37,28
211,38.37504472437733,1150,2.0,0.505789041519165,628,216,37,23
220,38.37504472437733,1150,13.0,0.6683403849601746,1394,626,1048,645
225,38.37504472437733,1150,2.0,0.6408112645149231,896,305,61,36
230,38.37504472437733,1150,2.0,0.4473787248134613,431,462,76,80
235,38.37504472437733,1150,2.0,0.2637023627758026,296,251,44,36
231,38.37504472437733,1150,2.0,0.6417160034179688,367,343,60,43
239,38.37504472437733,1150,2.0,0.3614504039287567,371,268,37,29
211,38.40841432848549,1151,2.0,0.4932534098625183,627,214,36,22
220,38.40841432848549,1151,13.0,0.6811376214027405,1394,623,1048,652
225,38.40841432848549,1151,2.0,0.5858392715454102,889,303,58,35
230,38.40841432848549,1151,2.0,0.4854438602924347,436,468,80,82
235,38.40841432848549,1151,2.0,0.34034064412117004,295,252,42,35
231,38.40841432848549,1151,2.0,0.5292558073997498,368,346,58,40
239,38.40841432848549,1151,2.0,0.34547823667526245,371,270,37,27
211,38.441783932593644,1152,2.0,0.4829825460910797,622,214,41,24
220,38.441783932593644,1152,13.0,0.6660474538803101,1394,623,1049,653
225,38.441783932593644,1152,2.0,0.6474554538726807,882,300,60,35
230,38.441783932593644,1152,2.0,0.4842638373374939,438,473,81,84
235,38.441783932593644,1152,2.0,0.4507003128528595,296,254,40,35
231,38.441783932593644,1152,2.0,0.5608227849006653,368,349,59,42
239,38.441783932593644,1152,2.0,0.20499157905578613,373,272,36,28
211,38.4751535367018,1153,2.0,0.3840777277946472,618,213,39,24
220,38.4751535367018,1153,13.0,0.6516287922859192,1394,618,1048,663
225,38.4751535367018,1153,2.0,0.4233662784099579,875,298,60,35
230,38.4751535367018,1153,2.0,0.36328062415122986,443,480,84,85
235,38.4751535367018,1153,2.0,0.5062860250473022,296,254,40,35
231,38.4751535367018,1153,2.0,0.7099797129631042,370,353,58,44
239,38.4751535367018,1153,2.0,0.1156378984451294,379,276,39,28
211,38.50852314080995,1154,2.0,0.30614566802978516,616,213,37,24
220,38.50852314080995,1154,13.0,0.6277279257774353,1396,617,1044,662
225,38.50852314080995,1154,2.0,0.5433012843132019,868,296,58,32
230,38.50852314080995,1154,2.0,0.5991725325584412,446,487,85,87
235,38.50852314080995,1154,2.0,0.4652121067047119,296,255,39,36
231,38.50852314080995,1154,2.0,0.6747235655784607,373,356,55,47
239,38.50852314080995,1154,2.0,0.14429020881652832,381,278,40,28
211,38.54189274491811,1155,2.0,0.332933634519577,614,212,36,24
220,38.54189274491811,1155,13.0,0.6300733685493469,1400,624,1037,647
225,38.54189274491811,1155,2.0,0.6584949493408203,861,293,59,35
230,38.54189274491811,1155,2.0,0.6301652193069458,453,493,93,88
235,38.54189274491811,1155,2.0,0.6208234429359436,296,257,39,36
231,38.54189274491811,1155,2.0,0.651567280292511,374,358,55,50
239,38.54189274491811,1155,2.0,0.3613094985485077,382,280,40,29
211,38.57526234902626,1156,2.0,0.2761329710483551,612,212,35,24
220,38.57526234902626,1156,13.0,0.6278299689292908,1401,627,1034,640
225,38.57526234902626,1156,2.0,0.6089947819709778,854,291,56,36
230,38.57526234902626,1156,2.0,0.6447882056236267,459,500,96,94
235,38.57526234902626,1156,2.0,0.5787988305091858,296,258,40,35
231,38.57526234902626,1156,2.0,0.6046271324157715,375,360,55,52
239,38.57526234902626,1156,2.0,0.3373190760612488,385,282,38,28
211,38.60863195313441,1157,2.0,0.3466086685657501,610,211,35,24
220,38.60863195313441,1157,13.0,0.6337766647338867,1400,626,1036,642
225,38.60863195313441,1157,2.0,0.4593084752559662,847,289,55,36
230,38.60863195313441,1157,2.0,0.710781991481781,462,507,91,95
235,38.60863195313441,1157,2.0,0.6402746438980103,297,260,40,36
231,38.60863195313441,1157,2.0,0.6925861239433289,376,364,53,50
239,38.60863195313441,1157,2.0,0.3789471387863159,386,284,37,27
211,38.642001557242565,1158,2.0,0.4291022717952728,608,211,35,25
220,38.642001557242565,1158,13.0,0.6317931413650513,1399,625,1039,644
225,38.642001557242565,1158,2.0,0.5587629675865173,841,286,53,34
230,38.642001557242565,1158,2.0,0.5910355448722839,465,514,92,96
235,38.642001557242565,1158,2.0,0.6532878279685974,298,263,40,38
231,38.642001557242565,1158,2.0,0.6754280924797058,379,368,52,49
239,38.642001557242565,1158,2.0,0.521328330039978,388,285,36,28
211,38.675371161350725,1159,2.0,0.44400763511657715,606,210,34,25
220,38.675371161350725,1159,13.0,0.603302538394928,1399,625,1038,644
225,38.675371161350725,1159,2.0,0.5981137156486511,835,283,54,30
230,38.675371161350725,1159,2.0,0.5766646265983582,469,521,89,99
235,38.675371161350725,1159,2.0,0.7168237566947937,300,265,43,39
231,38.675371161350725,1159,2.0,0.6126464605331421,383,372,56,49
239,38.675371161350725,1159,2.0,0.525473952293396,390,286,36,28
211,38.70874076545888,1160,2.0,0.4224855601787567,604,209,35,25
220,38.70874076545888,1160,13.0,0.5506786704063416,1402,627,1032,640
225,38.70874076545888,1160,2.0,0.6975207924842834,829,281,53,30
230,38.70874076545888,1160,2.0,0.5471256971359253,473,526,90,105
235,38.70874076545888,1160,2.0,0.698577880859375,300,266,42,38
231,38.70874076545888,1160,2.0,0.6258390545845032,385,376,54,50
239,38.70874076545888,1160,2.0,0.49214687943458557,392,288,36,29
211,38.74211036956703,1161,2.0,0.2843589782714844,601,208,34,25
220,38.74211036956703,1161,13.0,0.5308977961540222,1402,627,1032,640
225,38.74211036956703,1161,2.0,0.6167730689048767,821,278,51,31
230,38.74211036956703,1161,2.0,0.486083984375,478,537,90,103
235,38.74211036956703,1161,2.0,0.5542581677436829,301,268,40,36
231,38.74211036956703,1161,2.0,0.5969796180725098,389,380,56,49
239,38.74211036956703,1161,2.0,0.6039500832557678,394,291,41,32
211,38.77547997367518,1162,2.0,0.20927993953227997,598,207,37,25
220,38.77547997367518,1162,13.0,0.5722216367721558,1402,625,1032,644
225,38.77547997367518,1162,2.0,0.6308532953262329,815,277,51,31
230,38.77547997367518,1162,2.0,0.5600574016571045,484,547,94,104
235,38.77547997367518,1162,2.0,0.49079617857933044,303,271,41,35
231,38.77547997367518,1162,2.0,0.4214325547218323,392,384,58,50
239,38.77547997367518,1162,2.0,0.5116069912910461,395,292,41,33
211,38.80884957778334,1163,2.0,0.10550713539123535,594,206,37,26
220,38.80884957778334,1163,13.0,0.613249659538269,1402,626,1033,643
225,38.80884957778334,1163,2.0,0.40076056122779846,809,275,52,31
230,38.80884957778334,1163,2.0,0.47546452283859253,489,555,94,106
235,38.80884957778334,1163,2.0,0.4187740087509155,304,273,42,33
231,38.80884957778334,1163,2.0,0.4109691083431244,395,387,63,49
239,38.80884957778334,1163,2.0,0.5267022252082825,397,295,42,34
211,38.842219181891494,1164,2.0,0.1300617903470993,592,206,36,25
220,38.842219181891494,1164,13.0,0.6296104788780212,1402,628,1031,637
225,38.842219181891494,1164,2.0,0.44392454624176025,804,273,52,31
230,38.842219181891494,1164,2.0,0.639773428440094,493,566,98,106
235,38.842219181891494,1164,2.0,0.4300040602684021,305,274,41,33
231,38.842219181891494,1164,2.0,0.620579183101654,397,392,64,48
239,38.842219181891494,1164,2.0,0.42855194211006165,400,297,44,36
220,38.875588785999646,1165,13.0,0.634709358215332,1403,629,1031,634
225,38.875588785999646,1165,2.0,0.6022027730941772,799,273,50,30
230,38.875588785999646,1165,2.0,0.6024298667907715,499,575,100,109
235,38.875588785999646,1165,2.0,0.43893128633499146,306,275,42,32
231,38.875588785999646,1165,2.0,0.545381486415863,402,395,68,52
239,38.875588785999646,1165,2.0,0.36100807785987854,404,300,45,35
220,38.908958390107806,1166,13.0,0.5679904222488403,1403,626,1031,639
225,38.908958390107806,1166,2.0,0.6363687515258789,793,271,50,31
230,38.908958390107806,1166,2.0,0.6559727191925049,508,584,102,113
235,38.908958390107806,1166,2.0,0.45534995198249817,308,276,44,35
231,38.908958390107806,1166,2.0,0.5831238031387329,403,400,65,52
239,38.908958390107806,1166,2.0,0.5039238333702087,406,303,45,32
220,38.94232799421596,1167,13.0,0.5875688195228577,1404,626,1029,639
225,38.94232799421596,1167,2.0,0.5686607360839844,788,269,48,31
230,38.94232799421596,1167,2.0,0.6513032913208008,514,595,105,115
235,38.94232799421596,1167,2.0,0.46760812401771545,309,278,43,35
231,38.94232799421596,1167,2.0,0.6236379146575928,407,404,66,52
239,38.94232799421596,1167,2.0,0.39293429255485535,407,305,44,31
220,38.97569759832411,1168,13.0,0.5903703570365906,1405,627,1027,638
225,38.97569759832411,1168,2.0,0.5704731941223145,782,267,48,31
230,38.97569759832411,1168,2.0,0.6315814256668091,521,606,107,117
235,38.97569759832411,1168,2.0,0.5160324573516846,310,280,43,35
231,38.97569759832411,1168,2.0,0.5785191059112549,410,408,68,54
239,38.97569759832411,1168,2.0,0.48139044642448425,411,307,42,30
220,39.00906720243226,1169,13.0,0.6134573221206665,1406,631,1025,630
225,39.00906720243226,1169,2.0,0.49227532744407654,777,265,47,29
230,39.00906720243226,1169,2.0,0.6680532097816467,528,617,110,121
235,39.00906720243226,1169,2.0,0.6141648888587952,311,282,42,37
231,39.00906720243226,1169,2.0,0.7009797692298889,412,412,67,55
239,39.00906720243226,1169,2.0,0.5037428736686707,413,310,40,29
211,39.00906720243226,1169,2.0,0.2720120847225189,581,202,35,25
220,39.04243680654042,1170,13.0,0.5835871696472168,1404,630,1027,628
225,39.04243680654042,1170,2.0,0.6099478602409363,771,262,47,29
230,39.04243680654042,1170,2.0,0.5772994160652161,538,627,117,123
235,39.04243680654042,1170,2.0,0.6486108899116516,312,283,43,37
231,39.04243680654042,1170,2.0,0.7682374119758606,415,416,67,56
239,39.04243680654042,1170,2.0,0.5777073502540588,415,312,41,32
211,39.04243680654042,1170,2.0,0.21190613508224487,578,202,34,26
220,39.075806410648575,1171,13.0,0.3820534348487854,1391,610,1054,671
225,39.075806410648575,1171,2.0,0.6528647541999817,766,261,48,28
230,39.075806410648575,1171,2.0,0.7263073325157166,543,638,119,130
235,39.075806410648575,1171,2.0,0.6424826383590698,315,287,43,40
231,39.075806410648575,1171,2.0,0.7009186148643494,417,421,67,57
239,39.075806410648575,1171,2.0,0.5067382454872131,417,315,44,33
211,39.075806410648575,1171,2.0,0.16140787303447723,575,201,36,26
220,39.10917601475673,1172,13.0,0.3659360408782959,1386,602,1064,682
225,39.10917601475673,1172,2.0,0.6678565144538879,761,259,46,27
230,39.10917601475673,1172,2.0,0.641016960144043,552,648,124,140
235,39.10917601475673,1172,2.0,0.5719454884529114,318,289,49,41
231,39.10917601475673,1172,2.0,0.6941816210746765,419,425,69,59
239,39.10917601475673,1172,2.0,0.548545241355896,419,317,45,36
211,39.10917601475673,1172,2.0,0.11977916210889816,572,200,36,25
220,39.14254561886488,1173,13.0,0.3983027935028076,1385,602,1066,682
225,39.14254561886488,1173,2.0,0.4471665322780609,756,257,45,26
230,39.14254561886488,1173,2.0,0.5751518607139587,559,657,126,149
235,39.14254561886488,1173,2.0,0.5390912294387817,322,291,55,42
231,39.14254561886488,1173,2.0,0.723412275314331,422,431,68,58
239,39.14254561886488,1173,2.0,0.5444437861442566,422,319,47,38
211,39.14254561886488,1173,2.0,0.14341166615486145,570,200,34,24
220,39.17591522297304,1174,13.0,0.38123396039009094,1380,599,1076,689
225,39.17591522297304,1174,2.0,0.48433932662010193,753,254,45,26
230,39.17591522297304,1174,2.0,0.4997310936450958,566,675,125,144
235,39.17591522297304,1174,2.0,0.6118977665901184,324,292,57,42
231,39.17591522297304,1174,2.0,0.7189961075782776,426,436,68,59
239,39.17591522297304,1174,2.0,0.4200567901134491,424,323,47,37
211,39.17591522297304,1174,2.0,0.17514918744564056,568,199,33,23
220,39.20928482708119,1175,13.0,0.42283183336257935,1378,599,1079,691
225,39.20928482708119,1175,2.0,0.42071205377578735,747,253,43,27
230,39.20928482708119,1175,2.0,0.5489785671234131,574,690,126,145
235,39.20928482708119,1175,2.0,0.5182328224182129,325,294,58,41
231,39.20928482708119,1175,2.0,0.7267240285873413,430,441,67,60
239,39.20928482708119,1175,2.0,0.4380875825881958,427,325,47,37
211,39.20928482708119,1175,2.0,0.22504717111587524,567,199,33,24
220,39.242654431189344,1176,13.0,0.4271695911884308,1380,607,1075,677
225,39.242654431189344,1176,2.0,0.166068434715271,743,251,47,30
230,39.242654431189344,1176,2.0,0.5454984903335571,582,706,129,146
235,39.242654431189344,1176,2.0,0.5518227815628052,326,296,57,40
231,39.242654431189344,1176,2.0,0.7442831993103027,432,447,68,60
239,39.242654431189344,1176,2.0,0.4414272606372833,430,329,48,37
211,39.242654431189344,1176,2.0,0.1735401451587677,566,198,31,24
220,39.276024035297496,1177,13.0,0.37851595878601074,1383,613,1069,662
225,39.276024035297496,1177,2.0,0.30577507615089417,738,250,48,29
230,39.276024035297496,1177,2.0,0.5852046608924866,592,721,133,152
235,39.276024035297496,1177,2.0,0.6188321709632874,325,299,53,41
231,39.276024035297496,1177,2.0,0.6694768667221069,436,452,72,60
239,39.276024035297496,1177,2.0,0.46856924891471863,433,333,50,37
211,39.276024035297496,1177,2.0,0.1768149435520172,563,197,32,24
244,39.276024035297496,1177,2.0,0.6962050199508667,1441,1029,192,97
220,39.309393639405656,1178,13.0,0.29520145058631897,1385,621,1065,641
225,39.309393639405656,1178,2.0,0.30448925495147705,733,249,49,29
230,39.309393639405656,1178,2.0,0.6576833724975586,601,738,136,157
235,39.309393639405656,1178,2.0,0.6164044737815857,327,301,52,41
231,39.309393639405656,1178,2.0,0.6573294401168823,441,457,73,60
239,39.309393639405656,1178,2.0,0.5996635556221008,436,336,47,38
211,39.309393639405656,1178,2.0,0.30012163519859314,561,197,32,22
244,39.309393639405656,1178,2.0,0.8093549013137817,1453,1025,204,104
245,39.309393639405656,1178,2.0,0.3590015172958374,236,189,29,20
220,39.34276324351381,1179,13.0,0.21445484459400177,1386,626,1062,628
225,39.34276324351381,1179,2.0,0.6025054454803467,728,248,47,28
230,39.34276324351381,1179,2.0,0.7357301115989685,611,753,141,161
235,39.34276324351381,1179,2.0,0.6549505591392517,327,302,53,40
231,39.34276324351381,1179,2.0,0.600476861000061,444,463,74,62
239,39.34276324351381,1179,2.0,0.601748526096344,439,339,48,40
211,39.34276324351381,1179,2.0,0.38020259141921997,560,196,32,22
244,39.34276324351381,1179,2.0,0.8255593776702881,1471,1022,211,110
245,39.34276324351381,1179,2.0,0.3453104794025421,237,189,29,20
220,39.37613284762196,1180,13.0,0.20086093246936798,1388,628,1060,624
225,39.37613284762196,1180,2.0,0.403637558221817,724,247,43,27
230,39.37613284762196,1180,2.0,0.5098380446434021,622,770,145,168
235,39.37613284762196,1180,2.0,0.7023815512657166,330,305,55,40
231,39.37613284762196,1180,2.0,0.5804802179336548,449,469,78,64
239,39.37613284762196,1180,2.0,0.6299975514411926,442,342,51,40
211,39.37613284762196,1180,2.0,0.20568141341209412,558,196,32,23
244,39.37613284762196,1180,2.0,0.8515456914901733,1491,1018,205,117
245,39.37613284762196,1180,2.0,0.3080025911331177,237,189,29,19
220,39.40950245173011,1181,13.0,0.1262577772140503,1389,631,1056,616
225,39.40950245173011,1181,2.0,0.3946349024772644,719,246,41,27
230,39.40950245173011,1181,2.0,0.3871226906776428,634,788,146,175
235,39.40950245173011,1181,2.0,0.6864613890647888,330,308,53,42
231,39.40950245173011,1181,2.0,0.6026986241340637,454,475,76,64
239,39.40950245173011,1181,2.0,0.6357404589653015,444,344,52,41
211,39.40950245173011,1181,2.0,0.1347624659538269,555,195,31,23
244,39.40950245173011,1181,2.0,0.8761091828346252,1511,1015,201,117
245,39.40950245173011,1181,2.0,0.2687927484512329,237,189,28,19
220,39.44287205583827,1182,13.0,0.20363669097423553,1391,633,1054,612
225,39.44287205583827,1182,2.0,0.5089800357818604,715,245,42,28
230,39.44287205583827,1182,2.0,0.5528261661529541,645,808,149,183
235,39.44287205583827,1182,2.0,0.656397819519043,331,310,54,43
231,39.44287205583827,1182,2.0,0.631958544254303,459,481,81,65
239,39.44287205583827,1182,2.0,0.6737440824508667,447,347,53,43
211,39.44287205583827,1182,2.0,0.13841116428375244,554,194,30,21
244,39.44287205583827,1182,2.0,0.8696907162666321,1530,1009,201,117
245,39.44287205583827,1182,2.0,0.23480017483234406,239,190,31,20
220,39.476241659946425,1183,13.0,0.17221274971961975,1392,634,1051,611
225,39.476241659946425,1183,2.0,0.5120530724525452,710,243,42,25
230,39.476241659946425,1183,2.0,0.7306905388832092,657,828,157,190
235,39.476241659946425,1183,2.0,0.5816264152526855,332,312,51,43
231,39.476241659946425,1183,2.0,0.6454405784606934,464,487,86,68
239,39.476241659946425,1183,2.0,0.5735771656036377,450,349,53,43
211,39.476241659946425,1183,2.0,0.1377604454755783,551,192,32,21
244,39.476241659946425,1183,2.0,0.8152852058410645,1550,1003,201,119
245,39.476241659946425,1183,2.0,0.21784083545207977,239,190,32,20
220,39.50961126405458,1184,13.0,0.12220177054405212,1392,631,1050,613
225,39.50961126405458,1184,2.0,0.3508068025112152,705,242,43,24
230,39.50961126405458,1184,2.0,0.7915878295898438,669,850,163,195
235,39.50961126405458,1184,2.0,0.6657785773277283,333,314,53,45
231,39.50961126405458,1184,2.0,0.6981629133224487,467,492,87,69
239,39.50961126405458,1184,2.0,0.5547722578048706,454,353,52,41
211,39.50961126405458,1184,2.0,0.1356024444103241,547,192,31,20
244,39.50961126405458,1184,2.0,0.7971169948577881,1571,997,203,118
245,39.50961126405458,1184,2.0,0.27109581232070923,240,191,35,21
220,39.54298086816273,1185,13.0,0.26043006777763367,1394,633,1048,614
225,39.54298086816273,1185,2.0,0.47525423765182495,701,239,42,24
230,39.54298086816273,1185,2.0,0.7149980068206787,683,868,168,203
235,39.54298086816273,1185,2.0,0.6215072870254517,336,316,54,45
231,39.54298086816273,1185,2.0,0.7106781601905823,471,498,89,72
239,39.54298086816273,1185,2.0,0.6053657531738281,458,359,52,41
211,39.54298086816273,1185,2.0,0.12896093726158142,544,191,30,20
244,39.54298086816273,1185,2.0,0.8114609122276306,1588,990,198,115
245,39.54298086816273,1185,2.0,0.33467331528663635,241,191,35,22
220,39.57635047227089,1186,13.0,0.2659141719341278,1393,634,1048,617
225,39.57635047227089,1186,2.0,0.36194267868995667,697,238,45,23
230,39.57635047227089,1186,2.0,0.637100875377655,696,897,172,229
235,39.57635047227089,1186,2.0,0.7117010354995728,341,319,61,46
231,39.57635047227089,1186,2.0,0.64406818151474,473,504,84,77
239,39.57635047227089,1186,2.0,0.5637626647949219,460,363,53,42
211,39.57635047227089,1186,2.0,0.14211080968379974,542,191,30,22
244,39.57635047227089,1186,2.0,0.8299786448478699,1605,984,199,115
245,39.57635047227089,1186,2.0,0.2898372709751129,241,192,34,23
220,39.60972007637904,1187,13.0,0.32157713174819946,1394,636,1046,621
225,39.60972007637904,1187,2.0,0.37648072838783264,692,237,45,24
230,39.60972007637904,1187,2.0,0.5173325538635254,710,921,176,228
235,39.60972007637904,1187,2.0,0.7043641805648804,341,321,59,47
231,39.60972007637904,1187,2.0,0.6249896287918091,477,511,84,78
239,39.60972007637904,1187,2.0,0.48951780796051025,462,365,56,42
244,39.60972007637904,1187,2.0,0.6922532320022583,1622,978,196,115
245,39.60972007637904,1187,2.0,0.22973529994487762,242,193,33,25
220,39.64308968048719,1188,13.0,0.2849559187889099,1397,642,1042,631
225,39.64308968048719,1188,2.0,0.3857467472553253,688,236,44,25
230,39.64308968048719,1188,2.0,0.509881854057312,730,947,192,233
235,39.64308968048719,1188,2.0,0.7066457271575928,342,324,58,46
231,39.64308968048719,1188,2.0,0.7336373329162598,482,519,82,76
239,39.64308968048719,1188,2.0,0.4945203959941864,465,369,56,43
244,39.64308968048719,1188,2.0,0.7304990887641907,1648,972,210,116
245,39.64308968048719,1188,2.0,0.18393737077713013,242,194,34,26
248,39.64308968048719,1188,7.0,0.5170632004737854,739,947,210,231
220,39.676459284595346,1189,13.0,0.28887423872947693,1396,639,1042,627
225,39.676459284595346,1189,2.0,0.2118375152349472,684,234,42,25
230,39.676459284595346,1189,7.0,0.39417770504951477,749,966,200,226
235,39.676459284595346,1189,2.0,0.6806245446205139,344,327,58,48
231,39.676459284595346,1189,2.0,0.6234427094459534,486,527,83,78
239,39.676459284595346,1189,2.0,0.6375646591186523,469,371,56,45
244,39.676459284595346,1189,2.0,0.6833941340446472,1661,965,201,112
245,39.676459284595346,1189,2.0,0.21022698283195496,243,195,35,26
220,39.709828888703505,1190,13.0,0.36251702904701233,1395,637,1044,623
225,39.709828888703505,1190,2.0,0.27268433570861816,681,233,42,26
230,39.709828888703505,1190,7.0,0.22292308509349823,761,978,206,202
235,39.709828888703505,1190,2.0,0.6409716606140137,345,329,57,51
231,39.709828888703505,1190,2.0,0.5484798550605774,490,535,84,80
239,39.709828888703505,1190,2.0,0.47189098596572876,474,375,59,46
244,39.709828888703505,1190,2.0,0.5733954310417175,1670,960,184,110
245,39.709828888703505,1190,2.0,0.1704115867614746,243,195,35,25
220,39.74319849281166,1191,13.0,0.3361636698246002,1400,635,1036,619
225,39.74319849281166,1191,2.0,0.272086501121521,677,233,40,25
230,39.74319849281166,1191,7.0,0.1370953768491745,775,991,202,176
235,39.74319849281166,1191,2.0,0.366767555475235,348,332,60,52
231,39.74319849281166,1191,2.0,0.5773348212242126,495,543,87,80
239,39.74319849281166,1191,2.0,0.4799090027809143,477,379,61,48
244,39.74319849281166,1191,2.0,0.40833690762519836,1680,955,168,109
245,39.74319849281166,1191,2.0,0.1328219324350357,243,197,35,26
220,39.77656809691981,1192,13.0,0.310627818107605,1400,627,1036,636
235,39.77656809691981,1192,2.0,0.2663121819496155,350,334,60,54
231,39.77656809691981,1192,2.0,0.6291126608848572,501,553,88,82
239,39.77656809691981,1192,2.0,0.39709311723709106,481,384,61,47
245,39.77656809691981,1192,2.0,0.12122498452663422,243,198,34,26
220,39.80993770102796,1193,13.0,0.35441017150878906,1398,630,1040,641
235,39.80993770102796,1193,2.0,0.33670154213905334,354,335,62,56
231,39.80993770102796,1193,2.0,0.5286327600479126,505,561,85,83
239,39.80993770102796,1193,2.0,0.46927300095558167,484,389,61,46
245,39.80993770102796,1193,2.0,0.1085929125547409,245,198,33,26
220,39.84330730513612,1194,13.0,0.38969531655311584,1397,630,1042,643
235,39.84330730513612,1194,2.0,0.4492819607257843,354,338,59,54
231,39.84330730513612,1194,2.0,0.47337958216667175,511,571,88,83
239,39.84330730513612,1194,2.0,0.6214931011199951,488,392,63,47
220,39.876676909244274,1195,13.0,0.4679355323314667,1395,644,1046,674
235,39.876676909244274,1195,2.0,0.5325372219085693,356,341,61,51
231,39.876676909244274,1195,2.0,0.40975233912467957,518,580,91,84
239,39.876676909244274,1195,2.0,0.6917151808738708,491,396,62,49
220,39.91004651335243,1196,13.0,0.39552661776542664,1395,651,1046,698
235,39.91004651335243,1196,2.0,0.6008106470108032,357,346,58,48
231,39.91004651335243,1196,2.0,0.5764786005020142,526,589,99,88
239,39.91004651335243,1196,2.0,0.705133855342865,496,400,63,52
220,39.943416117460586,1197,13.0,0.3345414400100708,1398,641,1039,683
235,39.943416117460586,1197,2.0,0.726599395275116,359,350,60,48
231,39.943416117460586,1197,2.0,0.6364590525627136,534,599,104,89
239,39.943416117460586,1197,2.0,0.6639094948768616,500,404,68,54
225,39.943416117460586,1197,2.0,0.45092812180519104,656,226,44,27
220,39.97678572156874,1198,13.0,0.34698641300201416,1398,639,1039,662
235,39.97678572156874,1198,2.0,0.6455762982368469,361,353,60,49
231,39.97678572156874,1198,2.0,0.7343568205833435,539,609,104,92
239,39.97678572156874,1198,2.0,0.6271424889564514,505,410,63,52
225,39.97678572156874,1198,2.0,0.32042866945266724,652,225,42,27
220,40.01015532567689,1199,13.0,0.40453362464904785,1396,632,1043,652
235,40.01015532567689,1199,2.0,0.6472043991088867,363,356,60,50
231,40.01015532567689,1199,2.0,0.5734743475914001,545,618,109,96
239,40.01015532567689,1199,2.0,0.7088063955307007,510,415,64,51
225,40.01015532567689,1199,2.0,0.2478947937488556,647,224,39,27
220,40.04352492978504,1200,13.0,0.3546672463417053,1398,631,1041,637
235,40.04352492978504,1200,2.0,0.6653485298156738,364,358,61,53
231,40.04352492978504,1200,2.0,0.5170103311538696,552,629,111,101
239,40.04352492978504,1200,2.0,0.6535420417785645,513,421,65,53
225,40.04352492978504,1200,2.0,0.27553731203079224,645,223,39,26
220,40.0768945338932,1201,13.0,0.3208250403404236,1399,627,1038,636
235,40.0768945338932,1201,2.0,0.6076563000679016,366,361,59,54
231,40.0768945338932,1201,2.0,0.5773171186447144,561,641,112,99
239,40.0768945338932,1201,2.0,0.7057822346687317,517,425,65,55
225,40.0768945338932,1201,2.0,0.2871333658695221,640,222,38,24
220,40.110264138001355,1202,13.0,0.3515276610851288,1399,628,1039,631
235,40.110264138001355,1202,2.0,0.6168970465660095,367,363,60,55
231,40.110264138001355,1202,2.0,0.7293310165405273,567,654,111,101
239,40.110264138001355,1202,2.0,0.7089055776596069,522,430,68,58
225,40.110264138001355,1202,2.0,0.23258258402347565,636,220,38,23
220,40.14363374210951,1203,13.0,0.29612740874290466,1400,623,1035,639
235,40.14363374210951,1203,2.0,0.5312110185623169,368,365,61,58
231,40.14363374210951,1203,2.0,0.6345594525337219,573,665,110,104
239,40.14363374210951,1203,2.0,0.5839482545852661,527,434,72,60
225,40.14363374210951,1203,2.0,0.3931542932987213,632,219,36,23
220,40.17700334621766,1204,13.0,0.29881376028060913,1400,625,1035,635
235,40.17700334621766,1204,2.0,0.6500423550605774,370,370,60,61
231,40.17700334621766,1204,2.0,0.63375324010849,582,678,112,107
239,40.17700334621766,1204,2.0,0.6725711226463318,532,441,72,58
225,40.17700334621766,1204,2.0,0.3535369634628296,629,217,35,19
220,40.21037295032582,1205,13.0,0.28294533491134644,1401,625,1034,636
235,40.21037295032582,1205,2.0,0.5441786050796509,374,375,62,59
231,40.21037295032582,1205,2.0,0.6556519865989685,590,692,114,112
239,40.21037295032582,1205,2.0,0.671823263168335,537,448,75,59
225,40.21037295032582,1205,2.0,0.3650684356689453,626,216,34,19
220,40.24374255443397,1206,13.0,0.2256544828414917,1402,627,1032,631
235,40.24374255443397,1206,2.0,0.5828458666801453,377,379,62,58
231,40.24374255443397,1206,2.0,0.6761431097984314,598,705,118,115
239,40.24374255443397,1206,2.0,0.7064337134361267,543,452,76,61
225,40.24374255443397,1206,2.0,0.3874521851539612,623,215,37,21
220,40.277112158542124,1207,13.0,0.24528919160366058,1402,629,1032,627
235,40.277112158542124,1207,2.0,0.3186035752296448,380,382,65,59
231,40.277112158542124,1207,2.0,0.7357736229896545,607,720,122,117
239,40.277112158542124,1207,2.0,0.6368817090988159,548,457,76,62
225,40.277112158542124,1207,2.0,0.2767716646194458,619,214,38,22
220,40.31048176265028,1208,13.0,0.22844669222831726,1402,629,1033,627
235,40.31048176265028,1208,2.0,0.48576119542121887,381,387,63,58
231,40.31048176265028,1208,2.0,0.6767659187316895,616,735,124,122
239,40.31048176265028,1208,2.0,0.660507082939148,553,464,75,63
225,40.31048176265028,1208,2.0,0.15069355070590973,616,213,35,22
220,40.343851366758436,1209,13.0,0.2511894702911377,1399,627,1038,633
235,40.343851366758436,1209,2.0,0.49627813696861267,384,391,63,56
231,40.343851366758436,1209,2.0,0.5942022204399109,627,750,129,127
239,40.343851366758436,1209,2.0,0.6454591751098633,558,471,78,64
225,40.343851366758436,1209,2.0,0.16610673069953918,613,213,34,23
220,40.37722097086659,1210,13.0,0.2219473421573639,1398,629,1039,629
235,40.37722097086659,1210,2.0,0.6943915486335754,386,396,63,59
231,40.37722097086659,1210,2.0,0.6923633813858032,638,767,130,132
239,40.37722097086659,1210,2.0,0.6870717406272888,564,477,80,65
225,40.37722097086659,1210,2.0,0.35857126116752625,610,212,35,22
220,40.41059057497474,1211,13.0,0.27584734559059143,1399,632,1038,625
235,40.41059057497474,1211,2.0,0.6221894025802612,389,400,63,60
231,40.41059057497474,1211,2.0,0.632752537727356,649,784,135,136
239,40.41059057497474,1211,2.0,0.5432689189910889,570,484,81,67
225,40.41059057497474,1211,2.0,0.39983612298965454,607,211,35,22
220,40.44396017908289,1212,13.0,0.30282580852508545,1398,633,1040,623
235,40.44396017908289,1212,2.0,0.6356114745140076,392,404,66,61
231,40.44396017908289,1212,2.0,0.7363378405570984,659,802,139,141
239,40.44396017908289,1212,2.0,0.6810536980628967,576,492,81,65
225,40.44396017908289,1212,2.0,0.15650683641433716,604,211,32,22
220,40.47732978319105,1213,13.0,0.2967221140861511,1398,633,1041,626
235,40.47732978319105,1213,2.0,0.6732728481292725,394,407,66,64
231,40.47732978319105,1213,2.0,0.6732701659202576,672,821,147,148
239,40.47732978319105,1213,2.0,0.7076543569564819,584,499,85,67
225,40.47732978319105,1213,2.0,0.10202871263027191,601,210,31,23
252,40.47732978319105,1213,2.0,0.47283846139907837,1871,392,82,34
220,40.510699387299205,1214,13.0,0.30679813027381897,1399,636,1038,619
235,40.510699387299205,1214,2.0,0.38611266016960144,397,410,67,66
231,40.510699387299205,1214,2.0,0.8073797225952148,686,840,152,155
239,40.510699387299205,1214,2.0,0.4862431287765503,589,505,87,70
252,40.510699387299205,1214,2.0,0.4828241467475891,1865,391,88,36
220,40.54406899140736,1215,13.0,0.3247634470462799,1398,637,1039,615
235,40.54406899140736,1215,2.0,0.5900155901908875,399,415,68,67
231,40.54406899140736,1215,2.0,0.5760827660560608,698,857,153,168
239,40.54406899140736,1215,2.0,0.5366629362106323,597,513,87,72
252,40.54406899140736,1215,2.0,0.5913985967636108,1860,390,87,36
220,40.57743859551551,1216,13.0,0.3674394190311432,1400,637,1036,618
235,40.57743859551551,1216,2.0,0.5733011960983276,402,420,68,65
231,40.57743859551551,1216,2.0,0.5990403890609741,712,878,159,170
239,40.57743859551551,1216,2.0,0.600687563419342,604,521,86,73
252,40.57743859551551,1216,2.0,0.6264529824256897,1855,389,85,35
220,40.61080819962367,1217,13.0,0.30796194076538086,1401,635,1033,624
235,40.61080819962367,1217,2.0,0.6447213292121887,406,423,71,71
231,40.61080819962367,1217,2.0,0.4192650020122528,729,908,172,183
239,40.61080819962367,1217,2.0,0.4679960310459137,612,530,91,76
252,40.61080819962367,1217,2.0,0.5948682427406311,1848,388,86,35
220,40.64417780373182,1218,13.0,0.34531134366989136,1401,634,1034,626
235,40.64417780373182,1218,2.0,0.49840235710144043,409,426,72,78
231,40.64417780373182,1218,2.0,0.5284868478775024,741,928,171,180
239,40.64417780373182,1218,2.0,0.7147204279899597,620,539,90,78
252,40.64417780373182,1218,2.0,0.5415812134742737,1841,388,85,34
220,40.677547407839974,1219,13.0,0.38538211584091187,1399,634,1037,634
235,40.677547407839974,1219,2.0,0.5505889654159546,411,431,72,75
231,40.677547407839974,1219,7.0,0.4106650948524475,761,952,184,189
239,40.677547407839974,1219,2.0,0.6992446184158325,628,547,92,76
252,40.677547407839974,1219,2.0,0.4635312855243683,1834,388,85,33
220,40.710917011948126,1220,13.0,0.4686652421951294,1397,633,1043,639
235,40.710917011948126,1220,2.0,0.6319144368171692,414,438,71,72
231,40.710917011948126,1220,2.0,0.29558226466178894,774,978,183,192
239,40.710917011948126,1220,2.0,0.49815014004707336,636,556,96,78
252,40.710917011948126,1220,2.0,0.48328858613967896,1831,387,83,33
220,40.744286616056286,1221,13.0,0.4546107351779938,1396,630,1044,646
235,40.744286616056286,1221,2.0,0.6335404515266418,417,444,71,74
231,40.744286616056286,1221,7.0,0.2895142734050751,792,992,185,175
239,40.744286616056286,1221,2.0,0.5699431300163269,644,565,99,83
252,40.744286616056286,1221,2.0,0.4798395037651062,1825,387,82,34
220,40.77765622016444,1222,13.0,0.5349290370941162,1393,631,1049,644
235,40.77765622016444,1222,2.0,0.5966243743896484,420,448,72,77
231,40.77765622016444,1222,7.0,0.17952381074428558,805,1006,184,147
239,40.77765622016444,1222,2.0,0.5812487602233887,652,576,102,85
252,40.77765622016444,1222,2.0,0.4657970368862152,1817,385,83,35
220,40.81102582427259,1223,13.0,0.548184335231781,1393,626,1051,655
235,40.81102582427259,1223,2.0,0.5675804018974304,422,452,74,78
231,40.81102582427259,1223,2.0,0.23483993113040924,821,1020,184,119
239,40.81102582427259,1223,2.0,0.46038249135017395,662,586,105,89
252,40.81102582427259,1223,2.0,0.28148698806762695,1813,384,80,34
220,40.84439542838074,1224,13.0,0.5116215348243713,1392,629,1052,648
235,40.84439542838074,1224,2.0,0.4804639220237732,425,459,74,80
239,40.84439542838074,1224,2.0,0.5258724689483643,672,597,107,89
252,40.84439542838074,1224,2.0,0.48901447653770447,1807,383,82,34
220,40.8777650324889,1225,13.0,0.5180280804634094,1393,632,1050,637
235,40.8777650324889,1225,2.0,0.46515753865242004,429,465,76,80
239,40.8777650324889,1225,2.0,0.41711193323135376,681,609,111,92
252,40.8777650324889,1225,2.0,0.5071861147880554,1800,382,84,32
220,40.911134636597055,1226,13.0,0.5078170895576477,1393,631,1050,639
235,40.911134636597055,1226,2.0,0.44828709959983826,433,471,79,81
239,40.911134636597055,1226,2.0,0.51894211769104,691,620,113,93
252,40.911134636597055,1226,2.0,0.4979725182056427,1794,381,84,31
220,40.94450424070521,1227,13.0,0.46034058928489685,1394,634,1047,628
235,40.94450424070521,1227,2.0,0.4704790711402893,437,475,80,83
239,40.94450424070521,1227,2.0,0.5800797939300537,703,632,115,97
252,40.94450424070521,1227,2.0,0.5800877213478088,1787,381,84,30
220,40.97787384481336,1228,13.0,0.46485644578933716,1394,636,1047,622
235,40.97787384481336,1228,2.0,0.6281074285507202,440,481,78,86
239,40.97787384481336,1228,2.0,0.4420735538005829,712,643,120,101
252,40.97787384481336,1228,2.0,0.6207848191261292,1782,380,82,31
220,41.01124344892152,1229,13.0,0.48523569107055664,1395,639,1046,616
235,41.01124344892152,1229,2.0,0.512740969657898,444,488,81,89
239,41.01124344892152,1229,2.0,0.43503710627555847,725,658,124,102
252,41.01124344892152,1229,2.0,0.67460697889328,1777,379,79,30
220,41.04461305302967,1230,13.0,0.43244999647140503,1395,638,1046,617
235,41.04461305302967,1230,2.0,0.4905339777469635,449,494,87,88
239,41.04461305302967,1230,2.0,0.6729370951652527,738,670,127,107
252,41.04461305302967,1230,2.0,0.5952088236808777,1772,378,79,31
220,41.077982657137824,1231,13.0,0.4562702178955078,1394,639,1048,618
235,41.077982657137824,1231,2.0,0.536864697933197,453,501,89,91
239,41.077982657137824,1231,2.0,0.6359397172927856,750,685,129,110
252,41.077982657137824,1231,2.0,0.5703862905502319,1769,377,79,33
220,41.11135226124598,1232,13.0,0.4441251754760742,1394,640,1047,616
235,41.11135226124598,1232,2.0,0.648221492767334,459,508,92,95
239,41.11135226124598,1232,2.0,0.528471827507019,764,700,134,116
252,41.11135226124598,1232,2.0,0.4989933967590332,1762,377,83,33
220,41.144721865354136,1233,13.0,0.48461660742759705,1393,639,1049,618
235,41.144721865354136,1233,2.0,0.6270717978477478,463,514,94,99
239,41.144721865354136,1233,2.0,0.5305047035217285,776,715,140,117
252,41.144721865354136,1233,2.0,0.5793197751045227,1757,376,81,32
220,41.17809146946229,1234,13.0,0.4304126799106598,1394,638,1049,621
235,41.17809146946229,1234,2.0,0.5012526512145996,466,520,93,103
239,41.17809146946229,1234,2.0,0.6111947894096375,791,732,143,123
252,41.17809146946229,1234,2.0,0.4969173073768616,1750,376,81,32
220,41.21146107357044,1235,13.0,0.4852302372455597,1394,638,1048,620
235,41.21146107357044,1235,2.0,0.5472069978713989,470,530,92,103
239,41.21146107357044,1235,2.0,0.5450953841209412,806,747,148,129
252,41.21146107357044,1235,2.0,0.3719581365585327,1744,375,83,32
220,41.2448306776786,1236,13.0,0.4366989731788635,1395,638,1047,621
235,41.2448306776786,1236,2.0,0.44019243121147156,474,538,93,101
239,41.2448306776786,1236,2.0,0.6603127121925354,824,766,154,130
252,41.2448306776786,1236,2.0,0.3813237249851227,1735,374,86,33
220,41.27820028178675,1237,13.0,0.43725839257240295,1395,638,1046,622
235,41.27820028178675,1237,2.0,0.5139193534851074,479,546,94,106
239,41.27820028178675,1237,2.0,0.5946285128593445,840,785,156,137
252,41.27820028178675,1237,2.0,0.4100095331668854,1727,374,90,33
220,41.311569885894905,1238,13.0,0.4098173975944519,1397,640,1042,620
235,41.311569885894905,1238,2.0,0.6336197257041931,483,555,96,108
239,41.311569885894905,1238,2.0,0.6323657631874084,856,804,163,143
252,41.311569885894905,1238,2.0,0.3391633927822113,1721,373,92,35
220,41.34493949000306,1239,13.0,0.4028244912624359,1397,639,1042,620
235,41.34493949000306,1239,2.0,0.5917246341705322,489,565,97,108
239,41.34493949000306,1239,2.0,0.6829841732978821,875,825,168,149
252,41.34493949000306,1239,2.0,0.3697432279586792,1718,372,90,35
220,41.378309094111216,1240,13.0,0.4170210659503937,1396,636,1044,630
235,41.378309094111216,1240,2.0,0.6330306529998779,494,574,100,109
239,41.378309094111216,1240,2.0,0.5230087637901306,894,845,173,156
252,41.378309094111216,1240,2.0,0.1980791836977005,1713,371,82,32
220,41.41167869821937,1241,13.0,0.3395557403564453,1394,635,1047,629
235,41.41167869821937,1241,2.0,0.6308708190917969,499,582,103,111
239,41.41167869821937,1241,2.0,0.6955323219299316,915,870,182,162
252,41.41167869821937,1241,2.0,0.3411826193332672,1709,370,74,31
220,41.44504830232752,1242,13.0,0.40758055448532104,1393,637,1048,623
235,41.44504830232752,1242,2.0,0.5892677307128906,505,592,106,115
239,41.44504830232752,1242,2.0,0.6045284271240234,937,895,188,169
252,41.44504830232752,1242,2.0,0.41047194600105286,1707,370,70,32
220,41.47841790643567,1243,13.0,0.2876732051372528,1393,636,1049,622
235,41.47841790643567,1243,2.0,0.6574795246124268,512,601,110,116
239,41.47841790643567,1243,2.0,0.7198521494865417,961,920,200,181
252,41.47841790643567,1243,2.0,0.3417438268661499,1703,367,62,32
220,41.51178751054383,1244,13.0,0.3809760510921478,1391,631,1053,631
235,41.51178751054383,1244,2.0,0.7274045348167419,517,612,112,117
239,41.51178751054383,1244,2.0,0.6343002319335938,986,946,212,191
252,41.51178751054383,1244,2.0,0.45571234822273254,1701,366,56,34
220,41.545157114651985,1245,13.0,0.4886983036994934,1392,629,1053,644
235,41.545157114651985,1245,2.0,0.641803503036499,523,622,115,121
239,41.545157114651985,1245,2.0,0.7583579421043396,1012,972,219,198
252,41.545157114651985,1245,2.0,0.33497872948646545,1698,365,52,35
220,41.57852671876014,1246,13.0,0.490055650472641,1392,630,1054,644
235,41.57852671876014,1246,2.0,0.6575592160224915,531,633,117,126
239,41.57852671876014,1246,2.0,0.6889084577560425,1043,990,236,179
252,41.57852671876014,1246,2.0,0.42660340666770935,1695,364,48,33
220,41.61189632286829,1247,13.0,0.4356677234172821,1392,628,1053,643
235,41.61189632286829,1247,2.0,0.7617204785346985,539,644,121,129
239,41.61189632286829,1247,2.0,0.7504504323005676,1064,1002,228,154
252,41.61189632286829,1247,2.0,0.19271259009838104,1694,363,42,32
220,41.64526592697645,1248,13.0,0.550611138343811,1393,631,1052,635
235,41.64526592697645,1248,2.0,0.642661988735199,547,654,125,139
239,41.64526592697645,1248,2.0,0.6407886743545532,1085,1016,221,126
220,41.6786355310846,1249,13.0,0.5112597942352295,1393,629,1051,639
235,41.6786355310846,1249,2.0,0.6278063654899597,553,667,128,139
239,41.6786355310846,1249,2.0,0.5377756357192993,1104,1033,204,92
220,41.712005135192754,1250,13.0,0.5530970096588135,1392,624,1053,651
235,41.712005135192754,1250,2.0,0.6160833239555359,560,682,131,142
220,41.74537473930091,1251,13.0,0.5466658473014832,1391,626,1055,652
235,41.74537473930091,1251,2.0,0.6604495644569397,567,696,132,144
220,41.778744343409066,1252,13.0,0.5552821755409241,1392,628,1053,647
235,41.778744343409066,1252,2.0,0.6758913993835449,575,710,135,148
220,41.81211394751722,1253,13.0,0.5534082055091858,1392,632,1053,641
235,41.81211394751722,1253,2.0,0.7388970851898193,583,725,137,153
220,41.84548355162537,1254,13.0,0.5708622336387634,1392,633,1054,634
235,41.84548355162537,1254,2.0,0.7862532734870911,592,739,140,156
220,41.87885315573352,1255,13.0,0.4951131045818329,1392,630,1052,640
235,41.87885315573352,1255,2.0,0.6577802300453186,602,755,143,162
220,41.91222275984168,1256,13.0,0.4882488250732422,1391,629,1054,642
235,41.91222275984168,1256,2.0,0.6612853407859802,611,772,148,168
220,41.945592363949835,1257,13.0,0.576090395450592,1391,628,1054,645
235,41.945592363949835,1257,2.0,0.6229442358016968,622,789,153,174
220,41.97896196805799,1258,13.0,0.536263108253479,1392,630,1052,638
235,41.97896196805799,1258,2.0,0.6012307405471802,632,806,158,181
262,41.97896196805799,1258,2.0,0.39848002791404724,300,253,43,29
220,42.01233157216614,1259,13.0,0.5527368187904358,1393,633,1050,632
235,42.01233157216614,1259,2.0,0.7316190600395203,643,825,160,189
262,42.01233157216614,1259,2.0,0.3440886437892914,301,254,44,28
220,42.0457011762743,1260,13.0,0.627411425113678,1391,633,1054,631
235,42.0457011762743,1260,2.0,0.7880293726921082,656,845,166,196
262,42.0457011762743,1260,2.0,0.4336877167224884,300,255,40,28
220,42.07907078038245,1261,13.0,0.5884129405021667,1399,642,1038,618
235,42.07907078038245,1261,2.0,0.7152498364448547,668,865,172,201
262,42.07907078038245,1261,2.0,0.41394394636154175,300,257,36,27
220,42.112440384490604,1262,13.0,0.594845712184906,1402,644,1032,613
235,42.112440384490604,1262,2.0,0.4292604625225067,680,883,177,204
262,42.112440384490604,1262,2.0,0.3347327709197998,301,259,34,27
220,42.145809988598764,1263,13.0,0.5956974625587463,1403,646,1030,614
235,42.145809988598764,1263,2.0,0.24272334575653076,695,908,187,222
262,42.145809988598764,1263,2.0,0.2506164312362671,301,260,33,26
220,42.179179592706916,1264,13.0,0.606282651424408,1403,647,1030,617
235,42.179179592706916,1264,2.0,0.14550717175006866,705,934,190,224
262,42.179179592706916,1264,2.0,0.33620312809944153,303,262,32,27
220,42.21254919681507,1265,13.0,0.6174644231796265,1402,648,1033,618
235,42.21254919681507,1265,2.0,0.13682010769844055,721,955,202,225
262,42.21254919681507,1265,2.0,0.37498512864112854,305,263,31,27
220,42.24591880092322,1266,13.0,0.6175459623336792,1402,649,1032,619
235,42.24591880092322,1266,2.0,0.1210751011967659,740,972,216,215
262,42.24591880092322,1266,2.0,0.3694708049297333,306,265,30,28
220,42.27928840503138,1267,13.0,0.6571029424667358,1402,649,1032,617
262,42.27928840503138,1267,2.0,0.36861544847488403,307,267,31,28
220,42.31265800913953,1268,13.0,0.6332560777664185,1402,648,1033,620
262,42.31265800913953,1268,2.0,0.3483608067035675,308,269,31,28
220,42.346027613247685,1269,13.0,0.6414458155632019,1400,648,1037,626
262,42.346027613247685,1269,2.0,0.25886115431785583,309,270,31,29
220,42.37939721735584,1270,13.0,0.6751445531845093,1399,648,1038,627
262,42.37939721735584,1270,2.0,0.1481419950723648,309,271,30,29
220,42.412766821464,1271,13.0,0.6780039072036743,1398,647,1040,626
262,42.412766821464,1271,2.0,0.12734347581863403,311,273,30,30
220,42.44613642557215,1272,13.0,0.6809656620025635,1398,647,1040,627
262,42.44613642557215,1272,2.0,0.15421323478221893,314,273,33,32
220,42.4795060296803,1273,13.0,0.6887369751930237,1398,647,1040,627
262,42.4795060296803,1273,2.0,0.2333226501941681,317,274,38,33
266,42.4795060296803,1273,2.0,0.47298678755760193,1790,380,87,29
220,42.512875633788454,1274,13.0,0.6857803463935852,1398,647,1041,628
262,42.512875633788454,1274,2.0,0.2403179556131363,318,275,39,33
266,42.512875633788454,1274,2.0,0.6658452153205872,1786,380,86,31
220,42.54624523789661,1275,13.0,0.6927260160446167,1397,646,1043,629
262,42.54624523789661,1275,2.0,0.2328454703092575,320,277,43,34
266,42.54624523789661,1275,2.0,0.6453143954277039,1781,379,82,28
220,42.579614842004766,1276,13.0,0.7045823335647583,1397,647,1042,627
262,42.579614842004766,1276,2.0,0.18284179270267487,321,279,41,30
266,42.579614842004766,1276,2.0,0.6645086407661438,1773,379,82,30
220,42.61298444611292,1277,13.0,0.6949435472488403,1397,646,1042,626
262,42.61298444611292,1277,2.0,0.22600461542606354,321,281,40,30
266,42.61298444611292,1277,2.0,0.5803771615028381,1768,378,80,31
220,42.64635405022107,1278,13.0,0.7029685378074646,1395,645,1046,628
262,42.64635405022107,1278,2.0,0.18434226512908936,322,284,41,31
266,42.64635405022107,1278,2.0,0.5512402057647705,1763,377,83,32
220,42.67972365432923,1279,13.0,0.6925406455993652,1395,646,1046,632
262,42.67972365432923,1279,2.0,0.1974112093448639,324,287,45,33
266,42.67972365432923,1279,2.0,0.276328980922699,1759,376,86,31
220,42.71309325843738,1280,13.0,0.7040107250213623,1396,648,1045,630
262,42.71309325843738,1280,2.0,0.23035304248332977,326,289,48,36
266,42.71309325843738,1280,2.0,0.288714200258255,1752,375,85,30
220,42.746462862545535,1281,13.0,0.6768550276756287,1396,649,1045,633
262,42.746462862545535,1281,2.0,0.32741832733154297,327,291,49,37
266,42.746462862545535,1281,2.0,0.36880719661712646,1743,374,86,31
220,42.77983246665369,1282,13.0,0.6763337254524231,1397,649,1043,630
262,42.77983246665369,1282,2.0,0.28727900981903076,328,293,50,37
266,42.77983246665369,1282,2.0,0.33677226305007935,1734,374,91,31
220,42.81320207076185,1283,13.0,0.6805158257484436,1398,650,1040,625
262,42.81320207076185,1283,2.0,0.2056620866060257,329,295,48,34
266,42.81320207076185,1283,2.0,0.3480798602104187,1726,374,90,31
220,42.84657167487,1284,13.0,0.6659294962882996,1398,650,1041,626
262,42.84657167487,1284,2.0,0.2672688364982605,329,298,46,33
266,42.84657167487,1284,2.0,0.3600674569606781,1722,373,91,33
220,42.87994127897815,1285,13.0,0.6677693724632263,1398,650,1041,626
262,42.87994127897815,1285,2.0,0.27999651432037354,330,299,44,33
266,42.87994127897815,1285,2.0,0.24744431674480438,1717,372,84,31
220,42.913310883086304,1286,13.0,0.6545372605323792,1398,651,1040,625
262,42.913310883086304,1286,2.0,0.32985278964042664,332,300,46,34
266,42.913310883086304,1286,2.0,0.344465434551239,1712,370,80,29
220,42.94668048719446,1287,13.0,0.6546998620033264,1399,650,1039,626
262,42.94668048719446,1287,2.0,0.4206142723560333,334,302,44,34
266,42.94668048719446,1287,2.0,0.27530035376548767,1709,370,74,29
220,42.980050091302616,1288,13.0,0.6695005297660828,1398,650,1040,626
262,42.980050091302616,1288,2.0,0.4858059585094452,337,304,44,35
266,42.980050091302616,1288,2.0,0.3999713957309723,1706,369,70,30
220,43.01341969541077,1289,13.0,0.6579031944274902,1396,647,1044,629
262,43.01341969541077,1289,2.0,0.503633439540863,339,306,43,36
266,43.01341969541077,1289,2.0,0.27549999952316284,1702,367,65,32
220,43.04678929951892,1290,13.0,0.6446645855903625,1396,646,1044,633
262,43.04678929951892,1290,2.0,0.5561290979385376,340,309,43,35
266,43.04678929951892,1290,2.0,0.4110371768474579,1700,366,59,33
220,43.08015890362708,1291,13.0,0.6462679505348206,1396,647,1043,631
262,43.08015890362708,1291,2.0,0.5988477468490601,341,312,42,36
266,43.08015890362708,1291,2.0,0.3466423749923706,1697,365,53,33
220,43.11352850773523,1292,13.0,0.6198093295097351,1397,647,1043,633
262,43.11352850773523,1292,2.0,0.5589889287948608,342,314,42,38
266,43.11352850773523,1292,2.0,0.30309101939201355,1695,364,49,32
220,43.146898111843385,1293,13.0,0.6248293519020081,1397,646,1043,634
262,43.146898111843385,1293,2.0,0.4749840497970581,344,316,44,39
266,43.146898111843385,1293,2.0,0.12653325498104095,1691,363,41,32
220,43.180267715951544,1294,13.0,0.6210513114929199,1397,645,1041,641
262,43.180267715951544,1294,2.0,0.5603461861610413,344,318,43,37
220,43.213637320059696,1295,13.0,0.5866569876670837,1397,642,1043,645
262,43.213637320059696,1295,2.0,0.32891392707824707,345,321,43,37
220,43.24700692416785,1296,13.0,0.6207884550094604,1396,641,1043,644
262,43.24700692416785,1296,2.0,0.33410531282424927,346,323,44,39
220,43.280376528276,1297,13.0,0.640957236289978,1397,642,1041,638
262,43.280376528276,1297,2.0,0.35398435592651367,348,326,45,37
220,43.31374613238416,1298,13.0,0.6548548340797424,1398,642,1041,638
262,43.31374613238416,1298,2.0,0.4775567948818207,350,328,47,37
220,43.34711573649231,1299,13.0,0.6333110928535461,1398,641,1041,640
262,43.34711573649231,1299,2.0,0.44034892320632935,351,330,46,37
220,43.380485340600465,1300,13.0,0.6085620522499084,1399,640,1039,639
262,43.380485340600465,1300,2.0,0.22756119072437286,354,333,48,40
220,43.41385494470862,1301,13.0,0.6130223274230957,1399,640,1039,639
262,43.41385494470862,1301,2.0,0.17609818279743195,356,336,47,42
220,43.44722454881678,1302,13.0,0.5967379808425903,1398,642,1039,640
262,43.44722454881678,1302,2.0,0.24175849556922913,363,338,57,44
220,43.48059415292493,1303,13.0,0.624569296836853,1398,642,1042,648
262,43.48059415292493,1303,2.0,0.3465944230556488,365,340,57,44
220,43.51396375703308,1304,13.0,0.6443062424659729,1398,644,1042,649
262,43.51396375703308,1304,2.0,0.45133286714553833,367,343,58,41
220,43.547333361141234,1305,13.0,0.6545925140380859,1396,644,1045,642
262,43.547333361141234,1305,2.0,0.5861391425132751,367,346,57,39
220,43.580702965249394,1306,13.0,0.6269828677177429,1396,645,1045,646
262,43.580702965249394,1306,2.0,0.4552097022533417,370,349,55,40
220,43.614072569357546,1307,13.0,0.606045663356781,1396,646,1045,643
262,43.614072569357546,1307,2.0,0.4779500961303711,371,352,53,41
220,43.6474421734657,1308,13.0,0.5797852277755737,1397,646,1043,643
262,43.6474421734657,1308,2.0,0.464364230632782,372,356,52,43
220,43.68081177757385,1309,13.0,0.5601765513420105,1395,641,1046,653
262,43.68081177757385,1309,2.0,0.5339210033416748,373,358,51,45
220,43.71418138168201,1310,13.0,0.5441173315048218,1397,640,1043,653
262,43.71418138168201,1310,2.0,0.4451577961444855,375,361,53,47
220,43.74755098579016,1311,13.0,0.5984210968017578,1397,641,1043,649
262,43.74755098579016,1311,2.0,0.30404427647590637,376,364,53,48
271,43.74755098579016,1311,2.0,0.34283554553985596,220,166,31,32
272,43.74755098579016,1311,2.0,0.35505783557891846,206,164,51,31
220,43.780920589898315,1312,13.0,0.6181001663208008,1397,643,1043,642
262,43.780920589898315,1312,2.0,0.4042299687862396,377,368,52,47
271,43.780920589898315,1312,2.0,0.3900221884250641,219,165,32,32
272,43.780920589898315,1312,2.0,0.38682520389556885,206,164,52,31
220,43.81429019400647,1313,13.0,0.6164814233779907,1398,645,1041,637
262,43.81429019400647,1313,2.0,0.426067590713501,378,371,50,45
271,43.81429019400647,1313,2.0,0.4095904529094696,219,165,35,31
272,43.81429019400647,1313,2.0,0.4006607234477997,207,164,53,31
220,43.84765979811463,1314,13.0,0.5992639064788818,1399,645,1040,631
262,43.84765979811463,1314,2.0,0.4988532066345215,382,375,51,45
271,43.84765979811463,1314,2.0,0.374637633562088,218,166,35,32
272,43.84765979811463,1314,2.0,0.3833637237548828,207,164,53,31
220,43.88102940222278,1315,13.0,0.6184442639350891,1399,645,1038,627
262,43.88102940222278,1315,2.0,0.5164325833320618,385,379,49,47
271,43.88102940222278,1315,2.0,0.3335689604282379,219,166,33,33
272,43.88102940222278,1315,2.0,0.33918821811676025,206,165,53,32
220,43.91439900633093,1316,13.0,0.6166729927062988,1399,646,1038,627
262,43.91439900633093,1316,2.0,0.4426136612892151,390,383,53,47
271,43.91439900633093,1316,2.0,0.3471030294895172,220,168,31,35
272,43.91439900633093,1316,2.0,0.32582005858421326,206,166,55,34
220,43.947768610439084,1317,13.0,0.5771667957305908,1400,647,1037,633
262,43.947768610439084,1317,2.0,0.566517174243927,392,387,55,45
271,43.947768610439084,1317,2.0,0.39478641748428345,220,168,31,35
272,43.947768610439084,1317,2.0,0.3363048732280731,207,166,55,34
220,43.981138214547244,1318,13.0,0.6071310043334961,1400,645,1038,635
262,43.981138214547244,1318,2.0,0.6661603450775146,395,389,59,44
271,43.981138214547244,1318,2.0,0.4294464588165283,221,169,31,35
272,43.981138214547244,1318,2.0,0.3393632769584656,209,167,55,35
220,44.014507818655396,1319,13.0,0.5848571062088013,1401,644,1036,637
262,44.014507818655396,1319,2.0,0.693963348865509,398,393,59,46
271,44.014507818655396,1319,2.0,0.4155683219432831,221,169,31,36
272,44.014507818655396,1319,2.0,0.31300270557403564,211,167,51,35
220,44.04787742276355,1320,13.0,0.5618250966072083,1401,643,1035,636
262,44.04787742276355,1320,2.0,0.6469426155090332,400,396,61,47
271,44.04787742276355,1320,2.0,0.35266342759132385,222,169,29,36
272,44.04787742276355,1320,2.0,0.3079194724559784,208,167,53,35
220,44.0812470268717,1321,13.0,0.5650966763496399,1401,643,1035,637
262,44.0812470268717,1321,2.0,0.7411287426948547,403,401,60,48
271,44.0812470268717,1321,2.0,0.30028489232063293,222,169,29,37
272,44.0812470268717,1321,2.0,0.2785932421684265,207,166,58,37
220,44.11461663097986,1322,13.0,0.5849608182907104,1402,643,1033,634
262,44.11461663097986,1322,2.0,0.5982335805892944,406,403,63,50
271,44.11461663097986,1322,2.0,0.2635899484157562,223,169,29,37
272,44.11461663097986,1322,2.0,0.21185040473937988,207,166,61,39
220,44.14798623508801,1323,13.0,0.5896785855293274,1403,644,1031,630
262,44.14798623508801,1323,2.0,0.6182043552398682,409,407,64,52
271,44.14798623508801,1323,2.0,0.2929760217666626,224,169,29,37
272,44.14798623508801,1323,2.0,0.1947849541902542,207,166,62,38
220,44.181355839196165,1324,13.0,0.6080800890922546,1404,644,1030,624
262,44.181355839196165,1324,2.0,0.6988676190376282,411,411,62,54
271,44.181355839196165,1324,2.0,0.26528802514076233,225,170,30,36
272,44.181355839196165,1324,2.0,0.1325071007013321,207,165,63,36
220,44.21472544330432,1325,13.0,0.571338951587677,1402,641,1033,624
262,44.21472544330432,1325,2.0,0.723220705986023,414,414,62,55
271,44.21472544330432,1325,2.0,0.25637519359588623,225,170,31,35
272,44.21472544330432,1325,2.0,0.11946853250265121,206,164,61,34
220,44.24809504741248,1326,13.0,0.5509999990463257,1402,641,1032,624
262,44.24809504741248,1326,2.0,0.7295613288879395,416,419,62,57
271,44.24809504741248,1326,2.0,0.24875760078430176,226,170,32,34
272,44.24809504741248,1326,2.0,0.12906542420387268,202,165,50,32
274,44.24809504741248,1326,2.0,0.6894338726997375,1871,661,95,66
220,44.28146465152063,1327,13.0,0.5297114849090576,1404,639,1028,618
262,44.28146465152063,1327,2.0,0.6750189661979675,419,424,63,57
271,44.28146465152063,1327,2.0,0.31155961751937866,227,171,33,35
272,44.28146465152063,1327,2.0,0.15812966227531433,203,166,52,32
274,44.28146465152063,1327,2.0,0.1899600625038147,1858,659,122,80
220,44.31483425562878,1328,13.0,0.5036372542381287,1405,641,1025,617
262,44.31483425562878,1328,2.0,0.7095937132835388,422,429,65,58
271,44.31483425562878,1328,2.0,0.32015690207481384,228,171,34,34
272,44.31483425562878,1328,2.0,0.18261875212192535,202,166,49,31
274,44.31483425562878,1328,2.0,0.7896683216094971,1842,650,152,86
220,44.34820385973694,1329,13.0,0.5128698348999023,1407,641,1022,612
262,44.34820385973694,1329,2.0,0.7643758654594421,425,433,66,62
271,44.34820385973694,1329,2.0,0.21291367709636688,228,171,33,34
272,44.34820385973694,1329,2.0,0.1807757169008255,199,164,41,29
274,44.34820385973694,1329,2.0,0.8568866848945618,1825,640,186,89
220,44.38157346384509,1330,13.0,0.5944684743881226,1406,640,1023,606
262,44.38157346384509,1330,2.0,0.8327925205230713,428,439,64,58
271,44.38157346384509,1330,2.0,0.18410806357860565,228,172,33,36
272,44.38157346384509,1330,2.0,0.1566872000694275,197,163,36,27
274,44.38157346384509,1330,2.0,0.8570365905761719,1802,627,202,86
220,44.414943067953246,1331,13.0,0.49710801243782043,1408,640,1019,598
262,44.414943067953246,1331,2.0,0.7961626648902893,430,446,65,57
271,44.414943067953246,1331,2.0,0.18230721354484558,228,176,33,34
272,44.414943067953246,1331,2.0,0.151737779378891,197,162,35,25
274,44.414943067953246,1331,2.0,0.8646630644798279,1771,616,204,86
220,44.4483126720614,1332,13.0,0.5563739538192749,1408,639,1020,596
262,44.4483126720614,1332,2.0,0.7792160511016846,434,451,66,58
271,44.4483126720614,1332,2.0,0.23436695337295532,229,178,33,32
272,44.4483126720614,1332,2.0,0.15985895693302155,197,162,35,25
274,44.4483126720614,1332,2.0,0.8587942719459534,1740,603,198,82
220,44.48168227616956,1333,13.0,0.4751703143119812,1407,641,1021,591
262,44.48168227616956,1333,2.0,0.6942180395126343,439,456,68,58
271,44.48168227616956,1333,2.0,0.23999981582164764,229,179,33,31
272,44.48168227616956,1333,2.0,0.16667473316192627,197,162,36,25
274,44.48168227616956,1333,2.0,0.7657724618911743,1710,592,190,80
220,44.51505188027771,1334,13.0,0.47844889760017395,1406,643,1020,590
262,44.51505188027771,1334,2.0,0.6606144905090332,443,460,75,58
271,44.51505188027771,1334,2.0,0.24780981242656708,230,178,32,34
272,44.51505188027771,1334,2.0,0.1616169661283493,197,162,37,26
274,44.51505188027771,1334,2.0,0.8709216117858887,1679,581,183,77
220,44.54842148438586,1335,13.0,0.5716069340705872,1405,644,1023,596
262,44.54842148438586,1335,2.0,0.6653050184249878,445,466,72,61
271,44.54842148438586,1335,2.0,0.2845810353755951,231,179,32,33
272,44.54842148438586,1335,2.0,0.17099222540855408,198,161,38,25
274,44.54842148438586,1335,2.0,0.8217224478721619,1649,572,179,75
276,44.54842148438586,1335,2.0,0.4134410321712494,285,241,38,27
220,44.581791088494015,1336,13.0,0.5118333697319031,1409,644,1016,600
262,44.581791088494015,1336,2.0,0.731307864189148,450,472,75,61
271,44.581791088494015,1336,2.0,0.2890204191207886,232,180,32,33
272,44.581791088494015,1336,2.0,0.16803061962127686,199,161,39,26
274,44.581791088494015,1336,2.0,0.8149837851524353,1622,562,169,71
276,44.581791088494015,1336,2.0,0.42852577567100525,286,242,36,29
220,44.615160692602174,1337,13.0,0.3947828710079193,1407,643,1021,596
262,44.615160692602174,1337,2.0,0.7005547881126404,457,478,77,62
271,44.615160692602174,1337,2.0,0.3518015444278717,232,181,32,32
272,44.615160692602174,1337,2.0,0.15415726602077484,200,163,39,28
274,44.615160692602174,1337,2.0,0.8572914600372314,1595,553,164,69
276,44.615160692602174,1337,2.0,0.4088175892829895,288,244,36,28
220,44.64853029671033,1338,13.0,0.2508678138256073,1407,645,1021,595
262,44.64853029671033,1338,2.0,0.6440123915672302,462,483,79,63
271,44.64853029671033,1338,2.0,0.3556031286716461,232,182,33,28
272,44.64853029671033,1338,2.0,0.17579756677150726,202,164,42,31
274,44.64853029671033,1338,2.0,0.7711760401725769,1570,544,159,66
276,44.64853029671033,1338,2.0,0.36655959486961365,289,246,35,29
220,44.68189990081848,1339,13.0,0.20525747537612915,1413,651,1008,599
262,44.68189990081848,1339,2.0,0.6061151027679443,467,489,80,67
271,44.68189990081848,1339,2.0,0.3160935342311859,232,183,33,26
272,44.68189990081848,1339,2.0,0.2274530827999115,202,164,40,31
274,44.68189990081848,1339,2.0,0.7698497772216797,1545,535,154,65
276,44.68189990081848,1339,2.0,0.34597137570381165,291,246,35,31
277,44.68189990081848,1339,2.0,0.8618894815444946,1869,746,97,93
262,44.71526950492663,1340,2.0,0.732049286365509,471,493,83,69
271,44.71526950492663,1340,2.0,0.24872107803821564,233,183,36,24
272,44.71526950492663,1340,2.0,0.2197689265012741,201,163,37,28
274,44.71526950492663,1340,2.0,0.8744916915893555,1521,527,151,63
276,44.71526950492663,1340,2.0,0.2979736328125,294,247,39,32
277,44.71526950492663,1340,2.0,0.7818325161933899,1853,742,130,114
262,44.74863910903479,1341,2.0,0.6975638270378113,473,498,80,73
271,44.74863910903479,1341,2.0,0.2108634114265442,233,183,35,25
272,44.74863910903479,1341,2.0,0.2278645932674408,201,162,37,27
274,44.74863910903479,1341,2.0,0.8258707523345947,1498,519,146,63
276,44.74863910903479,1341,2.0,0.2816013693809509,296,248,41,33
277,44.74863910903479,1341,2.0,0.818527340888977,1834,731,168,126
262,44.78200871314294,1342,2.0,0.6436752080917358,475,501,81,80
271,44.78200871314294,1342,2.0,0.12655770778656006,232,183,35,24
272,44.78200871314294,1342,2.0,0.25793296098709106,202,162,37,27
274,44.78200871314294,1342,2.0,0.8395357728004456,1476,511,144,63
276,44.78200871314294,1342,2.0,0.29722166061401367,298,249,45,34
277,44.78200871314294,1342,2.0,0.8205283880233765,1815,715,207,129
262,44.815378317251096,1343,2.0,0.7555904984474182,479,507,80,84
271,44.815378317251096,1343,2.0,0.14237108826637268,233,184,37,23
272,44.815378317251096,1343,2.0,0.281897634267807,202,162,37,26
274,44.815378317251096,1343,2.0,0.8649892807006836,1456,504,141,61
276,44.815378317251096,1343,2.0,0.3727484345436096,298,250,44,32
277,44.815378317251096,1343,2.0,0.8532504439353943,1792,699,236,127
262,44.84874792135925,1344,2.0,0.7528650760650635,483,516,77,83
271,44.84874792135925,1344,2.0,0.22778572142124176,233,185,38,23
272,44.84874792135925,1344,2.0,0.17835721373558044,202,162,34,25
274,44.84874792135925,1344,2.0,0.8543747663497925,1435,497,135,60
276,44.84874792135925,1344,2.0,0.5631226897239685,299,252,44,30
277,44.84874792135925,1344,2.0,0.848420262336731,1758,682,242,119
262,44.88211752546741,1345,2.0,0.6469476819038391,486,519,78,90
271,44.88211752546741,1345,2.0,0.2726527452468872,234,186,37,24
272,44.88211752546741,1345,2.0,0.19451957941055298,201,162,35,26
274,44.88211752546741,1345,2.0,0.8341884016990662,1416,489,131,58
276,44.88211752546741,1345,2.0,0.6013603806495667,299,253,43,29
277,44.88211752546741,1345,2.0,0.8534581661224365,1723,668,239,112
262,44.91548712957556,1346,2.0,0.572063148021698,491,533,80,80
271,44.91548712957556,1346,2.0,0.26731327176094055,235,186,37,25
272,44.91548712957556,1346,2.0,0.2327873855829239,200,162,33,26
274,44.91548712957556,1346,2.0,0.8116010427474976,1395,482,130,58
276,44.91548712957556,1346,2.0,0.6701098680496216,299,254,43,29
277,44.91548712957556,1346,2.0,0.8555415272712708,1686,654,230,112
262,44.94885673368371,1347,2.0,0.626805305480957,494,542,79,79
271,44.94885673368371,1347,2.0,0.23125916719436646,237,185,38,27
272,44.94885673368371,1347,2.0,0.2511135935783386,200,162,33,26
274,44.94885673368371,1347,2.0,0.8618804812431335,1377,476,124,57
276,44.94885673368371,1347,2.0,0.6242005228996277,299,256,41,28
277,44.94885673368371,1347,2.0,0.8806086778640747,1651,641,220,106
281,44.94885673368371,1347,2.0,0.4510946273803711,1396,317,46,30
262,44.982226337791865,1348,2.0,0.5768564939498901,500,551,80,77
271,44.982226337791865,1348,2.0,0.1881399303674698,238,184,38,29
272,44.982226337791865,1348,2.0,0.2768736183643341,200,162,34,26
274,44.982226337791865,1348,2.0,0.8477058410644531,1360,470,121,56
276,44.982226337791865,1348,2.0,0.669002115726471,299,257,41,28
277,44.982226337791865,1348,2.0,0.8422123193740845,1617,628,213,101
281,44.982226337791865,1348,2.0,0.46011900901794434,1394,316,41,30
262,45.015595941900024,1349,2.0,0.7023366689682007,506,560,83,80
271,45.015595941900024,1349,2.0,0.20027725398540497,239,184,36,30
272,45.015595941900024,1349,2.0,0.31181615591049194,201,162,35,24
274,45.015595941900024,1349,2.0,0.8548698425292969,1343,463,121,55
276,45.015595941900024,1349,2.0,0.6007679104804993,299,259,40,28
277,45.015595941900024,1349,2.0,0.8691105246543884,1585,615,204,98
281,45.015595941900024,1349,2.0,0.22740264236927032,1391,314,36,31
262,45.048965546008176,1350,2.0,0.6389695405960083,511,568,82,80
271,45.048965546008176,1350,2.0,0.28070396184921265,240,185,35,28
272,45.048965546008176,1350,2.0,0.3330851197242737,202,162,37,24
274,45.048965546008176,1350,2.0,0.849168598651886,1327,457,120,54
276,45.048965546008176,1350,2.0,0.6474619507789612,299,260,38,27
277,45.048965546008176,1350,2.0,0.8356973528862,1552,603,196,95
262,45.08233515011633,1351,2.0,0.34332776069641113,516,576,85,85
271,45.08233515011633,1351,2.0,0.22961971163749695,241,185,31,28
272,45.08233515011633,1351,2.0,0.3226977288722992,203,162,35,23
274,45.08233515011633,1351,2.0,0.843191921710968,1311,451,115,53
276,45.08233515011633,1351,2.0,0.5150375366210938,300,262,37,27
277,45.08233515011633,1351,2.0,0.8233760595321655,1523,591,189,91
262,45.11570475422448,1352,2.0,0.5134507417678833,522,585,87,86
271,45.11570475422448,1352,2.0,0.33401238918304443,241,186,31,28
272,45.11570475422448,1352,2.0,0.3345499634742737,204,162,35,23
274,45.11570475422448,1352,2.0,0.8844922184944153,1295,445,112,53
276,45.11570475422448,1352,2.0,0.6501076221466064,301,264,36,29
277,45.11570475422448,1352,2.0,0.8515371084213257,1497,581,184,89
262,45.14907435833264,1353,2.0,0.6187127232551575,533,594,97,87
271,45.14907435833264,1353,2.0,0.3845764696598053,242,188,31,27
272,45.14907435833264,1353,2.0,0.2970541715621948,204,162,36,22
274,45.14907435833264,1353,2.0,0.8470957279205322,1280,439,110,52
276,45.14907435833264,1353,2.0,0.6687833070755005,303,266,37,29
277,45.14907435833264,1353,2.0,0.8177808523178101,1469,570,178,86
262,45.18244396244079,1354,2.0,0.6372195482254028,540,603,101,90
271,45.18244396244079,1354,2.0,0.3427131175994873,242,188,32,28
272,45.18244396244079,1354,2.0,0.2633421719074249,203,162,34,22
274,45.18244396244079,1354,2.0,0.8455187678337097,1265,434,107,52
276,45.18244396244079,1354,2.0,0.5569345355033875,303,269,35,26
277,45.18244396244079,1354,2.0,0.7957103848457336,1443,560,173,82
262,45.215813566548945,1355,2.0,0.6789352893829346,546,613,102,92
271,45.215813566548945,1355,2.0,0.4470689296722412,241,188,32,30
272,45.215813566548945,1355,2.0,0.2440810203552246,203,163,33,22
274,45.215813566548945,1355,2.0,0.8456284403800964,1250,430,104,50
276,45.215813566548945,1355,2.0,0.5373263359069824,304,271,37,26
277,45.215813566548945,1355,2.0,0.8724331855773926,1420,551,161,78
262,45.2491831706571,1356,2.0,0.5631065368652344,553,621,108,98
271,45.2491831706571,1356,2.0,0.3954462707042694,241,187,32,31
272,45.2491831706571,1356,2.0,0.2255924940109253,203,163,33,22
274,45.2491831706571,1356,2.0,0.8467183709144592,1237,424,103,50
276,45.2491831706571,1356,2.0,0.4797710180282593,305,272,36,27
277,45.2491831706571,1356,2.0,0.8647156953811646,1397,541,156,80
262,45.28255277476526,1357,2.0,0.6374952793121338,559,631,108,101
271,45.28255277476526,1357,2.0,0.3610342741012573,242,187,31,33
272,45.28255277476526,1357,2.0,0.19435003399848938,202,164,30,22
274,45.28255277476526,1357,2.0,0.8098800778388977,1222,418,98,49
276,45.28255277476526,1357,2.0,0.46518343687057495,307,273,36,28
277,45.28255277476526,1357,2.0,0.812622606754303,1374,532,149,77
262,45.31592237887341,1358,2.0,0.6409357190132141,565,645,106,100
271,45.31592237887341,1358,2.0,0.4130993187427521,242,189,31,32
272,45.31592237887341,1358,2.0,0.19017498195171356,201,164,30,23
274,45.31592237887341,1358,2.0,0.7509883046150208,1208,413,99,48
276,45.31592237887341,1358,2.0,0.3958113491535187,311,275,40,28
277,45.31592237887341,1358,2.0,0.7290415167808533,1352,524,148,75
262,45.34929198298156,1359,2.0,0.6948258280754089,570,657,104,101
271,45.34929198298156,1359,2.0,0.4472615122795105,244,191,31,31
272,45.34929198298156,1359,2.0,0.2334156185388565,201,163,32,24
274,45.34929198298156,1359,2.0,0.8353291749954224,1195,409,100,49
276,45.34929198298156,1359,2.0,0.3957679867744446,312,277,41,29
277,45.34929198298156,1359,2.0,0.727492094039917,1330,515,146,76
262,45.38266158708972,1360,2.0,0.4409774839878082,576,669,103,103
271,45.38266158708972,1360,2.0,0.522312343120575,244,191,34,31
272,45.38266158708972,1360,2.0,0.2700367271900177,201,163,32,24
274,45.38266158708972,1360,2.0,0.8243305087089539,1182,405,96,45
276,45.38266158708972,1360,2.0,0.5419999957084656,314,278,42,29
277,45.38266158708972,1360,2.0,0.8061447739601135,1310,508,143,72
262,45.416031191197874,1361,2.0,0.6025394797325134,583,680,106,108
271,45.416031191197874,1361,2.0,0.5003983974456787,244,191,34,32
272,45.416031191197874,1361,2.0,0.23001927137374878,201,163,32,24
274,45.416031191197874,1361,2.0,0.7465221285820007,1169,402,94,43
276,45.416031191197874,1361,2.0,0.5030276775360107,315,280,41,29
277,45.416031191197874,1361,2.0,0.6479339599609375,1292,501,137,71
262,45.449400795306026,1362,2.0,0.640548050403595,592,694,108,112
271,45.449400795306026,1362,2.0,0.491615355014801,244,191,33,34
272,45.449400795306026,1362,2.0,0.24038203060626984,202,163,30,23
274,45.449400795306026,1362,2.0,0.726107120513916,1157,396,91,43
276,45.449400795306026,1362,2.0,0.5749635696411133,317,281,41,29
277,45.449400795306026,1362,2.0,0.6139599084854126,1273,492,133,69
262,45.48277039941418,1363,2.0,0.586165726184845,599,707,113,114
271,45.48277039941418,1363,2.0,0.4300099015235901,245,192,33,36
272,45.48277039941418,1363,2.0,0.21434128284454346,201,164,29,23
274,45.48277039941418,1363,2.0,0.8168598413467407,1147,392,90,45
276,45.48277039941418,1363,2.0,0.473162442445755,317,283,40,28
277,45.48277039941418,1363,2.0,0.6669506430625916,1255,482,132,68
262,45.51614000352234,1364,2.0,0.7464654445648193,607,720,116,117
271,45.51614000352234,1364,2.0,0.45451730489730835,247,193,33,39
272,45.51614000352234,1364,2.0,0.16022548079490662,201,164,27,22
274,45.51614000352234,1364,2.0,0.7666720151901245,1136,388,90,46
276,45.51614000352234,1364,2.0,0.5615630745887756,319,285,42,30
277,45.51614000352234,1364,2.0,0.7037485241889954,1236,477,127,67
262,45.54950960763049,1365,2.0,0.6944469213485718,616,735,120,122
271,45.54950960763049,1365,2.0,0.42487823963165283,249,194,33,40
272,45.54950960763049,1365,2.0,0.23232494294643402,202,165,27,22
274,45.54950960763049,1365,2.0,0.7609291672706604,1125,384,90,45
276,45.54950960763049,1365,2.0,0.5458574295043945,320,287,45,32
277,45.54950960763049,1365,2.0,0.6694908142089844,1219,471,123,65
262,45.58287921173864,1366,2.0,0.7173898220062256,626,749,121,127
271,45.58287921173864,1366,2.0,0.37793004512786865,249,194,32,40
272,45.58287921173864,1366,2.0,0.24778863787651062,202,165,27,22
274,45.58287921173864,1366,2.0,0.8056427836418152,1113,381,87,44
276,45.58287921173864,1366,2.0,0.5701174736022949,322,289,47,33
277,45.58287921173864,1366,2.0,0.8208404183387756,1202,463,122,66
262,45.616248815846795,1367,2.0,0.5878026485443115,636,765,123,131
271,45.616248815846795,1367,2.0,0.28011050820350647,249,195,31,39
272,45.616248815846795,1367,2.0,0.27851352095603943,202,165,28,23
274,45.616248815846795,1367,2.0,0.8191057443618774,1102,377,84,43
276,45.616248815846795,1367,2.0,0.5739321112632751,323,292,48,34
277,45.616248815846795,1367,2.0,0.6727085113525391,1188,457,121,63
262,45.649618419954955,1368,2.0,0.68560791015625,646,782,126,135
271,45.649618419954955,1368,2.0,0.2344549298286438,250,196,31,37
272,45.649618419954955,1368,2.0,0.3298932611942291,202,166,28,24
274,45.649618419954955,1368,2.0,0.7503200173377991,1091,374,85,42
276,45.649618419954955,1368,2.0,0.44641950726509094,325,294,50,35
277,45.649618419954955,1368,2.0,0.6868565678596497,1171,451,116,61
262,45.68298802406311,1369,2.0,0.6680948734283447,657,800,131,141
271,45.68298802406311,1369,2.0,0.20675058662891388,251,197,32,35
272,45.68298802406311,1369,2.0,0.25396254658699036,203,166,28,25
274,45.68298802406311,1369,2.0,0.778704047203064,1081,370,83,43
276,45.68298802406311,1369,2.0,0.3887220621109009,326,296,52,36
277,45.68298802406311,1369,2.0,0.6911845803260803,1157,443,110,65
262,45.71635762817126,1370,2.0,0.7267616987228394,670,818,139,146
271,45.71635762817126,1370,2.0,0.3105820417404175,251,197,33,36
272,45.71635762817126,1370,2.0,0.3058497905731201,203,166,28,25
274,45.71635762817126,1370,2.0,0.6346441507339478,1071,367,87,45
276,45.71635762817126,1370,2.0,0.43524104356765747,328,297,53,35
277,45.71635762817126,1370,2.0,0.7829896211624146,1142,436,109,65
262,45.74972723227941,1371,2.0,0.8020430207252502,683,837,146,152
271,45.74972723227941,1371,2.0,0.35461747646331787,251,197,34,38
272,45.74972723227941,1371,2.0,0.34889790415763855,203,166,28,25
274,45.74972723227941,1371,2.0,0.6898303031921387,1061,363,83,43
276,45.74972723227941,1371,2.0,0.5234505534172058,329,300,52,32
277,45.74972723227941,1371,2.0,0.6595184803009033,1128,431,108,62
262,45.78309683638757,1372,2.0,0.8420040011405945,695,853,148,164
271,45.78309683638757,1372,2.0,0.31761226058006287,252,199,35,34
272,45.78309683638757,1372,2.0,0.2744580805301666,204,166,28,24
274,45.78309683638757,1372,2.0,0.672210693359375,1050,360,81,41
276,45.78309683638757,1372,2.0,0.6762362718582153,330,301,50,31
277,45.78309683638757,1372,2.0,0.7318058609962463,1113,427,105,60
262,45.816466440495724,1373,2.0,0.7378768920898438,707,868,152,176
271,45.816466440495724,1373,2.0,0.214534193277359,252,195,35,43
272,45.816466440495724,1373,2.0,0.21884264051914215,205,167,28,25
274,45.816466440495724,1373,2.0,0.5956135988235474,1041,358,80,41
276,45.816466440495724,1373,2.0,0.7065757513046265,330,304,48,32
277,45.816466440495724,1373,2.0,0.7743459939956665,1099,422,105,61
262,45.849836044603876,1374,2.0,0.3034859895706177,720,890,157,173
271,45.849836044603876,1374,2.0,0.1752176731824875,253,195,34,44
272,45.849836044603876,1374,2.0,0.33199435472488403,206,168,29,25
274,45.849836044603876,1374,2.0,0.7163424491882324,1032,354,77,40
276,45.849836044603876,1374,2.0,0.7427294850349426,332,306,50,32
277,45.849836044603876,1374,2.0,0.6604791283607483,1087,416,101,60
262,45.88320564871203,1375,2.0,0.3110561966896057,733,921,163,185
271,45.88320564871203,1375,2.0,0.1654927283525467,253,197,34,41
272,45.88320564871203,1375,2.0,0.36100807785987854,206,168,30,25
274,45.88320564871203,1375,2.0,0.6589486002922058,1022,350,75,39
276,45.88320564871203,1375,2.0,0.6952105760574341,333,308,47,33
277,45.88320564871203,1375,2.0,0.6208378076553345,1073,411,99,59
262,45.91657525282019,1376,7.0,0.3471144437789917,757,944,189,188
271,45.91657525282019,1376,2.0,0.3794567584991455,253,203,35,31
272,45.91657525282019,1376,2.0,0.3920398950576782,207,169,30,25
274,45.91657525282019,1376,2.0,0.652234673500061,1013,347,75,40
276,45.91657525282019,1376,2.0,0.747868001461029,335,310,50,34
277,45.91657525282019,1376,2.0,0.6839450001716614,1061,406,98,58
271,45.94994485692834,1377,2.0,0.4298161268234253,254,205,35,27
272,45.94994485692834,1377,2.0,0.3733227849006653,209,169,35,26
274,45.94994485692834,1377,2.0,0.6105900406837463,1006,344,75,42
276,45.94994485692834,1377,2.0,0.6967044472694397,338,314,50,34
277,45.94994485692834,1377,2.0,0.6405618190765381,1049,400,97,59
271,45.98331446103649,1378,2.0,0.29610514640808105,256,206,36,27
272,45.98331446103649,1378,2.0,0.33299359679222107,210,170,39,27
274,45.98331446103649,1378,2.0,0.6043168306350708,997,341,76,42
276,45.98331446103649,1378,2.0,0.7083448171615601,338,316,49,35
277,45.98331446103649,1378,2.0,0.7217196226119995,1037,396,95,59
271,46.016684065144645,1379,2.0,0.22752849757671356,256,207,33,26
272,46.016684065144645,1379,2.0,0.2938944697380066,209,170,36,26
274,46.016684065144645,1379,2.0,0.6288397908210754,989,338,75,42
276,46.016684065144645,1379,2.0,0.6760271787643433,340,318,50,37
277,46.016684065144645,1379,2.0,0.7604804635047913,1027,390,93,58
271,46.050053669252804,1380,2.0,0.2913414537906647,256,207,32,26
272,46.050053669252804,1380,2.0,0.29079458117485046,207,170,34,27
274,46.050053669252804,1380,2.0,0.6232037544250488,980,335,72,39
276,46.050053669252804,1380,2.0,0.7403769493103027,342,321,53,37
277,46.050053669252804,1380,2.0,0.8208203315734863,1016,386,90,58
288,46.050053669252804,1380,2.0,0.7862246036529541,1866,729,106,98
271,46.08342327336096,1381,2.0,0.24579328298568726,258,208,35,26
272,46.08342327336096,1381,2.0,0.196798175573349,206,169,31,26
274,46.08342327336096,1381,2.0,0.6521139740943909,970,332,69,40
276,46.08342327336096,1381,2.0,0.7802032232284546,344,323,52,38
277,46.08342327336096,1381,2.0,0.8001348376274109,1004,383,91,56
288,46.08342327336096,1381,2.0,0.42822712659835815,1850,727,138,123
289,46.08342327336096,1381,13.0,0.48288774490356445,1412,653,1012,596
271,46.11679287746911,1382,2.0,0.25601062178611755,259,209,37,27
272,46.11679287746911,1382,2.0,0.24850551784038544,208,169,35,26
274,46.11679287746911,1382,2.0,0.6644831299781799,962,328,71,39
276,46.11679287746911,1382,2.0,0.7023093700408936,346,325,52,38
277,46.11679287746911,1382,2.0,0.8422991633415222,993,379,89,54
288,46.11679287746911,1382,2.0,0.6205861568450928,1831,715,174,135
289,46.11679287746911,1382,13.0,0.3672277331352234,1413,656,1010,607
271,46.15016248157726,1383,2.0,0.18708612024784088,258,209,36,28
272,46.15016248157726,1383,2.0,0.15700401365756989,207,168,31,25
274,46.15016248157726,1383,2.0,0.5667904615402222,954,325,68,36
276,46.15016248157726,1383,2.0,0.5262633562088013,346,327,50,37
277,46.15016248157726,1383,2.0,0.6401689648628235,984,375,87,56
288,46.15016248157726,1383,2.0,0.5014724731445312,1813,702,211,137
289,46.15016248157726,1383,13.0,0.32379087805747986,1415,652,1008,601
271,46.18353208568542,1384,2.0,0.2165108323097229,257,208,34,28
272,46.18353208568542,1384,2.0,0.15401406586170197,206,168,29,25
274,46.18353208568542,1384,2.0,0.4863593876361847,947,323,67,38
276,46.18353208568542,1384,2.0,0.5449832677841187,348,331,53,41
277,46.18353208568542,1384,2.0,0.752906084060669,974,370,87,54
288,46.18353208568542,1384,2.0,0.7272583246231079,1793,686,243,133
289,46.18353208568542,1384,13.0,0.33169135451316833,1416,656,1005,615
271,46.21690168979357,1385,2.0,0.21260903775691986,258,209,35,27
274,46.21690168979357,1385,2.0,0.3997267484664917,940,321,65,37
276,46.21690168979357,1385,2.0,0.6059236526489258,350,333,55,42
277,46.21690168979357,1385,2.0,0.6738277077674866,964,367,85,53
288,46.21690168979357,1385,2.0,0.4591808021068573,1764,669,250,133
289,46.21690168979357,1385,13.0,0.2808370292186737,1416,654,1004,610
271,46.250271293901726,1386,2.0,0.17646043002605438,259,209,36,28
274,46.250271293901726,1386,2.0,0.3994254171848297,933,318,65,35
276,46.250271293901726,1386,2.0,0.5257685780525208,351,336,55,43
277,46.250271293901726,1386,2.0,0.6374481320381165,953,364,84,51
288,46.250271293901726,1386,2.0,0.6899557113647461,1730,655,247,128
289,46.250271293901726,1386,13.0,0.22284601628780365,1414,646,1010,617
271,46.28364089800988,1387,2.0,0.21322977542877197,260,211,37,29
274,46.28364089800988,1387,2.0,0.37780651450157166,926,315,65,35
276,46.28364089800988,1387,2.0,0.5749637484550476,355,340,59,40
277,46.28364089800988,1387,2.0,0.6672323346138,945,360,85,48
288,46.28364089800988,1387,2.0,0.8011211156845093,1695,643,240,121
289,46.28364089800988,1387,13.0,0.13163802027702332,1409,632,1015,596
271,46.31701050211804,1388,2.0,0.23842810094356537,262,212,40,29
274,46.31701050211804,1388,2.0,0.3089640438556671,918,313,67,36
276,46.31701050211804,1388,2.0,0.5554338097572327,358,343,63,40
277,46.31701050211804,1388,2.0,0.5160200595855713,935,357,83,48
288,46.31701050211804,1388,2.0,0.4654472768306732,1660,629,230,115
271,46.35038010622619,1389,2.0,0.26407507061958313,263,212,39,29
276,46.35038010622619,1389,2.0,0.5769772529602051,360,345,60,40
277,46.35038010622619,1389,2.0,0.4864375591278076,925,347,81,59
288,46.35038010622619,1389,2.0,0.4540579617023468,1628,616,222,114
271,46.38374971033434,1390,2.0,0.27371278405189514,265,213,37,30
276,46.38374971033434,1390,2.0,0.5960065722465515,362,347,61,40
277,46.38374971033434,1390,2.0,0.6035487651824951,915,346,79,53
288,46.38374971033434,1390,2.0,0.5858541131019592,1596,606,214,110
271,46.4171193144425,1391,2.0,0.3808850944042206,266,214,38,32
276,46.4171193144425,1391,2.0,0.696288526058197,364,350,63,39
277,46.4171193144425,1391,2.0,0.7015345692634583,907,345,78,48
288,46.4171193144425,1391,2.0,0.34001123905181885,1567,596,206,103
294,46.4171193144425,1391,2.0,0.4541529715061188,908,328,79,76
271,46.450488918550654,1392,2.0,0.4581000804901123,267,216,39,31
276,46.450488918550654,1392,2.0,0.7048363089561462,365,354,60,41
277,46.450488918550654,1392,2.0,0.7437009811401367,900,342,76,46
288,46.450488918550654,1392,2.0,0.3739595413208008,1539,586,197,100
294,46.450488918550654,1392,2.0,0.19292543828487396,902,333,76,67
271,46.48385852265881,1393,2.0,0.42284345626831055,269,217,40,33
276,46.48385852265881,1393,2.0,0.7167114615440369,366,357,58,43
277,46.48385852265881,1393,2.0,0.6273510456085205,893,340,72,46
288,46.48385852265881,1393,2.0,0.43485385179519653,1511,576,193,95
294,46.48385852265881,1393,2.0,0.17603978514671326,893,326,76,74
271,46.51722812676696,1394,2.0,0.502736508846283,269,219,39,34
276,46.51722812676696,1394,2.0,0.7772845029830933,368,360,59,45
277,46.51722812676696,1394,2.0,0.6130680441856384,883,335,73,47
288,46.51722812676696,1394,2.0,0.5363740921020508,1487,564,190,98
294,46.51722812676696,1394,2.0,0.32603293657302856,884,322,75,76
271,46.55059773087512,1395,2.0,0.5214440226554871,271,220,42,34
276,46.55059773087512,1395,2.0,0.7254253029823303,368,363,59,45
277,46.55059773087512,1395,2.0,0.5572479367256165,875,332,73,49
288,46.55059773087512,1395,2.0,0.4989607632160187,1460,555,182,94
294,46.55059773087512,1395,2.0,0.35219481587409973,876,320,74,75
271,46.58396733498327,1396,2.0,0.47541218996047974,272,221,43,35
276,46.58396733498327,1396,2.0,0.5694435238838196,370,366,58,47
277,46.58396733498327,1396,2.0,0.5904635190963745,867,326,72,53
288,46.58396733498327,1396,7.0,0.43727877736091614,1435,544,175,90
294,46.58396733498327,1396,2.0,0.4422864317893982,867,316,73,71
271,46.61733693909142,1397,2.0,0.3845107853412628,272,221,42,35
276,46.61733693909142,1397,2.0,0.6709968447685242,372,368,55,48
288,46.61733693909142,1397,2.0,0.3905961215496063,1412,536,169,91
294,46.61733693909142,1397,2.0,0.6562283039093018,861,316,69,66
271,46.650706543199576,1398,2.0,0.3374062478542328,273,222,43,35
276,46.650706543199576,1398,2.0,0.6155946254730225,374,372,56,46
288,46.650706543199576,1398,2.0,0.4458657205104828,1391,527,164,89
294,46.650706543199576,1398,2.0,0.6968082189559937,853,312,65,67
277,46.650706543199576,1398,2.0,0.532878577709198,853,321,65,47
271,46.684076147307735,1399,2.0,0.23416680097579956,273,223,43,34
276,46.684076147307735,1399,2.0,0.6590720415115356,376,377,55,44
288,46.684076147307735,1399,7.0,0.19334527850151062,1370,519,159,90
294,46.684076147307735,1399,2.0,0.6072981953620911,847,308,68,69
277,46.684076147307735,1399,7.0,0.14152248203754425,846,310,68,65
271,46.71744575141589,1400,2.0,0.20341408252716064,272,224,42,34
276,46.71744575141589,1400,2.0,0.5382805466651917,379,382,57,45
288,46.71744575141589,1400,7.0,0.35832542181015015,1349,511,153,84
271,46.75081535552404,1401,2.0,0.18506433069705963,274,226,40,30
276,46.75081535552404,1401,2.0,0.6277116537094116,383,387,60,41
288,46.75081535552404,1401,2.0,0.47988495230674744,1330,503,151,86
277,46.75081535552404,1401,2.0,0.6578096151351929,833,302,65,64
271,46.78418495963219,1402,2.0,0.18859818577766418,274,228,38,28
276,46.78418495963219,1402,2.0,0.5360415577888489,386,391,62,41
288,46.78418495963219,1402,2.0,0.2823876738548279,1311,496,148,84
277,46.78418495963219,1402,2.0,0.7647684216499329,825,300,64,64
271,46.81755456374035,1403,2.0,0.197116419672966,275,229,37,28
276,46.81755456374035,1403,2.0,0.6533684134483337,389,394,65,42
288,46.81755456374035,1403,7.0,0.2900194823741913,1292,489,145,81
277,46.81755456374035,1403,2.0,0.6492705345153809,817,298,65,64
271,46.850924167848504,1404,2.0,0.22640341520309448,275,229,38,27
276,46.850924167848504,1404,2.0,0.6418506503105164,391,397,65,43
288,46.850924167848504,1404,2.0,0.37659063935279846,1274,482,141,80
277,46.850924167848504,1404,2.0,0.6316291093826294,811,296,64,62
271,46.884293771956656,1405,2.0,0.2377278059720993,276,230,38,27
276,46.884293771956656,1405,2.0,0.7367144823074341,395,401,66,47
288,46.884293771956656,1405,2.0,0.30503663420677185,1257,475,135,77
277,46.884293771956656,1405,2.0,0.6942569613456726,805,297,62,53
271,46.91766337606481,1406,2.0,0.32344499230384827,276,230,36,27
276,46.91766337606481,1406,2.0,0.7977340817451477,396,405,65,49
288,46.91766337606481,1406,2.0,0.5491634607315063,1239,470,133,77
277,46.91766337606481,1406,2.0,0.7449126839637756,799,294,63,54
271,46.95103298017297,1407,2.0,0.36265259981155396,277,230,36,28
276,46.95103298017297,1407,2.0,0.6206119656562805,399,408,69,52
288,46.95103298017297,1407,2.0,0.31124526262283325,1223,462,130,76
277,46.95103298017297,1407,2.0,0.7124940156936646,794,290,63,59
306,46.95103298017297,1407,2.0,0.375503808259964,233,184,38,26
271,46.98440258428112,1408,2.0,0.3983616530895233,278,231,38,28
276,46.98440258428112,1408,2.0,0.6146122813224792,402,412,72,51
288,46.98440258428112,1408,7.0,0.4339004158973694,1206,456,128,73
277,46.98440258428112,1408,2.0,0.7319490313529968,788,287,64,59
306,46.98440258428112,1408,2.0,0.38117948174476624,233,184,40,27
271,47.01777218838927,1409,2.0,0.4612525999546051,277,231,38,28
276,47.01777218838927,1409,2.0,0.5458285808563232,404,415,69,53
288,47.01777218838927,1409,2.0,0.49011579155921936,1192,449,124,73
277,47.01777218838927,1409,2.0,0.6917060017585754,783,284,66,58
306,47.01777218838927,1409,2.0,0.32210561633110046,235,183,42,27
271,47.051141792497425,1410,2.0,0.44859135150909424,277,232,37,29
276,47.051141792497425,1410,2.0,0.5682497024536133,408,420,70,54
288,47.051141792497425,1410,2.0,0.371038019657135,1177,443,124,72
277,47.051141792497425,1410,2.0,0.6659466624259949,777,283,66,57
306,47.051141792497425,1410,2.0,0.3888516426086426,234,183,44,27
271,47.084511396605585,1411,2.0,0.4143259823322296,278,233,35,29
276,47.084511396605585,1411,2.0,0.589470386505127,410,426,71,53
288,47.084511396605585,1411,2.0,0.4987618625164032,1163,436,118,73
277,47.084511396605585,1411,2.0,0.6156878471374512,771,281,63,55
306,47.084511396605585,1411,2.0,0.40562692284584045,234,184,44,28
271,47.11788100071374,1412,2.0,0.4050467014312744,279,234,32,29
276,47.11788100071374,1412,2.0,0.5081720352172852,412,431,68,53
288,47.11788100071374,1412,2.0,0.609046459197998,1148,432,117,72
277,47.11788100071374,1412,2.0,0.5312098860740662,766,279,63,56
306,47.11788100071374,1412,2.0,0.32848817110061646,229,185,38,31
271,47.15125060482189,1413,2.0,0.4692741632461548,279,235,32,29
276,47.15125060482189,1413,2.0,0.6153045892715454,413,436,67,55
288,47.15125060482189,1413,2.0,0.6520817875862122,1134,428,114,71
277,47.15125060482189,1413,2.0,0.6664143204689026,761,276,65,54
306,47.15125060482189,1413,2.0,0.28754347562789917,225,185,30,32
271,47.18462020893004,1414,2.0,0.42173856496810913,281,237,34,32
276,47.18462020893004,1414,2.0,0.6735224723815918,417,438,69,58
288,47.18462020893004,1414,2.0,0.6861156225204468,1119,422,112,68
277,47.18462020893004,1414,2.0,0.5344651341438293,755,274,66,53
306,47.18462020893004,1414,2.0,0.2724326550960541,223,185,29,33
314,47.18462020893004,1414,2.0,0.8207988739013672,1832,646,174,84
271,47.2179898130382,1415,2.0,0.3880743682384491,282,238,36,34
276,47.2179898130382,1415,2.0,0.697367250919342,421,444,73,59
288,47.2179898130382,1415,2.0,0.5452601909637451,1108,418,110,66
277,47.2179898130382,1415,2.0,0.7336063385009766,751,273,67,53
306,47.2179898130382,1415,2.0,0.3296782970428467,223,185,30,32
314,47.2179898130382,1415,2.0,0.863267183303833,1819,637,198,88
271,47.251359417146354,1416,2.0,0.46381160616874695,283,239,36,36
276,47.251359417146354,1416,2.0,0.697551965713501,425,450,74,59
288,47.251359417146354,1416,2.0,0.6150838136672974,1095,413,107,61
277,47.251359417146354,1416,2.0,0.6722978353500366,745,271,64,51
306,47.251359417146354,1416,2.0,0.3405948579311371,224,186,32,31
314,47.251359417146354,1416,2.0,0.8597558736801147,1795,626,203,85
271,47.284729021254506,1417,2.0,0.36895954608917236,284,241,40,38
276,47.284729021254506,1417,2.0,0.7301653027534485,426,455,72,61
288,47.284729021254506,1417,2.0,0.7397657036781311,1083,409,104,60
277,47.284729021254506,1417,2.0,0.6914682388305664,742,269,66,50
306,47.284729021254506,1417,2.0,0.4211892783641815,225,187,33,30
314,47.284729021254506,1417,2.0,0.8563439249992371,1766,615,201,85
271,47.31809862536266,1418,2.0,0.3326687216758728,289,243,47,38
276,47.31809862536266,1418,2.0,0.6128782033920288,431,460,74,62
288,47.31809862536266,1418,2.0,0.6481218934059143,1070,405,102,61
277,47.31809862536266,1418,2.0,0.6023003458976746,738,267,68,50
306,47.31809862536266,1418,2.0,0.34159281849861145,224,188,32,30
314,47.31809862536266,1418,2.0,0.8230261206626892,1738,604,194,83
271,47.35146822947082,1419,2.0,0.36412301659584045,290,244,45,39
276,47.35146822947082,1419,2.0,0.5893928408622742,436,465,79,67
288,47.35146822947082,1419,2.0,0.685660719871521,1058,400,102,60
277,47.35146822947082,1419,2.0,0.6269596219062805,734,265,71,49
306,47.35146822947082,1419,2.0,0.32411590218544006,224,188,31,30
314,47.35146822947082,1419,2.0,0.7756407856941223,1712,595,187,79
271,47.38483783357897,1420,2.0,0.24369710683822632,292,246,46,38
276,47.38483783357897,1420,2.0,0.5346271991729736,438,472,76,63
288,47.38483783357897,1420,2.0,0.5777187347412109,1047,394,102,60
277,47.38483783357897,1420,2.0,0.6193585991859436,730,264,75,49
306,47.38483783357897,1420,2.0,0.2813047468662262,224,187,30,31
314,47.38483783357897,1420,2.0,0.8349876999855042,1684,587,183,77
271,47.41820743768712,1421,2.0,0.34505417943000793,292,247,44,37
276,47.41820743768712,1421,2.0,0.5821203589439392,441,477,77,65
288,47.41820743768712,1421,2.0,0.6875236630439758,1037,389,99,61
277,47.41820743768712,1421,2.0,0.6415824890136719,726,262,73,49
306,47.41820743768712,1421,2.0,0.31597667932510376,224,188,30,30
314,47.41820743768712,1421,2.0,0.8245818614959717,1659,577,177,75
271,47.451577041795275,1422,2.0,0.2997741997241974,295,249,47,36
276,47.451577041795275,1422,2.0,0.6243901252746582,444,482,78,65
288,47.451577041795275,1422,2.0,0.5890412926673889,1025,386,100,60
277,47.451577041795275,1422,2.0,0.5875133275985718,719,261,68,47
314,47.451577041795275,1422,2.0,0.7824243903160095,1636,568,172,71
271,47.484946645903435,1423,2.0,0.43697044253349304,296,250,44,34
276,47.484946645903435,1423,2.0,0.6277682781219482,447,490,79,67
288,47.484946645903435,1423,2.0,0.7175961136817932,1014,382,97,59
277,47.484946645903435,1423,2.0,0.6191839575767517,715,259,69,47
314,47.484946645903435,1423,2.0,0.7940930128097534,1612,560,168,70
271,47.51831625001159,1424,2.0,0.596186101436615,297,251,45,33
276,47.51831625001159,1424,2.0,0.662070095539093,451,497,82,68
288,47.51831625001159,1424,2.0,0.6892104744911194,1004,377,92,59
277,47.51831625001159,1424,2.0,0.4509323537349701,712,257,74,46
314,47.51831625001159,1424,2.0,0.810604453086853,1590,553,163,68
317,47.51831625001159,1424,2.0,0.3180648982524872,237,193,55,31
318,47.51831625001159,1424,2.0,0.3232499063014984,247,198,43,27
271,47.55168585411974,1425,2.0,0.5045455694198608,298,251,44,35
276,47.55168585411974,1425,2.0,0.6001642942428589,455,502,79,69
288,47.55168585411974,1425,2.0,0.7169241905212402,995,373,93,59
277,47.55168585411974,1425,2.0,0.6060757040977478,701,258,63,39
314,47.55168585411974,1425,2.0,0.775152862071991,1568,544,156,67
317,47.55168585411974,1425,2.0,0.30473023653030396,233,192,47,28
318,47.55168585411974,1425,2.0,0.349072128534317,249,199,38,27
271,47.5850554582279,1426,2.0,0.5774146318435669,298,252,44,36
276,47.5850554582279,1426,2.0,0.384397029876709,460,508,79,74
288,47.5850554582279,1426,7.0,0.4232531487941742,985,370,92,59
277,47.5850554582279,1426,2.0,0.4467858076095581,695,257,58,35
314,47.5850554582279,1426,2.0,0.6358299255371094,1546,536,154,67
317,47.5850554582279,1426,2.0,0.23193617165088654,228,191,35,28
318,47.5850554582279,1426,2.0,0.14679017663002014,249,199,36,28
271,47.61842506233605,1427,2.0,0.5446258783340454,298,253,43,35
276,47.61842506233605,1427,2.0,0.5079444050788879,465,516,83,72
288,47.61842506233605,1427,2.0,0.5002458095550537,974,366,90,57
277,47.61842506233605,1427,2.0,0.5641393065452576,690,257,54,33
314,47.61842506233605,1427,2.0,0.7675260305404663,1526,529,150,66
317,47.61842506233605,1427,2.0,0.3093172311782837,226,190,31,27
318,47.61842506233605,1427,2.0,0.12349790334701538,249,199,34,29
271,47.651794666444204,1428,2.0,0.5833454728126526,298,254,42,34
276,47.651794666444204,1428,2.0,0.5868294835090637,468,524,84,72
288,47.651794666444204,1428,7.0,0.39396756887435913,966,364,88,57
277,47.651794666444204,1428,2.0,0.5229226350784302,692,252,64,38
314,47.651794666444204,1428,2.0,0.7166740894317627,1507,521,148,65
317,47.651794666444204,1428,2.0,0.280400812625885,226,188,30,25
318,47.651794666444204,1428,2.0,0.10202512890100479,249,199,35,30
271,47.685164270552356,1429,2.0,0.5822486281394958,298,255,41,33
276,47.685164270552356,1429,2.0,0.40330544114112854,473,531,85,75
288,47.685164270552356,1429,2.0,0.3704072833061218,956,360,88,53
277,47.685164270552356,1429,2.0,0.6151366233825684,689,249,68,40
314,47.685164270552356,1429,2.0,0.7660038471221924,1488,514,138,63
317,47.685164270552356,1429,2.0,0.24038344621658325,226,187,30,23
271,47.718533874660515,1430,2.0,0.48852571845054626,299,256,42,34
276,47.718533874660515,1430,2.0,0.5164375901222229,477,538,86,78
288,47.718533874660515,1430,2.0,0.3666957914829254,946,355,86,50
277,47.718533874660515,1430,2.0,0.6039897799491882,687,247,70,39
314,47.718533874660515,1430,2.0,0.8029970526695251,1469,508,138,61
317,47.718533874660515,1430,2.0,0.25605860352516174,226,186,29,21
271,47.75190347876867,1431,2.0,0.5345500707626343,299,257,41,34
276,47.75190347876867,1431,2.0,0.5603865385055542,481,546,82,80
288,47.75190347876867,1431,2.0,0.44672825932502747,937,352,84,48
277,47.75190347876867,1431,2.0,0.5594412088394165,685,244,67,37
314,47.75190347876867,1431,2.0,0.7046075463294983,1451,503,135,61
317,47.75190347876867,1431,2.0,0.23575761914253235,226,186,28,20
271,47.78527308287682,1432,2.0,0.4697827398777008,300,259,41,34
276,47.78527308287682,1432,2.0,0.6116902828216553,487,554,85,82
288,47.78527308287682,1432,2.0,0.4567573368549347,928,348,82,46
277,47.78527308287682,1432,2.0,0.5999997854232788,678,245,70,38
314,47.78527308287682,1432,2.0,0.7472590804100037,1434,496,132,60
317,47.78527308287682,1432,2.0,0.2733902037143707,226,185,28,20
331,47.78527308287682,1432,13.0,0.4881154000759125,1414,651,1006,602
271,47.81864268698497,1433,2.0,0.5566897988319397,301,261,42,35
276,47.81864268698497,1433,2.0,0.49324652552604675,490,563,87,85
288,47.81864268698497,1433,2.0,0.6408205032348633,919,344,84,50
277,47.81864268698497,1433,2.0,0.6210376024246216,674,244,71,37
314,47.81864268698497,1433,2.0,0.6210659146308899,1418,489,128,58
317,47.81864268698497,1433,2.0,0.31667253375053406,227,185,28,20
331,47.81864268698497,1433,13.0,0.23610413074493408,1414,649,1007,602
334,47.81864268698497,1433,2.0,0.34624117612838745,253,207,31,24
271,47.85201229109313,1434,2.0,0.5191704034805298,301,264,43,37
276,47.85201229109313,1434,2.0,0.48841592669487,495,571,91,88
288,47.85201229109313,1434,2.0,0.7682560682296753,911,341,82,53
277,47.85201229109313,1434,2.0,0.5469905734062195,668,242,68,38
314,47.85201229109313,1434,2.0,0.740358829498291,1399,482,129,59
317,47.85201229109313,1434,2.0,0.37271052598953247,227,185,29,21
331,47.85201229109313,1434,13.0,0.2043544501066208,1416,650,1004,600
334,47.85201229109313,1434,2.0,0.22382408380508423,254,208,28,23
271,47.885381895201284,1435,2.0,0.4208992123603821,303,266,42,37
276,47.885381895201284,1435,2.0,0.5241156816482544,500,580,91,89
288,47.885381895201284,1435,2.0,0.6738380193710327,903,339,83,52
277,47.885381895201284,1435,2.0,0.5834168791770935,666,241,69,37
314,47.885381895201284,1435,2.0,0.7754663228988647,1383,477,126,57
317,47.885381895201284,1435,2.0,0.2919703423976898,228,186,29,21
331,47.885381895201284,1435,13.0,0.2915226221084595,1415,647,1007,604
334,47.885381895201284,1435,2.0,0.2186221331357956,255,208,28,23
271,47.91875149930944,1436,2.0,0.287890762090683,304,266,44,38
276,47.91875149930944,1436,2.0,0.4966658055782318,507,590,95,92
288,47.91875149930944,1436,2.0,0.606792688369751,894,336,80,51
277,47.91875149930944,1436,2.0,0.41570451855659485,662,240,71,37
314,47.91875149930944,1436,2.0,0.7849860191345215,1368,472,122,58
317,47.91875149930944,1436,2.0,0.2053312212228775,229,186,29,22
331,47.91875149930944,1436,13.0,0.2544427514076233,1412,643,1012,607
334,47.91875149930944,1436,2.0,0.23651452362537384,256,209,30,24
271,47.95212110341759,1437,2.0,0.42279526591300964,305,269,46,39
276,47.95212110341759,1437,2.0,0.5125453472137451,513,600,97,94
288,47.95212110341759,1437,2.0,0.6918300986289978,886,334,78,48
277,47.95212110341759,1437,2.0,0.4222007989883423,660,239,72,36
314,47.95212110341759,1437,2.0,0.8131852746009827,1351,466,120,56
317,47.95212110341759,1437,2.0,0.20003831386566162,230,186,30,22
331,47.95212110341759,1437,13.0,0.25517380237579346,1406,636,1025,615
334,47.95212110341759,1437,2.0,0.28630563616752625,258,209,36,24
271,47.98549070752575,1438,2.0,0.3477109670639038,306,270,45,40
276,47.98549070752575,1438,2.0,0.5446599721908569,520,610,101,97
288,47.98549070752575,1438,2.0,0.5199509859085083,881,330,72,46
277,47.98549070752575,1438,2.0,0.45227935910224915,656,237,75,33
314,47.98549070752575,1438,2.0,0.8529497385025024,1338,460,116,56
317,47.98549070752575,1438,2.0,0.16684556007385254,230,185,30,23
331,47.98549070752575,1438,13.0,0.18144062161445618,1402,631,1032,618
334,47.98549070752575,1438,2.0,0.31403473019599915,259,209,38,24
271,48.0188603116339,1439,2.0,0.3718792498111725,309,272,48,38
276,48.0188603116339,1439,2.0,0.5139864683151245,527,620,104,100
288,48.0188603116339,1439,2.0,0.510337769985199,872,326,74,46
277,48.0188603116339,1439,2.0,0.5270417332649231,653,235,76,34
314,48.0188603116339,1439,2.0,0.8190873861312866,1322,455,120,54
317,48.0188603116339,1439,2.0,0.13875122368335724,230,186,30,23
331,48.0188603116339,1439,13.0,0.2124515175819397,1399,629,1039,620
334,48.0188603116339,1439,2.0,0.29155433177948,260,209,37,25
336,48.0188603116339,1439,2.0,0.6898451447486877,1875,657,86,65
271,48.05222991574205,1440,2.0,0.45427757501602173,311,273,47,39
276,48.05222991574205,1440,2.0,0.42861732840538025,534,631,103,101
288,48.05222991574205,1440,2.0,0.691125750541687,865,323,73,46
277,48.05222991574205,1440,2.0,0.4530605375766754,651,234,75,34
314,48.05222991574205,1440,2.0,0.7838395237922668,1309,450,113,53
317,48.05222991574205,1440,2.0,0.16283662617206573,231,187,29,23
331,48.05222991574205,1440,13.0,0.24896474182605743,1400,630,1036,617
334,48.05222991574205,1440,2.0,0.11837504804134369,263,211,39,24
336,48.05222991574205,1440,2.0,0.8227169513702393,1864,655,108,77
271,48.085599519850206,1441,2.0,0.4113002419471741,312,275,46,38
276,48.085599519850206,1441,2.0,0.6274718046188354,539,641,107,109
288,48.085599519850206,1441,2.0,0.6712819933891296,858,320,73,48
277,48.085599519850206,1441,2.0,0.350555956363678,646,233,77,32
314,48.085599519850206,1441,2.0,0.7733789086341858,1295,445,109,54
317,48.085599519850206,1441,2.0,0.18117773532867432,231,187,28,23
334,48.085599519850206,1441,2.0,0.33586758375167847,261,211,33,23
336,48.085599519850206,1441,2.0,0.7649779915809631,1851,648,136,89
271,48.118969123958365,1442,2.0,0.3780834376811981,313,277,47,36
276,48.118969123958365,1442,2.0,0.643677830696106,548,654,112,111
288,48.118969123958365,1442,2.0,0.7080038189888,851,319,72,47
277,48.118969123958365,1442,2.0,0.4118894040584564,634,233,64,31
314,48.118969123958365,1442,2.0,0.8112349510192871,1282,440,107,53
317,48.118969123958365,1442,2.0,0.18013060092926025,231,187,27,22
334,48.118969123958365,1442,2.0,0.40934208035469055,261,211,32,24
336,48.118969123958365,1442,2.0,0.8288256525993347,1837,640,164,92
271,48.15233872806652,1443,2.0,0.40772783756256104,313,277,46,39
276,48.15233872806652,1443,2.0,0.6577705144882202,554,667,116,112
288,48.15233872806652,1443,2.0,0.64938884973526,843,316,72,47
277,48.15233872806652,1443,2.0,0.5876129269599915,628,232,60,32
314,48.15233872806652,1443,2.0,0.8271217346191406,1268,436,106,54
317,48.15233872806652,1443,2.0,0.1494729220867157,232,187,26,22
334,48.15233872806652,1443,2.0,0.347883403301239,261,211,31,24
336,48.15233872806652,1443,2.0,0.8840118646621704,1823,630,190,95
271,48.18570833217467,1444,2.0,0.5059027075767517,314,278,45,38
276,48.18570833217467,1444,2.0,0.6227268576622009,561,680,117,114
288,48.18570833217467,1444,2.0,0.6893053650856018,836,313,70,43
277,48.18570833217467,1444,2.0,0.4784824550151825,625,231,59,31
314,48.18570833217467,1444,2.0,0.8247126936912537,1255,431,104,51
317,48.18570833217467,1444,2.0,0.10814755409955978,231,187,26,22
334,48.18570833217467,1444,2.0,0.31308290362358093,261,211,30,24
336,48.18570833217467,1444,2.0,0.8432043790817261,1801,620,198,92
339,48.18570833217467,1444,2.0,0.37182754278182983,636,229,76,33
271,48.21907793628282,1445,2.0,0.5757801532745361,314,281,45,37
276,48.21907793628282,1445,2.0,0.5192584991455078,569,693,120,119
288,48.21907793628282,1445,2.0,0.759614109992981,830,310,68,40
314,48.21907793628282,1445,2.0,0.7624024748802185,1242,427,106,49
334,48.21907793628282,1445,2.0,0.3296424448490143,262,212,30,25
336,48.21907793628282,1445,2.0,0.8712447285652161,1775,609,197,91
339,48.21907793628282,1445,2.0,0.3679664433002472,632,229,73,32
341,48.21907793628282,1445,2.0,0.3666895925998688,317,216,32,26
271,48.25244754039098,1446,2.0,0.5386044979095459,317,283,49,40
276,48.25244754039098,1446,2.0,0.5781235098838806,578,706,123,123
288,48.25244754039098,1446,2.0,0.4476986825466156,823,308,68,39
314,48.25244754039098,1446,2.0,0.7949086427688599,1230,423,100,49
334,48.25244754039098,1446,2.0,0.30260154604911804,264,213,31,25
336,48.25244754039098,1446,2.0,0.8091937899589539,1749,599,192,87
339,48.25244754039098,1446,2.0,0.32728248834609985,627,228,69,32
341,48.25244754039098,1446,2.0,0.36603230237960815,318,217,32,26
271,48.285817144499134,1447,2.0,0.6509198546409607,319,285,53,41
276,48.285817144499134,1447,2.0,0.7006438374519348,585,721,123,125
288,48.285817144499134,1447,2.0,0.5078015923500061,815,306,67,39
314,48.285817144499134,1447,2.0,0.8025200366973877,1216,418,101,48
334,48.285817144499134,1447,2.0,0.3760489821434021,264,214,31,25
336,48.285817144499134,1447,2.0,0.8540021777153015,1723,591,185,87
339,48.285817144499134,1447,2.0,0.14399291574954987,625,227,72,33
341,48.285817144499134,1447,2.0,0.43571606278419495,318,218,32,25
271,48.31918674860729,1448,2.0,0.630717396736145,321,287,55,44
276,48.31918674860729,1448,2.0,0.776833176612854,595,736,126,131
288,48.31918674860729,1448,2.0,0.5347856879234314,811,304,62,38
314,48.31918674860729,1448,2.0,0.7024291753768921,1204,414,102,49
334,48.31918674860729,1448,2.0,0.39669269323349,265,216,31,25
336,48.31918674860729,1448,2.0,0.8567780256271362,1698,582,179,85
339,48.31918674860729,1448,2.0,0.31156203150749207,625,225,66,32
341,48.31918674860729,1448,2.0,0.4401061534881592,319,219,32,26
271,48.35255635271544,1449,2.0,0.5574305653572083,323,289,54,45
276,48.35255635271544,1449,2.0,0.7673919200897217,605,752,133,137
288,48.35255635271544,1449,2.0,0.5795612335205078,802,301,64,40
314,48.35255635271544,1449,2.0,0.7873517274856567,1193,410,102,48
334,48.35255635271544,1449,2.0,0.4196361005306244,266,217,31,26
336,48.35255635271544,1449,2.0,0.8382591605186462,1673,574,175,82
339,48.35255635271544,1449,2.0,0.3096620738506317,620,225,71,32
341,48.35255635271544,1449,2.0,0.4251334071159363,321,221,33,26
271,48.3859259568236,1450,2.0,0.542890727519989,325,291,54,46
276,48.3859259568236,1450,2.0,0.7015513181686401,614,769,136,142
288,48.3859259568236,1450,2.0,0.6337317228317261,796,299,65,43
314,48.3859259568236,1450,2.0,0.801920473575592,1182,406,98,46
334,48.3859259568236,1450,2.0,0.43289437890052795,267,219,31,29
336,48.3859259568236,1450,2.0,0.8566805124282837,1650,567,169,81
339,48.3859259568236,1450,2.0,0.43731889128685,628,222,52,28
341,48.3859259568236,1450,2.0,0.41835227608680725,323,222,36,26
271,48.41929556093175,1451,2.0,0.47694626450538635,327,292,56,46
276,48.41929556093175,1451,2.0,0.5520398020744324,626,784,141,147
288,48.41929556093175,1451,2.0,0.5992950797080994,791,296,65,44
314,48.41929556093175,1451,2.0,0.6934524774551392,1171,403,94,44
334,48.41929556093175,1451,2.0,0.37783095240592957,267,220,30,29
336,48.41929556093175,1451,2.0,0.8532527089118958,1627,558,164,77
339,48.41929556093175,1451,2.0,0.4149995446205139,626,221,48,26
341,48.41929556093175,1451,2.0,0.3370368778705597,324,224,36,25
277,48.41929556093175,1451,2.0,0.3839285969734192,606,223,60,28
271,48.4526651650399,1452,2.0,0.56659334897995,328,295,56,44
276,48.4526651650399,1452,2.0,0.7253972291946411,636,801,144,153
288,48.4526651650399,1452,2.0,0.6558917760848999,786,294,66,43
314,48.4526651650399,1452,2.0,0.6834659576416016,1160,398,90,44
334,48.4526651650399,1452,2.0,0.3656453490257263,268,222,33,29
336,48.4526651650399,1452,2.0,0.7971559762954712,1605,550,159,74
339,48.4526651650399,1452,2.0,0.4199208617210388,628,219,39,23
341,48.4526651650399,1452,2.0,0.2228066474199295,326,225,37,25
277,48.4526651650399,1452,2.0,0.3704500198364258,597,223,48,26
271,48.486034769148056,1453,2.0,0.7268332839012146,328,297,54,44
276,48.486034769148056,1453,2.0,0.614918053150177,646,821,145,159
288,48.486034769148056,1453,2.0,0.8009347915649414,779,291,63,43
314,48.486034769148056,1453,2.0,0.78464275598526,1149,393,88,45
334,48.486034769148056,1453,2.0,0.37580129504203796,269,222,34,29
336,48.486034769148056,1453,2.0,0.8819401264190674,1584,543,153,75
339,48.486034769148056,1453,2.0,0.4095466136932373,627,217,33,21
341,48.486034769148056,1453,2.0,0.2462567389011383,327,226,38,27
277,48.486034769148056,1453,2.0,0.5026082992553711,592,222,42,27
271,48.519404373256215,1454,2.0,0.6451219320297241,328,299,53,44
276,48.519404373256215,1454,2.0,0.6886579990386963,659,841,149,166
288,48.519404373256215,1454,2.0,0.6808189153671265,773,290,62,42
314,48.519404373256215,1454,2.0,0.6977203488349915,1139,390,91,45
334,48.519404373256215,1454,2.0,0.4191138744354248,270,223,34,28
336,48.519404373256215,1454,2.0,0.7761735916137695,1566,534,148,74
339,48.519404373256215,1454,2.0,0.2990950047969818,624,216,31,22
341,48.519404373256215,1454,2.0,0.1481645107269287,329,227,37,29
277,48.519404373256215,1454,2.0,0.502173662185669,591,221,45,27
271,48.55277397736437,1455,2.0,0.6693612337112427,330,301,54,43
276,48.55277397736437,1455,2.0,0.7579602599143982,671,860,158,174
288,48.55277397736437,1455,2.0,0.49513378739356995,766,289,63,41
314,48.55277397736437,1455,2.0,0.8023524880409241,1129,387,89,46
334,48.55277397736437,1455,2.0,0.3634496331214905,271,224,34,28
336,48.55277397736437,1455,2.0,0.8009419441223145,1545,527,142,71
339,48.55277397736437,1455,2.0,0.1474675089120865,623,215,29,23
341,48.55277397736437,1455,2.0,0.14565864205360413,330,228,37,28
277,48.55277397736437,1455,2.0,0.45723894238471985,588,219,45,26
271,48.58614358147252,1456,2.0,0.7301549911499023,331,303,53,44
276,48.58614358147252,1456,2.0,0.6321158409118652,685,881,161,179
288,48.58614358147252,1456,2.0,0.6710143089294434,762,287,62,39
314,48.58614358147252,1456,2.0,0.7578599452972412,1119,384,88,46
334,48.58614358147252,1456,2.0,0.3057080805301666,271,225,34,28
336,48.58614358147252,1456,2.0,0.7921344041824341,1525,522,142,70
339,48.58614358147252,1456,2.0,0.3848482370376587,618,214,30,25
341,48.58614358147252,1456,2.0,0.19587722420692444,331,229,37,28
277,48.58614358147252,1456,2.0,0.5037052035331726,583,217,44,27
271,48.61951318558068,1457,2.0,0.7790474891662598,332,305,56,44
276,48.61951318558068,1457,2.0,0.4692297577857971,698,911,167,198
288,48.61951318558068,1457,2.0,0.5074984431266785,757,285,61,38
314,48.61951318558068,1457,2.0,0.7167319655418396,1110,381,83,45
334,48.61951318558068,1457,2.0,0.25073251128196716,271,225,34,28
336,48.61951318558068,1457,2.0,0.827248215675354,1507,515,139,69
339,48.61951318558068,1457,2.0,0.35317957401275635,614,214,32,26
341,48.61951318558068,1457,2.0,0.22636517882347107,332,230,38,28
277,48.61951318558068,1457,2.0,0.5615848898887634,578,215,43,29
271,48.65288278968883,1458,2.0,0.8191549777984619,333,307,55,45
276,48.65288278968883,1458,2.0,0.6706560850143433,710,932,166,202
288,48.65288278968883,1458,2.0,0.5148672461509705,752,282,60,36
314,48.65288278968883,1458,2.0,0.7774258255958557,1100,377,82,45
334,48.65288278968883,1458,2.0,0.1964852511882782,271,226,33,29
336,48.65288278968883,1458,2.0,0.8786460757255554,1489,508,135,67
339,48.65288278968883,1458,2.0,0.3374917805194855,610,213,35,25
341,48.65288278968883,1458,2.0,0.22318421304225922,332,231,37,29
277,48.65288278968883,1458,2.0,0.5882611870765686,575,214,46,28
271,48.686252393796984,1459,2.0,0.7117489576339722,334,309,54,46
276,48.686252393796984,1459,7.0,0.3742141127586365,743,956,209,209
288,48.686252393796984,1459,2.0,0.3601606488227844,746,278,59,39
314,48.686252393796984,1459,2.0,0.7755082249641418,1091,373,84,42
334,48.686252393796984,1459,2.0,0.3077743649482727,272,228,34,28
336,48.686252393796984,1459,2.0,0.8241056799888611,1470,503,131,67
339,48.686252393796984,1459,2.0,0.26420480012893677,608,213,36,24
341,48.686252393796984,1459,2.0,0.18386292457580566,336,233,33,26
277,48.686252393796984,1459,2.0,0.5696885585784912,572,213,46,28
271,48.719621997905136,1460,2.0,0.6308677196502686,336,311,54,48
276,48.719621997905136,1460,7.0,0.3074822723865509,763,976,224,206
288,48.719621997905136,1460,2.0,0.3396746516227722,741,277,58,38
314,48.719621997905136,1460,2.0,0.7407708764076233,1081,371,83,43
334,48.719621997905136,1460,2.0,0.2802866995334625,274,229,34,28
336,48.719621997905136,1460,2.0,0.8392974138259888,1454,497,128,66
339,48.719621997905136,1460,2.0,0.35765933990478516,606,212,36,23
341,48.719621997905136,1460,2.0,0.3251931667327881,337,234,32,27
277,48.719621997905136,1460,2.0,0.5009598731994629,569,212,47,26
271,48.752991602013296,1461,2.0,0.639196515083313,339,314,54,50
276,48.752991602013296,1461,7.0,0.20013736188411713,767,989,211,181
288,48.752991602013296,1461,2.0,0.5883222222328186,735,275,58,38
314,48.752991602013296,1461,2.0,0.7129173874855042,1072,368,83,42
334,48.752991602013296,1461,2.0,0.3083818256855011,274,230,33,28
336,48.752991602013296,1461,2.0,0.7634403705596924,1439,490,124,66
339,48.752991602013296,1461,2.0,0.2850869297981262,605,212,32,23
341,48.752991602013296,1461,2.0,0.3345705270767212,338,235,32,27
277,48.752991602013296,1461,2.0,0.5336746573448181,567,212,45,27
271,48.78636120612145,1462,2.0,0.7351697683334351,341,317,58,49
288,48.78636120612145,1462,2.0,0.5587518811225891,730,273,59,39
314,48.78636120612145,1462,2.0,0.719662070274353,1062,365,81,42
334,48.78636120612145,1462,2.0,0.3776520788669586,275,230,33,27
336,48.78636120612145,1462,2.0,0.7380693554878235,1421,484,125,63
339,48.78636120612145,1462,2.0,0.31604552268981934,604,211,30,22
341,48.78636120612145,1462,2.0,0.40357670187950134,339,236,34,27
277,48.78636120612145,1462,2.0,0.5765091180801392,564,212,43,27
271,48.8197308102296,1463,2.0,0.7953131794929504,342,319,58,50
288,48.8197308102296,1463,2.0,0.6383944153785706,725,270,58,39
314,48.8197308102296,1463,2.0,0.6800572276115417,1054,361,78,43
334,48.8197308102296,1463,2.0,0.4255877137184143,276,231,33,27
336,48.8197308102296,1463,2.0,0.7857275009155273,1406,478,120,63
339,48.8197308102296,1463,2.0,0.16106943786144257,602,211,30,22
341,48.8197308102296,1463,2.0,0.44528526067733765,340,236,33,27
277,48.8197308102296,1463,2.0,0.4740954041481018,561,211,43,27
271,48.85310041433775,1464,2.0,0.7746173739433289,344,320,59,51
288,48.85310041433775,1464,2.0,0.5554947853088379,720,269,58,37
314,48.85310041433775,1464,2.0,0.6820529699325562,1046,361,81,45
334,48.85310041433775,1464,2.0,0.4129915237426758,276,231,32,28
336,48.85310041433775,1464,2.0,0.8614774942398071,1391,473,120,63
341,48.85310041433775,1464,2.0,0.35456421971321106,340,237,31,26
277,48.85310041433775,1464,2.0,0.4526077210903168,558,211,41,26
271,48.88647001844591,1465,2.0,0.694880485534668,346,324,62,52
288,48.88647001844591,1465,2.0,0.4857099950313568,715,267,56,37
314,48.88647001844591,1465,2.0,0.5960596203804016,1036,356,78,45
334,48.88647001844591,1465,2.0,0.4845055937767029,277,232,32,28
336,48.88647001844591,1465,2.0,0.766081690788269,1376,468,116,62
341,48.88647001844591,1465,2.0,0.38826096057891846,341,237,30,27
277,48.88647001844591,1465,2.0,0.42596665024757385,556,211,38,26
271,48.919839622554065,1466,2.0,0.6997553706169128,349,326,65,54
288,48.919839622554065,1466,2.0,0.5157511830329895,711,266,56,36
314,48.919839622554065,1466,2.0,0.7081518769264221,1028,352,75,38
334,48.919839622554065,1466,2.0,0.37293508648872375,277,233,31,29
336,48.919839622554065,1466,2.0,0.7628354430198669,1362,463,114,61
341,48.919839622554065,1466,2.0,0.39499446749687195,342,238,30,28
277,48.919839622554065,1466,2.0,0.3307531774044037,553,210,39,24
348,48.919839622554065,1466,2.0,0.3573204576969147,247,204,38,29
271,48.95320922666222,1467,2.0,0.6776800751686096,351,329,68,56
288,48.95320922666222,1467,2.0,0.5637091398239136,706,264,54,36
314,48.95320922666222,1467,2.0,0.6453949809074402,1020,349,73,38
334,48.95320922666222,1467,2.0,0.37006887793540955,278,234,30,29
336,48.95320922666222,1467,2.0,0.8110368251800537,1347,458,114,61
341,48.95320922666222,1467,2.0,0.5402533411979675,342,239,30,30
277,48.95320922666222,1467,2.0,0.3150483965873718,551,208,40,25
348,48.95320922666222,1467,2.0,0.4123212397098541,248,204,39,28
271,48.98657883077037,1468,2.0,0.6513321399688721,353,332,70,59
288,48.98657883077037,1468,2.0,0.5172560811042786,700,262,54,34
314,48.98657883077037,1468,2.0,0.5666235685348511,1013,346,72,38
334,48.98657883077037,1468,2.0,0.36070454120635986,278,234,30,29
336,48.98657883077037,1468,2.0,0.7661677002906799,1334,454,110,60
341,48.98657883077037,1468,2.0,0.4882965087890625,345,241,31,29
277,48.98657883077037,1468,2.0,0.18283610045909882,547,207,37,25
348,48.98657883077037,1468,2.0,0.3839879631996155,248,205,37,27
271,49.01994843487853,1469,2.0,0.576518177986145,357,334,70,59
288,49.01994843487853,1469,2.0,0.5297302603721619,697,261,54,33
314,49.01994843487853,1469,2.0,0.6928606033325195,1005,343,71,39
334,49.01994843487853,1469,2.0,0.4579135477542877,279,235,31,30
336,49.01994843487853,1469,2.0,0.77786785364151,1320,449,108,60
341,49.01994843487853,1469,2.0,0.4406887888908386,346,244,31,29
277,49.01994843487853,1469,2.0,0.17463326454162598,543,206,35,26
348,49.01994843487853,1469,2.0,0.5663834810256958,249,206,34,26
271,49.05331803898668,1470,2.0,0.6051076054573059,360,337,69,58
288,49.05331803898668,1470,2.0,0.4874400794506073,692,259,53,32
314,49.05331803898668,1470,2.0,0.6140934228897095,998,340,71,39
334,49.05331803898668,1470,2.0,0.4169480502605438,280,236,30,29
336,49.05331803898668,1470,2.0,0.7527365684509277,1307,444,103,59
341,49.05331803898668,1470,2.0,0.6217809319496155,349,247,36,28
277,49.05331803898668,1470,2.0,0.2550400495529175,541,205,35,27
348,49.05331803898668,1470,2.0,0.6686668992042542,249,206,33,26
271,49.086687643094834,1471,2.0,0.5951207876205444,360,339,69,59
288,49.086687643094834,1471,2.0,0.3246147632598877,688,257,52,34
314,49.086687643094834,1471,2.0,0.672360897064209,990,338,73,41
334,49.086687643094834,1471,2.0,0.36306336522102356,282,236,29,29
336,49.086687643094834,1471,2.0,0.6741257309913635,1294,438,104,59
341,49.086687643094834,1471,2.0,0.4922851622104645,352,248,38,27
277,49.086687643094834,1471,2.0,0.20171061158180237,540,204,39,30
348,49.086687643094834,1471,2.0,0.6904669404029846,250,206,33,26
271,49.120057247202986,1472,2.0,0.6838952898979187,361,341,68,59
288,49.120057247202986,1472,2.0,0.4637228846549988,685,255,49,34
314,49.120057247202986,1472,2.0,0.5745106339454651,982,335,71,40
334,49.120057247202986,1472,2.0,0.2967416048049927,283,237,29,29
336,49.120057247202986,1472,2.0,0.7917022109031677,1282,433,103,58
341,49.120057247202986,1472,2.0,0.44039735198020935,353,249,37,27
277,49.120057247202986,1472,2.0,0.10445068776607513,536,203,36,29
348,49.120057247202986,1472,2.0,0.5900778770446777,250,206,32,26
271,49.153426851311146,1473,2.0,0.6128225326538086,362,344,67,58
288,49.153426851311146,1473,2.0,0.2701331675052643,681,253,48,33
314,49.153426851311146,1473,2.0,0.7009453773498535,974,333,70,36
334,49.153426851311146,1473,2.0,0.31849923729896545,284,239,29,29
336,49.153426851311146,1473,2.0,0.6814063787460327,1269,430,99,57
341,49.153426851311146,1473,2.0,0.2782711684703827,354,250,38,28
277,49.153426851311146,1473,2.0,0.18890294432640076,536,202,36,28
348,49.153426851311146,1473,2.0,0.5795549154281616,251,207,33,26
271,49.1867964554193,1474,2.0,0.6992943286895752,363,347,67,59
288,49.1867964554193,1474,2.0,0.3612549602985382,676,251,51,37
314,49.1867964554193,1474,2.0,0.7740108966827393,966,329,70,37
334,49.1867964554193,1474,2.0,0.2784976065158844,285,241,30,31
336,49.1867964554193,1474,2.0,0.7811922430992126,1257,425,98,57
341,49.1867964554193,1474,2.0,0.2821778655052185,355,252,38,27
277,49.1867964554193,1474,2.0,0.2401774823665619,534,201,37,28
348,49.1867964554193,1474,2.0,0.6377374529838562,252,207,35,25
271,49.22016605952745,1475,2.0,0.6799070239067078,365,351,65,58
288,49.22016605952745,1475,2.0,0.502753496170044,672,249,53,37
314,49.22016605952745,1475,2.0,0.7968475818634033,960,325,69,38
336,49.22016605952745,1475,2.0,0.7146754860877991,1244,422,97,56
341,49.22016605952745,1475,2.0,0.3227890133857727,356,253,37,27
277,49.22016605952745,1475,2.0,0.24958370625972748,535,200,44,28
348,49.22016605952745,1475,2.0,0.6292657256126404,252,207,36,25
271,49.2535356636356,1476,2.0,0.590695321559906,366,353,62,61
288,49.2535356636356,1476,2.0,0.5961992144584656,668,248,52,36
314,49.2535356636356,1476,2.0,0.6554762721061707,954,323,67,38
336,49.2535356636356,1476,2.0,0.5958329439163208,1232,417,97,54
341,49.2535356636356,1476,2.0,0.39554545283317566,358,254,41,28
277,49.2535356636356,1476,2.0,0.15826429426670074,539,199,58,28
348,49.2535356636356,1476,2.0,0.6050258278846741,252,207,36,24
352,49.2535356636356,1476,2.0,0.6506036520004272,1854,750,130,107
334,49.2535356636356,1476,2.0,0.33394894003868103,289,244,36,33
271,49.28690526774376,1477,2.0,0.5012779235839844,367,357,62,61
288,49.28690526774376,1477,2.0,0.4651682674884796,664,246,52,37
314,49.28690526774376,1477,2.0,0.5681769251823425,946,322,67,38
336,49.28690526774376,1477,2.0,0.5986942648887634,1220,414,93,52
341,49.28690526774376,1477,2.0,0.4338715970516205,359,255,40,28
277,49.28690526774376,1477,2.0,0.13814139366149902,539,199,62,26
348,49.28690526774376,1477,2.0,0.5338861346244812,252,207,35,25
352,49.28690526774376,1477,2.0,0.8236143589019775,1838,740,162,115
334,49.28690526774376,1477,2.0,0.21557483077049255,290,246,36,33
271,49.320274871851915,1478,2.0,0.6706002950668335,369,360,63,61
288,49.320274871851915,1478,2.0,0.4767288267612457,660,245,49,36
314,49.320274871851915,1478,2.0,0.6005327105522156,939,321,65,36
336,49.320274871851915,1478,2.0,0.7212814092636108,1209,410,94,52
341,49.320274871851915,1478,2.0,0.5882556438446045,361,257,39,28
277,49.320274871851915,1478,2.0,0.1318611055612564,535,199,60,25
348,49.320274871851915,1478,2.0,0.5803239345550537,253,208,35,24
352,49.320274871851915,1478,2.0,0.8372702598571777,1817,723,204,114
334,49.320274871851915,1478,2.0,0.22376376390457153,293,248,37,32
271,49.35364447596007,1479,2.0,0.5855013728141785,371,362,62,63
288,49.35364447596007,1479,2.0,0.4453757107257843,656,243,47,34
314,49.35364447596007,1479,2.0,0.6263835430145264,934,318,64,35
336,49.35364447596007,1479,2.0,0.6676110625267029,1198,406,93,53
341,49.35364447596007,1479,2.0,0.7144595980644226,362,257,38,29
277,49.35364447596007,1479,2.0,0.4595358371734619,527,198,49,24
348,49.35364447596007,1479,2.0,0.5599210858345032,253,208,36,24
352,49.35364447596007,1479,2.0,0.8469660878181458,1787,704,222,113
334,49.35364447596007,1479,2.0,0.21598763763904572,293,249,38,32
271,49.38701408006822,1480,2.0,0.6098700165748596,372,364,63,62
288,49.38701408006822,1480,2.0,0.49425268173217773,652,241,47,35
314,49.38701408006822,1480,2.0,0.6796897053718567,927,316,63,34
336,49.38701408006822,1480,2.0,0.6424892544746399,1188,401,90,54
341,49.38701408006822,1480,2.0,0.5977097153663635,363,258,36,29
277,49.38701408006822,1480,2.0,0.3062305450439453,524,197,46,24
348,49.38701408006822,1480,2.0,0.5771229863166809,254,209,36,25
352,49.38701408006822,1480,2.0,0.8670177459716797,1750,687,221,109
334,49.38701408006822,1480,2.0,0.2699013948440552,295,250,40,31
271,49.42038368417638,1481,2.0,0.575623631477356,375,369,68,65
288,49.42038368417638,1481,2.0,0.48827433586120605,648,239,47,35
314,49.42038368417638,1481,2.0,0.6599861979484558,918,314,64,36
336,49.42038368417638,1481,2.0,0.48271724581718445,1179,398,86,51
341,49.42038368417638,1481,2.0,0.7326003909111023,365,259,37,30
348,49.42038368417638,1481,2.0,0.43953657150268555,255,209,36,25
352,49.42038368417638,1481,2.0,0.7608140110969543,1709,670,215,101
334,49.42038368417638,1481,2.0,0.3253970444202423,295,251,40,32
271,49.45375328828453,1482,2.0,0.6213800311088562,376,372,67,65
288,49.45375328828453,1482,2.0,0.3338643014431,645,238,45,34
314,49.45375328828453,1482,2.0,0.615236222743988,911,311,62,35
336,49.45375328828453,1482,2.0,0.6553181409835815,1167,392,86,54
341,49.45375328828453,1482,2.0,0.556284487247467,365,261,35,30
348,49.45375328828453,1482,2.0,0.44505512714385986,256,209,36,25
352,49.45375328828453,1482,2.0,0.8279866576194763,1670,656,205,103
334,49.45375328828453,1482,2.0,0.37685757875442505,296,252,39,32
271,49.487122892392684,1483,2.0,0.5952524542808533,380,376,68,65
288,49.487122892392684,1483,2.0,0.4704422354698181,642,237,48,32
314,49.487122892392684,1483,2.0,0.6235141158103943,905,309,62,35
336,49.487122892392684,1483,2.0,0.7200155854225159,1157,387,85,56
341,49.487122892392684,1483,2.0,0.6557161211967468,366,263,37,30
348,49.487122892392684,1483,2.0,0.5443598031997681,256,210,36,26
352,49.487122892392684,1483,2.0,0.8418682813644409,1634,641,197,97
334,49.487122892392684,1483,2.0,0.4263721704483032,296,253,38,32
277,49.487122892392684,1483,2.0,0.4247658848762512,512,196,33,20
271,49.520492496500836,1484,2.0,0.5472008585929871,384,380,72,64
288,49.520492496500836,1484,2.0,0.3952980935573578,637,236,46,31
314,49.520492496500836,1484,2.0,0.6661590337753296,899,307,61,33
336,49.520492496500836,1484,2.0,0.6596923470497131,1148,384,87,53
341,49.520492496500836,1484,2.0,0.5805201530456543,368,265,37,33
348,49.520492496500836,1484,2.0,0.49220383167266846,257,210,35,26
352,49.520492496500836,1484,2.0,0.7116536498069763,1597,627,189,94
334,49.520492496500836,1484,2.0,0.41653403639793396,296,254,35,32
277,49.520492496500836,1484,2.0,0.45027250051498413,509,194,32,19
271,49.553862100608995,1485,2.0,0.5963239073753357,388,383,76,67
288,49.553862100608995,1485,2.0,0.46431776881217957,634,235,46,29
314,49.553862100608995,1485,2.0,0.6459951996803284,894,305,62,32
336,49.553862100608995,1485,2.0,0.6671525239944458,1139,383,86,51
341,49.553862100608995,1485,2.0,0.708788275718689,370,267,39,35
348,49.553862100608995,1485,2.0,0.48690828680992126,257,212,35,26
352,49.553862100608995,1485,2.0,0.843943178653717,1566,615,183,90
334,49.553862100608995,1485,2.0,0.5115736126899719,296,255,35,32
277,49.553862100608995,1485,2.0,0.45314085483551025,507,193,33,20
271,49.58723170471715,1486,2.0,0.580508828163147,393,387,82,67
288,49.58723170471715,1486,2.0,0.4774792194366455,630,235,45,29
314,49.58723170471715,1486,2.0,0.5691615343093872,888,303,62,33
336,49.58723170471715,1486,2.0,0.7126324772834778,1128,381,83,49
341,49.58723170471715,1486,2.0,0.579832136631012,373,268,40,34
348,49.58723170471715,1486,2.0,0.5474876761436462,257,213,36,27
352,49.58723170471715,1486,2.0,0.8490162491798401,1534,602,174,89
334,49.58723170471715,1486,2.0,0.4928765594959259,296,256,35,31
277,49.58723170471715,1486,2.0,0.36258894205093384,506,193,32,21
271,49.6206013088253,1487,2.0,0.5528436303138733,396,392,84,68
288,49.6206013088253,1487,2.0,0.39665913581848145,627,234,45,27
314,49.6206013088253,1487,2.0,0.6485737562179565,882,301,63,35
336,49.6206013088253,1487,2.0,0.732625424861908,1119,379,82,49
341,49.6206013088253,1487,2.0,0.5711049437522888,374,269,41,35
348,49.6206013088253,1487,2.0,0.5285422205924988,258,216,37,29
352,49.6206013088253,1487,2.0,0.7409219741821289,1504,591,167,87
334,49.6206013088253,1487,2.0,0.49172452092170715,297,257,35,32
277,49.6206013088253,1487,2.0,0.39709949493408203,506,192,33,20
271,49.65397091293346,1488,2.0,0.6164700984954834,397,397,82,67
288,49.65397091293346,1488,2.0,0.4588206112384796,622,231,46,30
314,49.65397091293346,1488,2.0,0.5902935862541199,877,298,62,36
336,49.65397091293346,1488,2.0,0.703490138053894,1110,375,82,49
341,49.65397091293346,1488,2.0,0.4418611228466034,376,271,41,35
348,49.65397091293346,1488,2.0,0.4402023255825043,259,217,35,30
352,49.65397091293346,1488,2.0,0.729442298412323,1478,578,165,84
334,49.65397091293346,1488,2.0,0.4808422327041626,298,258,35,32
277,49.65397091293346,1488,2.0,0.31382521986961365,504,192,35,20
271,49.68734051704161,1489,2.0,0.5845759510993958,395,400,74,69
288,49.68734051704161,1489,2.0,0.32670408487319946,619,230,45,31
314,49.68734051704161,1489,2.0,0.5464930534362793,870,297,60,35
336,49.68734051704161,1489,2.0,0.7203801870346069,1102,373,78,46
341,49.68734051704161,1489,2.0,0.31158867478370667,378,273,41,36
348,49.68734051704161,1489,2.0,0.3260670602321625,259,218,34,30
352,49.68734051704161,1489,2.0,0.8381956219673157,1449,568,160,82
334,49.68734051704161,1489,2.0,0.43773218989372253,298,259,36,32
277,49.68734051704161,1489,2.0,0.24582278728485107,500,191,32,20
271,49.720710121149764,1490,2.0,0.5609461069107056,397,403,76,72
288,49.720710121149764,1490,2.0,0.3855946958065033,616,229,45,31
314,49.720710121149764,1490,2.0,0.42678767442703247,865,295,60,33
336,49.720710121149764,1490,2.0,0.7029109597206116,1093,369,78,47
341,49.720710121149764,1490,2.0,0.2861139178276062,380,276,40,32
348,49.720710121149764,1490,2.0,0.31683745980262756,260,220,35,30
352,49.720710121149764,1490,2.0,0.8225535154342651,1422,558,151,77
334,49.720710121149764,1490,2.0,0.5403139591217041,299,262,37,33
277,49.720710121149764,1490,2.0,0.21477407217025757,497,191,29,21
271,49.75407972525792,1491,2.0,0.42584070563316345,400,406,77,72
288,49.75407972525792,1491,2.0,0.1298334151506424,613,228,42,31
314,49.75407972525792,1491,2.0,0.5917736887931824,860,293,59,35
336,49.75407972525792,1491,2.0,0.48379820585250854,1083,367,77,49
341,49.75407972525792,1491,2.0,0.2112070471048355,383,279,41,31
348,49.75407972525792,1491,2.0,0.3916444778442383,262,222,38,30
352,49.75407972525792,1491,2.0,0.685368001461029,1397,548,146,74
334,49.75407972525792,1491,2.0,0.44140326976776123,300,263,37,32
277,49.75407972525792,1491,2.0,0.28247523307800293,494,190,30,21
271,49.787449329366076,1492,2.0,0.40816617012023926,404,411,77,74
288,49.787449329366076,1492,2.0,0.16238638758659363,611,227,42,30
314,49.787449329366076,1492,2.0,0.5214816331863403,855,291,58,36
336,49.787449329366076,1492,2.0,0.6087515354156494,1075,363,77,47
341,49.787449329366076,1492,2.0,0.28095996379852295,384,281,39,31
348,49.787449329366076,1492,2.0,0.42655932903289795,264,223,38,31
352,49.787449329366076,1492,2.0,0.6649128794670105,1374,538,142,75
334,49.787449329366076,1492,2.0,0.354602187871933,302,266,36,34
277,49.787449329366076,1492,2.0,0.21546922624111176,493,189,28,21
271,49.82081893347423,1493,2.0,0.4187770187854767,407,415,79,75
288,49.82081893347423,1493,2.0,0.16884464025497437,608,227,42,30
314,49.82081893347423,1493,2.0,0.5756877064704895,848,289,58,36
336,49.82081893347423,1493,2.0,0.7026896476745605,1068,361,75,47
341,49.82081893347423,1493,2.0,0.4209863543510437,387,283,39,31
348,49.82081893347423,1493,2.0,0.37566107511520386,266,224,40,31
352,49.82081893347423,1493,2.0,0.5607420206069946,1351,529,137,71
334,49.82081893347423,1493,2.0,0.3683890700340271,304,268,37,34
277,49.82081893347423,1493,2.0,0.28870654106140137,491,188,28,22
271,49.85418853758238,1494,2.0,0.47114697098731995,409,419,79,76
288,49.85418853758238,1494,2.0,0.414486825466156,605,226,41,31
314,49.85418853758238,1494,2.0,0.44331300258636475,842,287,57,35
336,49.85418853758238,1494,2.0,0.6830599308013916,1059,358,73,47
341,49.85418853758238,1494,2.0,0.42470791935920715,388,284,38,31
348,49.85418853758238,1494,2.0,0.32353726029396057,266,224,40,30
352,49.85418853758238,1494,2.0,0.7095382809638977,1329,522,135,74
334,49.85418853758238,1494,2.0,0.3550502061843872,305,269,38,32
277,49.85418853758238,1494,2.0,0.2832079827785492,489,188,28,22
271,49.88755814169053,1495,2.0,0.5515876412391663,412,425,78,76
288,49.88755814169053,1495,2.0,0.366970956325531,602,224,42,30
314,49.88755814169053,1495,2.0,0.5543515086174011,838,284,55,31
336,49.88755814169053,1495,2.0,0.6292141079902649,1051,355,75,46
341,49.88755814169053,1495,2.0,0.48447349667549133,390,286,38,33
348,49.88755814169053,1495,2.0,0.34006965160369873,267,225,40,29
352,49.88755814169053,1495,2.0,0.7704131603240967,1308,512,130,71
334,49.88755814169053,1495,2.0,0.3246062099933624,307,271,38,32
277,49.88755814169053,1495,2.0,0.2819667458534241,485,187,31,23
271,49.92092774579869,1496,2.0,0.41576310992240906,414,429,81,77
288,49.92092774579869,1496,2.0,0.30612337589263916,597,224,40,30
314,49.92092774579869,1496,2.0,0.44076329469680786,834,283,55,30
336,49.92092774579869,1496,2.0,0.655479907989502,1044,353,73,44
341,49.92092774579869,1496,2.0,0.5947866439819336,391,288,37,35
348,49.92092774579869,1496,2.0,0.23481321334838867,267,226,39,29
352,49.92092774579869,1496,2.0,0.740139901638031,1289,503,124,68
334,49.92092774579869,1496,2.0,0.24560007452964783,310,273,44,33
277,49.92092774579869,1496,2.0,0.29306551814079285,483,186,32,22
271,49.954297349906845,1497,7.0,0.355733186006546,417,433,81,84
288,49.954297349906845,1497,2.0,0.3977698087692261,594,223,40,28
314,49.954297349906845,1497,2.0,0.49320951104164124,829,282,58,28
336,49.954297349906845,1497,2.0,0.6353412866592407,1036,349,72,41
341,49.954297349906845,1497,2.0,0.6406604647636414,394,291,41,36
348,49.954297349906845,1497,2.0,0.21851511299610138,267,226,37,31
352,49.954297349906845,1497,2.0,0.4008606970310211,1268,495,122,67
334,49.954297349906845,1497,2.0,0.2785683274269104,312,274,46,34
277,49.954297349906845,1497,2.0,0.2329794019460678,482,186,32,22
271,49.987666954015,1498,2.0,0.3769034743309021,420,437,80,85
288,49.987666954015,1498,2.0,0.3382071256637573,591,222,40,29
314,49.987666954015,1498,2.0,0.6544454097747803,822,279,55,30
336,49.987666954015,1498,2.0,0.7325843572616577,1029,347,69,41
341,49.987666954015,1498,2.0,0.6472446918487549,396,292,43,36
348,49.987666954015,1498,2.0,0.2713719606399536,269,227,40,31
352,49.987666954015,1498,2.0,0.6845425367355347,1249,487,121,66
334,49.987666954015,1498,2.0,0.4221658706665039,313,275,46,33
277,49.987666954015,1498,2.0,0.16620978713035583,481,187,33,22
361,49.987666954015,1498,7.0,0.34517186880111694,420,434,81,89
271,50.02103655812315,1499,2.0,0.40257012844085693,422,443,82,84
288,50.02103655812315,1499,2.0,0.39936867356300354,587,221,41,26
314,50.02103655812315,1499,2.0,0.5656167268753052,817,278,56,32
336,50.02103655812315,1499,2.0,0.6380558013916016,1022,344,70,41
341,50.02103655812315,1499,2.0,0.5624569654464722,398,294,45,37
348,50.02103655812315,1499,2.0,0.3055635392665863,269,227,40,31
352,50.02103655812315,1499,2.0,0.7176252603530884,1231,479,117,64
334,50.02103655812315,1499,2.0,0.3949839770793915,312,277,42,31
271,50.05440616223131,1500,2.0,0.3928762972354889,427,453,82,74
288,50.05440616223131,1500,2.0,0.46113789081573486,585,219,40,26
314,50.05440616223131,1500,2.0,0.6257099509239197,814,275,55,33
336,50.05440616223131,1500,2.0,0.6231435537338257,1013,341,70,44
341,50.05440616223131,1500,2.0,0.5642354488372803,400,296,45,38
348,50.05440616223131,1500,2.0,0.3822742998600006,269,228,41,30
352,50.05440616223131,1500,2.0,0.6027196645736694,1213,472,114,63
334,50.05440616223131,1500,2.0,0.5464308857917786,314,278,43,32
271,50.08777576633946,1501,2.0,0.3712494969367981,429,455,83,82
288,50.08777576633946,1501,2.0,0.5202728509902954,582,218,40,28
314,50.08777576633946,1501,2.0,0.5291882753372192,807,275,54,31
336,50.08777576633946,1501,2.0,0.6393011808395386,1006,338,67,42
341,50.08777576633946,1501,2.0,0.42228734493255615,401,297,44,40
348,50.08777576633946,1501,2.0,0.4527752995491028,270,229,40,29
352,50.08777576633946,1501,2.0,0.7935411334037781,1196,466,114,62
334,50.08777576633946,1501,2.0,0.5447550415992737,314,279,42,33
271,50.121145370447614,1502,2.0,0.3265622556209564,435,460,85,83
288,50.121145370447614,1502,2.0,0.42972126603126526,579,216,39,29
314,50.121145370447614,1502,2.0,0.4464164674282074,804,273,53,32
336,50.121145370447614,1502,2.0,0.6468367576599121,1002,336,60,40
341,50.121145370447614,1502,2.0,0.41554489731788635,404,299,43,40
348,50.121145370447614,1502,2.0,0.48966076970100403,271,230,41,28
352,50.121145370447614,1502,2.0,0.7291012406349182,1179,459,110,60
334,50.121145370447614,1502,2.0,0.554094672203064,315,281,43,34
271,50.15451497455577,1503,2.0,0.3020505905151367,439,468,88,79
288,50.15451497455577,1503,2.0,0.2674066722393036,575,214,41,30
314,50.15451497455577,1503,2.0,0.554796040058136,800,272,51,32
336,50.15451497455577,1503,2.0,0.6596473455429077,992,334,66,40
341,50.15451497455577,1503,2.0,0.5050893425941467,407,303,43,36
348,50.15451497455577,1503,2.0,0.5045784711837769,271,230,36,27
352,50.15451497455577,1503,2.0,0.7374215126037598,1163,452,107,59
334,50.15451497455577,1503,2.0,0.5576049089431763,316,283,41,34
271,50.187884578663926,1504,2.0,0.5196872353553772,442,472,87,84
288,50.187884578663926,1504,2.0,0.3288387358188629,573,213,41,30
314,50.187884578663926,1504,2.0,0.4158293604850769,796,270,52,32
336,50.187884578663926,1504,2.0,0.5938116908073425,985,331,66,40
341,50.187884578663926,1504,2.0,0.5880863070487976,409,305,44,35
348,50.187884578663926,1504,2.0,0.4995627701282501,272,231,38,28
352,50.187884578663926,1504,2.0,0.7672156691551208,1147,446,104,59
334,50.187884578663926,1504,2.0,0.5854727029800415,318,284,43,36
271,50.22125418277208,1505,2.0,0.4546944200992584,444,476,89,90
288,50.22125418277208,1505,2.0,0.2866929769515991,569,212,42,30
314,50.22125418277208,1505,2.0,0.5495419502258301,789,267,54,32
336,50.22125418277208,1505,2.0,0.6989268660545349,977,330,66,39
341,50.22125418277208,1505,2.0,0.6142452955245972,411,307,44,35
348,50.22125418277208,1505,2.0,0.5656670928001404,273,231,37,27
352,50.22125418277208,1505,2.0,0.5647031664848328,1131,438,100,60
334,50.22125418277208,1505,2.0,0.6526017189025879,319,286,44,39
271,50.25462378688023,1506,2.0,0.37961259484291077,449,482,94,96
288,50.25462378688023,1506,2.0,0.17311502993106842,567,211,42,29
314,50.25462378688023,1506,2.0,0.5241594314575195,785,267,53,34
336,50.25462378688023,1506,2.0,0.5640720129013062,971,327,64,37
341,50.25462378688023,1506,2.0,0.4982180595397949,413,311,44,38
348,50.25462378688023,1506,2.0,0.6105149388313293,274,232,36,27
352,50.25462378688023,1506,2.0,0.820549488067627,1117,433,99,59
334,50.25462378688023,1506,2.0,0.5901980996131897,321,289,48,41
271,50.28799339098838,1507,2.0,0.26507487893104553,453,487,95,98
288,50.28799339098838,1507,2.0,0.19465185701847076,565,211,40,29
314,50.28799339098838,1507,2.0,0.589167058467865,780,266,51,31
336,50.28799339098838,1507,2.0,0.6560682654380798,965,324,65,39
341,50.28799339098838,1507,2.0,0.5909950137138367,415,312,44,39
348,50.28799339098838,1507,2.0,0.5031101703643799,274,232,35,27
352,50.28799339098838,1507,2.0,0.772058367729187,1103,427,96,58
334,50.28799339098838,1507,2.0,0.6005178689956665,323,291,49,41
271,50.32136299509654,1508,2.0,0.5107564926147461,458,493,100,101
288,50.32136299509654,1508,2.0,0.16387292742729187,563,210,41,29
314,50.32136299509654,1508,2.0,0.49837225675582886,775,264,47,32
336,50.32136299509654,1508,2.0,0.6846771836280823,958,321,64,40
341,50.32136299509654,1508,2.0,0.5374864339828491,418,315,45,41
348,50.32136299509654,1508,2.0,0.508639395236969,274,233,36,28
352,50.32136299509654,1508,2.0,0.6165682077407837,1089,422,93,59
334,50.32136299509654,1508,2.0,0.6323394179344177,324,292,49,41
271,50.354732599204695,1509,2.0,0.5153405070304871,462,499,100,104
288,50.354732599204695,1509,2.0,0.13981036841869354,560,210,40,29
314,50.354732599204695,1509,2.0,0.5818368196487427,770,263,47,31
336,50.354732599204695,1509,2.0,0.6768864989280701,951,319,63,40
341,50.354732599204695,1509,2.0,0.5203792452812195,420,318,46,42
348,50.354732599204695,1509,2.0,0.5091708898544312,275,234,37,29
352,50.354732599204695,1509,2.0,0.6247694492340088,1076,418,92,55
334,50.354732599204695,1509,2.0,0.44422805309295654,326,294,50,41
271,50.38810220331285,1510,2.0,0.4205368459224701,465,506,100,105
288,50.38810220331285,1510,2.0,0.21296626329421997,558,209,37,29
314,50.38810220331285,1510,2.0,0.5335412621498108,766,260,47,28
336,50.38810220331285,1510,2.0,0.5106330513954163,944,317,63,40
341,50.38810220331285,1510,2.0,0.4271990656852722,423,320,47,43
348,50.38810220331285,1510,2.0,0.4982433319091797,275,235,37,30
352,50.38810220331285,1510,2.0,0.6789546012878418,1063,412,90,54
334,50.38810220331285,1510,2.0,0.6228671669960022,328,296,51,38
271,50.421471807421,1511,2.0,0.36897504329681396,469,512,101,109
288,50.421471807421,1511,2.0,0.1889381855726242,555,208,36,28
314,50.421471807421,1511,2.0,0.5904474258422852,763,259,46,26
336,50.421471807421,1511,2.0,0.6222732663154602,938,315,62,39
341,50.421471807421,1511,2.0,0.45879384875297546,425,322,49,45
348,50.421471807421,1511,2.0,0.5498105883598328,276,236,38,32
352,50.421471807421,1511,2.0,0.7202418446540833,1050,407,90,52
334,50.421471807421,1511,2.0,0.7158214449882507,328,299,50,37
271,50.45484141152916,1512,2.0,0.3489856719970703,472,518,103,113
288,50.45484141152916,1512,2.0,0.24929584562778473,553,207,35,28
314,50.45484141152916,1512,2.0,0.44800686836242676,760,258,46,24
336,50.45484141152916,1512,2.0,0.6867037415504456,933,313,60,39
341,50.45484141152916,1512,2.0,0.4971497058868408,428,326,52,44
348,50.45484141152916,1512,2.0,0.5478449463844299,276,238,39,34
352,50.45484141152916,1512,2.0,0.6781916618347168,1038,402,87,50
334,50.45484141152916,1512,2.0,0.7490347027778625,328,301,50,38
271,50.48821101563731,1513,2.0,0.3210320472717285,477,525,103,117
288,50.48821101563731,1513,2.0,0.23570865392684937,550,207,38,29
314,50.48821101563731,1513,2.0,0.4493754208087921,755,256,45,24
336,50.48821101563731,1513,2.0,0.5054436326026917,927,311,61,38
341,50.48821101563731,1513,2.0,0.39874956011772156,431,329,51,43
348,50.48821101563731,1513,2.0,0.43698427081108093,277,239,40,35
352,50.48821101563731,1513,2.0,0.4498884677886963,1026,395,88,51
334,50.48821101563731,1513,2.0,0.6805819869041443,329,303,49,38
271,50.521580619745464,1514,2.0,0.35374513268470764,482,534,104,118
288,50.521580619745464,1514,2.0,0.1936875879764557,546,206,38,28
314,50.521580619745464,1514,2.0,0.36020877957344055,751,255,45,25
336,50.521580619745464,1514,2.0,0.5112347602844238,919,309,62,41
341,50.521580619745464,1514,2.0,0.4109499454498291,434,333,50,43
348,50.521580619745464,1514,2.0,0.49828818440437317,278,241,39,34
352,50.521580619745464,1514,2.0,0.469694584608078,1014,391,87,51
334,50.521580619745464,1514,2.0,0.7058491706848145,331,304,50,38
271,50.554950223853616,1515,2.0,0.42718690633773804,487,544,106,116
288,50.554950223853616,1515,2.0,0.14822505414485931,543,205,38,31
314,50.554950223853616,1515,2.0,0.45297375321388245,747,254,46,26
336,50.554950223853616,1515,2.0,0.4990367889404297,913,307,60,39
341,50.554950223853616,1515,2.0,0.520622730255127,438,335,49,41
348,50.554950223853616,1515,2.0,0.510141909122467,279,243,41,34
352,50.554950223853616,1515,2.0,0.7132204174995422,1002,388,87,49
334,50.554950223853616,1515,2.0,0.760897159576416,333,307,51,39
271,50.588319827961776,1516,2.0,0.33396634459495544,492,551,105,118
288,50.588319827961776,1516,2.0,0.3269130289554596,541,203,38,31
314,50.588319827961776,1516,2.0,0.2861694395542145,743,253,49,28
336,50.588319827961776,1516,2.0,0.6247517466545105,908,306,58,37
341,50.588319827961776,1516,2.0,0.5728104710578918,441,338,52,45
348,50.588319827961776,1516,2.0,0.4873502552509308,279,245,41,34
352,50.588319827961776,1516,2.0,0.6687066555023193,991,383,85,50
334,50.588319827961776,1516,2.0,0.7062881588935852,335,309,51,40
271,50.62168943206993,1517,2.0,0.3760456442832947,497,560,109,122
288,50.62168943206993,1517,2.0,0.3190055787563324,538,203,39,32
314,50.62168943206993,1517,2.0,0.28757959604263306,739,251,50,30
336,50.62168943206993,1517,2.0,0.6560662984848022,902,303,59,36
341,50.62168943206993,1517,2.0,0.5251595973968506,444,341,53,46
348,50.62168943206993,1517,2.0,0.47637271881103516,280,246,42,33
352,50.62168943206993,1517,2.0,0.725407600402832,982,379,82,49
334,50.62168943206993,1517,2.0,0.7331146001815796,336,311,49,41
271,50.65505903617808,1518,7.0,0.3567418158054352,502,571,112,123
288,50.65505903617808,1518,2.0,0.23317357897758484,535,202,39,31
314,50.65505903617808,1518,2.0,0.2865557074546814,736,250,50,30
336,50.65505903617808,1518,2.0,0.5021443367004395,897,301,60,36
341,50.65505903617808,1518,2.0,0.5253353118896484,447,345,53,47
348,50.65505903617808,1518,2.0,0.38054805994033813,281,247,42,33
352,50.65505903617808,1518,2.0,0.4931742548942566,972,375,81,48
334,50.65505903617808,1518,2.0,0.6049430966377258,338,314,48,41
271,50.68842864028623,1519,7.0,0.41613122820854187,508,581,115,124
288,50.68842864028623,1519,2.0,0.1601978987455368,533,202,37,30
314,50.68842864028623,1519,2.0,0.20636484026908875,730,249,50,28
336,50.68842864028623,1519,2.0,0.5917087197303772,892,299,58,36
341,50.68842864028623,1519,2.0,0.5621548891067505,449,347,54,46
348,50.68842864028623,1519,2.0,0.36712846159935,282,249,40,33
352,50.68842864028623,1519,2.0,0.5568032264709473,960,370,77,48
334,50.68842864028623,1519,2.0,0.67742520570755,339,316,48,41
271,50.72179824439439,1520,7.0,0.47678691148757935,513,590,116,129
288,50.72179824439439,1520,2.0,0.31653615832328796,532,202,36,30
314,50.72179824439439,1520,2.0,0.30584388971328735,727,248,49,28
336,50.72179824439439,1520,2.0,0.6199012398719788,889,297,57,35
341,50.72179824439439,1520,2.0,0.6007269620895386,451,348,54,47
348,50.72179824439439,1520,2.0,0.38211849331855774,285,251,45,30
352,50.72179824439439,1520,2.0,0.5943431854248047,951,366,75,49
334,50.72179824439439,1520,2.0,0.7645012140274048,342,319,54,42
271,50.755167848502545,1521,7.0,0.47930586338043213,519,599,117,130
288,50.755167848502545,1521,2.0,0.3446458876132965,530,201,37,30
314,50.755167848502545,1521,2.0,0.22744183242321014,724,247,48,27
336,50.755167848502545,1521,2.0,0.6346994638442993,884,295,53,36
341,50.755167848502545,1521,2.0,0.567097008228302,454,352,53,46
348,50.755167848502545,1521,2.0,0.3132029175758362,284,252,40,30
352,50.755167848502545,1521,2.0,0.5445998907089233,941,363,74,46
334,50.755167848502545,1521,2.0,0.8074913620948792,343,321,54,42
368,50.755167848502545,1521,2.0,0.3800201117992401,519,598,119,129
271,50.7885374526107,1522,2.0,0.5350742340087891,527,610,121,133
288,50.7885374526107,1522,2.0,0.2758846879005432,528,201,36,30
314,50.7885374526107,1522,2.0,0.29672470688819885,719,247,46,28
336,50.7885374526107,1522,2.0,0.49235761165618896,878,294,54,37
341,50.7885374526107,1522,2.0,0.5851794481277466,459,356,54,47
348,50.7885374526107,1522,2.0,0.4338715970516205,285,253,38,30
352,50.7885374526107,1522,2.0,0.8242744207382202,930,359,72,41
334,50.7885374526107,1522,2.0,0.8036242127418518,344,323,53,44
271,50.82190705671886,1523,2.0,0.4354419410228729,533,620,125,137
288,50.82190705671886,1523,2.0,0.2626105546951294,525,200,38,29
314,50.82190705671886,1523,2.0,0.2158767133951187,715,246,45,30
336,50.82190705671886,1523,2.0,0.42247065901756287,871,292,55,37
341,50.82190705671886,1523,2.0,0.6442843675613403,462,360,56,47
348,50.82190705671886,1523,2.0,0.5451364517211914,287,254,41,32
352,50.82190705671886,1523,2.0,0.6161108613014221,921,355,71,41
334,50.82190705671886,1523,2.0,0.7719272971153259,346,325,56,46
372,50.82190705671886,1523,13.0,0.3979000151157379,1410,644,1015,590
271,50.85527666082701,1524,2.0,0.514132559299469,542,632,130,139
288,50.85527666082701,1524,2.0,0.3618691563606262,523,200,37,28
314,50.85527666082701,1524,2.0,0.3269951045513153,712,245,43,28
336,50.85527666082701,1524,2.0,0.5507397651672363,865,290,55,38
341,50.85527666082701,1524,2.0,0.6032279133796692,465,364,58,48
348,50.85527666082701,1524,2.0,0.5997754335403442,290,254,42,33
352,50.85527666082701,1524,2.0,0.5594155788421631,912,351,69,41
334,50.85527666082701,1524,2.0,0.7500210404396057,346,327,54,46
372,50.85527666082701,1524,13.0,0.30537688732147217,1411,643,1013,590
271,50.88864626493516,1525,2.0,0.6009961366653442,550,643,136,146
288,50.88864626493516,1525,2.0,0.4784942865371704,521,199,36,26
314,50.88864626493516,1525,2.0,0.38548874855041504,709,243,43,27
336,50.88864626493516,1525,2.0,0.5472317934036255,860,290,55,36
341,50.88864626493516,1525,2.0,0.6528418660163879,469,367,56,50
348,50.88864626493516,1525,2.0,0.6094251871109009,291,255,44,32
352,50.88864626493516,1525,2.0,0.6201135516166687,904,346,71,46
334,50.88864626493516,1525,2.0,0.6700441241264343,349,331,56,48
372,50.88864626493516,1525,13.0,0.27692094445228577,1411,642,1012,592
271,50.922015869043314,1526,2.0,0.7085734605789185,556,653,136,155
288,50.922015869043314,1526,2.0,0.39601364731788635,520,198,35,25
314,50.922015869043314,1526,2.0,0.43034979701042175,705,242,41,27
336,50.922015869043314,1526,2.0,0.5429830551147461,856,288,54,37
341,50.922015869043314,1526,2.0,0.7553060054779053,473,371,60,50
348,50.922015869043314,1526,2.0,0.5901111364364624,292,257,44,33
352,50.922015869043314,1526,2.0,0.7019888162612915,895,342,70,50
334,50.922015869043314,1526,2.0,0.6630210876464844,351,333,56,49
372,50.922015869043314,1526,13.0,0.2590157091617584,1409,640,1017,595
271,50.95538547315147,1527,2.0,0.6866114139556885,562,664,138,162
288,50.95538547315147,1527,2.0,0.126323863863945,518,197,32,25
314,50.95538547315147,1527,2.0,0.5242472290992737,701,241,40,26
336,50.95538547315147,1527,2.0,0.49207204580307007,850,287,57,36
341,50.95538547315147,1527,2.0,0.6859229803085327,476,375,62,53
348,50.95538547315147,1527,2.0,0.6189673542976379,293,257,41,33
352,50.95538547315147,1527,2.0,0.6575313210487366,887,340,66,47
334,50.95538547315147,1527,2.0,0.620358407497406,353,335,57,51
372,50.95538547315147,1527,13.0,0.24947793781757355,1408,641,1019,594
271,50.988755077259626,1528,2.0,0.3940686285495758,569,678,142,160
288,50.988755077259626,1528,2.0,0.17581886053085327,515,197,32,24
314,50.988755077259626,1528,2.0,0.4200403094291687,699,239,39,24
336,50.988755077259626,1528,2.0,0.472832053899765,844,284,57,36
341,50.988755077259626,1528,2.0,0.6458544731140137,479,378,62,55
348,50.988755077259626,1528,2.0,0.6518861651420593,292,259,39,33
352,50.988755077259626,1528,2.0,0.6451877951622009,878,336,67,43
334,50.988755077259626,1528,2.0,0.5818153023719788,355,337,58,50
372,50.988755077259626,1528,13.0,0.2891446650028229,1404,637,1026,601
379,50.988755077259626,1528,2.0,0.3646768033504486,221,169,29,30
271,51.02212468136778,1529,2.0,0.5099836587905884,577,693,147,163
288,51.02212468136778,1529,2.0,0.19818902015686035,511,195,31,22
314,51.02212468136778,1529,2.0,0.3876290023326874,696,238,41,23
336,51.02212468136778,1529,2.0,0.4292641580104828,838,281,55,34
341,51.02212468136778,1529,2.0,0.6165749430656433,484,382,65,57
348,51.02212468136778,1529,2.0,0.7015959024429321,293,259,38,32
352,51.02212468136778,1529,2.0,0.6198978424072266,869,332,67,43
334,51.02212468136778,1529,2.0,0.6347458958625793,358,341,61,50
372,51.02212468136778,1529,13.0,0.21732820570468903,1398,632,1037,604
379,51.02212468136778,1529,2.0,0.39727139472961426,221,169,28,30
271,51.05549428547593,1530,2.0,0.4704403281211853,586,706,147,168
288,51.05549428547593,1530,2.0,0.244596928358078,510,195,30,22
314,51.05549428547593,1530,2.0,0.30234700441360474,691,237,43,24
336,51.05549428547593,1530,2.0,0.4468284845352173,834,279,52,34
341,51.05549428547593,1530,2.0,0.6349205374717712,488,387,66,57
348,51.05549428547593,1530,2.0,0.6730178594589233,293,260,40,33
352,51.05549428547593,1530,2.0,0.5019571781158447,862,329,66,42
334,51.05549428547593,1530,2.0,0.591232180595398,358,343,59,50
372,51.05549428547593,1530,13.0,0.30465570092201233,1398,632,1037,610
379,51.05549428547593,1530,2.0,0.38537532091140747,222,169,28,30
271,51.08886388958409,1531,2.0,0.5185440182685852,595,721,150,171
288,51.08886388958409,1531,2.0,0.16882535815238953,507,194,27,24
314,51.08886388958409,1531,2.0,0.33167144656181335,687,236,43,26
336,51.08886388958409,1531,2.0,0.5149696469306946,828,277,55,33
341,51.08886388958409,1531,2.0,0.6994469165802002,492,392,64,54
348,51.08886388958409,1531,2.0,0.6800298690795898,294,261,39,35
352,51.08886388958409,1531,2.0,0.38367193937301636,854,325,64,42
334,51.08886388958409,1531,2.0,0.619491696357727,359,346,57,47
372,51.08886388958409,1531,13.0,0.3299190104007721,1397,628,1041,623
379,51.08886388958409,1531,2.0,0.35397711396217346,221,171,28,29
271,51.12223349369224,1532,2.0,0.46149173378944397,603,737,152,178
288,51.12223349369224,1532,2.0,0.21081803739070892,506,192,27,24
314,51.12223349369224,1532,2.0,0.3412812352180481,684,235,40,25
336,51.12223349369224,1532,2.0,0.37726303935050964,824,276,54,33
341,51.12223349369224,1532,2.0,0.7259054183959961,495,396,65,56
348,51.12223349369224,1532,2.0,0.8016254305839539,295,263,40,37
352,51.12223349369224,1532,2.0,0.44785553216934204,847,324,61,41
334,51.12223349369224,1532,2.0,0.7312219738960266,361,349,58,46
372,51.12223349369224,1532,13.0,0.24763670563697815,1395,625,1046,623
379,51.12223349369224,1532,2.0,0.34381920099258423,221,172,29,29
271,51.155603097800395,1533,2.0,0.5863167643547058,613,752,156,183
288,51.155603097800395,1533,2.0,0.2055922895669937,505,191,28,23
314,51.155603097800395,1533,2.0,0.341020792722702,682,234,41,24
336,51.155603097800395,1533,2.0,0.27999743819236755,819,275,53,34
341,51.155603097800395,1533,2.0,0.7806618213653564,499,399,66,56
348,51.155603097800395,1533,2.0,0.7653108239173889,297,264,42,37
352,51.155603097800395,1533,2.0,0.38389816880226135,840,320,62,40
334,51.155603097800395,1533,2.0,0.7210004329681396,363,353,57,47
372,51.155603097800395,1533,13.0,0.14412261545658112,1393,624,1050,623
379,51.155603097800395,1533,2.0,0.35944777727127075,222,172,29,29
385,51.155603097800395,1533,7.0,0.4385416507720947,612,752,157,184
271,51.18897270190855,1534,7.0,0.5123108625411987,622,768,162,189
288,51.18897270190855,1534,2.0,0.27592524886131287,502,191,31,24
314,51.18897270190855,1534,2.0,0.30936798453330994,680,233,41,24
336,51.18897270190855,1534,2.0,0.16767467558383942,817,272,57,35
341,51.18897270190855,1534,2.0,0.7591530680656433,503,403,67,57
348,51.18897270190855,1534,2.0,0.7382470965385437,298,267,45,36
352,51.18897270190855,1534,2.0,0.5582830309867859,833,317,60,40
334,51.18897270190855,1534,2.0,0.7917885184288025,365,356,55,49
379,51.18897270190855,1534,2.0,0.41163599491119385,222,172,30,30
385,51.18897270190855,1534,2.0,0.4216024875640869,621,766,162,188
271,51.22234230601671,1535,7.0,0.5355787873268127,632,785,166,194
288,51.22234230601671,1535,2.0,0.2557555139064789,500,190,31,24
314,51.22234230601671,1535,2.0,0.3819291293621063,676,233,42,26
336,51.22234230601671,1535,2.0,0.2645997107028961,811,270,58,35
341,51.22234230601671,1535,2.0,0.5850844979286194,509,408,66,60
348,51.22234230601671,1535,2.0,0.6712828874588013,299,270,44,36
352,51.22234230601671,1535,2.0,0.4720861315727234,826,314,63,39
334,51.22234230601671,1535,2.0,0.6972836852073669,365,357,54,49
379,51.22234230601671,1535,2.0,0.4470679759979248,222,172,31,31
387,51.22234230601671,1535,2.0,0.6942686438560486,1868,662,101,77
271,51.25571191012486,1536,7.0,0.43256333470344543,642,803,172,201
288,51.25571191012486,1536,2.0,0.202286496758461,499,190,32,24
314,51.25571191012486,1536,2.0,0.2538091540336609,671,233,45,25
336,51.25571191012486,1536,2.0,0.35563087463378906,807,268,55,33
341,51.25571191012486,1536,2.0,0.6974416971206665,514,413,67,57
348,51.25571191012486,1536,2.0,0.6493391394615173,300,272,44,36
352,51.25571191012486,1536,2.0,0.617023766040802,816,313,62,38
334,51.25571191012486,1536,2.0,0.8241603970527649,367,360,55,51
379,51.25571191012486,1536,2.0,0.4099763333797455,222,171,28,32
387,51.25571191012486,1536,2.0,0.8038316369056702,1854,658,128,87
385,51.25571191012486,1536,2.0,0.43044519424438477,644,803,171,203
288,51.28908151423301,1537,2.0,0.16749510169029236,497,189,29,23
314,51.28908151423301,1537,2.0,0.18008637428283691,668,233,43,24
336,51.28908151423301,1537,2.0,0.3205123543739319,803,267,51,33
341,51.28908151423301,1537,2.0,0.7552087903022766,519,419,71,59
348,51.28908151423301,1537,2.0,0.6232980489730835,301,274,46,37
352,51.28908151423301,1537,2.0,0.7244946956634521,810,309,59,37
334,51.28908151423301,1537,2.0,0.8202991485595703,370,363,57,54
379,51.28908151423301,1537,2.0,0.41317445039749146,222,171,28,33
387,51.28908151423301,1537,2.0,0.8691208958625793,1838,647,160,91
288,51.322451118341164,1538,2.0,0.1771673709154129,495,189,29,24
314,51.322451118341164,1538,2.0,0.2218930870294571,665,231,44,25
341,51.322451118341164,1538,2.0,0.8105237483978271,523,423,74,60
348,51.322451118341164,1538,2.0,0.6655219793319702,303,275,48,36
352,51.322451118341164,1538,2.0,0.48026201128959656,804,306,58,39
334,51.322451118341164,1538,2.0,0.8106095194816589,371,365,57,55
379,51.322451118341164,1538,2.0,0.44352108240127563,223,172,29,32
387,51.322451118341164,1538,2.0,0.8974664211273193,1822,637,189,93
271,51.322451118341164,1538,2.0,0.6781602501869202,668,840,183,214
288,51.35582072244932,1539,2.0,0.19641795754432678,493,188,30,25
314,51.35582072244932,1539,2.0,0.14954301714897156,662,229,43,26
341,51.35582072244932,1539,2.0,0.8235324025154114,528,427,76,62
348,51.35582072244932,1539,2.0,0.6565647125244141,304,277,48,35
352,51.35582072244932,1539,7.0,0.42709988355636597,796,292,60,61
334,51.35582072244932,1539,2.0,0.8297260403633118,374,369,57,56
379,51.35582072244932,1539,2.0,0.3636947572231293,223,173,30,32
387,51.35582072244932,1539,2.0,0.8632570505142212,1797,625,197,92
271,51.35582072244932,1539,2.0,0.45662108063697815,680,860,188,220
288,51.389190326557475,1540,2.0,0.15588127076625824,491,188,29,25
341,51.389190326557475,1540,2.0,0.7570316195487976,532,432,78,66
348,51.389190326557475,1540,2.0,0.6453718543052673,305,279,47,35
352,51.389190326557475,1540,2.0,0.4489001929759979,791,286,57,68
334,51.389190326557475,1540,2.0,0.7975785136222839,375,374,56,56
379,51.389190326557475,1540,2.0,0.3216828405857086,224,173,31,32
387,51.389190326557475,1540,2.0,0.8842087984085083,1767,614,197,92
271,51.389190326557475,1540,2.0,0.4256756603717804,693,876,195,223
391,51.389190326557475,1540,7.0,0.3847030997276306,792,285,59,71
288,51.42255993066563,1541,2.0,0.2064148336648941,489,187,30,26
341,51.42255993066563,1541,2.0,0.7096561789512634,536,437,78,67
348,51.42255993066563,1541,2.0,0.679089367389679,305,280,47,34
352,51.42255993066563,1541,7.0,0.3259459435939789,783,282,55,70
334,51.42255993066563,1541,2.0,0.7939599752426147,377,378,57,56
379,51.42255993066563,1541,2.0,0.3099198043346405,226,173,33,32
387,51.42255993066563,1541,2.0,0.8493966460227966,1737,603,193,88
271,51.42255993066563,1541,7.0,0.5098882913589478,729,900,245,253
391,51.42255993066563,1541,2.0,0.38079673051834106,785,283,55,69
288,51.45592953477378,1542,2.0,0.19238728284835815,487,187,30,26
341,51.45592953477378,1542,2.0,0.7721455097198486,540,444,80,67
348,51.45592953477378,1542,2.0,0.6498671174049377,306,281,47,34
352,51.45592953477378,1542,2.0,0.3989659249782562,778,279,56,69
334,51.45592953477378,1542,2.0,0.7045666575431824,380,380,60,56
379,51.45592953477378,1542,2.0,0.30518484115600586,226,173,35,32
387,51.45592953477378,1542,2.0,0.8060316443443298,1707,593,185,85
271,51.45592953477378,1542,7.0,0.4921402335166931,740,925,246,264
391,51.45592953477378,1542,7.0,0.27801916003227234,780,282,59,68
314,51.45592953477378,1542,2.0,0.2704969644546509,654,226,40,27
288,51.48929913888194,1543,2.0,0.19825510680675507,485,186,32,25
341,51.48929913888194,1543,2.0,0.8232092261314392,545,450,80,66
348,51.48929913888194,1543,2.0,0.6384496688842773,307,282,45,34
352,51.48929913888194,1543,2.0,0.25900793075561523,773,277,56,68
334,51.48929913888194,1543,2.0,0.7054383754730225,384,386,63,54
379,51.48929913888194,1543,2.0,0.27345120906829834,227,173,35,32
387,51.48929913888194,1543,2.0,0.8463435173034668,1679,584,179,85
271,51.48929913888194,1543,2.0,0.4587787091732025,748,948,243,256
391,51.48929913888194,1543,7.0,0.3545520007610321,775,279,56,67
314,51.48929913888194,1543,2.0,0.2861725389957428,651,225,38,26
288,51.52266874299009,1544,2.0,0.20140059292316437,483,185,31,25
341,51.52266874299009,1544,2.0,0.7720768451690674,550,455,77,67
348,51.52266874299009,1544,2.0,0.5941640734672546,309,284,49,35
352,51.52266874299009,1544,7.0,0.27342677116394043,766,274,56,66
334,51.52266874299009,1544,2.0,0.760048508644104,387,390,63,54
379,51.52266874299009,1544,2.0,0.22456419467926025,227,172,34,32
387,51.52266874299009,1544,2.0,0.8296154141426086,1652,574,172,80
271,51.52266874299009,1544,2.0,0.42313045263290405,757,962,235,235
391,51.52266874299009,1544,2.0,0.3998351991176605,768,277,55,66
314,51.52266874299009,1544,2.0,0.24174000322818756,649,225,37,26
394,51.52266874299009,1544,7.0,0.39152976870536804,752,961,229,232
288,51.556038347098244,1545,2.0,0.16395749151706696,482,185,30,26
341,51.556038347098244,1545,2.0,0.6256351470947266,558,461,80,70
348,51.556038347098244,1545,2.0,0.6647871136665344,312,286,49,36
352,51.556038347098244,1545,2.0,0.385888010263443,763,271,55,62
334,51.556038347098244,1545,2.0,0.8075329661369324,390,393,63,55
379,51.556038347098244,1545,2.0,0.24866297841072083,227,172,33,32
387,51.556038347098244,1545,2.0,0.8112092614173889,1626,565,165,78
391,51.556038347098244,1545,2.0,0.5595117211341858,764,280,56,55
314,51.556038347098244,1545,2.0,0.22001037001609802,645,223,37,27
372,51.556038347098244,1545,13.0,0.2738841772079468,1403,637,1029,609
288,51.5894079512064,1546,2.0,0.1919650137424469,481,185,30,25
341,51.5894079512064,1546,2.0,0.6943649649620056,563,467,83,69
348,51.5894079512064,1546,2.0,0.6045933961868286,313,289,51,38
352,51.5894079512064,1546,2.0,0.31841662526130676,757,269,56,62
334,51.5894079512064,1546,2.0,0.7623476982116699,392,397,63,59
379,51.5894079512064,1546,2.0,0.32703980803489685,228,173,31,36
387,51.5894079512064,1546,2.0,0.8465302586555481,1600,556,160,76
391,51.5894079512064,1546,2.0,0.42539823055267334,758,283,58,42
314,51.5894079512064,1546,2.0,0.27415168285369873,642,223,35,27
372,51.5894079512064,1546,13.0,0.2225813865661621,1405,640,1024,621
288,51.622777555314556,1547,2.0,0.13658589124679565,480,185,29,25
341,51.622777555314556,1547,2.0,0.7018693685531616,569,474,84,72
348,51.622777555314556,1547,2.0,0.5931138396263123,314,290,49,40
352,51.622777555314556,1547,2.0,0.22697366774082184,751,269,61,62
334,51.622777555314556,1547,2.0,0.7916311621665955,394,399,64,61
379,51.622777555314556,1547,2.0,0.37218156456947327,228,174,31,37
387,51.622777555314556,1547,2.0,0.9004470705986023,1575,547,157,74
391,51.622777555314556,1547,2.0,0.35554277896881104,751,280,60,44
314,51.622777555314556,1547,2.0,0.2224263846874237,640,222,33,26
372,51.622777555314556,1547,13.0,0.10669814050197601,1408,645,1020,614
288,51.65614715942271,1548,2.0,0.12132620066404343,479,184,30,25
341,51.65614715942271,1548,2.0,0.6994535326957703,574,479,85,73
348,51.65614715942271,1548,2.0,0.5477031469345093,317,291,53,42
352,51.65614715942271,1548,2.0,0.4577464163303375,747,268,61,60
334,51.65614715942271,1548,2.0,0.6966887712478638,395,403,64,63
379,51.65614715942271,1548,2.0,0.3756614923477173,228,174,31,38
387,51.65614715942271,1548,2.0,0.7198696732521057,1553,539,153,72
314,51.65614715942271,1548,2.0,0.21974174678325653,638,220,33,25
372,51.65614715942271,1548,13.0,0.24843499064445496,1402,635,1030,619
341,51.68951676353086,1549,2.0,0.7257902026176453,581,486,87,78
348,51.68951676353086,1549,2.0,0.6451104879379272,318,292,54,43
352,51.68951676353086,1549,2.0,0.32231512665748596,744,268,58,59
334,51.68951676353086,1549,2.0,0.683922290802002,397,408,64,62
379,51.68951676353086,1549,2.0,0.4047950804233551,228,173,32,38
387,51.68951676353086,1549,2.0,0.8616091012954712,1531,530,150,71
314,51.68951676353086,1549,2.0,0.26311352849006653,635,219,32,24
372,51.68951676353086,1549,13.0,0.18139655888080597,1405,642,1025,615
341,51.72288636763901,1550,2.0,0.7431071996688843,586,493,87,77
348,51.72288636763901,1550,2.0,0.663867175579071,321,295,59,44
352,51.72288636763901,1550,2.0,0.45713886618614197,740,265,60,56
334,51.72288636763901,1550,2.0,0.6321442127227783,400,411,64,63
379,51.72288636763901,1550,2.0,0.37902817130088806,228,174,32,39
387,51.72288636763901,1550,2.0,0.7959207892417908,1510,523,143,70
314,51.72288636763901,1550,2.0,0.350203275680542,631,218,32,22
372,51.72288636763901,1550,13.0,0.10279674082994461,1409,647,1018,605
341,51.75625597174717,1551,2.0,0.68502277135849,592,500,92,78
348,51.75625597174717,1551,2.0,0.6365568041801453,323,296,62,44
352,51.75625597174717,1551,2.0,0.3518776297569275,736,264,63,54
334,51.75625597174717,1551,2.0,0.6652317047119141,404,415,65,65
379,51.75625597174717,1551,2.0,0.3521789312362671,229,175,33,38
387,51.75625597174717,1551,2.0,0.8080870509147644,1489,516,139,69
314,51.75625597174717,1551,2.0,0.1685563027858734,628,217,31,19
372,51.75625597174717,1551,13.0,0.15933769941329956,1406,645,1020,585
403,51.75625597174717,1551,2.0,0.42399361729621887,743,259,52,44
341,51.789625575855325,1552,2.0,0.7191754579544067,600,508,95,79
348,51.789625575855325,1552,2.0,0.7062355279922485,323,298,59,44
352,51.789625575855325,1552,2.0,0.4215669333934784,734,261,65,52
334,51.789625575855325,1552,2.0,0.6520469188690186,406,420,66,65
379,51.789625575855325,1552,2.0,0.36308208107948303,228,175,33,37
387,51.789625575855325,1552,2.0,0.7994109988212585,1468,508,135,67
314,51.789625575855325,1552,2.0,0.1564532220363617,625,215,30,19
372,51.789625575855325,1552,13.0,0.19474606215953827,1408,646,1017,575
341,51.82299517996348,1553,2.0,0.6667250394821167,607,515,94,84
348,51.82299517996348,1553,2.0,0.607819139957428,323,300,56,42
352,51.82299517996348,1553,2.0,0.5186202526092529,731,258,66,47
334,51.82299517996348,1553,2.0,0.7216800451278687,408,423,68,68
379,51.82299517996348,1553,2.0,0.3491969704627991,229,176,34,38
387,51.82299517996348,1553,2.0,0.7917635440826416,1448,502,131,66
372,51.82299517996348,1553,13.0,0.2437630146741867,1407,646,1017,574
406,51.82299517996348,1553,2.0,0.35630273818969727,229,181,31,28
341,51.85636478407164,1554,2.0,0.6130924224853516,613,523,98,85
348,51.85636478407164,1554,2.0,0.6882607340812683,325,301,58,43
352,51.85636478407164,1554,2.0,0.3297756612300873,724,258,64,49
334,51.85636478407164,1554,2.0,0.6298955678939819,410,428,67,69
379,51.85636478407164,1554,2.0,0.3569466769695282,229,176,35,40
387,51.85636478407164,1554,2.0,0.7195810675621033,1430,494,127,65
372,51.85636478407164,1554,13.0,0.32921406626701355,1406,645,1020,576
406,51.85636478407164,1554,2.0,0.36053016781806946,230,182,31,29
341,51.88973438817979,1555,2.0,0.7648600339889526,620,531,101,88
348,51.88973438817979,1555,2.0,0.6970915794372559,325,303,54,41
352,51.88973438817979,1555,2.0,0.49537575244903564,718,257,65,50
334,51.88973438817979,1555,2.0,0.6171334385871887,413,433,65,68
379,51.88973438817979,1555,2.0,0.3240126967430115,231,177,35,41
387,51.88973438817979,1555,2.0,0.7982562184333801,1412,487,125,63
372,51.88973438817979,1555,13.0,0.15461407601833344,1406,647,1020,577
406,51.88973438817979,1555,2.0,0.40292543172836304,232,183,31,28
341,51.92310399228794,1556,2.0,0.7943101525306702,626,538,97,91
348,51.92310399228794,1556,2.0,0.5993781685829163,328,306,55,42
352,51.92310399228794,1556,2.0,0.3966132402420044,713,254,66,47
334,51.92310399228794,1556,2.0,0.7364198565483093,416,439,64,69
379,51.92310399228794,1556,2.0,0.28826257586479187,232,177,33,41
387,51.92310399228794,1556,2.0,0.8147708177566528,1395,480,126,64
372,51.92310399228794,1556,13.0,0.13366183638572693,1406,648,1023,600
406,51.92310399228794,1556,2.0,0.3680407404899597,233,184,29,27
288,51.92310399228794,1556,2.0,0.2948964834213257,464,177,31,26
341,51.956473596396094,1557,2.0,0.7291979193687439,635,547,98,91
348,51.956473596396094,1557,2.0,0.793899655342102,329,308,55,43
352,51.956473596396094,1557,2.0,0.40490445494651794,709,253,70,47
334,51.956473596396094,1557,2.0,0.8373981714248657,419,444,66,70
379,51.956473596396094,1557,2.0,0.2649407386779785,232,177,33,41
387,51.956473596396094,1557,2.0,0.7981886267662048,1376,474,120,62
372,51.956473596396094,1557,13.0,0.10373222082853317,1405,643,1025,615
406,51.956473596396094,1557,2.0,0.39645811915397644,234,185,30,26
288,51.956473596396094,1557,2.0,0.3692508935928345,462,176,31,26
341,51.989843200504254,1558,2.0,0.6992319226264954,643,557,104,93
348,51.989843200504254,1558,2.0,0.7830201387405396,330,310,56,44
352,51.989843200504254,1558,2.0,0.45400121808052063,698,256,58,39
334,51.989843200504254,1558,2.0,0.8262307643890381,423,448,70,70
379,51.989843200504254,1558,2.0,0.2771572470664978,232,176,32,42
387,51.989843200504254,1558,2.0,0.7799014449119568,1360,469,118,60
372,51.989843200504254,1558,13.0,0.14935779571533203,1404,647,1024,592
406,51.989843200504254,1558,2.0,0.4132625460624695,233,185,29,26
288,51.989843200504254,1558,2.0,0.2922515571117401,461,176,30,26
341,52.023212804612406,1559,2.0,0.4692378342151642,653,565,106,94
348,52.023212804612406,1559,2.0,0.7089568972587585,330,312,56,44
352,52.023212804612406,1559,2.0,0.3188580572605133,690,257,50,34
334,52.023212804612406,1559,2.0,0.7185031771659851,425,453,69,71
379,52.023212804612406,1559,2.0,0.28940895199775696,231,175,31,41
387,52.023212804612406,1559,2.0,0.8339276313781738,1343,463,116,58
372,52.023212804612406,1559,13.0,0.2141299992799759,1403,646,1028,608
406,52.023212804612406,1559,2.0,0.33586248755455017,233,186,28,27
288,52.023212804612406,1559,2.0,0.2500387132167816,460,176,29,25
341,52.05658240872056,1560,2.0,0.6723505854606628,662,575,109,95
348,52.05658240872056,1560,2.0,0.6530863046646118,331,314,57,45
352,52.05658240872056,1560,2.0,0.3104683458805084,687,255,48,35
334,52.05658240872056,1560,2.0,0.6596216559410095,430,459,72,73
387,52.05658240872056,1560,2.0,0.7822127938270569,1328,458,112,57
372,52.05658240872056,1560,13.0,0.20257781445980072,1402,644,1031,620
406,52.05658240872056,1560,2.0,0.2711889147758484,232,187,28,24
288,52.05658240872056,1560,2.0,0.23006115853786469,460,176,29,24
415,52.05658240872056,1560,2.0,0.40088245272636414,204,163,31,22
341,52.08995201282871,1561,2.0,0.6367937326431274,670,585,112,99
348,52.08995201282871,1561,2.0,0.5901134610176086,332,317,57,46
352,52.08995201282871,1561,2.0,0.3958747386932373,688,250,59,41
334,52.08995201282871,1561,2.0,0.712873637676239,433,465,72,73
387,52.08995201282871,1561,2.0,0.856502890586853,1312,452,108,58
372,52.08995201282871,1561,13.0,0.10753235220909119,1403,646,1029,623
406,52.08995201282871,1561,2.0,0.28908488154411316,232,188,27,23
288,52.08995201282871,1561,2.0,0.14848387241363525,458,176,30,25
415,52.08995201282871,1561,2.0,0.4295812249183655,208,163,41,24
341,52.12332161693687,1562,2.0,0.685432493686676,679,595,114,103
348,52.12332161693687,1562,2.0,0.600125253200531,334,319,59,47
352,52.12332161693687,1562,2.0,0.5048967003822327,688,247,67,42
334,52.12332161693687,1562,2.0,0.7383559942245483,436,470,74,73
387,52.12332161693687,1562,2.0,0.8003776669502258,1298,446,106,58
406,52.12332161693687,1562,2.0,0.30807435512542725,232,188,28,22
415,52.12332161693687,1562,2.0,0.4730747640132904,210,163,43,24
341,52.15669122104502,1563,2.0,0.5580132603645325,690,607,116,104
348,52.15669122104502,1563,2.0,0.7715349793434143,335,321,58,45
352,52.15669122104502,1563,2.0,0.5365728139877319,685,246,71,42
334,52.15669122104502,1563,2.0,0.6656657457351685,438,476,72,74
387,52.15669122104502,1563,2.0,0.8255293369293213,1284,440,106,57
406,52.15669122104502,1563,2.0,0.2601727843284607,233,188,30,21
415,52.15669122104502,1563,2.0,0.49273017048835754,209,163,41,24
341,52.190060825153175,1564,2.0,0.6428532004356384,699,618,119,106
348,52.190060825153175,1564,2.0,0.7464761137962341,337,323,59,45
352,52.190060825153175,1564,2.0,0.28824928402900696,682,245,72,41
334,52.190060825153175,1564,2.0,0.5960178375244141,442,481,75,74
387,52.190060825153175,1564,2.0,0.8230834603309631,1269,435,104,56
406,52.190060825153175,1564,2.0,0.19079189002513885,236,189,34,21
415,52.190060825153175,1564,2.0,0.4757004380226135,207,162,36,23
341,52.22343042926133,1565,2.0,0.5602195262908936,709,629,120,111
348,52.22343042926133,1565,2.0,0.7717128396034241,339,325,59,46
352,52.22343042926133,1565,2.0,0.5699966549873352,668,245,55,35
334,52.22343042926133,1565,2.0,0.6208849549293518,447,488,78,76
387,52.22343042926133,1565,2.0,0.8199611902236938,1256,430,104,56
406,52.22343042926133,1565,2.0,0.29528307914733887,239,190,35,22
415,52.22343042926133,1565,2.0,0.3836480677127838,206,162,33,23
341,52.25680003336949,1566,2.0,0.7231332659721375,721,642,124,115
348,52.25680003336949,1566,2.0,0.6188234090805054,342,327,62,48
352,52.25680003336949,1566,2.0,0.5434117913246155,662,246,49,32
334,52.25680003336949,1566,2.0,0.6758809685707092,450,496,76,77
387,52.25680003336949,1566,2.0,0.831298828125,1242,426,102,55
406,52.25680003336949,1566,2.0,0.28957629203796387,240,191,36,22
415,52.25680003336949,1566,2.0,0.3585962653160095,206,162,32,23
425,52.25680003336949,1566,2.0,0.3949539065361023,698,240,35,31
341,52.29016963747764,1567,2.0,0.5165961980819702,733,654,128,121
348,52.29016963747764,1567,2.0,0.7149643301963806,343,330,61,50
352,52.29016963747764,1567,2.0,0.37274041771888733,657,244,44,31
334,52.29016963747764,1567,2.0,0.5713315010070801,457,501,81,79
387,52.29016963747764,1567,2.0,0.8088347315788269,1230,421,100,54
406,52.29016963747764,1567,2.0,0.2940331995487213,241,192,35,21
415,52.29016963747764,1567,2.0,0.3387792110443115,206,162,32,23
341,52.32353924158579,1568,2.0,0.7617980241775513,746,668,132,123
348,52.32353924158579,1568,2.0,0.636786937713623,344,333,61,49
352,52.32353924158579,1568,2.0,0.3852587938308716,653,242,40,33
334,52.32353924158579,1568,2.0,0.35865503549575806,459,507,81,83
387,52.32353924158579,1568,2.0,0.7580472230911255,1215,417,99,53
406,52.32353924158579,1568,2.0,0.2598511278629303,241,193,34,22
415,52.32353924158579,1568,2.0,0.35947105288505554,207,162,33,23
428,52.32353924158579,1568,2.0,0.5674291849136353,480,505,124,90
429,52.32353924158579,1568,2.0,0.6802883744239807,1858,667,121,82
341,52.356908845693944,1569,2.0,0.4724208116531372,757,681,137,128
348,52.356908845693944,1569,2.0,0.589903712272644,347,336,63,51
352,52.356908845693944,1569,2.0,0.46309947967529297,654,240,54,35
334,52.356908845693944,1569,2.0,0.5305516719818115,464,515,80,83
387,52.356908845693944,1569,2.0,0.8097808957099915,1203,412,97,53
406,52.356908845693944,1569,2.0,0.17522457242012024,240,195,34,23
415,52.356908845693944,1569,2.0,0.39501267671585083,208,162,36,24
428,52.356908845693944,1569,2.0,0.26725348830223083,483,509,124,94
429,52.356908845693944,1569,2.0,0.7876204252243042,1845,659,147,87
341,52.3902784498021,1570,2.0,0.6931326985359192,770,696,140,131
348,52.3902784498021,1570,2.0,0.5934703350067139,348,338,62,53
352,52.3902784498021,1570,2.0,0.3425556421279907,646,238,48,33
334,52.3902784498021,1570,2.0,0.6707350611686707,467,522,81,82
387,52.3902784498021,1570,2.0,0.8111414909362793,1191,408,97,51
406,52.3902784498021,1570,2.0,0.15358884632587433,240,196,36,24
415,52.3902784498021,1570,2.0,0.3899698257446289,208,162,36,24
429,52.3902784498021,1570,2.0,0.8421523571014404,1830,647,177,87
341,52.423648053910256,1571,2.0,0.6179414391517639,783,710,145,136
348,52.423648053910256,1571,2.0,0.6137903928756714,352,340,65,53
352,52.423648053910256,1571,2.0,0.4635689854621887,641,237,43,30
334,52.423648053910256,1571,2.0,0.6837069988250732,470,529,82,86
387,52.423648053910256,1571,2.0,0.799537718296051,1179,404,93,48
406,52.423648053910256,1571,2.0,0.21178418397903442,240,196,35,24
415,52.423648053910256,1571,2.0,0.4102443754673004,208,163,36,24
429,52.423648053910256,1571,2.0,0.8936838507652283,1812,636,204,88
341,52.45701765801841,1572,2.0,0.763408362865448,797,726,149,140
348,52.45701765801841,1572,2.0,0.7217859029769897,354,341,64,53
352,52.45701765801841,1572,2.0,0.30784690380096436,636,236,38,29
334,52.45701765801841,1572,2.0,0.7204773426055908,475,536,84,90
387,52.45701765801841,1572,2.0,0.770306408405304,1167,400,90,49
406,52.45701765801841,1572,2.0,0.20221753418445587,240,197,35,24
415,52.45701765801841,1572,2.0,0.35237959027290344,208,163,36,24
429,52.45701765801841,1572,2.0,0.8445923924446106,1784,625,211,85
341,52.49038726212656,1573,2.0,0.6996266841888428,812,741,154,145
348,52.49038726212656,1573,2.0,0.637269139289856,359,345,72,51
352,52.49038726212656,1573,2.0,0.26709944009780884,632,234,41,30
334,52.49038726212656,1573,2.0,0.6321555376052856,479,543,85,91
387,52.49038726212656,1573,2.0,0.7511138916015625,1155,394,86,52
406,52.49038726212656,1573,2.0,0.13970373570919037,240,198,35,24
415,52.49038726212656,1573,2.0,0.35248512029647827,208,163,35,24
429,52.49038726212656,1573,2.0,0.8523812890052795,1752,613,204,85
341,52.52375686623472,1574,2.0,0.6230593323707581,827,758,158,150
348,52.52375686623472,1574,2.0,0.6411396265029907,359,349,69,49
352,52.52375686623472,1574,2.0,0.3226366341114044,628,233,40,30
334,52.52375686623472,1574,2.0,0.7668903470039368,485,552,86,94
387,52.52375686623472,1574,2.0,0.8237841725349426,1146,390,87,52
415,52.52375686623472,1574,2.0,0.3363802134990692,207,162,35,24
429,52.52375686623472,1574,2.0,0.8500261306762695,1721,602,198,80
341,52.55712647034287,1575,2.0,0.5429707169532776,844,777,163,152
348,52.55712647034287,1575,2.0,0.5958260893821716,360,352,66,50
352,52.55712647034287,1575,2.0,0.3620671331882477,624,234,40,28
334,52.55712647034287,1575,2.0,0.6832913756370544,490,560,86,96
387,52.55712647034287,1575,2.0,0.819600522518158,1134,387,87,51
415,52.55712647034287,1575,2.0,0.3186551332473755,207,162,33,24
429,52.55712647034287,1575,2.0,0.8747794032096863,1691,593,193,78
341,52.590496074451025,1576,2.0,0.7817816734313965,860,795,169,158
348,52.590496074451025,1576,2.0,0.6009705066680908,361,354,64,52
352,52.590496074451025,1576,2.0,0.3355768322944641,620,234,38,26
334,52.590496074451025,1576,2.0,0.6326911449432373,493,569,89,97
387,52.590496074451025,1576,2.0,0.8330785036087036,1124,384,84,50
415,52.590496074451025,1576,2.0,0.2679087817668915,206,163,32,24
429,52.590496074451025,1576,2.0,0.8594090938568115,1662,582,185,76
341,52.62386567855918,1577,2.0,0.687056303024292,878,815,175,165
348,52.62386567855918,1577,2.0,0.5255711674690247,360,358,61,52
352,52.62386567855918,1577,2.0,0.26925167441368103,615,231,37,27
334,52.62386567855918,1577,2.0,0.5677531361579895,499,577,93,99
387,52.62386567855918,1577,2.0,0.7975543737411499,1113,380,85,50
415,52.62386567855918,1577,2.0,0.24793942272663116,206,164,32,26
429,52.62386567855918,1577,2.0,0.8055080771446228,1635,573,178,75
341,52.65723528266734,1578,2.0,0.7008941769599915,896,836,180,170
348,52.65723528266734,1578,2.0,0.5624877214431763,363,361,61,54
352,52.65723528266734,1578,2.0,0.28621912002563477,613,229,37,29
334,52.65723528266734,1578,2.0,0.6362650990486145,505,586,94,102
387,52.65723528266734,1578,2.0,0.7624543309211731,1103,377,82,48
415,52.65723528266734,1578,2.0,0.24290750920772552,207,164,33,27
429,52.65723528266734,1578,2.0,0.8102834224700928,1608,563,170,73
341,52.69060488677549,1579,2.0,0.6331899166107178,916,858,186,178
348,52.69060488677549,1579,2.0,0.7170459032058716,365,364,60,54
352,52.69060488677549,1579,2.0,0.2456018626689911,611,228,39,30
334,52.69060488677549,1579,2.0,0.6530383229255676,511,594,95,106
387,52.69060488677549,1579,2.0,0.7960513830184937,1094,374,80,47
415,52.69060488677549,1579,2.0,0.25324028730392456,207,165,33,27
429,52.69060488677549,1579,2.0,0.8641678094863892,1583,554,168,71
341,52.72397449088364,1580,2.0,0.7029358744621277,937,881,194,187
348,52.72397449088364,1580,2.0,0.7575092911720276,367,366,60,54
352,52.72397449088364,1580,2.0,0.1994979828596115,608,226,36,30
334,52.72397449088364,1580,2.0,0.5953393578529358,517,604,99,109
387,52.72397449088364,1580,2.0,0.7695000171661377,1082,371,79,47
415,52.72397449088364,1580,2.0,0.19516843557357788,207,165,33,28
429,52.72397449088364,1580,2.0,0.8363807797431946,1558,545,162,69
341,52.757344094991794,1581,2.0,0.6283027529716492,959,906,203,197
348,52.757344094991794,1581,2.0,0.7083209156990051,368,368,60,56
352,52.757344094991794,1581,2.0,0.1478377729654312,605,224,33,30
334,52.757344094991794,1581,2.0,0.5242652893066406,522,613,101,112
387,52.757344094991794,1581,2.0,0.7702609896659851,1073,367,80,45
415,52.757344094991794,1581,2.0,0.19609002768993378,208,164,35,28
429,52.757344094991794,1581,2.0,0.8433781862258911,1536,538,157,69
341,52.79071369909995,1582,2.0,0.7318532466888428,984,933,214,208
348,52.79071369909995,1582,2.0,0.7859818339347839,369,371,60,56
352,52.79071369909995,1582,2.0,0.13404516875743866,602,223,37,30
334,52.79071369909995,1582,2.0,0.7096737027168274,530,625,100,113
387,52.79071369909995,1582,2.0,0.7590039372444153,1063,364,78,48
415,52.79071369909995,1582,2.0,0.19422151148319244,208,164,34,28
429,52.79071369909995,1582,2.0,0.813454806804657,1514,529,151,67
341,52.824083303208106,1583,2.0,0.46163105964660645,1002,945,211,190
348,52.824083303208106,1583,2.0,0.8118308782577515,370,376,61,57
352,52.824083303208106,1583,2.0,0.21001219749450684,596,222,38,28
334,52.824083303208106,1583,2.0,0.6060594916343689,536,635,105,120
387,52.824083303208106,1583,2.0,0.718988835811615,1055,360,78,48
415,52.824083303208106,1583,2.0,0.18513339757919312,208,163,35,28
429,52.824083303208106,1583,2.0,0.802629292011261,1493,520,148,65
341,52.85745290731626,1584,2.0,0.7977096438407898,1034,973,229,196
348,52.85745290731626,1584,2.0,0.7061821222305298,374,378,60,58
352,52.85745290731626,1584,2.0,0.2300589680671692,593,222,37,26
334,52.85745290731626,1584,2.0,0.7107377052307129,545,645,110,122
387,52.85745290731626,1584,2.0,0.7423587441444397,1045,358,78,46
429,52.85745290731626,1584,2.0,0.7902857065200806,1473,513,146,63
443,52.85745290731626,1584,2.0,0.3764033019542694,568,643,158,128
341,52.89082251142442,1585,2.0,0.7721718549728394,1063,990,240,178
348,52.89082251142442,1585,2.0,0.6007747054100037,379,381,65,61
352,52.89082251142442,1585,2.0,0.28074711561203003,589,222,36,27
334,52.89082251142442,1585,2.0,0.7467961311340332,551,658,113,124
387,52.89082251142442,1585,2.0,0.7696971893310547,1035,355,76,45
429,52.89082251142442,1585,2.0,0.8695111274719238,1452,507,143,61
341,52.92419211553257,1586,2.0,0.5909299850463867,1084,1004,234,150
348,52.92419211553257,1586,2.0,0.567952036857605,382,384,68,62
352,52.92419211553257,1586,2.0,0.2979032099246979,587,219,37,29
334,52.92419211553257,1586,2.0,0.5698005557060242,557,670,116,125
387,52.92419211553257,1586,2.0,0.6943787932395935,1027,351,74,42
429,52.92419211553257,1586,2.0,0.7714102268218994,1431,500,138,60
341,52.95756171964072,1587,2.0,0.508044958114624,1104,1020,225,118
348,52.95756171964072,1587,2.0,0.6634281277656555,385,387,69,60
352,52.95756171964072,1587,2.0,0.3623456060886383,584,219,36,27
334,52.95756171964072,1587,2.0,0.5995765328407288,564,683,117,129
387,52.95756171964072,1587,2.0,0.7388356328010559,1020,348,72,39
429,52.95756171964072,1587,2.0,0.7759145498275757,1412,492,134,60
341,52.990931323748875,1588,2.0,0.4236382246017456,1122,1036,204,86
348,52.990931323748875,1588,2.0,0.7099693417549133,386,392,69,58
352,52.990931323748875,1588,2.0,0.3463914096355438,580,217,31,27
334,52.990931323748875,1588,2.0,0.5541514158248901,571,696,115,134
387,52.990931323748875,1588,2.0,0.7432724833488464,1010,344,74,40
429,52.990931323748875,1588,2.0,0.8777776956558228,1393,484,131,60
448,52.990931323748875,1588,2.0,0.4022831618785858,632,216,31,27
348,53.024300927857034,1589,2.0,0.6611159443855286,388,396,69,58
352,53.024300927857034,1589,2.0,0.24358181655406952,578,214,29,29
334,53.024300927857034,1589,2.0,0.7620108127593994,581,710,120,136
387,53.024300927857034,1589,2.0,0.793951690196991,1003,341,73,40
429,53.024300927857034,1589,2.0,0.879943311214447,1375,479,129,57
348,53.05767053196519,1590,2.0,0.7400222420692444,396,400,79,62
352,53.05767053196519,1590,2.0,0.3069157898426056,577,213,32,29
334,53.05767053196519,1590,2.0,0.6845864057540894,590,723,123,141
387,53.05767053196519,1590,2.0,0.7316798567771912,994,339,70,41
429,53.05767053196519,1590,2.0,0.840604305267334,1358,473,125,57
348,53.09104013607334,1591,2.0,0.7199646830558777,397,403,74,64
352,53.09104013607334,1591,2.0,0.25892961025238037,572,212,35,29
334,53.09104013607334,1591,2.0,0.7176335453987122,599,739,126,144
387,53.09104013607334,1591,2.0,0.731944739818573,986,337,72,42
429,53.09104013607334,1591,2.0,0.8485321402549744,1341,466,122,55
348,53.12440974018149,1592,2.0,0.676976203918457,396,407,67,65
352,53.12440974018149,1592,2.0,0.2870923578739166,569,211,35,28
334,53.12440974018149,1592,2.0,0.775806725025177,607,754,129,147
387,53.12440974018149,1592,2.0,0.7355368733406067,978,333,72,40
429,53.12440974018149,1592,2.0,0.8344883322715759,1325,460,123,55
453,53.12440974018149,1592,2.0,0.37444329261779785,253,207,34,24
348,53.15777934428965,1593,2.0,0.5393152236938477,399,410,72,64
352,53.15777934428965,1593,2.0,0.3219388425350189,565,211,35,29
334,53.15777934428965,1593,2.0,0.6761947274208069,617,771,132,154
387,53.15777934428965,1593,2.0,0.7662579417228699,970,331,69,41
429,53.15777934428965,1593,2.0,0.8660752177238464,1309,455,119,56
453,53.15777934428965,1593,2.0,0.331982284784317,253,207,33,24
348,53.1911489483978,1594,2.0,0.5573246479034424,401,415,74,63
352,53.1911489483978,1594,2.0,0.26505184173583984,562,211,34,29
334,53.1911489483978,1594,2.0,0.6667316555976868,628,787,138,160
387,53.1911489483978,1594,2.0,0.7153220176696777,963,328,71,41
429,53.1911489483978,1594,2.0,0.8193800449371338,1292,449,116,55
453,53.1911489483978,1594,2.0,0.3502119183540344,254,209,32,24
348,53.224518552505955,1595,2.0,0.5366994142532349,402,420,70,64
352,53.224518552505955,1595,2.0,0.4333520829677582,559,210,35,29
334,53.224518552505955,1595,2.0,0.6911308169364929,639,804,141,167
387,53.224518552505955,1595,2.0,0.7407055497169495,956,325,68,40
429,53.224518552505955,1595,2.0,0.870955228805542,1278,443,113,54
453,53.224518552505955,1595,2.0,0.3060004413127899,255,210,32,23
348,53.25788815661411,1596,2.0,0.5983465313911438,404,423,68,64
352,53.25788815661411,1596,2.0,0.35736119747161865,557,209,34,28
334,53.25788815661411,1596,2.0,0.6147321462631226,648,823,144,173
387,53.25788815661411,1596,2.0,0.7911772131919861,948,322,66,39
429,53.25788815661411,1596,2.0,0.8575171232223511,1263,438,110,54
453,53.25788815661411,1596,2.0,0.3529621958732605,256,210,34,23
348,53.29125776072227,1597,2.0,0.5023443698883057,406,427,66,66
352,53.29125776072227,1597,2.0,0.29727625846862793,556,207,34,30
334,53.29125776072227,1597,2.0,0.6350423097610474,662,841,151,179
387,53.29125776072227,1597,2.0,0.7269214987754822,941,320,66,39
429,53.29125776072227,1597,2.0,0.8014748096466064,1249,434,110,54
453,53.29125776072227,1597,2.0,0.24384985864162445,257,211,34,23
348,53.32462736483042,1598,2.0,0.5372989177703857,410,432,67,67
352,53.32462736483042,1598,2.0,0.16412149369716644,555,206,36,32
334,53.32462736483042,1598,2.0,0.5910484790802002,674,859,156,186
387,53.32462736483042,1598,2.0,0.7505552768707275,934,318,66,38
429,53.32462736483042,1598,2.0,0.8123192191123962,1235,428,107,52
453,53.32462736483042,1598,2.0,0.2410702109336853,257,211,32,24
348,53.35799696893857,1599,2.0,0.5223523378372192,412,435,69,69
352,53.35799696893857,1599,2.0,0.20542772114276886,550,205,37,34
334,53.35799696893857,1599,13.0,0.14982935786247253,687,894,159,221
387,53.35799696893857,1599,2.0,0.7089537978172302,927,316,63,37
429,53.35799696893857,1599,2.0,0.7607778906822205,1221,424,106,51
453,53.35799696893857,1599,2.0,0.20788101851940155,258,211,34,24
348,53.391366573046724,1600,2.0,0.6903314590454102,414,441,70,70
352,53.391366573046724,1600,2.0,0.280200719833374,544,202,42,38
334,53.391366573046724,1600,2.0,0.2037067413330078,701,914,166,219
387,53.391366573046724,1600,2.0,0.740938127040863,920,314,64,39
429,53.391366573046724,1600,2.0,0.8448624610900879,1207,418,105,49
453,53.391366573046724,1600,2.0,0.14482136070728302,260,212,35,25
348,53.424736177154884,1601,2.0,0.7614553570747375,418,446,72,72
352,53.424736177154884,1601,2.0,0.13960713148117065,544,201,45,39
334,53.424736177154884,1601,2.0,0.44815269112586975,711,931,164,212
387,53.424736177154884,1601,2.0,0.6955826282501221,912,311,62,38
429,53.424736177154884,1601,2.0,0.7599479556083679,1194,413,104,51
453,53.424736177154884,1601,2.0,0.1622300148010254,261,213,35,25
348,53.458105781263036,1602,2.0,0.6450585722923279,421,451,72,73
334,53.458105781263036,1602,2.0,0.14109551906585693,745,954,208,218
387,53.458105781263036,1602,2.0,0.738305926322937,906,308,61,38
429,53.458105781263036,1602,2.0,0.7564327716827393,1181,409,101,49
453,53.458105781263036,1602,2.0,0.14276853203773499,261,215,35,24
348,53.49147538537119,1603,2.0,0.6054965853691101,423,455,73,73
334,53.49147538537119,1603,7.0,0.20324505865573883,772,971,238,216
387,53.49147538537119,1603,2.0,0.7586011290550232,899,307,62,37
429,53.49147538537119,1603,2.0,0.7391448616981506,1169,406,99,47
453,53.49147538537119,1603,2.0,0.15639619529247284,264,218,38,25
348,53.52484498947934,1604,2.0,0.454361230134964,430,461,77,76
387,53.52484498947934,1604,2.0,0.7202332019805908,893,304,60,37
429,53.52484498947934,1604,2.0,0.7407144904136658,1157,401,96,47
453,53.52484498947934,1604,2.0,0.23902638256549835,266,220,39,27
348,53.5582145935875,1605,2.0,0.5304117798805237,434,466,77,76
387,53.5582145935875,1605,2.0,0.700480580329895,886,302,62,37
429,53.5582145935875,1605,2.0,0.756367564201355,1145,397,95,45
453,53.5582145935875,1605,2.0,0.34165114164352417,267,220,40,28
348,53.59158419769565,1606,2.0,0.6440768837928772,437,471,80,78
387,53.59158419769565,1606,2.0,0.7063621878623962,881,300,62,36
429,53.59158419769565,1606,2.0,0.7174950242042542,1135,392,93,45
453,53.59158419769565,1606,2.0,0.36506664752960205,267,221,40,29
352,53.59158419769565,1606,2.0,0.40144145488739014,520,194,46,35
348,53.624953801803805,1607,2.0,0.6726827025413513,439,476,78,78
387,53.624953801803805,1607,2.0,0.7286198735237122,876,297,60,36
429,53.624953801803805,1607,2.0,0.7870016694068909,1124,388,89,46
453,53.624953801803805,1607,2.0,0.2808411121368408,267,222,38,30
352,53.624953801803805,1607,2.0,0.29970112442970276,515,194,38,35
348,53.65832340591196,1608,2.0,0.6031073331832886,443,482,80,82
387,53.65832340591196,1608,2.0,0.6203258633613586,870,297,59,36
429,53.65832340591196,1608,2.0,0.8216674327850342,1113,384,87,46
453,53.65832340591196,1608,2.0,0.37033969163894653,268,223,37,31
352,53.65832340591196,1608,2.0,0.25955063104629517,513,194,35,35
348,53.69169301002012,1609,2.0,0.5985262989997864,446,487,82,84
387,53.69169301002012,1609,2.0,0.6414976119995117,864,295,59,38
429,53.69169301002012,1609,2.0,0.8224208354949951,1102,381,86,46
453,53.69169301002012,1609,2.0,0.37830591201782227,270,223,37,31
348,53.72506261412827,1610,2.0,0.5695515275001526,450,492,86,86
387,53.72506261412827,1610,2.0,0.7320654392242432,858,293,59,36
429,53.72506261412827,1610,2.0,0.7788713574409485,1090,378,87,44
453,53.72506261412827,1610,2.0,0.2706270217895508,271,224,36,30
348,53.75843221823642,1611,2.0,0.5270626544952393,454,498,88,87
387,53.75843221823642,1611,2.0,0.7043428421020508,852,290,59,36
429,53.75843221823642,1611,2.0,0.7432011365890503,1079,373,86,43
453,53.75843221823642,1611,2.0,0.27462238073349,271,224,37,31
348,53.791801822344574,1612,2.0,0.6372918486595154,458,505,87,90
387,53.791801822344574,1612,2.0,0.7141180038452148,845,288,57,37
429,53.791801822344574,1612,2.0,0.7281283736228943,1071,370,88,45
453,53.791801822344574,1612,2.0,0.23916709423065186,272,224,37,32
471,53.791801822344574,1612,13.0,0.3157728612422943,1404,646,1026,601
348,53.825171426452734,1613,2.0,0.6275565028190613,463,510,93,95
387,53.825171426452734,1613,2.0,0.6413736343383789,840,286,55,34
429,53.825171426452734,1613,2.0,0.7204533815383911,1061,367,85,46
453,53.825171426452734,1613,2.0,0.1706608682870865,274,226,39,30
471,53.825171426452734,1613,13.0,0.34563955664634705,1406,645,1021,600
348,53.858541030560886,1614,2.0,0.6098611354827881,466,517,89,93
387,53.858541030560886,1614,2.0,0.6741529703140259,835,284,56,33
429,53.858541030560886,1614,2.0,0.721498966217041,1049,363,81,46
453,53.858541030560886,1614,2.0,0.1243789792060852,276,228,40,29
471,53.858541030560886,1614,13.0,0.4288499653339386,1408,645,1018,601
348,53.89191063466904,1615,2.0,0.6127476096153259,470,523,90,100
387,53.89191063466904,1615,2.0,0.7219346761703491,829,282,56,32
429,53.89191063466904,1615,2.0,0.6679470539093018,1040,361,82,45
453,53.89191063466904,1615,2.0,0.15145811438560486,277,228,40,28
471,53.89191063466904,1615,13.0,0.39957207441329956,1409,644,1017,601
348,53.92528023877719,1616,2.0,0.5961746573448181,474,532,90,98
387,53.92528023877719,1616,2.0,0.6602782607078552,823,280,58,32
429,53.92528023877719,1616,2.0,0.6713693737983704,1029,358,78,45
453,53.92528023877719,1616,2.0,0.2032185047864914,278,229,40,27
471,53.92528023877719,1616,13.0,0.38492488861083984,1410,645,1014,601
348,53.95864984288535,1617,2.0,0.6251440644264221,477,539,89,97
387,53.95864984288535,1617,2.0,0.6084627509117126,819,278,56,33
429,53.95864984288535,1617,2.0,0.7115123271942139,1020,354,77,42
453,53.95864984288535,1617,2.0,0.24783487617969513,278,229,40,28
471,53.95864984288535,1617,13.0,0.40167635679244995,1408,645,1018,601
348,53.9920194469935,1618,2.0,0.6526222229003906,482,548,92,101
387,53.9920194469935,1618,2.0,0.6640933156013489,815,275,57,35
429,53.9920194469935,1618,2.0,0.7566284537315369,1011,350,76,41
453,53.9920194469935,1618,2.0,0.27913251519203186,279,230,40,27
471,53.9920194469935,1618,13.0,0.35936394333839417,1409,644,1016,602
348,54.025389051101655,1619,2.0,0.7245441675186157,487,556,91,101
387,54.025389051101655,1619,2.0,0.6091323494911194,810,274,58,34
429,54.025389051101655,1619,2.0,0.7788131237030029,1003,346,75,41
453,54.025389051101655,1619,2.0,0.23623067140579224,279,231,37,27
471,54.025389051101655,1619,13.0,0.32168447971343994,1410,643,1016,601
348,54.058758655209814,1620,2.0,0.5848904848098755,491,564,95,103
387,54.058758655209814,1620,2.0,0.6736754775047302,805,272,56,33
429,54.058758655209814,1620,2.0,0.618694543838501,993,343,74,43
453,54.058758655209814,1620,2.0,0.2668801546096802,280,232,36,26
471,54.058758655209814,1620,13.0,0.38769859075546265,1407,643,1021,606
348,54.09212825931797,1621,2.0,0.5420267581939697,495,573,98,104
387,54.09212825931797,1621,2.0,0.6919878125190735,801,271,55,33
429,54.09212825931797,1621,2.0,0.6548035144805908,986,340,74,42
453,54.09212825931797,1621,2.0,0.25326210260391235,280,234,37,27
471,54.09212825931797,1621,13.0,0.4303138256072998,1407,641,1021,605
348,54.12549786342612,1622,2.0,0.6149647831916809,501,581,102,107
387,54.12549786342612,1622,2.0,0.6547783017158508,795,270,55,32
429,54.12549786342612,1622,2.0,0.7557649612426758,978,337,74,42
453,54.12549786342612,1622,2.0,0.20398783683776855,281,234,36,27
471,54.12549786342612,1622,13.0,0.4007418751716614,1408,639,1019,603
474,54.12549786342612,1622,2.0,0.3451337218284607,229,181,45,33
348,54.15886746753427,1623,2.0,0.5908451676368713,507,590,103,110
387,54.15886746753427,1623,2.0,0.6276546120643616,790,269,54,33
429,54.15886746753427,1623,2.0,0.6006800532341003,969,334,74,43
453,54.15886746753427,1623,2.0,0.1743198037147522,281,234,35,27
471,54.15886746753427,1623,13.0,0.4330846965312958,1408,638,1019,604
474,54.15886746753427,1623,2.0,0.31370633840560913,228,182,42,32
348,54.19223707164243,1624,2.0,0.6151833534240723,513,599,106,113
387,54.19223707164243,1624,2.0,0.6254117488861084,785,267,56,32
429,54.19223707164243,1624,2.0,0.6224609017372131,960,331,72,43
453,54.19223707164243,1624,2.0,0.25005462765693665,281,235,34,29
471,54.19223707164243,1624,13.0,0.41320428252220154,1411,638,1013,602
474,54.19223707164243,1624,2.0,0.29920876026153564,229,183,37,29
348,54.22560667575058,1625,2.0,0.6977688074111938,519,608,105,115
387,54.22560667575058,1625,2.0,0.5864441990852356,780,266,53,34
429,54.22560667575058,1625,2.0,0.7317807674407959,951,327,71,39
453,54.22560667575058,1625,2.0,0.2284512221813202,281,236,34,29
471,54.22560667575058,1625,13.0,0.41919857263565063,1411,638,1013,605
474,54.22560667575058,1625,2.0,0.2177392840385437,228,183,35,29
348,54.258976279858736,1626,2.0,0.6245983242988586,526,617,112,119
387,54.258976279858736,1626,2.0,0.5861303210258484,775,264,50,33
429,54.258976279858736,1626,2.0,0.7104219794273376,944,325,68,38
453,54.258976279858736,1626,2.0,0.24603214859962463,282,239,35,28
471,54.258976279858736,1626,13.0,0.4109042286872864,1409,637,1016,605
474,54.258976279858736,1626,2.0,0.14176875352859497,228,183,35,28
348,54.29234588396689,1627,2.0,0.6205679774284363,535,628,120,123
387,54.29234588396689,1627,2.0,0.6077472567558289,770,263,49,33
429,54.29234588396689,1627,2.0,0.5711089372634888,937,322,67,38
453,54.29234588396689,1627,2.0,0.2596825957298279,283,242,35,28
471,54.29234588396689,1627,13.0,0.41996315121650696,1408,635,1020,607
474,54.29234588396689,1627,2.0,0.179605171084404,228,183,36,28
348,54.32571548807505,1628,2.0,0.7005958557128906,540,637,117,130
387,54.32571548807505,1628,2.0,0.6834510564804077,766,261,50,31
429,54.32571548807505,1628,2.0,0.6868147253990173,931,320,66,35
453,54.32571548807505,1628,2.0,0.2600404620170593,285,244,36,27
471,54.32571548807505,1628,13.0,0.479114294052124,1405,630,1025,621
474,54.32571548807505,1628,2.0,0.14933234453201294,229,183,39,29
348,54.3590850921832,1629,2.0,0.7329443693161011,548,647,123,137
387,54.3590850921832,1629,2.0,0.6508958339691162,763,259,48,29
429,54.3590850921832,1629,2.0,0.6405941247940063,922,317,68,37
453,54.3590850921832,1629,2.0,0.2672975957393646,285,246,37,28
471,54.3590850921832,1629,13.0,0.5009615421295166,1403,625,1029,632
474,54.3590850921832,1629,2.0,0.13775275647640228,231,184,44,29
348,54.39245469629135,1630,2.0,0.6770429611206055,554,658,125,140
387,54.39245469629135,1630,2.0,0.5589265823364258,759,258,48,28
429,54.39245469629135,1630,2.0,0.6880602240562439,915,315,65,38
453,54.39245469629135,1630,2.0,0.26432350277900696,288,247,39,29
471,54.39245469629135,1630,13.0,0.49979016184806824,1402,625,1031,633
474,54.39245469629135,1630,2.0,0.10910947620868683,232,184,45,30
348,54.425824300399505,1631,2.0,0.5976507663726807,559,672,127,141
387,54.425824300399505,1631,2.0,0.452262818813324,754,256,47,28
429,54.425824300399505,1631,2.0,0.6454837918281555,908,312,64,38
453,54.425824300399505,1631,2.0,0.264689177274704,290,248,40,29
471,54.425824300399505,1631,13.0,0.49505534768104553,1402,626,1031,637
348,54.459193904507664,1632,2.0,0.5937806963920593,565,685,127,140
387,54.459193904507664,1632,2.0,0.35511964559555054,751,255,47,28
429,54.459193904507664,1632,2.0,0.640081524848938,901,310,64,37
453,54.459193904507664,1632,2.0,0.2036164402961731,291,249,41,30
471,54.459193904507664,1632,13.0,0.5345422625541687,1399,622,1036,647
348,54.49256350861582,1633,2.0,0.6867285966873169,574,698,129,141
387,54.49256350861582,1633,2.0,0.3752976357936859,746,253,49,30
429,54.49256350861582,1633,2.0,0.5000510215759277,894,308,63,37
453,54.49256350861582,1633,2.0,0.25566330552101135,293,249,41,29
471,54.49256350861582,1633,13.0,0.5940732359886169,1399,622,1036,654
348,54.52593311272397,1634,2.0,0.5700964331626892,582,710,132,143
387,54.52593311272397,1634,2.0,0.45158419013023376,744,251,50,30
429,54.52593311272397,1634,2.0,0.5862360000610352,887,306,64,36
453,54.52593311272397,1634,2.0,0.26364606618881226,295,250,42,30
471,54.52593311272397,1634,13.0,0.48767268657684326,1400,621,1035,650
348,54.55930271683212,1635,2.0,0.6863300204277039,590,725,136,150
387,54.55930271683212,1635,2.0,0.22116141021251678,740,250,50,31
429,54.55930271683212,1635,2.0,0.5776233673095703,882,304,62,34
453,54.55930271683212,1635,2.0,0.31711021065711975,296,251,43,29
471,54.55930271683212,1635,13.0,0.4613603949546814,1401,619,1034,648
348,54.59267232094028,1636,2.0,0.7316724061965942,599,740,139,155
387,54.59267232094028,1636,2.0,0.38785672187805176,736,249,51,29
429,54.59267232094028,1636,2.0,0.5595636367797852,876,302,60,34
453,54.59267232094028,1636,2.0,0.43024176359176636,297,252,44,29
471,54.59267232094028,1636,13.0,0.43513134121894836,1402,621,1030,643
348,54.62604192504843,1637,7.0,0.42350319027900696,608,755,144,162
387,54.62604192504843,1637,2.0,0.42267611622810364,730,248,48,29
429,54.62604192504843,1637,2.0,0.481172651052475,870,299,60,35
453,54.62604192504843,1637,2.0,0.36180925369262695,298,253,44,29
471,54.62604192504843,1637,13.0,0.4013857841491699,1406,629,1023,626
348,54.659411529156586,1638,2.0,0.6162049174308777,617,771,148,167
387,54.659411529156586,1638,2.0,0.5378463268280029,726,247,47,28
429,54.659411529156586,1638,2.0,0.5930905938148499,862,297,59,34
453,54.659411529156586,1638,2.0,0.4622400104999542,298,254,43,30
471,54.659411529156586,1638,13.0,0.4189620018005371,1407,632,1021,617
348,54.69278113326474,1639,2.0,0.3476577699184418,627,787,151,171
387,54.69278113326474,1639,2.0,0.5133997797966003,724,247,45,28
429,54.69278113326474,1639,2.0,0.647079586982727,858,295,61,36
453,54.69278113326474,1639,2.0,0.5120256543159485,297,255,39,29
471,54.69278113326474,1639,13.0,0.4557250738143921,1405,627,1024,630
348,54.7261507373729,1640,2.0,0.4797126352787018,638,804,154,177
387,54.7261507373729,1640,2.0,0.41484999656677246,718,245,46,29
429,54.7261507373729,1640,2.0,0.5525347590446472,852,293,61,36
453,54.7261507373729,1640,2.0,0.44299769401550293,298,257,39,29
471,54.7261507373729,1640,13.0,0.4594598412513733,1405,628,1026,625
348,54.75952034148105,1641,2.0,0.708433985710144,648,821,159,184
387,54.75952034148105,1641,2.0,0.38042736053466797,715,244,45,29
429,54.75952034148105,1641,2.0,0.540655791759491,844,289,57,35
453,54.75952034148105,1641,2.0,0.4183562397956848,298,258,37,29
471,54.75952034148105,1641,13.0,0.4606494903564453,1405,632,1025,615
348,54.7928899455892,1642,2.0,0.7775171995162964,660,840,165,190
387,54.7928899455892,1642,2.0,0.43531182408332825,712,243,47,28
429,54.7928899455892,1642,2.0,0.5248875021934509,839,287,54,32
453,54.7928899455892,1642,2.0,0.45392531156539917,299,259,37,29
471,54.7928899455892,1642,13.0,0.4747110605239868,1404,635,1027,613
348,54.826259549697355,1643,2.0,0.6361026167869568,673,859,173,196
387,54.826259549697355,1643,2.0,0.5715024471282959,708,242,46,27
429,54.826259549697355,1643,2.0,0.48244962096214294,833,285,58,32
453,54.826259549697355,1643,2.0,0.4592738747596741,300,261,37,30
471,54.826259549697355,1643,13.0,0.480243980884552,1404,635,1026,614
348,54.859629153805514,1644,2.0,0.14199458062648773,684,876,174,207
387,54.859629153805514,1644,2.0,0.529492199420929,704,242,43,29
429,54.859629153805514,1644,2.0,0.5319507718086243,828,283,59,30
453,54.859629153805514,1644,2.0,0.45165500044822693,302,265,38,29
471,54.859629153805514,1644,13.0,0.4954730272293091,1403,637,1029,614
387,54.89299875791367,1645,2.0,0.47986069321632385,700,240,42,28
429,54.89299875791367,1645,2.0,0.5043388605117798,821,282,58,30
453,54.89299875791367,1645,2.0,0.5059954524040222,302,268,39,29
471,54.89299875791367,1645,13.0,0.524875819683075,1403,641,1030,610
387,54.92636836202182,1646,2.0,0.5756937861442566,698,239,44,26
429,54.92636836202182,1646,2.0,0.4763115346431732,814,280,59,30
453,54.92636836202182,1646,2.0,0.3972648084163666,304,270,39,28
471,54.92636836202182,1646,13.0,0.44909390807151794,1403,640,1030,611
348,54.92636836202182,1646,2.0,0.5365901589393616,735,903,241,263
387,54.95973796612997,1647,2.0,0.43836510181427,693,237,46,26
429,54.95973796612997,1647,2.0,0.46143078804016113,808,279,57,29
453,54.95973796612997,1647,2.0,0.26964834332466125,304,272,40,28
471,54.95973796612997,1647,13.0,0.4545147716999054,1404,639,1028,611
348,54.95973796612997,1647,7.0,0.15545623004436493,757,939,256,246
387,54.99310757023813,1648,2.0,0.37133029103279114,690,236,46,26
429,54.99310757023813,1648,2.0,0.42934244871139526,804,277,54,29
453,54.99310757023813,1648,2.0,0.2815849781036377,307,273,39,29
471,54.99310757023813,1648,13.0,0.4992813766002655,1404,640,1028,609
348,54.99310757023813,1648,2.0,0.14936456084251404,774,961,269,232
387,55.02647717434628,1649,2.0,0.28283873200416565,686,236,44,26
429,55.02647717434628,1649,2.0,0.4175896644592285,800,275,53,29
453,55.02647717434628,1649,2.0,0.32281237840652466,308,275,40,30
471,55.02647717434628,1649,13.0,0.4665016233921051,1404,640,1027,598
387,55.059846778454435,1650,2.0,0.21618390083312988,682,235,45,27
429,55.059846778454435,1650,2.0,0.2860451638698578,796,273,55,31
453,55.059846778454435,1650,2.0,0.24584753811359406,309,275,40,31
471,55.059846778454435,1650,13.0,0.4589702785015106,1402,639,1031,601
387,55.093216382562595,1651,2.0,0.2677851617336273,679,234,45,27
429,55.093216382562595,1651,2.0,0.5159076452255249,790,272,55,31
453,55.093216382562595,1651,2.0,0.26096105575561523,312,276,45,31
471,55.093216382562595,1651,13.0,0.45931532979011536,1401,638,1033,607
387,55.12658598667075,1652,2.0,0.40217840671539307,676,233,45,29
429,55.12658598667075,1652,2.0,0.4677213132381439,786,270,56,32
453,55.12658598667075,1652,2.0,0.29272520542144775,314,277,46,33
471,55.12658598667075,1652,13.0,0.4926739037036896,1400,642,1036,630
387,55.1599555907789,1653,2.0,0.3285752832889557,673,232,46,29
429,55.1599555907789,1653,2.0,0.491834431886673,781,269,55,32
453,55.1599555907789,1653,2.0,0.4138997793197632,315,280,44,32
471,55.1599555907789,1653,13.0,0.5246577262878418,1400,644,1034,619
387,55.19332519488705,1654,2.0,0.2970808446407318,669,232,47,28
429,55.19332519488705,1654,2.0,0.552756130695343,775,267,51,32
453,55.19332519488705,1654,2.0,0.38747188448905945,316,282,44,31
471,55.19332519488705,1654,13.0,0.48533815145492554,1401,642,1034,620
387,55.22669479899521,1655,2.0,0.21459978818893433,667,230,47,29
429,55.22669479899521,1655,2.0,0.5717023611068726,770,264,50,31
453,55.22669479899521,1655,2.0,0.47733527421951294,317,283,43,31
471,55.22669479899521,1655,13.0,0.5226699709892273,1400,644,1035,623
429,55.260064403103364,1656,2.0,0.5411427021026611,765,263,49,31
453,55.260064403103364,1656,2.0,0.3987148404121399,319,285,45,32
471,55.260064403103364,1656,13.0,0.528876543045044,1399,647,1037,628
429,55.293434007211516,1657,2.0,0.4165263772010803,762,261,48,28
453,55.293434007211516,1657,2.0,0.3375380337238312,319,286,46,35
471,55.293434007211516,1657,13.0,0.5233384966850281,1399,649,1038,628
429,55.32680361131967,1658,2.0,0.41887354850769043,757,259,48,27
453,55.32680361131967,1658,2.0,0.40066438913345337,321,289,49,38
471,55.32680361131967,1658,13.0,0.486025869846344,1398,644,1038,626
387,55.32680361131967,1658,2.0,0.36379122734069824,658,227,45,28
429,55.36017321542783,1659,2.0,0.33451664447784424,752,258,48,27
453,55.36017321542783,1659,2.0,0.3484422564506531,322,291,51,38
471,55.36017321542783,1659,13.0,0.5111954808235168,1398,646,1039,625
387,55.36017321542783,1659,2.0,0.384298175573349,655,226,44,28
429,55.39354281953598,1660,2.0,0.38851606845855713,748,257,49,27
453,55.39354281953598,1660,2.0,0.3049527406692505,324,294,52,36
471,55.39354281953598,1660,13.0,0.5278320908546448,1398,649,1039,631
387,55.39354281953598,1660,2.0,0.4437715411186218,653,226,43,27
482,55.39354281953598,1660,2.0,0.3766725957393646,430,166,36,24
429,55.42691242364413,1661,2.0,0.24727317690849304,744,256,48,26
453,55.42691242364413,1661,2.0,0.23746588826179504,325,295,53,36
471,55.42691242364413,1661,13.0,0.533078670501709,1398,650,1039,628
387,55.42691242364413,1661,2.0,0.3282458782196045,649,224,42,27
482,55.42691242364413,1661,2.0,0.2625405788421631,428,166,36,24
483,55.42691242364413,1661,2.0,0.3383934795856476,250,208,32,29
429,55.460282027752285,1662,2.0,0.18862110376358032,741,255,48,26
453,55.460282027752285,1662,2.0,0.23213092982769012,328,297,56,36
471,55.460282027752285,1662,13.0,0.555785596370697,1398,649,1039,624
387,55.460282027752285,1662,2.0,0.3640945553779602,646,223,40,27
482,55.460282027752285,1662,2.0,0.3334989845752716,427,165,37,24
483,55.460282027752285,1662,2.0,0.36822107434272766,250,208,34,28
429,55.493651631860445,1663,2.0,0.23187467455863953,737,253,51,27
453,55.493651631860445,1663,2.0,0.32771748304367065,329,300,54,35
471,55.493651631860445,1663,13.0,0.5746269822120667,1398,651,1039,618
387,55.493651631860445,1663,2.0,0.3555714190006256,645,222,42,27
482,55.493651631860445,1663,2.0,0.33976346254348755,427,165,36,24
483,55.493651631860445,1663,2.0,0.3261781632900238,252,209,33,28
429,55.5270212359686,1664,2.0,0.43084433674812317,730,251,51,29
453,55.5270212359686,1664,2.0,0.4812188446521759,331,302,56,36
471,55.5270212359686,1664,13.0,0.5921089053153992,1397,652,1042,614
387,55.5270212359686,1664,2.0,0.28673219680786133,642,222,38,27
482,55.5270212359686,1664,2.0,0.43784886598587036,427,165,38,23
483,55.5270212359686,1664,2.0,0.38155120611190796,253,210,36,27
429,55.56039084007675,1665,2.0,0.202375128865242,727,249,52,31
453,55.56039084007675,1665,2.0,0.5424214005470276,332,304,56,36
471,55.56039084007675,1665,13.0,0.5669281482696533,1398,650,1039,612
387,55.56039084007675,1665,2.0,0.35333558917045593,638,220,37,27
482,55.56039084007675,1665,2.0,0.3185921907424927,424,164,35,23
483,55.56039084007675,1665,2.0,0.4152797758579254,254,210,38,27
429,55.5937604441849,1666,2.0,0.20276165008544922,721,248,50,30
453,55.5937604441849,1666,2.0,0.5627763271331787,333,305,55,35
471,55.5937604441849,1666,13.0,0.5078004002571106,1400,650,1034,615
387,55.5937604441849,1666,2.0,0.2766941487789154,635,219,35,25
482,55.5937604441849,1666,2.0,0.24275076389312744,422,163,32,23
483,55.5937604441849,1666,2.0,0.46075141429901123,255,210,42,27
429,55.62713004829306,1667,2.0,0.2309875339269638,717,247,49,30
453,55.62713004829306,1667,2.0,0.6033392548561096,334,308,55,36
471,55.62713004829306,1667,13.0,0.5112109780311584,1401,652,1033,620
387,55.62713004829306,1667,2.0,0.49921485781669617,631,218,36,24
482,55.62713004829306,1667,2.0,0.3622228801250458,421,163,34,24
483,55.62713004829306,1667,2.0,0.21363116800785065,254,211,44,30
429,55.660499652401214,1668,2.0,0.19315436482429504,714,247,47,30
453,55.660499652401214,1668,2.0,0.4963122308254242,335,312,53,37
471,55.660499652401214,1668,13.0,0.5370821952819824,1401,653,1033,616
387,55.660499652401214,1668,2.0,0.38426071405410767,629,217,34,23
482,55.660499652401214,1668,2.0,0.18301798403263092,421,162,32,24
483,55.660499652401214,1668,2.0,0.1448483020067215,255,211,49,31
429,55.693869256509366,1669,2.0,0.208753302693367,709,245,46,29
453,55.693869256509366,1669,2.0,0.5915481448173523,337,314,52,38
471,55.693869256509366,1669,13.0,0.5415982604026794,1402,652,1032,612
387,55.693869256509366,1669,2.0,0.36319634318351746,626,215,33,22
482,55.693869256509366,1669,2.0,0.27697843313217163,419,162,31,25
483,55.693869256509366,1669,2.0,0.1693483144044876,256,212,47,30
429,55.72723886061752,1670,2.0,0.2935703992843628,705,244,44,28
453,55.72723886061752,1670,2.0,0.5824780464172363,339,316,53,37
471,55.72723886061752,1670,13.0,0.5232735872268677,1402,653,1030,618
387,55.72723886061752,1670,2.0,0.2775907516479492,621,214,36,24
482,55.72723886061752,1670,2.0,0.30693164467811584,419,161,32,24
483,55.72723886061752,1670,2.0,0.14804357290267944,256,213,46,30
487,55.72723886061752,1670,2.0,0.4000512659549713,316,216,31,30
429,55.76060846472568,1671,2.0,0.34579357504844666,702,242,42,27
453,55.76060846472568,1671,2.0,0.5488654971122742,341,318,53,36
471,55.76060846472568,1671,13.0,0.5281562209129333,1403,652,1028,617
387,55.76060846472568,1671,2.0,0.18963053822517395,619,213,37,24
482,55.76060846472568,1671,2.0,0.2464786171913147,419,161,31,24
483,55.76060846472568,1671,2.0,0.15744668245315552,256,213,48,33
487,55.76060846472568,1671,2.0,0.4755125343799591,317,217,32,30
429,55.79397806883383,1672,2.0,0.33288004994392395,698,241,43,27
453,55.79397806883383,1672,2.0,0.48060035705566406,344,321,58,36
471,55.79397806883383,1672,13.0,0.5416179299354553,1403,652,1029,614
482,55.79397806883383,1672,2.0,0.18778155744075775,418,160,30,24
483,55.79397806883383,1672,2.0,0.1475597470998764,252,212,45,38
487,55.79397806883383,1672,2.0,0.39090102910995483,317,219,32,29
429,55.82734767294198,1673,2.0,0.3409461975097656,694,239,45,26
453,55.82734767294198,1673,2.0,0.6069647073745728,344,323,55,37
471,55.82734767294198,1673,13.0,0.5409421324729919,1403,652,1030,612
482,55.82734767294198,1673,2.0,0.19039317965507507,416,160,32,24
483,55.82734767294198,1673,2.0,0.23062114417552948,251,212,43,39
487,55.82734767294198,1673,2.0,0.4402521252632141,319,220,34,29
429,55.860717277050135,1674,2.0,0.24898649752140045,690,237,45,26
453,55.860717277050135,1674,2.0,0.6256902813911438,345,325,55,40
471,55.860717277050135,1674,13.0,0.5095422863960266,1404,652,1028,614
482,55.860717277050135,1674,2.0,0.22491046786308289,414,161,33,24
483,55.860717277050135,1674,2.0,0.15681906044483185,254,214,48,39
487,55.860717277050135,1674,2.0,0.42436355352401733,319,220,35,30
429,55.894086881158294,1675,2.0,0.24750185012817383,687,236,44,26
453,55.894086881158294,1675,2.0,0.6044782996177673,347,327,55,40
471,55.894086881158294,1675,13.0,0.5081641674041748,1403,653,1029,617
482,55.894086881158294,1675,2.0,0.2078661024570465,414,160,33,25
483,55.894086881158294,1675,2.0,0.18119797110557556,258,216,52,39
487,55.894086881158294,1675,2.0,0.2795420289039612,321,221,34,29
429,55.92745648526645,1676,2.0,0.19765838980674744,681,236,46,26
453,55.92745648526645,1676,2.0,0.583073079586029,348,330,56,40
471,55.92745648526645,1676,13.0,0.525702178478241,1402,654,1031,621
482,55.92745648526645,1676,2.0,0.1801237016916275,412,161,33,25
483,55.92745648526645,1676,2.0,0.1427985280752182,260,217,58,43
487,55.92745648526645,1676,2.0,0.12579654157161713,323,223,35,29
429,55.9608260893746,1677,2.0,0.18424232304096222,675,235,49,27
453,55.9608260893746,1677,2.0,0.5490992665290833,351,333,61,43
471,55.9608260893746,1677,13.0,0.5339322090148926,1403,655,1030,622
482,55.9608260893746,1677,2.0,0.12283597141504288,410,161,34,26
483,55.9608260893746,1677,2.0,0.15073493123054504,260,217,61,45
487,55.9608260893746,1677,2.0,0.2447839230298996,323,224,35,28
429,55.99419569348275,1678,2.0,0.296159029006958,672,235,50,27
453,55.99419569348275,1678,2.0,0.370771199464798,354,336,63,44
471,55.99419569348275,1678,13.0,0.5351650714874268,1404,655,1027,621
482,55.99419569348275,1678,2.0,0.12433464825153351,407,161,33,25
483,55.99419569348275,1678,2.0,0.228319451212883,260,217,61,45
487,55.99419569348275,1678,2.0,0.16722199320793152,325,225,35,30
429,56.02756529759091,1679,2.0,0.23004241287708282,667,234,51,26
453,56.02756529759091,1679,2.0,0.4143812954425812,357,339,65,45
471,56.02756529759091,1679,13.0,0.53775954246521,1405,657,1025,627
482,56.02756529759091,1679,2.0,0.18155281245708466,406,161,34,25
483,56.02756529759091,1679,2.0,0.17278532683849335,261,218,61,47
429,56.06093490169906,1680,2.0,0.25184011459350586,664,233,50,26
453,56.06093490169906,1680,2.0,0.4390897750854492,358,341,64,44
471,56.06093490169906,1680,13.0,0.5286434292793274,1404,660,1027,645
482,56.06093490169906,1680,2.0,0.1962420642375946,406,161,34,24
483,56.06093490169906,1680,2.0,0.1458316445350647,263,220,59,47
429,56.094304505807216,1681,2.0,0.17470502853393555,661,231,49,27
453,56.094304505807216,1681,2.0,0.5284250378608704,357,345,61,41
471,56.094304505807216,1681,13.0,0.46715277433395386,1404,661,1028,659
482,56.094304505807216,1681,2.0,0.22556252777576447,405,161,35,24
483,56.094304505807216,1681,2.0,0.12300170212984085,262,220,59,49
429,56.127674109915375,1682,2.0,0.10737229138612747,658,230,48,27
453,56.127674109915375,1682,2.0,0.593743622303009,360,348,62,39
471,56.127674109915375,1682,13.0,0.5139185786247253,1403,663,1031,664
482,56.127674109915375,1682,2.0,0.1722770780324936,405,161,35,23
483,56.127674109915375,1682,2.0,0.12482357770204544,261,220,60,49
429,56.16104371402353,1683,2.0,0.10018137097358704,655,230,44,27
453,56.16104371402353,1683,2.0,0.6238654851913452,364,351,67,40
471,56.16104371402353,1683,13.0,0.5336174964904785,1402,664,1031,661
482,56.16104371402353,1683,2.0,0.25558218359947205,403,161,36,23
429,56.19441331813168,1684,2.0,0.11540306359529495,652,229,40,26
453,56.19441331813168,1684,2.0,0.6328229904174805,365,354,66,41
471,56.19441331813168,1684,13.0,0.5273017883300781,1402,665,1032,662
482,56.19441331813168,1684,2.0,0.21609118580818176,402,161,36,23
453,56.22778292223983,1685,2.0,0.5735235214233398,365,357,62,44
471,56.22778292223983,1685,13.0,0.5277329683303833,1403,667,1030,661
482,56.22778292223983,1685,2.0,0.15684404969215393,402,160,37,23
453,56.26115252634799,1686,2.0,0.4676264226436615,367,361,58,43
471,56.26115252634799,1686,13.0,0.5129827857017517,1403,666,1030,662
482,56.26115252634799,1686,2.0,0.19552643597126007,401,160,38,22
487,56.26115252634799,1686,2.0,0.3223349452018738,338,235,35,27
453,56.294522130456144,1687,2.0,0.4123452305793762,369,365,60,44
471,56.294522130456144,1687,13.0,0.5335156321525574,1402,663,1032,654
482,56.294522130456144,1687,2.0,0.16891920566558838,400,160,36,23
487,56.294522130456144,1687,2.0,0.32422158122062683,338,236,36,28
453,56.3278917345643,1688,2.0,0.4581339657306671,370,368,60,44
471,56.3278917345643,1688,13.0,0.5149660706520081,1403,659,1030,636
482,56.3278917345643,1688,2.0,0.20783644914627075,400,161,35,23
487,56.3278917345643,1688,2.0,0.3328087031841278,339,237,34,28
453,56.36126133867245,1689,2.0,0.49749255180358887,372,371,60,43
471,56.36126133867245,1689,13.0,0.45613816380500793,1403,657,1028,630
482,56.36126133867245,1689,2.0,0.14248059689998627,398,160,34,22
487,56.36126133867245,1689,2.0,0.43877410888671875,339,237,34,28
429,56.36126133867245,1689,2.0,0.2789003849029541,635,223,42,26
453,56.39463094278061,1690,2.0,0.29592248797416687,374,373,59,43
471,56.39463094278061,1690,13.0,0.49781128764152527,1403,658,1030,631
487,56.39463094278061,1690,2.0,0.36294227838516235,340,238,33,29
429,56.39463094278061,1690,2.0,0.2500514090061188,632,222,42,26
453,56.42800054688876,1691,2.0,0.47629961371421814,374,378,56,46
471,56.42800054688876,1691,13.0,0.5226133465766907,1401,656,1033,621
487,56.42800054688876,1691,2.0,0.40962156653404236,341,240,33,30
429,56.42800054688876,1691,2.0,0.18333019316196442,629,221,41,26
453,56.46137015099691,1692,2.0,0.25934869050979614,377,382,58,47
471,56.46137015099691,1692,13.0,0.5423688292503357,1401,660,1034,628
487,56.46137015099691,1692,2.0,0.3371928632259369,342,241,35,30
429,56.46137015099691,1692,2.0,0.14279280602931976,626,220,39,26
453,56.494739755105066,1693,2.0,0.2809585928916931,379,386,60,47
471,56.494739755105066,1693,13.0,0.5300564169883728,1402,661,1032,626
487,56.494739755105066,1693,2.0,0.3365756869316101,343,242,34,31
429,56.494739755105066,1693,2.0,0.12226763367652893,620,218,40,26
453,56.528109359213225,1694,2.0,0.22421298921108246,385,389,68,48
471,56.528109359213225,1694,13.0,0.5424107313156128,1403,666,1030,638
487,56.528109359213225,1694,2.0,0.476742148399353,345,245,37,31
429,56.528109359213225,1694,2.0,0.1996161937713623,615,216,39,23
453,56.56147896332138,1695,2.0,0.5381364226341248,388,392,72,48
471,56.56147896332138,1695,13.0,0.5331617593765259,1403,665,1029,635
487,56.56147896332138,1695,2.0,0.4035578966140747,347,246,37,30
429,56.56147896332138,1695,2.0,0.2353266179561615,611,215,38,22
453,56.59484856742953,1696,2.0,0.5874062776565552,394,396,79,49
471,56.59484856742953,1696,13.0,0.5228988528251648,1403,663,1029,633
487,56.59484856742953,1696,2.0,0.4511494040489197,349,247,38,29
429,56.59484856742953,1696,2.0,0.28163033723831177,608,214,38,22
453,56.62821817153768,1697,2.0,0.4765724837779999,396,400,78,51
471,56.62821817153768,1697,13.0,0.5296670198440552,1404,666,1028,640
487,56.62821817153768,1697,2.0,0.40528255701065063,350,249,39,28
429,56.62821817153768,1697,2.0,0.3060968220233917,605,214,38,21
453,56.66158777564584,1698,2.0,0.5715249180793762,398,404,76,52
471,56.66158777564584,1698,13.0,0.5186257362365723,1404,667,1028,641
487,56.66158777564584,1698,2.0,0.34207791090011597,351,251,40,28
429,56.66158777564584,1698,2.0,0.13944123685359955,603,213,36,22
453,56.694957379753994,1699,2.0,0.6356642842292786,401,407,78,53
471,56.694957379753994,1699,13.0,0.5231833457946777,1404,664,1028,638
487,56.694957379753994,1699,2.0,0.26661956310272217,352,251,39,30
429,56.694957379753994,1699,2.0,0.2847948670387268,600,213,36,23
453,56.72832698386215,1700,2.0,0.6161246299743652,401,411,75,56
471,56.72832698386215,1700,13.0,0.4819795787334442,1405,660,1026,629
487,56.72832698386215,1700,2.0,0.28421634435653687,354,253,40,28
429,56.72832698386215,1700,2.0,0.10997245460748672,596,212,38,23
453,56.7616965879703,1701,2.0,0.5967392921447754,404,415,74,56
471,56.7616965879703,1701,13.0,0.4887847602367401,1406,655,1023,618
487,56.7616965879703,1701,2.0,0.44878435134887695,355,255,38,29
429,56.7616965879703,1701,2.0,0.20140168070793152,593,211,37,23
453,56.79506619207846,1702,2.0,0.43609851598739624,407,421,75,55
471,56.79506619207846,1702,13.0,0.4776667058467865,1405,652,1025,609
487,56.79506619207846,1702,2.0,0.32253703474998474,358,257,38,30
429,56.79506619207846,1702,2.0,0.20658797025680542,590,210,37,23
453,56.82843579618661,1703,2.0,0.5087123513221741,409,426,74,55
471,56.82843579618661,1703,13.0,0.48640304803848267,1405,652,1026,609
487,56.82843579618661,1703,2.0,0.44997814297676086,358,258,39,30
429,56.82843579618661,1703,2.0,0.21554885804653168,587,209,40,23
453,56.86180540029476,1704,2.0,0.4788406491279602,414,430,81,56
471,56.86180540029476,1704,13.0,0.5197038650512695,1404,653,1026,611
487,56.86180540029476,1704,2.0,0.5186411738395691,360,258,38,30
429,56.86180540029476,1704,2.0,0.12490193545818329,585,208,39,23
453,56.895175004402915,1705,2.0,0.32616788148880005,413,435,75,56
471,56.895175004402915,1705,13.0,0.5357446074485779,1403,657,1028,623
487,56.895175004402915,1705,2.0,0.5638264417648315,362,259,39,30
429,56.895175004402915,1705,2.0,0.15765579044818878,582,207,37,23
453,56.928544608511075,1706,2.0,0.5015807151794434,414,439,72,57
471,56.928544608511075,1706,13.0,0.548197329044342,1402,655,1030,620
487,56.928544608511075,1706,2.0,0.44181132316589355,362,261,37,31
429,56.928544608511075,1706,2.0,0.22598479688167572,579,208,34,23
453,56.96191421261923,1707,2.0,0.5459921956062317,415,445,67,59
471,56.96191421261923,1707,13.0,0.5310972929000854,1402,653,1031,615
487,56.96191421261923,1707,2.0,0.5700578689575195,364,262,36,31
429,56.96191421261923,1707,2.0,0.152599036693573,576,208,35,24
497,56.96191421261923,1707,2.0,0.3783193528652191,294,254,40,34
453,56.99528381672738,1708,2.0,0.45299574732780457,420,450,71,59
471,56.99528381672738,1708,13.0,0.5584238767623901,1403,656,1030,621
487,56.99528381672738,1708,2.0,0.4596741497516632,365,264,37,34
497,56.99528381672738,1708,2.0,0.3935500383377075,293,255,39,34
453,57.02865342083553,1709,2.0,0.6481001377105713,421,456,67,59
471,57.02865342083553,1709,13.0,0.5358684062957764,1403,655,1029,618
487,57.02865342083553,1709,2.0,0.5302702188491821,367,266,39,35
497,57.02865342083553,1709,2.0,0.31412163376808167,294,255,37,33
453,57.06202302494369,1710,2.0,0.6020798683166504,424,461,63,60
471,57.06202302494369,1710,13.0,0.5268187522888184,1404,653,1028,614
487,57.06202302494369,1710,2.0,0.4456963539123535,369,267,39,36
497,57.06202302494369,1710,2.0,0.3363412618637085,295,256,36,34
453,57.095392629051844,1711,2.0,0.638672411441803,435,467,80,63
471,57.095392629051844,1711,13.0,0.39056527614593506,1403,651,1029,608
487,57.095392629051844,1711,2.0,0.478620707988739,369,269,42,37
497,57.095392629051844,1711,2.0,0.3873288333415985,296,258,37,34
453,57.128762233159996,1712,2.0,0.5373318195343018,434,473,75,61
471,57.128762233159996,1712,13.0,0.38100767135620117,1403,651,1029,606
487,57.128762233159996,1712,2.0,0.30858463048934937,372,271,42,35
497,57.128762233159996,1712,2.0,0.4043029844760895,296,259,37,34
499,57.128762233159996,1712,2.0,0.3381883203983307,268,219,32,32
453,57.16213183726815,1713,2.0,0.5098473429679871,435,478,74,63
471,57.16213183726815,1713,13.0,0.34360653162002563,1405,649,1025,602
487,57.16213183726815,1713,2.0,0.2995978593826294,374,273,43,36
497,57.16213183726815,1713,2.0,0.35613715648651123,297,260,38,34
499,57.16213183726815,1713,2.0,0.36830028891563416,269,220,34,32
453,57.19550144137631,1714,2.0,0.4991460144519806,441,484,81,65
471,57.19550144137631,1714,13.0,0.32415106892585754,1409,653,1018,617
487,57.19550144137631,1714,2.0,0.35312923789024353,375,274,42,37
497,57.19550144137631,1714,2.0,0.35797157883644104,298,262,42,39
499,57.19550144137631,1714,2.0,0.34921538829803467,270,220,35,31
453,57.22887104548446,1715,2.0,0.6374304890632629,442,489,78,67
471,57.22887104548446,1715,13.0,0.31053102016448975,1410,654,1016,621
487,57.22887104548446,1715,2.0,0.23836541175842285,378,277,43,35
497,57.22887104548446,1715,2.0,0.39509955048561096,300,264,45,40
499,57.22887104548446,1715,2.0,0.2071174532175064,271,221,32,32
453,57.26224064959261,1716,2.0,0.5909032821655273,448,497,86,69
471,57.26224064959261,1716,13.0,0.3404511511325836,1408,649,1019,608
487,57.26224064959261,1716,2.0,0.35770881175994873,380,280,42,34
497,57.26224064959261,1716,2.0,0.3870426118373871,302,267,48,41
499,57.26224064959261,1716,2.0,0.20574966073036194,272,221,32,32
453,57.29561025370077,1717,2.0,0.5960931777954102,449,502,82,69
471,57.29561025370077,1717,13.0,0.32720109820365906,1408,646,1019,602
487,57.29561025370077,1717,2.0,0.26323357224464417,382,282,42,32
497,57.29561025370077,1717,2.0,0.1999029666185379,303,268,46,41
499,57.29561025370077,1717,2.0,0.14699214696884155,272,221,32,32
453,57.328979857808925,1718,2.0,0.4639439582824707,463,508,103,75
471,57.328979857808925,1718,13.0,0.30258747935295105,1408,644,1019,597
487,57.328979857808925,1718,2.0,0.41702964901924133,384,283,42,31
497,57.328979857808925,1718,2.0,0.36314013600349426,304,271,49,39
499,57.328979857808925,1718,2.0,0.1752404123544693,272,222,31,32
453,57.36234946191708,1719,2.0,0.49515995383262634,462,515,91,76
471,57.36234946191708,1719,13.0,0.2623187005519867,1409,643,1018,594
487,57.36234946191708,1719,2.0,0.34733128547668457,386,285,41,32
497,57.36234946191708,1719,2.0,0.41741666197776794,304,272,46,37
499,57.36234946191708,1719,2.0,0.22491997480392456,273,223,31,31
453,57.39571906602523,1720,2.0,0.5096280574798584,462,523,84,76
471,57.39571906602523,1720,13.0,0.2690050005912781,1408,643,1019,594
487,57.39571906602523,1720,2.0,0.4680091440677643,388,288,44,37
497,57.39571906602523,1720,2.0,0.439748078584671,308,274,51,35
499,57.39571906602523,1720,2.0,0.20116908848285675,273,225,32,30
453,57.42908867013339,1721,2.0,0.4962385594844818,466,530,86,77
471,57.42908867013339,1721,13.0,0.22331294417381287,1408,644,1020,594
487,57.42908867013339,1721,2.0,0.47104665637016296,391,290,44,39
497,57.42908867013339,1721,2.0,0.4046657383441925,309,276,48,34
499,57.42908867013339,1721,2.0,0.13114897906780243,274,227,31,33
453,57.46245827424154,1722,2.0,0.4082343578338623,469,538,86,79
471,57.46245827424154,1722,13.0,0.29760149121284485,1407,643,1021,597
487,57.46245827424154,1722,2.0,0.46237608790397644,392,291,44,39
497,57.46245827424154,1722,2.0,0.4484991431236267,309,277,47,35
499,57.46245827424154,1722,2.0,0.1803349107503891,275,229,35,30
429,57.46245827424154,1722,2.0,0.39263561367988586,534,193,34,24
453,57.495827878349694,1723,2.0,0.49063435196876526,473,544,83,77
471,57.495827878349694,1723,13.0,0.32968640327453613,1408,643,1020,602
487,57.495827878349694,1723,2.0,0.32996392250061035,394,293,47,40
497,57.495827878349694,1723,2.0,0.3598141670227051,311,278,50,36
499,57.495827878349694,1723,2.0,0.24467694759368896,277,230,39,29
429,57.495827878349694,1723,2.0,0.2662195861339569,532,193,31,23
453,57.529197482457846,1724,2.0,0.722659707069397,478,554,84,78
471,57.529197482457846,1724,13.0,0.2882137596607208,1409,644,1019,608
487,57.529197482457846,1724,2.0,0.3275725245475769,395,295,47,41
497,57.529197482457846,1724,2.0,0.34097298979759216,313,280,52,36
499,57.529197482457846,1724,2.0,0.18872547149658203,279,231,41,29
429,57.529197482457846,1724,2.0,0.12331684678792953,531,193,28,22
453,57.562567086566006,1725,2.0,0.7705233097076416,484,563,89,84
471,57.562567086566006,1725,13.0,0.20609015226364136,1409,643,1018,605
487,57.562567086566006,1725,2.0,0.2832469046115875,398,297,46,42
497,57.562567086566006,1725,2.0,0.39240118861198425,312,282,47,35
499,57.562567086566006,1725,2.0,0.24571900069713593,280,231,39,29
453,57.59593669067416,1726,2.0,0.7066008448600769,489,570,91,85
471,57.59593669067416,1726,13.0,0.16411429643630981,1410,645,1017,606
487,57.59593669067416,1726,2.0,0.3109855055809021,399,299,44,42
497,57.59593669067416,1726,2.0,0.344323068857193,313,283,46,37
499,57.59593669067416,1726,2.0,0.25716033577919006,281,232,39,28
513,57.59593669067416,1726,2.0,0.5880503058433533,1864,677,108,80
453,57.62930629478231,1727,2.0,0.6833871006965637,494,580,93,88
471,57.62930629478231,1727,13.0,0.1744881570339203,1410,647,1017,609
487,57.62930629478231,1727,2.0,0.36473801732063293,402,302,47,40
497,57.62930629478231,1727,2.0,0.5850520730018616,313,285,45,38
499,57.62930629478231,1727,2.0,0.255691796541214,282,233,40,30
513,57.62930629478231,1727,2.0,0.6892073750495911,1850,671,137,92
453,57.66267589889046,1728,2.0,0.6295765042304993,505,590,107,92
471,57.66267589889046,1728,13.0,0.13911882042884827,1411,651,1014,614
487,57.66267589889046,1728,2.0,0.3553478717803955,405,304,47,38
497,57.66267589889046,1728,2.0,0.3861748278141022,316,287,46,41
499,57.66267589889046,1728,2.0,0.19354182481765747,283,233,37,30
513,57.66267589889046,1728,2.0,0.7387311458587646,1833,659,170,90
453,57.69604550299862,1729,2.0,0.7860514521598816,507,600,101,93
487,57.69604550299862,1729,2.0,0.41616764664649963,408,307,44,36
497,57.69604550299862,1729,2.0,0.41242799162864685,317,289,48,43
499,57.69604550299862,1729,2.0,0.13881756365299225,282,234,35,30
513,57.69604550299862,1729,2.0,0.8571685552597046,1817,645,201,88
453,57.729415107106774,1730,2.0,0.7779245972633362,511,610,100,96
487,57.729415107106774,1730,2.0,0.40114861726760864,410,310,46,39
497,57.729415107106774,1730,2.0,0.568494439125061,319,291,51,43
499,57.729415107106774,1730,2.0,0.18853485584259033,283,235,36,31
513,57.729415107106774,1730,2.0,0.8341915011405945,1793,633,213,86
453,57.76278471121493,1731,2.0,0.5936005115509033,516,619,102,96
487,57.76278471121493,1731,2.0,0.5564278364181519,412,312,45,40
497,57.76278471121493,1731,2.0,0.5077158212661743,321,292,52,42
499,57.76278471121493,1731,2.0,0.16439394652843475,284,236,35,32
513,57.76278471121493,1731,2.0,0.8571022748947144,1762,622,212,85
453,57.79615431532308,1732,2.0,0.5864695906639099,522,629,104,100
487,57.79615431532308,1732,2.0,0.5592211484909058,413,315,47,41
497,57.79615431532308,1732,2.0,0.3447221517562866,322,294,50,44
499,57.79615431532308,1732,2.0,0.110605888068676,286,237,33,32
513,57.79615431532308,1732,2.0,0.8801230192184448,1731,610,206,85
453,57.82952391943124,1733,2.0,0.7447027564048767,528,640,105,107
487,57.82952391943124,1733,2.0,0.48179689049720764,416,318,49,42
497,57.82952391943124,1733,2.0,0.43353620171546936,323,296,49,42
499,57.82952391943124,1733,2.0,0.13404583930969238,286,239,33,34
513,57.82952391943124,1733,2.0,0.8606895804405212,1699,599,200,81
453,57.86289352353939,1734,2.0,0.7043450474739075,537,651,111,109
487,57.86289352353939,1734,2.0,0.4542364478111267,419,322,49,44
497,57.86289352353939,1734,2.0,0.5735928416252136,325,298,50,41
499,57.86289352353939,1734,2.0,0.15028902888298035,287,239,32,35
513,57.86289352353939,1734,2.0,0.8417443633079529,1669,589,193,79
453,57.89626312764754,1735,2.0,0.7725462317466736,543,663,110,112
487,57.89626312764754,1735,2.0,0.5030858516693115,421,323,50,46
497,57.89626312764754,1735,2.0,0.5973445773124695,325,302,49,39
499,57.89626312764754,1735,2.0,0.20009568333625793,289,241,35,36
513,57.89626312764754,1735,2.0,0.7828099131584167,1641,580,188,75
453,57.929632731755696,1736,2.0,0.7764826416969299,549,676,114,114
487,57.929632731755696,1736,2.0,0.5478000044822693,423,325,50,47
497,57.929632731755696,1736,2.0,0.5266104936599731,325,304,45,38
499,57.929632731755696,1736,2.0,0.3443099558353424,290,242,37,37
513,57.929632731755696,1736,2.0,0.8100901246070862,1614,570,180,74
453,57.963002335863855,1737,2.0,0.8312861323356628,556,689,117,119
487,57.963002335863855,1737,2.0,0.5543269515037537,427,328,54,47
497,57.963002335863855,1737,2.0,0.5995510816574097,324,305,44,38
499,57.963002335863855,1737,2.0,0.27767494320869446,291,242,36,37
513,57.963002335863855,1737,2.0,0.8182814121246338,1585,560,175,72
453,57.99637193997201,1738,2.0,0.7700847387313843,564,701,119,121
487,57.99637193997201,1738,2.0,0.3928212523460388,431,332,54,46
497,57.99637193997201,1738,2.0,0.537174642086029,328,307,51,40
499,57.99637193997201,1738,2.0,0.2791783809661865,291,244,34,35
513,57.99637193997201,1738,2.0,0.8280779719352722,1561,552,167,69
453,58.02974154408016,1739,2.0,0.7675837278366089,572,714,121,126
487,58.02974154408016,1739,2.0,0.3670322895050049,434,336,55,46
497,58.02974154408016,1739,2.0,0.5504422187805176,329,310,52,44
499,58.02974154408016,1739,2.0,0.30253493785858154,291,246,34,35
513,58.02974154408016,1739,2.0,0.7935734391212463,1538,543,161,67
453,58.06311114818831,1740,2.0,0.8430238962173462,578,729,125,130
487,58.06311114818831,1740,2.0,0.5232623815536499,437,339,54,46
497,58.06311114818831,1740,2.0,0.42228034138679504,330,311,52,47
499,58.06311114818831,1740,2.0,0.38133519887924194,294,247,37,37
513,58.06311114818831,1740,2.0,0.8053361773490906,1514,534,157,66
453,58.09648075229647,1741,2.0,0.8244918584823608,587,743,128,133
487,58.09648075229647,1741,2.0,0.660647451877594,439,342,54,47
497,58.09648075229647,1741,2.0,0.37536048889160156,332,313,53,49
499,58.09648075229647,1741,2.0,0.4633633494377136,295,248,40,37
513,58.09648075229647,1741,2.0,0.7674211859703064,1491,526,151,64
453,58.129850356404624,1742,2.0,0.8448643088340759,596,760,133,138
487,58.129850356404624,1742,2.0,0.5657854080200195,441,344,53,47
497,58.129850356404624,1742,2.0,0.4857240617275238,334,316,52,48
499,58.129850356404624,1742,2.0,0.3594589829444885,296,249,41,38
513,58.129850356404624,1742,2.0,0.7429036498069763,1469,519,147,63
453,58.16321996051278,1743,2.0,0.7108064889907837,605,777,136,144
487,58.16321996051278,1743,2.0,0.48502179980278015,443,346,53,48
497,58.16321996051278,1743,2.0,0.7041768431663513,334,318,53,46
499,58.16321996051278,1743,2.0,0.3611171841621399,298,251,42,34
513,58.16321996051278,1743,2.0,0.7869337201118469,1450,511,146,65
453,58.19658956462093,1744,2.0,0.8049296140670776,615,794,140,150
487,58.19658956462093,1744,2.0,0.6622546315193176,446,349,55,48
497,58.19658956462093,1744,2.0,0.7838507890701294,340,321,62,46
499,58.19658956462093,1744,2.0,0.39265677332878113,299,252,41,35
513,58.19658956462093,1744,2.0,0.7662009000778198,1429,504,140,63
453,58.22995916872909,1745,2.0,0.74181067943573,625,811,143,154
487,58.22995916872909,1745,2.0,0.5989274382591248,450,352,58,51
497,58.22995916872909,1745,2.0,0.7292097210884094,343,322,65,47
499,58.22995916872909,1745,2.0,0.5248622894287109,299,253,42,33
513,58.22995916872909,1745,2.0,0.7802305817604065,1411,497,138,60
453,58.26332877283724,1746,2.0,0.8185935020446777,636,829,149,160
487,58.26332877283724,1746,2.0,0.46520668268203735,454,356,57,49
497,58.26332877283724,1746,2.0,0.6754347681999207,342,324,60,48
499,58.26332877283724,1746,2.0,0.5578121542930603,300,255,42,33
513,58.26332877283724,1746,2.0,0.7469771504402161,1391,488,133,59
453,58.29669837694539,1747,2.0,0.8383392095565796,647,849,152,167
487,58.29669837694539,1747,2.0,0.4166659116744995,457,360,56,50
497,58.29669837694539,1747,2.0,0.6059193015098572,342,326,59,50
499,58.29669837694539,1747,2.0,0.5568477511405945,300,256,40,32
513,58.29669837694539,1747,2.0,0.814620316028595,1373,481,131,57
453,58.33006798105355,1748,2.0,0.8388972878456116,660,869,159,175
487,58.33006798105355,1748,2.0,0.5805334448814392,460,364,55,50
497,58.33006798105355,1748,2.0,0.5995515584945679,342,329,58,53
499,58.33006798105355,1748,2.0,0.6005315780639648,300,257,40,33
513,58.33006798105355,1748,2.0,0.6989802122116089,1354,476,125,56
471,58.33006798105355,1748,13.0,0.2645784616470337,1408,648,1018,612
453,58.363437585161705,1749,2.0,0.7731181979179382,672,889,164,174
487,58.363437585161705,1749,2.0,0.47761836647987366,462,367,57,50
497,58.363437585161705,1749,2.0,0.4955693781375885,345,331,60,54
499,58.363437585161705,1749,2.0,0.5748409628868103,300,258,38,33
513,58.363437585161705,1749,2.0,0.7661474347114563,1337,470,121,56
471,58.363437585161705,1749,13.0,0.32048776745796204,1411,646,1014,605
453,58.39680718926986,1750,2.0,0.4555680751800537,683,913,168,188
487,58.39680718926986,1750,2.0,0.5140162706375122,465,371,56,51
497,58.39680718926986,1750,2.0,0.6278362274169922,348,335,63,54
499,58.39680718926986,1750,2.0,0.6408514380455017,301,260,39,33
513,58.39680718926986,1750,2.0,0.7661603689193726,1320,463,123,54
471,58.39680718926986,1750,13.0,0.24960637092590332,1410,651,1015,609
453,58.43017679337801,1751,2.0,0.525840163230896,696,936,173,195
487,58.43017679337801,1751,2.0,0.5920989513397217,469,375,57,54
497,58.43017679337801,1751,2.0,0.5417711138725281,351,336,63,57
499,58.43017679337801,1751,2.0,0.6313888430595398,303,262,40,33
513,58.43017679337801,1751,2.0,0.7843440175056458,1307,456,120,55
471,58.43017679337801,1751,13.0,0.260966420173645,1409,657,1017,621
453,58.46354639748617,1752,2.0,0.4258934259414673,706,958,168,197
487,58.46354639748617,1752,2.0,0.3649333715438843,474,379,60,58
497,58.46354639748617,1752,2.0,0.5983254909515381,353,339,62,54
499,58.46354639748617,1752,2.0,0.5592101216316223,305,264,39,34
513,58.46354639748617,1752,2.0,0.4803139269351959,1290,451,119,55
471,58.46354639748617,1752,13.0,0.21480977535247803,1410,655,1016,620
453,58.49691600159432,1753,2.0,0.1483527421951294,712,969,156,176
487,58.49691600159432,1753,2.0,0.3557283580303192,478,383,64,60
497,58.49691600159432,1753,2.0,0.6354389786720276,356,342,63,52
499,58.49691600159432,1753,2.0,0.5613899827003479,306,266,38,33
513,58.49691600159432,1753,2.0,0.4855160117149353,1273,446,115,53
471,58.49691600159432,1753,13.0,0.27092257142066956,1410,659,1014,610
487,58.530285605702474,1754,2.0,0.4367133378982544,480,388,62,58
497,58.530285605702474,1754,2.0,0.6321932673454285,357,346,63,50
499,58.530285605702474,1754,2.0,0.6016049981117249,307,267,39,32
513,58.530285605702474,1754,2.0,0.764763355255127,1259,440,112,52
471,58.530285605702474,1754,13.0,0.26359274983406067,1413,653,1011,604
487,58.563655209810626,1755,2.0,0.5952047109603882,485,393,68,57
497,58.563655209810626,1755,2.0,0.7348441481590271,357,349,60,49
499,58.563655209810626,1755,2.0,0.4545029401779175,308,268,37,32
513,58.563655209810626,1755,2.0,0.7940881848335266,1244,434,113,52
471,58.563655209810626,1755,13.0,0.31756481528282166,1413,652,1011,603
487,58.597024813918786,1756,2.0,0.7911152243614197,489,397,68,59
497,58.597024813918786,1756,2.0,0.7795448303222656,356,353,54,49
499,58.597024813918786,1756,2.0,0.47988858819007874,309,269,35,32
513,58.597024813918786,1756,2.0,0.7433542013168335,1230,429,109,51
471,58.597024813918786,1756,13.0,0.3339107632637024,1414,654,1009,596
487,58.63039441802694,1757,2.0,0.7791845202445984,493,401,66,59
497,58.63039441802694,1757,2.0,0.5913882255554199,356,356,54,50
499,58.63039441802694,1757,2.0,0.4531188905239105,309,270,35,32
513,58.63039441802694,1757,2.0,0.655437707901001,1216,425,108,49
471,58.63039441802694,1757,13.0,0.4065396785736084,1413,655,1011,586
487,58.66376402213509,1758,2.0,0.7031682133674622,499,406,70,62
497,58.66376402213509,1758,2.0,0.6223927140235901,363,359,65,52
499,58.66376402213509,1758,2.0,0.4312962293624878,316,272,48,35
513,58.66376402213509,1758,2.0,0.7881132364273071,1202,420,105,50
471,58.66376402213509,1758,13.0,0.2791384756565094,1414,663,1009,575
487,58.69713362624324,1759,2.0,0.575856626033783,501,410,67,62
497,58.69713362624324,1759,2.0,0.567279577255249,364,362,63,54
499,58.69713362624324,1759,2.0,0.4537612497806549,319,273,52,37
513,58.69713362624324,1759,2.0,0.8724569082260132,1189,414,103,51
471,58.69713362624324,1759,13.0,0.16728706657886505,1414,669,1009,562
487,58.7305032303514,1760,2.0,0.6342524886131287,507,416,70,62
497,58.7305032303514,1760,2.0,0.540884792804718,366,364,63,56
499,58.7305032303514,1760,2.0,0.43416979908943176,320,275,50,37
513,58.7305032303514,1760,2.0,0.7562730312347412,1177,409,99,49
471,58.7305032303514,1760,13.0,0.27986347675323486,1412,662,1013,563
487,58.763872834459555,1761,2.0,0.6446900963783264,510,421,71,62
497,58.763872834459555,1761,2.0,0.5751066207885742,366,367,60,56
499,58.763872834459555,1761,2.0,0.31509923934936523,319,275,48,38
513,58.763872834459555,1761,2.0,0.6718041300773621,1165,405,97,47
471,58.763872834459555,1761,13.0,0.25246915221214294,1409,658,1017,566
487,58.79724243856771,1762,2.0,0.7085275650024414,515,426,71,63
497,58.79724243856771,1762,2.0,0.4025558531284332,367,370,58,55
499,58.79724243856771,1762,2.0,0.41534897685050964,317,276,42,38
513,58.79724243856771,1762,2.0,0.6198268532752991,1153,401,94,45
471,58.79724243856771,1762,13.0,0.3595643937587738,1407,654,1022,576
487,58.83061204267586,1763,2.0,0.6995741724967957,520,430,75,66
497,58.83061204267586,1763,2.0,0.6238377690315247,368,375,60,56
499,58.83061204267586,1763,2.0,0.3822813034057617,317,277,43,40
513,58.83061204267586,1763,2.0,0.6778990030288696,1140,397,94,45
471,58.83061204267586,1763,13.0,0.27406439185142517,1407,651,1021,579
487,58.86398164678402,1764,2.0,0.3800925016403198,527,434,82,69
497,58.86398164678402,1764,2.0,0.4176708459854126,370,379,59,58
499,58.86398164678402,1764,2.0,0.4850113093852997,318,280,40,41
513,58.86398164678402,1764,2.0,0.6837319731712341,1129,393,92,45
471,58.86398164678402,1764,13.0,0.20103394985198975,1409,653,1018,589
487,58.89735125089217,1765,2.0,0.7328999638557434,532,441,84,70
497,58.89735125089217,1765,2.0,0.3616921007633209,374,382,58,59
499,58.89735125089217,1765,2.0,0.4594692885875702,321,283,43,43
513,58.89735125089217,1765,2.0,0.7482810020446777,1117,388,91,45
471,58.89735125089217,1765,13.0,0.34333333373069763,1406,651,1023,587
487,58.930720855000324,1766,2.0,0.7765933275222778,535,447,83,68
497,58.930720855000324,1766,2.0,0.7107886672019958,378,385,61,59
499,58.930720855000324,1766,2.0,0.5651081800460815,324,286,49,45
513,58.930720855000324,1766,2.0,0.865756630897522,1107,384,91,44
471,58.930720855000324,1766,13.0,0.32837915420532227,1404,651,1028,589
487,58.964090459108476,1767,2.0,0.7275153994560242,539,453,82,69
497,58.964090459108476,1767,2.0,0.6646376848220825,380,388,62,58
499,58.964090459108476,1767,2.0,0.5531979203224182,326,289,52,45
513,58.964090459108476,1767,2.0,0.7830147743225098,1095,381,87,45
471,58.964090459108476,1767,13.0,0.24461598694324493,1405,650,1024,586
487,58.997460063216636,1768,2.0,0.5457968711853027,545,458,83,71
497,58.997460063216636,1768,2.0,0.6781355142593384,380,392,61,60
499,58.997460063216636,1768,2.0,0.47136273980140686,327,291,54,46
513,58.997460063216636,1768,2.0,0.7595673203468323,1085,375,87,45
471,58.997460063216636,1768,13.0,0.43866071105003357,1404,649,1026,593
487,59.03082966732479,1769,2.0,0.6912222504615784,550,463,85,77
497,59.03082966732479,1769,2.0,0.6496374607086182,381,396,61,62
499,59.03082966732479,1769,2.0,0.5724018216133118,328,292,54,46
513,59.03082966732479,1769,2.0,0.787186861038208,1074,372,87,43
471,59.03082966732479,1769,13.0,0.40117156505584717,1404,647,1026,594
487,59.06419927143294,1770,2.0,0.7509080767631531,555,470,86,76
497,59.06419927143294,1770,2.0,0.6254347562789917,384,399,64,65
499,59.06419927143294,1770,2.0,0.5309149026870728,328,294,53,44
513,59.06419927143294,1770,2.0,0.7488361597061157,1063,369,87,44
471,59.06419927143294,1770,13.0,0.45388558506965637,1404,647,1028,596
487,59.09756887554109,1771,2.0,0.5449726581573486,561,477,88,76
497,59.09756887554109,1771,2.0,0.5650362372398376,385,402,59,65
499,59.09756887554109,1771,2.0,0.6858795881271362,329,297,53,42
513,59.09756887554109,1771,2.0,0.8029166460037231,1054,366,85,45
471,59.09756887554109,1771,13.0,0.462734580039978,1403,646,1029,596
487,59.13093847964925,1772,2.0,0.5292457938194275,567,483,90,79
497,59.13093847964925,1772,2.0,0.46296095848083496,390,407,65,65
499,59.13093847964925,1772,2.0,0.6892659664154053,330,299,51,40
513,59.13093847964925,1772,2.0,0.7812776565551758,1045,362,85,45
471,59.13093847964925,1772,13.0,0.46252280473709106,1403,646,1029,597
487,59.164308083757405,1773,2.0,0.6604564785957336,572,490,89,81
497,59.164308083757405,1773,2.0,0.5276550054550171,392,411,66,66
499,59.164308083757405,1773,2.0,0.7029666900634766,330,302,48,38
513,59.164308083757405,1773,2.0,0.7562236189842224,1036,360,85,45
471,59.164308083757405,1773,13.0,0.4437691867351532,1404,642,1027,599
487,59.19767768786556,1774,2.0,0.7076647877693176,579,499,94,81
497,59.19767768786556,1774,2.0,0.6952961683273315,392,417,63,68
499,59.19767768786556,1774,2.0,0.6510615944862366,330,304,46,37
513,59.19767768786556,1774,2.0,0.6413824558258057,1025,358,80,43
471,59.19767768786556,1774,13.0,0.36213454604148865,1405,642,1025,601
487,59.23104729197371,1775,2.0,0.5952637791633606,585,506,93,82
497,59.23104729197371,1775,2.0,0.5951607823371887,395,420,61,69
499,59.23104729197371,1775,2.0,0.6580995321273804,334,306,51,39
513,59.23104729197371,1775,2.0,0.6451281905174255,1015,352,78,41
471,59.23104729197371,1775,13.0,0.31834524869918823,1405,642,1025,600
487,59.26441689608187,1776,2.0,0.612606406211853,591,512,94,84
497,59.26441689608187,1776,2.0,0.6749826073646545,399,424,64,68
499,59.26441689608187,1776,2.0,0.6801653504371643,337,308,53,41
513,59.26441689608187,1776,2.0,0.78400719165802,1007,349,76,40
471,59.26441689608187,1776,13.0,0.2507993280887604,1405,648,1025,611
487,59.29778650019002,1777,2.0,0.559476912021637,598,520,95,84
497,59.29778650019002,1777,2.0,0.6509866118431091,403,429,66,68
499,59.29778650019002,1777,2.0,0.6733314394950867,341,310,57,43
513,59.29778650019002,1777,2.0,0.7743023633956909,1000,346,79,39
471,59.29778650019002,1777,13.0,0.21506862342357635,1405,649,1025,616
487,59.331156104298174,1778,2.0,0.6582010388374329,605,530,94,88
497,59.331156104298174,1778,2.0,0.6302065253257751,405,433,66,68
499,59.331156104298174,1778,2.0,0.6578390002250671,345,312,65,45
513,59.331156104298174,1778,2.0,0.754540205001831,989,342,76,39
471,59.331156104298174,1778,13.0,0.2962890565395355,1406,644,1024,607
487,59.36452570840633,1779,2.0,0.6586999297142029,612,537,96,89
497,59.36452570840633,1779,2.0,0.7199831008911133,408,439,68,70
499,59.36452570840633,1779,2.0,0.6189448833465576,346,314,62,44
513,59.36452570840633,1779,2.0,0.7903417348861694,980,339,75,39
471,59.36452570840633,1779,13.0,0.3082906901836395,1408,644,1019,602
487,59.397895312514486,1780,2.0,0.558413028717041,620,544,100,89
497,59.397895312514486,1780,2.0,0.6834574937820435,411,444,69,73
499,59.397895312514486,1780,2.0,0.6858884692192078,346,316,61,45
513,59.397895312514486,1780,2.0,0.7407264113426208,973,336,74,40
471,59.397895312514486,1780,13.0,0.34176793694496155,1412,644,1012,598
487,59.43126491662264,1781,2.0,0.7391546368598938,627,554,101,93
497,59.43126491662264,1781,2.0,0.7174975275993347,414,448,69,75
499,59.43126491662264,1781,2.0,0.6681022644042969,350,319,68,47
513,59.43126491662264,1781,2.0,0.6329391002655029,966,334,78,40
471,59.43126491662264,1781,13.0,0.3539351522922516,1411,642,1014,600
487,59.46463452073079,1782,2.0,0.6302856802940369,636,563,105,94
497,59.46463452073079,1782,2.0,0.6267849802970886,415,453,69,74
499,59.46463452073079,1782,2.0,0.5524600148200989,354,322,74,50
513,59.46463452073079,1782,2.0,0.6621385812759399,957,331,74,38
471,59.46463452073079,1782,13.0,0.32806235551834106,1409,641,1018,604
487,59.49800412483895,1783,2.0,0.7145305871963501,644,573,108,97
497,59.49800412483895,1783,2.0,0.5190406441688538,419,458,70,75
499,59.49800412483895,1783,2.0,0.5307618975639343,356,324,74,52
513,59.49800412483895,1783,2.0,0.49670132994651794,950,327,73,36
471,59.49800412483895,1783,13.0,0.32315686345100403,1405,634,1025,614
487,59.5313737289471,1784,2.0,0.5845963358879089,655,585,114,101
497,59.5313737289471,1784,2.0,0.6339431405067444,423,465,72,76
499,59.5313737289471,1784,2.0,0.521409273147583,357,327,77,54
513,59.5313737289471,1784,2.0,0.5180942416191101,941,324,69,36
471,59.5313737289471,1784,13.0,0.3021184504032135,1404,631,1028,622
487,59.564743333055254,1785,2.0,0.7397702932357788,663,595,116,107
497,59.564743333055254,1785,2.0,0.6619187593460083,428,470,75,78
499,59.564743333055254,1785,2.0,0.5536389350891113,358,329,73,53
513,59.564743333055254,1785,2.0,0.5749868154525757,934,322,71,36
471,59.564743333055254,1785,13.0,0.3604019582271576,1402,627,1031,630
532,59.564743333055254,1785,2.0,0.5577998757362366,446,471,110,79
487,59.59811293716341,1786,2.0,0.6583754420280457,672,605,120,108
497,59.59811293716341,1786,2.0,0.6449443697929382,431,475,75,79
499,59.59811293716341,1786,2.0,0.5407980680465698,360,332,75,54
513,59.59811293716341,1786,2.0,0.7328062057495117,926,320,69,36
471,59.59811293716341,1786,13.0,0.3510233759880066,1401,630,1033,627
532,59.59811293716341,1786,2.0,0.2164212316274643,444,472,107,80
487,59.631482541271566,1787,2.0,0.6607812643051147,681,618,119,110
497,59.631482541271566,1787,2.0,0.6051814556121826,434,481,75,81
499,59.631482541271566,1787,2.0,0.5417426824569702,363,334,77,54
513,59.631482541271566,1787,2.0,0.7375836372375488,919,317,68,37
471,59.631482541271566,1787,13.0,0.3281191289424896,1397,626,1040,639
532,59.631482541271566,1787,2.0,0.19361938536167145,446,479,106,84
487,59.66485214537972,1788,7.0,0.44256991147994995,692,628,124,112
497,59.66485214537972,1788,2.0,0.6679079532623291,438,487,80,84
499,59.66485214537972,1788,2.0,0.5794125199317932,360,337,68,53
513,59.66485214537972,1788,2.0,0.7262769937515259,912,315,68,38
471,59.66485214537972,1788,13.0,0.3475721478462219,1400,632,1035,627
487,59.69822174948787,1789,2.0,0.728482186794281,702,641,125,116
497,59.69822174948787,1789,2.0,0.6955279111862183,442,494,84,84
499,59.69822174948787,1789,2.0,0.6388372778892517,362,338,71,54
513,59.69822174948787,1789,2.0,0.7185361981391907,904,312,66,37
471,59.69822174948787,1789,13.0,0.2794644236564636,1403,635,1029,619
487,59.73159135359602,1790,2.0,0.520412802696228,712,653,129,120
497,59.73159135359602,1790,2.0,0.4898230731487274,445,500,85,87
499,59.73159135359602,1790,2.0,0.6407884359359741,366,340,72,56
513,59.73159135359602,1790,2.0,0.620991587638855,899,309,67,35
471,59.73159135359602,1790,13.0,0.3002401292324066,1401,626,1033,635
532,59.73159135359602,1790,2.0,0.5087928771972656,469,500,133,94
487,59.76496095770418,1791,2.0,0.5719739198684692,722,667,133,122
499,59.76496095770418,1791,2.0,0.6914267539978027,367,344,71,53
513,59.76496095770418,1791,2.0,0.6578482389450073,890,308,65,32
471,59.76496095770418,1791,13.0,0.2632228434085846,1400,627,1034,632
532,59.76496095770418,1791,2.0,0.4546107351779938,468,506,121,95
487,59.798330561812335,1792,2.0,0.5675061941146851,736,681,137,127
499,59.798330561812335,1792,2.0,0.6869234442710876,367,348,65,52
513,59.798330561812335,1792,2.0,0.6941342353820801,884,305,67,31
471,59.798330561812335,1792,13.0,0.20754116773605347,1399,625,1036,637
532,59.798330561812335,1792,2.0,0.235444113612175,477,510,131,99
497,59.798330561812335,1792,2.0,0.5359781980514526,454,513,85,91
487,59.83170016592049,1793,7.0,0.4670349955558777,748,695,138,130
499,59.83170016592049,1793,2.0,0.6013750433921814,369,351,68,54
513,59.83170016592049,1793,2.0,0.6769724488258362,877,303,64,30
471,59.83170016592049,1793,13.0,0.15847809612751007,1400,626,1035,635
532,59.83170016592049,1793,7.0,0.1477002650499344,474,516,118,101
497,59.83170016592049,1793,2.0,0.5134185552597046,460,520,87,92
487,59.86506977002864,1794,2.0,0.6092728972434998,761,710,144,134
499,59.86506977002864,1794,2.0,0.688727080821991,371,355,67,54
513,59.86506977002864,1794,2.0,0.628163754940033,871,300,61,31
471,59.86506977002864,1794,13.0,0.17888261377811432,1401,627,1033,629
497,59.86506977002864,1794,2.0,0.7129397988319397,464,528,89,94
487,59.8984393741368,1795,2.0,0.7138243317604065,776,726,147,137
499,59.8984393741368,1795,2.0,0.6166678667068481,370,357,61,56
513,59.8984393741368,1795,2.0,0.45854452252388,864,298,65,33
471,59.8984393741368,1795,13.0,0.2056979238986969,1400,625,1034,635
497,59.8984393741368,1795,2.0,0.7319632768630981,467,535,91,95
487,59.93180897824495,1796,2.0,0.6323052048683167,790,744,153,143
499,59.93180897824495,1796,2.0,0.5751555562019348,370,360,60,56
513,59.93180897824495,1796,2.0,0.6197295188903809,858,296,64,33
471,59.93180897824495,1796,13.0,0.22735942900180817,1402,631,1030,623
497,59.93180897824495,1796,2.0,0.7063214182853699,472,544,92,97
487,59.965178582353104,1797,2.0,0.7374606728553772,805,761,156,150
499,59.965178582353104,1797,2.0,0.5728067755699158,372,363,58,58
513,59.965178582353104,1797,2.0,0.7479431629180908,853,293,65,34
471,59.965178582353104,1797,13.0,0.286052942276001,1403,633,1029,619
497,59.965178582353104,1797,2.0,0.6779199838638306,475,551,94,100
487,59.99854818646126,1798,2.0,0.641996443271637,822,779,162,152
499,59.99854818646126,1798,2.0,0.5506665706634521,375,365,61,59
513,59.99854818646126,1798,2.0,0.7386454939842224,845,291,61,34
471,59.99854818646126,1798,13.0,0.2047332227230072,1407,637,1022,621
497,59.99854818646126,1798,2.0,0.7333556413650513,481,559,94,102
